patient_id,age,gender,cancer_type,cancer_stage,tumor_size_cm,smoking_status,alcohol_use,family_history,bmi,diagnosis_date,treatment_type,hospital_visits_per_year,followup_months,survival_status,risk_level
ONC-06075,51,Female,Brain,Stage Ii,0.1,Current,Occasional,Yes,31.4,2015-02-14,Chemotherapy,6,0,Deceased,Medium
ONC-06427,55,Female,Brain,Stage I,7.9,Current,Heavy,Yes,28.2,2015-12-20,Radiation Therapy,11,29,Alive,Low
ONC-05756,40,Male,Skin (Melanoma),Stage Ii,3.9,Current,Occasional,Yes,24.4,2016-09-12,Radiation Therapy,8,14,Deceased,Medium
ONC-04140,53,Male,Blood (Leukemia),Stage Ii,2.0,Current,Heavy,No,22.5,2021-01-14,Radiation Therapy,4,7,Alive,Medium
ONC-06998,61,Male,Lung,Stage Iv,2.7,Never,Regular,No,18.9,2022-02-15,Immunotherapy,9,2,Alive,Critical
ONC-04387,63,Male,Colorectal,Stage Iv,0.1,Former,Occasional,No,15.3,2021-07-06,Palliative Care,3,3,Alive,High
ONC-04280,46,Male,Lung,Stage Iv,2.8,Current,Heavy,Yes,30.9,2019-05-05,Radiation Therapy,3,16,Alive,Critical
ONC-07175,73,Other,Skin (Melanoma),Stage Iv,1.1,Former,Regular,Yes,20.5,2024-11-19,Immunotherapy,5,16,Alive,Critical
ONC-03837,50,Male,Blood (Leukemia),Stage Ii,4.9,Current,Heavy,Yes,30.3,2022-07-25,Surgery,6,25,Alive,Low
ONC-02655,37,Male,Skin (Melanoma),Stage Iii,3.3,Former,Regular,Yes,22.8,2021-12-01,Chemotherapy,6,75,Alive,Critical
ONC-04485,57,Male,Colorectal,Stage Iv,0.5,Former,Heavy,Yes,31.8,2017-12-01,Surgery,10,30,Deceased,Critical
ONC-04292,73,Female,Brain,Stage Ii,6.0,Never,Heavy,Yes,25.5,2024-02-10,Immunotherapy,5,11,Alive,High
ONC-02628,59,Female,Colorectal,Stage Iii,2.2,Former,Heavy,No,31.5,2024-09-01,Combination Therapy,4,22,Deceased,Low
ONC-01686,68,Female,Prostate,Stage Ii,1.5,Former,Occasional,Yes,29.6,2019-09-08,Surgery,7,8,Deceased,Medium
ONC-00765,26,Male,Colorectal,Stage Ii,0.3,Former,Regular,Yes,17.2,2022-03-24,Surgery,4,22,Deceased,Low
ONC-04490,63,Female,Ovarian,Stage Iii,4.8,Former,Heavy,Yes,34.7,2019-06-05,Chemotherapy,2,5,Deceased,Low
ONC-03586,65,Other,Ovarian,Stage Ii,2.1,Former,Regular,No,18.6,2021-05-07,Radiation Therapy,5,12,Alive,Low
ONC-01404,42,Male,Colorectal,Stage Ii,16.1,Former,Regular,Yes,17.9,2017-06-08,Radiation Therapy,11,4,Alive,Low
ONC-07135,64,Male,Liver,Stage Iv,6.3,Current,Regular,Yes,31.7,2022-01-13,Immunotherapy,1,7,Alive,High
ONC-02254,62,Other,Liver,Stage Iii,0.4,Current,Regular,No,28.8,2021-07-15,Radiation Therapy,9,1,Alive,High
ONC-06264,55,Female,Breast,Stage Iii,4.6,Current,Occasional,Yes,29.0,2015-02-16,Combination Therapy,4,22,Alive,High
ONC-01431,58,Female,Brain,Stage Iv,14.3,Never,Heavy,No,28.9,2019-05-16,Combination Therapy,7,1,Deceased,Critical
ONC-02924,42,Female,Liver,Stage Iv,2.4,Never,Occasional,No,24.3,2021-03-07,Combination Therapy,4,1,Deceased,Critical
ONC-00509,56,Other,Colorectal,Stage Iii,8.5,Never,Heavy,No,24.8,2017-11-30,Radiation Therapy,4,18,Alive,High
ONC-03389,63,Female,Breast,Stage I,0.6,Current,Heavy,Yes,31.7,2018-03-06,Palliative Care,9,0,Alive,Low
ONC-05489,28,Other,Liver,Stage Ii,7.4,Former,Regular,No,23.0,2023-04-16,Chemotherapy,6,14,Alive,Low
ONC-07326,55,Male,Ovarian,Stage I,4.2,Current,Occasional,Yes,14.9,2015-12-24,Chemotherapy,2,10,Alive,High
ONC-02089,45,Female,Brain,Stage Iii,7.9,Never,Heavy,Yes,26.5,2018-08-16,Radiation Therapy,12,28,Alive,High
ONC-02900,87,Other,Breast,Stage Iii,0.4,Current,Heavy,No,19.9,2015-01-05,Immunotherapy,6,17,Alive,Medium
ONC-06228,53,Other,Brain,Stage I,4.9,Never,Heavy,No,24.1,2023-10-24,Radiation Therapy,7,0,Alive,Low
ONC-07140,60,Male,Ovarian,Stage Iii,20.0,Former,Occasional,Yes,23.5,2023-09-30,Surgery,6,3,Alive,Medium
ONC-04306,69,Female,Breast,Stage Iv,9.0,Former,Regular,No,29.1,2022-05-10,Surgery,7,12,Alive,High
ONC-06575,64,Female,Breast,Stage Ii,3.6,Former,Regular,No,26.8,2017-02-21,Radiation Therapy,10,13,Alive,High
ONC-06191,81,Male,Skin (Melanoma),Stage Iii,4.4,Never,Regular,No,24.8,2021-08-10,Combination Therapy,6,12,Alive,Medium
ONC-05361,72,Other,Skin (Melanoma),Stage Iii,7.8,Current,Regular,No,32.3,2023-04-23,Combination Therapy,5,5,Deceased,High
ONC-02165,32,Male,Breast,Stage I,3.6,Never,Occasional,No,20.9,2015-08-02,Radiation Therapy,6,13,Alive,Low
ONC-02840,45,Other,Colorectal,Stage I,2.5,Never,Heavy,No,33.1,2019-10-06,Surgery,4,32,Alive,High
ONC-04693,74,Other,Skin (Melanoma),Stage I,3.8,Never,Heavy,No,35.7,2022-02-01,Surgery,9,19,Deceased,Low
ONC-03037,55,Other,Brain,Stage Iii,4.5,Former,Occasional,Yes,34.3,2016-01-20,Immunotherapy,5,29,Alive,High
ONC-00855,68,Female,Breast,Stage Iii,5.3,Never,Regular,No,21.2,2017-11-19,Surgery,6,10,Alive,High
ONC-00949,73,Female,Liver,Stage Ii,5.5,Former,Heavy,Yes,21.8,2018-01-18,Immunotherapy,7,4,Alive,Medium
ONC-03686,79,Other,Lung,Stage Iii,2.9,Never,Occasional,No,31.4,2019-04-10,Chemotherapy,6,49,Alive,Medium
ONC-02743,26,Male,Liver,Stage Iii,7.5,Never,Heavy,No,24.6,2019-03-01,Immunotherapy,4,1,Deceased,High
ONC-05138,72,Male,Colorectal,Stage Iii,2.9,Never,Heavy,Yes,38.3,2017-10-03,Palliative Care,5,18,Alive,High
ONC-03366,35,Female,Skin (Melanoma),Stage Iii,0.7,Never,Heavy,No,20.2,2022-10-17,Radiation Therapy,7,7,Alive,Medium
ONC-05794,58,Female,Ovarian,Stage Ii,0.4,Former,Occasional,Yes,25.4,2020-07-03,Combination Therapy,4,35,Deceased,Low
ONC-01449,75,Female,Prostate,Stage Iv,2.7,Former,Occasional,No,19.0,2024-04-17,Radiation Therapy,1,30,Alive,Critical
ONC-05461,62,Male,Lung,Stage Iii,3.1,Former,Regular,No,27.5,2023-02-06,Surgery,3,2,Alive,Medium
ONC-01373,69,Male,Colorectal,Stage Iii,9.3,Current,Occasional,Yes,29.3,2022-09-25,Palliative Care,5,2,Alive,High
ONC-05998,62,Female,Pancreatic,Stage Iii,3.8,Never,Heavy,Yes,26.8,2015-03-16,Chemotherapy,8,10,Alive,High
ONC-06166,65,Male,Liver,Stage Iv,7.5,Former,Occasional,Yes,23.9,2017-06-11,Immunotherapy,3,15,Deceased,High
ONC-05204,36,Male,Brain,Stage Ii,1.6,Never,Heavy,Yes,26.9,2016-02-11,Palliative Care,6,4,Alive,Medium
ONC-01440,53,Other,Brain,Stage Iii,4.2,Former,Heavy,No,27.7,2015-08-21,Palliative Care,4,4,Alive,Medium
ONC-05140,43,Male,Lung,Stage Iii,3.4,Former,Occasional,No,22.7,2024-07-31,Surgery,5,6,Alive,High
ONC-06866,69,Female,Prostate,Stage Iv,5.8,Never,Regular,No,28.4,2022-03-28,Radiation Therapy,1,17,Alive,Critical
ONC-01173,63,Other,Ovarian,Stage Iv,0.2,Current,Regular,No,24.7,2018-12-21,Immunotherapy,3,3,Alive,Critical
ONC-03642,54,Male,Colorectal,Stage Ii,2.0,Current,Heavy,No,29.1,2016-04-15,Radiation Therapy,4,1,Deceased,Medium
ONC-04272,37,Male,Blood (Leukemia),Stage Ii,3.3,Current,Heavy,Yes,31.8,2020-11-07,Palliative Care,4,33,Alive,Medium
ONC-00538,66,Other,Pancreatic,Stage Ii,2.5,Former,Regular,No,29.1,2018-02-01,Combination Therapy,5,6,Deceased,Medium
ONC-03657,42,Other,Skin (Melanoma),Stage Iii,1.6,Current,Heavy,No,28.4,2021-12-10,Radiation Therapy,6,3,Deceased,High
ONC-04463,73,Female,Skin (Melanoma),Stage I,2.5,Former,Regular,No,25.5,2022-08-26,Palliative Care,8,18,Alive,Low
ONC-04337,73,Female,Blood (Leukemia),Stage Iii,2.0,Current,Heavy,Yes,29.8,2020-08-26,Palliative Care,6,7,Alive,High
ONC-06699,54,Other,Ovarian,Stage Iv,0.4,Former,Regular,Yes,34.5,2018-04-03,Surgery,8,7,Alive,High
ONC-02779,34,Female,Colorectal,Stage Iv,2.2,Current,Heavy,No,16.7,2023-06-05,Immunotherapy,3,35,Alive,Critical
ONC-07271,66,Female,Ovarian,Stage Iv,6.3,Current,Regular,Yes,24.4,2021-04-27,Immunotherapy,6,4,Alive,Critical
ONC-05867,64,Other,Lung,Stage I,6.4,Former,Regular,Yes,25.0,2018-06-02,Palliative Care,3,1,Alive,Medium
ONC-06085,66,Female,Lung,Stage Ii,1.8,Never,Regular,No,22.0,2017-10-20,Palliative Care,5,4,Alive,Medium
ONC-05342,46,Female,Liver,Stage Iii,17.1,Never,Occasional,Yes,32.6,2020-06-05,Chemotherapy,6,69,Alive,Medium
ONC-04761,81,Female,Brain,Stage Iii,4.7,Current,Regular,No,26.7,2021-12-11,Surgery,2,8,Deceased,Medium
ONC-00122,50,Other,Prostate,Stage Ii,12.2,Never,Occasional,Yes,27.7,2018-09-07,Chemotherapy,3,10,Deceased,Low
ONC-01127,62,Other,Skin (Melanoma),Stage Iii,2.6,Former,Heavy,Yes,25.5,2021-05-12,Radiation Therapy,8,9,Alive,High
ONC-02917,75,Female,Lung,Stage Iv,0.3,Never,Regular,No,26.0,2016-03-12,Chemotherapy,8,13,Deceased,Critical
ONC-05523,52,Female,Pancreatic,Stage I,0.6,Current,Heavy,Yes,18.6,2024-08-13,Palliative Care,3,5,Alive,Critical
ONC-05184,25,Female,Prostate,Stage Iv,3.7,Never,Regular,Yes,25.0,2022-10-19,Palliative Care,3,19,Deceased,Critical
ONC-03599,65,Male,Ovarian,Stage Iii,0.6,Former,Occasional,Yes,20.7,2019-01-22,Surgery,12,11,Alive,High
ONC-06642,64,Other,Lung,Stage Iii,3.8,Current,Occasional,Yes,19.6,2021-11-17,Combination Therapy,7,7,Alive,Critical
ONC-06005,88,Male,Skin (Melanoma),Stage Iv,0.5,Never,Heavy,Yes,24.1,2023-12-21,Palliative Care,4,6,Alive,Critical
ONC-00727,53,Female,Prostate,Stage I,2.8,Current,Regular,Yes,29.8,2024-02-29,Immunotherapy,6,8,Deceased,Low
ONC-03253,53,Female,Liver,Stage Iii,2.6,Former,Regular,No,29.7,2020-03-15,Combination Therapy,8,18,Alive,Low
ONC-06123,79,Other,Brain,Stage Ii,0.4,Former,Regular,No,17.1,2023-05-17,Surgery,2,3,Alive,Low
ONC-04944,72,Other,Pancreatic,Stage Iii,5.8,Current,Regular,No,23.7,2020-08-30,Chemotherapy,3,19,Alive,High
ONC-05923,60,Female,Breast,Stage Iv,2.8,Current,Regular,Yes,24.5,2024-09-25,Radiation Therapy,4,30,Alive,Critical
ONC-06013,44,Other,Lung,Stage Ii,4.9,Current,Regular,Yes,27.5,2019-01-07,Combination Therapy,7,9,Alive,Medium
ONC-01843,51,Other,Colorectal,Stage Ii,0.6,Current,Regular,No,23.6,2024-04-23,Chemotherapy,1,27,Deceased,Medium
ONC-00600,44,Other,Ovarian,Stage I,9.4,Current,Regular,No,34.4,2021-10-29,Radiation Therapy,6,1,Alive,Low
ONC-05404,44,Male,Brain,Stage Ii,0.3,Current,Regular,Yes,29.7,2021-03-10,Immunotherapy,10,41,Alive,High
ONC-03352,64,Male,Ovarian,Stage Iii,3.5,Never,Occasional,No,26.2,2019-08-07,Chemotherapy,7,10,Alive,Critical
ONC-04371,64,Male,Colorectal,Stage Iii,1.2,Former,Occasional,No,21.2,2020-03-12,Radiation Therapy,7,3,Alive,Medium
ONC-00401,85,Other,Skin (Melanoma),Stage Iv,2.5,Current,Regular,No,18.6,2024-12-16,Palliative Care,2,6,Deceased,Critical
ONC-06995,45,Male,Brain,Stage Iv,2.5,Current,Regular,Yes,33.1,2020-02-11,Surgery,5,9,Deceased,High
ONC-04597,66,Male,Prostate,Stage Iii,2.4,Current,Occasional,Yes,28.3,2020-09-13,Surgery,5,12,Deceased,High
ONC-01506,42,Other,Ovarian,Stage Ii,2.5,Never,Occasional,No,22.4,2020-03-12,Combination Therapy,4,16,Deceased,Low
ONC-04821,35,Female,Pancreatic,Stage Iv,1.2,Never,Regular,No,19.0,2024-07-14,Palliative Care,10,1,Alive,Critical
ONC-06641,53,Male,Pancreatic,Stage Iii,0.6,Never,Heavy,Yes,28.1,2023-01-21,Palliative Care,5,6,Alive,Medium
ONC-06968,83,Other,Colorectal,Stage Iv,1.4,Current,Heavy,Yes,27.2,2017-04-16,Combination Therapy,3,41,Alive,Critical
ONC-00895,71,Male,Lung,Stage Iii,2.8,Never,Regular,No,35.6,2017-03-07,Palliative Care,9,0,Alive,Low
ONC-03612,55,Male,Colorectal,Stage Iii,0.4,Current,Occasional,No,25.4,2016-10-12,Surgery,6,52,Deceased,Medium
ONC-03087,86,Other,Blood (Leukemia),Stage Iii,5.3,Current,Occasional,No,25.6,2018-03-06,Radiation Therapy,5,19,Deceased,Critical
ONC-04742,57,Female,Colorectal,Stage Ii,0.7,Former,Heavy,Yes,31.2,2015-07-07,Palliative Care,7,2,Alive,Low
ONC-03440,38,Female,Brain,Stage I,0.1,Current,Regular,No,24.9,2015-11-01,Combination Therapy,6,6,Alive,Low
ONC-02199,44,Female,Prostate,Stage I,2.8,Never,Occasional,No,34.4,2017-03-03,Combination Therapy,6,5,Alive,Low
ONC-01258,71,Female,Liver,Stage Iii,0.3,Never,Occasional,Yes,28.0,2024-11-17,Radiation Therapy,13,11,Alive,High
ONC-05351,54,Female,Brain,Stage Iv,0.3,Former,Heavy,No,24.2,2015-11-15,Surgery,2,9,Alive,Critical
ONC-06230,30,Male,Prostate,Stage Iii,4.2,Never,Heavy,Yes,24.3,2024-05-28,Surgery,6,17,Deceased,High
ONC-02479,65,Male,Lung,Stage Iv,5.4,Former,Heavy,Yes,27.2,2019-05-02,Palliative Care,7,4,Alive,Critical
ONC-00998,60,Other,Breast,Stage I,3.1,Former,Regular,Yes,27.1,2019-09-29,Palliative Care,10,26,Alive,High
ONC-01287,53,Male,Ovarian,Stage Ii,0.8,Never,Occasional,No,21.2,2016-12-31,Radiation Therapy,5,18,Alive,Low
ONC-07382,61,Male,Liver,Stage Iii,0.4,Former,Occasional,Yes,31.1,2022-03-25,Surgery,7,14,Alive,High
ONC-03416,63,Male,Breast,Stage Ii,5.3,Current,Occasional,No,26.7,2016-01-09,Palliative Care,2,11,Deceased,Low
ONC-05608,57,Other,Liver,Stage Ii,3.3,Never,Heavy,No,28.6,2019-08-22,Surgery,8,25,Alive,Medium
ONC-03334,54,Other,Skin (Melanoma),Stage Ii,1.4,Current,Occasional,No,29.5,2022-01-10,Palliative Care,5,30,Deceased,Medium
ONC-06645,61,Female,Breast,Stage Iv,0.7,Never,Regular,No,16.9,2016-05-20,Chemotherapy,11,63,Alive,Medium
ONC-07062,17,Female,Colorectal,Stage I,4.1,Current,Occasional,No,22.0,2024-11-07,Chemotherapy,5,4,Deceased,Medium
ONC-05052,62,Female,Pancreatic,Stage Iii,6.6,Never,Regular,No,37.2,2019-12-25,Immunotherapy,2,0,Alive,Critical
ONC-03892,68,Female,Liver,Stage I,11.6,Current,Regular,No,29.8,2023-03-28,Chemotherapy,5,1,Alive,High
ONC-00340,65,Other,Liver,Stage Iii,0.4,Never,Regular,Yes,28.5,2015-03-31,Surgery,4,15,Alive,High
ONC-00035,81,Male,Ovarian,Stage Iv,4.9,Never,Heavy,No,23.8,2015-06-30,Surgery,6,1,Alive,High
ONC-01917,67,Male,Brain,Stage I,2.0,Current,Heavy,Yes,25.1,2015-05-12,Surgery,8,29,Deceased,Low
ONC-04849,60,Female,Liver,Stage I,0.3,Current,Regular,No,22.2,2023-10-09,Radiation Therapy,7,43,Alive,Low
ONC-00498,69,Male,Colorectal,Stage Iv,3.0,Current,Occasional,No,33.0,2017-04-26,Chemotherapy,4,24,Alive,Critical
ONC-03372,60,Female,Liver,Stage Iv,1.6,Current,Regular,Yes,27.4,2016-08-14,Immunotherapy,3,29,Alive,High
ONC-03984,14,Female,Lung,Stage Iv,9.6,Never,Occasional,Yes,19.3,2022-08-09,Radiation Therapy,5,23,Alive,High
ONC-06898,54,Other,Skin (Melanoma),Stage I,1.9,Former,Occasional,Yes,29.2,2017-04-11,Combination Therapy,9,1,Alive,Low
ONC-06906,62,Male,Brain,Stage I,9.8,Former,Occasional,No,19.4,2022-10-12,Combination Therapy,8,10,Alive,High
ONC-05667,40,Male,Pancreatic,Stage Iii,2.9,Former,Heavy,Yes,26.7,2015-07-13,Palliative Care,7,17,Alive,Medium
ONC-06905,54,Other,Breast,Stage Iii,1.5,Former,Heavy,Yes,20.5,2021-07-19,Radiation Therapy,9,1,Alive,Critical
ONC-05073,60,Female,Blood (Leukemia),Stage I,1.9,Former,Heavy,No,12.0,2016-04-16,Chemotherapy,4,104,Alive,Low
ONC-05275,54,Male,Prostate,Stage Iv,9.1,Current,Regular,Yes,27.8,2024-09-17,Combination Therapy,8,2,Alive,Medium
ONC-00523,56,Other,Skin (Melanoma),Stage Ii,1.4,Former,Occasional,No,27.2,2024-11-22,Combination Therapy,6,0,Alive,High
ONC-00806,47,Male,Pancreatic,Stage Iii,1.2,Current,Regular,Yes,28.1,2020-11-12,Immunotherapy,9,2,Alive,Medium
ONC-06353,83,Other,Breast,Stage Iv,4.9,Never,Regular,No,26.6,2023-10-07,Immunotherapy,6,8,Alive,Critical
ONC-04012,76,Female,Colorectal,Stage Ii,11.0,Never,Occasional,No,28.6,2023-04-06,Radiation Therapy,7,10,Alive,Medium
ONC-00270,43,Male,Skin (Melanoma),Stage Iii,2.0,Never,Occasional,No,21.2,2018-02-04,Immunotherapy,4,70,Alive,Medium
ONC-00915,66,Female,Breast,Stage Iv,5.4,Former,Occasional,No,29.2,2019-10-10,Palliative Care,9,22,Deceased,Critical
ONC-07264,61,Other,Ovarian,Stage Iv,1.9,Never,Regular,No,31.1,2015-09-06,Combination Therapy,9,33,Deceased,High
ONC-02913,73,Female,Liver,Stage Ii,4.3,Never,Regular,Yes,31.6,2017-01-08,Chemotherapy,9,6,Alive,Low
ONC-02390,50,Female,Lung,Stage Iii,1.1,Former,Regular,Yes,26.8,2018-07-11,Chemotherapy,7,4,Alive,High
ONC-06185,78,Other,Breast,Stage I,0.9,Never,Regular,No,26.0,2024-11-20,Immunotherapy,5,23,Alive,Low
ONC-02901,69,Male,Blood (Leukemia),Stage I,3.4,Never,Regular,No,35.1,2018-07-25,Surgery,9,15,Alive,Low
ONC-00533,56,Male,Blood (Leukemia),Stage I,1.4,Never,Occasional,No,33.3,2018-08-22,Surgery,5,2,Alive,Medium
ONC-03332,71,Male,Breast,Stage Iv,1.3,Current,Heavy,Yes,19.6,2019-04-29,Palliative Care,4,7,Deceased,High
ONC-02856,43,Male,Breast,Stage I,7.0,Former,Regular,Yes,15.7,2020-11-11,Immunotherapy,7,7,Alive,Medium
ONC-04589,62,Female,Ovarian,Stage Ii,0.4,Former,Occasional,No,31.2,2019-12-22,Immunotherapy,6,39,Alive,High
ONC-03572,58,Other,Colorectal,Stage Ii,1.8,Current,Regular,Yes,26.3,2020-07-01,Palliative Care,12,5,Alive,High
ONC-00565,31,Female,Brain,Stage Ii,0.1,Never,Regular,Yes,27.1,2018-06-03,Immunotherapy,5,23,Alive,High
ONC-03162,36,Male,Brain,Stage Iv,0.9,Never,Occasional,No,20.3,2015-08-15,Immunotherapy,6,89,Alive,High
ONC-06054,63,Other,Prostate,Stage Ii,0.6,Current,Occasional,Yes,26.0,2020-05-23,Immunotherapy,7,3,Deceased,Medium
ONC-03396,28,Female,Prostate,Stage I,15.3,Former,Occasional,No,23.6,2023-11-17,Combination Therapy,7,36,Deceased,Low
ONC-01117,47,Other,Colorectal,Stage Iv,1.6,Never,Regular,Yes,28.7,2016-08-11,Palliative Care,2,0,Alive,Critical
ONC-02899,67,Female,Brain,Stage I,4.2,Never,Heavy,No,32.2,2023-09-22,Immunotherapy,7,11,Alive,Medium
ONC-02104,51,Female,Colorectal,Stage Iv,0.7,Current,Occasional,No,28.0,2016-12-21,Palliative Care,9,69,Alive,Critical
ONC-00421,62,Female,Pancreatic,Stage Iv,2.0,Former,Regular,Yes,26.8,2020-07-30,Palliative Care,6,2,Alive,Medium
ONC-01208,37,Male,Liver,Stage I,1.1,Current,Occasional,Yes,21.6,2015-11-10,Surgery,5,4,Alive,Critical
ONC-02525,39,Male,Pancreatic,Stage I,0.2,Current,Occasional,Yes,28.1,2023-01-15,Radiation Therapy,3,40,Alive,Low
ONC-03948,69,Male,Brain,Stage I,2.6,Never,Occasional,No,26.8,2015-10-27,Chemotherapy,7,5,Deceased,Medium
ONC-04182,56,Other,Colorectal,Stage Iii,0.9,Never,Heavy,Yes,17.1,2016-04-24,Combination Therapy,6,88,Deceased,Critical
ONC-04042,61,Male,Lung,Stage Iv,2.2,Current,Heavy,Yes,27.7,2016-06-30,Immunotherapy,7,51,Alive,Critical
ONC-05693,58,Female,Pancreatic,Stage Ii,1.0,Former,Occasional,No,32.7,2016-12-06,Combination Therapy,8,0,Alive,Medium
ONC-04038,47,Male,Blood (Leukemia),Stage I,0.5,Never,Heavy,No,20.1,2022-02-16,Radiation Therapy,4,4,Alive,Medium
ONC-05336,65,Male,Colorectal,Stage Iv,1.4,Former,Occasional,No,27.7,2018-02-27,Immunotherapy,11,4,Deceased,Critical
ONC-06606,89,Other,Ovarian,Stage Iv,0.2,Never,Regular,No,30.0,2022-12-02,Surgery,9,23,Alive,Medium
ONC-06102,79,Other,Skin (Melanoma),Stage Iii,0.4,Former,Regular,No,23.4,2015-01-13,Palliative Care,3,39,Alive,High
ONC-03570,55,Other,Brain,Stage I,1.6,Current,Occasional,No,23.2,2020-12-20,Immunotherapy,12,20,Alive,Medium
ONC-06845,56,Other,Ovarian,Stage Iv,3.7,Former,Heavy,No,27.0,2020-09-17,Palliative Care,9,12,Alive,Critical
ONC-02867,60,Male,Prostate,Stage Iv,1.2,Former,Heavy,No,25.5,2020-10-21,Radiation Therapy,5,10,Alive,Critical
ONC-04873,65,Female,Breast,Stage I,1.4,Current,Occasional,Yes,28.6,2018-01-02,Immunotherapy,6,11,Alive,Medium
ONC-02592,49,Female,Breast,Stage I,0.3,Former,Heavy,No,26.8,2018-02-11,Radiation Therapy,5,0,Alive,Low
ONC-04080,39,Male,Blood (Leukemia),Stage Iii,4.7,Current,Regular,Yes,23.3,2018-01-14,Radiation Therapy,7,22,Deceased,High
ONC-06165,51,Female,Lung,Stage Ii,2.4,Former,Regular,Yes,25.0,2020-05-03,Chemotherapy,5,6,Alive,Medium
ONC-05364,75,Male,Skin (Melanoma),Stage Iii,2.0,Current,Heavy,No,28.1,2023-09-05,Combination Therapy,4,57,Alive,Low
ONC-01850,58,Other,Breast,Stage Ii,3.8,Former,Occasional,No,36.6,2023-11-24,Surgery,1,20,Alive,Medium
ONC-02521,64,Other,Brain,Stage I,6.1,Never,Regular,Yes,30.7,2020-06-02,Palliative Care,11,4,Alive,Medium
ONC-03887,80,Female,Blood (Leukemia),Stage Ii,3.2,Never,Occasional,Yes,20.4,2016-05-20,Surgery,5,0,Deceased,Medium
ONC-03371,45,Female,Ovarian,Stage Iv,13.0,Current,Heavy,Yes,18.9,2023-11-30,Chemotherapy,8,0,Alive,Medium
ONC-05887,44,Female,Colorectal,Stage Ii,11.4,Current,Heavy,No,16.0,2019-12-28,Radiation Therapy,3,1,Deceased,Medium
ONC-02661,51,Other,Colorectal,Stage Iii,3.0,Former,Heavy,No,15.4,2016-07-30,Chemotherapy,6,12,Alive,High
ONC-00940,49,Other,Pancreatic,Stage I,8.4,Never,Regular,Yes,27.5,2021-09-23,Radiation Therapy,2,4,Deceased,Medium
ONC-06096,36,Other,Prostate,Stage Iv,4.0,Former,Regular,No,30.5,2015-08-02,Immunotherapy,2,36,Alive,High
ONC-06423,66,Other,Brain,Stage I,1.0,Current,Heavy,Yes,28.1,2022-02-15,Surgery,7,4,Alive,Low
ONC-01439,74,Other,Pancreatic,Stage Iv,0.6,Current,Heavy,No,24.5,2017-07-09,Combination Therapy,7,0,Alive,Critical
ONC-06444,49,Male,Ovarian,Stage Iii,1.0,Never,Heavy,No,18.1,2019-04-01,Palliative Care,9,6,Alive,Low
ONC-04984,71,Other,Liver,Stage Ii,0.1,Former,Heavy,Yes,18.8,2019-07-12,Chemotherapy,8,62,Deceased,Medium
ONC-01365,74,Female,Skin (Melanoma),Stage I,4.3,Current,Regular,No,34.0,2018-06-10,Palliative Care,5,19,Alive,Low
ONC-00024,58,Male,Liver,Stage Ii,7.4,Never,Heavy,Yes,20.3,2015-07-27,Palliative Care,13,24,Deceased,Low
ONC-07211,68,Other,Pancreatic,Stage I,0.6,Current,Occasional,No,15.0,2021-05-15,Palliative Care,7,38,Alive,Medium
ONC-04142,69,Female,Breast,Stage I,4.2,Former,Heavy,Yes,34.3,2023-05-25,Combination Therapy,6,17,Alive,Medium
ONC-00851,72,Female,Blood (Leukemia),Stage I,0.2,Current,Regular,Yes,27.3,2024-09-16,Chemotherapy,4,8,Deceased,High
ONC-04196,43,Other,Blood (Leukemia),Stage Iii,11.7,Never,Regular,No,19.5,2018-03-05,Chemotherapy,3,19,Deceased,Medium
ONC-02799,80,Male,Skin (Melanoma),Stage I,0.6,Former,Heavy,No,28.9,2020-09-15,Radiation Therapy,5,8,Alive,Low
ONC-01963,56,Male,Blood (Leukemia),Stage Ii,0.8,Current,Heavy,Yes,30.6,2024-08-05,Chemotherapy,11,3,Alive,High
ONC-00551,63,Female,Ovarian,Stage Iii,0.4,Former,Heavy,Yes,26.0,2023-02-22,Surgery,7,6,Deceased,Medium
ONC-03972,61,Female,Blood (Leukemia),Stage Ii,3.7,Never,Heavy,Yes,24.4,2018-11-08,Surgery,9,3,Alive,Medium
ONC-01775,48,Other,Prostate,Stage I,1.2,Current,Heavy,No,21.9,2023-02-02,Surgery,3,19,Alive,Low
ONC-00225,45,Other,Blood (Leukemia),Stage Iii,1.8,Never,Regular,No,25.9,2022-10-08,Chemotherapy,3,9,Alive,High
ONC-00376,89,Female,Blood (Leukemia),Stage I,6.6,Former,Regular,No,20.9,2024-08-16,Palliative Care,5,3,Alive,Low
ONC-06171,78,Male,Ovarian,Stage I,0.8,Former,Regular,No,31.8,2020-12-26,Combination Therapy,5,2,Alive,Medium
ONC-05674,59,Female,Pancreatic,Stage I,7.5,Current,Regular,No,25.4,2018-01-14,Radiation Therapy,8,0,Deceased,Medium
ONC-05509,30,Other,Prostate,Stage Iv,3.9,Current,Occasional,Yes,28.5,2022-03-03,Combination Therapy,4,9,Alive,High
ONC-05730,62,Male,Liver,Stage Iv,5.3,Former,Regular,No,24.1,2020-03-09,Surgery,7,41,Alive,High
ONC-00959,51,Male,Lung,Stage Ii,3.3,Former,Regular,No,31.2,2020-08-12,Combination Therapy,2,2,Alive,High
ONC-01520,63,Other,Pancreatic,Stage I,19.2,Former,Occasional,No,25.0,2024-07-18,Radiation Therapy,2,16,Alive,Medium
ONC-07465,46,Other,Liver,Stage Iii,0.1,Never,Regular,No,29.8,2024-01-04,Radiation Therapy,4,11,Alive,Critical
ONC-00327,16,Other,Lung,Stage I,3.2,Never,Heavy,Yes,23.5,2024-11-01,Immunotherapy,4,120,Deceased,Low
ONC-03655,71,Female,Colorectal,Stage Ii,2.7,Former,Regular,No,29.9,2015-07-29,Chemotherapy,7,16,Alive,Critical
ONC-00380,64,Female,Colorectal,Stage I,1.7,Never,Regular,Yes,26.4,2018-01-27,Radiation Therapy,7,1,Deceased,Low
ONC-04025,51,Female,Prostate,Stage Iv,10.1,Current,Heavy,Yes,36.5,2020-04-23,Surgery,8,10,Deceased,High
ONC-03296,60,Male,Breast,Stage I,13.3,Never,Occasional,Yes,20.3,2022-01-17,Radiation Therapy,5,27,Deceased,Low
ONC-07310,73,Other,Blood (Leukemia),Stage I,0.2,Never,Heavy,Yes,27.8,2021-12-14,Palliative Care,9,29,Alive,Low
ONC-05139,63,Other,Skin (Melanoma),Stage I,5.0,Never,Heavy,Yes,26.4,2024-02-07,Chemotherapy,5,5,Alive,Medium
ONC-04684,97,Male,Colorectal,Stage Iv,1.2,Former,Regular,No,20.8,2024-11-28,Combination Therapy,2,3,Deceased,High
ONC-02831,46,Male,Colorectal,Stage Ii,3.5,Never,Heavy,Yes,25.2,2024-03-01,Palliative Care,6,1,Alive,Low
ONC-00247,55,Other,Pancreatic,Stage Ii,2.8,Never,Heavy,Yes,32.9,2021-03-11,Radiation Therapy,3,10,Deceased,Medium
ONC-01967,56,Female,Pancreatic,Stage Iv,0.6,Current,Occasional,Yes,20.4,2024-10-22,Surgery,4,11,Alive,High
ONC-04959,47,Female,Liver,Stage Iv,6.4,Former,Regular,No,34.9,2023-10-22,Surgery,2,26,Alive,High
ONC-04558,51,Other,Prostate,Stage Ii,2.3,Never,Occasional,Yes,25.1,2024-08-07,Chemotherapy,8,41,Deceased,Low
ONC-04078,61,Female,Colorectal,Stage Iii,0.4,Never,Heavy,Yes,24.2,2019-07-02,Chemotherapy,8,72,Deceased,Critical
ONC-01211,44,Female,Skin (Melanoma),Stage Iii,3.1,Current,Occasional,No,23.3,2018-07-30,Palliative Care,4,5,Alive,High
ONC-05993,45,Female,Ovarian,Stage I,5.0,Former,Heavy,No,39.3,2019-11-26,Radiation Therapy,6,45,Alive,Medium
ONC-06653,51,Female,Blood (Leukemia),Stage Iii,0.1,Never,Regular,No,24.2,2017-12-05,Combination Therapy,8,0,Alive,Medium
ONC-04299,57,Female,Blood (Leukemia),Stage I,1.1,Never,Heavy,Yes,20.8,2021-05-21,Palliative Care,13,8,Alive,Low
ONC-01933,70,Female,Lung,Stage Ii,0.8,Current,Regular,Yes,31.0,2021-09-23,Palliative Care,7,33,Alive,Medium
ONC-03663,48,Other,Brain,Stage I,2.0,Former,Regular,Yes,27.0,2022-10-24,Radiation Therapy,4,6,Deceased,Low
ONC-00041,59,Female,Breast,Stage Iv,17.4,Former,Regular,Yes,30.9,2017-07-02,Surgery,9,1,Alive,High
ONC-03895,36,Male,Brain,Stage Iii,2.1,Never,Occasional,Yes,26.9,2018-11-23,Combination Therapy,3,3,Alive,Critical
ONC-02571,48,Male,Colorectal,Stage Ii,6.4,Former,Occasional,Yes,28.1,2020-07-11,Immunotherapy,6,16,Alive,Medium
ONC-02179,26,Other,Prostate,Stage I,3.9,Current,Heavy,No,24.5,2015-10-20,Combination Therapy,2,18,Deceased,Medium
ONC-02146,74,Male,Prostate,Stage Ii,5.2,Never,Regular,No,26.6,2021-05-10,Immunotherapy,6,21,Deceased,Low
ONC-01141,49,Male,Liver,Stage Iii,1.3,Current,Heavy,Yes,22.2,2016-06-01,Radiation Therapy,2,8,Deceased,High
ONC-01156,99,Male,Blood (Leukemia),Stage Iv,6.1,Current,Heavy,No,28.4,2018-09-30,Surgery,7,12,Alive,Medium
ONC-01200,43,Other,Lung,Stage Ii,0.5,Current,Regular,No,22.3,2021-12-08,Surgery,5,52,Alive,High
ONC-00887,62,Male,Breast,Stage I,5.1,Current,Occasional,No,18.6,2018-12-26,Immunotherapy,1,17,Alive,Low
ONC-03114,72,Female,Colorectal,Stage Ii,1.0,Current,Regular,No,21.9,2017-11-17,Combination Therapy,4,20,Alive,Medium
ONC-04397,80,Other,Pancreatic,Stage Iv,1.3,Never,Regular,No,30.0,2018-05-15,Immunotherapy,8,69,Deceased,Medium
ONC-06415,70,Female,Blood (Leukemia),Stage Iv,5.4,Former,Occasional,Yes,25.8,2020-07-17,Immunotherapy,11,12,Alive,Critical
ONC-03409,33,Other,Breast,Stage Ii,0.1,Never,Heavy,Yes,24.9,2021-01-08,Immunotherapy,2,0,Alive,High
ONC-04524,39,Male,Lung,Stage I,0.7,Never,Regular,No,24.8,2021-08-01,Immunotherapy,6,12,Alive,Low
ONC-02290,70,Other,Lung,Stage I,12.4,Current,Regular,Yes,32.5,2022-02-11,Chemotherapy,4,43,Alive,Medium
ONC-05175,63,Male,Blood (Leukemia),Stage Iv,0.2,Current,Occasional,Yes,33.9,2015-01-24,Immunotherapy,6,11,Alive,Medium
ONC-04748,60,Other,Pancreatic,Stage Iii,0.9,Current,Heavy,No,29.4,2021-04-28,Palliative Care,7,0,Alive,Medium
ONC-06358,63,Other,Blood (Leukemia),Stage Iii,0.7,Current,Occasional,Yes,24.3,2021-11-09,Radiation Therapy,5,14,Alive,Medium
ONC-01746,58,Female,Brain,Stage Ii,2.4,Never,Heavy,No,22.2,2018-07-17,Radiation Therapy,10,22,Alive,Critical
ONC-01583,54,Other,Ovarian,Stage Ii,1.7,Former,Heavy,Yes,28.1,2021-07-04,Immunotherapy,3,19,Alive,Medium
ONC-06289,76,Male,Breast,Stage Ii,0.2,Never,Occasional,Yes,22.1,2019-06-22,Combination Therapy,7,7,Alive,Low
ONC-05548,57,Other,Brain,Stage I,5.4,Former,Regular,No,22.6,2018-01-17,Palliative Care,7,3,Deceased,Medium
ONC-01228,55,Male,Lung,Stage Iv,5.5,Never,Occasional,No,36.9,2021-05-25,Radiation Therapy,9,44,Deceased,Medium
ONC-00460,35,Female,Colorectal,Stage Iv,1.3,Never,Regular,No,22.1,2020-03-10,Immunotherapy,9,73,Alive,High
ONC-05563,68,Male,Brain,Stage I,4.6,Current,Regular,Yes,23.4,2021-04-18,Surgery,5,17,Alive,Low
ONC-02444,67,Female,Blood (Leukemia),Stage I,1.5,Never,Heavy,Yes,22.3,2017-03-29,Radiation Therapy,6,11,Alive,Low
ONC-00874,57,Other,Ovarian,Stage Ii,0.6,Current,Occasional,Yes,24.9,2021-08-06,Chemotherapy,3,14,Deceased,Medium
ONC-05876,78,Female,Prostate,Stage Ii,0.1,Former,Occasional,No,21.2,2022-10-05,Radiation Therapy,7,54,Alive,High
ONC-02859,68,Other,Breast,Stage Iv,0.8,Never,Heavy,No,30.0,2016-09-03,Chemotherapy,7,2,Alive,High
ONC-04741,51,Other,Breast,Stage Iii,1.4,Never,Regular,No,30.2,2022-09-12,Chemotherapy,7,19,Alive,Medium
ONC-04608,62,Male,Pancreatic,Stage Iii,3.7,Current,Regular,No,24.0,2023-03-25,Chemotherapy,9,6,Deceased,High
ONC-06792,60,Male,Liver,Stage Iii,2.0,Never,Occasional,No,34.7,2021-07-11,Chemotherapy,4,18,Alive,Medium
ONC-00521,39,Female,Lung,Stage Iv,3.1,Former,Occasional,No,30.8,2015-02-13,Surgery,9,2,Alive,High
ONC-03938,73,Male,Brain,Stage I,12.9,Never,Heavy,No,15.4,2020-02-18,Palliative Care,6,30,Alive,High
ONC-03473,60,Male,Skin (Melanoma),Stage Ii,11.7,Former,Heavy,Yes,26.9,2021-02-21,Palliative Care,2,17,Alive,High
ONC-02476,53,Female,Skin (Melanoma),Stage I,5.6,Current,Heavy,No,31.9,2015-04-20,Immunotherapy,8,13,Alive,Low
ONC-03949,37,Male,Liver,Stage Iii,2.7,Current,Regular,No,32.8,2023-03-19,Combination Therapy,6,18,Alive,High
ONC-03935,49,Other,Skin (Melanoma),Stage Iii,0.4,Current,Regular,No,19.3,2016-08-21,Surgery,5,2,Alive,Critical
ONC-07411,66,Male,Liver,Stage Iii,2.9,Current,Occasional,Yes,26.8,2017-06-17,Radiation Therapy,3,23,Deceased,Critical
ONC-00018,36,Female,Colorectal,Stage Ii,1.5,Current,Regular,No,32.0,2020-10-20,Immunotherapy,8,23,Alive,Medium
ONC-03002,40,Male,Pancreatic,Stage Iv,5.3,Current,Heavy,No,26.1,2022-07-02,Surgery,3,5,Alive,High
ONC-03957,38,Male,Ovarian,Stage Iv,0.9,Current,Regular,Yes,15.1,2015-12-03,Palliative Care,9,34,Alive,High
ONC-06118,69,Other,Skin (Melanoma),Stage Ii,9.5,Never,Regular,Yes,22.2,2024-12-13,Immunotherapy,6,24,Deceased,Critical
ONC-05649,60,Female,Prostate,Stage Ii,2.7,Current,Regular,No,33.6,2024-12-18,Surgery,8,71,Alive,Low
ONC-05802,75,Female,Liver,Stage Ii,0.8,Former,Regular,No,31.4,2024-08-09,Radiation Therapy,6,56,Alive,High
ONC-07170,47,Female,Breast,Stage Iii,3.3,Current,Regular,Yes,26.9,2023-06-20,Palliative Care,9,3,Alive,Critical
ONC-07481,48,Other,Pancreatic,Stage Iv,1.0,Never,Heavy,Yes,22.7,2019-12-31,Chemotherapy,6,1,Alive,Medium
ONC-01717,62,Female,Ovarian,Stage Iii,1.9,Current,Heavy,No,26.2,2018-01-08,Chemotherapy,8,4,Alive,Medium
ONC-01256,46,Male,Ovarian,Stage Ii,11.4,Former,Regular,No,20.7,2022-01-28,Combination Therapy,5,15,Alive,Medium
ONC-06803,60,Other,Breast,Stage Iii,9.9,Never,Regular,No,24.5,2024-09-22,Palliative Care,3,34,Alive,Critical
ONC-03919,41,Female,Breast,Stage Ii,2.5,Former,Occasional,Yes,31.8,2017-11-20,Chemotherapy,4,7,Deceased,Medium
ONC-07463,49,Other,Liver,Stage Iii,3.8,Former,Heavy,No,26.9,2018-05-22,Immunotherapy,3,28,Alive,High
ONC-00936,70,Male,Colorectal,Stage I,11.5,Current,Occasional,Yes,27.2,2015-06-30,Immunotherapy,7,19,Alive,Low
ONC-05174,43,Female,Skin (Melanoma),Stage Iii,8.8,Current,Regular,Yes,24.1,2020-09-14,Palliative Care,3,4,Deceased,High
ONC-03863,39,Other,Colorectal,Stage I,7.3,Never,Heavy,Yes,25.9,2015-06-20,Radiation Therapy,6,48,Alive,Low
ONC-06762,31,Other,Liver,Stage Iv,0.5,Former,Occasional,No,27.0,2015-08-08,Chemotherapy,6,18,Alive,Medium
ONC-04453,64,Other,Colorectal,Stage I,3.4,Current,Heavy,No,28.1,2022-02-01,Chemotherapy,4,22,Deceased,Low
ONC-00644,72,Male,Prostate,Stage Iii,0.1,Former,Occasional,Yes,22.6,2018-11-05,Surgery,5,61,Deceased,High
ONC-00994,52,Male,Pancreatic,Stage Iv,0.4,Never,Regular,Yes,26.9,2023-01-02,Combination Therapy,10,12,Alive,High
ONC-06466,61,Male,Blood (Leukemia),Stage I,4.9,Former,Regular,No,28.4,2016-11-03,Combination Therapy,7,3,Alive,Low
ONC-03934,72,Male,Liver,Stage Iii,1.1,Former,Occasional,Yes,28.8,2018-06-17,Chemotherapy,3,1,Alive,Medium
ONC-05493,66,Male,Pancreatic,Stage Iii,3.1,Never,Regular,No,26.0,2023-05-23,Palliative Care,8,14,Alive,High
ONC-05530,57,Other,Ovarian,Stage Iii,0.3,Former,Occasional,Yes,20.1,2020-05-06,Radiation Therapy,3,7,Alive,Critical
ONC-05421,75,Female,Lung,Stage Iv,1.1,Never,Regular,No,31.4,2024-11-08,Surgery,4,7,Alive,Low
ONC-02471,51,Male,Liver,Stage Iv,0.1,Never,Heavy,Yes,26.4,2021-06-24,Palliative Care,7,23,Deceased,High
ONC-03650,66,Other,Pancreatic,Stage I,0.8,Former,Regular,No,27.3,2021-12-06,Chemotherapy,6,30,Alive,Medium
ONC-02931,75,Male,Prostate,Stage I,1.4,Former,Heavy,No,19.9,2019-09-07,Radiation Therapy,4,15,Alive,Low
ONC-05917,58,Other,Ovarian,Stage Iii,1.8,Former,Heavy,No,29.4,2016-03-02,Radiation Therapy,8,9,Alive,Medium
ONC-01348,72,Female,Liver,Stage I,0.6,Current,Heavy,Yes,33.5,2019-03-18,Combination Therapy,6,33,Alive,Medium
ONC-02871,46,Female,Breast,Stage Ii,4.9,Former,Occasional,Yes,31.8,2015-07-29,Immunotherapy,2,8,Alive,Medium
ONC-01492,68,Male,Ovarian,Stage I,7.9,Never,Occasional,Yes,20.5,2024-05-05,Immunotherapy,11,0,Alive,Low
ONC-04333,49,Other,Colorectal,Stage I,0.7,Current,Regular,Yes,23.1,2018-05-26,Chemotherapy,8,19,Deceased,Low
ONC-03896,49,Other,Colorectal,Stage Iii,1.9,Never,Regular,Yes,29.2,2020-09-11,Combination Therapy,6,0,Alive,High
ONC-00430,45,Other,Blood (Leukemia),Stage Iv,1.7,Current,Occasional,No,26.5,2019-06-18,Radiation Therapy,5,9,Deceased,High
ONC-07237,37,Female,Skin (Melanoma),Stage Ii,5.8,Current,Heavy,No,29.9,2016-12-05,Surgery,5,30,Alive,Medium
ONC-04428,57,Other,Blood (Leukemia),Stage Iii,0.4,Former,Heavy,No,22.9,2016-05-10,Surgery,9,6,Alive,High
ONC-07328,64,Male,Skin (Melanoma),Stage Iii,10.4,Current,Regular,Yes,28.5,2015-05-22,Combination Therapy,5,12,Deceased,Medium
ONC-02685,64,Female,Brain,Stage I,8.2,Never,Regular,Yes,28.7,2024-10-13,Palliative Care,10,6,Alive,Low
ONC-06648,42,Female,Skin (Melanoma),Stage Iv,3.2,Current,Heavy,Yes,31.3,2016-06-29,Combination Therapy,1,26,Deceased,Critical
ONC-07433,69,Female,Colorectal,Stage Ii,2.5,Never,Occasional,No,22.9,2021-10-20,Radiation Therapy,7,17,Deceased,High
ONC-04892,68,Other,Brain,Stage Ii,5.3,Current,Heavy,Yes,36.3,2015-04-18,Combination Therapy,2,0,Alive,Low
ONC-07396,54,Male,Breast,Stage Iv,1.4,Former,Occasional,Yes,25.0,2021-12-09,Palliative Care,3,7,Alive,Critical
ONC-00669,68,Other,Liver,Stage Iii,0.6,Current,Occasional,No,15.2,2024-05-19,Chemotherapy,1,24,Deceased,Medium
ONC-00076,41,Other,Blood (Leukemia),Stage Ii,0.1,Current,Occasional,No,34.8,2015-07-06,Surgery,4,3,Alive,Medium
ONC-02450,60,Male,Ovarian,Stage Iv,4.2,Former,Occasional,Yes,39.1,2018-05-12,Palliative Care,3,6,Alive,Low
ONC-05614,49,Other,Lung,Stage I,3.1,Never,Regular,Yes,29.3,2015-01-22,Immunotherapy,6,72,Deceased,Medium
ONC-03960,51,Female,Ovarian,Stage Iii,0.2,Former,Heavy,No,26.9,2015-10-19,Radiation Therapy,5,7,Deceased,Critical
ONC-01505,85,Female,Pancreatic,Stage Iv,4.6,Former,Regular,No,32.7,2022-06-18,Immunotherapy,7,25,Alive,Critical
ONC-01633,65,Male,Pancreatic,Stage Ii,0.2,Former,Heavy,No,22.7,2016-09-07,Palliative Care,4,14,Deceased,Low
ONC-05262,30,Female,Skin (Melanoma),Stage Ii,0.6,Current,Occasional,No,29.7,2018-05-20,Combination Therapy,10,10,Alive,Critical
ONC-04809,49,Other,Breast,Stage Iii,3.8,Never,Regular,No,22.7,2023-03-25,Radiation Therapy,3,13,Alive,Critical
ONC-02121,37,Female,Brain,Stage I,2.4,Current,Occasional,No,30.8,2020-01-21,Combination Therapy,9,0,Alive,Low
ONC-02386,47,Other,Colorectal,Stage Iii,0.5,Former,Heavy,No,23.8,2022-10-03,Chemotherapy,4,57,Alive,Medium
ONC-00993,57,Other,Colorectal,Stage I,0.5,Former,Regular,Yes,24.6,2023-11-28,Combination Therapy,4,19,Alive,Low
ONC-02167,66,Other,Blood (Leukemia),Stage Iii,1.6,Current,Occasional,No,23.3,2015-07-24,Immunotherapy,12,76,Alive,High
ONC-02235,48,Male,Blood (Leukemia),Stage I,0.7,Never,Regular,No,23.7,2023-03-04,Radiation Therapy,9,29,Alive,Low
ONC-03675,46,Other,Ovarian,Stage I,2.4,Never,Occasional,No,24.1,2016-01-24,Chemotherapy,6,42,Alive,High
ONC-00547,67,Other,Colorectal,Stage Iv,0.7,Current,Occasional,Yes,30.6,2021-04-06,Palliative Care,5,8,Alive,High
ONC-04356,56,Other,Skin (Melanoma),Stage Iv,2.3,Current,Occasional,No,38.0,2022-06-10,Combination Therapy,2,6,Deceased,High
ONC-02736,35,Other,Blood (Leukemia),Stage Ii,0.1,Never,Regular,No,24.4,2020-04-07,Combination Therapy,8,11,Alive,High
ONC-07166,57,Male,Colorectal,Stage I,5.2,Former,Heavy,Yes,21.1,2017-05-07,Surgery,2,67,Alive,Medium
ONC-00737,55,Male,Breast,Stage I,8.2,Former,Regular,No,26.6,2021-09-25,Palliative Care,12,35,Alive,Low
ONC-01254,69,Other,Breast,Stage I,0.5,Former,Occasional,Yes,30.6,2017-12-22,Immunotherapy,3,0,Alive,Low
ONC-00812,29,Other,Liver,Stage Iv,0.4,Former,Heavy,No,18.6,2015-12-25,Chemotherapy,3,20,Alive,High
ONC-06497,68,Other,Pancreatic,Stage Iii,9.3,Never,Heavy,Yes,27.5,2020-01-15,Palliative Care,7,15,Alive,Critical
ONC-05115,71,Other,Liver,Stage Iv,5.1,Former,Occasional,No,18.1,2018-06-23,Combination Therapy,5,18,Alive,High
ONC-03360,57,Male,Colorectal,Stage I,1.4,Never,Heavy,Yes,32.2,2024-09-16,Surgery,6,12,Deceased,Low
ONC-04309,36,Female,Ovarian,Stage I,2.8,Never,Occasional,Yes,30.0,2017-07-04,Immunotherapy,4,5,Deceased,High
ONC-01215,68,Male,Brain,Stage Iv,0.3,Never,Regular,No,24.0,2020-07-21,Surgery,8,37,Deceased,High
ONC-00967,53,Female,Liver,Stage Iii,1.2,Former,Heavy,No,30.3,2019-02-27,Palliative Care,1,4,Deceased,Critical
ONC-00606,46,Other,Pancreatic,Stage Ii,0.9,Former,Heavy,No,17.1,2023-04-30,Surgery,3,4,Deceased,Medium
ONC-06885,53,Male,Breast,Stage Iii,2.3,Former,Heavy,Yes,22.0,2022-10-22,Combination Therapy,7,18,Alive,High
ONC-00587,77,Other,Ovarian,Stage I,3.7,Current,Occasional,No,38.9,2019-08-21,Radiation Therapy,4,4,Alive,Low
ONC-07112,23,Male,Pancreatic,Stage Iii,0.6,Current,Occasional,No,17.1,2015-11-22,Palliative Care,2,73,Alive,Medium
ONC-03007,50,Female,Prostate,Stage I,5.5,Never,Occasional,Yes,27.3,2020-12-18,Immunotherapy,4,4,Alive,Low
ONC-06138,54,Male,Blood (Leukemia),Stage Ii,2.0,Current,Occasional,No,27.9,2018-05-09,Radiation Therapy,3,3,Alive,Low
ONC-00668,99,Other,Lung,Stage I,5.8,Current,Occasional,Yes,30.5,2024-01-09,Chemotherapy,6,23,Alive,Low
ONC-00140,79,Female,Brain,Stage Iv,2.4,Never,Occasional,No,17.6,2021-09-20,Surgery,7,79,Alive,Critical
ONC-02233,84,Female,Skin (Melanoma),Stage Iv,1.4,Former,Regular,No,23.7,2019-05-12,Radiation Therapy,6,33,Alive,Critical
ONC-03951,60,Female,Skin (Melanoma),Stage Iv,4.2,Never,Occasional,No,26.5,2015-05-09,Surgery,5,7,Deceased,Medium
ONC-06901,71,Other,Lung,Stage I,5.8,Former,Occasional,Yes,24.0,2023-01-10,Immunotherapy,7,3,Alive,Medium
ONC-02321,65,Other,Liver,Stage I,1.0,Former,Regular,Yes,33.2,2024-08-01,Combination Therapy,7,0,Alive,Low
ONC-00941,64,Other,Liver,Stage Ii,3.3,Current,Regular,No,27.6,2015-10-04,Radiation Therapy,7,3,Alive,Medium
ONC-05851,55,Other,Colorectal,Stage Ii,5.8,Former,Regular,Yes,24.7,2017-12-08,Chemotherapy,8,10,Deceased,Low
ONC-00077,59,Male,Prostate,Stage Iv,0.7,Current,Regular,No,25.3,2020-05-14,Immunotherapy,6,19,Alive,Medium
ONC-03958,57,Other,Colorectal,Stage Ii,8.1,Current,Occasional,Yes,21.5,2018-07-10,Combination Therapy,5,18,Deceased,Medium
ONC-03915,73,Other,Brain,Stage Ii,2.8,Former,Regular,No,28.6,2016-11-26,Combination Therapy,5,2,Deceased,Low
ONC-07039,43,Other,Breast,Stage Iv,13.9,Never,Regular,No,23.9,2018-07-27,Combination Therapy,6,46,Alive,High
ONC-00435,49,Male,Breast,Stage Ii,8.5,Former,Regular,Yes,24.7,2024-05-31,Surgery,6,0,Alive,Low
ONC-02513,37,Female,Ovarian,Stage Iv,1.8,Never,Regular,Yes,27.1,2018-06-22,Chemotherapy,6,13,Deceased,Critical
ONC-04635,53,Male,Ovarian,Stage Iii,1.9,Never,Heavy,No,24.0,2016-11-09,Combination Therapy,7,15,Alive,Critical
ONC-02869,65,Other,Liver,Stage Ii,0.1,Former,Regular,Yes,38.7,2024-10-08,Palliative Care,2,27,Alive,Medium
ONC-01896,75,Female,Blood (Leukemia),Stage Ii,2.5,Former,Occasional,Yes,34.0,2024-06-02,Combination Therapy,6,46,Alive,Low
ONC-02056,34,Other,Blood (Leukemia),Stage Ii,3.2,Never,Occasional,Yes,21.5,2019-11-03,Palliative Care,5,7,Deceased,Low
ONC-00675,74,Male,Lung,Stage Iii,0.2,Current,Occasional,Yes,18.5,2016-04-26,Combination Therapy,5,0,Deceased,Medium
ONC-04553,32,Other,Ovarian,Stage Iv,3.6,Current,Occasional,No,19.4,2018-04-24,Palliative Care,5,45,Deceased,High
ONC-02067,45,Male,Blood (Leukemia),Stage Ii,0.4,Never,Regular,Yes,22.0,2015-06-19,Chemotherapy,2,30,Alive,Medium
ONC-01345,55,Male,Pancreatic,Stage Ii,0.1,Current,Heavy,No,31.6,2019-07-09,Surgery,4,9,Alive,Medium
ONC-04705,76,Other,Prostate,Stage Iii,1.7,Current,Occasional,No,23.9,2015-03-08,Radiation Therapy,5,47,Alive,Low
ONC-07395,53,Male,Pancreatic,Stage I,2.2,Former,Occasional,Yes,26.0,2019-04-18,Combination Therapy,7,18,Alive,Low
ONC-02402,33,Female,Pancreatic,Stage Ii,1.4,Former,Occasional,Yes,21.4,2021-01-20,Chemotherapy,4,3,Deceased,Medium
ONC-02152,59,Male,Prostate,Stage Ii,4.4,Current,Occasional,Yes,28.1,2024-08-15,Chemotherapy,5,18,Alive,High
ONC-05666,64,Female,Breast,Stage Ii,6.2,Current,Heavy,No,28.5,2016-09-19,Palliative Care,6,0,Alive,High
ONC-07452,64,Other,Liver,Stage Iv,1.2,Former,Occasional,Yes,28.9,2020-06-09,Chemotherapy,4,7,Alive,Critical
ONC-05399,63,Male,Colorectal,Stage Iii,2.2,Never,Heavy,Yes,19.8,2023-06-12,Radiation Therapy,7,33,Alive,High
ONC-04783,53,Other,Ovarian,Stage Iii,10.2,Current,Occasional,No,25.0,2020-01-04,Palliative Care,5,9,Alive,Low
ONC-00063,63,Male,Colorectal,Stage I,3.8,Never,Heavy,Yes,23.9,2021-04-29,Chemotherapy,7,13,Alive,Medium
ONC-05547,63,Female,Lung,Stage I,0.2,Current,Heavy,No,28.2,2015-04-21,Combination Therapy,1,34,Alive,Low
ONC-02939,49,Male,Breast,Stage Iii,3.4,Never,Heavy,Yes,20.8,2021-09-29,Radiation Therapy,7,8,Deceased,High
ONC-07061,26,Other,Colorectal,Stage Ii,0.1,Never,Heavy,Yes,25.3,2017-11-04,Combination Therapy,7,47,Deceased,Medium
ONC-05167,42,Female,Lung,Stage Ii,5.2,Never,Occasional,Yes,29.8,2018-10-15,Combination Therapy,8,22,Deceased,Medium
ONC-05107,52,Male,Blood (Leukemia),Stage I,1.2,Former,Heavy,Yes,23.1,2018-06-16,Palliative Care,4,60,Alive,Low
ONC-01414,68,Female,Breast,Stage Iv,1.5,Current,Regular,No,31.0,2021-12-22,Radiation Therapy,7,39,Alive,High
ONC-05302,58,Other,Ovarian,Stage Ii,2.9,Current,Occasional,No,28.5,2016-07-04,Surgery,7,7,Alive,Low
ONC-03864,88,Male,Colorectal,Stage I,8.0,Current,Regular,No,24.6,2018-10-31,Palliative Care,5,8,Alive,Low
ONC-01124,45,Male,Prostate,Stage Iii,1.5,Never,Regular,No,24.6,2020-03-28,Palliative Care,6,3,Deceased,Medium
ONC-00556,56,Female,Liver,Stage I,2.2,Former,Heavy,No,28.8,2024-09-24,Surgery,4,0,Deceased,Medium
ONC-05737,66,Other,Liver,Stage Iv,10.3,Never,Heavy,No,22.8,2019-03-05,Palliative Care,9,20,Deceased,Medium
ONC-03687,77,Female,Brain,Stage Ii,0.8,Former,Regular,No,33.8,2015-01-14,Chemotherapy,4,0,Alive,High
ONC-04633,66,Other,Prostate,Stage Iv,1.2,Never,Regular,No,32.5,2022-07-30,Palliative Care,3,49,Alive,High
ONC-03176,62,Female,Liver,Stage Iii,0.9,Former,Regular,Yes,20.0,2020-10-24,Palliative Care,2,49,Alive,High
ONC-04968,57,Other,Colorectal,Stage Iv,8.4,Never,Heavy,Yes,28.4,2022-04-05,Palliative Care,9,8,Alive,High
ONC-06458,69,Female,Brain,Stage I,6.2,Current,Regular,Yes,18.5,2024-06-01,Chemotherapy,7,32,Deceased,Medium
ONC-05484,43,Male,Colorectal,Stage Iii,2.2,Never,Occasional,Yes,29.0,2020-04-29,Palliative Care,4,10,Alive,Critical
ONC-00011,54,Female,Ovarian,Stage Iii,0.6,Current,Heavy,No,23.9,2017-06-17,Chemotherapy,10,47,Alive,High
ONC-02098,84,Female,Blood (Leukemia),Stage Ii,0.2,Former,Heavy,Yes,33.0,2021-06-22,Immunotherapy,6,9,Alive,Low
ONC-06174,43,Female,Prostate,Stage Iv,5.8,Never,Occasional,Yes,20.8,2020-01-05,Radiation Therapy,4,24,Alive,Critical
ONC-03739,49,Male,Blood (Leukemia),Stage Iv,12.4,Never,Occasional,No,20.6,2024-11-09,Combination Therapy,7,67,Alive,High
ONC-03493,70,Male,Blood (Leukemia),Stage Ii,6.4,Never,Heavy,Yes,21.6,2022-04-09,Immunotherapy,5,35,Alive,Medium
ONC-02828,69,Female,Colorectal,Stage Iii,0.8,Current,Heavy,Yes,28.7,2017-06-22,Radiation Therapy,6,4,Alive,Critical
ONC-04679,75,Female,Ovarian,Stage I,0.1,Never,Heavy,No,28.8,2024-03-10,Chemotherapy,10,31,Deceased,Low
ONC-07197,89,Female,Blood (Leukemia),Stage Iv,4.8,Former,Heavy,No,27.6,2018-12-15,Palliative Care,5,6,Deceased,High
ONC-00945,37,Female,Blood (Leukemia),Stage I,6.7,Current,Regular,Yes,32.9,2017-07-27,Palliative Care,6,25,Alive,Low
ONC-00970,59,Other,Skin (Melanoma),Stage Ii,0.2,Current,Heavy,No,26.8,2022-05-28,Chemotherapy,6,42,Alive,Medium
ONC-06534,70,Male,Lung,Stage Iii,10.1,Current,Occasional,Yes,19.3,2020-09-09,Immunotherapy,12,17,Deceased,High
ONC-00301,61,Female,Lung,Stage Iv,1.7,Current,Regular,No,23.6,2020-06-22,Radiation Therapy,8,31,Alive,Critical
ONC-04408,52,Other,Breast,Stage Iv,18.1,Current,Heavy,Yes,32.9,2021-09-03,Surgery,9,2,Alive,Critical
ONC-02567,62,Male,Lung,Stage Iv,1.7,Never,Regular,No,28.4,2016-07-20,Chemotherapy,6,18,Deceased,Critical
ONC-04918,73,Other,Breast,Stage I,1.4,Current,Regular,Yes,28.4,2021-02-25,Chemotherapy,4,6,Alive,Low
ONC-05886,60,Other,Lung,Stage Iv,5.7,Never,Regular,Yes,25.5,2017-09-10,Chemotherapy,14,2,Alive,Medium
ONC-03471,83,Other,Brain,Stage Iv,11.0,Former,Occasional,No,22.4,2021-03-04,Radiation Therapy,9,3,Deceased,High
ONC-03461,50,Female,Lung,Stage Iii,1.0,Former,Regular,Yes,23.3,2024-04-07,Palliative Care,8,5,Alive,Critical
ONC-03654,78,Female,Brain,Stage Iv,2.8,Current,Heavy,No,27.9,2024-08-31,Combination Therapy,3,30,Alive,High
ONC-06076,80,Other,Blood (Leukemia),Stage I,0.2,Current,Heavy,No,12.0,2019-07-20,Palliative Care,10,2,Deceased,Medium
ONC-04703,66,Other,Liver,Stage Ii,2.3,Never,Occasional,Yes,27.8,2015-02-02,Radiation Therapy,10,10,Alive,Low
ONC-02227,54,Other,Pancreatic,Stage I,1.5,Former,Occasional,No,29.8,2024-11-06,Palliative Care,6,4,Deceased,Medium
ONC-01191,56,Male,Colorectal,Stage I,2.4,Current,Heavy,No,18.9,2015-09-21,Surgery,5,0,Alive,Medium
ONC-01090,59,Other,Breast,Stage Ii,4.2,Never,Occasional,Yes,26.0,2018-04-05,Immunotherapy,5,6,Alive,Medium
ONC-02646,80,Male,Lung,Stage Iv,5.0,Current,Regular,Yes,28.8,2017-07-22,Radiation Therapy,4,22,Deceased,Critical
ONC-00918,80,Female,Brain,Stage Iv,0.7,Never,Occasional,Yes,15.8,2022-07-27,Combination Therapy,8,10,Alive,Critical
ONC-05584,71,Male,Skin (Melanoma),Stage Ii,6.4,Former,Occasional,No,24.2,2019-11-25,Immunotherapy,4,8,Alive,High
ONC-06823,36,Other,Ovarian,Stage Iii,4.8,Current,Heavy,Yes,27.6,2018-03-28,Surgery,6,10,Alive,High
ONC-01768,63,Male,Skin (Melanoma),Stage I,9.6,Former,Regular,No,23.3,2016-10-03,Radiation Therapy,1,12,Deceased,Low
ONC-00119,61,Female,Pancreatic,Stage Iv,2.0,Never,Regular,Yes,31.2,2019-12-22,Immunotherapy,9,23,Deceased,Critical
ONC-06463,58,Female,Brain,Stage Iv,0.8,Current,Regular,Yes,24.4,2015-10-17,Palliative Care,8,37,Deceased,High
ONC-04687,10,Other,Breast,Stage I,0.7,Former,Heavy,No,25.3,2018-05-08,Immunotherapy,3,6,Alive,Medium
ONC-05398,62,Female,Breast,Stage Iii,0.7,Never,Occasional,No,26.1,2020-02-21,Surgery,7,23,Alive,Medium
ONC-00656,55,Female,Colorectal,Stage Iv,0.9,Never,Occasional,No,27.1,2017-06-13,Combination Therapy,3,5,Alive,High
ONC-02043,30,Female,Brain,Stage I,7.9,Current,Heavy,Yes,24.9,2015-10-29,Combination Therapy,8,3,Alive,Medium
ONC-03218,55,Other,Liver,Stage I,2.0,Former,Heavy,Yes,24.6,2018-05-28,Chemotherapy,4,29,Deceased,Low
ONC-01827,35,Female,Breast,Stage Iv,2.9,Never,Heavy,Yes,27.0,2024-08-23,Surgery,9,11,Alive,Critical
ONC-01563,39,Male,Breast,Stage I,5.3,Never,Occasional,No,33.2,2018-08-15,Immunotherapy,6,3,Deceased,Low
ONC-05702,55,Male,Blood (Leukemia),Stage Iv,5.3,Current,Heavy,No,20.8,2024-05-29,Immunotherapy,7,1,Alive,Critical
ONC-00344,35,Female,Pancreatic,Stage I,6.4,Never,Heavy,Yes,12.0,2022-03-17,Combination Therapy,7,4,Alive,Low
ONC-02413,70,Male,Blood (Leukemia),Stage Iii,1.8,Never,Occasional,No,28.3,2018-03-07,Radiation Therapy,6,70,Deceased,Medium
ONC-05093,61,Other,Colorectal,Stage Iii,0.4,Former,Occasional,No,23.3,2022-03-26,Palliative Care,6,5,Alive,High
ONC-02214,55,Other,Liver,Stage I,5.5,Former,Occasional,Yes,33.2,2019-12-28,Radiation Therapy,8,21,Alive,Medium
ONC-05058,73,Other,Brain,Stage Iii,0.9,Never,Occasional,No,23.3,2016-01-11,Immunotherapy,3,7,Alive,High
ONC-01252,68,Other,Colorectal,Stage I,5.9,Former,Regular,No,29.9,2022-01-27,Palliative Care,5,0,Alive,Low
ONC-00900,41,Female,Liver,Stage Iii,0.6,Current,Occasional,Yes,20.1,2023-07-23,Combination Therapy,3,4,Alive,Medium
ONC-02393,48,Female,Prostate,Stage Iv,12.6,Current,Occasional,No,35.9,2023-03-04,Chemotherapy,6,30,Alive,High
ONC-01926,66,Female,Lung,Stage Iii,10.1,Current,Occasional,Yes,27.7,2017-05-27,Immunotherapy,7,1,Alive,Medium
ONC-07486,23,Male,Ovarian,Stage Ii,1.6,Never,Regular,No,30.3,2018-09-26,Immunotherapy,9,4,Deceased,Medium
ONC-03172,43,Female,Lung,Stage Iii,5.3,Current,Heavy,Yes,23.7,2021-07-15,Immunotherapy,7,21,Alive,Critical
ONC-03449,53,Female,Breast,Stage I,0.7,Current,Regular,Yes,32.6,2016-07-12,Palliative Care,4,9,Alive,Low
ONC-00589,47,Other,Prostate,Stage I,1.3,Former,Regular,Yes,33.0,2020-11-15,Palliative Care,10,11,Alive,Low
ONC-04864,61,Other,Pancreatic,Stage Ii,14.2,Former,Regular,Yes,21.9,2022-10-22,Palliative Care,11,32,Alive,Low
ONC-01611,67,Male,Liver,Stage I,3.0,Current,Occasional,Yes,18.7,2020-05-10,Combination Therapy,10,9,Deceased,Low
ONC-05125,56,Other,Skin (Melanoma),Stage Iv,4.0,Never,Regular,No,18.5,2019-05-19,Palliative Care,5,6,Deceased,High
ONC-00709,64,Female,Prostate,Stage I,1.8,Current,Occasional,No,28.3,2019-01-03,Surgery,7,4,Alive,Low
ONC-02503,85,Male,Liver,Stage I,0.1,Former,Occasional,Yes,19.5,2020-11-13,Radiation Therapy,5,22,Deceased,Low
ONC-05300,49,Other,Skin (Melanoma),Stage Ii,0.7,Former,Occasional,Yes,31.7,2023-06-25,Surgery,8,23,Alive,High
ONC-03373,57,Female,Colorectal,Stage I,1.9,Never,Regular,Yes,30.1,2019-03-09,Palliative Care,4,13,Alive,Medium
ONC-06403,47,Male,Liver,Stage I,2.6,Former,Regular,No,28.8,2016-08-03,Palliative Care,7,26,Alive,Low
ONC-04721,84,Other,Colorectal,Stage Iv,9.6,Former,Occasional,No,27.7,2016-03-13,Chemotherapy,5,5,Alive,Critical
ONC-04216,31,Female,Ovarian,Stage Iii,1.4,Former,Regular,No,33.7,2020-07-18,Surgery,5,23,Alive,Low
ONC-01085,12,Male,Prostate,Stage Iv,0.8,Never,Regular,Yes,22.4,2020-08-05,Surgery,10,25,Alive,Medium
ONC-06421,65,Female,Pancreatic,Stage Ii,0.6,Former,Heavy,Yes,23.0,2015-09-13,Palliative Care,8,28,Deceased,Medium
ONC-01783,57,Female,Colorectal,Stage Iv,1.0,Never,Occasional,No,29.7,2017-03-08,Chemotherapy,4,15,Deceased,Critical
ONC-00432,75,Other,Colorectal,Stage Ii,0.2,Former,Regular,Yes,28.4,2022-12-19,Palliative Care,6,7,Deceased,Low
ONC-00088,56,Female,Prostate,Stage Iv,0.7,Former,Occasional,No,29.1,2022-02-13,Immunotherapy,11,14,Deceased,Critical
ONC-05735,71,Male,Blood (Leukemia),Stage Iii,2.8,Current,Heavy,No,21.0,2021-09-27,Palliative Care,5,7,Alive,High
ONC-01236,34,Other,Lung,Stage Iii,5.9,Never,Heavy,No,28.0,2017-07-30,Combination Therapy,6,2,Deceased,High
ONC-07045,74,Male,Skin (Melanoma),Stage Iii,5.4,Current,Heavy,No,24.9,2020-09-05,Combination Therapy,4,5,Alive,Medium
ONC-01225,81,Male,Skin (Melanoma),Stage Iii,7.9,Never,Occasional,Yes,27.3,2024-10-08,Combination Therapy,3,28,Alive,Critical
ONC-01128,87,Male,Lung,Stage Iv,3.8,Current,Regular,No,20.7,2018-04-17,Combination Therapy,6,14,Deceased,High
ONC-07453,39,Other,Prostate,Stage Iii,1.3,Former,Occasional,No,23.9,2017-05-04,Combination Therapy,9,7,Alive,High
ONC-03145,40,Male,Colorectal,Stage Ii,0.5,Never,Occasional,No,22.5,2018-02-20,Immunotherapy,8,12,Alive,Low
ONC-05049,67,Male,Blood (Leukemia),Stage Ii,0.6,Former,Heavy,Yes,27.3,2024-04-14,Palliative Care,7,38,Alive,Low
ONC-00448,86,Male,Colorectal,Stage Iv,2.0,Current,Heavy,Yes,22.1,2023-05-18,Palliative Care,7,5,Alive,Critical
ONC-02694,71,Male,Pancreatic,Stage I,0.7,Former,Occasional,No,27.5,2016-06-19,Immunotherapy,4,24,Alive,Low
ONC-05002,70,Other,Colorectal,Stage Iii,3.5,Former,Occasional,No,36.4,2022-01-22,Palliative Care,5,15,Deceased,Critical
ONC-06350,70,Other,Pancreatic,Stage Iii,1.4,Former,Heavy,Yes,25.2,2016-07-24,Radiation Therapy,10,19,Alive,Critical
ONC-05278,60,Female,Skin (Melanoma),Stage I,8.8,Current,Heavy,Yes,30.5,2021-01-17,Palliative Care,5,59,Alive,Low
ONC-02180,48,Female,Blood (Leukemia),Stage Ii,0.4,Former,Regular,Yes,27.0,2019-06-16,Immunotherapy,12,18,Alive,High
ONC-02108,46,Male,Liver,Stage I,5.8,Former,Heavy,Yes,31.1,2015-07-20,Combination Therapy,11,13,Deceased,Low
ONC-07018,95,Female,Brain,Stage Ii,2.8,Former,Occasional,No,23.2,2022-02-18,Chemotherapy,3,5,Alive,High
ONC-02472,79,Other,Breast,Stage Iv,3.4,Current,Occasional,Yes,22.5,2022-07-19,Combination Therapy,6,11,Deceased,High
ONC-01734,43,Male,Liver,Stage I,19.8,Current,Occasional,Yes,27.4,2019-08-10,Surgery,7,26,Alive,Medium
ONC-06244,65,Male,Ovarian,Stage Ii,1.7,Current,Occasional,No,22.3,2022-12-07,Immunotherapy,4,15,Alive,Medium
ONC-05973,68,Male,Pancreatic,Stage Iii,2.7,Former,Heavy,Yes,28.3,2017-12-23,Radiation Therapy,7,26,Deceased,Critical
ONC-04026,78,Other,Skin (Melanoma),Stage Iv,16.0,Current,Occasional,No,23.2,2022-02-26,Radiation Therapy,5,15,Deceased,High
ONC-02865,60,Female,Lung,Stage Iii,9.4,Current,Heavy,No,26.4,2024-10-19,Combination Therapy,8,2,Alive,Medium
ONC-06971,57,Female,Prostate,Stage I,0.2,Former,Heavy,Yes,30.0,2018-04-18,Surgery,6,2,Alive,Medium
ONC-01171,58,Male,Blood (Leukemia),Stage Ii,2.1,Former,Occasional,No,25.2,2021-03-20,Chemotherapy,7,15,Alive,Medium
ONC-05400,20,Female,Skin (Melanoma),Stage Iii,8.8,Never,Regular,No,30.1,2024-10-13,Surgery,4,9,Alive,Critical
ONC-04601,57,Other,Liver,Stage Ii,0.3,Never,Regular,No,18.0,2021-04-13,Surgery,7,7,Alive,High
ONC-00025,53,Male,Breast,Stage I,1.6,Never,Heavy,No,29.8,2020-05-25,Chemotherapy,4,1,Deceased,High
ONC-05315,66,Female,Breast,Stage Iii,3.6,Former,Occasional,No,33.0,2022-08-05,Combination Therapy,8,5,Alive,Medium
ONC-00731,39,Male,Skin (Melanoma),Stage I,3.3,Current,Occasional,Yes,33.1,2017-01-26,Palliative Care,3,21,Alive,Medium
ONC-00552,73,Female,Brain,Stage I,0.8,Never,Regular,Yes,24.0,2017-05-29,Radiation Therapy,9,31,Alive,Low
ONC-00146,41,Male,Prostate,Stage I,1.6,Current,Occasional,No,21.6,2018-12-09,Palliative Care,11,1,Deceased,Low
ONC-02213,54,Male,Lung,Stage Ii,0.4,Former,Occasional,No,16.6,2018-08-28,Chemotherapy,7,2,Alive,Medium
ONC-00944,44,Other,Colorectal,Stage Ii,0.1,Never,Occasional,No,22.9,2023-04-16,Radiation Therapy,8,4,Alive,Medium
ONC-01927,65,Female,Pancreatic,Stage Ii,1.6,Never,Occasional,Yes,27.9,2022-01-27,Palliative Care,5,13,Alive,Low
ONC-02604,63,Other,Liver,Stage Iv,1.3,Never,Regular,No,30.2,2022-03-07,Palliative Care,3,3,Deceased,High
ONC-04294,63,Other,Breast,Stage Iii,0.1,Current,Occasional,No,27.0,2022-04-06,Palliative Care,8,0,Alive,Medium
ONC-04435,63,Other,Ovarian,Stage Ii,1.1,Current,Occasional,No,26.2,2015-12-12,Chemotherapy,4,20,Alive,Low
ONC-04331,33,Male,Brain,Stage Ii,2.9,Never,Regular,No,22.4,2019-02-22,Immunotherapy,3,38,Deceased,Low
ONC-03589,79,Female,Skin (Melanoma),Stage Ii,2.4,Never,Regular,Yes,26.5,2022-06-17,Combination Therapy,5,6,Alive,Medium
ONC-02923,60,Female,Liver,Stage Ii,3.9,Former,Heavy,Yes,23.2,2024-06-09,Radiation Therapy,5,3,Alive,High
ONC-06640,48,Female,Ovarian,Stage Iii,0.9,Never,Heavy,Yes,28.6,2018-01-15,Surgery,7,3,Alive,Medium
ONC-04457,36,Male,Ovarian,Stage I,0.2,Former,Regular,No,31.2,2017-12-05,Immunotherapy,5,40,Alive,Low
ONC-05718,75,Female,Colorectal,Stage Iv,0.8,Never,Occasional,No,32.1,2019-08-12,Immunotherapy,5,19,Alive,Critical
ONC-01130,74,Female,Lung,Stage Ii,7.6,Never,Regular,Yes,25.9,2015-02-09,Radiation Therapy,6,0,Alive,Medium
ONC-06483,31,Female,Lung,Stage Ii,11.4,Former,Heavy,Yes,21.6,2019-06-28,Chemotherapy,3,65,Alive,Medium
ONC-02514,67,Other,Skin (Melanoma),Stage Iv,0.1,Never,Regular,Yes,19.5,2015-10-25,Palliative Care,6,3,Alive,High
ONC-02637,96,Female,Breast,Stage Ii,4.4,Current,Heavy,No,20.1,2024-02-18,Surgery,2,20,Alive,High
ONC-04883,71,Female,Skin (Melanoma),Stage Iii,7.1,Former,Regular,No,27.3,2015-03-04,Combination Therapy,6,2,Deceased,Medium
ONC-03469,57,Other,Breast,Stage Iv,3.2,Former,Regular,No,31.9,2024-11-20,Palliative Care,9,23,Alive,High
ONC-06000,56,Other,Ovarian,Stage Iv,3.8,Former,Occasional,Yes,26.9,2018-09-15,Palliative Care,9,51,Deceased,High
ONC-01268,59,Male,Colorectal,Stage I,0.1,Former,Heavy,Yes,22.0,2024-03-05,Palliative Care,2,9,Deceased,Low
ONC-06893,81,Other,Pancreatic,Stage Iv,1.0,Never,Regular,Yes,25.6,2022-10-28,Radiation Therapy,2,3,Alive,High
ONC-05377,53,Male,Ovarian,Stage Ii,5.2,Never,Occasional,Yes,23.5,2018-02-01,Surgery,8,7,Alive,High
ONC-03159,43,Female,Breast,Stage I,3.1,Former,Regular,No,32.5,2018-01-17,Surgery,6,88,Alive,Medium
ONC-04396,65,Other,Prostate,Stage Ii,0.6,Never,Occasional,Yes,24.5,2019-01-01,Chemotherapy,7,104,Alive,Medium
ONC-03560,58,Male,Lung,Stage I,0.2,Never,Regular,No,23.0,2019-09-15,Combination Therapy,6,10,Alive,Low
ONC-07119,55,Other,Prostate,Stage Ii,3.2,Current,Heavy,No,25.2,2022-06-12,Palliative Care,5,10,Deceased,Medium
ONC-04402,59,Female,Ovarian,Stage Iv,3.2,Former,Regular,No,17.3,2019-11-18,Surgery,6,9,Alive,High
ONC-07377,54,Female,Liver,Stage Ii,5.7,Current,Occasional,Yes,29.3,2017-12-09,Combination Therapy,7,40,Deceased,Medium
ONC-04973,39,Other,Ovarian,Stage Ii,2.9,Former,Heavy,No,26.4,2016-05-10,Chemotherapy,5,24,Alive,Medium
ONC-03871,50,Other,Lung,Stage Iii,3.5,Current,Regular,Yes,28.3,2015-08-14,Palliative Care,5,10,Deceased,Medium
ONC-00742,65,Other,Brain,Stage Iii,6.7,Former,Regular,No,21.0,2022-06-23,Combination Therapy,6,5,Deceased,High
ONC-00615,54,Other,Ovarian,Stage Iii,9.2,Never,Regular,Yes,25.3,2016-10-07,Radiation Therapy,5,15,Alive,High
ONC-05376,66,Female,Blood (Leukemia),Stage Ii,2.4,Former,Occasional,No,29.3,2017-06-03,Immunotherapy,4,20,Alive,High
ONC-01806,71,Male,Blood (Leukemia),Stage I,2.6,Former,Heavy,Yes,34.1,2017-09-12,Combination Therapy,1,39,Deceased,Low
ONC-01234,68,Other,Blood (Leukemia),Stage Iii,0.7,Former,Occasional,No,16.6,2017-09-22,Radiation Therapy,6,29,Alive,Medium
ONC-05021,28,Male,Breast,Stage I,4.6,Former,Regular,Yes,30.5,2015-07-06,Radiation Therapy,7,16,Alive,Medium
ONC-05240,40,Other,Skin (Melanoma),Stage Ii,5.8,Current,Heavy,No,25.1,2018-12-13,Chemotherapy,4,17,Deceased,High
ONC-07041,99,Male,Liver,Stage Iv,1.5,Former,Regular,No,33.2,2019-04-15,Surgery,11,19,Deceased,Critical
ONC-04498,44,Male,Prostate,Stage Iii,2.6,Former,Occasional,No,19.6,2020-06-27,Radiation Therapy,14,10,Alive,Medium
ONC-01104,39,Female,Pancreatic,Stage Iv,0.3,Current,Heavy,No,16.4,2016-04-09,Chemotherapy,7,0,Alive,High
ONC-03911,62,Female,Prostate,Stage Ii,4.9,Never,Occasional,Yes,18.5,2021-09-22,Chemotherapy,6,37,Alive,High
ONC-03869,56,Other,Brain,Stage Ii,0.3,Never,Heavy,Yes,33.7,2022-07-24,Combination Therapy,8,3,Alive,High
ONC-00802,66,Female,Prostate,Stage I,6.9,Current,Regular,Yes,26.5,2019-01-10,Palliative Care,8,4,Alive,Low
ONC-04251,75,Other,Prostate,Stage Ii,3.7,Never,Occasional,Yes,17.7,2024-03-15,Chemotherapy,7,6,Alive,Low
ONC-06752,48,Female,Prostate,Stage Iii,1.9,Never,Heavy,No,28.3,2015-12-18,Radiation Therapy,1,35,Alive,Medium
ONC-03653,61,Other,Blood (Leukemia),Stage Iv,0.5,Current,Heavy,Yes,29.2,2015-05-24,Combination Therapy,6,13,Alive,Critical
ONC-01192,53,Male,Lung,Stage I,0.5,Former,Regular,Yes,29.7,2016-12-13,Radiation Therapy,3,12,Alive,Medium
ONC-00578,61,Other,Skin (Melanoma),Stage Iv,8.8,Current,Regular,Yes,23.8,2023-09-27,Chemotherapy,8,5,Alive,Critical
ONC-05665,61,Female,Pancreatic,Stage Ii,1.3,Never,Occasional,Yes,20.9,2019-10-30,Surgery,11,9,Deceased,Medium
ONC-07160,62,Male,Breast,Stage Ii,5.7,Current,Regular,No,30.5,2015-07-04,Radiation Therapy,8,12,Alive,High
ONC-03710,51,Male,Skin (Melanoma),Stage Iii,6.2,Former,Regular,No,31.1,2021-12-24,Radiation Therapy,4,13,Deceased,Medium
ONC-00683,63,Male,Pancreatic,Stage Ii,0.5,Former,Occasional,No,27.2,2018-01-09,Chemotherapy,5,1,Alive,Medium
ONC-00094,57,Other,Lung,Stage Iv,1.7,Never,Heavy,No,27.2,2020-09-15,Palliative Care,7,20,Alive,Critical
ONC-06053,19,Male,Pancreatic,Stage Iii,20.0,Never,Heavy,Yes,24.1,2020-09-10,Chemotherapy,6,10,Alive,High
ONC-04895,50,Male,Blood (Leukemia),Stage Iv,2.9,Current,Regular,No,23.9,2015-08-26,Palliative Care,7,6,Alive,High
ONC-00230,63,Other,Pancreatic,Stage I,0.2,Current,Heavy,Yes,21.3,2020-09-21,Immunotherapy,1,24,Deceased,Medium
ONC-00516,58,Male,Colorectal,Stage Ii,2.1,Never,Heavy,Yes,24.5,2015-04-18,Immunotherapy,2,13,Alive,Medium
ONC-02953,31,Other,Prostate,Stage Iii,2.1,Former,Occasional,Yes,21.2,2016-10-06,Palliative Care,3,4,Alive,High
ONC-01799,68,Other,Prostate,Stage Iv,0.4,Never,Heavy,Yes,12.2,2021-04-04,Immunotherapy,7,24,Alive,High
ONC-05260,42,Female,Pancreatic,Stage Ii,4.4,Never,Regular,Yes,37.1,2017-11-03,Immunotherapy,7,6,Alive,Low
ONC-04155,64,Male,Brain,Stage Iv,1.9,Current,Heavy,Yes,27.9,2015-08-28,Radiation Therapy,3,7,Alive,Critical
ONC-01441,70,Other,Skin (Melanoma),Stage Iii,1.2,Current,Regular,No,16.5,2022-06-24,Radiation Therapy,4,8,Deceased,Critical
ONC-01338,65,Other,Lung,Stage Iv,4.1,Never,Regular,No,30.3,2019-09-27,Immunotherapy,8,7,Alive,Critical
ONC-01895,48,Other,Lung,Stage Iii,0.1,Current,Heavy,Yes,26.2,2018-10-12,Surgery,6,17,Alive,Low
ONC-04388,58,Male,Pancreatic,Stage Iv,5.0,Former,Regular,No,27.2,2020-10-17,Combination Therapy,7,30,Alive,High
ONC-01655,64,Female,Pancreatic,Stage Iv,4.5,Never,Regular,No,23.1,2024-03-17,Combination Therapy,1,8,Alive,Critical
ONC-01608,51,Male,Liver,Stage I,2.0,Never,Occasional,No,21.6,2016-06-29,Palliative Care,4,3,Deceased,Low
ONC-06824,40,Male,Colorectal,Stage Iv,0.2,Current,Heavy,Yes,23.9,2018-07-15,Immunotherapy,4,55,Alive,Medium
ONC-01303,52,Female,Breast,Stage Iii,0.3,Never,Regular,No,35.8,2021-05-16,Palliative Care,3,28,Alive,Medium
ONC-01674,40,Male,Blood (Leukemia),Stage Iii,1.6,Never,Occasional,No,25.4,2018-09-14,Surgery,2,35,Alive,High
ONC-01870,43,Other,Pancreatic,Stage Iv,0.5,Former,Regular,No,25.1,2016-07-09,Immunotherapy,5,17,Alive,High
ONC-02464,39,Female,Colorectal,Stage Ii,2.2,Current,Occasional,Yes,24.2,2015-04-21,Immunotherapy,7,15,Alive,Medium
ONC-00930,80,Female,Colorectal,Stage Iv,2.5,Never,Occasional,No,28.5,2022-07-08,Palliative Care,6,1,Alive,Medium
ONC-01789,55,Male,Blood (Leukemia),Stage Ii,11.8,Never,Regular,No,13.2,2018-12-28,Surgery,6,63,Deceased,Low
ONC-07221,79,Male,Brain,Stage Ii,9.2,Current,Heavy,Yes,26.0,2019-04-06,Combination Therapy,4,4,Alive,High
ONC-01297,26,Other,Skin (Melanoma),Stage Iii,0.1,Never,Heavy,No,27.4,2020-07-01,Chemotherapy,7,6,Alive,High
ONC-05145,68,Male,Skin (Melanoma),Stage I,1.9,Former,Heavy,Yes,23.8,2017-06-15,Radiation Therapy,3,15,Alive,Low
ONC-02796,46,Male,Breast,Stage I,2.1,Former,Regular,Yes,24.0,2021-04-28,Chemotherapy,6,12,Alive,Medium
ONC-00858,27,Male,Blood (Leukemia),Stage Iii,2.8,Never,Occasional,Yes,22.6,2023-06-08,Combination Therapy,6,3,Alive,Medium
ONC-00545,61,Male,Lung,Stage Iv,1.8,Former,Heavy,No,23.9,2023-11-28,Palliative Care,5,45,Alive,Critical
ONC-06041,46,Male,Colorectal,Stage Ii,4.4,Never,Regular,Yes,21.2,2016-12-06,Surgery,7,22,Deceased,Medium
ONC-05882,37,Other,Pancreatic,Stage I,2.2,Never,Regular,Yes,25.5,2024-04-26,Palliative Care,4,12,Alive,Medium
ONC-00573,51,Female,Breast,Stage Iii,6.4,Former,Occasional,Yes,31.3,2023-03-09,Immunotherapy,3,14,Alive,Medium
ONC-04167,41,Female,Colorectal,Stage Iv,1.2,Never,Heavy,No,30.6,2020-05-20,Chemotherapy,4,15,Alive,High
ONC-05555,91,Female,Colorectal,Stage I,0.4,Current,Heavy,No,24.1,2017-12-03,Combination Therapy,6,19,Alive,Low
ONC-00335,72,Other,Colorectal,Stage Ii,9.6,Never,Occasional,Yes,23.7,2016-11-04,Immunotherapy,2,3,Alive,High
ONC-04739,68,Female,Brain,Stage Iii,2.2,Current,Occasional,Yes,25.9,2015-08-12,Surgery,4,46,Alive,Medium
ONC-04197,48,Other,Brain,Stage Ii,3.2,Never,Regular,Yes,28.4,2017-05-12,Surgery,7,21,Alive,High
ONC-07406,61,Male,Colorectal,Stage Iv,4.8,Current,Occasional,Yes,32.9,2021-08-30,Surgery,8,11,Deceased,Critical
ONC-06990,32,Other,Brain,Stage Iv,6.6,Current,Regular,Yes,26.8,2021-12-24,Palliative Care,5,12,Deceased,Critical
ONC-06508,72,Male,Skin (Melanoma),Stage Ii,5.7,Former,Occasional,Yes,28.8,2017-09-04,Combination Therapy,8,10,Alive,Medium
ONC-06486,41,Other,Liver,Stage Iii,4.2,Current,Occasional,Yes,20.7,2024-07-22,Radiation Therapy,6,5,Alive,Medium
ONC-03744,32,Other,Blood (Leukemia),Stage Ii,4.0,Never,Regular,No,27.4,2016-01-27,Surgery,5,2,Deceased,Medium
ONC-00492,56,Female,Ovarian,Stage Iii,0.1,Never,Occasional,No,30.2,2019-07-13,Combination Therapy,7,8,Alive,Medium
ONC-00794,87,Male,Blood (Leukemia),Stage Iv,3.1,Current,Occasional,Yes,29.4,2018-12-02,Surgery,4,23,Alive,High
ONC-06295,50,Other,Colorectal,Stage Iv,1.0,Former,Occasional,Yes,23.4,2023-09-27,Radiation Therapy,5,18,Alive,Critical
ONC-04647,52,Male,Breast,Stage I,3.9,Current,Heavy,No,24.1,2018-01-10,Palliative Care,7,0,Alive,Low
ONC-02357,64,Female,Breast,Stage I,2.2,Never,Regular,Yes,26.7,2023-02-04,Combination Therapy,7,58,Alive,Medium
ONC-04939,75,Female,Blood (Leukemia),Stage Iv,1.5,Current,Heavy,Yes,21.9,2020-05-18,Chemotherapy,6,12,Deceased,High
ONC-02069,62,Other,Breast,Stage Iii,5.4,Never,Heavy,No,33.8,2020-02-26,Radiation Therapy,9,21,Alive,High
ONC-07183,67,Female,Blood (Leukemia),Stage Iv,4.3,Former,Heavy,No,33.1,2015-02-25,Immunotherapy,7,2,Alive,Critical
ONC-01944,81,Male,Prostate,Stage Ii,2.4,Never,Occasional,No,33.4,2023-01-26,Immunotherapy,3,6,Deceased,Medium
ONC-03537,76,Female,Breast,Stage Ii,14.5,Former,Heavy,No,29.3,2022-02-25,Palliative Care,4,62,Deceased,Medium
ONC-02978,51,Male,Colorectal,Stage Iv,1.6,Never,Regular,Yes,30.4,2023-12-02,Combination Therapy,7,9,Alive,High
ONC-00112,57,Other,Liver,Stage Ii,3.4,Former,Regular,Yes,20.2,2017-11-18,Immunotherapy,2,21,Deceased,Low
ONC-01465,60,Other,Ovarian,Stage Iv,3.0,Current,Regular,Yes,33.3,2021-11-01,Surgery,12,0,Deceased,Medium
ONC-02752,62,Female,Prostate,Stage Iii,1.2,Former,Occasional,Yes,34.9,2024-07-06,Surgery,7,3,Alive,High
ONC-00673,43,Female,Skin (Melanoma),Stage Iv,8.1,Current,Occasional,Yes,23.3,2016-08-09,Palliative Care,8,9,Alive,Critical
ONC-02683,64,Other,Pancreatic,Stage Ii,5.9,Current,Regular,Yes,33.5,2021-12-22,Immunotherapy,5,1,Deceased,Low
ONC-01136,51,Female,Breast,Stage I,4.6,Current,Regular,No,18.5,2018-07-23,Radiation Therapy,7,17,Alive,Low
ONC-03808,38,Female,Lung,Stage Iv,10.0,Never,Regular,No,22.5,2019-04-18,Surgery,3,9,Deceased,High
ONC-01680,46,Other,Prostate,Stage I,1.2,Never,Occasional,Yes,26.4,2020-01-13,Chemotherapy,13,1,Alive,Low
ONC-01185,54,Other,Breast,Stage Iii,4.0,Current,Heavy,Yes,27.6,2018-12-23,Chemotherapy,6,15,Alive,Low
ONC-00833,42,Other,Prostate,Stage I,1.2,Current,Regular,No,31.1,2019-07-05,Palliative Care,2,6,Deceased,High
ONC-03777,63,Other,Prostate,Stage I,0.6,Current,Heavy,No,32.1,2024-03-26,Immunotherapy,7,3,Deceased,Low
ONC-01513,45,Female,Skin (Melanoma),Stage I,0.1,Current,Heavy,No,22.8,2018-10-18,Palliative Care,8,23,Alive,Low
ONC-06716,46,Female,Breast,Stage Iv,1.2,Never,Regular,No,19.7,2020-03-24,Combination Therapy,11,1,Alive,Critical
ONC-07334,51,Female,Lung,Stage I,1.0,Never,Regular,Yes,19.7,2017-11-13,Immunotherapy,8,23,Deceased,Low
ONC-05937,81,Other,Prostate,Stage Iv,2.1,Current,Regular,No,26.5,2020-09-30,Palliative Care,3,11,Deceased,Critical
ONC-01668,48,Female,Blood (Leukemia),Stage Iv,5.5,Current,Regular,No,25.1,2015-11-29,Chemotherapy,6,24,Alive,Critical
ONC-01475,49,Other,Lung,Stage Iii,2.1,Current,Occasional,Yes,30.1,2020-07-31,Chemotherapy,6,6,Alive,High
ONC-05658,53,Male,Prostate,Stage Iii,0.7,Current,Regular,Yes,26.7,2024-09-18,Palliative Care,6,1,Alive,High
ONC-03135,62,Other,Prostate,Stage Iv,0.2,Current,Regular,No,24.8,2024-01-02,Immunotherapy,7,4,Alive,Medium
ONC-05233,19,Male,Pancreatic,Stage I,3.1,Never,Occasional,Yes,33.0,2023-12-30,Surgery,9,45,Alive,Medium
ONC-04929,47,Male,Ovarian,Stage Iv,3.5,Current,Heavy,No,27.7,2021-09-14,Surgery,9,0,Alive,High
ONC-01100,67,Female,Blood (Leukemia),Stage I,0.9,Never,Heavy,No,25.5,2016-04-10,Palliative Care,6,5,Alive,Low
ONC-02814,61,Male,Ovarian,Stage Iv,2.3,Current,Heavy,Yes,31.2,2024-12-08,Palliative Care,7,0,Deceased,Critical
ONC-00310,76,Other,Prostate,Stage Ii,0.7,Never,Occasional,No,34.4,2018-12-09,Palliative Care,4,21,Alive,Low
ONC-01621,48,Male,Colorectal,Stage Iv,5.5,Never,Regular,Yes,19.5,2017-04-22,Combination Therapy,2,24,Deceased,Critical
ONC-02903,73,Male,Colorectal,Stage Iii,1.0,Never,Regular,No,37.0,2020-01-28,Immunotherapy,4,26,Alive,High
ONC-05168,77,Male,Liver,Stage Ii,1.8,Current,Regular,Yes,24.5,2024-11-03,Palliative Care,5,5,Alive,Medium
ONC-03997,44,Other,Pancreatic,Stage Ii,0.8,Never,Occasional,Yes,24.6,2017-06-24,Immunotherapy,4,9,Deceased,Low
ONC-03768,65,Other,Brain,Stage I,1.0,Current,Occasional,Yes,25.5,2023-01-17,Palliative Care,3,7,Alive,Medium
ONC-05597,52,Female,Pancreatic,Stage Iv,1.1,Never,Regular,Yes,23.8,2015-08-21,Combination Therapy,8,2,Alive,Critical
ONC-04593,56,Other,Lung,Stage Iv,9.5,Former,Regular,No,28.4,2024-01-06,Immunotherapy,6,1,Deceased,High
ONC-07460,60,Other,Brain,Stage Ii,1.1,Never,Occasional,Yes,25.6,2019-11-18,Combination Therapy,5,19,Alive,Medium
ONC-06279,46,Male,Liver,Stage Iv,1.8,Never,Heavy,Yes,28.5,2021-05-30,Immunotherapy,8,10,Alive,Critical
ONC-05126,48,Female,Ovarian,Stage Ii,4.4,Never,Heavy,Yes,34.2,2022-11-09,Combination Therapy,3,12,Alive,Medium
ONC-06547,65,Female,Colorectal,Stage I,5.3,Never,Regular,No,25.6,2017-04-11,Chemotherapy,5,9,Alive,Medium
ONC-05519,78,Other,Blood (Leukemia),Stage Iv,1.9,Never,Regular,No,31.8,2019-01-04,Combination Therapy,6,15,Deceased,High
ONC-01478,73,Male,Pancreatic,Stage I,0.2,Current,Regular,No,32.3,2023-06-28,Combination Therapy,8,8,Alive,Medium
ONC-03286,58,Male,Ovarian,Stage Iv,11.3,Never,Regular,Yes,29.5,2017-06-23,Surgery,11,4,Alive,Critical
ONC-03290,59,Male,Liver,Stage Iv,1.1,Never,Occasional,No,24.7,2020-09-14,Radiation Therapy,6,11,Alive,Critical
ONC-05464,61,Male,Pancreatic,Stage Iv,2.2,Never,Heavy,No,36.6,2021-05-25,Combination Therapy,8,1,Alive,High
ONC-06526,64,Male,Breast,Stage Iv,1.6,Former,Heavy,Yes,24.9,2024-06-22,Radiation Therapy,6,12,Deceased,High
ONC-06916,79,Other,Pancreatic,Stage Iii,7.8,Current,Regular,No,22.9,2022-05-08,Immunotherapy,6,11,Alive,High
ONC-00127,74,Male,Pancreatic,Stage Iv,0.8,Former,Heavy,Yes,20.8,2015-11-27,Radiation Therapy,7,20,Alive,High
ONC-05679,60,Female,Blood (Leukemia),Stage I,3.3,Former,Heavy,Yes,28.6,2019-05-03,Combination Therapy,5,19,Alive,Low
ONC-02970,73,Other,Brain,Stage Iii,2.1,Current,Heavy,Yes,31.0,2018-01-30,Radiation Therapy,8,7,Deceased,Medium
ONC-04981,58,Male,Ovarian,Stage Iv,2.2,Current,Heavy,No,33.1,2015-05-01,Surgery,7,8,Alive,High
ONC-05972,73,Female,Blood (Leukemia),Stage Ii,1.5,Never,Regular,Yes,23.7,2023-11-21,Combination Therapy,11,7,Deceased,High
ONC-01273,63,Other,Blood (Leukemia),Stage I,0.2,Never,Heavy,Yes,26.1,2020-01-06,Radiation Therapy,6,12,Alive,Low
ONC-01739,51,Male,Colorectal,Stage Iv,1.5,Never,Occasional,No,21.9,2015-01-01,Immunotherapy,7,41,Alive,Critical
ONC-07093,63,Female,Ovarian,Stage Iii,0.7,Former,Occasional,No,34.0,2020-02-06,Combination Therapy,9,20,Deceased,Critical
ONC-04384,22,Male,Breast,Stage I,4.0,Former,Occasional,Yes,13.3,2023-11-21,Surgery,6,2,Alive,Medium
ONC-06910,47,Male,Skin (Melanoma),Stage Ii,1.7,Current,Occasional,Yes,30.0,2016-01-23,Surgery,8,0,Deceased,Low
ONC-05206,29,Other,Ovarian,Stage I,0.1,Current,Heavy,Yes,32.0,2023-11-16,Combination Therapy,13,6,Alive,Low
ONC-03569,74,Female,Brain,Stage I,10.0,Current,Regular,Yes,38.0,2024-11-01,Radiation Therapy,6,21,Alive,Low
ONC-02622,73,Female,Prostate,Stage I,1.6,Never,Occasional,Yes,22.7,2021-08-28,Immunotherapy,6,7,Alive,Medium
ONC-04445,53,Other,Lung,Stage Iii,2.0,Former,Heavy,Yes,30.5,2017-08-04,Palliative Care,9,64,Alive,High
ONC-05680,61,Female,Blood (Leukemia),Stage I,1.0,Current,Occasional,No,26.0,2015-12-02,Surgery,3,8,Alive,Low
ONC-03211,52,Other,Liver,Stage I,4.5,Never,Heavy,No,22.9,2019-06-28,Combination Therapy,7,11,Alive,Critical
ONC-05288,62,Male,Lung,Stage Ii,4.0,Former,Regular,No,31.8,2016-06-10,Radiation Therapy,10,16,Alive,High
ONC-03618,49,Other,Skin (Melanoma),Stage Iii,6.8,Former,Regular,No,17.6,2022-12-09,Immunotherapy,2,14,Alive,Medium
ONC-05797,58,Other,Ovarian,Stage I,6.1,Former,Regular,Yes,25.4,2021-02-08,Surgery,5,16,Alive,Low
ONC-07300,77,Female,Blood (Leukemia),Stage Ii,1.8,Never,Occasional,No,27.7,2024-07-09,Palliative Care,4,20,Alive,Medium
ONC-06408,74,Male,Liver,Stage Ii,1.8,Former,Occasional,Yes,29.0,2017-08-07,Surgery,7,0,Alive,Medium
ONC-04830,56,Other,Skin (Melanoma),Stage I,0.9,Current,Occasional,No,19.9,2017-02-05,Radiation Therapy,4,5,Deceased,Low
ONC-02836,72,Female,Colorectal,Stage Ii,8.4,Current,Occasional,No,19.2,2021-09-16,Palliative Care,7,0,Deceased,Medium
ONC-04935,50,Male,Liver,Stage I,1.2,Former,Heavy,Yes,31.2,2017-08-04,Surgery,9,45,Deceased,Medium
ONC-03106,52,Male,Ovarian,Stage I,2.4,Former,Heavy,No,26.4,2023-10-02,Surgery,14,16,Alive,Medium
ONC-04961,43,Female,Ovarian,Stage Ii,20.0,Current,Heavy,No,25.6,2019-03-25,Palliative Care,8,120,Alive,High
ONC-05891,70,Female,Brain,Stage I,1.8,Former,Regular,Yes,27.6,2024-08-18,Palliative Care,3,37,Alive,Low
ONC-04363,54,Other,Liver,Stage Ii,7.2,Former,Regular,No,20.9,2023-08-03,Combination Therapy,4,18,Deceased,Medium
ONC-04015,47,Male,Liver,Stage Iv,1.1,Former,Occasional,No,32.0,2018-06-11,Chemotherapy,8,50,Alive,Medium
ONC-00571,60,Other,Breast,Stage I,6.8,Former,Regular,No,26.5,2019-05-31,Palliative Care,7,20,Alive,Low
ONC-06312,52,Male,Breast,Stage Ii,1.7,Never,Occasional,Yes,27.6,2017-02-18,Radiation Therapy,7,5,Alive,Medium
ONC-06015,42,Female,Ovarian,Stage Iii,6.9,Never,Heavy,Yes,24.1,2022-04-07,Chemotherapy,7,41,Alive,High
ONC-02805,63,Other,Ovarian,Stage Iv,10.8,Current,Heavy,No,26.4,2019-12-02,Radiation Therapy,5,4,Alive,Medium
ONC-02577,57,Male,Breast,Stage Ii,3.4,Current,Regular,No,14.3,2024-11-25,Radiation Therapy,6,57,Deceased,Medium
ONC-04095,52,Female,Skin (Melanoma),Stage I,9.5,Never,Heavy,Yes,26.1,2022-03-01,Chemotherapy,5,11,Alive,Low
ONC-03020,62,Male,Pancreatic,Stage Ii,1.4,Former,Heavy,Yes,20.1,2017-03-16,Chemotherapy,2,43,Alive,Low
ONC-01675,53,Other,Brain,Stage I,8.6,Never,Occasional,Yes,24.7,2019-05-20,Immunotherapy,6,38,Alive,Critical
ONC-00053,67,Female,Lung,Stage Iv,0.7,Current,Regular,No,29.8,2021-11-14,Palliative Care,6,4,Deceased,Medium
ONC-01679,57,Male,Liver,Stage Iv,11.6,Former,Regular,Yes,26.8,2017-09-12,Immunotherapy,3,9,Alive,Critical
ONC-06298,37,Female,Colorectal,Stage I,0.3,Current,Regular,Yes,19.0,2020-11-19,Chemotherapy,4,7,Deceased,Low
ONC-02168,72,Female,Ovarian,Stage Ii,1.5,Never,Heavy,Yes,26.8,2018-10-22,Combination Therapy,8,4,Deceased,Medium
ONC-02336,88,Male,Liver,Stage I,4.5,Never,Regular,No,28.1,2015-02-17,Immunotherapy,5,25,Deceased,Low
ONC-01179,52,Other,Prostate,Stage Iii,0.1,Never,Heavy,Yes,15.7,2016-04-14,Surgery,4,1,Alive,High
ONC-04937,44,Other,Skin (Melanoma),Stage I,8.1,Never,Regular,No,28.7,2019-11-28,Surgery,8,8,Deceased,Medium
ONC-01627,91,Other,Prostate,Stage I,20.0,Former,Occasional,Yes,30.1,2024-12-29,Palliative Care,11,66,Alive,High
ONC-07455,55,Other,Pancreatic,Stage Ii,3.2,Never,Occasional,No,32.3,2020-12-09,Immunotherapy,5,1,Alive,Low
ONC-07079,51,Male,Colorectal,Stage I,5.8,Current,Occasional,Yes,22.3,2015-11-16,Surgery,10,11,Alive,Low
ONC-00391,55,Other,Ovarian,Stage Iv,2.5,Former,Regular,Yes,26.9,2024-06-05,Palliative Care,6,1,Deceased,Critical
ONC-05565,31,Female,Brain,Stage Iii,1.7,Never,Occasional,No,23.8,2021-04-28,Palliative Care,7,11,Alive,Medium
ONC-06107,66,Other,Breast,Stage I,2.7,Never,Heavy,Yes,29.8,2020-03-18,Surgery,6,5,Alive,Medium
ONC-06211,65,Male,Prostate,Stage Iii,1.4,Never,Heavy,Yes,21.3,2019-07-07,Immunotherapy,4,0,Alive,Critical
ONC-05804,69,Male,Brain,Stage I,1.3,Former,Regular,Yes,25.9,2017-08-12,Combination Therapy,6,0,Alive,Low
ONC-03045,41,Male,Liver,Stage Iv,5.7,Current,Regular,Yes,27.2,2016-05-31,Palliative Care,5,6,Deceased,High
ONC-05692,80,Female,Lung,Stage Ii,0.1,Current,Regular,Yes,22.8,2019-04-20,Chemotherapy,5,30,Alive,Medium
ONC-02990,60,Female,Liver,Stage Ii,4.1,Current,Regular,Yes,26.1,2020-09-17,Combination Therapy,1,24,Deceased,High
ONC-03791,25,Male,Skin (Melanoma),Stage Iv,1.0,Never,Occasional,No,30.6,2021-08-17,Palliative Care,5,76,Alive,Critical
ONC-02767,59,Male,Pancreatic,Stage Iv,3.7,Current,Occasional,Yes,21.3,2024-03-18,Palliative Care,9,2,Alive,Medium
ONC-02733,67,Male,Ovarian,Stage Ii,3.4,Former,Regular,Yes,30.3,2022-03-04,Palliative Care,5,9,Deceased,High
ONC-04727,35,Female,Blood (Leukemia),Stage Iv,16.1,Former,Occasional,Yes,18.3,2021-09-23,Combination Therapy,8,30,Alive,High
ONC-03933,75,Female,Pancreatic,Stage Ii,3.1,Former,Regular,No,28.9,2016-06-08,Immunotherapy,5,38,Alive,High
ONC-06080,41,Male,Lung,Stage Iv,1.3,Former,Heavy,Yes,28.9,2016-05-03,Surgery,5,2,Alive,Critical
ONC-00542,19,Male,Lung,Stage I,15.1,Never,Occasional,Yes,24.5,2024-10-17,Surgery,3,1,Alive,Low
ONC-04832,38,Female,Prostate,Stage Iii,4.4,Current,Occasional,No,20.5,2015-03-21,Combination Therapy,4,15,Alive,Critical
ONC-04002,41,Female,Brain,Stage Iv,2.1,Never,Occasional,Yes,21.7,2022-01-30,Surgery,3,17,Alive,Critical
ONC-01610,75,Male,Colorectal,Stage Iv,2.9,Current,Heavy,No,23.6,2020-05-14,Chemotherapy,8,2,Alive,Critical
ONC-01937,32,Other,Pancreatic,Stage Iv,5.1,Never,Heavy,No,23.6,2024-05-13,Combination Therapy,8,2,Alive,High
ONC-04110,47,Other,Blood (Leukemia),Stage I,3.0,Former,Regular,No,32.0,2020-02-23,Chemotherapy,4,0,Alive,Medium
ONC-05119,61,Female,Liver,Stage Ii,0.4,Never,Heavy,No,26.8,2022-04-11,Surgery,7,1,Deceased,High
ONC-04681,75,Other,Breast,Stage Iv,1.2,Former,Regular,Yes,15.9,2024-07-20,Palliative Care,5,21,Deceased,High
ONC-01298,78,Male,Ovarian,Stage I,2.0,Current,Occasional,Yes,26.4,2024-10-07,Chemotherapy,4,21,Alive,Low
ONC-04660,59,Female,Liver,Stage Ii,1.8,Current,Heavy,Yes,29.8,2018-04-16,Chemotherapy,5,20,Alive,Medium
ONC-06020,45,Other,Ovarian,Stage Iii,5.6,Never,Occasional,No,30.4,2018-06-06,Combination Therapy,3,27,Alive,High
ONC-02539,58,Male,Pancreatic,Stage Iv,3.8,Former,Occasional,Yes,31.2,2018-08-31,Palliative Care,5,7,Deceased,Critical
ONC-07222,42,Other,Brain,Stage Iv,3.4,Current,Heavy,Yes,32.0,2016-08-04,Radiation Therapy,6,0,Alive,Critical
ONC-06760,52,Other,Pancreatic,Stage Ii,2.3,Former,Heavy,Yes,29.3,2024-12-06,Surgery,7,12,Deceased,Medium
ONC-04233,65,Male,Colorectal,Stage Iii,4.1,Current,Occasional,Yes,23.4,2015-03-25,Combination Therapy,2,20,Alive,High
ONC-06703,57,Female,Breast,Stage Ii,5.7,Current,Heavy,No,29.4,2022-06-14,Surgery,4,8,Alive,Low
ONC-01137,45,Male,Ovarian,Stage Iii,2.5,Former,Regular,No,28.9,2020-07-13,Palliative Care,4,1,Deceased,High
ONC-03295,68,Male,Pancreatic,Stage Iv,0.2,Former,Regular,Yes,20.2,2017-04-20,Chemotherapy,14,11,Alive,Medium
ONC-03139,67,Female,Skin (Melanoma),Stage Iv,1.3,Current,Heavy,Yes,35.9,2024-06-14,Immunotherapy,11,8,Alive,Critical
ONC-04180,57,Other,Lung,Stage Ii,1.8,Former,Regular,No,24.3,2015-03-09,Palliative Care,6,5,Deceased,High
ONC-01189,67,Female,Ovarian,Stage Iii,1.2,Current,Regular,No,22.5,2015-10-04,Surgery,2,0,Alive,Medium
ONC-05150,67,Female,Blood (Leukemia),Stage I,5.0,Never,Regular,No,31.0,2022-08-14,Immunotherapy,6,0,Alive,Low
ONC-04872,47,Female,Breast,Stage I,0.6,Never,Heavy,Yes,21.2,2022-08-24,Immunotherapy,3,9,Alive,Medium
ONC-02631,75,Other,Blood (Leukemia),Stage Ii,5.5,Former,Occasional,No,28.7,2022-12-21,Radiation Therapy,9,22,Alive,Medium
ONC-00449,26,Male,Pancreatic,Stage Iii,8.9,Never,Occasional,No,24.4,2021-04-04,Surgery,7,0,Alive,Low
ONC-05083,68,Male,Prostate,Stage Ii,8.4,Former,Regular,Yes,24.4,2021-10-14,Combination Therapy,6,0,Deceased,Medium
ONC-04925,66,Male,Brain,Stage Ii,1.5,Current,Heavy,Yes,32.2,2017-04-13,Chemotherapy,5,0,Deceased,Medium
ONC-02851,67,Female,Blood (Leukemia),Stage I,3.4,Current,Heavy,No,29.7,2020-03-19,Chemotherapy,14,0,Alive,Low
ONC-06977,50,Other,Blood (Leukemia),Stage Iv,2.4,Never,Occasional,Yes,22.0,2022-04-12,Palliative Care,9,28,Deceased,Critical
ONC-01614,51,Other,Colorectal,Stage Ii,4.4,Former,Occasional,Yes,31.7,2021-09-19,Combination Therapy,3,9,Alive,Medium
ONC-06957,59,Male,Lung,Stage Ii,4.8,Current,Occasional,No,28.0,2017-03-21,Radiation Therapy,5,2,Deceased,Low
ONC-06590,45,Male,Colorectal,Stage Iv,4.0,Former,Heavy,No,22.5,2017-06-15,Chemotherapy,5,35,Deceased,Medium
ONC-01601,36,Female,Breast,Stage Iii,0.4,Never,Occasional,Yes,32.6,2017-03-26,Immunotherapy,9,7,Alive,High
ONC-03047,55,Other,Prostate,Stage Ii,5.0,Current,Occasional,Yes,36.8,2020-11-22,Chemotherapy,3,9,Deceased,Medium
ONC-03981,32,Other,Brain,Stage Iii,1.3,Current,Occasional,Yes,25.6,2017-02-08,Combination Therapy,1,17,Deceased,Critical
ONC-03976,75,Other,Skin (Melanoma),Stage I,0.4,Never,Regular,No,24.6,2015-07-08,Palliative Care,4,1,Alive,Low
ONC-06505,43,Male,Brain,Stage Ii,0.2,Never,Occasional,Yes,19.4,2019-12-24,Surgery,9,85,Deceased,Medium
ONC-03803,60,Other,Colorectal,Stage Ii,2.5,Current,Occasional,No,23.9,2020-01-11,Radiation Therapy,4,7,Alive,High
ONC-06535,54,Female,Skin (Melanoma),Stage I,5.6,Never,Regular,No,32.8,2017-06-19,Palliative Care,3,0,Alive,Low
ONC-03605,25,Other,Pancreatic,Stage Iv,1.1,Never,Regular,Yes,33.6,2023-06-25,Chemotherapy,3,28,Alive,Critical
ONC-06882,40,Male,Pancreatic,Stage Ii,0.6,Current,Occasional,No,24.5,2018-09-16,Chemotherapy,8,35,Deceased,High
ONC-01435,64,Female,Blood (Leukemia),Stage I,0.2,Never,Heavy,Yes,25.8,2023-02-21,Palliative Care,8,54,Alive,Low
ONC-03676,53,Female,Prostate,Stage Ii,2.2,Former,Regular,Yes,32.4,2022-11-06,Palliative Care,5,5,Deceased,Medium
ONC-07304,62,Male,Breast,Stage Ii,20.0,Current,Regular,Yes,16.9,2020-09-10,Palliative Care,1,4,Alive,Medium
ONC-02688,78,Other,Blood (Leukemia),Stage Ii,1.6,Current,Heavy,Yes,17.5,2023-07-18,Palliative Care,7,9,Deceased,Medium
ONC-05734,61,Male,Skin (Melanoma),Stage Ii,1.6,Never,Heavy,Yes,21.9,2019-09-17,Radiation Therapy,7,3,Alive,Low
ONC-07241,61,Other,Liver,Stage I,5.0,Former,Occasional,No,25.2,2015-06-13,Combination Therapy,9,58,Alive,High
ONC-06632,61,Male,Breast,Stage I,2.9,Former,Occasional,Yes,23.4,2022-04-28,Palliative Care,3,8,Alive,Low
ONC-00840,84,Female,Brain,Stage Ii,0.3,Current,Occasional,No,38.0,2020-10-29,Palliative Care,7,21,Alive,Medium
ONC-07469,70,Female,Pancreatic,Stage I,2.5,Never,Heavy,No,28.3,2020-02-05,Combination Therapy,5,25,Alive,Critical
ONC-01525,70,Female,Ovarian,Stage Ii,4.1,Never,Heavy,Yes,24.5,2024-01-13,Palliative Care,11,2,Deceased,Medium
ONC-06730,56,Other,Liver,Stage Iii,3.4,Former,Occasional,Yes,26.0,2015-05-10,Radiation Therapy,6,20,Alive,Critical
ONC-01684,45,Female,Blood (Leukemia),Stage Iv,4.5,Current,Heavy,No,31.9,2023-06-06,Combination Therapy,6,22,Deceased,Medium
ONC-06317,65,Male,Liver,Stage Iv,0.6,Never,Occasional,Yes,25.6,2024-07-20,Immunotherapy,8,21,Alive,Critical
ONC-03527,64,Male,Prostate,Stage Ii,1.7,Never,Heavy,Yes,33.7,2017-12-30,Chemotherapy,2,7,Alive,Low
ONC-06058,48,Male,Skin (Melanoma),Stage Iv,5.1,Current,Occasional,Yes,25.4,2018-05-19,Combination Therapy,10,3,Alive,Critical
ONC-04405,78,Other,Brain,Stage Ii,6.6,Former,Occasional,Yes,23.6,2021-11-28,Surgery,3,39,Alive,Low
ONC-03903,66,Female,Prostate,Stage Iii,4.2,Current,Occasional,No,21.2,2015-06-28,Surgery,9,15,Deceased,Medium
ONC-04011,38,Female,Pancreatic,Stage Iv,11.4,Former,Regular,No,25.5,2018-09-02,Immunotherapy,6,0,Alive,Critical
ONC-04354,69,Male,Skin (Melanoma),Stage Iii,3.5,Never,Heavy,Yes,26.9,2020-12-15,Chemotherapy,6,0,Alive,High
ONC-01421,72,Other,Blood (Leukemia),Stage Iv,2.8,Current,Regular,Yes,21.0,2018-09-05,Immunotherapy,7,2,Alive,Critical
ONC-07136,49,Male,Lung,Stage Ii,1.4,Former,Occasional,Yes,30.9,2024-03-30,Radiation Therapy,6,10,Deceased,High
ONC-01848,56,Other,Brain,Stage Iii,5.6,Former,Regular,Yes,26.4,2015-02-01,Chemotherapy,10,2,Alive,High
ONC-02662,37,Female,Ovarian,Stage Ii,0.9,Former,Occasional,Yes,23.0,2015-09-28,Radiation Therapy,6,12,Deceased,Medium
ONC-02428,60,Other,Ovarian,Stage I,1.1,Never,Regular,No,20.0,2020-07-10,Surgery,6,4,Alive,Low
ONC-01153,52,Other,Ovarian,Stage I,1.8,Current,Heavy,No,25.3,2019-05-29,Surgery,9,3,Alive,Low
ONC-03190,52,Male,Skin (Melanoma),Stage Ii,0.8,Former,Heavy,Yes,26.6,2023-02-13,Palliative Care,4,23,Deceased,Medium
ONC-06195,69,Male,Blood (Leukemia),Stage Ii,0.5,Never,Heavy,No,26.7,2016-12-11,Immunotherapy,7,14,Alive,High
ONC-00472,65,Other,Pancreatic,Stage Iv,1.0,Never,Heavy,Yes,12.0,2017-09-25,Surgery,7,6,Alive,High
ONC-06260,64,Female,Blood (Leukemia),Stage Iii,0.5,Current,Heavy,No,26.7,2022-02-05,Surgery,4,2,Alive,Medium
ONC-02238,51,Other,Ovarian,Stage Ii,1.5,Former,Regular,No,21.7,2016-12-01,Chemotherapy,2,33,Alive,Medium
ONC-01154,53,Male,Skin (Melanoma),Stage Iv,0.3,Former,Regular,No,16.7,2023-03-25,Surgery,4,0,Alive,High
ONC-07415,39,Other,Prostate,Stage Iii,4.2,Never,Regular,Yes,29.1,2024-02-10,Chemotherapy,6,18,Alive,High
ONC-00383,59,Other,Breast,Stage Iv,3.2,Never,Occasional,Yes,22.6,2022-08-07,Chemotherapy,7,36,Alive,Medium
ONC-05720,44,Other,Lung,Stage Iii,6.9,Current,Occasional,No,36.4,2021-04-06,Palliative Care,10,10,Alive,High
ONC-04273,80,Other,Blood (Leukemia),Stage Ii,0.4,Former,Occasional,No,27.6,2022-11-26,Surgery,6,10,Alive,Low
ONC-04655,44,Male,Prostate,Stage Iv,1.6,Never,Regular,Yes,29.0,2019-04-17,Surgery,7,12,Alive,Critical
ONC-03812,55,Male,Liver,Stage I,2.0,Current,Regular,No,31.6,2017-11-02,Palliative Care,10,19,Deceased,Low
ONC-03685,73,Other,Blood (Leukemia),Stage Iv,1.4,Former,Occasional,No,27.2,2021-12-11,Combination Therapy,7,48,Deceased,Low
ONC-01831,91,Male,Prostate,Stage I,4.1,Former,Heavy,No,24.2,2023-06-20,Combination Therapy,3,1,Deceased,Critical
ONC-05722,32,Male,Breast,Stage Iii,9.5,Never,Regular,Yes,27.5,2022-08-06,Immunotherapy,9,5,Alive,Low
ONC-04800,50,Other,Pancreatic,Stage Iv,9.5,Current,Occasional,No,26.3,2023-09-21,Chemotherapy,3,18,Alive,Critical
ONC-06135,72,Female,Prostate,Stage Iii,1.4,Former,Occasional,No,28.7,2024-02-14,Combination Therapy,2,47,Alive,Medium
ONC-04020,62,Other,Pancreatic,Stage Ii,1.2,Former,Heavy,No,28.0,2020-02-19,Palliative Care,2,6,Alive,Medium
ONC-03726,56,Other,Skin (Melanoma),Stage Iii,8.8,Never,Regular,Yes,24.3,2016-01-12,Radiation Therapy,4,12,Alive,Medium
ONC-03753,79,Female,Breast,Stage I,1.3,Current,Heavy,No,23.3,2015-06-20,Immunotherapy,7,23,Alive,Medium
ONC-00445,67,Other,Colorectal,Stage Ii,6.8,Former,Heavy,Yes,16.6,2019-04-30,Radiation Therapy,6,19,Alive,Critical
ONC-07094,59,Male,Colorectal,Stage Ii,1.0,Never,Regular,No,28.0,2022-08-27,Immunotherapy,6,19,Alive,High
ONC-04852,72,Other,Skin (Melanoma),Stage Ii,14.7,Former,Heavy,No,31.3,2023-08-26,Immunotherapy,2,7,Alive,Low
ONC-02635,84,Female,Breast,Stage Iv,4.9,Current,Heavy,Yes,26.1,2024-10-18,Chemotherapy,5,4,Alive,Critical
ONC-05806,60,Other,Skin (Melanoma),Stage Iv,1.6,Current,Occasional,No,25.5,2017-06-11,Palliative Care,8,0,Alive,Critical
ONC-07022,45,Other,Colorectal,Stage Iii,0.2,Current,Regular,Yes,27.7,2015-01-21,Immunotherapy,8,6,Alive,Critical
ONC-02716,68,Male,Colorectal,Stage I,6.1,Never,Heavy,No,21.0,2021-11-22,Surgery,9,29,Alive,Low
ONC-05203,33,Male,Blood (Leukemia),Stage Ii,6.2,Current,Heavy,Yes,30.5,2023-04-18,Combination Therapy,7,16,Alive,Medium
ONC-04229,59,Male,Colorectal,Stage I,1.4,Never,Occasional,No,35.8,2019-07-06,Chemotherapy,6,7,Alive,Low
ONC-00274,75,Other,Blood (Leukemia),Stage Iii,3.3,Former,Occasional,No,31.1,2019-03-21,Radiation Therapy,5,6,Deceased,High
ONC-00289,47,Female,Colorectal,Stage Iii,0.4,Current,Occasional,No,19.7,2019-09-10,Combination Therapy,4,4,Alive,Medium
ONC-00736,34,Other,Blood (Leukemia),Stage I,1.2,Never,Heavy,No,33.8,2022-11-26,Radiation Therapy,7,36,Alive,Low
ONC-01295,79,Male,Colorectal,Stage Iv,0.8,Never,Regular,No,31.5,2016-01-21,Radiation Therapy,7,32,Deceased,High
ONC-00066,80,Other,Brain,Stage I,7.3,Never,Regular,No,28.0,2022-06-02,Radiation Therapy,6,7,Alive,Medium
ONC-03966,65,Female,Ovarian,Stage Iv,3.2,Former,Regular,No,22.8,2016-08-03,Chemotherapy,7,1,Alive,Critical
ONC-03719,50,Male,Prostate,Stage I,3.4,Current,Heavy,Yes,25.3,2022-05-06,Surgery,6,3,Alive,Medium
ONC-02550,57,Female,Skin (Melanoma),Stage Iii,3.1,Former,Occasional,Yes,24.7,2021-09-11,Palliative Care,8,5,Alive,High
ONC-01803,65,Other,Prostate,Stage Iv,0.5,Never,Heavy,No,31.5,2021-02-08,Palliative Care,5,2,Alive,High
ONC-01858,79,Other,Blood (Leukemia),Stage Iii,0.8,Former,Regular,No,27.1,2019-01-29,Radiation Therapy,6,11,Deceased,Critical
ONC-02764,45,Other,Liver,Stage Iv,2.1,Never,Regular,No,29.5,2019-03-24,Radiation Therapy,10,67,Alive,High
ONC-05166,53,Male,Skin (Melanoma),Stage Iv,0.1,Never,Occasional,Yes,23.9,2020-12-11,Chemotherapy,6,0,Alive,High
ONC-05208,56,Female,Skin (Melanoma),Stage Ii,1.4,Current,Occasional,No,29.4,2022-12-08,Radiation Therapy,7,8,Deceased,High
ONC-03941,63,Other,Skin (Melanoma),Stage Iii,4.8,Current,Occasional,No,29.9,2017-10-08,Immunotherapy,9,21,Alive,High
ONC-04279,77,Other,Pancreatic,Stage Iii,8.9,Former,Occasional,Yes,28.7,2020-04-24,Palliative Care,3,0,Deceased,High
ONC-05748,63,Female,Liver,Stage I,7.0,Former,Occasional,Yes,29.7,2017-10-18,Radiation Therapy,4,26,Alive,High
ONC-02816,46,Other,Lung,Stage I,6.1,Former,Occasional,No,29.0,2016-06-09,Palliative Care,3,7,Deceased,Medium
ONC-02987,84,Male,Colorectal,Stage Ii,1.7,Current,Occasional,Yes,29.4,2017-06-29,Radiation Therapy,5,33,Alive,Low
ONC-00624,75,Other,Liver,Stage Ii,1.3,Never,Heavy,No,33.7,2015-09-28,Radiation Therapy,5,1,Alive,Medium
ONC-01333,73,Male,Lung,Stage Iv,7.8,Current,Regular,No,23.6,2019-10-10,Radiation Therapy,7,3,Alive,High
ONC-00178,61,Male,Prostate,Stage Iii,2.9,Former,Regular,No,26.4,2020-01-01,Combination Therapy,5,49,Deceased,Medium
ONC-05012,30,Other,Colorectal,Stage Iii,5.0,Never,Occasional,Yes,28.1,2024-11-13,Immunotherapy,10,11,Alive,High
ONC-01458,57,Other,Brain,Stage Iv,9.9,Former,Regular,No,24.6,2019-02-25,Radiation Therapy,2,36,Deceased,Critical
ONC-02291,61,Other,Skin (Melanoma),Stage Iv,8.5,Current,Heavy,Yes,21.1,2023-05-08,Immunotherapy,3,42,Deceased,Medium
ONC-02246,70,Other,Ovarian,Stage Ii,0.2,Never,Regular,Yes,30.0,2020-05-19,Combination Therapy,4,4,Alive,High
ONC-06116,59,Male,Pancreatic,Stage Iv,12.8,Never,Regular,Yes,33.7,2018-06-19,Radiation Therapy,5,13,Alive,Critical
ONC-00287,42,Female,Lung,Stage Iii,0.4,Current,Regular,No,29.7,2021-11-08,Immunotherapy,0,3,Alive,High
ONC-03844,78,Female,Lung,Stage I,9.6,Former,Regular,Yes,19.8,2022-07-17,Chemotherapy,8,7,Deceased,Low
ONC-02313,51,Male,Prostate,Stage I,2.9,Never,Heavy,Yes,20.6,2019-05-29,Combination Therapy,8,19,Deceased,Low
ONC-06777,64,Female,Pancreatic,Stage Iv,5.4,Never,Occasional,No,22.3,2020-04-15,Combination Therapy,3,27,Alive,Critical
ONC-00777,45,Male,Prostate,Stage Iv,2.8,Never,Heavy,Yes,21.5,2022-01-17,Radiation Therapy,6,9,Alive,Critical
ONC-02735,53,Female,Breast,Stage I,5.2,Never,Regular,No,23.0,2017-09-20,Radiation Therapy,7,37,Alive,Low
ONC-03345,56,Female,Breast,Stage Ii,2.0,Never,Heavy,No,35.1,2015-10-29,Chemotherapy,7,13,Alive,Low
ONC-04562,59,Female,Breast,Stage Ii,4.7,Never,Occasional,Yes,36.5,2020-01-14,Combination Therapy,3,23,Alive,Medium
ONC-05328,55,Other,Lung,Stage I,1.9,Former,Regular,Yes,29.4,2018-07-27,Radiation Therapy,4,30,Deceased,Medium
ONC-03143,56,Male,Pancreatic,Stage I,10.2,Never,Heavy,Yes,19.6,2019-01-04,Surgery,5,7,Alive,Medium
ONC-00847,40,Male,Skin (Melanoma),Stage Iii,0.5,Never,Heavy,Yes,26.8,2018-06-03,Radiation Therapy,6,51,Alive,High
ONC-02237,54,Other,Pancreatic,Stage Ii,15.2,Never,Heavy,No,21.0,2016-10-05,Immunotherapy,4,6,Deceased,High
ONC-02747,44,Male,Prostate,Stage Iii,5.1,Current,Regular,Yes,25.5,2017-09-11,Palliative Care,6,8,Alive,Critical
ONC-04930,23,Male,Liver,Stage Iii,3.4,Never,Regular,Yes,15.7,2017-10-13,Combination Therapy,3,19,Alive,High
ONC-05103,73,Other,Pancreatic,Stage Iii,1.0,Current,Regular,No,12.6,2018-08-09,Palliative Care,7,8,Alive,Critical
ONC-03668,49,Other,Prostate,Stage Iv,1.9,Current,Heavy,No,21.2,2016-04-01,Radiation Therapy,2,0,Alive,High
ONC-02951,39,Female,Prostate,Stage Ii,6.0,Never,Occasional,Yes,27.9,2019-08-14,Palliative Care,7,14,Deceased,Medium
ONC-07199,54,Other,Prostate,Stage Ii,0.4,Current,Regular,No,37.1,2023-02-25,Immunotherapy,4,1,Alive,Low
ONC-04532,40,Female,Colorectal,Stage I,3.8,Current,Regular,Yes,28.2,2019-10-28,Surgery,5,17,Deceased,High
ONC-07320,58,Male,Skin (Melanoma),Stage I,0.6,Never,Occasional,No,30.7,2017-04-04,Palliative Care,6,4,Deceased,Medium
ONC-01599,48,Female,Prostate,Stage I,5.8,Never,Occasional,No,37.6,2018-01-30,Palliative Care,10,26,Alive,High
ONC-03216,94,Other,Skin (Melanoma),Stage Iv,2.8,Never,Heavy,No,32.1,2020-11-27,Combination Therapy,10,25,Deceased,High
ONC-03425,90,Female,Breast,Stage Iii,13.4,Never,Occasional,No,22.8,2018-11-02,Radiation Therapy,8,20,Alive,High
ONC-02612,37,Female,Blood (Leukemia),Stage Iv,0.2,Never,Heavy,No,34.3,2024-05-28,Immunotherapy,12,7,Alive,Critical
ONC-03543,37,Other,Skin (Melanoma),Stage Iv,2.7,Current,Regular,Yes,25.3,2015-11-02,Immunotherapy,4,34,Alive,High
ONC-03552,22,Other,Skin (Melanoma),Stage Iv,2.8,Former,Regular,No,18.8,2023-11-22,Chemotherapy,10,24,Alive,High
ONC-06588,79,Female,Blood (Leukemia),Stage Ii,5.1,Former,Occasional,Yes,24.4,2023-04-27,Radiation Therapy,2,1,Alive,Medium
ONC-04230,57,Male,Prostate,Stage Ii,5.0,Former,Regular,Yes,17.2,2018-06-17,Immunotherapy,6,15,Alive,Medium
ONC-04495,59,Female,Prostate,Stage I,2.1,Current,Heavy,Yes,30.8,2019-06-18,Surgery,9,51,Alive,High
ONC-06213,53,Male,Lung,Stage I,2.2,Current,Occasional,No,23.8,2023-06-08,Surgery,4,13,Deceased,Low
ONC-06556,76,Female,Colorectal,Stage Ii,4.1,Never,Regular,No,19.0,2015-01-23,Radiation Therapy,7,25,Deceased,Low
ONC-03713,75,Male,Breast,Stage Iv,1.6,Former,Occasional,Yes,21.4,2020-04-24,Surgery,6,6,Alive,Critical
ONC-03573,43,Other,Liver,Stage I,3.8,Never,Occasional,Yes,22.0,2015-11-01,Chemotherapy,4,2,Alive,Low
ONC-00042,56,Male,Liver,Stage Iii,3.4,Former,Regular,No,30.9,2022-08-15,Combination Therapy,4,5,Alive,Medium
ONC-00839,83,Male,Pancreatic,Stage Iii,2.8,Former,Regular,Yes,26.6,2024-01-12,Palliative Care,5,47,Deceased,High
ONC-03485,83,Male,Prostate,Stage Ii,0.1,Never,Heavy,No,18.0,2017-12-29,Palliative Care,9,15,Alive,Medium
ONC-04298,52,Male,Breast,Stage Iv,1.7,Former,Heavy,Yes,27.2,2019-12-04,Immunotherapy,5,2,Alive,Medium
ONC-00032,67,Male,Skin (Melanoma),Stage Ii,3.0,Never,Regular,No,26.6,2016-10-08,Immunotherapy,8,8,Deceased,High
ONC-04139,48,Female,Skin (Melanoma),Stage Iii,7.9,Never,Occasional,Yes,24.5,2015-05-04,Radiation Therapy,3,38,Alive,High
ONC-02946,45,Other,Breast,Stage Iv,0.3,Current,Regular,Yes,18.7,2022-04-18,Combination Therapy,8,15,Alive,Critical
ONC-02426,96,Other,Ovarian,Stage Iv,4.6,Former,Occasional,No,29.0,2020-03-24,Combination Therapy,7,5,Deceased,High
ONC-01340,63,Female,Colorectal,Stage I,0.1,Never,Heavy,No,24.3,2023-05-18,Palliative Care,7,4,Deceased,Low
ONC-06808,99,Other,Liver,Stage Ii,7.2,Never,Regular,Yes,32.3,2023-05-10,Palliative Care,2,0,Deceased,Low
ONC-03661,75,Male,Skin (Melanoma),Stage Iii,9.3,Former,Regular,No,24.1,2021-03-19,Surgery,6,0,Deceased,Critical
ONC-02602,73,Female,Pancreatic,Stage Iv,2.2,Former,Occasional,No,23.9,2016-03-24,Chemotherapy,8,6,Alive,Medium
ONC-05949,50,Female,Skin (Melanoma),Stage I,5.6,Never,Regular,No,22.2,2023-06-24,Immunotherapy,7,21,Alive,Low
ONC-05324,75,Male,Ovarian,Stage Iii,0.8,Former,Regular,No,23.8,2021-03-07,Surgery,7,4,Deceased,Medium
ONC-04790,76,Female,Liver,Stage Iv,1.0,Never,Occasional,No,21.6,2020-05-18,Radiation Therapy,12,8,Alive,High
ONC-04773,26,Other,Pancreatic,Stage Ii,0.7,Never,Regular,No,22.3,2018-09-11,Immunotherapy,2,25,Deceased,Low
ONC-01320,82,Male,Prostate,Stage Iii,2.2,Never,Occasional,No,20.9,2016-01-05,Palliative Care,3,8,Alive,Medium
ONC-00871,49,Other,Colorectal,Stage I,2.6,Current,Regular,Yes,21.8,2016-01-04,Combination Therapy,3,5,Alive,Medium
ONC-02983,72,Male,Breast,Stage I,7.9,Former,Heavy,No,21.5,2015-12-11,Combination Therapy,8,21,Alive,Medium
ONC-03492,49,Male,Brain,Stage Iii,1.5,Current,Heavy,No,34.2,2024-06-22,Immunotherapy,8,29,Alive,Medium
ONC-06232,46,Other,Brain,Stage Ii,2.2,Former,Occasional,Yes,33.9,2023-01-05,Immunotherapy,4,5,Alive,Low
ONC-03593,33,Male,Ovarian,Stage Iii,1.9,Never,Heavy,Yes,21.3,2021-10-29,Immunotherapy,6,48,Deceased,High
ONC-07184,77,Female,Liver,Stage Iii,13.1,Never,Heavy,Yes,20.2,2015-12-12,Surgery,4,43,Alive,Medium
ONC-01014,70,Female,Pancreatic,Stage I,4.0,Current,Occasional,No,29.0,2020-08-01,Combination Therapy,8,16,Alive,High
ONC-04881,55,Female,Lung,Stage I,6.3,Current,Regular,Yes,39.0,2018-03-10,Immunotherapy,9,12,Alive,Medium
ONC-02316,43,Male,Breast,Stage Ii,17.7,Never,Heavy,Yes,25.5,2024-09-18,Surgery,8,3,Alive,Low
ONC-06767,33,Other,Ovarian,Stage Iv,4.0,Former,Heavy,Yes,29.1,2017-05-11,Palliative Care,6,6,Alive,Critical
ONC-04620,78,Male,Skin (Melanoma),Stage Ii,2.6,Former,Regular,Yes,25.1,2021-07-29,Surgery,5,77,Alive,Low
ONC-03760,53,Male,Blood (Leukemia),Stage I,4.2,Never,Regular,No,27.7,2023-09-09,Radiation Therapy,3,0,Deceased,Low
ONC-01491,45,Male,Brain,Stage Iii,0.8,Former,Occasional,Yes,26.8,2021-03-22,Immunotherapy,5,0,Alive,Medium
ONC-00563,29,Female,Breast,Stage Iii,8.6,Current,Heavy,Yes,19.8,2019-12-10,Surgery,5,25,Deceased,Medium
ONC-03561,31,Other,Liver,Stage I,0.3,Never,Occasional,No,16.7,2019-07-07,Radiation Therapy,6,26,Alive,High
ONC-06381,41,Male,Brain,Stage I,4.0,Former,Heavy,No,25.2,2018-11-16,Surgery,7,38,Alive,Low
ONC-00229,70,Other,Brain,Stage I,5.7,Current,Occasional,Yes,28.8,2016-11-04,Radiation Therapy,5,14,Deceased,Low
ONC-03129,50,Female,Brain,Stage Iii,9.6,Former,Regular,Yes,33.6,2023-06-24,Combination Therapy,6,1,Alive,Medium
ONC-05308,58,Female,Lung,Stage I,11.6,Former,Regular,Yes,29.8,2021-06-25,Surgery,4,7,Deceased,High
ONC-00058,45,Female,Breast,Stage Iii,8.0,Former,Occasional,No,23.3,2017-06-17,Radiation Therapy,8,1,Alive,Medium
ONC-02516,57,Female,Prostate,Stage I,0.1,Never,Occasional,No,36.6,2015-12-19,Combination Therapy,7,17,Deceased,Low
ONC-04041,63,Male,Pancreatic,Stage I,0.6,Former,Regular,No,28.0,2018-06-01,Immunotherapy,5,22,Alive,Low
ONC-00919,61,Male,Brain,Stage Iv,2.2,Never,Heavy,No,22.6,2017-04-23,Chemotherapy,9,42,Alive,Medium
ONC-05010,76,Male,Blood (Leukemia),Stage Iii,0.6,Current,Occasional,Yes,21.1,2016-03-16,Combination Therapy,6,16,Alive,High
ONC-06701,40,Male,Breast,Stage Iii,6.1,Current,Regular,Yes,28.2,2022-03-11,Radiation Therapy,11,40,Alive,High
ONC-03905,59,Male,Liver,Stage Ii,8.1,Current,Heavy,No,31.6,2017-04-04,Surgery,9,4,Alive,Medium
ONC-06475,61,Female,Lung,Stage Iv,13.6,Never,Occasional,No,34.2,2023-06-11,Combination Therapy,7,3,Alive,Critical
ONC-04106,59,Female,Liver,Stage I,10.8,Never,Occasional,Yes,28.4,2015-08-22,Surgery,8,7,Alive,High
ONC-02363,51,Male,Ovarian,Stage Ii,0.8,Never,Heavy,No,25.6,2021-04-11,Surgery,8,1,Deceased,Medium
ONC-02330,41,Female,Prostate,Stage Iv,9.5,Current,Occasional,No,22.7,2018-06-30,Chemotherapy,7,38,Deceased,High
ONC-00354,73,Other,Brain,Stage Iii,0.6,Never,Heavy,No,34.3,2023-03-26,Palliative Care,4,4,Alive,Medium
ONC-05987,80,Female,Liver,Stage Ii,0.2,Current,Heavy,Yes,18.5,2020-07-28,Radiation Therapy,6,9,Alive,Low
ONC-04068,55,Female,Prostate,Stage Ii,3.8,Current,Regular,Yes,25.9,2018-06-04,Immunotherapy,9,12,Alive,Medium
ONC-05397,53,Female,Breast,Stage Ii,0.2,Current,Regular,No,22.1,2018-04-18,Surgery,8,15,Alive,Critical
ONC-04177,55,Female,Blood (Leukemia),Stage Iv,4.9,Never,Occasional,Yes,25.4,2022-11-20,Immunotherapy,6,6,Alive,High
ONC-07214,50,Male,Blood (Leukemia),Stage Iv,0.6,Former,Regular,No,22.8,2019-10-06,Chemotherapy,7,65,Alive,Critical
ONC-03103,36,Female,Liver,Stage Iii,3.3,Current,Regular,No,27.7,2019-03-05,Palliative Care,8,4,Alive,High
ONC-06647,67,Male,Colorectal,Stage I,1.5,Current,Occasional,No,33.1,2020-10-02,Immunotherapy,10,34,Alive,Low
ONC-03825,66,Male,Ovarian,Stage Ii,3.4,Former,Occasional,No,28.8,2023-01-08,Surgery,4,15,Deceased,High
ONC-03904,47,Other,Breast,Stage Ii,10.0,Current,Regular,No,25.2,2015-05-08,Immunotherapy,9,3,Alive,Low
ONC-02832,82,Male,Blood (Leukemia),Stage Ii,0.1,Former,Heavy,No,33.5,2017-12-16,Combination Therapy,9,2,Deceased,High
ONC-00622,39,Female,Pancreatic,Stage I,0.7,Never,Regular,No,26.0,2021-10-11,Combination Therapy,4,8,Alive,Low
ONC-01818,42,Male,Lung,Stage Ii,0.3,Current,Regular,Yes,24.0,2020-03-30,Immunotherapy,9,18,Alive,High
ONC-01126,34,Male,Brain,Stage Iii,1.8,Current,Heavy,No,26.5,2024-11-25,Immunotherapy,6,37,Alive,Medium
ONC-04386,62,Other,Ovarian,Stage I,0.8,Current,Regular,Yes,26.1,2024-10-18,Palliative Care,7,4,Deceased,Low
ONC-04707,47,Other,Pancreatic,Stage Ii,2.2,Never,Heavy,No,27.6,2020-05-06,Palliative Care,8,2,Alive,Medium
ONC-02995,58,Male,Lung,Stage Iii,4.0,Current,Occasional,Yes,16.6,2021-12-22,Combination Therapy,9,46,Alive,High
ONC-06193,53,Female,Pancreatic,Stage Ii,1.7,Never,Heavy,Yes,28.9,2024-10-21,Surgery,8,11,Alive,Medium
ONC-01664,24,Female,Blood (Leukemia),Stage Iii,1.6,Current,Regular,No,29.7,2020-11-27,Chemotherapy,5,11,Alive,Critical
ONC-04776,51,Female,Pancreatic,Stage I,2.5,Never,Occasional,No,28.0,2017-07-20,Combination Therapy,2,18,Deceased,Medium
ONC-04231,49,Male,Ovarian,Stage Iv,5.1,Former,Heavy,Yes,22.2,2016-01-14,Chemotherapy,5,19,Alive,High
ONC-04067,36,Female,Lung,Stage Iv,2.2,Never,Heavy,No,38.0,2023-07-04,Surgery,7,14,Alive,High
ONC-04032,50,Other,Ovarian,Stage I,1.9,Current,Occasional,No,28.3,2020-04-04,Immunotherapy,4,24,Alive,Low
ONC-01206,47,Female,Liver,Stage Ii,13.3,Current,Occasional,Yes,25.9,2019-11-29,Surgery,5,28,Deceased,Medium
ONC-06018,56,Female,Liver,Stage Ii,0.6,Former,Heavy,No,23.9,2020-08-18,Combination Therapy,10,15,Deceased,High
ONC-04618,42,Other,Skin (Melanoma),Stage Iii,3.9,Current,Regular,Yes,30.6,2022-10-05,Radiation Therapy,4,7,Alive,High
ONC-06477,67,Male,Pancreatic,Stage Iii,5.2,Former,Regular,Yes,23.9,2021-06-24,Surgery,8,8,Alive,Critical
ONC-04265,38,Male,Skin (Melanoma),Stage Iv,0.2,Former,Occasional,Yes,34.5,2019-06-01,Immunotherapy,6,16,Deceased,High
ONC-04115,52,Male,Brain,Stage I,0.1,Current,Regular,No,24.1,2015-06-05,Immunotherapy,7,17,Alive,Low
ONC-03534,35,Female,Ovarian,Stage Iii,0.9,Current,Occasional,Yes,21.8,2022-02-16,Combination Therapy,8,5,Alive,High
ONC-02132,65,Other,Liver,Stage Iv,3.3,Former,Heavy,No,12.0,2024-12-03,Surgery,9,5,Alive,High
ONC-00147,51,Female,Prostate,Stage Ii,7.4,Never,Occasional,Yes,31.8,2023-07-11,Palliative Care,5,36,Alive,Low
ONC-01490,62,Other,Ovarian,Stage Iii,2.6,Former,Heavy,No,39.1,2021-01-05,Radiation Therapy,6,4,Alive,Medium
ONC-06652,55,Male,Ovarian,Stage I,1.9,Never,Regular,Yes,29.4,2017-11-04,Immunotherapy,5,20,Alive,Low
ONC-01008,84,Male,Skin (Melanoma),Stage Iii,0.7,Never,Regular,No,23.1,2017-01-10,Radiation Therapy,7,16,Deceased,High
ONC-07459,81,Male,Colorectal,Stage Iii,1.2,Current,Regular,Yes,23.0,2021-12-02,Combination Therapy,7,29,Deceased,Medium
ONC-01447,84,Female,Skin (Melanoma),Stage Iii,3.5,Former,Occasional,No,21.1,2020-01-01,Surgery,5,8,Alive,Critical
ONC-01498,64,Male,Ovarian,Stage I,4.6,Current,Regular,No,30.5,2015-06-07,Chemotherapy,7,4,Deceased,Medium
ONC-06820,56,Female,Skin (Melanoma),Stage I,1.2,Never,Heavy,No,18.4,2016-11-06,Combination Therapy,11,56,Deceased,Medium
ONC-00296,48,Male,Lung,Stage Iv,1.6,Never,Occasional,No,27.1,2024-08-27,Palliative Care,6,29,Alive,Critical
ONC-00511,54,Female,Ovarian,Stage Ii,6.0,Former,Regular,No,28.2,2023-09-09,Palliative Care,7,120,Alive,Critical
ONC-01145,57,Female,Liver,Stage Ii,4.2,Never,Regular,No,19.6,2022-12-12,Immunotherapy,1,4,Alive,Medium
ONC-01114,65,Female,Ovarian,Stage I,2.8,Current,Regular,Yes,21.1,2018-08-13,Chemotherapy,4,2,Alive,Medium
ONC-00774,35,Male,Colorectal,Stage Iii,2.0,Former,Regular,No,35.0,2023-11-08,Surgery,4,0,Alive,Medium
ONC-02058,65,Other,Liver,Stage I,3.9,Former,Occasional,No,29.0,2018-09-23,Combination Therapy,4,25,Alive,Medium
ONC-06832,56,Male,Ovarian,Stage I,0.3,Current,Regular,No,23.0,2018-09-23,Radiation Therapy,6,1,Alive,Medium
ONC-05788,46,Female,Blood (Leukemia),Stage Iii,9.3,Former,Heavy,Yes,23.3,2024-04-06,Immunotherapy,5,8,Alive,High
ONC-05717,54,Other,Liver,Stage I,5.9,Former,Occasional,No,18.1,2015-08-09,Radiation Therapy,6,17,Deceased,Critical
ONC-04999,66,Female,Liver,Stage Iii,6.5,Former,Heavy,Yes,12.0,2016-06-06,Palliative Care,8,46,Deceased,High
ONC-04256,34,Male,Brain,Stage Iv,2.7,Current,Occasional,No,24.5,2018-04-26,Surgery,8,6,Deceased,Critical
ONC-02251,85,Other,Liver,Stage Ii,0.7,Former,Heavy,No,17.3,2017-12-09,Radiation Therapy,4,5,Alive,Medium
ONC-07419,64,Other,Blood (Leukemia),Stage Iii,7.8,Current,Regular,No,26.0,2018-01-24,Palliative Care,8,1,Alive,Medium
ONC-06504,93,Other,Brain,Stage Ii,3.8,Former,Regular,Yes,27.1,2015-11-27,Chemotherapy,8,40,Alive,Medium
ONC-06583,60,Other,Skin (Melanoma),Stage Ii,2.0,Former,Occasional,Yes,31.2,2017-09-08,Surgery,3,4,Alive,High
ONC-06205,64,Other,Blood (Leukemia),Stage Iii,1.3,Never,Occasional,No,27.5,2016-02-16,Chemotherapy,8,37,Alive,High
ONC-06142,51,Other,Prostate,Stage I,4.4,Former,Heavy,Yes,30.4,2017-11-27,Combination Therapy,3,87,Deceased,Low
ONC-02256,68,Male,Brain,Stage I,4.4,Former,Heavy,Yes,18.3,2024-03-12,Chemotherapy,4,31,Alive,Low
ONC-02790,67,Female,Pancreatic,Stage Iv,4.2,Never,Heavy,Yes,27.3,2019-07-26,Palliative Care,5,4,Alive,Critical
ONC-02638,65,Female,Colorectal,Stage Ii,2.0,Never,Heavy,Yes,22.7,2024-09-27,Surgery,8,14,Alive,Medium
ONC-01905,35,Other,Blood (Leukemia),Stage Iv,3.5,Current,Heavy,No,23.9,2019-09-30,Radiation Therapy,12,29,Alive,Critical
ONC-01769,54,Male,Blood (Leukemia),Stage Iii,5.5,Never,Heavy,Yes,21.3,2023-02-01,Palliative Care,8,10,Alive,Critical
ONC-05762,58,Female,Skin (Melanoma),Stage Iii,0.7,Never,Regular,Yes,21.3,2018-06-25,Combination Therapy,8,1,Deceased,High
ONC-04181,60,Other,Breast,Stage I,4.1,Former,Heavy,No,18.4,2020-10-12,Chemotherapy,6,6,Alive,Medium
ONC-03955,63,Other,Lung,Stage Ii,3.2,Current,Heavy,No,33.2,2015-10-02,Radiation Therapy,6,5,Alive,Low
ONC-02813,40,Other,Breast,Stage Ii,4.4,Former,Regular,No,33.2,2016-03-12,Chemotherapy,8,17,Alive,Medium
ONC-06320,56,Male,Lung,Stage Iii,4.7,Former,Occasional,No,30.6,2018-10-01,Immunotherapy,12,8,Alive,Medium
ONC-05958,27,Female,Colorectal,Stage Iii,4.0,Current,Occasional,No,28.1,2017-01-17,Radiation Therapy,7,23,Deceased,High
ONC-02645,50,Female,Brain,Stage I,1.9,Never,Regular,Yes,28.2,2016-10-23,Chemotherapy,6,9,Alive,Low
ONC-05698,48,Female,Blood (Leukemia),Stage Iv,4.5,Never,Regular,Yes,23.8,2017-06-11,Surgery,4,19,Alive,Critical
ONC-00060,51,Female,Liver,Stage I,3.3,Never,Heavy,Yes,24.5,2015-07-25,Radiation Therapy,4,6,Alive,Low
ONC-02417,37,Male,Lung,Stage Ii,3.1,Former,Regular,No,25.4,2018-07-06,Combination Therapy,12,9,Alive,High
ONC-05459,81,Other,Colorectal,Stage I,1.0,Former,Occasional,No,28.5,2018-08-25,Palliative Care,5,0,Alive,Medium
ONC-01925,64,Other,Liver,Stage Ii,0.2,Current,Regular,Yes,30.9,2021-11-05,Immunotherapy,5,8,Deceased,Low
ONC-06743,62,Male,Liver,Stage Iv,1.6,Current,Heavy,Yes,24.9,2015-12-25,Chemotherapy,7,7,Alive,Critical
ONC-00290,46,Other,Liver,Stage Iv,11.2,Current,Occasional,Yes,22.5,2020-06-28,Radiation Therapy,7,17,Alive,High
ONC-01802,58,Female,Ovarian,Stage I,0.6,Never,Regular,No,34.5,2024-12-13,Palliative Care,7,15,Alive,Medium
ONC-04528,63,Male,Skin (Melanoma),Stage Iv,1.4,Former,Occasional,Yes,22.9,2017-07-26,Surgery,6,23,Alive,Critical
ONC-00846,55,Female,Lung,Stage I,1.4,Never,Occasional,Yes,23.4,2019-03-02,Radiation Therapy,3,22,Deceased,Low
ONC-04346,57,Male,Colorectal,Stage I,2.3,Never,Occasional,Yes,26.3,2024-04-10,Combination Therapy,11,20,Alive,Low
ONC-04789,48,Female,Breast,Stage Ii,2.2,Former,Heavy,No,21.6,2022-10-15,Radiation Therapy,5,30,Alive,Medium
ONC-04637,39,Female,Prostate,Stage Iv,9.6,Former,Occasional,No,23.2,2016-02-15,Palliative Care,2,19,Alive,Critical
ONC-00931,58,Other,Pancreatic,Stage I,6.6,Never,Heavy,Yes,25.4,2020-04-12,Radiation Therapy,11,10,Deceased,Low
ONC-00607,68,Male,Skin (Melanoma),Stage Iii,6.7,Never,Regular,No,22.9,2015-09-29,Chemotherapy,5,11,Alive,High
ONC-05861,48,Other,Pancreatic,Stage Iv,6.7,Former,Occasional,Yes,23.3,2021-05-21,Palliative Care,6,3,Alive,High
ONC-06059,66,Female,Lung,Stage Iii,1.5,Current,Heavy,Yes,23.3,2015-12-20,Radiation Therapy,6,36,Deceased,Low
ONC-00114,72,Female,Liver,Stage Iii,0.8,Never,Regular,Yes,29.1,2020-02-06,Radiation Therapy,3,3,Alive,Low
ONC-00987,33,Female,Prostate,Stage Iv,0.2,Never,Occasional,Yes,16.0,2024-01-08,Palliative Care,10,9,Alive,Critical
ONC-05904,53,Female,Ovarian,Stage Ii,2.6,Never,Occasional,No,29.4,2022-06-22,Immunotherapy,5,13,Alive,High
ONC-03815,70,Other,Pancreatic,Stage I,4.9,Former,Occasional,Yes,25.0,2022-11-23,Radiation Therapy,10,0,Alive,Medium
ONC-04497,79,Male,Colorectal,Stage I,0.5,Never,Occasional,Yes,17.9,2016-07-07,Combination Therapy,11,24,Alive,Medium
ONC-01751,37,Female,Prostate,Stage Ii,0.7,Never,Occasional,Yes,29.8,2022-11-02,Palliative Care,8,11,Alive,Low
ONC-03879,65,Male,Prostate,Stage Iii,0.7,Current,Regular,No,24.4,2017-07-07,Surgery,7,20,Alive,High
ONC-05865,72,Other,Breast,Stage Ii,3.2,Current,Heavy,No,26.9,2019-11-15,Combination Therapy,9,65,Alive,Medium
ONC-03291,66,Female,Breast,Stage Ii,5.2,Current,Heavy,No,30.5,2023-08-19,Chemotherapy,8,2,Deceased,Medium
ONC-02674,61,Male,Breast,Stage Iv,1.7,Never,Regular,Yes,27.2,2017-11-14,Radiation Therapy,7,15,Deceased,High
ONC-04654,42,Other,Ovarian,Stage Iv,6.3,Former,Regular,No,24.5,2024-11-12,Surgery,6,12,Deceased,Critical
ONC-05651,71,Male,Prostate,Stage Iii,3.5,Former,Regular,No,34.4,2017-11-29,Chemotherapy,8,3,Alive,Critical
ONC-01864,74,Other,Pancreatic,Stage Ii,4.5,Never,Heavy,No,29.4,2022-02-23,Immunotherapy,7,54,Deceased,Medium
ONC-04101,43,Male,Brain,Stage Ii,3.2,Former,Regular,No,20.3,2020-05-11,Combination Therapy,5,13,Alive,Medium
ONC-03629,47,Other,Lung,Stage Ii,7.7,Current,Occasional,Yes,29.4,2021-07-07,Chemotherapy,11,2,Deceased,High
ONC-01286,49,Female,Skin (Melanoma),Stage Iii,1.5,Current,Regular,No,28.3,2022-01-01,Immunotherapy,7,25,Deceased,Critical
ONC-02587,47,Other,Ovarian,Stage Iv,1.2,Current,Regular,Yes,29.9,2019-05-08,Combination Therapy,8,16,Alive,Medium
ONC-03554,88,Male,Blood (Leukemia),Stage Iv,1.4,Current,Occasional,No,19.4,2021-01-30,Radiation Therapy,7,12,Deceased,High
ONC-05412,63,Other,Brain,Stage Ii,4.6,Never,Heavy,No,28.0,2024-10-20,Combination Therapy,6,18,Alive,Medium
ONC-06426,83,Female,Lung,Stage I,5.0,Former,Regular,Yes,23.8,2015-06-27,Immunotherapy,7,1,Deceased,High
ONC-00215,30,Male,Pancreatic,Stage Iii,8.1,Never,Regular,No,24.2,2016-07-16,Surgery,10,2,Alive,High
ONC-00659,37,Other,Pancreatic,Stage Iv,6.3,Never,Occasional,Yes,18.4,2019-04-24,Palliative Care,6,18,Deceased,High
ONC-04072,27,Female,Pancreatic,Stage I,5.7,Never,Occasional,No,24.0,2022-06-20,Immunotherapy,5,30,Alive,Low
ONC-06489,39,Male,Blood (Leukemia),Stage Ii,2.1,Current,Heavy,Yes,29.9,2020-03-14,Chemotherapy,2,23,Alive,High
ONC-03495,49,Male,Liver,Stage Ii,4.3,Former,Regular,No,32.6,2023-01-21,Surgery,2,9,Alive,Medium
ONC-05846,78,Male,Colorectal,Stage I,1.0,Former,Occasional,No,19.0,2016-12-09,Surgery,10,9,Alive,Medium
ONC-06242,52,Other,Ovarian,Stage Ii,5.3,Current,Occasional,Yes,15.0,2016-09-12,Palliative Care,6,26,Alive,Low
ONC-01778,44,Male,Pancreatic,Stage Iii,0.8,Former,Heavy,Yes,24.6,2015-02-13,Chemotherapy,7,0,Alive,Critical
ONC-05925,42,Female,Skin (Melanoma),Stage I,0.5,Never,Heavy,Yes,23.1,2022-09-02,Immunotherapy,4,11,Deceased,Medium
ONC-05321,44,Male,Brain,Stage Iii,0.7,Never,Occasional,No,24.4,2023-09-04,Combination Therapy,6,58,Deceased,Medium
ONC-06614,85,Male,Prostate,Stage I,1.1,Former,Regular,No,30.1,2022-09-18,Radiation Therapy,8,20,Deceased,Medium
ONC-02681,47,Female,Ovarian,Stage Iv,4.1,Current,Heavy,No,29.8,2023-11-23,Surgery,4,23,Alive,High
ONC-05539,82,Female,Prostate,Stage Iii,3.5,Never,Heavy,Yes,25.2,2022-12-03,Surgery,3,10,Alive,Medium
ONC-07172,43,Other,Lung,Stage Iv,2.3,Former,Regular,No,18.3,2016-06-22,Chemotherapy,8,12,Deceased,Critical
ONC-02007,66,Other,Ovarian,Stage Ii,1.3,Current,Heavy,Yes,18.3,2019-11-20,Radiation Therapy,3,12,Alive,Low
ONC-04740,99,Male,Ovarian,Stage Iii,5.6,Current,Heavy,No,22.5,2024-09-01,Palliative Care,5,30,Alive,Critical
ONC-03262,81,Other,Blood (Leukemia),Stage Ii,5.5,Never,Heavy,No,26.6,2017-08-22,Surgery,8,23,Deceased,Medium
ONC-00187,46,Female,Colorectal,Stage Ii,7.5,Never,Regular,No,27.0,2020-03-29,Combination Therapy,9,29,Alive,Low
ONC-06144,59,Female,Ovarian,Stage Ii,3.3,Current,Occasional,Yes,36.1,2024-08-23,Combination Therapy,4,6,Deceased,Low
ONC-02335,81,Male,Colorectal,Stage Ii,0.4,Never,Occasional,Yes,20.8,2016-06-04,Combination Therapy,5,12,Deceased,Medium
ONC-01613,42,Female,Liver,Stage I,4.6,Never,Occasional,No,33.4,2019-05-20,Immunotherapy,6,9,Alive,Medium
ONC-03215,53,Female,Ovarian,Stage Iii,3.5,Former,Regular,Yes,22.7,2019-08-14,Immunotherapy,11,22,Deceased,Medium
ONC-05837,41,Other,Brain,Stage Ii,1.4,Former,Occasional,No,22.9,2024-07-17,Immunotherapy,10,3,Alive,Low
ONC-04352,69,Male,Pancreatic,Stage Iv,1.8,Former,Heavy,No,40.3,2019-01-23,Immunotherapy,9,27,Alive,High
ONC-04582,54,Female,Blood (Leukemia),Stage I,1.2,Current,Regular,No,29.5,2020-06-06,Radiation Therapy,3,9,Alive,High
ONC-07350,59,Male,Lung,Stage Ii,3.2,Current,Heavy,No,32.7,2015-10-04,Combination Therapy,7,3,Alive,Low
ONC-02142,30,Other,Liver,Stage Iii,5.2,Current,Occasional,Yes,15.9,2017-07-08,Surgery,5,8,Alive,Low
ONC-00201,48,Male,Pancreatic,Stage Iii,0.5,Former,Occasional,No,25.8,2023-02-27,Radiation Therapy,6,5,Deceased,High
ONC-01773,44,Other,Blood (Leukemia),Stage I,5.8,Never,Regular,Yes,17.6,2017-04-18,Chemotherapy,5,16,Alive,Low
ONC-02618,67,Other,Skin (Melanoma),Stage Iv,7.0,Former,Regular,Yes,35.3,2022-01-12,Immunotherapy,7,16,Alive,Critical
ONC-04093,63,Female,Breast,Stage Iv,3.8,Never,Regular,No,28.8,2015-12-09,Radiation Therapy,8,0,Alive,High
ONC-03348,48,Female,Breast,Stage Iv,1.9,Current,Heavy,Yes,30.0,2016-09-22,Chemotherapy,4,14,Deceased,High
ONC-02419,52,Male,Brain,Stage Iii,5.8,Never,Heavy,Yes,28.4,2021-09-04,Radiation Therapy,3,5,Alive,Medium
ONC-05629,60,Female,Brain,Stage Iii,2.1,Current,Regular,No,27.3,2019-07-26,Radiation Therapy,4,11,Alive,Critical
ONC-01780,81,Female,Breast,Stage Ii,11.3,Former,Heavy,No,29.4,2023-03-07,Radiation Therapy,3,9,Deceased,Medium
ONC-01582,73,Female,Blood (Leukemia),Stage I,3.9,Former,Occasional,No,22.5,2022-05-21,Radiation Therapy,10,23,Deceased,Low
ONC-06928,72,Other,Lung,Stage I,0.8,Former,Occasional,No,17.0,2022-10-31,Chemotherapy,4,14,Deceased,Medium
ONC-06593,55,Male,Pancreatic,Stage I,16.4,Former,Heavy,Yes,20.9,2023-11-19,Radiation Therapy,5,44,Alive,Medium
ONC-02084,34,Other,Breast,Stage Ii,4.8,Former,Heavy,No,32.8,2015-04-25,Radiation Therapy,1,29,Deceased,Low
ONC-02600,58,Other,Blood (Leukemia),Stage I,12.7,Current,Occasional,Yes,27.5,2021-10-29,Radiation Therapy,6,0,Deceased,Low
ONC-00133,40,Other,Liver,Stage I,1.8,Former,Regular,Yes,18.3,2021-06-25,Combination Therapy,7,15,Alive,High
ONC-04414,66,Other,Prostate,Stage I,0.9,Former,Heavy,No,31.6,2019-02-21,Immunotherapy,4,6,Deceased,Low
ONC-03095,43,Other,Pancreatic,Stage Iii,5.1,Former,Occasional,No,20.0,2019-07-18,Palliative Care,4,3,Deceased,Medium
ONC-03759,58,Other,Breast,Stage Iii,6.8,Never,Regular,No,32.7,2021-02-07,Combination Therapy,5,27,Alive,Low
ONC-05154,74,Other,Colorectal,Stage Iii,1.0,Never,Regular,Yes,35.9,2024-05-06,Surgery,4,73,Deceased,High
ONC-02068,68,Female,Liver,Stage Iii,1.8,Former,Heavy,Yes,17.2,2015-01-12,Palliative Care,5,5,Deceased,Critical
ONC-03811,67,Male,Skin (Melanoma),Stage I,2.6,Never,Occasional,No,28.5,2022-02-06,Surgery,6,13,Alive,Medium
ONC-07069,62,Other,Lung,Stage Iii,1.2,Current,Heavy,Yes,27.4,2020-11-22,Combination Therapy,8,10,Alive,Medium
ONC-03324,66,Male,Prostate,Stage Ii,2.9,Never,Heavy,No,28.6,2015-09-06,Surgery,2,5,Deceased,Low
ONC-07262,80,Other,Lung,Stage I,0.8,Never,Occasional,Yes,26.2,2022-09-12,Palliative Care,8,40,Alive,Low
ONC-06225,68,Other,Skin (Melanoma),Stage Iv,6.1,Former,Regular,No,22.2,2023-10-22,Palliative Care,6,28,Alive,Critical
ONC-01485,75,Male,Lung,Stage Iii,1.5,Current,Regular,Yes,29.0,2019-05-17,Chemotherapy,2,55,Alive,Low
ONC-03994,63,Other,Colorectal,Stage Ii,0.7,Current,Occasional,No,17.2,2017-01-04,Immunotherapy,6,4,Deceased,High
ONC-05252,69,Other,Blood (Leukemia),Stage Ii,0.8,Current,Occasional,Yes,25.1,2018-11-12,Palliative Care,6,11,Deceased,Low
ONC-03000,52,Male,Skin (Melanoma),Stage Iii,1.5,Never,Heavy,No,20.7,2015-11-26,Surgery,5,23,Alive,Critical
ONC-06292,47,Other,Lung,Stage Iii,1.8,Current,Regular,Yes,19.0,2022-07-09,Chemotherapy,4,14,Alive,High
ONC-03908,33,Other,Pancreatic,Stage Iii,9.1,Former,Regular,No,31.1,2021-10-12,Palliative Care,8,5,Deceased,High
ONC-00983,56,Female,Liver,Stage I,0.3,Never,Occasional,Yes,18.7,2022-11-08,Palliative Care,9,33,Alive,Critical
ONC-02381,42,Other,Pancreatic,Stage Ii,13.1,Never,Occasional,Yes,29.5,2020-06-16,Radiation Therapy,4,6,Alive,Medium
ONC-02487,61,Female,Liver,Stage I,1.8,Former,Heavy,Yes,22.4,2015-03-05,Combination Therapy,5,3,Alive,Low
ONC-05959,70,Female,Blood (Leukemia),Stage Ii,0.9,Never,Regular,Yes,30.4,2022-12-23,Palliative Care,2,7,Deceased,Medium
ONC-03098,36,Other,Blood (Leukemia),Stage Iv,1.5,Never,Heavy,Yes,16.1,2020-10-04,Chemotherapy,4,21,Deceased,Critical
ONC-01619,59,Female,Blood (Leukemia),Stage Iii,0.6,Current,Heavy,No,36.9,2017-12-16,Combination Therapy,6,7,Alive,Medium
ONC-01307,49,Female,Skin (Melanoma),Stage Ii,10.1,Never,Occasional,No,25.0,2024-11-28,Chemotherapy,6,26,Alive,Medium
ONC-00120,48,Female,Blood (Leukemia),Stage I,4.4,Current,Regular,Yes,28.0,2019-06-19,Radiation Therapy,6,43,Alive,Critical
ONC-05323,63,Male,Pancreatic,Stage Ii,5.5,Never,Regular,No,22.4,2021-05-10,Palliative Care,9,0,Alive,High
ONC-01105,55,Male,Blood (Leukemia),Stage Ii,3.2,Current,Heavy,No,32.5,2018-03-13,Palliative Care,4,40,Alive,Medium
ONC-07485,80,Female,Skin (Melanoma),Stage I,7.3,Never,Regular,Yes,32.9,2017-02-03,Combination Therapy,5,14,Alive,Medium
ONC-00393,58,Female,Colorectal,Stage Iii,1.0,Former,Regular,No,20.7,2017-12-03,Combination Therapy,6,7,Alive,Medium
ONC-00162,69,Other,Pancreatic,Stage Iii,3.7,Current,Heavy,Yes,29.0,2024-02-28,Chemotherapy,8,2,Deceased,High
ONC-03088,46,Male,Liver,Stage I,2.7,Never,Heavy,Yes,17.9,2015-03-21,Surgery,5,11,Alive,Low
ONC-04287,61,Male,Pancreatic,Stage I,6.0,Former,Regular,No,21.3,2021-02-20,Palliative Care,4,21,Deceased,Low
ONC-03633,60,Female,Colorectal,Stage I,8.0,Current,Regular,Yes,20.2,2018-10-24,Combination Therapy,8,20,Deceased,Low
ONC-06567,81,Male,Ovarian,Stage Iv,4.8,Never,Occasional,Yes,28.0,2023-07-28,Chemotherapy,7,17,Deceased,High
ONC-01922,34,Other,Liver,Stage Iv,0.2,Never,Occasional,No,25.7,2021-08-14,Immunotherapy,4,27,Alive,Critical
ONC-00712,51,Male,Liver,Stage Iii,1.4,Former,Regular,No,32.4,2018-06-15,Immunotherapy,7,4,Deceased,Medium
ONC-02373,52,Female,Lung,Stage Iv,1.5,Current,Heavy,No,32.2,2019-07-14,Palliative Care,5,71,Deceased,High
ONC-03566,67,Male,Ovarian,Stage Iii,0.2,Never,Occasional,No,16.0,2023-10-23,Immunotherapy,3,27,Alive,Medium
ONC-07466,68,Female,Colorectal,Stage Iii,4.8,Current,Occasional,Yes,25.0,2015-07-15,Surgery,9,8,Alive,Medium
ONC-03917,50,Male,Blood (Leukemia),Stage Iii,9.4,Current,Heavy,Yes,36.6,2023-03-15,Chemotherapy,6,3,Deceased,Medium
ONC-00130,75,Male,Pancreatic,Stage Iv,5.8,Former,Heavy,No,19.9,2022-06-17,Radiation Therapy,5,25,Alive,High
ONC-01641,25,Other,Lung,Stage I,5.3,Former,Heavy,Yes,21.4,2018-04-15,Chemotherapy,5,3,Deceased,Low
ONC-06781,47,Other,Skin (Melanoma),Stage Iii,7.4,Former,Regular,Yes,18.1,2017-09-04,Palliative Care,5,35,Alive,Medium
ONC-03393,47,Male,Brain,Stage Iii,1.0,Never,Occasional,No,27.7,2024-04-09,Combination Therapy,7,6,Alive,High
ONC-01140,61,Female,Breast,Stage I,3.6,Never,Regular,No,19.6,2022-09-18,Combination Therapy,12,24,Deceased,Low
ONC-06791,84,Female,Pancreatic,Stage Iv,0.8,Former,Regular,No,33.1,2024-06-16,Radiation Therapy,7,1,Alive,Critical
ONC-05831,54,Other,Prostate,Stage Ii,12.0,Former,Regular,Yes,21.9,2015-08-03,Radiation Therapy,9,7,Deceased,Medium
ONC-04612,57,Female,Ovarian,Stage Iii,0.5,Never,Regular,No,18.8,2022-01-24,Chemotherapy,7,9,Alive,High
ONC-03147,69,Female,Blood (Leukemia),Stage Ii,1.6,Current,Heavy,No,19.2,2023-09-24,Chemotherapy,2,9,Alive,Low
ONC-04969,50,Female,Breast,Stage Iii,3.2,Former,Heavy,No,30.9,2019-04-05,Immunotherapy,7,24,Alive,Low
ONC-01667,44,Male,Prostate,Stage Ii,0.8,Never,Heavy,Yes,20.8,2016-02-08,Palliative Care,7,2,Alive,High
ONC-01385,80,Female,Skin (Melanoma),Stage Iii,1.6,Current,Regular,No,29.8,2020-01-17,Radiation Therapy,4,20,Alive,Medium
ONC-06461,30,Female,Ovarian,Stage Iv,4.1,Former,Occasional,Yes,14.7,2024-02-15,Radiation Therapy,2,32,Alive,Medium
ONC-01223,50,Male,Breast,Stage Iv,0.8,Former,Heavy,Yes,24.7,2019-08-01,Surgery,11,4,Alive,Low
ONC-05697,50,Other,Pancreatic,Stage Ii,7.8,Current,Occasional,Yes,28.1,2023-07-03,Chemotherapy,11,3,Deceased,Medium
ONC-03342,83,Female,Blood (Leukemia),Stage Iii,0.1,Current,Heavy,Yes,25.2,2017-12-11,Combination Therapy,4,12,Alive,Critical
ONC-04890,54,Male,Brain,Stage Iii,20.0,Former,Regular,No,28.8,2022-08-13,Surgery,3,26,Alive,Medium
ONC-04701,63,Other,Skin (Melanoma),Stage Iii,3.0,Never,Regular,Yes,27.7,2023-06-16,Combination Therapy,4,17,Alive,Critical
ONC-01835,61,Male,Pancreatic,Stage Iv,3.2,Current,Heavy,Yes,20.5,2019-01-02,Chemotherapy,10,20,Alive,Critical
ONC-03328,28,Other,Breast,Stage Ii,3.6,Former,Regular,Yes,29.8,2020-10-03,Radiation Therapy,8,9,Deceased,Low
ONC-03834,55,Other,Lung,Stage Ii,3.0,Current,Occasional,No,25.6,2022-04-08,Chemotherapy,5,2,Deceased,High
ONC-01824,40,Female,Liver,Stage Ii,6.1,Current,Heavy,No,34.4,2017-08-15,Immunotherapy,6,1,Deceased,Medium
ONC-01054,52,Other,Breast,Stage I,0.3,Never,Occasional,Yes,27.8,2023-08-21,Surgery,7,9,Alive,Medium
ONC-03712,49,Other,Liver,Stage Iv,2.5,Current,Regular,Yes,23.3,2018-05-20,Palliative Care,10,0,Alive,Critical
ONC-06933,50,Female,Prostate,Stage Ii,1.1,Never,Heavy,No,22.6,2015-07-23,Surgery,4,8,Alive,Medium
ONC-01004,37,Male,Ovarian,Stage Ii,3.5,Former,Heavy,No,25.4,2015-04-17,Combination Therapy,9,69,Alive,Medium
ONC-00784,61,Other,Prostate,Stage Iv,3.8,Never,Regular,Yes,26.6,2019-09-10,Chemotherapy,3,10,Alive,Critical
ONC-02963,75,Male,Ovarian,Stage Ii,1.0,Never,Regular,Yes,24.2,2017-09-02,Radiation Therapy,6,2,Alive,Low
ONC-06636,52,Female,Pancreatic,Stage Iii,1.1,Never,Occasional,No,24.5,2015-12-13,Palliative Care,9,13,Alive,Critical
ONC-04831,63,Other,Ovarian,Stage Iv,3.9,Never,Heavy,Yes,28.6,2023-08-05,Immunotherapy,9,2,Deceased,Critical
ONC-04035,70,Male,Colorectal,Stage I,6.2,Never,Occasional,Yes,27.5,2024-02-15,Immunotherapy,3,3,Alive,Low
ONC-06197,65,Male,Skin (Melanoma),Stage Ii,1.2,Never,Occasional,Yes,26.5,2017-04-08,Palliative Care,9,19,Deceased,High
ONC-01438,77,Other,Brain,Stage Iv,4.3,Former,Regular,Yes,31.2,2019-04-12,Radiation Therapy,5,20,Alive,High
ONC-00817,59,Other,Liver,Stage Iv,1.0,Current,Regular,Yes,23.9,2020-06-19,Immunotherapy,5,6,Alive,Critical
ONC-03083,34,Male,Pancreatic,Stage Iii,3.2,Current,Heavy,No,21.8,2015-07-01,Chemotherapy,8,8,Deceased,Critical
ONC-06394,46,Female,Blood (Leukemia),Stage Ii,0.1,Current,Regular,Yes,23.4,2015-01-31,Surgery,8,32,Deceased,Medium
ONC-06239,45,Female,Colorectal,Stage I,2.1,Former,Occasional,Yes,23.2,2021-02-06,Radiation Therapy,5,29,Alive,Low
ONC-04836,74,Female,Liver,Stage Iv,2.1,Never,Occasional,No,24.6,2021-08-14,Combination Therapy,3,19,Alive,High
ONC-06720,50,Other,Skin (Melanoma),Stage Iv,3.2,Former,Heavy,No,30.6,2022-08-16,Palliative Care,5,1,Alive,High
ONC-04916,59,Female,Colorectal,Stage Iii,3.7,Former,Regular,No,27.9,2024-10-06,Radiation Therapy,9,34,Alive,Medium
ONC-06276,54,Male,Ovarian,Stage I,0.7,Current,Occasional,No,31.0,2020-10-20,Palliative Care,2,2,Deceased,Medium
ONC-05456,84,Female,Skin (Melanoma),Stage Ii,6.2,Never,Heavy,No,16.7,2016-12-24,Combination Therapy,6,8,Alive,Medium
ONC-04963,62,Female,Colorectal,Stage Iv,1.8,Current,Heavy,No,30.1,2018-09-28,Surgery,7,2,Alive,Critical
ONC-03269,51,Other,Liver,Stage Ii,0.2,Current,Heavy,Yes,22.9,2016-02-21,Radiation Therapy,9,8,Alive,High
ONC-01974,48,Female,Colorectal,Stage Ii,9.9,Former,Heavy,Yes,28.3,2020-01-21,Immunotherapy,7,17,Deceased,High
ONC-01502,59,Other,Blood (Leukemia),Stage Ii,2.9,Current,Occasional,No,25.3,2017-11-19,Chemotherapy,5,23,Alive,Low
ONC-03634,55,Other,Skin (Melanoma),Stage I,0.9,Current,Regular,No,34.0,2018-12-10,Surgery,5,4,Alive,Low
ONC-00838,54,Female,Ovarian,Stage I,2.4,Former,Regular,Yes,22.1,2015-07-15,Palliative Care,7,0,Deceased,Medium
ONC-06480,58,Other,Lung,Stage Ii,4.2,Current,Regular,Yes,28.8,2022-04-15,Immunotherapy,6,43,Alive,High
ONC-00778,51,Other,Lung,Stage I,3.8,Current,Occasional,No,30.0,2023-11-21,Radiation Therapy,6,15,Alive,Low
ONC-05414,76,Female,Ovarian,Stage Ii,0.8,Never,Heavy,Yes,28.7,2023-12-14,Combination Therapy,4,1,Alive,Low
ONC-00026,51,Female,Breast,Stage Ii,0.1,Former,Heavy,No,26.4,2019-09-29,Palliative Care,5,31,Deceased,Medium
ONC-06621,62,Male,Breast,Stage Iii,0.1,Current,Heavy,No,23.9,2017-12-04,Radiation Therapy,6,56,Alive,Medium
ONC-01529,91,Male,Lung,Stage Ii,1.8,Never,Heavy,Yes,26.7,2017-05-11,Surgery,12,11,Deceased,Low
ONC-06386,48,Female,Pancreatic,Stage Iv,1.7,Former,Heavy,Yes,28.9,2021-01-17,Chemotherapy,8,13,Alive,Critical
ONC-04606,76,Female,Lung,Stage I,9.4,Never,Heavy,No,30.4,2016-05-31,Radiation Therapy,5,5,Alive,Medium
ONC-04105,50,Male,Liver,Stage Iv,15.0,Current,Heavy,Yes,30.6,2019-01-03,Radiation Therapy,9,8,Alive,High
ONC-05811,65,Other,Ovarian,Stage Iii,0.2,Former,Occasional,Yes,21.7,2017-06-01,Palliative Care,1,15,Deceased,High
ONC-04054,58,Female,Blood (Leukemia),Stage Ii,1.0,Former,Heavy,Yes,33.5,2017-08-11,Immunotherapy,8,8,Alive,Medium
ONC-06270,48,Female,Pancreatic,Stage I,1.2,Former,Heavy,Yes,23.7,2018-07-12,Immunotherapy,7,7,Alive,Low
ONC-03462,28,Other,Blood (Leukemia),Stage Ii,0.1,Former,Occasional,Yes,21.5,2015-11-05,Immunotherapy,6,30,Deceased,Medium
ONC-03392,48,Male,Breast,Stage Iii,0.9,Current,Regular,No,21.5,2022-08-06,Immunotherapy,3,18,Deceased,Critical
ONC-01088,57,Other,Skin (Melanoma),Stage Iv,0.6,Current,Occasional,No,27.9,2019-02-11,Combination Therapy,7,11,Deceased,High
ONC-01426,90,Female,Lung,Stage Iii,1.9,Never,Regular,No,26.2,2022-03-15,Surgery,5,17,Deceased,High
ONC-07431,72,Other,Pancreatic,Stage Iii,1.7,Never,Occasional,No,36.3,2021-06-09,Surgery,8,11,Alive,Critical
ONC-05034,74,Other,Colorectal,Stage Iv,2.1,Current,Occasional,Yes,19.2,2017-11-13,Surgery,6,14,Alive,Critical
ONC-06420,62,Male,Liver,Stage Ii,0.6,Never,Heavy,No,17.5,2022-03-03,Radiation Therapy,3,1,Alive,Medium
ONC-04218,52,Male,Liver,Stage Iii,5.0,Former,Regular,No,34.1,2015-07-31,Chemotherapy,6,4,Deceased,High
ONC-07425,68,Male,Brain,Stage I,1.2,Never,Occasional,Yes,31.5,2019-02-08,Immunotherapy,6,33,Alive,Medium
ONC-01546,56,Female,Blood (Leukemia),Stage Iv,3.8,Former,Heavy,Yes,19.3,2017-05-07,Radiation Therapy,5,10,Alive,Medium
ONC-02559,54,Female,Liver,Stage Ii,16.9,Never,Occasional,Yes,21.9,2024-11-18,Radiation Therapy,8,15,Deceased,Medium
ONC-00861,41,Female,Prostate,Stage Iii,4.1,Never,Occasional,Yes,30.4,2019-03-10,Combination Therapy,4,28,Deceased,High
ONC-01209,77,Female,Prostate,Stage Iii,7.3,Current,Occasional,No,29.2,2016-06-15,Combination Therapy,7,34,Alive,Low
ONC-01260,59,Female,Liver,Stage Ii,2.6,Former,Heavy,Yes,37.6,2015-04-29,Radiation Therapy,2,47,Alive,High
ONC-00108,56,Female,Liver,Stage Iv,12.1,Current,Regular,No,31.6,2022-11-04,Radiation Therapy,7,3,Alive,Medium
ONC-07122,65,Other,Blood (Leukemia),Stage Iii,1.4,Current,Regular,Yes,20.2,2024-06-14,Surgery,9,9,Alive,Critical
ONC-02469,23,Other,Blood (Leukemia),Stage I,1.1,Former,Occasional,Yes,24.6,2024-04-16,Surgery,4,52,Alive,Medium
ONC-03647,37,Other,Breast,Stage Iv,0.7,Former,Heavy,Yes,24.0,2019-05-05,Immunotherapy,8,2,Alive,High
ONC-04704,60,Other,Colorectal,Stage Ii,1.7,Current,Occasional,Yes,22.8,2022-06-02,Combination Therapy,9,38,Alive,High
ONC-07048,90,Other,Liver,Stage Iii,3.3,Never,Regular,No,25.8,2019-08-26,Chemotherapy,9,69,Alive,Critical
ONC-05011,50,Male,Breast,Stage Iv,2.4,Never,Regular,Yes,26.3,2021-07-11,Surgery,6,10,Deceased,Critical
ONC-07011,54,Male,Colorectal,Stage Iii,4.5,Current,Heavy,Yes,28.5,2022-09-16,Immunotherapy,6,13,Deceased,Medium
ONC-05062,46,Other,Ovarian,Stage Iv,4.9,Never,Regular,No,28.6,2016-08-16,Radiation Therapy,7,14,Deceased,High
ONC-02915,60,Female,Skin (Melanoma),Stage Iii,0.5,Never,Heavy,No,21.5,2018-10-18,Immunotherapy,10,2,Deceased,High
ONC-04169,55,Other,Pancreatic,Stage I,0.2,Current,Regular,Yes,32.9,2024-05-03,Chemotherapy,4,45,Alive,Medium
ONC-06255,64,Male,Skin (Melanoma),Stage Ii,4.2,Current,Occasional,No,25.2,2016-02-27,Radiation Therapy,5,46,Deceased,Low
ONC-04563,71,Male,Brain,Stage Ii,10.7,Former,Regular,No,25.0,2024-12-15,Palliative Care,7,27,Deceased,Medium
ONC-07046,46,Male,Colorectal,Stage Ii,4.4,Current,Occasional,Yes,25.0,2023-03-25,Surgery,4,23,Deceased,Low
ONC-00110,46,Male,Colorectal,Stage Iii,3.0,Current,Regular,Yes,25.9,2022-01-17,Surgery,3,5,Deceased,Medium
ONC-05186,36,Female,Lung,Stage Iii,1.0,Current,Occasional,Yes,21.3,2021-12-10,Palliative Care,7,11,Alive,High
ONC-05632,56,Female,Liver,Stage Iv,3.2,Current,Regular,Yes,25.8,2020-08-08,Radiation Therapy,7,6,Deceased,Critical
ONC-07420,45,Female,Brain,Stage Iv,5.2,Never,Heavy,Yes,33.3,2016-11-01,Chemotherapy,1,16,Alive,Critical
ONC-05181,63,Other,Pancreatic,Stage Iv,2.7,Never,Regular,Yes,27.7,2023-04-15,Radiation Therapy,6,3,Alive,Critical
ONC-04854,66,Other,Pancreatic,Stage Iii,7.9,Never,Occasional,Yes,21.6,2016-05-18,Chemotherapy,4,26,Deceased,High
ONC-06943,37,Male,Brain,Stage Ii,10.3,Former,Heavy,Yes,21.2,2018-08-14,Combination Therapy,5,9,Alive,Medium
ONC-06515,75,Other,Prostate,Stage Iv,1.0,Former,Occasional,Yes,23.2,2016-01-07,Combination Therapy,7,22,Deceased,High
ONC-05415,57,Male,Brain,Stage Iii,3.8,Current,Heavy,Yes,31.7,2022-06-15,Combination Therapy,5,30,Alive,High
ONC-03059,52,Other,Colorectal,Stage Iii,3.6,Never,Heavy,No,28.2,2019-08-08,Combination Therapy,5,13,Alive,High
ONC-01339,48,Female,Skin (Melanoma),Stage I,3.2,Never,Occasional,No,27.1,2018-05-26,Combination Therapy,5,48,Alive,Medium
ONC-07294,66,Male,Prostate,Stage Ii,1.2,Current,Occasional,No,28.1,2018-08-02,Radiation Therapy,6,6,Alive,Medium
ONC-04894,74,Other,Liver,Stage Iii,3.4,Former,Heavy,No,30.9,2017-11-29,Immunotherapy,9,5,Alive,Medium
ONC-04274,50,Female,Skin (Melanoma),Stage Iv,2.5,Former,Regular,No,21.5,2023-02-27,Immunotherapy,5,28,Alive,Critical
ONC-00039,47,Male,Liver,Stage Ii,5.2,Never,Occasional,No,24.9,2015-04-12,Chemotherapy,4,14,Deceased,High
ONC-03797,76,Other,Blood (Leukemia),Stage Iv,2.2,Never,Heavy,Yes,27.9,2015-07-25,Combination Therapy,7,2,Alive,High
ONC-02862,91,Female,Skin (Melanoma),Stage Iv,1.8,Current,Regular,Yes,29.0,2022-10-27,Radiation Therapy,4,28,Alive,High
ONC-01795,62,Female,Prostate,Stage I,0.8,Former,Occasional,No,34.5,2023-06-25,Combination Therapy,7,6,Deceased,Medium
ONC-00718,52,Female,Breast,Stage I,5.3,Current,Heavy,Yes,28.5,2022-05-02,Palliative Care,7,16,Deceased,Low
ONC-04986,66,Other,Liver,Stage Ii,3.0,Current,Heavy,No,21.9,2015-04-22,Combination Therapy,9,23,Alive,Medium
ONC-05259,52,Other,Colorectal,Stage Iii,3.4,Current,Heavy,Yes,19.6,2022-04-25,Chemotherapy,5,2,Alive,High
ONC-06368,41,Female,Ovarian,Stage Iv,0.2,Current,Heavy,Yes,34.2,2023-11-15,Chemotherapy,7,20,Alive,High
ONC-03733,74,Other,Blood (Leukemia),Stage Iv,7.2,Current,Regular,No,27.9,2020-08-19,Immunotherapy,5,20,Alive,Critical
ONC-04427,41,Male,Prostate,Stage Ii,3.8,Former,Occasional,No,22.1,2018-04-01,Immunotherapy,6,18,Alive,Medium
ONC-01451,86,Female,Pancreatic,Stage Iii,2.7,Former,Occasional,Yes,26.2,2018-08-15,Surgery,5,19,Alive,Medium
ONC-03832,56,Female,Prostate,Stage Iii,1.5,Former,Regular,Yes,23.0,2019-11-25,Palliative Care,6,14,Deceased,Medium
ONC-04198,63,Other,Blood (Leukemia),Stage Iv,1.6,Never,Occasional,Yes,25.2,2017-04-03,Surgery,2,2,Alive,High
ONC-04926,66,Male,Pancreatic,Stage Ii,3.4,Current,Heavy,Yes,31.7,2021-04-05,Surgery,3,45,Alive,High
ONC-01825,61,Other,Colorectal,Stage Ii,0.9,Never,Regular,No,35.1,2015-04-30,Radiation Therapy,7,33,Alive,High
ONC-02170,76,Female,Skin (Melanoma),Stage Ii,0.2,Never,Occasional,No,18.6,2021-06-06,Surgery,1,25,Deceased,High
ONC-01190,46,Male,Prostate,Stage Ii,1.9,Former,Heavy,No,22.2,2023-07-10,Chemotherapy,5,45,Deceased,Low
ONC-06478,60,Other,Brain,Stage Iii,3.3,Current,Regular,Yes,29.6,2024-06-29,Surgery,6,15,Deceased,High
ONC-04600,65,Male,Brain,Stage Iii,3.2,Current,Regular,No,22.1,2018-10-23,Combination Therapy,5,79,Alive,Low
ONC-00801,53,Male,Liver,Stage I,0.1,Never,Heavy,No,17.7,2018-03-13,Palliative Care,6,9,Deceased,Low
ONC-02601,52,Male,Colorectal,Stage Iii,6.0,Current,Heavy,Yes,26.8,2024-03-27,Combination Therapy,5,0,Alive,High
ONC-01244,78,Male,Ovarian,Stage Iii,0.4,Never,Regular,No,25.8,2018-10-29,Surgery,12,1,Alive,Critical
ONC-03937,66,Male,Liver,Stage Iv,0.9,Former,Heavy,No,26.3,2020-12-22,Radiation Therapy,2,7,Alive,High
ONC-05498,73,Female,Prostate,Stage Iii,3.8,Former,Heavy,Yes,31.6,2016-04-28,Chemotherapy,1,2,Alive,Medium
ONC-04668,56,Other,Lung,Stage Iii,1.6,Current,Occasional,Yes,23.9,2019-01-24,Chemotherapy,7,1,Alive,Medium
ONC-02379,61,Female,Blood (Leukemia),Stage Iii,2.0,Former,Occasional,Yes,34.7,2019-01-06,Surgery,4,21,Alive,High
ONC-01095,81,Male,Pancreatic,Stage Ii,6.4,Current,Heavy,No,27.2,2017-10-29,Palliative Care,2,29,Alive,Low
ONC-06670,68,Female,Prostate,Stage Iv,2.3,Former,Heavy,No,22.4,2018-11-15,Immunotherapy,8,12,Alive,Critical
ONC-06714,53,Female,Prostate,Stage I,2.4,Current,Heavy,No,21.3,2021-03-26,Combination Therapy,5,4,Deceased,Low
ONC-02141,40,Female,Brain,Stage Ii,0.2,Former,Heavy,No,26.3,2017-07-16,Combination Therapy,8,21,Deceased,High
ONC-06912,69,Other,Skin (Melanoma),Stage Ii,6.0,Current,Occasional,Yes,26.0,2022-10-04,Combination Therapy,4,26,Deceased,Medium
ONC-06322,63,Male,Prostate,Stage Iv,7.3,Former,Regular,Yes,28.9,2016-04-14,Palliative Care,9,26,Alive,Critical
ONC-06441,38,Female,Pancreatic,Stage Iv,0.9,Never,Heavy,Yes,16.8,2022-01-24,Combination Therapy,3,18,Alive,High
ONC-00069,61,Male,Blood (Leukemia),Stage Ii,0.6,Former,Heavy,Yes,28.2,2023-06-01,Immunotherapy,9,15,Alive,High
ONC-02809,44,Female,Colorectal,Stage Ii,6.3,Former,Occasional,Yes,30.0,2020-04-01,Palliative Care,4,11,Alive,Low
ONC-03959,71,Male,Breast,Stage Iv,7.8,Never,Occasional,Yes,26.4,2018-03-31,Palliative Care,10,34,Alive,Critical
ONC-06219,48,Male,Colorectal,Stage Ii,1.2,Never,Regular,Yes,28.9,2017-01-12,Radiation Therapy,6,19,Alive,Medium
ONC-03395,46,Female,Breast,Stage Ii,4.6,Former,Occasional,No,28.4,2021-11-28,Immunotherapy,2,11,Alive,Low
ONC-07185,43,Other,Liver,Stage Iv,1.5,Never,Occasional,No,28.2,2024-12-30,Combination Therapy,6,28,Alive,Critical
ONC-02540,64,Male,Liver,Stage I,1.4,Never,Heavy,Yes,29.3,2023-04-19,Combination Therapy,2,42,Alive,Low
ONC-04760,56,Male,Pancreatic,Stage I,4.6,Former,Occasional,Yes,23.7,2023-03-25,Chemotherapy,10,6,Alive,Low
ONC-02823,48,Female,Skin (Melanoma),Stage Ii,0.8,Current,Regular,Yes,28.5,2023-10-02,Immunotherapy,4,11,Alive,Critical
ONC-01389,69,Male,Skin (Melanoma),Stage I,2.2,Former,Heavy,No,23.7,2015-07-08,Palliative Care,6,0,Alive,Low
ONC-07266,51,Female,Liver,Stage Iv,0.1,Former,Regular,Yes,23.8,2023-05-31,Combination Therapy,6,22,Alive,Critical
ONC-02245,42,Male,Lung,Stage I,15.7,Current,Occasional,No,21.9,2015-06-03,Combination Therapy,7,1,Alive,Medium
ONC-03146,57,Female,Liver,Stage I,1.8,Current,Regular,Yes,27.9,2022-08-17,Surgery,4,5,Alive,Medium
ONC-07159,30,Other,Ovarian,Stage Iv,2.6,Former,Heavy,Yes,20.7,2021-06-10,Chemotherapy,6,1,Deceased,Critical
ONC-06073,47,Other,Pancreatic,Stage Iii,2.6,Former,Occasional,No,26.6,2018-07-23,Palliative Care,8,31,Alive,High
ONC-02916,67,Female,Brain,Stage Ii,3.6,Never,Occasional,No,17.1,2020-01-02,Palliative Care,3,7,Alive,Medium
ONC-02775,78,Other,Pancreatic,Stage Iii,0.1,Current,Occasional,No,26.4,2019-08-18,Radiation Therapy,6,7,Alive,Medium
ONC-06758,65,Other,Skin (Melanoma),Stage Ii,9.9,Former,Heavy,Yes,23.5,2023-05-17,Chemotherapy,5,19,Alive,High
ONC-03445,56,Other,Pancreatic,Stage Ii,0.1,Current,Occasional,No,16.6,2015-08-21,Chemotherapy,4,42,Deceased,Low
ONC-01001,75,Other,Skin (Melanoma),Stage Ii,5.4,Current,Occasional,No,33.9,2018-02-10,Chemotherapy,7,5,Deceased,Critical
ONC-06318,74,Female,Brain,Stage Iii,3.7,Never,Heavy,No,21.4,2022-11-01,Combination Therapy,6,8,Deceased,High
ONC-03975,45,Male,Liver,Stage Iv,2.0,Current,Occasional,No,34.3,2022-12-20,Palliative Care,2,3,Alive,Critical
ONC-06224,59,Male,Ovarian,Stage Ii,2.6,Current,Regular,No,26.4,2022-02-11,Combination Therapy,4,5,Deceased,Low
ONC-02848,44,Male,Prostate,Stage Iv,0.3,Current,Occasional,Yes,33.1,2019-10-08,Immunotherapy,6,30,Alive,Critical
ONC-02111,54,Female,Pancreatic,Stage Iv,5.7,Current,Regular,No,24.5,2020-05-13,Chemotherapy,4,10,Alive,Critical
ONC-00458,52,Male,Colorectal,Stage I,0.1,Never,Regular,No,26.2,2020-01-20,Radiation Therapy,7,10,Alive,Low
ONC-04967,47,Female,Breast,Stage Iv,4.5,Former,Heavy,Yes,26.1,2017-10-19,Surgery,7,10,Alive,High
ONC-00791,82,Female,Liver,Stage Iii,0.6,Current,Regular,No,34.2,2019-11-20,Chemotherapy,7,2,Alive,Critical
ONC-05267,45,Female,Ovarian,Stage Iv,0.6,Former,Regular,Yes,25.3,2016-07-03,Chemotherapy,9,7,Alive,High
ONC-06908,58,Other,Ovarian,Stage Ii,7.1,Former,Heavy,Yes,29.3,2023-08-08,Combination Therapy,8,5,Deceased,Critical
ONC-05443,59,Male,Colorectal,Stage Iv,0.6,Former,Regular,No,25.8,2015-01-17,Immunotherapy,10,5,Alive,High
ONC-01487,35,Other,Skin (Melanoma),Stage Ii,2.7,Current,Regular,No,21.0,2022-09-28,Surgery,11,19,Alive,High
ONC-02354,47,Male,Lung,Stage Iv,0.1,Never,Occasional,Yes,31.2,2022-11-02,Chemotherapy,4,4,Alive,Medium
ONC-00657,37,Male,Pancreatic,Stage Iii,4.3,Never,Regular,No,32.1,2015-03-18,Immunotherapy,5,14,Alive,Medium
ONC-01738,45,Other,Ovarian,Stage Ii,1.5,Former,Occasional,Yes,28.9,2024-06-11,Immunotherapy,7,19,Deceased,Low
ONC-05516,51,Male,Brain,Stage I,1.7,Former,Regular,No,30.1,2017-10-18,Surgery,8,26,Alive,Low
ONC-04496,36,Other,Prostate,Stage Iii,0.3,Former,Heavy,Yes,24.0,2015-09-16,Chemotherapy,8,55,Alive,High
ONC-02981,65,Male,Lung,Stage Iv,7.4,Current,Regular,Yes,30.6,2023-07-05,Palliative Care,4,39,Alive,Critical
ONC-03357,65,Male,Breast,Stage Ii,3.2,Former,Regular,Yes,28.1,2020-02-16,Immunotherapy,8,47,Alive,Medium
ONC-05444,52,Male,Blood (Leukemia),Stage Ii,0.5,Never,Heavy,No,26.9,2024-08-08,Surgery,4,6,Alive,High
ONC-06285,75,Female,Skin (Melanoma),Stage Iv,3.2,Former,Heavy,No,30.7,2015-12-02,Radiation Therapy,10,7,Alive,Critical
ONC-01593,85,Other,Blood (Leukemia),Stage Iv,5.3,Former,Regular,No,20.0,2019-03-16,Chemotherapy,3,20,Alive,Low
ONC-01429,62,Female,Breast,Stage Ii,0.7,Current,Occasional,Yes,26.8,2023-12-22,Combination Therapy,8,18,Alive,Medium
ONC-02188,72,Other,Colorectal,Stage I,2.1,Current,Occasional,Yes,27.5,2015-09-21,Palliative Care,6,23,Alive,Low
ONC-06531,52,Male,Prostate,Stage Iii,4.4,Never,Occasional,No,34.0,2021-03-10,Palliative Care,9,39,Alive,Medium
ONC-04774,67,Female,Brain,Stage Iv,6.9,Former,Regular,Yes,19.3,2016-08-06,Surgery,4,88,Deceased,Critical
ONC-06313,58,Male,Lung,Stage Ii,1.3,Never,Occasional,No,14.5,2023-12-05,Palliative Care,9,5,Alive,Medium
ONC-07446,31,Other,Skin (Melanoma),Stage Ii,0.2,Former,Heavy,No,22.2,2024-06-18,Immunotherapy,8,1,Alive,Medium
ONC-02769,68,Other,Lung,Stage Iv,8.2,Current,Heavy,Yes,22.9,2019-05-02,Palliative Care,6,8,Deceased,High
ONC-04658,41,Other,Skin (Melanoma),Stage Iii,1.2,Former,Occasional,No,23.9,2020-07-15,Palliative Care,13,6,Alive,High
ONC-07031,32,Other,Breast,Stage I,0.5,Current,Heavy,No,15.4,2018-05-07,Palliative Care,7,5,Deceased,Low
ONC-07024,74,Female,Colorectal,Stage I,10.4,Never,Regular,No,27.3,2024-03-29,Radiation Therapy,10,35,Deceased,Low
ONC-04461,64,Female,Colorectal,Stage I,7.3,Never,Heavy,Yes,24.8,2018-02-11,Chemotherapy,9,3,Alive,Medium
ONC-01673,61,Male,Lung,Stage Ii,0.1,Former,Occasional,Yes,28.4,2016-06-30,Radiation Therapy,9,13,Deceased,Critical
ONC-02580,64,Other,Ovarian,Stage Iv,4.8,Current,Regular,No,24.2,2015-02-28,Radiation Therapy,7,7,Alive,Medium
ONC-06344,72,Other,Liver,Stage Iv,6.7,Former,Occasional,Yes,33.8,2017-02-28,Surgery,7,13,Alive,High
ONC-05763,50,Female,Colorectal,Stage Iii,4.1,Former,Regular,Yes,32.3,2024-05-18,Radiation Therapy,5,13,Deceased,High
ONC-06222,48,Female,Lung,Stage Ii,6.7,Former,Occasional,No,27.9,2020-02-01,Radiation Therapy,9,14,Alive,High
ONC-00968,63,Other,Blood (Leukemia),Stage Ii,3.8,Former,Heavy,Yes,30.0,2018-12-29,Radiation Therapy,9,17,Deceased,High
ONC-06988,51,Male,Prostate,Stage Ii,1.0,Current,Occasional,No,29.5,2015-04-03,Immunotherapy,4,2,Deceased,High
ONC-07075,39,Other,Liver,Stage Iii,0.9,Never,Occasional,Yes,29.8,2015-04-06,Combination Therapy,6,23,Alive,High
ONC-00017,46,Female,Ovarian,Stage Ii,9.0,Current,Occasional,No,24.4,2020-12-01,Combination Therapy,6,37,Alive,Low
ONC-04475,52,Female,Colorectal,Stage Ii,2.8,Never,Heavy,No,22.3,2023-02-01,Immunotherapy,4,25,Alive,Low
ONC-02839,58,Female,Colorectal,Stage Iii,0.2,Never,Regular,Yes,26.1,2022-01-03,Palliative Care,7,2,Alive,High
ONC-02497,54,Female,Pancreatic,Stage Ii,1.4,Current,Heavy,No,24.0,2016-09-15,Chemotherapy,11,14,Deceased,Medium
ONC-06078,51,Other,Ovarian,Stage Ii,0.2,Never,Heavy,Yes,24.7,2020-01-29,Immunotherapy,8,18,Alive,High
ONC-04506,41,Female,Colorectal,Stage Iii,8.6,Never,Occasional,No,22.6,2015-08-12,Palliative Care,4,3,Alive,Medium
ONC-04772,64,Female,Pancreatic,Stage Iv,1.1,Current,Regular,Yes,27.7,2017-03-01,Chemotherapy,6,9,Alive,Critical
ONC-01973,57,Female,Blood (Leukemia),Stage Iii,2.2,Current,Occasional,Yes,21.5,2024-06-25,Surgery,6,19,Alive,High
ONC-04714,57,Other,Ovarian,Stage Iii,8.6,Never,Heavy,Yes,31.1,2022-08-07,Immunotherapy,6,0,Alive,Medium
ONC-07027,54,Male,Lung,Stage I,2.6,Current,Regular,No,28.4,2022-10-29,Radiation Therapy,8,8,Alive,Low
ONC-03431,55,Other,Liver,Stage Ii,11.3,Former,Regular,No,29.2,2016-10-15,Immunotherapy,4,63,Alive,Low
ONC-00751,60,Other,Blood (Leukemia),Stage Iii,9.4,Never,Regular,No,25.6,2016-02-03,Immunotherapy,4,22,Alive,Critical
ONC-01834,57,Female,Skin (Melanoma),Stage Iii,3.6,Current,Regular,Yes,24.6,2022-04-05,Surgery,4,21,Alive,High
ONC-03662,45,Other,Pancreatic,Stage I,7.5,Never,Occasional,No,28.1,2019-07-09,Combination Therapy,4,0,Alive,Low
ONC-04753,50,Female,Liver,Stage Iii,0.4,Never,Occasional,No,23.8,2016-02-25,Combination Therapy,7,15,Deceased,Critical
ONC-00665,78,Male,Blood (Leukemia),Stage I,2.8,Current,Heavy,Yes,35.0,2023-04-24,Combination Therapy,3,18,Alive,Low
ONC-05860,37,Other,Brain,Stage Ii,1.7,Current,Heavy,Yes,24.5,2021-09-22,Palliative Care,2,17,Alive,Low
ONC-00705,39,Female,Blood (Leukemia),Stage Ii,8.9,Never,Occasional,Yes,26.3,2022-06-19,Radiation Therapy,6,25,Deceased,Medium
ONC-06862,49,Other,Lung,Stage I,3.8,Former,Regular,Yes,29.9,2016-01-18,Immunotherapy,4,5,Deceased,Low
ONC-01985,41,Female,Prostate,Stage Iv,11.4,Current,Occasional,No,20.1,2019-03-24,Chemotherapy,4,16,Alive,Medium
ONC-05768,76,Male,Ovarian,Stage I,0.4,Former,Regular,Yes,26.7,2024-10-06,Combination Therapy,4,0,Alive,Medium
ONC-03009,49,Female,Blood (Leukemia),Stage Ii,5.3,Former,Occasional,Yes,27.0,2017-02-08,Radiation Therapy,7,12,Alive,Low
ONC-00558,81,Other,Brain,Stage Ii,0.1,Never,Occasional,Yes,29.7,2022-07-22,Palliative Care,8,13,Deceased,Medium
ONC-02940,51,Female,Blood (Leukemia),Stage Iii,6.0,Current,Heavy,Yes,20.2,2022-08-17,Combination Therapy,4,17,Deceased,High
ONC-04966,42,Other,Lung,Stage Ii,2.6,Former,Regular,No,23.1,2021-10-20,Combination Therapy,11,3,Alive,Low
ONC-00306,57,Other,Blood (Leukemia),Stage Iii,5.4,Current,Occasional,Yes,25.3,2019-06-12,Palliative Care,3,15,Alive,Low
ONC-01767,58,Other,Liver,Stage Ii,1.2,Current,Heavy,Yes,29.3,2016-03-02,Radiation Therapy,9,7,Deceased,Medium
ONC-05469,68,Male,Breast,Stage I,7.9,Former,Heavy,No,30.8,2022-07-25,Immunotherapy,7,14,Alive,Medium
ONC-00866,67,Female,Ovarian,Stage Iii,5.5,Current,Regular,No,35.4,2018-01-23,Chemotherapy,9,24,Alive,Critical
ONC-04838,48,Other,Lung,Stage Ii,14.6,Never,Heavy,No,37.7,2020-01-30,Palliative Care,8,23,Deceased,Medium
ONC-07389,39,Female,Brain,Stage Iii,7.6,Current,Occasional,No,24.2,2021-04-14,Chemotherapy,5,1,Alive,Critical
ONC-01241,62,Male,Ovarian,Stage Ii,0.2,Former,Regular,Yes,23.4,2023-02-06,Surgery,6,12,Alive,Medium
ONC-00980,62,Male,Prostate,Stage Ii,14.9,Current,Heavy,No,29.2,2016-08-15,Radiation Therapy,4,26,Deceased,Low
ONC-00729,31,Male,Colorectal,Stage Iii,3.9,Never,Heavy,Yes,21.4,2015-11-15,Surgery,7,4,Deceased,Medium
ONC-05476,60,Male,Colorectal,Stage Iii,0.7,Former,Heavy,Yes,23.6,2017-04-15,Radiation Therapy,8,10,Deceased,Critical
ONC-00598,21,Other,Liver,Stage I,5.6,Never,Regular,No,19.5,2016-07-05,Surgery,4,24,Alive,Medium
ONC-06384,23,Other,Prostate,Stage Iv,3.8,Former,Heavy,No,29.2,2016-04-21,Immunotherapy,8,10,Alive,Medium
ONC-06707,75,Female,Liver,Stage Iv,3.6,Former,Occasional,No,22.6,2020-03-25,Palliative Care,7,2,Alive,Critical
ONC-02095,66,Other,Ovarian,Stage Iv,2.6,Former,Regular,Yes,14.3,2017-05-06,Radiation Therapy,9,25,Deceased,Medium
ONC-01648,50,Male,Breast,Stage I,3.4,Never,Regular,No,26.0,2020-12-06,Immunotherapy,7,9,Alive,Critical
ONC-05855,73,Other,Lung,Stage Ii,2.1,Former,Occasional,Yes,30.3,2016-12-17,Palliative Care,6,13,Alive,Low
ONC-00976,56,Other,Ovarian,Stage Iv,2.2,Former,Occasional,Yes,24.6,2022-03-22,Radiation Therapy,9,6,Alive,Medium
ONC-05742,78,Other,Pancreatic,Stage Ii,0.5,Never,Heavy,No,25.5,2016-12-27,Chemotherapy,5,4,Deceased,Low
ONC-06904,29,Female,Ovarian,Stage Ii,1.2,Current,Occasional,No,24.3,2020-10-15,Surgery,7,4,Deceased,Low
ONC-02451,61,Female,Prostate,Stage Iii,1.8,Former,Regular,No,29.3,2015-11-15,Immunotherapy,5,5,Alive,High
ONC-02532,43,Male,Brain,Stage Iv,4.2,Current,Occasional,Yes,29.6,2022-08-15,Palliative Care,2,36,Alive,Critical
ONC-06625,92,Male,Breast,Stage Iv,3.8,Never,Regular,No,27.6,2020-01-29,Surgery,7,19,Alive,Medium
ONC-05250,63,Male,Colorectal,Stage Iv,2.3,Current,Regular,No,23.2,2019-05-17,Combination Therapy,7,0,Deceased,High
ONC-03339,63,Male,Breast,Stage Iv,2.6,Former,Occasional,Yes,21.0,2017-02-20,Chemotherapy,7,15,Deceased,Critical
ONC-02408,51,Other,Brain,Stage Iii,1.4,Never,Heavy,No,25.7,2024-02-25,Surgery,9,9,Alive,Low
ONC-01366,61,Other,Skin (Melanoma),Stage Iv,3.2,Former,Occasional,Yes,25.6,2016-08-23,Combination Therapy,8,29,Alive,Critical
ONC-03847,63,Male,Pancreatic,Stage Iv,6.9,Current,Occasional,Yes,23.8,2017-06-05,Palliative Care,3,72,Deceased,Critical
ONC-02271,53,Male,Blood (Leukemia),Stage Iv,3.0,Current,Heavy,Yes,29.6,2019-01-02,Radiation Therapy,8,4,Deceased,Critical
ONC-05097,36,Male,Colorectal,Stage I,5.3,Current,Heavy,Yes,29.1,2018-01-18,Palliative Care,7,7,Alive,Medium
ONC-05738,60,Female,Ovarian,Stage Iii,6.8,Former,Heavy,No,31.1,2024-12-11,Radiation Therapy,1,8,Alive,High
ONC-01463,51,Female,Blood (Leukemia),Stage I,4.7,Current,Regular,Yes,38.2,2023-01-01,Combination Therapy,8,7,Alive,High
ONC-03344,77,Other,Brain,Stage Iii,1.0,Never,Regular,No,21.9,2019-02-16,Radiation Therapy,10,2,Alive,Critical
ONC-05500,45,Female,Prostate,Stage Iii,1.4,Former,Occasional,Yes,22.2,2021-07-03,Chemotherapy,4,13,Alive,Critical
ONC-05314,38,Male,Brain,Stage Iv,1.6,Former,Occasional,No,16.3,2017-04-05,Palliative Care,5,26,Deceased,Medium
ONC-05830,44,Male,Liver,Stage I,3.6,Former,Heavy,Yes,30.5,2018-12-31,Chemotherapy,4,19,Alive,Low
ONC-06029,61,Male,Brain,Stage Iv,0.6,Former,Occasional,Yes,29.6,2016-07-11,Palliative Care,10,20,Alive,Critical
ONC-03628,45,Other,Blood (Leukemia),Stage Iv,13.0,Former,Heavy,Yes,28.9,2016-10-25,Combination Therapy,7,8,Deceased,Low
ONC-01836,60,Female,Ovarian,Stage Iv,0.5,Never,Occasional,Yes,24.6,2021-11-26,Immunotherapy,7,17,Alive,High
ONC-02045,80,Female,Colorectal,Stage Ii,4.2,Former,Regular,Yes,25.8,2015-03-26,Surgery,5,79,Alive,Medium
ONC-04837,69,Other,Breast,Stage I,2.8,Former,Occasional,Yes,24.6,2021-01-19,Combination Therapy,9,17,Alive,Medium
ONC-03627,68,Female,Pancreatic,Stage Iv,7.8,Never,Occasional,No,28.8,2019-04-26,Immunotherapy,5,25,Deceased,High
ONC-02557,40,Female,Pancreatic,Stage Iii,2.8,Former,Regular,Yes,22.9,2016-02-02,Palliative Care,9,2,Deceased,Low
ONC-00183,59,Male,Skin (Melanoma),Stage Ii,0.8,Current,Occasional,No,34.1,2020-10-21,Immunotherapy,6,37,Deceased,Critical
ONC-03672,37,Female,Skin (Melanoma),Stage Iii,0.1,Former,Regular,No,21.9,2022-12-01,Immunotherapy,9,5,Alive,Medium
ONC-06277,57,Female,Pancreatic,Stage Iii,4.6,Current,Regular,Yes,26.0,2018-09-13,Radiation Therapy,6,24,Alive,High
ONC-00618,77,Male,Breast,Stage I,2.8,Former,Heavy,Yes,22.3,2022-11-26,Combination Therapy,7,30,Deceased,Low
ONC-01920,78,Other,Colorectal,Stage I,2.1,Current,Regular,Yes,28.5,2018-07-14,Chemotherapy,9,17,Alive,Medium
ONC-06347,46,Male,Lung,Stage Iii,4.0,Current,Occasional,Yes,18.0,2020-09-14,Palliative Care,8,75,Deceased,Critical
ONC-06352,75,Female,Prostate,Stage Iv,1.0,Former,Regular,No,24.3,2022-01-04,Surgery,4,25,Alive,High
ONC-05771,28,Other,Blood (Leukemia),Stage Ii,0.6,Never,Occasional,No,23.9,2017-11-15,Radiation Therapy,7,17,Alive,High
ONC-05755,34,Male,Colorectal,Stage Ii,1.0,Current,Heavy,No,33.1,2015-06-25,Palliative Care,8,4,Alive,Low
ONC-06406,60,Male,Pancreatic,Stage Iv,11.0,Never,Regular,No,25.9,2017-05-23,Combination Therapy,8,19,Alive,Medium
ONC-07461,84,Male,Liver,Stage Iv,6.4,Never,Heavy,No,15.4,2018-04-10,Palliative Care,7,4,Alive,Critical
ONC-04621,75,Other,Liver,Stage Iii,3.2,Former,Occasional,No,20.8,2021-10-23,Chemotherapy,7,15,Alive,Low
ONC-07401,70,Male,Breast,Stage Iv,2.9,Current,Heavy,Yes,27.9,2015-10-16,Combination Therapy,3,9,Alive,High
ONC-00414,41,Other,Pancreatic,Stage Iii,6.3,Former,Heavy,Yes,24.0,2016-04-08,Chemotherapy,8,14,Alive,Critical
ONC-00440,46,Female,Prostate,Stage I,3.5,Former,Regular,Yes,32.5,2016-10-21,Combination Therapy,6,3,Deceased,Low
ONC-04145,43,Male,Breast,Stage Ii,3.0,Never,Regular,Yes,21.9,2023-05-16,Immunotherapy,5,1,Alive,Low
ONC-02322,76,Male,Skin (Melanoma),Stage Iv,0.2,Never,Regular,Yes,27.6,2017-10-17,Immunotherapy,7,16,Alive,High
ONC-07358,72,Other,Colorectal,Stage I,4.1,Never,Regular,Yes,32.9,2024-07-05,Combination Therapy,2,11,Deceased,Low
ONC-01177,76,Female,Lung,Stage Iii,0.7,Current,Regular,No,27.4,2024-09-10,Surgery,5,27,Alive,High
ONC-01350,42,Male,Liver,Stage Iv,4.3,Former,Regular,No,29.4,2023-08-22,Palliative Care,7,49,Alive,High
ONC-03776,69,Male,Ovarian,Stage I,2.4,Never,Occasional,Yes,33.0,2020-08-08,Palliative Care,8,1,Alive,Medium
ONC-05196,42,Female,Liver,Stage I,6.3,Former,Regular,No,29.9,2016-04-20,Radiation Therapy,8,32,Alive,Medium
ONC-07085,49,Female,Ovarian,Stage I,2.4,Never,Occasional,No,27.9,2022-03-24,Combination Therapy,6,22,Alive,Low
ONC-06039,59,Female,Prostate,Stage I,7.7,Former,Regular,No,26.5,Unknown,Immunotherapy,4,9,Alive,Low
ONC-02632,61,Other,Skin (Melanoma),Stage Iii,0.8,Never,Regular,Yes,24.6,2018-06-29,Surgery,5,0,Alive,Critical
ONC-03805,40,Male,Blood (Leukemia),Stage Iv,3.8,Former,Regular,Yes,20.2,2019-04-24,Chemotherapy,5,10,Alive,Not Recorded
ONC-01740,23,Male,Blood (Leukemia),Stage Iv,0.6,Never,Regular,Yes,29.1,2022-06-26,Radiation Therapy,3,0,Alive,Critical
ONC-04033,50,Female,Prostate,Stage Ii,0.1,Current,Occasional,Yes,24.1,2016-01-08,Palliative Care,6,4,Not Recorded,Medium
ONC-05113,51,Female,Blood (Leukemia),Stage Iv,3.2,Current,Occasional,No,34.0,Unknown,Radiation Therapy,4,4,Deceased,High
ONC-06827,55,Other,Blood (Leukemia),Stage Iii,2.4,Current,Regular,Yes,20.5,2018-07-13,Radiation Therapy,6,30,Alive,High
ONC-06442,71,Other,Liver,Stage I,2.2,Former,Occasional,No,20.3,2021-03-14,Palliative Care,7,13,Alive,Low
ONC-04880,61,Male,Ovarian,Stage Iv,3.1,Never,Occasional,Yes,22.5,2017-11-19,Combination Therapy,4,34,Deceased,Critical
ONC-00461,75,Male,Skin (Melanoma),Stage Iv,1.8,Current,Regular,No,22.1,2024-08-18,Chemotherapy,4,16,Deceased,Critical
ONC-02352,54,Other,Blood (Leukemia),Stage Iii,5.3,Former,Regular,Yes,20.6,2017-10-09,Surgery,3,0,Alive,Medium
ONC-06284,59,Other,Liver,Stage Ii,1.8,Current,Regular,No,12.7,2016-03-21,Palliative Care,6,7,Deceased,Medium
ONC-07474,49,Other,Blood (Leukemia),Stage Iii,6.2,Never,Heavy,No,28.3,2020-01-18,Palliative Care,4,29,Alive,Medium
ONC-06753,58,Other,Prostate,Stage Ii,7.5,Former,Heavy,No,32.4,2024-03-09,Combination Therapy,8,23,Alive,Low
ONC-04192,47,Female,Lung,Stage I,5.6,Never,Regular,Yes,16.0,2021-08-12,Chemotherapy,6,46,Alive,Medium
ONC-06275,74,Other,Prostate,Stage Ii,1.0,Current,Occasional,No,26.3,2024-08-06,Immunotherapy,3,42,Deceased,Low
ONC-00706,68,Male,Prostate,Stage Iii,2.1,Current,Regular,Yes,26.0,2015-04-13,Immunotherapy,5,28,Deceased,High
ONC-03857,66,Male,Prostate,Stage Iii,3.1,Former,Regular,Yes,21.9,2016-03-03,Surgery,5,54,Alive,Medium
ONC-02039,67,Other,Brain,Stage Ii,3.4,Never,Regular,Yes,26.0,2015-01-13,Radiation Therapy,4,22,Alive,Critical
ONC-04719,88,Female,Lung,Stage I,0.5,Current,Heavy,No,16.0,2015-08-18,Radiation Therapy,5,3,Not Recorded,Low
ONC-05956,59,Female,Liver,Stage Iv,3.0,Former,Regular,Yes,24.2,2024-03-21,Surgery,8,7,Alive,High
ONC-00845,75,Male,Lung,Stage Ii,2.4,Current,Occasional,No,18.4,2016-05-01,Combination Therapy,3,12,Deceased,Medium
ONC-02156,67,Male,Pancreatic,Stage Iv,0.6,Former,Regular,Yes,27.9,2015-06-03,Radiation Therapy,6,1,Not Recorded,Critical
ONC-06669,63,Male,Lung,Stage Iii,3.7,Never,Occasional,Yes,27.8,2017-10-26,Chemotherapy,6,5,Alive,Medium
ONC-00785,55,Female,Prostate,Stage I,0.5,Never,Heavy,Yes,35.8,2019-02-23,Combination Therapy,6,4,Alive,Low
ONC-04509,68,Other,Pancreatic,Stage I,1.6,Former,Regular,No,32.4,2023-04-13,Radiation Therapy,9,10,Not Recorded,Medium
ONC-05340,53,Other,Pancreatic,Stage Ii,5.7,Never,Regular,Yes,27.3,2018-12-03,Palliative Care,8,16,Alive,Medium
ONC-04856,42,Female,Lung,Stage Iv,7.0,Never,Regular,Yes,28.4,2022-11-20,Chemotherapy,4,21,Deceased,Critical
ONC-05438,45,Other,Prostate,Stage Iii,5.6,Current,Regular,Yes,20.2,2020-09-29,Radiation Therapy,8,36,Alive,Medium
ONC-06048,41,Other,Colorectal,Stage Iii,2.4,Former,Regular,Yes,32.3,2019-06-02,Chemotherapy,6,27,Alive,Low
ONC-03415,38,Male,Skin (Melanoma),Stage Ii,3.0,Current,Regular,No,36.8,2024-11-27,Surgery,2,2,Alive,Medium
ONC-05841,40,Male,Brain,Stage Iii,0.3,Current,Occasional,No,27.6,Unknown,Immunotherapy,8,0,Alive,Critical
ONC-04712,32,Other,Prostate,Stage I,7.8,Current,Heavy,No,26.3,2015-02-26,Immunotherapy,5,2,Deceased,Medium
ONC-06596,70,Male,Blood (Leukemia),Stage Iv,8.7,Never,Regular,No,21.5,2021-03-19,Surgery,5,3,Deceased,High
ONC-07316,48,Other,Ovarian,Stage Iv,2.7,Current,Occasional,Yes,20.1,2022-09-14,Immunotherapy,10,21,Alive,Critical
ONC-00392,60,Male,Prostate,Stage Iii,3.6,Current,Regular,Yes,19.3,2022-08-16,Radiation Therapy,5,0,Alive,Low
ONC-02005,56,Male,Blood (Leukemia),Stage Iii,4.7,Former,Heavy,No,22.3,2018-04-06,Palliative Care,6,3,Alive,High
ONC-04222,32,Other,Colorectal,Stage Ii,0.9,Current,Occasional,No,16.6,Unknown,Immunotherapy,5,26,Alive,Critical
ONC-02303,36,Female,Prostate,Stage Ii,7.7,Never,Occasional,No,25.4,2016-08-13,Palliative Care,7,20,Alive,High
ONC-06311,63,Male,Breast,Stage Ii,0.9,Never,Heavy,Yes,22.5,2023-09-28,Radiation Therapy,6,0,Deceased,Low
ONC-04771,84,Female,Prostate,Stage I,2.2,Never,Regular,No,21.5,2016-11-10,Immunotherapy,5,1,Deceased,Low
ONC-04965,41,Other,Brain,Stage Ii,2.4,Current,Regular,No,28.7,Unknown,Surgery,6,38,Alive,High
ONC-02552,56,Male,Liver,Stage I,2.4,Former,Heavy,Yes,15.2,2020-01-08,Surgery,7,32,Alive,Medium
ONC-05391,57,Other,Colorectal,Stage I,5.0,Current,Occasional,Yes,25.5,2020-12-09,Chemotherapy,1,1,Alive,Medium
ONC-04955,54,Other,Pancreatic,Stage I,0.6,Never,Regular,No,27.8,2020-05-15,Chemotherapy,8,5,Alive,Medium
ONC-01590,53,Other,Prostate,Stage Ii,2.4,Never,Heavy,Yes,23.3,2015-10-23,Palliative Care,3,1,Deceased,Medium
ONC-00653,36,Other,Brain,Stage Ii,2.1,Current,Occasional,No,35.3,2022-10-20,Chemotherapy,5,5,Alive,Medium
ONC-03540,46,Male,Ovarian,Stage Iii,7.9,Former,Heavy,Yes,19.6,Unknown,Surgery,9,12,Alive,Medium
ONC-00154,49,Other,Blood (Leukemia),Stage I,2.7,Current,Heavy,No,28.0,2017-10-29,Palliative Care,3,4,Not Recorded,Low
ONC-05514,57,Other,Colorectal,Stage Iii,4.4,Former,Regular,No,21.8,2021-08-15,Radiation Therapy,6,26,Alive,High
ONC-01996,55,Other,Breast,Stage Iv,3.0,Former,Heavy,No,28.6,Unknown,Surgery,5,1,Alive,High
ONC-02821,61,Female,Liver,Stage Iii,2.6,Former,Heavy,No,25.1,2015-06-16,Combination Therapy,6,22,Not Recorded,High
ONC-04305,43,Other,Lung,Stage Ii,4.2,Current,Regular,Yes,31.5,2016-01-19,Chemotherapy,5,19,Alive,Low
ONC-05245,60,Male,Prostate,Stage Iii,2.2,Current,Heavy,No,32.1,Unknown,Chemotherapy,4,90,Alive,Critical
ONC-06010,54,Male,Ovarian,Stage I,0.6,Current,Regular,No,20.8,2015-05-11,Palliative Care,6,9,Deceased,Low
ONC-00609,83,Female,Skin (Melanoma),Stage Iii,4.2,Former,Regular,No,20.5,2024-11-01,Chemotherapy,3,18,Alive,High
ONC-02097,58,Male,Pancreatic,Stage I,2.0,Current,Occasional,Yes,25.7,2022-10-03,Combination Therapy,4,24,Alive,Low
ONC-00210,76,Other,Ovarian,Stage Iv,3.7,Current,Regular,Yes,21.7,2020-10-25,Chemotherapy,11,33,Alive,Critical
ONC-00262,67,Male,Lung,Stage Iii,1.2,Current,Heavy,No,18.5,2019-04-22,Palliative Care,9,12,Alive,Medium
ONC-00628,63,Other,Lung,Stage Ii,1.2,Current,Regular,Yes,25.2,2022-05-30,Chemotherapy,7,11,Alive,High
ONC-01890,61,Other,Lung,Stage Ii,1.9,Current,Heavy,No,28.2,2020-03-26,Palliative Care,5,16,Alive,Low
ONC-04744,35,Male,Breast,Stage Iv,0.2,Former,Regular,Yes,25.6,2016-08-27,Immunotherapy,5,18,Deceased,Medium
ONC-00257,58,Female,Colorectal,Stage Ii,1.8,Former,Regular,No,26.0,2015-11-20,Radiation Therapy,8,29,Deceased,Medium
ONC-04730,43,Other,Breast,Stage Iv,1.0,Former,Heavy,No,25.7,2015-06-28,Immunotherapy,5,53,Alive,Not Recorded
ONC-04874,34,Other,Breast,Stage Ii,5.0,Former,Regular,No,34.5,2019-05-11,Palliative Care,6,24,Alive,Medium
ONC-00180,67,Female,Breast,Stage I,2.9,Former,Occasional,Yes,23.8,2016-08-07,Combination Therapy,5,12,Alive,Medium
ONC-00232,70,Other,Liver,Stage Iii,1.3,Never,Regular,Yes,21.7,2019-10-02,Radiation Therapy,10,1,Deceased,Critical
ONC-02934,39,Male,Blood (Leukemia),Stage Iii,6.0,Current,Heavy,Yes,20.0,2019-09-11,Palliative Care,8,3,Alive,High
ONC-06481,58,Female,Lung,Stage I,0.7,Former,Regular,Yes,23.8,2015-12-24,Combination Therapy,8,14,Alive,Medium
ONC-07444,67,Other,Colorectal,Stage Ii,1.5,Current,Regular,Yes,31.6,2016-02-03,Radiation Therapy,4,10,Deceased,Low
ONC-06258,53,Male,Breast,Stage Iv,4.8,Current,Heavy,No,26.5,2023-03-27,Combination Therapy,1,3,Alive,Critical
ONC-03030,46,Other,Lung,Stage I,0.5,Never,Regular,No,29.5,2020-07-09,Chemotherapy,7,14,Deceased,Low
ONC-00684,68,Male,Breast,Stage I,0.8,Former,Heavy,No,27.1,2016-12-02,Radiation Therapy,4,12,Alive,Low
ONC-00957,60,Other,Blood (Leukemia),Stage I,1.6,Never,Regular,No,34.2,Unknown,Chemotherapy,7,1,Alive,Medium
ONC-07023,68,Other,Ovarian,Stage Iii,6.6,Former,Regular,Yes,25.3,2023-03-31,Chemotherapy,6,28,Deceased,Medium
ONC-02250,70,Male,Pancreatic,Stage Iv,1.7,Current,Heavy,Yes,20.4,2018-06-25,Palliative Care,4,18,Alive,Critical
ONC-00640,51,Other,Ovarian,Stage I,2.3,Never,Regular,No,19.9,2018-12-16,Radiation Therapy,4,7,Alive,Low
ONC-02886,80,Male,Ovarian,Stage Iv,0.1,Current,Regular,No,34.3,2021-05-27,Chemotherapy,5,7,Alive,High
ONC-00334,72,Female,Skin (Melanoma),Stage Iii,3.4,Current,Regular,No,31.2,Unknown,Radiation Therapy,4,83,Alive,Critical
ONC-06996,27,Male,Liver,Stage Ii,9.4,Never,Regular,No,37.4,2015-12-17,Combination Therapy,8,4,Deceased,Low
ONC-02269,52,Male,Brain,Stage Iv,3.8,Former,Occasional,Yes,30.3,2022-11-24,Surgery,5,14,Alive,Not Recorded
ONC-02554,38,Male,Blood (Leukemia),Stage I,5.7,Current,Regular,Yes,26.3,2019-12-13,Chemotherapy,9,2,Alive,Low
ONC-03031,62,Male,Ovarian,Stage Iv,14.4,Never,Occasional,Yes,25.3,2015-07-10,Palliative Care,4,31,Not Recorded,Medium
ONC-00226,58,Female,Prostate,Stage Iv,1.2,Current,Regular,Yes,29.0,2022-03-01,Radiation Therapy,4,1,Alive,High
ONC-02518,37,Other,Prostate,Stage I,2.3,Never,Regular,No,26.2,2018-01-31,Immunotherapy,9,27,Alive,Low
ONC-06693,59,Female,Lung,Stage Iv,4.7,Never,Occasional,No,23.4,2018-07-22,Surgery,8,4,Deceased,High
ONC-01851,37,Male,Blood (Leukemia),Stage Ii,3.5,Former,Regular,No,26.7,2016-03-16,Radiation Therapy,6,14,Deceased,Medium
ONC-06082,55,Other,Skin (Melanoma),Stage I,1.2,Never,Regular,Yes,25.5,2015-03-15,Surgery,4,12,Alive,Low
ONC-06665,67,Other,Pancreatic,Stage Iv,1.0,Former,Occasional,Yes,30.7,2021-12-13,Palliative Care,3,9,Alive,Critical
ONC-05870,71,Female,Prostate,Stage Iv,7.0,Never,Regular,No,32.1,2021-11-02,Immunotherapy,6,2,Alive,High
ONC-01968,58,Male,Brain,Stage Iii,3.8,Former,Heavy,Yes,27.5,2023-01-21,Immunotherapy,11,17,Deceased,High
ONC-03207,71,Other,Colorectal,Stage Iv,3.2,Never,Regular,Yes,27.3,2015-06-30,Surgery,7,10,Deceased,Medium
ONC-01657,69,Other,Ovarian,Stage Iii,1.4,Never,Regular,Yes,26.5,2020-01-11,Immunotherapy,6,7,Alive,Low
ONC-06184,69,Other,Prostate,Stage I,1.4,Former,Regular,Yes,30.2,2017-12-14,Immunotherapy,8,4,Alive,Low
ONC-05661,62,Female,Pancreatic,Stage Ii,2.1,Current,Occasional,No,17.7,2016-08-04,Radiation Therapy,7,13,Deceased,Medium
ONC-02014,67,Female,Ovarian,Stage Ii,1.9,Never,Heavy,Yes,25.8,2016-01-05,Chemotherapy,6,35,Deceased,Low
ONC-06978,47,Female,Ovarian,Stage Iv,2.4,Former,Occasional,No,20.8,2021-09-13,Combination Therapy,1,20,Deceased,Critical
ONC-03329,61,Male,Ovarian,Stage Iv,2.6,Current,Regular,Yes,33.0,2021-06-14,Immunotherapy,8,58,Not Recorded,Critical
ONC-04285,60,Other,Lung,Stage Iii,1.2,Former,Regular,Yes,25.7,2020-03-20,Palliative Care,6,10,Alive,High
ONC-04322,35,Other,Lung,Stage Ii,13.7,Never,Heavy,Yes,26.0,2015-02-03,Palliative Care,7,10,Alive,High
ONC-01584,47,Other,Blood (Leukemia),Stage Iii,0.4,Former,Heavy,No,21.4,Unknown,Surgery,6,1,Alive,Medium
ONC-02169,59,Other,Lung,Stage Ii,10.6,Never,Regular,No,24.4,2019-06-03,Combination Therapy,4,12,Alive,Low
ONC-04057,52,Female,Lung,Stage Iv,1.7,Never,Heavy,No,26.0,2017-09-19,Palliative Care,6,25,Alive,Critical
ONC-03398,56,Female,Skin (Melanoma),Stage Iv,0.2,Never,Heavy,No,28.7,2022-08-26,Immunotherapy,7,17,Deceased,Medium
ONC-05631,32,Male,Ovarian,Stage Ii,2.6,Current,Heavy,Yes,23.2,2016-08-21,Chemotherapy,4,12,Deceased,Medium
ONC-02101,45,Male,Breast,Stage I,0.3,Former,Regular,Yes,27.6,2015-09-27,Radiation Therapy,7,19,Alive,Low
ONC-01999,89,Other,Blood (Leukemia),Stage Iv,4.3,Never,Regular,Yes,28.6,2019-03-28,Combination Therapy,4,18,Deceased,Medium
ONC-04429,79,Other,Blood (Leukemia),Stage Ii,0.2,Former,Occasional,No,21.4,2023-12-28,Palliative Care,6,0,Alive,Not Recorded
ONC-04249,50,Other,Liver,Stage Iv,3.8,Current,Regular,Yes,31.4,2017-06-29,Palliative Care,3,53,Alive,High
ONC-06089,62,Other,Breast,Stage Ii,2.4,Never,Heavy,No,20.1,2019-09-25,Surgery,5,8,Alive,Low
ONC-07330,41,Other,Blood (Leukemia),Stage Iv,1.7,Never,Regular,Yes,29.5,2022-06-13,Palliative Care,4,38,Alive,Low
ONC-07449,42,Female,Pancreatic,Stage Ii,2.4,Never,Heavy,No,31.7,2024-02-05,Chemotherapy,13,2,Alive,Medium
ONC-05602,60,Male,Blood (Leukemia),Stage Iv,4.4,Never,Regular,Yes,21.3,2019-03-22,Surgery,6,7,Alive,Medium
ONC-07106,82,Female,Pancreatic,Stage Iii,4.5,Current,Occasional,Yes,28.4,Unknown,Combination Therapy,7,6,Alive,High
ONC-02608,55,Other,Colorectal,Stage I,8.7,Current,Heavy,No,27.9,2018-03-16,Combination Therapy,12,5,Alive,Low
ONC-00510,42,Female,Ovarian,Stage Iii,6.1,Never,Regular,Yes,27.8,2021-06-20,Palliative Care,4,4,Alive,Medium
ONC-00123,72,Male,Brain,Stage I,2.0,Never,Regular,Yes,23.5,2016-03-26,Palliative Care,4,5,Deceased,Low
ONC-03115,55,Male,Skin (Melanoma),Stage I,0.6,Former,Regular,No,26.5,2023-01-19,Palliative Care,5,3,Deceased,Low
ONC-02758,56,Female,Prostate,Stage I,1.4,Never,Occasional,Yes,21.4,2015-07-04,Immunotherapy,8,5,Alive,Low
ONC-04504,58,Male,Ovarian,Stage I,0.1,Never,Regular,No,21.5,2022-07-20,Immunotherapy,4,5,Alive,Low
ONC-03375,58,Other,Breast,Stage I,1.4,Current,Heavy,No,18.5,2024-10-12,Surgery,7,46,Alive,Low
ONC-06562,49,Female,Skin (Melanoma),Stage Ii,5.6,Never,Regular,No,23.9,Unknown,Palliative Care,6,4,Deceased,High
ONC-06428,85,Male,Brain,Stage I,2.7,Current,Regular,Yes,31.0,2021-08-24,Immunotherapy,5,21,Deceased,Low
ONC-05019,54,Other,Liver,Stage Ii,4.2,Current,Heavy,No,27.6,2015-01-15,Chemotherapy,6,10,Deceased,Medium
ONC-01986,52,Male,Lung,Stage Iv,2.7,Former,Occasional,Yes,19.7,2024-04-29,Combination Therapy,8,12,Alive,Critical
ONC-01306,31,Other,Skin (Melanoma),Stage Ii,9.6,Never,Regular,Yes,26.4,2019-04-03,Palliative Care,4,11,Alive,Medium
ONC-06334,41,Female,Pancreatic,Stage Ii,0.5,Current,Heavy,Yes,29.3,2020-02-10,Radiation Therapy,6,6,Alive,Low
ONC-01035,74,Other,Skin (Melanoma),Stage Iv,0.9,Never,Heavy,Yes,25.6,2017-10-30,Immunotherapy,6,11,Alive,High
ONC-04709,52,Male,Ovarian,Stage Ii,2.7,Never,Heavy,Yes,17.8,2016-01-18,Combination Therapy,6,13,Deceased,Low
ONC-01602,58,Other,Breast,Stage Iv,3.7,Never,Heavy,Yes,30.8,2018-05-23,Chemotherapy,6,1,Alive,Critical
ONC-01545,53,Other,Liver,Stage I,0.7,Former,Regular,No,29.1,2024-01-19,Palliative Care,7,12,Deceased,Low
ONC-03420,59,Male,Ovarian,Stage Iv,0.4,Former,Heavy,Yes,26.0,2023-05-03,Surgery,7,4,Alive,High
ONC-00757,50,Male,Ovarian,Stage Ii,1.7,Former,Heavy,No,32.0,2022-01-02,Palliative Care,6,1,Deceased,Low
ONC-04316,34,Male,Ovarian,Stage Iv,1.8,Never,Occasional,No,24.2,2024-01-01,Chemotherapy,6,76,Alive,High
ONC-01815,58,Other,Lung,Stage Iii,6.2,Current,Regular,Yes,18.3,2017-03-10,Chemotherapy,6,2,Alive,Low
ONC-04082,46,Other,Skin (Melanoma),Stage Ii,0.1,Current,Regular,Yes,29.5,2024-08-08,Palliative Care,7,12,Deceased,High
ONC-05110,53,Male,Brain,Stage I,6.1,Current,Regular,Yes,26.1,2023-01-12,Palliative Care,15,6,Deceased,High
ONC-06946,36,Male,Brain,Stage Iv,9.8,Former,Regular,No,26.7,2016-04-04,Chemotherapy,7,4,Deceased,Low
ONC-00733,74,Male,Brain,Stage Ii,2.0,Never,Regular,Yes,27.4,2023-01-10,Chemotherapy,4,0,Deceased,Medium
ONC-00973,72,Other,Prostate,Stage I,0.3,Former,Heavy,Yes,30.1,2020-01-02,Surgery,2,35,Alive,Low
ONC-01897,53,Male,Blood (Leukemia),Stage Iii,0.4,Current,Regular,Yes,35.6,2023-01-10,Palliative Care,6,11,Alive,High
ONC-02705,48,Other,Lung,Stage Iii,6.9,Current,Regular,Yes,26.3,2023-03-03,Palliative Care,3,3,Deceased,Low
ONC-02459,50,Female,Liver,Stage I,7.7,Current,Regular,No,18.1,2017-11-16,Immunotherapy,11,15,Deceased,Low
ONC-04127,57,Other,Blood (Leukemia),Stage Iii,6.5,Never,Occasional,No,27.6,2020-08-27,Surgery,6,30,Alive,Medium
ONC-06105,54,Male,Prostate,Stage Iv,0.3,Former,Regular,No,24.5,2016-11-02,Combination Therapy,9,12,Alive,Critical
ONC-00479,62,Other,Brain,Stage I,1.0,Current,Heavy,No,26.2,2019-02-26,Surgery,6,20,Alive,Medium
ONC-05379,55,Female,Lung,Stage Iii,1.9,Never,Heavy,No,28.0,2017-08-07,Immunotherapy,7,17,Not Recorded,High
ONC-06536,63,Female,Lung,Stage Ii,2.6,Current,Regular,No,26.3,2023-03-06,Radiation Therapy,4,7,Not Recorded,High
ONC-07081,65,Male,Ovarian,Stage Ii,2.2,Never,Regular,Yes,36.1,2023-04-20,Chemotherapy,11,10,Alive,Medium
ONC-02033,30,Female,Breast,Stage Iv,3.6,Never,Regular,No,22.1,2022-11-01,Surgery,5,0,Alive,Critical
ONC-04768,26,Other,Colorectal,Stage Iv,2.0,Former,Heavy,No,29.5,2016-10-29,Palliative Care,8,11,Deceased,Critical
ONC-00294,76,Female,Pancreatic,Stage I,6.0,Never,Regular,Yes,26.7,2023-07-10,Palliative Care,8,33,Alive,Low
ONC-04223,60,Other,Ovarian,Stage Iv,1.5,Current,Heavy,No,24.5,2023-04-02,Radiation Therapy,4,77,Alive,Critical
ONC-06613,68,Other,Blood (Leukemia),Stage Iii,0.3,Current,Heavy,Yes,30.0,2023-02-07,Radiation Therapy,6,5,Alive,Critical
ONC-05976,45,Other,Lung,Stage Iii,2.6,Never,Occasional,No,24.6,2024-05-18,Combination Therapy,13,9,Deceased,Critical
ONC-01862,78,Male,Breast,Stage Iii,2.0,Current,Occasional,No,22.0,2021-03-25,Palliative Care,6,0,Alive,Medium
ONC-00298,54,Female,Prostate,Stage Iii,0.1,Former,Regular,Yes,36.6,2016-07-09,Immunotherapy,9,29,Deceased,Not Recorded
ONC-00926,73,Other,Brain,Stage Iv,2.0,Never,Regular,No,22.8,2022-11-01,Surgery,5,10,Alive,High
ONC-04779,34,Other,Liver,Stage Ii,0.3,Current,Heavy,No,20.0,Unknown,Surgery,5,15,Alive,Low
ONC-05148,63,Male,Pancreatic,Stage Ii,4.3,Current,Regular,No,25.2,2021-12-29,Palliative Care,2,0,Deceased,High
ONC-07289,63,Male,Colorectal,Stage Iii,0.1,Former,Heavy,No,31.1,2017-07-27,Surgery,8,25,Not Recorded,Medium
ONC-05090,45,Other,Brain,Stage Iv,4.0,Former,Occasional,Yes,17.8,2019-02-09,Radiation Therapy,5,6,Not Recorded,High
ONC-04561,55,Other,Prostate,Stage I,0.1,Former,Occasional,Yes,21.6,2019-03-20,Palliative Care,10,3,Alive,Low
ONC-01555,39,Female,Liver,Stage Ii,0.7,Never,Regular,No,29.5,2018-02-04,Chemotherapy,6,0,Deceased,Medium
ONC-06961,70,Female,Ovarian,Stage Iii,8.5,Former,Occasional,Yes,33.1,2019-10-10,Surgery,2,0,Alive,Not Recorded
ONC-06112,71,Male,Liver,Stage Iii,4.3,Former,Heavy,No,24.6,2017-03-03,Surgery,3,9,Alive,High
ONC-01527,81,Male,Brain,Stage Ii,2.5,Never,Regular,No,30.8,2024-10-04,Combination Therapy,4,21,Alive,High
ONC-05983,62,Other,Breast,Stage I,0.1,Current,Regular,No,30.9,2020-01-01,Immunotherapy,6,3,Alive,Medium
ONC-03692,89,Female,Ovarian,Stage Iii,3.1,Never,Heavy,Yes,28.9,2021-07-31,Combination Therapy,6,37,Deceased,High
ONC-02520,70,Male,Prostate,Stage Ii,0.1,Never,Heavy,No,28.4,2018-08-09,Surgery,6,4,Deceased,Medium
ONC-04906,81,Female,Liver,Stage Iv,11.7,Current,Occasional,No,14.0,2017-01-07,Palliative Care,3,32,Alive,High
ONC-06036,66,Male,Lung,Stage I,8.9,Never,Regular,No,20.5,2020-08-24,Palliative Care,8,4,Alive,Medium
ONC-05143,51,Other,Blood (Leukemia),Stage Iii,2.2,Never,Heavy,Yes,25.3,2016-04-19,Chemotherapy,5,66,Alive,Critical
ONC-03858,73,Female,Lung,Stage I,4.6,Former,Regular,Yes,27.4,2015-02-19,Palliative Care,3,19,Alive,Medium
ONC-00694,60,Male,Prostate,Stage I,2.0,Never,Regular,Yes,31.3,2021-01-19,Surgery,6,1,Alive,Not Recorded
ONC-01370,47,Other,Blood (Leukemia),Stage Ii,4.6,Never,Regular,Yes,29.8,2022-04-16,Chemotherapy,5,5,Alive,Medium
ONC-04089,58,Male,Lung,Stage I,8.2,Never,Regular,No,20.6,2018-05-13,Chemotherapy,7,51,Deceased,Medium
ONC-02478,72,Other,Skin (Melanoma),Stage Ii,6.4,Current,Regular,Yes,27.6,2024-02-07,Surgery,8,12,Alive,Medium
ONC-06889,58,Other,Brain,Stage Iv,0.6,Current,Regular,No,24.1,2023-03-16,Immunotherapy,4,5,Alive,High
ONC-05589,22,Male,Ovarian,Stage Iv,1.2,Never,Regular,No,34.5,2015-07-10,Surgery,7,63,Alive,Critical
ONC-04302,63,Female,Liver,Stage Iv,5.9,Current,Regular,No,28.1,2018-01-22,Immunotherapy,6,16,Alive,Medium
ONC-05124,58,Female,Breast,Stage Iii,20.0,Never,Regular,Yes,25.6,2022-09-04,Immunotherapy,7,29,Alive,High
ONC-04188,59,Other,Pancreatic,Stage I,1.0,Never,Regular,No,25.7,2022-05-24,Radiation Therapy,5,33,Alive,Low
ONC-07303,31,Male,Prostate,Stage I,1.7,Former,Regular,Yes,32.5,2024-09-07,Radiation Therapy,9,12,Deceased,Low
ONC-00890,48,Other,Blood (Leukemia),Stage I,13.4,Current,Occasional,Yes,25.6,2017-08-30,Combination Therapy,6,15,Deceased,Low
ONC-04459,55,Male,Liver,Stage Iv,0.2,Current,Regular,No,20.8,2023-11-18,Palliative Care,6,29,Alive,High
ONC-07302,35,Female,Prostate,Stage Iv,3.6,Never,Regular,No,23.4,2019-09-02,Combination Therapy,10,14,Alive,Critical
ONC-05800,45,Other,Lung,Stage Iii,3.7,Never,Regular,No,30.3,2019-10-18,Palliative Care,4,4,Alive,High
ONC-05909,56,Male,Brain,Stage Ii,0.9,Never,Regular,No,22.5,2020-12-01,Combination Therapy,7,11,Alive,Medium
ONC-02325,58,Female,Breast,Stage I,7.6,Never,Regular,No,24.5,2019-08-11,Surgery,10,31,Alive,Low
ONC-00406,56,Other,Prostate,Stage Ii,2.9,Never,Regular,No,31.0,2022-06-03,Surgery,7,19,Alive,Medium
ONC-00189,77,Other,Lung,Stage Ii,2.2,Never,Heavy,No,25.4,2022-08-17,Combination Therapy,6,7,Alive,Critical
ONC-03718,65,Other,Brain,Stage Ii,3.3,Never,Regular,No,24.5,2017-09-22,Immunotherapy,11,57,Alive,Medium
ONC-07071,63,Male,Brain,Stage Ii,1.6,Current,Regular,Yes,24.9,2015-03-12,Surgery,11,44,Alive,High
ONC-00136,43,Male,Skin (Melanoma),Stage Iii,2.6,Never,Heavy,Yes,26.0,2016-08-04,Palliative Care,7,22,Alive,Medium
ONC-03364,53,Female,Ovarian,Stage I,0.3,Former,Heavy,No,34.2,2020-08-23,Combination Therapy,10,28,Alive,Not Recorded
ONC-04702,48,Male,Lung,Stage Iii,0.7,Current,Regular,No,34.4,2021-12-03,Combination Therapy,7,12,Alive,Medium
ONC-05153,73,Male,Colorectal,Stage I,0.3,Former,Heavy,Yes,32.2,2023-04-15,Chemotherapy,6,48,Alive,Low
ONC-07476,80,Female,Prostate,Stage Iv,3.4,Never,Occasional,No,29.3,2015-06-02,Radiation Therapy,5,10,Alive,High
ONC-02178,74,Other,Pancreatic,Stage I,2.4,Former,Regular,Yes,23.3,2018-01-14,Immunotherapy,3,12,Alive,Low
ONC-06530,61,Other,Pancreatic,Stage Ii,0.7,Never,Heavy,No,25.9,2016-06-03,Immunotherapy,7,40,Alive,High
ONC-02849,65,Other,Ovarian,Stage I,3.6,Never,Heavy,No,26.4,2015-12-17,Immunotherapy,6,10,Deceased,Low
ONC-00582,54,Female,Colorectal,Stage Iv,2.3,Current,Heavy,No,21.4,2024-09-20,Immunotherapy,7,14,Deceased,Low
ONC-01708,55,Male,Prostate,Stage Iii,4.1,Former,Regular,No,16.6,2015-11-01,Combination Therapy,8,5,Alive,Critical
ONC-04321,74,Other,Prostate,Stage Iii,6.6,Current,Regular,Yes,26.3,2020-01-07,Radiation Therapy,5,12,Alive,Low
ONC-06443,56,Female,Prostate,Stage Ii,1.9,Current,Regular,No,23.7,2022-06-22,Combination Therapy,8,22,Alive,High
ONC-02955,58,Female,Ovarian,Stage Iv,2.9,Former,Regular,Yes,24.8,2021-11-14,Combination Therapy,7,1,Alive,Critical
ONC-03704,59,Female,Breast,Stage Iv,3.1,Former,Regular,No,26.7,Unknown,Radiation Therapy,7,10,Alive,Medium
ONC-05965,33,Male,Blood (Leukemia),Stage Iv,0.2,Never,Regular,No,22.1,2021-02-23,Immunotherapy,6,1,Alive,High
ONC-04641,47,Other,Blood (Leukemia),Stage Iii,0.6,Never,Regular,Yes,27.2,2015-09-16,Palliative Care,7,17,Alive,Low
ONC-06250,45,Female,Lung,Stage Iii,9.2,Current,Heavy,Yes,20.1,2015-03-19,Radiation Therapy,6,10,Alive,Critical
ONC-06927,59,Male,Skin (Melanoma),Stage Iii,2.4,Never,Heavy,No,22.1,2018-03-25,Palliative Care,3,15,Alive,Medium
ONC-04412,72,Female,Brain,Stage Iii,1.0,Current,Heavy,Yes,25.2,Unknown,Chemotherapy,3,4,Deceased,Critical
ONC-07478,62,Other,Breast,Stage Iv,1.9,Former,Regular,No,32.6,2015-08-18,Immunotherapy,9,13,Alive,Low
ONC-03388,58,Other,Breast,Stage Iii,8.2,Current,Heavy,Yes,35.1,2018-01-31,Radiation Therapy,6,64,Alive,High
ONC-06469,72,Female,Liver,Stage Iii,0.6,Never,Occasional,No,26.0,2021-05-01,Combination Therapy,4,2,Alive,High
ONC-00693,44,Male,Breast,Stage Iii,0.8,Former,Regular,No,26.7,2021-12-10,Surgery,6,12,Alive,Critical
ONC-00687,36,Other,Liver,Stage Ii,1.7,Never,Regular,No,30.1,2015-07-01,Surgery,6,1,Deceased,High
ONC-07405,67,Other,Pancreatic,Stage I,0.5,Former,Heavy,Yes,25.7,2015-11-07,Palliative Care,7,41,Alive,Low
ONC-02102,40,Other,Pancreatic,Stage Ii,1.3,Current,Regular,Yes,29.8,2021-06-07,Palliative Care,9,3,Deceased,Low
ONC-07236,77,Female,Ovarian,Stage Ii,0.9,Never,Regular,No,18.7,2023-03-30,Palliative Care,10,12,Deceased,Medium
ONC-04474,60,Male,Prostate,Stage Ii,0.6,Current,Occasional,Yes,26.0,2019-07-24,Immunotherapy,4,1,Alive,Medium
ONC-07295,58,Female,Colorectal,Stage Iv,0.1,Former,Regular,Yes,24.9,2023-12-10,Radiation Therapy,4,25,Alive,Medium
ONC-01391,58,Female,Skin (Melanoma),Stage Iii,1.3,Never,Heavy,Yes,23.4,2024-11-16,Palliative Care,6,12,Alive,High
ONC-04759,65,Other,Liver,Stage Iv,4.8,Never,Occasional,No,26.4,2017-04-17,Radiation Therapy,6,5,Alive,Critical
ONC-03350,45,Female,Blood (Leukemia),Stage Ii,2.4,Former,Regular,No,23.5,2024-02-05,Radiation Therapy,8,9,Alive,Medium
ONC-02433,31,Male,Prostate,Stage Iii,4.6,Current,Regular,No,24.0,2015-11-25,Palliative Care,3,11,Alive,Medium
ONC-01243,58,Male,Prostate,Stage I,1.5,Current,Regular,No,24.1,2019-04-03,Radiation Therapy,6,14,Alive,Low
ONC-00464,60,Other,Colorectal,Stage Iii,1.9,Current,Regular,No,25.8,2019-01-30,Combination Therapy,10,12,Alive,Medium
ONC-04433,50,Male,Liver,Stage Iv,2.1,Never,Regular,No,29.8,2019-05-09,Combination Therapy,3,21,Alive,High
ONC-04059,58,Female,Prostate,Stage I,0.1,Never,Heavy,Yes,22.1,2024-07-12,Immunotherapy,9,7,Alive,Medium
ONC-05625,58,Male,Pancreatic,Stage Iii,0.9,Never,Heavy,Yes,33.2,2020-08-05,Chemotherapy,8,9,Alive,Medium
ONC-04605,58,Female,Skin (Melanoma),Stage Iv,8.4,Former,Heavy,No,28.3,2023-06-14,Surgery,5,12,Alive,High
ONC-02508,67,Other,Pancreatic,Stage Ii,2.4,Current,Heavy,No,28.8,2024-05-04,Palliative Care,4,9,Alive,Low
ONC-05281,47,Female,Liver,Stage Ii,8.2,Never,Heavy,No,26.0,2024-06-22,Surgery,5,43,Alive,Low
ONC-07440,53,Other,Breast,Stage Iii,0.8,Never,Regular,Yes,29.1,2022-10-14,Radiation Therapy,6,12,Alive,Critical
ONC-07098,68,Other,Prostate,Stage Ii,0.2,Former,Heavy,Yes,34.4,2019-03-25,Radiation Therapy,6,68,Alive,Medium
ONC-04023,45,Female,Blood (Leukemia),Stage I,0.4,Current,Occasional,No,21.5,2023-10-30,Palliative Care,5,4,Alive,Low
ONC-00056,93,Male,Ovarian,Stage I,4.8,Never,Occasional,Yes,31.1,2015-09-21,Immunotherapy,5,10,Alive,Low
ONC-03390,53,Female,Blood (Leukemia),Stage Iv,2.0,Never,Heavy,Yes,18.4,2017-01-18,Palliative Care,2,8,Alive,High
ONC-05988,68,Female,Prostate,Stage I,3.1,Former,Regular,Yes,23.2,2021-04-30,Palliative Care,5,52,Alive,Low
ONC-05076,75,Female,Liver,Stage I,2.7,Never,Regular,Yes,24.7,Unknown,Immunotherapy,3,10,Deceased,Medium
ONC-04549,25,Female,Pancreatic,Stage Ii,1.4,Never,Regular,No,29.1,2023-02-07,Chemotherapy,4,11,Alive,Medium
ONC-00697,52,Female,Ovarian,Stage Iii,0.2,Current,Regular,Yes,26.6,2024-11-29,Immunotherapy,6,10,Alive,High
ONC-05508,59,Other,Breast,Stage Iv,2.6,Never,Regular,Yes,29.8,Unknown,Radiation Therapy,6,23,Alive,High
ONC-02949,41,Male,Ovarian,Stage I,2.4,Never,Heavy,Yes,24.4,2019-10-23,Palliative Care,8,13,Alive,Low
ONC-05646,53,Male,Ovarian,Stage Iv,1.4,Never,Heavy,No,21.1,2019-09-05,Palliative Care,3,34,Alive,Medium
ONC-00526,68,Other,Skin (Melanoma),Stage I,3.8,Former,Regular,No,26.6,2017-02-08,Radiation Therapy,3,31,Alive,Not Recorded
ONC-06992,49,Other,Colorectal,Stage Iii,0.2,Current,Regular,No,24.5,2016-10-03,Chemotherapy,9,37,Not Recorded,High
ONC-07025,77,Male,Breast,Stage Ii,9.3,Never,Regular,Yes,22.9,2019-12-26,Immunotherapy,7,18,Deceased,Medium
ONC-03610,39,Female,Ovarian,Stage Iv,2.2,Current,Occasional,No,31.8,2018-06-27,Radiation Therapy,6,14,Deceased,Low
ONC-01617,51,Male,Liver,Stage Ii,2.0,Current,Heavy,No,35.8,2020-12-22,Combination Therapy,6,34,Alive,Medium
ONC-05291,70,Other,Pancreatic,Stage Iv,2.5,Never,Regular,Yes,22.5,2016-02-03,Immunotherapy,4,2,Deceased,Critical
ONC-06726,70,Female,Ovarian,Stage Ii,0.2,Current,Regular,Yes,27.2,2024-12-14,Surgery,5,37,Alive,Medium
ONC-02435,45,Female,Liver,Stage Ii,10.4,Former,Occasional,No,23.9,Unknown,Combination Therapy,5,76,Deceased,High
ONC-02589,27,Other,Brain,Stage Iii,5.5,Never,Heavy,No,27.6,2021-12-28,Radiation Therapy,10,39,Alive,Medium
ONC-02019,71,Other,Breast,Stage Iv,2.0,Current,Regular,No,15.9,2021-04-20,Palliative Care,2,6,Alive,High
ONC-01745,78,Male,Lung,Stage Iv,1.9,Former,Regular,No,24.0,2016-10-06,Combination Therapy,5,12,Alive,High
ONC-07255,61,Female,Ovarian,Stage Ii,2.3,Current,Regular,Yes,27.0,2023-11-09,Combination Therapy,7,13,Alive,Medium
ONC-01509,64,Female,Prostate,Stage I,4.8,Current,Occasional,No,13.2,2023-05-14,Palliative Care,6,2,Alive,Medium
ONC-05428,95,Male,Blood (Leukemia),Stage I,0.9,Former,Regular,No,26.0,2017-03-18,Palliative Care,11,14,Alive,Medium
ONC-05406,62,Male,Blood (Leukemia),Stage Ii,8.3,Former,Occasional,No,26.8,2022-06-08,Radiation Therapy,11,40,Alive,Medium
ONC-04678,35,Other,Colorectal,Stage Ii,18.7,Never,Occasional,No,27.0,2024-10-16,Radiation Therapy,12,26,Alive,High
ONC-07483,40,Other,Liver,Stage I,1.6,Never,Regular,No,18.7,2022-03-22,Immunotherapy,6,38,Alive,Low
ONC-00905,22,Female,Colorectal,Stage Iv,1.3,Former,Occasional,No,22.6,2017-11-08,Combination Therapy,6,10,Alive,High
ONC-00084,65,Other,Brain,Stage Ii,0.3,Never,Occasional,No,22.4,2024-04-08,Chemotherapy,6,16,Alive,Medium
ONC-02500,24,Female,Prostate,Stage Iv,1.3,Current,Regular,Yes,31.4,2019-04-22,Immunotherapy,6,13,Alive,High
ONC-04882,73,Male,Skin (Melanoma),Stage I,0.7,Never,Heavy,Yes,28.2,2022-09-11,Combination Therapy,9,7,Deceased,Low
ONC-03178,82,Other,Prostate,Stage I,1.2,Never,Regular,Yes,28.9,2021-09-29,Surgery,5,23,Alive,Medium
ONC-01681,41,Other,Lung,Stage Iii,3.1,Former,Regular,No,28.8,2019-11-19,Immunotherapy,3,20,Alive,High
ONC-03356,71,Female,Breast,Stage Iv,18.9,Never,Regular,No,25.3,2022-08-09,Surgery,7,8,Alive,Critical
ONC-06851,69,Male,Prostate,Stage Ii,1.6,Never,Occasional,No,22.8,2022-05-12,Combination Therapy,3,18,Deceased,Low
ONC-02215,51,Female,Prostate,Stage Iv,3.6,Never,Heavy,No,17.8,2020-06-07,Surgery,7,12,Alive,High
ONC-05458,45,Male,Colorectal,Stage Iii,1.2,Former,Regular,Yes,37.5,2021-10-21,Radiation Therapy,11,0,Alive,Not Recorded
ONC-02936,68,Male,Brain,Stage I,1.3,Current,Regular,Yes,27.9,2023-07-25,Chemotherapy,8,31,Alive,Low
ONC-05357,70,Male,Lung,Stage Iv,1.3,Former,Heavy,No,33.4,2018-06-13,Palliative Care,5,12,Alive,Critical
ONC-05615,43,Male,Liver,Stage Iv,4.2,Never,Regular,No,26.0,2015-11-22,Surgery,9,22,Deceased,Critical
ONC-01170,42,Male,Liver,Stage Iv,1.7,Former,Regular,No,21.7,2016-12-10,Palliative Care,8,7,Alive,High
ONC-00922,63,Other,Colorectal,Stage Iii,2.4,Current,Heavy,Yes,28.0,2021-10-08,Combination Therapy,4,22,Deceased,High
ONC-00969,32,Female,Breast,Stage Iv,0.2,Current,Occasional,No,30.2,2021-10-01,Surgery,12,53,Deceased,Critical
ONC-03243,51,Male,Colorectal,Stage Ii,1.7,Former,Regular,No,26.6,2018-07-01,Immunotherapy,13,29,Alive,Medium
ONC-00442,72,Other,Prostate,Stage Iii,2.8,Current,Regular,Yes,28.3,2023-10-17,Palliative Care,8,2,Alive,High
ONC-05775,90,Other,Breast,Stage Iv,0.2,Current,Heavy,No,23.5,2022-12-11,Surgery,5,8,Alive,Not Recorded
ONC-07346,65,Female,Skin (Melanoma),Stage Ii,3.8,Former,Heavy,Yes,30.0,Unknown,Immunotherapy,3,27,Alive,High
ONC-03596,52,Female,Blood (Leukemia),Stage Iv,0.7,Current,Heavy,No,21.9,Unknown,Chemotherapy,5,22,Alive,High
ONC-02332,63,Female,Ovarian,Stage Ii,0.1,Never,Regular,No,30.4,2015-10-12,Palliative Care,6,35,Alive,Medium
ONC-02714,52,Female,Ovarian,Stage Iv,1.2,Former,Occasional,No,29.3,2022-10-26,Surgery,9,24,Deceased,Critical
ONC-00722,29,Female,Prostate,Stage Iii,3.6,Former,Heavy,No,25.4,2015-07-19,Radiation Therapy,3,6,Alive,Medium
ONC-00740,53,Female,Lung,Stage I,0.9,Current,Regular,Yes,27.2,2015-09-23,Radiation Therapy,6,10,Deceased,Low
ONC-06217,60,Female,Breast,Stage Iii,4.6,Former,Regular,No,23.1,2015-12-31,Surgery,2,26,Alive,High
ONC-06316,67,Other,Brain,Stage Iv,4.4,Never,Regular,No,27.0,2017-01-01,Surgery,4,12,Alive,High
ONC-00169,35,Female,Brain,Stage Iv,5.5,Current,Regular,Yes,32.3,2023-01-22,Chemotherapy,6,1,Alive,Medium
ONC-01518,69,Male,Brain,Stage Iii,3.9,Former,Regular,Yes,29.6,2016-07-06,Combination Therapy,4,6,Alive,Critical
ONC-01801,45,Other,Colorectal,Stage Ii,7.1,Never,Regular,Yes,22.5,2020-10-31,Chemotherapy,10,16,Alive,Medium
ONC-07168,48,Female,Ovarian,Stage I,0.7,Former,Regular,No,36.2,2021-01-09,Radiation Therapy,10,11,Alive,Critical
ONC-00734,66,Male,Prostate,Stage I,6.4,Never,Heavy,No,22.7,2022-10-30,Palliative Care,5,17,Alive,High
ONC-05053,46,Male,Brain,Stage Iv,3.4,Current,Regular,Yes,28.1,2019-05-09,Palliative Care,1,12,Deceased,Critical
ONC-04268,64,Male,Blood (Leukemia),Stage I,1.0,Former,Regular,No,34.8,2019-12-12,Radiation Therapy,3,29,Not Recorded,Low
ONC-00660,89,Female,Pancreatic,Stage I,0.1,Former,Regular,No,25.8,2015-08-15,Palliative Care,6,36,Deceased,Low
ONC-02431,54,Other,Blood (Leukemia),Stage Iii,2.5,Never,Occasional,No,27.0,2022-11-05,Immunotherapy,6,7,Deceased,High
ONC-02529,53,Other,Liver,Stage Iii,2.3,Former,Regular,No,25.3,2018-03-03,Palliative Care,5,4,Alive,Medium
ONC-02346,48,Female,Skin (Melanoma),Stage I,5.3,Current,Heavy,Yes,26.6,2016-03-28,Palliative Care,8,1,Alive,Low
ONC-04157,71,Male,Lung,Stage Iv,7.2,Never,Regular,Yes,20.8,2020-05-31,Radiation Therapy,1,3,Alive,High
ONC-05789,56,Female,Colorectal,Stage I,0.9,Former,Regular,Yes,19.0,2020-03-05,Chemotherapy,6,10,Deceased,High
ONC-03707,62,Other,Breast,Stage Ii,2.0,Former,Regular,Yes,30.2,2019-03-19,Radiation Therapy,4,7,Alive,High
ONC-03435,68,Other,Breast,Stage Iii,5.1,Never,Regular,Yes,31.0,2016-04-24,Radiation Therapy,5,2,Deceased,Critical
ONC-01669,63,Male,Prostate,Stage I,6.2,Former,Heavy,No,34.9,2016-09-22,Immunotherapy,14,5,Alive,Medium
ONC-07390,55,Male,Prostate,Stage Iii,4.8,Never,Regular,No,31.1,2020-01-24,Surgery,3,40,Deceased,Medium
ONC-01515,58,Other,Liver,Stage Ii,0.7,Never,Regular,Yes,25.9,2016-04-09,Palliative Care,7,28,Deceased,Medium
ONC-00378,71,Female,Lung,Stage Ii,8.0,Never,Heavy,No,18.3,2024-03-16,Surgery,8,29,Alive,Medium
ONC-01556,68,Male,Pancreatic,Stage Iii,6.9,Former,Regular,Yes,30.6,2015-08-03,Radiation Therapy,10,0,Alive,Medium
ONC-01524,92,Other,Skin (Melanoma),Stage Iv,1.9,Never,Heavy,No,22.3,2016-06-26,Radiation Therapy,7,0,Deceased,High
ONC-00679,92,Other,Pancreatic,Stage I,2.3,Current,Occasional,Yes,29.0,2023-10-23,Surgery,7,1,Alive,Low
ONC-04971,83,Female,Brain,Stage Iv,1.5,Former,Regular,Yes,24.8,2015-05-04,Combination Therapy,6,5,Alive,High
ONC-05257,60,Male,Skin (Melanoma),Stage Ii,3.9,Never,Occasional,No,26.0,2024-04-06,Palliative Care,4,3,Alive,Medium
ONC-02626,96,Other,Colorectal,Stage Iv,4.1,Current,Regular,No,35.6,2021-03-16,Combination Therapy,8,4,Deceased,Critical
ONC-03595,57,Female,Ovarian,Stage Ii,5.4,Current,Heavy,No,27.6,2022-04-18,Surgery,5,30,Alive,Not Recorded
ONC-01932,78,Female,Lung,Stage Ii,1.9,Current,Regular,No,15.7,2021-09-05,Immunotherapy,10,39,Alive,High
ONC-03720,60,Female,Brain,Stage Ii,1.4,Former,Regular,No,32.7,2023-09-01,Immunotherapy,5,1,Alive,Medium
ONC-03249,78,Other,Brain,Stage Iii,1.5,Former,Regular,Yes,28.5,2015-01-18,Immunotherapy,3,12,Alive,Low
ONC-07344,63,Female,Ovarian,Stage Iv,2.0,Current,Regular,Yes,23.8,2024-03-18,Combination Therapy,5,3,Alive,Critical
ONC-06922,45,Male,Prostate,Stage Iv,0.9,Former,Regular,No,16.3,2017-01-09,Palliative Care,4,33,Alive,Critical
ONC-07132,51,Other,Breast,Stage I,1.3,Current,Regular,Yes,27.2,2018-05-29,Chemotherapy,11,17,Alive,Low
ONC-05716,63,Female,Brain,Stage Iii,0.5,Former,Regular,Yes,23.7,2022-12-26,Palliative Care,7,61,Deceased,High
ONC-01562,68,Other,Skin (Melanoma),Stage Ii,0.4,Current,Regular,Yes,26.9,2022-03-18,Palliative Care,6,4,Alive,Low
ONC-05241,55,Other,Prostate,Stage I,0.7,Former,Heavy,No,25.2,2015-12-12,Palliative Care,5,11,Alive,Low
ONC-05363,43,Female,Breast,Stage Iii,0.1,Current,Regular,Yes,25.9,2024-12-20,Immunotherapy,3,11,Alive,High
ONC-06077,27,Other,Colorectal,Stage Iii,6.4,Never,Regular,No,15.5,2024-06-14,Chemotherapy,5,7,Alive,High
ONC-01592,33,Other,Lung,Stage Ii,0.3,Never,Regular,No,22.2,2020-01-28,Surgery,6,50,Alive,Low
ONC-02465,41,Female,Pancreatic,Stage Ii,0.4,Former,Regular,Yes,27.4,2017-01-19,Palliative Care,4,13,Alive,Low
ONC-03185,54,Other,Brain,Stage Ii,1.2,Never,Heavy,No,30.2,2022-10-11,Immunotherapy,8,20,Deceased,High
ONC-07020,60,Female,Liver,Stage Iii,0.5,Current,Regular,No,32.4,2015-07-31,Combination Therapy,6,3,Deceased,Medium
ONC-02157,56,Other,Blood (Leukemia),Stage I,1.7,Former,Regular,Yes,16.4,2016-10-25,Combination Therapy,9,19,Alive,Low
ONC-06877,46,Female,Pancreatic,Stage Iii,0.6,Current,Regular,No,23.2,2024-04-26,Radiation Therapy,6,4,Deceased,High
ONC-02795,47,Other,Skin (Melanoma),Stage Iii,0.1,Never,Regular,No,21.4,2019-09-14,Radiation Therapy,11,44,Alive,Critical
ONC-02242,65,Male,Blood (Leukemia),Stage Ii,4.6,Former,Heavy,No,27.6,Unknown,Immunotherapy,4,42,Alive,Medium
ONC-05594,48,Other,Ovarian,Stage Iv,6.1,Former,Heavy,No,27.4,2016-06-28,Radiation Therapy,6,37,Deceased,High
ONC-00539,68,Male,Ovarian,Stage Ii,3.6,Former,Regular,No,25.3,2021-01-27,Radiation Therapy,5,29,Alive,Low
ONC-02164,85,Other,Skin (Melanoma),Stage Ii,2.4,Former,Heavy,Yes,23.6,2023-12-19,Combination Therapy,3,57,Deceased,Low
ONC-05197,52,Male,Blood (Leukemia),Stage I,0.3,Never,Regular,Yes,20.4,2017-12-24,Palliative Care,5,6,Alive,Low
ONC-05050,91,Male,Lung,Stage I,10.1,Former,Heavy,No,32.6,2018-01-27,Immunotherapy,3,11,Deceased,Low
ONC-02140,48,Female,Skin (Melanoma),Stage Iii,4.4,Current,Regular,No,17.9,2021-05-21,Combination Therapy,5,36,Alive,High
ONC-02301,58,Other,Skin (Melanoma),Stage Iii,3.8,Former,Heavy,Yes,21.1,2020-07-24,Surgery,3,51,Alive,Critical
ONC-01578,45,Female,Lung,Stage Ii,0.2,Current,Heavy,Yes,26.1,2015-06-02,Palliative Care,9,13,Alive,Low
ONC-03550,35,Female,Skin (Melanoma),Stage I,5.0,Never,Regular,Yes,19.8,2020-07-23,Surgery,8,7,Deceased,Low
ONC-02986,78,Female,Colorectal,Stage Iii,3.7,Never,Regular,No,24.2,Unknown,Combination Therapy,10,2,Alive,Medium
ONC-00975,21,Male,Blood (Leukemia),Stage Iv,1.1,Current,Regular,No,30.1,2022-07-09,Surgery,12,12,Alive,Critical
ONC-06786,68,Female,Lung,Stage Iv,0.7,Former,Occasional,Yes,26.9,2017-09-29,Chemotherapy,7,16,Alive,Not Recorded
ONC-03608,53,Other,Liver,Stage Iii,1.4,Current,Heavy,Yes,18.2,2022-08-14,Radiation Therapy,5,0,Alive,Not Recorded
ONC-04523,63,Male,Liver,Stage I,4.2,Never,Regular,Yes,19.0,2020-01-26,Chemotherapy,11,22,Alive,Low
ONC-07163,58,Other,Brain,Stage Ii,2.2,Never,Regular,No,21.2,2015-05-26,Radiation Therapy,5,32,Alive,Medium
ONC-01796,33,Other,Brain,Stage Iv,6.6,Former,Regular,No,29.5,2016-01-03,Combination Therapy,6,2,Alive,Critical
ONC-01643,77,Female,Brain,Stage Ii,0.3,Former,Occasional,Yes,20.9,2015-03-12,Chemotherapy,6,39,Alive,Low
ONC-07379,75,Male,Breast,Stage I,2.7,Never,Heavy,Yes,29.3,2017-12-05,Radiation Therapy,7,26,Alive,Low
ONC-02198,47,Male,Colorectal,Stage I,1.4,Never,Occasional,No,38.1,2019-09-26,Immunotherapy,5,8,Alive,Medium
ONC-06511,70,Female,Skin (Melanoma),Stage Iii,6.6,Never,Regular,Yes,36.3,2020-08-30,Surgery,8,6,Alive,Critical
ONC-07193,78,Male,Skin (Melanoma),Stage Iv,1.5,Never,Heavy,Yes,30.1,2022-06-01,Chemotherapy,8,37,Deceased,Critical
ONC-03153,44,Male,Prostate,Stage Ii,8.3,Former,Regular,Yes,23.8,2021-12-20,Palliative Care,6,3,Deceased,Low
ONC-00535,46,Male,Lung,Stage Ii,4.3,Current,Regular,Yes,29.3,2015-09-02,Radiation Therapy,6,12,Alive,Low
ONC-00584,71,Female,Brain,Stage I,7.9,Former,Regular,Yes,25.0,2020-10-25,Combination Therapy,5,20,Alive,Low
ONC-07102,49,Other,Brain,Stage I,3.2,Current,Heavy,Yes,34.3,2022-04-09,Surgery,6,12,Alive,Medium
ONC-04144,55,Other,Skin (Melanoma),Stage I,1.5,Never,Heavy,Yes,20.0,Unknown,Palliative Care,6,24,Deceased,Low
ONC-04419,65,Male,Prostate,Stage Iv,9.4,Never,Occasional,Yes,27.7,2024-11-27,Surgery,4,17,Deceased,Medium
ONC-04420,65,Female,Liver,Stage Iv,4.2,Never,Regular,No,34.5,2018-07-09,Combination Therapy,11,18,Alive,Medium
ONC-01589,43,Female,Liver,Stage Iv,0.6,Current,Heavy,Yes,31.3,2017-07-13,Palliative Care,3,2,Alive,Not Recorded
ONC-01752,78,Other,Prostate,Stage Iv,2.1,Current,Regular,No,25.0,2020-03-02,Chemotherapy,3,33,Alive,Medium
ONC-05247,52,Male,Ovarian,Stage Iv,1.5,Former,Heavy,No,15.2,Unknown,Combination Therapy,9,15,Alive,Medium
ONC-01232,40,Other,Prostate,Stage Iv,3.9,Never,Regular,Yes,33.8,2021-05-04,Combination Therapy,13,15,Deceased,Critical
ONC-05889,48,Other,Colorectal,Stage Iii,2.3,Never,Occasional,Yes,32.1,2019-08-16,Palliative Care,9,3,Alive,Critical
ONC-05366,69,Female,Prostate,Stage Iii,1.1,Current,Heavy,Yes,39.2,2016-05-04,Combination Therapy,6,0,Alive,High
ONC-00116,84,Male,Ovarian,Stage Iii,0.3,Current,Regular,No,27.0,2022-11-11,Radiation Therapy,5,1,Alive,Critical
ONC-05474,56,Female,Colorectal,Stage I,4.6,Never,Occasional,No,16.6,2016-04-26,Immunotherapy,6,0,Deceased,Low
ONC-03714,68,Male,Blood (Leukemia),Stage Iv,0.3,Never,Heavy,Yes,28.3,2017-07-02,Immunotherapy,5,8,Alive,Critical
ONC-02284,37,Male,Blood (Leukemia),Stage Ii,9.5,Former,Regular,No,24.5,Unknown,Surgery,4,1,Deceased,Medium
ONC-04112,70,Other,Ovarian,Stage Iii,0.6,Current,Regular,Yes,26.9,2022-05-26,Immunotherapy,10,25,Deceased,High
ONC-05485,69,Other,Lung,Stage Iii,6.5,Never,Regular,Yes,22.6,2021-12-23,Palliative Care,6,22,Alive,Medium
ONC-05885,48,Other,Colorectal,Stage Iv,0.2,Current,Heavy,Yes,22.8,2023-08-15,Radiation Therapy,2,10,Alive,Critical
ONC-03810,76,Other,Colorectal,Stage I,6.9,Former,Regular,No,30.0,2017-02-16,Radiation Therapy,0,1,Alive,Low
ONC-02739,52,Male,Brain,Stage I,4.2,Never,Heavy,No,19.4,2017-09-08,Palliative Care,7,18,Alive,Medium
ONC-07381,57,Female,Pancreatic,Stage I,0.2,Current,Regular,No,31.2,2019-09-30,Immunotherapy,6,14,Alive,Medium
ONC-02671,68,Other,Colorectal,Stage Ii,1.3,Never,Regular,No,20.6,2017-01-04,Palliative Care,6,7,Deceased,High
ONC-00379,52,Other,Prostate,Stage Iv,5.1,Former,Occasional,Yes,25.2,2016-12-12,Chemotherapy,8,21,Deceased,Low
ONC-03882,55,Other,Ovarian,Stage Ii,8.1,Never,Regular,No,15.0,2015-04-02,Radiation Therapy,5,70,Deceased,Low
ONC-03112,56,Male,Lung,Stage Iv,0.9,Former,Regular,Yes,25.3,2018-02-28,Combination Therapy,3,10,Alive,High
ONC-02922,35,Female,Prostate,Stage I,1.0,Current,Occasional,Yes,26.0,2021-09-27,Immunotherapy,5,19,Deceased,Low
ONC-06801,77,Other,Lung,Stage Iv,0.5,Never,Regular,Yes,21.1,2024-07-26,Combination Therapy,3,7,Alive,Critical
ONC-04313,60,Other,Colorectal,Stage Iii,1.4,Current,Heavy,Yes,16.2,2018-07-26,Combination Therapy,8,12,Alive,Critical
ONC-00303,43,Female,Pancreatic,Stage Iii,2.0,Former,Occasional,No,33.2,Unknown,Radiation Therapy,3,0,Deceased,Medium
ONC-02620,50,Female,Lung,Stage Iii,0.3,Former,Regular,No,29.5,2019-02-22,Combination Therapy,7,0,Deceased,High
ONC-02486,52,Other,Skin (Melanoma),Stage I,1.5,Never,Regular,Yes,23.7,2023-01-24,Combination Therapy,8,6,Deceased,Low
ONC-07439,45,Female,Ovarian,Stage I,2.4,Never,Occasional,Yes,28.6,2016-10-18,Immunotherapy,4,33,Alive,Low
ONC-02820,44,Other,Liver,Stage I,11.4,Current,Heavy,Yes,26.0,2019-03-21,Radiation Therapy,8,4,Deceased,Not Recorded
ONC-06203,78,Other,Lung,Stage Iv,5.2,Current,Regular,Yes,36.6,2017-04-29,Chemotherapy,6,55,Alive,High
ONC-03535,55,Other,Brain,Stage Iv,0.6,Former,Occasional,Yes,30.0,2015-11-25,Palliative Care,5,20,Alive,Critical
ONC-02288,73,Female,Pancreatic,Stage Ii,4.0,Never,Regular,Yes,27.3,2022-12-07,Palliative Care,8,8,Alive,Low
ONC-00652,62,Male,Colorectal,Stage I,1.0,Never,Occasional,Yes,26.0,2022-12-10,Surgery,7,1,Alive,Low
ONC-05026,56,Other,Lung,Stage Iv,3.4,Former,Regular,No,18.3,2015-12-05,Palliative Care,2,2,Deceased,Critical
ONC-00353,53,Other,Blood (Leukemia),Stage Ii,1.9,Former,Heavy,No,24.3,Unknown,Palliative Care,4,25,Deceased,Critical
ONC-01839,73,Male,Breast,Stage Iii,3.1,Former,Occasional,Yes,27.3,Unknown,Surgery,4,4,Alive,High
ONC-00002,62,Male,Prostate,Stage Iv,4.3,Never,Occasional,Yes,31.1,2021-04-17,Chemotherapy,5,0,Deceased,Medium
ONC-06464,47,Female,Skin (Melanoma),Stage I,1.2,Former,Regular,No,30.7,2019-06-14,Radiation Therapy,5,12,Alive,High
ONC-01445,55,Other,Pancreatic,Stage Iv,3.4,Never,Heavy,No,31.1,2022-07-03,Surgery,7,12,Alive,Not Recorded
ONC-02880,63,Other,Pancreatic,Stage Ii,0.7,Current,Regular,No,29.7,Unknown,Radiation Therapy,8,0,Deceased,Medium
ONC-01067,71,Male,Breast,Stage Ii,0.1,Former,Heavy,Yes,26.0,2016-03-27,Surgery,5,79,Deceased,Critical
ONC-06201,45,Male,Pancreatic,Stage Iii,1.2,Current,Regular,Yes,21.6,2017-08-31,Immunotherapy,5,8,Not Recorded,Medium
ONC-01913,68,Female,Pancreatic,Stage Iii,4.4,Never,Regular,Yes,20.7,2015-04-12,Surgery,7,5,Alive,Medium
ONC-04695,51,Female,Brain,Stage Ii,0.9,Current,Regular,No,32.0,2017-07-15,Combination Therapy,3,39,Alive,High
ONC-05872,31,Other,Prostate,Stage I,0.9,Current,Heavy,Yes,33.2,2019-10-04,Chemotherapy,6,17,Alive,Low
ONC-02123,47,Other,Breast,Stage I,1.7,Former,Regular,Yes,26.0,2023-03-05,Palliative Care,3,40,Alive,Medium
ONC-04158,45,Male,Breast,Stage I,2.3,Never,Regular,No,16.0,2017-09-25,Immunotherapy,2,2,Deceased,Low
ONC-04488,58,Other,Skin (Melanoma),Stage Iv,2.8,Never,Occasional,No,24.3,2016-03-05,Palliative Care,3,20,Deceased,Critical
ONC-06389,60,Male,Prostate,Stage Iv,2.8,Former,Regular,Yes,25.8,2022-02-27,Surgery,7,21,Deceased,High
ONC-04310,54,Female,Pancreatic,Stage Iv,19.9,Former,Occasional,No,28.0,2016-03-27,Radiation Therapy,1,11,Alive,High
ONC-03842,61,Other,Prostate,Stage Ii,1.2,Former,Regular,Yes,21.5,2017-03-14,Chemotherapy,6,2,Deceased,High
ONC-06002,61,Other,Skin (Melanoma),Stage Iv,2.4,Current,Heavy,No,20.5,2023-08-28,Surgery,6,16,Alive,High
ONC-03836,54,Male,Skin (Melanoma),Stage Ii,3.7,Former,Heavy,Yes,24.0,2015-11-20,Palliative Care,10,3,Alive,Medium
ONC-01876,54,Other,Prostate,Stage Iii,0.1,Never,Occasional,No,26.0,2021-03-27,Radiation Therapy,9,3,Alive,High
ONC-06773,83,Other,Blood (Leukemia),Stage Iii,1.7,Never,Occasional,Yes,29.6,2019-12-23,Surgery,4,13,Deceased,High
ONC-00549,64,Other,Ovarian,Stage Iii,4.5,Current,Heavy,No,23.5,2018-07-14,Combination Therapy,3,1,Deceased,High
ONC-01861,65,Male,Colorectal,Stage Ii,0.1,Never,Regular,No,30.6,2024-09-27,Radiation Therapy,9,2,Alive,Low
ONC-05194,54,Male,Skin (Melanoma),Stage I,2.6,Former,Regular,No,24.9,2022-09-06,Chemotherapy,8,20,Alive,Low
ONC-03120,60,Male,Blood (Leukemia),Stage Ii,5.8,Never,Occasional,Yes,26.0,2019-10-01,Combination Therapy,9,34,Deceased,Medium
ONC-05556,58,Male,Colorectal,Stage Iv,0.6,Current,Heavy,Yes,28.1,2019-01-22,Radiation Therapy,9,0,Deceased,High
ONC-04098,56,Female,Lung,Stage Iii,3.4,Never,Regular,No,28.4,Unknown,Palliative Care,3,14,Alive,Low
ONC-04179,73,Other,Skin (Melanoma),Stage Iii,1.6,Former,Regular,No,22.7,2020-05-21,Palliative Care,6,9,Deceased,Medium
ONC-02255,55,Female,Ovarian,Stage Iii,0.9,Former,Regular,Yes,26.0,2020-10-24,Palliative Care,5,7,Alive,Critical
ONC-06608,51,Female,Prostate,Stage Ii,0.9,Never,Heavy,Yes,28.3,2022-10-24,Immunotherapy,7,18,Alive,Medium
ONC-06369,29,Female,Pancreatic,Stage Iii,0.3,Never,Heavy,No,25.5,2015-04-06,Immunotherapy,6,11,Alive,Medium
ONC-02861,25,Male,Pancreatic,Stage Iv,0.5,Former,Occasional,No,19.0,2022-04-21,Palliative Care,5,2,Alive,Low
ONC-05770,55,Other,Breast,Stage I,6.7,Current,Regular,No,21.5,2019-02-07,Combination Therapy,4,4,Deceased,Low
ONC-00454,71,Male,Breast,Stage Ii,3.3,Current,Regular,Yes,25.8,2018-06-02,Chemotherapy,5,14,Deceased,Low
ONC-03640,62,Female,Ovarian,Stage Iv,0.3,Never,Heavy,No,34.3,2021-09-05,Palliative Care,5,0,Alive,Medium
ONC-06167,37,Other,Breast,Stage I,0.1,Current,Regular,Yes,32.3,2024-04-05,Surgery,7,47,Alive,Medium
ONC-00118,74,Other,Prostate,Stage Iv,4.6,Current,Heavy,Yes,26.0,2024-12-05,Immunotherapy,4,24,Alive,High
ONC-02925,50,Other,Colorectal,Stage I,0.7,Never,Heavy,Yes,20.2,Unknown,Palliative Care,7,23,Alive,Low
ONC-04320,40,Other,Lung,Stage I,4.7,Current,Regular,Yes,25.5,2021-07-15,Palliative Care,6,13,Alive,Low
ONC-06739,84,Other,Breast,Stage Iv,0.9,Never,Occasional,Yes,25.4,2017-08-31,Surgery,9,1,Deceased,Critical
ONC-06897,45,Male,Blood (Leukemia),Stage Iv,9.4,Former,Regular,No,26.9,2015-09-27,Palliative Care,9,12,Alive,Medium
ONC-01911,77,Female,Lung,Stage Iii,4.5,Never,Occasional,Yes,17.0,Unknown,Immunotherapy,5,18,Alive,High
ONC-02002,20,Female,Brain,Stage Iv,4.2,Never,Heavy,No,31.6,2015-04-06,Palliative Care,8,34,Not Recorded,High
ONC-00924,60,Other,Liver,Stage Ii,1.4,Never,Heavy,No,28.9,2021-06-17,Surgery,1,5,Deceased,Medium
ONC-02771,53,Female,Prostate,Stage I,0.1,Current,Regular,No,26.0,2019-08-24,Chemotherapy,2,27,Deceased,Medium
ONC-04120,45,Male,Colorectal,Stage Iv,0.7,Never,Heavy,No,31.0,2017-02-12,Immunotherapy,4,30,Alive,Critical
ONC-04780,40,Male,Blood (Leukemia),Stage Ii,2.4,Current,Heavy,Yes,24.7,2024-08-20,Palliative Care,9,58,Alive,Medium
ONC-06888,26,Female,Brain,Stage I,3.0,Never,Regular,No,31.0,2019-11-11,Immunotherapy,3,3,Alive,Low
ONC-02057,58,Other,Lung,Stage Ii,4.9,Never,Heavy,Yes,42.9,2022-09-12,Radiation Therapy,9,3,Alive,Low
ONC-00490,48,Female,Colorectal,Stage Ii,1.0,Never,Regular,Yes,24.0,2015-12-22,Radiation Therapy,8,8,Deceased,Medium
ONC-02457,68,Female,Colorectal,Stage Iv,6.3,Current,Heavy,No,23.0,2018-06-02,Immunotherapy,6,2,Deceased,Critical
ONC-03852,71,Male,Blood (Leukemia),Stage Iii,0.8,Never,Occasional,Yes,34.1,2020-09-17,Surgery,4,38,Not Recorded,High
ONC-05505,53,Female,Brain,Stage Iv,1.0,Never,Regular,No,20.1,2021-07-27,Palliative Care,8,38,Alive,Critical
ONC-02614,58,Other,Colorectal,Stage I,3.0,Never,Heavy,Yes,18.0,2018-04-22,Chemotherapy,2,13,Deceased,Low
ONC-00349,61,Female,Blood (Leukemia),Stage I,3.5,Current,Occasional,Yes,29.5,Unknown,Immunotherapy,10,9,Alive,Medium
ONC-04879,81,Other,Prostate,Stage Iii,5.8,Current,Heavy,No,24.0,2019-10-07,Combination Therapy,3,12,Deceased,Critical
ONC-03300,74,Other,Prostate,Stage Iv,1.4,Never,Heavy,Yes,25.3,Unknown,Combination Therapy,9,23,Alive,High
ONC-02786,71,Other,Pancreatic,Stage Iv,8.9,Current,Regular,No,23.0,2018-11-13,Immunotherapy,6,9,Deceased,Critical
ONC-01423,50,Female,Breast,Stage Ii,5.4,Never,Heavy,No,34.5,2024-08-14,Radiation Therapy,10,46,Alive,Low
ONC-06084,51,Other,Skin (Melanoma),Stage Iv,0.4,Never,Occasional,Yes,21.0,2018-12-26,Palliative Care,6,33,Alive,Low
ONC-04813,52,Female,Skin (Melanoma),Stage Iii,0.1,Current,Heavy,No,21.0,2016-01-29,Surgery,5,12,Alive,Critical
ONC-00275,54,Other,Liver,Stage Iii,3.1,Never,Occasional,Yes,27.4,2023-02-26,Immunotherapy,4,21,Not Recorded,Medium
ONC-01073,74,Male,Breast,Stage Ii,2.4,Former,Heavy,No,29.4,2021-03-19,Palliative Care,9,13,Deceased,Medium
ONC-05171,76,Male,Breast,Stage Iv,1.8,Current,Occasional,Yes,24.7,2022-03-17,Immunotherapy,4,38,Alive,High
ONC-00676,36,Other,Brain,Stage Iii,1.4,Current,Regular,No,26.3,2023-08-22,Palliative Care,2,16,Alive,Critical
ONC-06853,49,Other,Breast,Stage Iii,8.2,Never,Heavy,No,25.4,2024-10-05,Palliative Care,3,10,Alive,Low
ONC-03705,48,Other,Prostate,Stage Iv,5.3,Never,Heavy,No,28.1,2016-06-27,Chemotherapy,8,13,Alive,Critical
ONC-00586,52,Female,Skin (Melanoma),Stage Iv,5.8,Current,Regular,Yes,21.7,2020-03-13,Palliative Care,4,5,Alive,High
ONC-04686,75,Female,Prostate,Stage Iv,1.1,Never,Occasional,Yes,23.1,2022-09-09,Surgery,1,18,Alive,High
ONC-04183,65,Male,Lung,Stage Ii,0.1,Former,Regular,Yes,16.7,2021-04-20,Radiation Therapy,7,9,Alive,Medium
ONC-03588,60,Female,Pancreatic,Stage Iii,0.7,Never,Occasional,No,26.8,2021-05-29,Palliative Care,6,1,Alive,Medium
ONC-04805,55,Female,Ovarian,Stage Ii,0.3,Former,Regular,Yes,25.2,2020-01-15,Surgery,6,2,Alive,High
ONC-06683,77,Other,Lung,Stage Iii,7.9,Former,Regular,No,19.9,2016-09-26,Immunotherapy,6,16,Alive,Medium
ONC-06850,70,Female,Blood (Leukemia),Stage Ii,0.2,Current,Regular,No,33.4,2016-09-17,Surgery,2,13,Alive,Medium
ONC-01533,44,Other,Colorectal,Stage Ii,1.1,Former,Heavy,No,31.8,2017-06-12,Immunotherapy,6,19,Not Recorded,Medium
ONC-05157,54,Male,Skin (Melanoma),Stage Ii,2.4,Current,Occasional,Yes,32.7,2015-03-03,Surgery,4,10,Alive,Low
ONC-02106,65,Other,Colorectal,Stage Ii,2.2,Never,Heavy,Yes,24.0,2022-11-04,Combination Therapy,11,13,Alive,Low
ONC-02125,53,Other,Pancreatic,Stage Iv,2.6,Former,Occasional,No,39.9,2016-11-06,Immunotherapy,10,38,Alive,Medium
ONC-05193,52,Female,Prostate,Stage Ii,2.2,Current,Occasional,Yes,25.0,2022-12-30,Immunotherapy,7,3,Alive,Critical
ONC-04472,48,Other,Blood (Leukemia),Stage I,5.3,Current,Regular,No,25.1,2022-04-05,Combination Therapy,2,27,Deceased,Low
ONC-00786,58,Male,Pancreatic,Stage I,2.9,Former,Heavy,Yes,34.5,2022-12-31,Immunotherapy,4,18,Deceased,Low
ONC-05155,48,Male,Prostate,Stage Iv,3.8,Never,Regular,No,22.3,2022-08-14,Surgery,9,3,Alive,Medium
ONC-04176,56,Other,Prostate,Stage Iv,1.9,Never,Occasional,No,24.8,2023-02-21,Surgery,5,6,Alive,High
ONC-03402,65,Other,Ovarian,Stage Iii,3.8,Never,Occasional,No,27.7,2015-01-18,Surgery,3,17,Deceased,Critical
ONC-01018,74,Female,Colorectal,Stage Iv,10.5,Former,Regular,Yes,24.1,2015-01-10,Palliative Care,4,29,Alive,Low
ONC-05691,38,Female,Pancreatic,Stage Iv,1.8,Former,Occasional,No,28.8,2019-09-29,Palliative Care,9,20,Alive,Not Recorded
ONC-01702,46,Female,Liver,Stage I,1.5,Never,Occasional,Yes,26.6,2021-12-18,Palliative Care,6,4,Alive,Medium
ONC-01376,47,Female,Lung,Stage Ii,4.7,Never,Regular,Yes,32.5,2016-02-14,Combination Therapy,4,9,Alive,Medium
ONC-02137,58,Female,Pancreatic,Stage I,0.5,Never,Occasional,Yes,23.0,2020-03-10,Immunotherapy,6,32,Alive,Low
ONC-06537,65,Male,Skin (Melanoma),Stage Ii,1.6,Never,Regular,No,24.9,2017-06-07,Surgery,8,7,Alive,Low
ONC-04672,73,Other,Prostate,Stage Iii,1.4,Never,Occasional,No,18.6,2016-01-29,Palliative Care,5,9,Alive,High
ONC-04855,61,Male,Blood (Leukemia),Stage Iv,3.1,Never,Regular,Yes,30.2,2022-09-11,Chemotherapy,5,32,Alive,High
ONC-02368,44,Other,Colorectal,Stage Iii,4.0,Never,Regular,Yes,27.9,2023-04-02,Surgery,12,1,Deceased,High
ONC-04170,52,Male,Colorectal,Stage Iii,3.3,Current,Regular,Yes,27.5,2016-09-28,Palliative Care,0,17,Alive,High
ONC-06794,50,Male,Ovarian,Stage Ii,3.3,Never,Regular,No,17.8,2019-10-20,Palliative Care,5,17,Alive,Medium
ONC-00764,33,Female,Colorectal,Stage I,5.8,Former,Heavy,No,22.5,2019-09-25,Palliative Care,7,12,Deceased,Low
ONC-05803,54,Female,Colorectal,Stage Iv,2.2,Former,Heavy,No,32.9,2021-10-11,Combination Therapy,8,7,Deceased,High
ONC-03894,39,Other,Prostate,Stage Iv,3.2,Current,Regular,Yes,25.8,2020-12-26,Surgery,13,12,Alive,Critical
ONC-02407,71,Other,Prostate,Stage Iv,2.3,Current,Regular,No,32.8,2017-04-21,Combination Therapy,10,20,Alive,Critical
ONC-05570,56,Male,Prostate,Stage Iv,8.4,Never,Occasional,No,24.0,2024-07-19,Surgery,2,11,Alive,Critical
ONC-01511,64,Other,Prostate,Stage Iv,0.1,Current,Regular,Yes,23.4,2023-10-29,Surgery,10,5,Alive,High
ONC-03317,63,Male,Ovarian,Stage Ii,1.2,Never,Regular,No,29.6,2020-12-17,Combination Therapy,6,55,Alive,Medium
ONC-06610,58,Other,Skin (Melanoma),Stage Ii,3.1,Never,Occasional,Yes,31.0,2017-03-20,Palliative Care,5,10,Not Recorded,Medium
ONC-06954,71,Male,Ovarian,Stage I,2.9,Former,Heavy,No,27.0,2016-12-29,Immunotherapy,5,12,Alive,Medium
ONC-07442,67,Other,Breast,Stage Iii,7.3,Former,Occasional,Yes,27.3,2017-09-02,Palliative Care,3,1,Alive,Critical
ONC-06037,39,Other,Liver,Stage Ii,0.2,Former,Regular,No,21.1,2024-05-27,Chemotherapy,7,16,Alive,Medium
ONC-01790,61,Male,Ovarian,Stage Ii,3.6,Never,Heavy,No,24.7,2023-07-23,Combination Therapy,7,8,Alive,Medium
ONC-06268,19,Male,Pancreatic,Stage Iii,2.0,Current,Heavy,Yes,20.8,2019-03-28,Radiation Therapy,4,0,Not Recorded,Critical
ONC-02337,47,Other,Liver,Stage Iii,4.8,Former,Regular,No,25.1,2023-02-19,Surgery,6,1,Deceased,Medium
ONC-05746,88,Male,Brain,Stage Ii,1.9,Current,Regular,No,28.1,2024-03-08,Immunotherapy,8,8,Alive,Low
ONC-06069,81,Female,Ovarian,Stage Iv,5.4,Never,Regular,No,15.1,2019-07-09,Palliative Care,5,1,Alive,Critical
ONC-05819,44,Other,Liver,Stage I,0.6,Never,Regular,No,24.7,2015-11-10,Radiation Therapy,6,19,Deceased,Low
ONC-05282,39,Female,Ovarian,Stage Iv,0.5,Never,Occasional,Yes,28.9,Unknown,Palliative Care,6,17,Deceased,High
ONC-03789,55,Female,Colorectal,Stage I,2.2,Current,Occasional,No,26.4,2019-03-12,Chemotherapy,9,12,Alive,Low
ONC-04910,58,Other,Colorectal,Stage Ii,2.3,Former,Heavy,Yes,25.0,2022-03-10,Palliative Care,4,52,Deceased,High
ONC-06103,85,Male,Skin (Melanoma),Stage Iv,2.4,Current,Heavy,Yes,31.7,2018-04-15,Combination Therapy,6,2,Alive,High
ONC-05502,35,Male,Colorectal,Stage Iv,0.5,Former,Regular,No,29.5,2019-09-06,Radiation Therapy,4,8,Deceased,High
ONC-01682,75,Male,Ovarian,Stage Iii,6.5,Former,Regular,No,24.1,2016-10-03,Immunotherapy,3,24,Alive,Critical
ONC-01970,24,Female,Pancreatic,Stage Iii,2.1,Current,Heavy,No,33.7,2020-03-04,Combination Therapy,9,9,Alive,Medium
ONC-06337,56,Other,Ovarian,Stage Ii,2.4,Current,Occasional,Yes,31.9,2021-02-08,Immunotherapy,9,1,Not Recorded,Medium
ONC-02483,60,Other,Colorectal,Stage I,17.4,Never,Regular,No,22.5,2016-10-14,Immunotherapy,4,59,Alive,Low
ONC-01371,22,Other,Pancreatic,Stage I,4.2,Never,Occasional,No,25.0,Unknown,Surgery,3,30,Alive,Medium
ONC-00681,58,Female,Blood (Leukemia),Stage Ii,5.0,Never,Regular,Yes,23.6,2023-04-10,Immunotherapy,3,13,Deceased,High
ONC-00699,70,Other,Prostate,Stage Ii,0.2,Never,Regular,No,22.8,2022-08-27,Combination Therapy,7,87,Deceased,Medium
ONC-04404,73,Female,Colorectal,Stage Ii,2.4,Former,Regular,No,22.8,2017-07-26,Chemotherapy,6,21,Deceased,Medium
ONC-00602,74,Male,Colorectal,Stage Iii,1.1,Never,Regular,No,18.6,2022-01-05,Surgery,5,43,Deceased,Critical
ONC-03916,58,Female,Prostate,Stage Iv,8.0,Former,Heavy,No,30.5,2017-01-17,Chemotherapy,6,25,Alive,Critical
ONC-06079,58,Other,Colorectal,Stage Iii,5.3,Current,Occasional,Yes,29.8,2020-08-17,Surgery,6,1,Deceased,Low
ONC-06253,67,Other,Ovarian,Stage Iii,4.2,Never,Occasional,No,21.8,2024-10-30,Immunotherapy,6,4,Alive,High
ONC-03936,37,Female,Liver,Stage Iii,2.3,Current,Occasional,No,31.3,Unknown,Immunotherapy,4,32,Deceased,High
ONC-00506,78,Other,Prostate,Stage Ii,2.7,Never,Regular,No,19.7,2024-01-07,Chemotherapy,4,20,Alive,Critical
ONC-01561,58,Other,Liver,Stage Iv,0.1,Never,Occasional,No,24.8,2016-10-13,Surgery,6,11,Deceased,Critical
ONC-06147,66,Other,Skin (Melanoma),Stage Iv,6.7,Never,Occasional,No,30.3,2024-09-14,Combination Therapy,8,2,Alive,Critical
ONC-01121,57,Other,Breast,Stage Ii,1.6,Current,Regular,Yes,27.7,2018-11-05,Radiation Therapy,10,6,Alive,Medium
ONC-06550,65,Female,Breast,Stage I,6.3,Current,Occasional,No,22.3,Unknown,Palliative Care,5,3,Alive,Low
ONC-04683,54,Other,Liver,Stage I,8.6,Current,Heavy,Yes,26.8,2019-04-22,Radiation Therapy,9,12,Alive,Medium
ONC-04992,16,Male,Liver,Stage Iv,2.6,Never,Occasional,No,24.8,2017-02-09,Surgery,4,23,Deceased,Critical
ONC-06008,39,Other,Brain,Stage Iii,3.6,Never,Occasional,No,34.6,2016-04-14,Immunotherapy,15,22,Alive,High
ONC-00741,27,Female,Prostate,Stage Ii,4.8,Never,Occasional,No,19.8,2023-02-18,Immunotherapy,5,15,Alive,Medium
ONC-06755,40,Male,Colorectal,Stage Ii,0.1,Current,Heavy,Yes,31.7,2018-02-18,Radiation Therapy,7,12,Alive,High
ONC-06913,53,Female,Ovarian,Stage I,0.2,Never,Regular,No,31.6,2016-03-04,Radiation Therapy,7,19,Deceased,Low
ONC-02642,64,Other,Blood (Leukemia),Stage I,1.1,Current,Regular,Yes,33.3,2021-07-16,Immunotherapy,3,12,Not Recorded,Low
ONC-05100,49,Female,Pancreatic,Stage Ii,9.9,Current,Regular,No,30.9,Unknown,Combination Therapy,6,2,Alive,Medium
ONC-04146,79,Female,Prostate,Stage I,1.0,Former,Heavy,No,29.4,2024-06-15,Chemotherapy,6,6,Alive,Low
ONC-05933,50,Male,Ovarian,Stage I,2.7,Never,Regular,No,32.4,2015-07-06,Chemotherapy,6,4,Alive,High
ONC-00476,14,Other,Prostate,Stage Iii,11.9,Current,Regular,Yes,29.0,2019-03-30,Immunotherapy,7,15,Alive,Critical
ONC-03012,42,Male,Lung,Stage Ii,0.9,Former,Regular,Yes,26.3,2015-02-05,Chemotherapy,4,27,Alive,Low
ONC-01997,71,Male,Liver,Stage Iii,0.9,Current,Regular,Yes,25.6,2018-03-01,Surgery,7,0,Deceased,Medium
ONC-01624,58,Female,Liver,Stage I,11.2,Former,Heavy,No,12.0,2020-09-24,Combination Therapy,7,23,Alive,Low
ONC-01481,55,Male,Breast,Stage I,1.0,Former,Occasional,No,19.8,Unknown,Surgery,5,5,Alive,Low
ONC-05745,55,Female,Brain,Stage Ii,1.2,Current,Heavy,Yes,19.3,2022-05-19,Palliative Care,6,6,Alive,Medium
ONC-00857,27,Other,Breast,Stage Iii,6.6,Never,Regular,No,20.1,2016-02-09,Radiation Therapy,9,10,Not Recorded,Medium
ONC-05995,36,Other,Colorectal,Stage Iii,6.8,Never,Regular,Yes,40.6,Unknown,Radiation Therapy,7,21,Alive,Medium
ONC-04972,76,Other,Skin (Melanoma),Stage I,0.8,Current,Regular,No,27.1,2017-04-13,Combination Therapy,7,45,Not Recorded,High
ONC-07451,37,Other,Lung,Stage Iv,9.3,Former,Occasional,No,18.4,Unknown,Surgery,5,9,Alive,Critical
ONC-00732,83,Female,Lung,Stage Ii,2.5,Current,Regular,No,26.7,2016-10-19,Combination Therapy,5,9,Not Recorded,High
ONC-02040,70,Other,Breast,Stage Ii,2.4,Current,Regular,Yes,25.6,2015-10-22,Combination Therapy,6,11,Alive,Medium
ONC-06797,60,Female,Blood (Leukemia),Stage I,2.4,Current,Regular,No,24.6,2015-07-10,Radiation Therapy,9,11,Alive,Medium
ONC-01691,47,Female,Blood (Leukemia),Stage Ii,3.4,Current,Regular,Yes,18.8,2022-06-30,Combination Therapy,4,10,Alive,Medium
ONC-01873,73,Other,Pancreatic,Stage Ii,3.7,Current,Occasional,No,36.7,2024-05-24,Surgery,8,40,Alive,Low
ONC-00690,86,Other,Skin (Melanoma),Stage Ii,4.6,Current,Regular,No,21.6,2020-03-14,Chemotherapy,4,0,Deceased,Medium
ONC-02902,56,Other,Prostate,Stage I,1.8,Former,Occasional,No,18.5,2021-03-23,Combination Therapy,4,17,Alive,Low
ONC-03340,51,Male,Ovarian,Stage Iii,0.1,Never,Heavy,No,20.9,Unknown,Combination Therapy,11,25,Alive,Medium
ONC-03907,67,Other,Ovarian,Stage Iii,7.5,Former,Regular,Yes,23.0,2022-09-09,Chemotherapy,7,1,Alive,Critical
ONC-02187,48,Male,Blood (Leukemia),Stage Iii,5.9,Current,Regular,No,22.0,2017-03-07,Chemotherapy,7,4,Deceased,High
ONC-03309,63,Other,Brain,Stage Iv,2.5,Never,Regular,No,19.0,2023-11-05,Palliative Care,4,7,Alive,Low
ONC-03732,42,Other,Skin (Melanoma),Stage Iii,2.2,Never,Regular,No,24.6,2018-09-04,Combination Therapy,5,26,Alive,High
ONC-01038,58,Other,Brain,Stage I,5.6,Never,Occasional,No,23.1,2016-02-09,Surgery,5,26,Deceased,Low
ONC-01461,52,Other,Blood (Leukemia),Stage Ii,1.0,Never,Heavy,No,28.8,2020-07-29,Combination Therapy,9,6,Alive,Medium
ONC-04114,52,Male,Liver,Stage Iii,6.6,Current,Heavy,No,25.4,2017-11-09,Palliative Care,7,12,Deceased,Critical
ONC-06704,47,Male,Ovarian,Stage Ii,0.4,Never,Heavy,No,12.0,2024-12-18,Immunotherapy,7,10,Deceased,Medium
ONC-04515,90,Male,Prostate,Stage I,2.2,Former,Regular,Yes,16.6,2016-09-11,Chemotherapy,10,9,Deceased,Low
ONC-00231,48,Female,Pancreatic,Stage Ii,1.1,Current,Regular,No,26.1,2022-07-18,Radiation Therapy,2,22,Deceased,Medium
ONC-01357,58,Other,Colorectal,Stage Iv,1.6,Current,Heavy,No,26.6,2023-12-08,Chemotherapy,9,50,Deceased,High
ONC-01725,36,Female,Lung,Stage Iii,0.2,Never,Regular,Yes,23.1,2020-04-22,Combination Therapy,2,13,Alive,Medium
ONC-05950,77,Other,Colorectal,Stage Iv,14.9,Former,Occasional,Yes,30.5,2022-12-06,Combination Therapy,5,12,Alive,Critical
ONC-03223,42,Female,Breast,Stage Ii,2.7,Former,Regular,Yes,26.5,2022-05-19,Surgery,10,5,Deceased,Critical
ONC-04551,67,Other,Pancreatic,Stage I,3.2,Former,Occasional,No,28.2,2015-07-26,Palliative Care,8,25,Not Recorded,Medium
ONC-06514,56,Other,Lung,Stage I,0.6,Current,Regular,Yes,22.3,2020-05-23,Chemotherapy,11,2,Alive,Critical
ONC-03074,64,Other,Brain,Stage Iii,6.0,Never,Regular,Yes,22.1,2023-08-03,Immunotherapy,2,1,Not Recorded,High
ONC-06565,58,Male,Breast,Stage Iv,0.8,Former,Regular,No,29.9,2019-04-09,Chemotherapy,3,36,Alive,High
ONC-07488,63,Other,Colorectal,Stage Iii,12.0,Never,Heavy,Yes,23.6,2019-09-01,Combination Therapy,4,13,Alive,Low
ONC-01011,59,Female,Pancreatic,Stage Ii,6.8,Former,Regular,No,23.5,2019-10-19,Combination Therapy,7,8,Deceased,Medium
ONC-02022,33,Male,Brain,Stage Ii,5.1,Former,Regular,Yes,25.6,2023-08-23,Palliative Care,7,5,Deceased,Critical
ONC-06196,65,Male,Ovarian,Stage I,2.0,Never,Heavy,No,23.8,2017-02-16,Radiation Therapy,8,6,Alive,Medium
ONC-00988,40,Other,Breast,Stage Iii,2.5,Never,Occasional,No,28.4,2019-10-16,Palliative Care,6,13,Deceased,High
ONC-03995,57,Other,Prostate,Stage Iv,6.5,Never,Occasional,No,21.0,2024-04-24,Chemotherapy,10,8,Alive,Low
ONC-05387,63,Male,Colorectal,Stage Iii,2.4,Never,Regular,Yes,20.2,2018-03-20,Chemotherapy,7,0,Alive,Critical
ONC-07349,34,Other,Pancreatic,Stage I,1.8,Current,Heavy,Yes,26.3,2024-01-29,Palliative Care,2,41,Alive,Low
ONC-04235,51,Male,Colorectal,Stage I,2.4,Never,Regular,No,27.8,2015-06-21,Surgery,9,4,Alive,Low
ONC-03727,89,Male,Liver,Stage Iv,6.1,Never,Regular,Yes,31.3,Unknown,Palliative Care,7,0,Alive,High
ONC-05180,58,Female,Prostate,Stage Iii,0.4,Never,Regular,Yes,35.1,2016-08-08,Immunotherapy,7,13,Alive,Medium
ONC-06030,54,Female,Lung,Stage Ii,3.0,Current,Occasional,No,32.1,2022-09-24,Chemotherapy,14,3,Alive,Medium
ONC-03319,56,Male,Skin (Melanoma),Stage Ii,0.3,Former,Regular,No,27.3,Unknown,Palliative Care,4,3,Alive,Low
ONC-04913,31,Male,Pancreatic,Stage Ii,3.0,Never,Regular,No,22.8,2017-02-28,Radiation Therapy,3,47,Alive,Medium
ONC-06563,45,Other,Blood (Leukemia),Stage Iii,1.0,Never,Occasional,No,33.6,2020-12-03,Palliative Care,8,13,Alive,Low
ONC-07260,73,Female,Prostate,Stage Iii,4.4,Former,Heavy,Yes,17.5,2019-04-22,Chemotherapy,7,24,Alive,High
ONC-02143,58,Other,Ovarian,Stage Iv,14.4,Former,Occasional,No,25.0,2016-02-13,Chemotherapy,11,19,Alive,Medium
ONC-05814,68,Other,Pancreatic,Stage I,1.7,Never,Regular,No,21.9,2016-09-03,Radiation Therapy,6,7,Alive,Low
ONC-01538,57,Female,Blood (Leukemia),Stage Iv,6.0,Former,Heavy,No,19.5,2024-09-28,Immunotherapy,5,5,Not Recorded,High
ONC-03829,59,Female,Liver,Stage Iv,1.6,Never,Heavy,No,24.0,2024-09-05,Chemotherapy,2,14,Not Recorded,Critical
ONC-01606,50,Male,Blood (Leukemia),Stage Iv,3.2,Never,Regular,Yes,19.3,2016-10-25,Surgery,4,8,Alive,High
ONC-04542,48,Male,Prostate,Stage Iv,1.2,Former,Occasional,Yes,29.8,2018-03-25,Surgery,7,7,Alive,Not Recorded
ONC-01434,58,Male,Pancreatic,Stage Ii,1.5,Former,Occasional,No,24.7,2019-05-21,Combination Therapy,5,0,Alive,High
ONC-04481,58,Other,Colorectal,Stage I,1.7,Never,Regular,Yes,21.5,2018-05-23,Surgery,5,26,Deceased,Low
ONC-05939,50,Male,Breast,Stage Iii,4.8,Current,Regular,No,31.0,2017-08-10,Surgery,2,53,Not Recorded,Critical
ONC-06229,59,Other,Lung,Stage Ii,2.3,Former,Regular,No,29.3,2019-02-11,Palliative Care,3,14,Deceased,Low
ONC-06306,16,Female,Pancreatic,Stage Iii,2.6,Current,Regular,No,34.5,2016-09-11,Surgery,9,10,Alive,High
ONC-02499,55,Female,Brain,Stage Iii,2.0,Never,Occasional,Yes,27.0,2023-05-24,Surgery,8,24,Deceased,High
ONC-02668,51,Other,Skin (Melanoma),Stage Ii,5.8,Former,Occasional,Yes,30.6,2023-12-22,Palliative Care,5,34,Alive,Medium
ONC-06597,45,Other,Prostate,Stage Iv,0.1,Current,Heavy,No,22.4,2017-06-19,Radiation Therapy,5,66,Deceased,Not Recorded
ONC-06545,43,Male,Breast,Stage I,2.9,Current,Heavy,Yes,23.4,Unknown,Surgery,9,28,Alive,Medium
ONC-05183,45,Male,Blood (Leukemia),Stage Ii,5.4,Never,Regular,No,26.0,2018-01-13,Palliative Care,5,8,Deceased,Critical
ONC-07231,57,Male,Ovarian,Stage Iii,2.0,Current,Regular,No,22.8,2020-11-22,Palliative Care,6,5,Alive,Critical
ONC-05169,44,Female,Skin (Melanoma),Stage Iii,4.6,Former,Occasional,Yes,21.1,2021-08-14,Chemotherapy,4,12,Alive,Low
ONC-02183,61,Male,Liver,Stage Iii,5.7,Current,Occasional,No,28.6,2022-05-03,Radiation Therapy,6,0,Alive,High
ONC-04421,56,Other,Breast,Stage Iv,2.8,Current,Occasional,Yes,21.3,2021-08-31,Immunotherapy,5,1,Deceased,Critical
ONC-01043,26,Male,Liver,Stage Iv,1.2,Never,Regular,Yes,25.9,2021-05-31,Chemotherapy,6,1,Alive,Critical
ONC-00677,66,Male,Skin (Melanoma),Stage I,4.9,Current,Heavy,No,29.6,2016-12-23,Palliative Care,6,22,Alive,Low
ONC-07238,53,Male,Skin (Melanoma),Stage Ii,3.2,Former,Regular,No,26.9,2024-06-10,Combination Therapy,6,44,Alive,High
ONC-01188,58,Other,Skin (Melanoma),Stage Iv,2.7,Former,Heavy,No,29.7,2021-10-17,Palliative Care,6,27,Alive,Medium
ONC-03920,39,Other,Skin (Melanoma),Stage Iv,5.8,Current,Heavy,No,26.0,2017-06-06,Immunotherapy,7,9,Alive,Critical
ONC-05852,58,Female,Liver,Stage Ii,2.8,Current,Occasional,Yes,32.9,2018-04-23,Radiation Therapy,9,49,Alive,Medium
ONC-01596,60,Female,Blood (Leukemia),Stage Iv,1.9,Never,Heavy,Yes,25.4,2020-04-29,Radiation Therapy,7,19,Not Recorded,Critical
ONC-00043,63,Female,Breast,Stage I,1.3,Never,Regular,No,35.4,2016-03-20,Combination Therapy,10,30,Alive,Medium
ONC-06833,39,Other,Blood (Leukemia),Stage Ii,0.4,Former,Regular,Yes,26.0,2020-05-30,Surgery,2,6,Deceased,Critical
ONC-06847,83,Female,Prostate,Stage Iv,3.4,Current,Regular,Yes,32.2,2024-06-22,Radiation Therapy,4,21,Alive,Medium
ONC-03374,59,Male,Lung,Stage Iv,4.5,Current,Regular,No,27.1,2021-03-28,Surgery,8,6,Alive,Critical
ONC-00875,67,Male,Prostate,Stage Iii,0.4,Current,Regular,Yes,24.6,2024-07-04,Palliative Care,4,16,Alive,Critical
ONC-06366,40,Female,Ovarian,Stage Iv,2.1,Never,Regular,Yes,23.6,2024-12-15,Immunotherapy,7,9,Alive,High
ONC-00320,51,Other,Brain,Stage I,2.7,Current,Occasional,Yes,30.0,2015-02-21,Palliative Care,6,32,Alive,Low
ONC-06774,58,Female,Ovarian,Stage Iv,2.4,Never,Regular,No,30.5,2021-10-01,Palliative Care,7,10,Deceased,High
ONC-06654,43,Male,Blood (Leukemia),Stage I,0.7,Former,Occasional,No,18.3,2020-10-10,Combination Therapy,3,11,Alive,Low
ONC-03167,58,Female,Lung,Stage Iv,7.8,Current,Occasional,Yes,26.2,2021-12-03,Chemotherapy,7,45,Alive,High
ONC-04043,77,Male,Prostate,Stage I,0.4,Never,Occasional,Yes,22.5,2024-08-27,Combination Therapy,6,20,Not Recorded,Medium
ONC-03250,66,Female,Prostate,Stage Iv,4.2,Former,Occasional,Yes,33.9,2022-11-18,Palliative Care,4,22,Alive,Critical
ONC-06163,64,Male,Ovarian,Stage Iv,2.0,Never,Regular,Yes,29.9,2021-01-28,Immunotherapy,4,82,Alive,High
ONC-02148,64,Male,Prostate,Stage Ii,8.1,Current,Heavy,No,24.8,2024-08-17,Immunotherapy,5,13,Deceased,High
ONC-02575,60,Female,Skin (Melanoma),Stage I,5.2,Former,Regular,No,29.8,2020-04-22,Radiation Therapy,5,9,Alive,Low
ONC-06093,65,Female,Brain,Stage Iv,1.7,Current,Heavy,No,21.9,2019-11-12,Immunotherapy,5,12,Alive,High
ONC-06951,31,Male,Lung,Stage Iv,0.5,Never,Occasional,Yes,25.7,2022-07-09,Chemotherapy,6,15,Alive,Medium
ONC-02749,46,Female,Skin (Melanoma),Stage I,1.4,Never,Heavy,Yes,34.1,2018-09-03,Combination Therapy,6,37,Alive,Medium
ONC-04794,40,Male,Skin (Melanoma),Stage Ii,0.8,Former,Regular,No,34.5,2016-09-02,Combination Therapy,5,17,Alive,Medium
ONC-07445,36,Other,Breast,Stage Iv,3.3,Never,Heavy,No,21.4,2021-04-26,Immunotherapy,7,13,Alive,Critical
ONC-06462,57,Male,Ovarian,Stage I,1.0,Former,Regular,Yes,31.4,Unknown,Combination Therapy,5,0,Alive,Medium
ONC-05266,74,Other,Colorectal,Stage Iv,13.6,Former,Occasional,No,24.7,2020-11-01,Chemotherapy,5,7,Alive,Critical
ONC-05518,53,Male,Blood (Leukemia),Stage Iv,5.2,Current,Heavy,No,25.9,Unknown,Surgery,5,8,Deceased,Critical
ONC-06715,39,Other,Ovarian,Stage Iii,2.4,Former,Regular,No,19.3,2024-06-13,Chemotherapy,6,4,Alive,Medium
ONC-01026,38,Other,Pancreatic,Stage Iv,2.4,Never,Regular,No,30.5,2020-08-17,Palliative Care,7,26,Deceased,Critical
ONC-03779,75,Female,Lung,Stage I,1.1,Current,Heavy,No,30.1,Unknown,Surgery,5,13,Deceased,Low
ONC-01793,55,Male,Ovarian,Stage Ii,6.4,Never,Regular,Yes,24.8,2015-08-07,Surgery,2,1,Alive,Medium
ONC-04454,42,Other,Lung,Stage Iii,6.8,Former,Regular,No,20.0,2015-07-28,Combination Therapy,7,27,Alive,Low
ONC-06327,60,Other,Ovarian,Stage Ii,4.8,Current,Heavy,No,18.6,2016-01-20,Palliative Care,6,7,Alive,Low
ONC-02338,30,Female,Skin (Melanoma),Stage Ii,1.5,Former,Occasional,No,28.2,2019-04-18,Surgery,6,17,Alive,High
ONC-02441,27,Male,Lung,Stage I,5.4,Former,Regular,Yes,23.7,2019-09-16,Surgery,5,1,Deceased,High
ONC-00129,41,Other,Ovarian,Stage Iv,3.7,Never,Occasional,No,26.0,2020-01-24,Chemotherapy,10,2,Alive,Medium
ONC-05198,46,Male,Pancreatic,Stage Iv,6.9,Never,Regular,Yes,21.2,2021-01-20,Immunotherapy,3,13,Not Recorded,Medium
ONC-07240,51,Male,Pancreatic,Stage Iii,3.7,Current,Occasional,No,30.5,Unknown,Immunotherapy,3,17,Alive,High
ONC-01454,34,Female,Blood (Leukemia),Stage Iv,0.2,Never,Regular,Yes,26.8,2018-08-19,Chemotherapy,3,15,Alive,Medium
ONC-06655,76,Other,Brain,Stage Iii,0.6,Former,Regular,Yes,18.3,2019-06-09,Surgery,2,90,Alive,Not Recorded
ONC-01039,71,Female,Brain,Stage Iii,3.9,Never,Occasional,Yes,27.1,2016-06-07,Chemotherapy,8,72,Alive,Not Recorded
ONC-01632,58,Male,Prostate,Stage Ii,6.6,Never,Regular,No,18.4,2021-07-02,Combination Therapy,9,35,Deceased,Low
ONC-01427,40,Female,Prostate,Stage I,3.5,Never,Regular,No,16.9,2016-06-01,Radiation Therapy,2,44,Alive,Low
ONC-07243,44,Female,Ovarian,Stage I,0.6,Never,Heavy,Yes,30.0,2017-10-28,Immunotherapy,6,12,Deceased,High
ONC-02194,85,Male,Lung,Stage Iv,2.3,Former,Occasional,Yes,21.2,Unknown,Chemotherapy,7,21,Deceased,Critical
ONC-03015,30,Other,Breast,Stage Iii,0.6,Never,Occasional,No,27.7,2018-09-14,Radiation Therapy,10,94,Deceased,Not Recorded
ONC-06616,68,Male,Lung,Stage Iv,2.3,Former,Occasional,Yes,32.9,Unknown,Surgery,6,5,Alive,High
ONC-01484,69,Other,Lung,Stage Ii,2.2,Current,Regular,Yes,21.8,2019-04-12,Chemotherapy,7,6,Deceased,Medium
ONC-01760,61,Other,Liver,Stage Ii,1.5,Never,Regular,No,21.4,2022-06-01,Surgery,8,11,Alive,High
ONC-03091,64,Female,Prostate,Stage Iv,2.8,Current,Occasional,No,23.6,2019-12-29,Immunotherapy,6,7,Alive,Medium
ONC-04758,38,Other,Brain,Stage I,1.0,Current,Regular,Yes,24.7,2017-12-19,Palliative Care,6,15,Not Recorded,Low
ONC-03361,51,Other,Prostate,Stage Ii,3.1,Former,Heavy,No,25.3,2017-01-14,Immunotherapy,6,3,Deceased,Medium
ONC-06488,58,Male,Skin (Melanoma),Stage Iii,10.7,Never,Occasional,Yes,18.3,2018-02-27,Combination Therapy,7,14,Alive,Low
ONC-05611,52,Male,Prostate,Stage I,1.3,Current,Regular,Yes,28.7,2024-02-03,Immunotherapy,6,39,Alive,Low
ONC-02175,58,Other,Prostate,Stage Iv,4.6,Former,Occasional,Yes,28.8,2021-04-02,Immunotherapy,3,4,Alive,Critical
ONC-07279,62,Other,Pancreatic,Stage Iv,3.9,Current,Regular,No,22.1,2021-12-05,Surgery,9,14,Alive,Medium
ONC-05599,52,Male,Brain,Stage Ii,2.7,Former,Heavy,No,30.9,2015-10-18,Palliative Care,6,16,Deceased,Medium
ONC-06233,31,Male,Colorectal,Stage I,3.1,Current,Occasional,Yes,27.2,2020-10-18,Palliative Care,9,0,Alive,Not Recorded
ONC-01884,58,Other,Blood (Leukemia),Stage Iii,12.2,Current,Heavy,Yes,27.4,2023-12-16,Surgery,4,14,Alive,Medium
ONC-02993,78,Female,Breast,Stage Ii,2.4,Former,Heavy,No,28.7,2015-04-13,Radiation Therapy,4,2,Deceased,Medium
ONC-02698,81,Other,Brain,Stage Ii,2.4,Former,Regular,No,25.8,2017-04-20,Chemotherapy,4,4,Alive,Medium
ONC-00329,58,Other,Brain,Stage Ii,6.4,Former,Occasional,Yes,34.6,2016-09-08,Surgery,3,3,Deceased,Medium
ONC-05801,67,Female,Brain,Stage Iii,1.3,Never,Regular,Yes,28.5,2024-09-24,Immunotherapy,6,11,Deceased,Medium
ONC-07490,49,Female,Colorectal,Stage Ii,3.8,Former,Regular,No,22.3,2024-02-19,Radiation Therapy,6,17,Deceased,Low
ONC-03137,62,Male,Blood (Leukemia),Stage Iv,0.1,Current,Heavy,Yes,30.4,Unknown,Immunotherapy,7,11,Alive,High
ONC-00312,60,Female,Liver,Stage Iii,3.1,Never,Occasional,No,29.8,2022-03-25,Surgery,1,7,Alive,Critical
ONC-05179,68,Other,Prostate,Stage Iii,8.1,Current,Regular,No,30.6,2023-12-05,Surgery,3,1,Deceased,Critical
ONC-05675,60,Other,Colorectal,Stage I,4.7,Former,Regular,No,33.4,Unknown,Immunotherapy,6,12,Alive,Low
ONC-01270,48,Other,Brain,Stage Ii,4.8,Former,Occasional,No,15.9,2023-10-20,Radiation Therapy,2,41,Alive,Low
ONC-03930,59,Male,Skin (Melanoma),Stage I,2.7,Never,Regular,Yes,29.9,2017-06-24,Surgery,6,12,Alive,Low
ONC-06256,49,Male,Lung,Stage Iv,1.7,Current,Heavy,Yes,23.0,2020-03-01,Palliative Care,7,10,Alive,Critical
ONC-03820,53,Other,Prostate,Stage I,3.4,Current,Regular,No,21.0,Unknown,Combination Therapy,2,0,Deceased,Medium
ONC-03403,76,Male,Prostate,Stage Ii,1.4,Current,Regular,No,29.3,Unknown,Palliative Care,10,1,Alive,Medium
ONC-05726,30,Female,Breast,Stage I,7.5,Former,Occasional,Yes,26.0,2022-12-12,Radiation Therapy,6,12,Deceased,Low
ONC-04137,59,Other,Ovarian,Stage I,1.5,Current,Regular,No,25.1,2015-12-05,Immunotherapy,6,1,Alive,Low
ONC-05601,55,Other,Brain,Stage Iii,3.3,Former,Occasional,No,27.5,2015-10-30,Combination Therapy,5,13,Deceased,Critical
ONC-03918,75,Other,Ovarian,Stage Ii,2.1,Current,Occasional,Yes,18.3,2024-04-01,Radiation Therapy,6,4,Alive,Medium
ONC-05190,36,Female,Lung,Stage I,5.9,Former,Regular,No,31.8,2019-05-24,Combination Therapy,4,62,Alive,Low
ONC-02965,57,Other,Ovarian,Stage Iv,15.0,Former,Occasional,No,24.1,2017-10-17,Palliative Care,3,18,Alive,Critical
ONC-00138,47,Male,Blood (Leukemia),Stage I,6.0,Never,Regular,Yes,30.5,2018-01-19,Immunotherapy,5,9,Alive,Medium
ONC-00881,36,Female,Blood (Leukemia),Stage Iii,3.2,Never,Regular,Yes,32.5,2024-03-19,Radiation Therapy,5,6,Alive,Medium
ONC-04248,52,Other,Blood (Leukemia),Stage I,4.1,Current,Regular,No,28.5,2022-03-01,Palliative Care,5,11,Alive,Low
ONC-02247,55,Female,Breast,Stage Iii,6.4,Never,Regular,Yes,22.7,2018-07-07,Chemotherapy,7,2,Not Recorded,Critical
ONC-01749,39,Other,Prostate,Stage I,0.2,Never,Regular,Yes,31.5,2015-07-27,Combination Therapy,2,32,Deceased,Low
ONC-05057,58,Other,Pancreatic,Stage Iv,4.5,Current,Heavy,Yes,25.9,2022-11-15,Surgery,6,0,Alive,High
ONC-05152,64,Female,Prostate,Stage Ii,5.7,Never,Regular,No,24.1,2017-09-10,Surgery,3,68,Alive,Low
ONC-00351,80,Female,Brain,Stage Ii,1.5,Current,Regular,No,22.5,2015-09-01,Surgery,6,20,Alive,High
ONC-06061,48,Other,Pancreatic,Stage Iii,1.0,Never,Regular,Yes,23.7,2023-04-01,Palliative Care,7,2,Alive,Low
ONC-00148,42,Other,Pancreatic,Stage Iv,13.0,Former,Regular,No,32.6,2016-09-10,Immunotherapy,8,18,Alive,Critical
ONC-01242,73,Other,Blood (Leukemia),Stage Iv,9.4,Former,Heavy,No,28.7,2023-07-01,Immunotherapy,4,37,Not Recorded,Critical
ONC-00651,85,Other,Lung,Stage I,0.1,Never,Heavy,No,21.3,2017-06-17,Palliative Care,3,12,Alive,Low
ONC-02639,72,Male,Pancreatic,Stage Iii,3.4,Current,Occasional,No,26.0,2017-08-14,Surgery,3,5,Alive,High
ONC-06841,66,Female,Colorectal,Stage I,1.2,Current,Regular,Yes,30.2,2019-09-02,Chemotherapy,6,32,Deceased,Low
ONC-06790,51,Other,Blood (Leukemia),Stage Iii,0.9,Never,Regular,Yes,34.5,2024-10-17,Chemotherapy,7,5,Deceased,High
ONC-03337,59,Female,Prostate,Stage Iii,0.1,Current,Occasional,Yes,21.7,2019-12-19,Palliative Care,7,10,Alive,High
ONC-04081,58,Female,Lung,Stage I,2.6,Former,Regular,No,31.7,Unknown,Radiation Therapy,5,15,Alive,Low
ONC-01622,41,Female,Blood (Leukemia),Stage Ii,1.4,Former,Occasional,No,30.8,2020-06-06,Palliative Care,5,14,Not Recorded,High
ONC-04941,75,Other,Lung,Stage Ii,5.8,Current,Regular,No,32.7,2019-01-13,Immunotherapy,9,47,Alive,Medium
ONC-02606,40,Other,Brain,Stage Iii,0.8,Never,Occasional,Yes,26.0,2018-12-20,Combination Therapy,3,8,Alive,Medium
ONC-03052,67,Male,Blood (Leukemia),Stage Iii,3.1,Current,Heavy,No,32.8,2021-01-10,Palliative Care,3,12,Alive,High
ONC-00362,71,Other,Pancreatic,Stage I,7.0,Never,Heavy,Yes,35.1,2015-08-08,Surgery,6,6,Alive,Low
ONC-01762,65,Male,Liver,Stage Iv,2.7,Current,Occasional,Yes,22.0,Unknown,Surgery,4,34,Alive,Critical
ONC-04044,58,Other,Colorectal,Stage Iii,1.6,Current,Regular,Yes,24.2,2024-05-22,Chemotherapy,4,11,Alive,High
ONC-00531,61,Male,Breast,Stage Ii,0.5,Current,Occasional,No,31.1,2019-05-13,Palliative Care,7,10,Not Recorded,Medium
ONC-05491,42,Male,Skin (Melanoma),Stage Iv,6.3,Former,Regular,Yes,24.3,2019-02-09,Surgery,6,34,Deceased,Critical
ONC-03631,43,Male,Skin (Melanoma),Stage Iv,2.3,Never,Regular,No,24.4,2022-03-22,Combination Therapy,5,16,Deceased,Medium
ONC-04295,47,Other,Liver,Stage Iv,3.9,Former,Occasional,No,22.2,2015-01-09,Palliative Care,6,26,Alive,High
ONC-03843,63,Male,Blood (Leukemia),Stage I,0.8,Current,Heavy,Yes,33.8,2022-05-25,Palliative Care,5,12,Alive,Low
ONC-02876,49,Other,Lung,Stage Iv,1.2,Former,Occasional,Yes,24.6,2023-06-02,Immunotherapy,6,10,Alive,High
ONC-02241,58,Male,Breast,Stage Iii,3.3,Former,Heavy,No,24.4,2018-06-12,Radiation Therapy,6,23,Alive,Medium
ONC-05128,68,Male,Prostate,Stage Iii,0.3,Current,Heavy,Yes,27.7,2022-03-07,Surgery,9,0,Deceased,Medium
ONC-03312,75,Other,Breast,Stage Iv,5.2,Former,Regular,Yes,22.3,2016-05-15,Radiation Therapy,3,23,Deceased,Critical
ONC-01504,62,Female,Prostate,Stage Ii,1.5,Never,Heavy,No,31.0,2024-11-28,Immunotherapy,8,0,Alive,High
ONC-07126,68,Other,Pancreatic,Stage I,2.4,Former,Occasional,Yes,25.7,2020-08-09,Palliative Care,8,5,Deceased,Medium
ONC-03730,35,Female,Prostate,Stage Iii,2.1,Never,Occasional,Yes,22.2,Unknown,Immunotherapy,10,8,Alive,Medium
ONC-00149,42,Other,Pancreatic,Stage Iii,1.6,Never,Regular,Yes,24.5,2018-06-25,Immunotherapy,3,1,Alive,High
ONC-07492,91,Other,Liver,Stage I,0.1,Never,Regular,No,33.4,2020-03-25,Radiation Therapy,8,19,Alive,Low
ONC-01194,55,Male,Skin (Melanoma),Stage Ii,0.5,Former,Occasional,No,25.4,2021-07-12,Surgery,12,19,Alive,Low
ONC-05455,20,Female,Pancreatic,Stage Iv,10.8,Current,Heavy,Yes,26.0,2016-08-03,Radiation Therapy,8,59,Deceased,High
ONC-03845,15,Female,Liver,Stage Ii,1.1,Current,Regular,No,26.9,2023-03-26,Surgery,9,11,Alive,Medium
ONC-03362,54,Female,Blood (Leukemia),Stage Iii,2.7,Former,Heavy,Yes,23.8,2024-12-27,Combination Therapy,9,2,Not Recorded,High
ONC-05812,47,Other,Blood (Leukemia),Stage Iv,6.0,Former,Regular,No,17.0,2018-01-26,Surgery,5,9,Deceased,High
ONC-07497,22,Other,Breast,Stage I,1.6,Never,Occasional,Yes,26.0,2022-08-14,Combination Therapy,2,35,Deceased,Medium
ONC-00707,44,Male,Prostate,Stage Iv,2.1,Never,Regular,No,22.6,2020-04-25,Radiation Therapy,6,43,Deceased,Critical
ONC-03034,61,Other,Breast,Stage Ii,3.0,Former,Regular,No,23.1,2015-06-29,Radiation Therapy,8,6,Alive,High
ONC-04787,71,Male,Blood (Leukemia),Stage Iv,2.4,Current,Heavy,No,23.1,2023-03-02,Immunotherapy,9,5,Alive,High
ONC-01716,67,Male,Prostate,Stage Ii,2.1,Never,Heavy,Yes,14.9,2021-11-16,Palliative Care,7,39,Alive,Medium
ONC-01939,57,Other,Lung,Stage Iv,7.1,Former,Regular,No,30.2,2016-08-06,Chemotherapy,6,34,Deceased,Low
ONC-00144,58,Female,Lung,Stage Iv,2.7,Never,Heavy,No,29.1,2015-12-27,Immunotherapy,8,1,Deceased,Medium
ONC-03821,43,Other,Ovarian,Stage Iv,6.8,Former,Regular,Yes,25.5,2020-03-12,Chemotherapy,5,4,Deceased,High
ONC-05373,48,Male,Skin (Melanoma),Stage I,2.4,Former,Occasional,Yes,25.5,2022-02-27,Chemotherapy,6,12,Alive,Low
ONC-05982,43,Other,Lung,Stage Iv,4.5,Current,Occasional,Yes,16.3,2023-10-08,Immunotherapy,8,21,Alive,High
ONC-04770,64,Other,Brain,Stage Ii,0.4,Former,Occasional,Yes,28.3,2019-06-26,Chemotherapy,8,14,Deceased,Critical
ONC-05673,80,Other,Blood (Leukemia),Stage Iv,7.2,Never,Heavy,Yes,35.2,2023-12-19,Combination Therapy,5,7,Not Recorded,Medium
ONC-02905,61,Other,Blood (Leukemia),Stage Iv,6.6,Current,Occasional,Yes,30.7,2023-11-05,Immunotherapy,6,0,Alive,High
ONC-02110,94,Male,Pancreatic,Stage I,0.2,Former,Occasional,Yes,21.6,2022-12-02,Surgery,2,9,Deceased,Not Recorded
ONC-03781,71,Female,Blood (Leukemia),Stage I,1.4,Former,Occasional,No,28.0,2023-12-09,Radiation Therapy,2,1,Deceased,Not Recorded
ONC-05989,54,Other,Colorectal,Stage Iv,2.4,Never,Heavy,No,31.2,2022-11-17,Palliative Care,10,2,Alive,Medium
ONC-03498,58,Male,Brain,Stage Iii,2.4,Current,Regular,Yes,25.2,2022-01-06,Palliative Care,4,26,Deceased,High
ONC-01368,40,Other,Ovarian,Stage Iv,13.3,Former,Occasional,No,13.8,2020-11-13,Radiation Therapy,3,20,Alive,High
ONC-02365,55,Female,Prostate,Stage Iii,1.8,Never,Regular,Yes,28.1,2024-10-29,Immunotherapy,7,42,Deceased,High
ONC-02976,54,Other,Skin (Melanoma),Stage Ii,1.2,Never,Regular,No,25.4,2021-06-15,Combination Therapy,6,35,Alive,Low
ONC-05258,69,Female,Breast,Stage Iv,0.8,Never,Regular,No,25.6,2015-01-03,Surgery,5,29,Deceased,Critical
ONC-02615,44,Female,Blood (Leukemia),Stage Iii,4.7,Current,Regular,No,21.9,2016-09-17,Chemotherapy,7,15,Alive,High
ONC-02234,56,Other,Blood (Leukemia),Stage Iii,2.7,Never,Regular,Yes,17.7,2016-01-30,Chemotherapy,7,26,Alive,High
ONC-02172,59,Other,Ovarian,Stage Iv,3.8,Current,Regular,Yes,29.2,2020-02-05,Surgery,5,2,Deceased,Critical
ONC-07362,64,Male,Colorectal,Stage Ii,1.7,Never,Regular,Yes,35.7,2015-05-22,Chemotherapy,2,51,Deceased,Medium
ONC-01319,53,Female,Skin (Melanoma),Stage Ii,9.4,Former,Occasional,No,26.4,2015-01-04,Palliative Care,2,12,Alive,High
ONC-04430,53,Other,Lung,Stage Iv,0.9,Current,Regular,Yes,23.6,2020-07-19,Radiation Therapy,6,3,Deceased,Critical
ONC-02210,53,Male,Pancreatic,Stage Iv,0.2,Former,Regular,No,23.4,2021-08-27,Immunotherapy,7,16,Alive,Critical
ONC-00826,70,Female,Brain,Stage I,0.8,Former,Regular,Yes,24.3,2023-10-07,Combination Therapy,8,1,Alive,Medium
ONC-00493,61,Other,Prostate,Stage Iv,0.2,Never,Regular,No,16.3,2016-04-24,Combination Therapy,7,64,Not Recorded,Critical
ONC-02689,58,Male,Brain,Stage Iii,0.5,Former,Occasional,No,30.0,2020-07-15,Combination Therapy,7,14,Alive,High
ONC-02996,56,Female,Breast,Stage I,2.3,Current,Regular,No,27.6,2019-03-07,Immunotherapy,6,22,Alive,Low
ONC-00650,58,Other,Brain,Stage Ii,3.1,Current,Occasional,No,29.4,2021-02-21,Surgery,6,1,Alive,Medium
ONC-00256,64,Other,Ovarian,Stage Iii,0.7,Current,Heavy,Yes,19.4,Unknown,Surgery,3,7,Alive,Low
ONC-06776,82,Female,Blood (Leukemia),Stage Iv,2.6,Former,Regular,Yes,33.1,2020-09-25,Combination Therapy,7,1,Alive,High
ONC-00395,80,Male,Liver,Stage Iii,1.3,Never,Regular,No,29.3,2019-08-04,Combination Therapy,4,8,Deceased,High
ONC-06965,63,Male,Liver,Stage Iv,5.0,Current,Regular,No,22.8,2021-11-02,Palliative Care,9,0,Deceased,Medium
ONC-04345,57,Male,Brain,Stage Iii,0.9,Former,Regular,No,30.7,2016-01-27,Palliative Care,9,59,Alive,Medium
ONC-00074,58,Male,Pancreatic,Stage Iii,8.0,Never,Occasional,No,29.4,2016-05-04,Palliative Care,3,4,Alive,Medium
ONC-04514,58,Male,Prostate,Stage Iii,0.6,Former,Heavy,No,38.4,2019-12-23,Radiation Therapy,7,0,Alive,High
ONC-04682,58,Male,Brain,Stage Ii,1.4,Former,Heavy,Yes,28.8,2017-07-11,Palliative Care,5,62,Deceased,Critical
ONC-05370,68,Female,Skin (Melanoma),Stage I,1.8,Former,Regular,No,32.0,Unknown,Immunotherapy,7,15,Alive,Medium
ONC-02113,75,Male,Lung,Stage Iii,3.5,Former,Occasional,Yes,30.9,2017-01-01,Palliative Care,7,7,Deceased,Medium
ONC-03571,86,Male,Liver,Stage Iv,5.4,Current,Regular,No,33.1,2021-11-04,Chemotherapy,7,0,Alive,Medium
ONC-01656,51,Female,Prostate,Stage Iv,0.4,Never,Regular,Yes,18.7,2015-02-15,Surgery,7,1,Alive,Medium
ONC-00664,49,Other,Liver,Stage I,1.0,Former,Heavy,No,26.0,2015-03-09,Surgery,5,27,Alive,Medium
ONC-00173,86,Other,Blood (Leukemia),Stage Ii,0.7,Former,Heavy,Yes,33.7,2024-02-06,Chemotherapy,2,8,Alive,Not Recorded
ONC-03132,59,Female,Colorectal,Stage Ii,2.3,Current,Heavy,No,18.3,2023-06-20,Immunotherapy,7,4,Not Recorded,Low
ONC-01087,53,Female,Pancreatic,Stage Iii,12.5,Former,Occasional,Yes,27.8,2021-05-18,Palliative Care,4,2,Alive,Critical
ONC-03506,49,Male,Ovarian,Stage Iii,1.2,Never,Heavy,No,34.8,Unknown,Combination Therapy,5,34,Alive,Critical
ONC-03314,62,Other,Blood (Leukemia),Stage Ii,2.7,Former,Regular,Yes,35.0,2018-12-03,Radiation Therapy,7,35,Deceased,Not Recorded
ONC-03611,57,Male,Prostate,Stage Iii,0.6,Never,Heavy,Yes,29.0,2021-03-17,Palliative Care,4,15,Alive,Medium
ONC-02375,58,Male,Skin (Melanoma),Stage Iv,7.8,Former,Heavy,Yes,24.1,2018-08-03,Immunotherapy,7,1,Alive,High
ONC-06679,81,Female,Brain,Stage Ii,1.8,Former,Regular,No,28.5,2023-02-02,Palliative Care,12,42,Alive,High
ONC-04269,50,Other,Liver,Stage Iv,1.0,Never,Occasional,No,22.1,2019-10-17,Chemotherapy,5,0,Alive,Critical
ONC-03872,50,Male,Blood (Leukemia),Stage Iv,2.2,Current,Regular,No,24.3,2018-03-02,Surgery,6,45,Alive,High
ONC-02690,48,Other,Lung,Stage Iii,6.4,Current,Heavy,No,26.8,2017-03-15,Palliative Care,6,3,Alive,High
ONC-03194,47,Other,Colorectal,Stage Iii,0.4,Current,Occasional,Yes,31.3,2017-01-10,Chemotherapy,5,13,Alive,Medium
ONC-01953,43,Male,Breast,Stage Iv,2.1,Current,Occasional,Yes,36.0,2024-06-22,Palliative Care,6,30,Deceased,Low
ONC-05576,46,Female,Breast,Stage Ii,8.0,Never,Regular,No,28.6,2024-08-27,Radiation Therapy,7,8,Alive,Medium
ONC-01530,57,Male,Liver,Stage Iii,6.8,Former,Occasional,No,33.3,Unknown,Palliative Care,6,14,Alive,High
ONC-02810,60,Female,Ovarian,Stage I,2.5,Current,Regular,No,33.7,2019-10-19,Combination Therapy,5,12,Alive,Low
ONC-00686,70,Female,Pancreatic,Stage Ii,1.1,Former,Regular,No,21.8,2023-04-04,Chemotherapy,6,38,Alive,Medium
ONC-01552,90,Other,Brain,Stage Ii,1.3,Never,Regular,No,21.0,2023-03-24,Surgery,8,26,Deceased,High
ONC-07123,58,Other,Lung,Stage I,3.0,Current,Heavy,No,35.2,2020-02-24,Immunotherapy,6,13,Deceased,High
ONC-04887,73,Male,Liver,Stage Iii,2.0,Never,Heavy,No,22.6,2019-12-06,Radiation Therapy,4,36,Alive,High
ONC-04358,64,Female,Breast,Stage Ii,2.1,Former,Heavy,No,25.4,2024-07-22,Immunotherapy,4,22,Deceased,Critical
ONC-03353,66,Female,Brain,Stage I,13.0,Never,Regular,Yes,14.6,2022-10-14,Palliative Care,11,13,Deceased,Low
ONC-05270,70,Male,Liver,Stage Iv,1.9,Former,Regular,No,24.8,2018-10-28,Palliative Care,6,10,Deceased,High
ONC-03700,56,Female,Liver,Stage Iii,2.5,Current,Occasional,No,33.8,2024-08-27,Radiation Therapy,6,5,Alive,Medium
ONC-01341,42,Male,Skin (Melanoma),Stage Iv,13.1,Current,Regular,No,28.3,2015-01-21,Immunotherapy,6,12,Alive,Medium
ONC-03635,36,Female,Skin (Melanoma),Stage Ii,0.8,Current,Occasional,No,23.4,2021-04-01,Palliative Care,6,19,Not Recorded,Low
ONC-04079,58,Male,Ovarian,Stage Iv,2.5,Never,Regular,No,25.2,2015-05-12,Radiation Therapy,1,3,Alive,High
ONC-04923,58,Male,Prostate,Stage Ii,6.1,Former,Regular,Yes,22.1,2022-04-16,Chemotherapy,3,6,Alive,Medium
ONC-04194,65,Female,Skin (Melanoma),Stage I,0.6,Former,Regular,No,23.3,2021-10-27,Immunotherapy,3,24,Deceased,Medium
ONC-05216,74,Other,Prostate,Stage Iii,0.1,Never,Heavy,No,22.6,2015-08-26,Palliative Care,7,6,Alive,High
ONC-06883,60,Other,Brain,Stage Iv,9.2,Never,Heavy,No,29.0,2023-11-21,Radiation Therapy,4,2,Deceased,Critical
ONC-05269,22,Female,Ovarian,Stage Iv,0.6,Current,Heavy,No,24.4,2017-01-10,Combination Therapy,4,9,Alive,Medium
ONC-02360,62,Male,Ovarian,Stage Iv,0.7,Former,Occasional,No,32.9,2021-09-18,Palliative Care,7,12,Deceased,Critical
ONC-02992,64,Female,Skin (Melanoma),Stage Iii,3.5,Never,Heavy,No,26.0,2023-10-30,Radiation Therapy,5,48,Deceased,Medium
ONC-00743,68,Female,Pancreatic,Stage Iii,3.1,Never,Regular,No,30.8,2020-06-27,Immunotherapy,8,10,Alive,Medium
ONC-00680,67,Other,Lung,Stage I,4.0,Former,Regular,No,26.7,2017-03-25,Palliative Care,7,9,Alive,Not Recorded
ONC-03927,58,Male,Blood (Leukemia),Stage Iv,0.6,Never,Occasional,Yes,26.2,2024-02-12,Radiation Therapy,5,62,Not Recorded,Critical
ONC-04164,46,Other,Colorectal,Stage Iii,2.4,Never,Occasional,Yes,30.9,2017-09-21,Combination Therapy,7,0,Alive,Critical
ONC-01883,57,Other,Skin (Melanoma),Stage Iv,2.1,Never,Heavy,No,16.8,2022-09-01,Chemotherapy,8,13,Alive,Critical
ONC-07207,65,Male,Skin (Melanoma),Stage I,2.7,Former,Heavy,Yes,29.6,2017-04-04,Surgery,6,7,Alive,Not Recorded
ONC-02383,37,Other,Prostate,Stage Iv,0.1,Never,Regular,No,23.6,2023-08-23,Immunotherapy,8,4,Alive,Medium
ONC-01979,38,Other,Breast,Stage I,5.0,Current,Regular,Yes,30.9,2023-01-08,Immunotherapy,2,4,Alive,Medium
ONC-01946,30,Female,Breast,Stage Ii,6.7,Former,Heavy,Yes,19.6,2017-12-09,Palliative Care,10,26,Alive,Medium
ONC-01537,14,Female,Pancreatic,Stage Iii,3.6,Former,Occasional,Yes,18.8,2021-08-02,Palliative Care,8,14,Alive,High
ONC-04570,67,Female,Breast,Stage Iv,5.5,Former,Heavy,No,33.4,Unknown,Palliative Care,5,74,Deceased,Critical
ONC-03636,58,Other,Breast,Stage Iii,1.0,Never,Heavy,No,26.7,2022-01-07,Combination Therapy,3,20,Alive,High
ONC-00174,50,Male,Pancreatic,Stage I,2.6,Never,Regular,No,29.9,2018-06-24,Combination Therapy,9,6,Alive,Low
ONC-04004,51,Female,Ovarian,Stage Iv,0.9,Never,Heavy,Yes,14.1,2015-08-19,Combination Therapy,7,28,Deceased,Critical
ONC-00910,48,Other,Skin (Melanoma),Stage Iii,1.9,Never,Regular,Yes,22.3,2023-08-21,Palliative Care,6,4,Alive,Medium
ONC-01720,46,Other,Colorectal,Stage I,7.8,Former,Occasional,Yes,25.4,2018-02-06,Surgery,6,17,Alive,Medium
ONC-03555,64,Other,Pancreatic,Stage I,1.1,Current,Occasional,No,23.5,2018-01-25,Chemotherapy,7,20,Deceased,Low
ONC-01386,62,Female,Liver,Stage Iv,3.0,Never,Heavy,No,27.9,2022-03-30,Chemotherapy,6,1,Deceased,Low
ONC-00502,39,Other,Ovarian,Stage Iv,0.6,Never,Regular,No,29.4,2024-08-25,Palliative Care,7,20,Deceased,High
ONC-03525,73,Male,Prostate,Stage Ii,1.9,Never,Regular,Yes,27.1,Unknown,Surgery,6,28,Alive,Medium
ONC-06917,56,Other,Prostate,Stage Ii,1.4,Never,Regular,Yes,32.6,2024-02-28,Radiation Therapy,6,5,Alive,Low
ONC-03237,58,Male,Lung,Stage Iii,1.8,Never,Regular,Yes,32.6,2022-10-19,Chemotherapy,4,48,Alive,Medium
ONC-02105,60,Female,Prostate,Stage Iv,0.1,Never,Regular,No,24.2,2024-04-11,Palliative Care,7,12,Alive,Critical
ONC-06934,66,Female,Ovarian,Stage Iii,7.3,Never,Regular,Yes,17.2,2022-02-22,Radiation Therapy,7,6,Not Recorded,Critical
ONC-02018,59,Male,Brain,Stage Ii,8.1,Former,Regular,No,22.8,2021-08-28,Radiation Therapy,5,27,Alive,Low
ONC-01823,49,Other,Lung,Stage Iv,2.1,Current,Occasional,Yes,30.7,2022-01-17,Chemotherapy,5,12,Alive,Critical
ONC-06604,55,Other,Skin (Melanoma),Stage I,6.3,Never,Regular,Yes,28.7,2015-09-29,Immunotherapy,5,14,Alive,Medium
ONC-01446,60,Female,Prostate,Stage Iv,2.8,Never,Regular,No,32.2,2023-12-29,Surgery,7,17,Deceased,Medium
ONC-04799,52,Other,Lung,Stage Ii,7.2,Never,Regular,No,29.5,2021-01-25,Combination Therapy,8,10,Alive,Low
ONC-04257,84,Female,Colorectal,Stage Iv,3.8,Former,Occasional,No,25.8,2016-09-24,Palliative Care,8,10,Alive,Not Recorded
ONC-02726,67,Female,Liver,Stage Iv,2.5,Never,Heavy,Yes,19.4,2024-10-31,Surgery,5,0,Not Recorded,Critical
ONC-05961,50,Other,Ovarian,Stage Iv,0.2,Current,Occasional,Yes,24.8,Unknown,Radiation Therapy,4,14,Alive,Critical
ONC-00713,58,Female,Lung,Stage Ii,2.1,Current,Heavy,No,24.8,2018-03-28,Chemotherapy,9,15,Deceased,Medium
ONC-00206,50,Other,Brain,Stage Iii,1.0,Current,Heavy,No,26.7,Unknown,Surgery,5,1,Alive,High
ONC-03775,50,Other,Colorectal,Stage Iv,2.8,Current,Regular,No,21.1,2024-06-20,Combination Therapy,6,2,Alive,Critical
ONC-03451,63,Other,Colorectal,Stage Iii,4.6,Former,Heavy,Yes,33.4,2017-04-07,Chemotherapy,6,19,Alive,Critical
ONC-00369,32,Other,Ovarian,Stage Iv,8.7,Never,Occasional,No,31.3,2018-05-09,Surgery,10,9,Alive,Critical
ONC-03630,51,Other,Ovarian,Stage Iv,1.4,Never,Regular,No,26.7,2023-07-21,Immunotherapy,6,11,Alive,Critical
ONC-06169,38,Other,Skin (Melanoma),Stage Iii,3.6,Current,Regular,No,22.6,2020-08-12,Palliative Care,2,16,Alive,Low
ONC-05313,54,Male,Brain,Stage Iii,0.8,Current,Regular,No,16.9,2017-04-30,Chemotherapy,6,1,Alive,Medium
ONC-00096,66,Female,Prostate,Stage I,1.5,Never,Regular,Yes,22.9,2018-03-04,Palliative Care,10,1,Alive,Low
ONC-00222,55,Male,Pancreatic,Stage Iii,2.5,Never,Regular,No,31.0,2021-05-14,Palliative Care,6,17,Deceased,High
ONC-04793,61,Female,Lung,Stage Iv,2.5,Never,Heavy,Yes,30.0,2024-05-18,Surgery,4,12,Alive,Critical
ONC-06509,35,Other,Breast,Stage Ii,0.2,Never,Occasional,No,22.9,2023-05-29,Immunotherapy,6,4,Deceased,High
ONC-00963,73,Male,Colorectal,Stage Iv,7.0,Former,Occasional,Yes,27.1,2017-04-03,Surgery,5,8,Deceased,High
ONC-00816,57,Other,Brain,Stage Ii,4.1,Former,Regular,No,21.3,2015-02-02,Surgery,8,7,Alive,Low
ONC-02267,51,Other,Prostate,Stage Iii,3.3,Never,Heavy,Yes,29.7,2018-11-06,Palliative Care,5,0,Deceased,Medium
ONC-01951,80,Other,Liver,Stage Iv,0.3,Former,Regular,No,23.1,2022-10-23,Combination Therapy,10,19,Alive,Critical
ONC-03885,63,Other,Lung,Stage Ii,2.9,Never,Heavy,Yes,25.4,2015-03-30,Chemotherapy,8,1,Alive,Medium
ONC-00580,32,Female,Breast,Stage Iii,5.8,Never,Heavy,No,32.1,2017-01-23,Immunotherapy,6,13,Alive,Low
ONC-04202,66,Other,Prostate,Stage Ii,12.1,Former,Heavy,No,29.5,2019-05-14,Immunotherapy,6,12,Alive,Medium
ONC-01706,44,Other,Lung,Stage Ii,3.9,Current,Regular,Yes,23.1,2022-01-03,Surgery,7,20,Deceased,Not Recorded
ONC-06941,58,Male,Skin (Melanoma),Stage Iii,1.4,Never,Regular,No,31.3,2016-01-25,Surgery,6,0,Alive,High
ONC-02038,95,Male,Blood (Leukemia),Stage Iii,0.1,Current,Regular,Yes,26.7,2015-02-09,Immunotherapy,6,1,Alive,High
ONC-06319,67,Female,Liver,Stage Iii,0.7,Current,Regular,Yes,26.0,2021-02-13,Radiation Therapy,5,3,Alive,Medium
ONC-01217,77,Other,Breast,Stage Iii,10.6,Former,Regular,No,20.1,2023-06-29,Surgery,6,11,Alive,Critical
ONC-01367,71,Male,Liver,Stage Iii,1.3,Never,Regular,Yes,24.3,2021-07-21,Surgery,6,14,Alive,High
ONC-02507,83,Other,Skin (Melanoma),Stage I,8.3,Current,Regular,No,33.6,2016-09-15,Palliative Care,2,11,Deceased,Low
ONC-01574,46,Male,Prostate,Stage I,3.8,Current,Occasional,No,29.2,2023-04-27,Palliative Care,9,18,Alive,Low
ONC-04889,59,Male,Lung,Stage Ii,2.4,Former,Heavy,Yes,25.2,Unknown,Combination Therapy,7,42,Alive,Low
ONC-00309,87,Male,Colorectal,Stage Iv,4.0,Never,Regular,No,23.5,2024-11-17,Radiation Therapy,7,8,Alive,Medium
ONC-02122,56,Male,Prostate,Stage I,1.8,Never,Regular,No,24.8,2016-11-22,Immunotherapy,5,10,Deceased,Low
ONC-01253,90,Male,Lung,Stage Iii,0.6,Former,Regular,No,24.3,2017-02-18,Combination Therapy,5,3,Alive,Critical
ONC-04224,27,Male,Prostate,Stage Ii,1.5,Never,Regular,No,27.9,2020-04-07,Combination Therapy,4,5,Deceased,Not Recorded
ONC-06437,78,Female,Lung,Stage I,0.1,Current,Heavy,No,31.9,2022-04-24,Surgery,12,10,Alive,Low
ONC-00244,39,Female,Liver,Stage Ii,0.8,Current,Regular,No,22.9,2024-07-01,Radiation Therapy,8,2,Alive,Low
ONC-02496,70,Female,Colorectal,Stage Iv,1.4,Current,Occasional,Yes,35.3,2018-12-13,Palliative Care,7,7,Alive,Critical
ONC-01072,54,Female,Skin (Melanoma),Stage Iv,2.2,Former,Regular,No,24.5,2016-03-31,Chemotherapy,5,62,Alive,High
ONC-05337,67,Female,Prostate,Stage I,2.5,Current,Regular,No,33.7,2017-03-29,Combination Therapy,8,38,Alive,Medium
ONC-00933,66,Other,Breast,Stage Iii,1.8,Never,Occasional,Yes,32.4,2022-07-27,Combination Therapy,6,5,Alive,Medium
ONC-01650,62,Female,Liver,Stage Ii,1.0,Never,Regular,Yes,29.2,2015-10-28,Combination Therapy,7,41,Deceased,Medium
ONC-00068,67,Other,Liver,Stage Ii,0.6,Former,Heavy,No,25.7,2019-11-20,Palliative Care,6,15,Alive,Medium
ONC-03674,65,Female,Breast,Stage Iv,2.4,Former,Heavy,No,13.0,2015-09-05,Immunotherapy,7,2,Alive,Critical
ONC-07462,24,Female,Lung,Stage I,1.1,Never,Heavy,Yes,36.0,2016-08-26,Radiation Therapy,10,12,Alive,Low
ONC-05033,68,Female,Skin (Melanoma),Stage Iv,0.5,Never,Heavy,Yes,24.4,2019-10-28,Immunotherapy,6,28,Deceased,Medium
ONC-02333,54,Female,Blood (Leukemia),Stage Iii,2.5,Current,Heavy,Yes,28.8,2024-11-27,Palliative Care,10,2,Alive,High
ONC-03850,82,Female,Liver,Stage Ii,2.3,Never,Regular,Yes,33.5,2018-06-06,Combination Therapy,7,55,Deceased,High
ONC-04227,58,Other,Liver,Stage Ii,0.5,Current,Regular,Yes,34.2,2020-08-17,Palliative Care,5,5,Alive,Medium
ONC-00543,58,Other,Pancreatic,Stage Ii,2.6,Current,Heavy,No,32.3,2020-11-23,Combination Therapy,4,14,Not Recorded,Low
ONC-06297,58,Female,Ovarian,Stage Iv,5.3,Never,Occasional,No,30.4,2021-11-17,Palliative Care,6,0,Deceased,Critical
ONC-04204,56,Other,Colorectal,Stage Iv,5.4,Former,Regular,No,23.8,2022-07-03,Palliative Care,1,17,Alive,Critical
ONC-01045,63,Male,Skin (Melanoma),Stage I,0.9,Current,Occasional,No,27.8,2015-06-10,Palliative Care,4,1,Alive,Low
ONC-01369,65,Female,Pancreatic,Stage Ii,2.2,Never,Heavy,No,29.4,2015-02-28,Palliative Care,7,10,Deceased,High
ONC-01521,83,Male,Skin (Melanoma),Stage I,2.0,Never,Occasional,No,18.6,2017-12-13,Palliative Care,5,48,Deceased,Low
ONC-00061,45,Female,Colorectal,Stage Iv,0.2,Former,Heavy,No,24.1,2024-05-12,Surgery,8,82,Alive,Not Recorded
ONC-02129,32,Male,Ovarian,Stage Iii,6.5,Never,Regular,Yes,31.9,2016-05-10,Combination Therapy,3,22,Alive,Medium
ONC-02163,48,Other,Lung,Stage Ii,2.1,Current,Regular,No,17.7,2016-11-29,Chemotherapy,8,43,Not Recorded,High
ONC-03922,34,Other,Lung,Stage Iv,6.4,Current,Regular,Yes,28.2,Unknown,Combination Therapy,6,2,Alive,High
ONC-05545,57,Female,Prostate,Stage I,2.0,Never,Heavy,No,25.5,2019-11-08,Radiation Therapy,3,23,Not Recorded,Medium
ONC-03050,58,Other,Breast,Stage Iv,1.4,Never,Heavy,No,31.4,2023-03-26,Radiation Therapy,5,8,Alive,High
ONC-02657,60,Male,Lung,Stage Iv,6.6,Former,Occasional,Yes,26.0,2021-05-13,Combination Therapy,9,55,Deceased,High
ONC-07383,38,Female,Pancreatic,Stage Iii,6.4,Never,Heavy,No,25.2,2019-01-27,Immunotherapy,6,63,Alive,High
ONC-04083,36,Female,Liver,Stage Ii,2.7,Never,Occasional,Yes,22.7,2016-05-18,Immunotherapy,10,12,Alive,Medium
ONC-06858,27,Male,Brain,Stage I,1.0,Never,Occasional,No,28.7,2019-08-07,Radiation Therapy,9,26,Alive,Low
ONC-05265,50,Other,Brain,Stage Iv,1.1,Never,Regular,Yes,15.3,2018-09-03,Immunotherapy,5,58,Alive,High
ONC-03187,73,Male,Pancreatic,Stage Iv,1.9,Never,Occasional,Yes,26.6,2021-10-14,Combination Therapy,1,13,Alive,Medium
ONC-03067,88,Other,Colorectal,Stage Ii,0.8,Former,Heavy,No,31.0,2024-10-22,Radiation Therapy,7,31,Not Recorded,High
ONC-03622,63,Other,Ovarian,Stage Iii,1.1,Former,Regular,Yes,23.1,2024-05-24,Immunotherapy,4,23,Alive,Critical
ONC-00923,70,Other,Brain,Stage Ii,5.1,Former,Regular,Yes,20.7,Unknown,Chemotherapy,2,5,Alive,Medium
ONC-03532,50,Other,Skin (Melanoma),Stage Ii,1.2,Current,Occasional,No,28.6,2021-12-17,Palliative Care,7,3,Alive,Low
ONC-03092,29,Female,Blood (Leukemia),Stage Ii,3.5,Never,Regular,No,17.8,2022-11-20,Combination Therapy,6,15,Alive,High
ONC-00195,71,Other,Skin (Melanoma),Stage Iv,1.2,Former,Regular,No,23.4,2015-10-26,Palliative Care,4,37,Alive,High
ONC-05465,49,Female,Lung,Stage I,0.2,Current,Regular,Yes,29.0,2021-12-20,Radiation Therapy,6,1,Alive,Low
ONC-07499,64,Male,Ovarian,Stage Iv,3.0,Former,Regular,No,25.0,2015-10-12,Chemotherapy,5,7,Alive,Critical
ONC-01916,53,Other,Colorectal,Stage Iv,4.5,Former,Heavy,No,27.2,2019-11-25,Chemotherapy,4,1,Alive,High
ONC-05037,66,Other,Liver,Stage Iii,0.7,Former,Regular,No,35.0,2021-08-24,Surgery,10,2,Deceased,High
ONC-03577,62,Other,Prostate,Stage Iv,4.3,Never,Regular,Yes,24.7,2015-09-01,Immunotherapy,8,3,Alive,Critical
ONC-00902,58,Male,Brain,Stage Iv,4.3,Former,Regular,Yes,24.2,2020-09-14,Immunotherapy,7,28,Deceased,High
ONC-03548,54,Other,Ovarian,Stage Iv,3.0,Never,Heavy,Yes,32.2,Unknown,Palliative Care,8,64,Alive,High
ONC-03327,41,Other,Brain,Stage Iv,1.1,Never,Heavy,Yes,29.8,2022-02-07,Radiation Therapy,5,1,Alive,Critical
ONC-06930,74,Other,Lung,Stage Ii,1.8,Former,Regular,Yes,29.3,2024-04-05,Combination Therapy,5,12,Alive,Critical
ONC-02649,60,Male,Colorectal,Stage Ii,6.3,Never,Heavy,No,23.1,Unknown,Surgery,5,19,Alive,High
ONC-04698,44,Other,Lung,Stage Ii,0.3,Former,Regular,Yes,25.6,2022-03-27,Radiation Therapy,2,5,Alive,Medium
ONC-01965,71,Male,Blood (Leukemia),Stage I,8.5,Never,Occasional,No,26.5,2022-12-14,Surgery,3,1,Not Recorded,Low
ONC-06109,58,Male,Lung,Stage Iv,5.5,Never,Regular,No,23.9,2016-03-22,Palliative Care,7,0,Alive,Medium
ONC-05483,53,Other,Ovarian,Stage Iv,3.1,Current,Heavy,Yes,26.0,2018-06-08,Surgery,7,12,Alive,High
ONC-00278,84,Female,Liver,Stage I,3.6,Current,Regular,Yes,32.9,2023-08-16,Chemotherapy,5,4,Alive,Medium
ONC-06027,68,Male,Colorectal,Stage Iii,2.4,Former,Heavy,No,26.2,2017-08-25,Surgery,5,0,Deceased,Critical
ONC-07196,79,Female,Breast,Stage Iv,0.7,Current,Heavy,Yes,26.6,2023-11-01,Palliative Care,6,3,Alive,Critical
ONC-05626,62,Male,Breast,Stage Iii,1.2,Never,Heavy,No,20.2,2019-05-23,Immunotherapy,6,1,Deceased,High
ONC-03276,47,Male,Ovarian,Stage Iv,3.6,Never,Occasional,Yes,24.9,2015-09-09,Radiation Therapy,7,14,Alive,High
ONC-02404,63,Other,Brain,Stage Iii,5.8,Never,Occasional,Yes,31.0,2020-03-07,Palliative Care,3,26,Alive,Medium
ONC-01315,58,Other,Brain,Stage Iv,2.2,Former,Heavy,No,32.1,2024-05-09,Chemotherapy,3,36,Alive,Critical
ONC-04550,53,Other,Skin (Melanoma),Stage Ii,2.4,Never,Heavy,No,17.7,Unknown,Radiation Therapy,6,36,Alive,Low
ONC-03755,71,Male,Brain,Stage Ii,3.4,Former,Occasional,Yes,27.9,2023-07-11,Palliative Care,9,9,Not Recorded,High
ONC-01889,85,Other,Pancreatic,Stage I,1.9,Never,Heavy,Yes,27.7,2022-02-06,Chemotherapy,5,19,Deceased,Medium
ONC-06257,72,Male,Skin (Melanoma),Stage Ii,9.4,Current,Regular,No,32.5,2017-01-20,Palliative Care,8,18,Alive,High
ONC-00946,65,Other,Colorectal,Stage Ii,0.9,Never,Occasional,No,23.1,2020-11-05,Radiation Therapy,5,13,Alive,Medium
ONC-00700,46,Other,Pancreatic,Stage Iii,0.4,Current,Regular,No,27.8,2017-02-13,Surgery,5,9,Alive,High
ONC-01299,39,Other,Lung,Stage I,3.0,Never,Regular,Yes,22.7,2024-08-14,Combination Therapy,6,28,Alive,Low
ONC-00153,58,Female,Pancreatic,Stage Ii,1.9,Former,Heavy,No,20.1,2022-08-12,Combination Therapy,4,31,Alive,Medium
ONC-03118,89,Other,Blood (Leukemia),Stage I,4.8,Never,Heavy,No,38.1,2015-02-14,Palliative Care,11,7,Alive,Low
ONC-07002,56,Female,Ovarian,Stage Iv,0.2,Never,Occasional,No,26.7,2019-05-18,Palliative Care,10,38,Alive,High
ONC-06810,75,Female,Prostate,Stage Iii,2.8,Current,Regular,No,24.4,2023-03-25,Palliative Care,4,3,Alive,Medium
ONC-04056,45,Female,Skin (Melanoma),Stage Iii,4.1,Current,Occasional,No,33.2,2018-09-04,Palliative Care,5,12,Not Recorded,Critical
ONC-05587,65,Female,Breast,Stage Iii,1.3,Former,Occasional,No,31.7,2018-03-29,Palliative Care,13,18,Alive,High
ONC-06267,58,Female,Pancreatic,Stage Iii,2.4,Never,Heavy,No,32.8,2019-07-30,Palliative Care,7,27,Alive,Medium
ONC-04361,79,Male,Blood (Leukemia),Stage Ii,5.7,Never,Regular,No,31.9,2016-12-09,Chemotherapy,7,9,Deceased,Medium
ONC-01155,48,Other,Ovarian,Stage Iv,2.9,Never,Occasional,No,25.0,2022-08-23,Surgery,5,12,Alive,Critical
ONC-01402,72,Other,Brain,Stage Iii,8.2,Current,Occasional,No,30.3,2023-09-02,Chemotherapy,0,0,Alive,Critical
ONC-04521,65,Female,Liver,Stage Iii,12.7,Current,Regular,No,27.3,2020-05-02,Palliative Care,7,5,Deceased,Medium
ONC-06837,51,Male,Colorectal,Stage Ii,1.9,Former,Occasional,No,38.0,2015-05-26,Chemotherapy,6,1,Deceased,Medium
ONC-06981,65,Other,Brain,Stage Iii,7.1,Never,Heavy,No,30.7,2018-06-24,Palliative Care,6,3,Not Recorded,Medium
ONC-02437,61,Other,Prostate,Stage I,0.3,Current,Heavy,No,25.9,2016-11-28,Palliative Care,7,13,Alive,Medium
ONC-02647,47,Male,Pancreatic,Stage Iv,9.9,Current,Regular,Yes,34.1,2022-10-13,Immunotherapy,9,26,Not Recorded,Critical
ONC-03758,42,Other,Liver,Stage Iii,2.8,Former,Regular,Yes,22.3,2021-06-07,Surgery,6,7,Not Recorded,High
ONC-03725,58,Other,Pancreatic,Stage Iii,1.5,Never,Regular,No,21.5,2020-11-26,Immunotherapy,7,9,Alive,Medium
ONC-00928,70,Other,Ovarian,Stage I,10.7,Never,Regular,No,30.0,2020-01-22,Chemotherapy,5,1,Alive,Critical
ONC-02846,59,Female,Breast,Stage I,0.5,Former,Heavy,Yes,27.0,2020-09-16,Immunotherapy,7,12,Alive,Low
ONC-01377,84,Male,Brain,Stage Iv,1.8,Current,Heavy,Yes,25.2,2023-01-28,Immunotherapy,9,12,Deceased,High
ONC-01103,24,Other,Brain,Stage I,0.4,Never,Regular,No,30.2,2020-08-18,Surgery,10,29,Alive,Low
ONC-02265,40,Other,Brain,Stage Iv,1.4,Former,Regular,Yes,19.1,2017-09-23,Palliative Care,8,12,Alive,High
ONC-01048,39,Male,Breast,Stage I,2.8,Current,Regular,Yes,21.5,2017-11-14,Surgery,6,23,Alive,Medium
ONC-05929,91,Male,Prostate,Stage Ii,1.4,Former,Occasional,No,33.1,2020-07-12,Combination Therapy,6,47,Alive,Medium
ONC-01131,66,Female,Blood (Leukemia),Stage Ii,7.7,Never,Regular,No,29.0,2018-03-07,Combination Therapy,7,14,Alive,Medium
ONC-00131,41,Male,Prostate,Stage Iv,1.8,Never,Heavy,Yes,18.8,2023-05-08,Palliative Care,5,21,Not Recorded,Medium
ONC-06938,67,Female,Prostate,Stage Iv,3.4,Former,Regular,Yes,25.0,2017-06-19,Radiation Therapy,1,27,Deceased,High
ONC-01405,45,Female,Pancreatic,Stage I,7.3,Never,Heavy,Yes,26.0,2019-04-08,Surgery,8,11,Alive,Medium
ONC-04644,90,Male,Pancreatic,Stage Iii,7.2,Never,Occasional,Yes,20.3,2017-01-27,Surgery,0,6,Deceased,High
ONC-00754,69,Other,Brain,Stage Iv,1.2,Former,Regular,No,26.9,2019-03-28,Combination Therapy,10,3,Alive,High
ONC-01564,64,Female,Liver,Stage I,3.7,Former,Regular,No,28.6,2021-03-02,Surgery,9,11,Alive,Low
ONC-01935,63,Male,Colorectal,Stage I,0.8,Current,Heavy,No,25.9,2018-12-23,Immunotherapy,4,18,Alive,Low
ONC-03023,75,Female,Liver,Stage Iv,1.0,Current,Regular,No,23.2,2020-02-14,Immunotherapy,12,12,Deceased,High
ONC-07191,56,Other,Blood (Leukemia),Stage Iii,12.1,Current,Regular,No,21.2,2016-03-22,Combination Therapy,7,0,Deceased,High
ONC-03124,52,Other,Lung,Stage I,2.6,Never,Regular,Yes,27.2,2024-01-22,Palliative Care,5,57,Alive,Medium
ONC-05544,53,Female,Liver,Stage Ii,2.3,Former,Regular,Yes,21.6,2019-09-05,Chemotherapy,8,1,Alive,Low
ONC-00159,45,Other,Lung,Stage I,1.2,Never,Heavy,No,32.5,2016-10-26,Chemotherapy,4,7,Deceased,Medium
ONC-06750,63,Male,Prostate,Stage Ii,1.1,Current,Heavy,No,34.9,2023-02-28,Surgery,2,36,Alive,Not Recorded
ONC-00951,53,Other,Pancreatic,Stage I,1.5,Never,Regular,Yes,27.1,2021-03-14,Palliative Care,4,32,Alive,Medium
ONC-03575,54,Male,Prostate,Stage Iv,0.2,Former,Heavy,No,19.5,2020-11-08,Combination Therapy,4,11,Alive,Critical
ONC-00051,50,Female,Brain,Stage Ii,0.7,Former,Heavy,Yes,22.0,2016-08-27,Palliative Care,6,1,Alive,Medium
ONC-03696,99,Other,Lung,Stage Iii,1.4,Never,Occasional,Yes,28.5,2020-10-03,Surgery,8,67,Alive,Critical
ONC-04685,46,Female,Blood (Leukemia),Stage Iv,1.6,Never,Occasional,No,22.9,2022-05-06,Combination Therapy,2,8,Alive,Low
ONC-02318,48,Female,Colorectal,Stage Iii,1.0,Former,Occasional,Yes,26.0,2021-11-12,Surgery,5,23,Alive,High
ONC-01714,60,Male,Prostate,Stage Ii,1.1,Never,Regular,Yes,18.8,2020-04-10,Chemotherapy,4,12,Deceased,Low
ONC-03971,61,Female,Ovarian,Stage Iii,2.2,Former,Regular,No,24.4,2018-11-06,Combination Therapy,3,32,Alive,High
ONC-02822,65,Female,Liver,Stage Ii,3.9,Never,Regular,No,28.2,2016-09-15,Chemotherapy,7,3,Deceased,Low
ONC-04977,57,Female,Breast,Stage Iv,2.2,Former,Regular,No,29.1,2020-05-21,Combination Therapy,5,2,Alive,Medium
ONC-00588,58,Other,Prostate,Stage Iv,0.3,Never,Heavy,Yes,15.6,2017-10-21,Radiation Therapy,9,28,Alive,Critical
ONC-06140,63,Other,Brain,Stage Iv,0.8,Former,Occasional,Yes,24.4,2023-05-05,Radiation Therapy,9,7,Alive,High
ONC-01028,47,Female,Colorectal,Stage I,4.2,Former,Regular,No,25.2,2020-05-20,Radiation Therapy,6,5,Alive,Medium
ONC-00807,89,Other,Breast,Stage I,7.9,Never,Heavy,No,23.9,2016-01-23,Immunotherapy,10,12,Alive,High
ONC-01553,66,Female,Colorectal,Stage Iii,0.6,Former,Regular,No,24.2,2017-12-05,Chemotherapy,6,1,Alive,Medium
ONC-06799,77,Other,Prostate,Stage Ii,9.1,Former,Regular,No,21.5,2024-08-12,Chemotherapy,7,4,Deceased,Low
ONC-03460,59,Male,Colorectal,Stage Ii,14.8,Former,Regular,No,25.7,2019-10-27,Palliative Care,9,3,Deceased,Low
ONC-06555,39,Other,Skin (Melanoma),Stage Iii,1.9,Current,Occasional,No,20.1,2022-03-17,Combination Therapy,5,84,Alive,High
ONC-04725,73,Other,Ovarian,Stage Ii,3.1,Never,Regular,No,26.0,2019-08-01,Immunotherapy,7,22,Alive,Medium
ONC-05884,58,Other,Blood (Leukemia),Stage Ii,2.2,Former,Regular,No,21.9,2015-07-30,Radiation Therapy,8,1,Deceased,Low
ONC-03878,39,Male,Skin (Melanoma),Stage Iv,0.2,Never,Regular,No,31.9,2020-03-24,Surgery,9,3,Alive,High
ONC-01730,55,Other,Ovarian,Stage Ii,1.4,Never,Occasional,Yes,21.8,2018-09-02,Palliative Care,6,22,Deceased,Medium
ONC-01403,50,Other,Prostate,Stage I,12.8,Never,Occasional,No,25.9,2015-10-11,Radiation Therapy,4,4,Not Recorded,Low
ONC-02277,36,Male,Breast,Stage Ii,2.0,Never,Regular,Yes,20.0,2020-06-16,Palliative Care,8,12,Alive,Medium
ONC-03854,46,Female,Prostate,Stage Iii,1.3,Never,Regular,No,25.5,2015-07-06,Chemotherapy,6,31,Alive,Low
ONC-06003,27,Male,Lung,Stage Ii,2.4,Current,Occasional,Yes,26.2,2022-01-18,Combination Therapy,6,6,Alive,Low
ONC-06813,65,Female,Prostate,Stage Iii,4.1,Former,Occasional,Yes,18.4,2016-09-16,Palliative Care,6,11,Alive,Medium
ONC-06308,45,Male,Skin (Melanoma),Stage Iv,8.3,Never,Heavy,No,27.5,2023-01-09,Radiation Therapy,7,21,Deceased,Not Recorded
ONC-06783,69,Male,Skin (Melanoma),Stage Ii,1.4,Former,Heavy,No,17.8,2016-05-03,Combination Therapy,10,2,Alive,Not Recorded
ONC-01822,86,Female,Prostate,Stage Iv,0.1,Current,Occasional,Yes,25.7,2015-11-04,Palliative Care,2,25,Deceased,Critical
ONC-07180,67,Other,Blood (Leukemia),Stage Iii,0.1,Former,Regular,No,38.2,2019-05-17,Palliative Care,7,0,Deceased,High
ONC-00661,46,Female,Lung,Stage Iii,11.4,Never,Heavy,No,34.9,2022-04-07,Chemotherapy,6,16,Alive,High
ONC-03109,58,Male,Ovarian,Stage Ii,3.4,Never,Regular,No,24.2,2024-11-07,Immunotherapy,2,71,Deceased,High
ONC-01139,52,Male,Blood (Leukemia),Stage Iv,0.2,Never,Regular,Yes,30.7,2022-09-20,Surgery,3,65,Alive,High
ONC-02189,50,Male,Prostate,Stage I,2.5,Never,Regular,No,24.6,2020-09-25,Palliative Care,6,1,Deceased,High
ONC-03833,44,Female,Ovarian,Stage Ii,0.5,Former,Occasional,No,24.8,2022-11-04,Chemotherapy,7,3,Alive,Medium
ONC-05896,53,Other,Brain,Stage Iv,4.7,Former,Regular,Yes,29.2,2019-11-10,Radiation Therapy,9,12,Alive,Low
ONC-03463,68,Male,Colorectal,Stage Iv,1.7,Current,Heavy,Yes,23.4,2016-01-16,Palliative Care,8,10,Deceased,Low
ONC-00398,46,Female,Liver,Stage Iv,1.9,Former,Regular,Yes,28.1,2020-12-26,Chemotherapy,6,14,Deceased,High
ONC-07215,41,Other,Breast,Stage Iv,0.1,Never,Heavy,Yes,15.1,2024-04-25,Immunotherapy,8,16,Alive,Medium
ONC-03195,34,Female,Lung,Stage Ii,5.6,Former,Regular,No,26.0,2017-02-20,Palliative Care,1,48,Deceased,Low
ONC-02778,38,Male,Colorectal,Stage Iv,0.2,Former,Occasional,No,21.2,2018-07-18,Radiation Therapy,7,18,Alive,Low
ONC-02854,61,Male,Ovarian,Stage Ii,1.9,Current,Regular,No,22.8,2018-12-08,Surgery,6,2,Alive,Medium
ONC-02962,38,Other,Skin (Melanoma),Stage Ii,1.8,Never,Regular,Yes,26.0,Unknown,Immunotherapy,4,8,Alive,Low
ONC-07317,85,Female,Blood (Leukemia),Stage Iv,1.8,Current,Regular,No,26.8,2018-07-20,Combination Therapy,9,25,Alive,Critical
ONC-00714,45,Other,Liver,Stage Iv,0.8,Current,Regular,Yes,23.9,2017-05-01,Radiation Therapy,10,2,Alive,Medium
ONC-03192,58,Male,Prostate,Stage I,1.3,Current,Occasional,No,23.6,2016-12-15,Combination Therapy,9,0,Alive,Low
ONC-03988,55,Female,Blood (Leukemia),Stage I,0.4,Never,Occasional,No,22.1,2017-01-24,Combination Therapy,4,43,Alive,Low
ONC-00331,47,Male,Skin (Melanoma),Stage I,4.0,Former,Heavy,Yes,29.8,2016-08-06,Palliative Care,6,15,Alive,Low
ONC-01199,62,Female,Ovarian,Stage Iii,1.2,Former,Regular,No,26.2,2015-10-06,Chemotherapy,4,28,Deceased,Low
ONC-01089,58,Female,Blood (Leukemia),Stage Iii,1.0,Current,Heavy,No,30.9,2024-11-02,Palliative Care,7,55,Alive,Low
ONC-01990,53,Other,Breast,Stage I,0.8,Former,Regular,No,33.1,2019-04-04,Surgery,4,18,Alive,Low
ONC-04810,63,Other,Skin (Melanoma),Stage I,2.0,Current,Regular,No,28.4,2016-02-07,Combination Therapy,3,17,Deceased,Medium
ONC-03818,45,Female,Ovarian,Stage Iii,3.2,Never,Occasional,Yes,29.8,2018-03-11,Chemotherapy,3,9,Alive,High
ONC-06804,58,Male,Breast,Stage Iii,1.9,Never,Regular,No,31.7,2020-02-22,Combination Therapy,8,2,Deceased,Medium
ONC-06772,96,Other,Lung,Stage Iii,0.4,Current,Occasional,Yes,22.9,2017-12-01,Radiation Therapy,7,6,Alive,Medium
ONC-07246,46,Male,Brain,Stage I,13.2,Current,Heavy,No,26.0,2018-08-29,Combination Therapy,8,14,Alive,Low
ONC-05003,72,Other,Liver,Stage Ii,0.9,Current,Heavy,Yes,27.0,2020-07-26,Palliative Care,6,9,Deceased,High
ONC-01075,79,Male,Prostate,Stage Ii,3.2,Never,Heavy,No,22.7,2024-03-22,Palliative Care,8,20,Deceased,Medium
ONC-01830,56,Female,Pancreatic,Stage I,3.8,Current,Occasional,No,31.4,2020-11-11,Palliative Care,4,20,Deceased,Medium
ONC-02563,58,Other,Prostate,Stage Iv,1.6,Never,Occasional,No,17.5,2018-03-30,Radiation Therapy,6,13,Alive,High
ONC-02044,59,Other,Pancreatic,Stage Iv,6.8,Never,Heavy,No,27.6,Unknown,Palliative Care,2,13,Alive,High
ONC-04688,58,Male,Ovarian,Stage I,1.1,Former,Regular,Yes,21.5,2019-04-17,Chemotherapy,9,0,Alive,Low
ONC-03499,77,Male,Colorectal,Stage Iii,2.4,Current,Occasional,Yes,25.1,2020-06-02,Chemotherapy,13,23,Alive,High
ONC-04588,67,Other,Ovarian,Stage Ii,1.8,Former,Regular,No,23.4,2019-01-19,Immunotherapy,6,9,Alive,Low
ONC-07450,89,Female,Prostate,Stage Iv,5.8,Never,Regular,No,26.0,2024-03-04,Radiation Therapy,7,8,Alive,Critical
ONC-02581,63,Female,Colorectal,Stage Ii,1.1,Former,Occasional,Yes,15.4,2016-06-23,Palliative Care,6,21,Alive,High
ONC-03484,45,Male,Liver,Stage Iv,4.0,Never,Regular,Yes,26.8,2021-09-27,Immunotherapy,5,20,Alive,Medium
ONC-02345,59,Other,Brain,Stage Iv,2.0,Never,Occasional,No,33.7,2024-09-09,Radiation Therapy,8,13,Deceased,Critical
ONC-06294,49,Other,Pancreatic,Stage I,2.1,Never,Heavy,Yes,28.6,2016-08-23,Surgery,4,12,Alive,Low
ONC-05747,43,Other,Colorectal,Stage Iv,5.2,Never,Regular,No,30.9,2020-01-07,Chemotherapy,9,1,Alive,Critical
ONC-02343,24,Female,Liver,Stage Iv,2.8,Current,Regular,No,23.0,2020-03-28,Surgery,6,2,Alive,Critical
ONC-01936,53,Female,Ovarian,Stage Ii,5.2,Current,Occasional,No,19.9,Unknown,Immunotherapy,9,70,Alive,Low
ONC-07144,73,Female,Lung,Stage Ii,1.4,Never,Occasional,No,23.4,2023-05-10,Palliative Care,8,42,Alive,Low
ONC-04022,65,Other,Prostate,Stage Ii,6.8,Never,Regular,Yes,31.8,2020-10-22,Immunotherapy,3,13,Alive,Medium
ONC-02463,89,Male,Ovarian,Stage Iv,3.3,Former,Heavy,No,23.5,Unknown,Radiation Therapy,4,1,Deceased,Medium
ONC-05056,55,Other,Lung,Stage Iv,3.1,Current,Occasional,Yes,27.4,2017-07-04,Surgery,6,6,Alive,Critical
ONC-01837,47,Other,Lung,Stage I,1.3,Former,Heavy,No,34.3,Unknown,Combination Therapy,4,3,Alive,Medium
ONC-03168,40,Other,Brain,Stage Ii,10.6,Never,Regular,Yes,17.4,Unknown,Chemotherapy,6,5,Deceased,Low
ONC-03978,91,Male,Skin (Melanoma),Stage Iv,0.3,Never,Occasional,No,28.1,2023-12-28,Palliative Care,9,19,Deceased,High
ONC-05440,58,Female,Skin (Melanoma),Stage Ii,4.6,Former,Occasional,No,23.1,2018-10-19,Surgery,6,9,Alive,Low
ONC-02377,72,Other,Prostate,Stage Ii,2.3,Former,Regular,No,30.9,2019-01-23,Radiation Therapy,3,13,Alive,Medium
ONC-02960,71,Other,Liver,Stage Ii,1.0,Former,Occasional,Yes,30.7,2021-01-09,Immunotherapy,9,12,Alive,High
ONC-04006,67,Female,Prostate,Stage Iii,6.0,Current,Heavy,No,25.9,2024-12-02,Radiation Therapy,6,14,Alive,High
ONC-06070,76,Male,Ovarian,Stage Ii,3.0,Never,Regular,No,31.3,2018-07-06,Combination Therapy,5,0,Alive,Medium
ONC-05229,53,Other,Prostate,Stage Iii,3.5,Never,Heavy,Yes,24.5,2017-03-21,Combination Therapy,5,15,Alive,Low
ONC-06351,45,Male,Blood (Leukemia),Stage I,0.4,Never,Occasional,Yes,22.5,2022-06-04,Chemotherapy,7,49,Deceased,Low
ONC-03082,62,Other,Prostate,Stage Iii,5.4,Current,Regular,No,27.7,2023-05-18,Combination Therapy,5,26,Alive,High
ONC-05244,36,Male,Colorectal,Stage I,0.8,Current,Regular,Yes,33.4,2022-12-20,Combination Therapy,6,25,Alive,Low
ONC-00030,64,Male,Ovarian,Stage Iii,2.2,Current,Regular,Yes,29.9,2017-12-23,Immunotherapy,6,1,Alive,Critical
ONC-06056,50,Female,Skin (Melanoma),Stage I,1.5,Never,Heavy,No,23.6,2024-02-19,Immunotherapy,4,19,Alive,Low
ONC-00322,52,Male,Skin (Melanoma),Stage I,3.6,Never,Heavy,No,39.4,2020-11-15,Surgery,5,4,Alive,Medium
ONC-05754,44,Other,Brain,Stage Iv,4.1,Former,Regular,No,19.1,2020-08-15,Combination Therapy,6,25,Deceased,Low
ONC-05687,73,Male,Liver,Stage I,1.4,Current,Regular,No,28.8,2022-09-01,Radiation Therapy,6,21,Deceased,Low
ONC-07213,70,Other,Colorectal,Stage I,5.5,Current,Regular,Yes,22.0,2019-06-10,Surgery,5,5,Deceased,High
ONC-05417,56,Female,Liver,Stage Ii,3.5,Former,Regular,Yes,25.3,2017-01-30,Immunotherapy,6,5,Alive,Medium
ONC-03539,59,Other,Brain,Stage Iv,0.5,Current,Regular,No,31.2,2024-12-26,Palliative Care,5,18,Alive,High
ONC-05118,73,Male,Ovarian,Stage Iii,3.6,Former,Regular,No,25.6,2019-03-04,Surgery,5,4,Alive,Medium
ONC-03839,64,Male,Breast,Stage Iv,0.7,Current,Regular,No,21.2,2022-05-21,Combination Therapy,7,4,Alive,High
ONC-05902,73,Other,Pancreatic,Stage Iv,7.0,Former,Heavy,Yes,25.5,2019-05-02,Combination Therapy,2,58,Alive,High
ONC-07288,68,Other,Prostate,Stage Ii,0.6,Never,Occasional,No,31.5,2016-07-02,Surgery,5,74,Deceased,Medium
ONC-02053,53,Other,Lung,Stage Ii,7.3,Former,Regular,Yes,26.0,2019-06-07,Surgery,5,7,Alive,Medium
ONC-04525,48,Male,Liver,Stage Iii,5.4,Current,Regular,No,26.8,2018-04-05,Chemotherapy,7,1,Deceased,Low
ONC-01612,91,Female,Lung,Stage Ii,2.6,Current,Regular,Yes,26.0,2024-04-14,Radiation Therapy,3,39,Alive,Low
ONC-06132,58,Male,Skin (Melanoma),Stage Iv,3.3,Former,Occasional,No,26.3,2016-06-17,Combination Therapy,9,3,Alive,Critical
ONC-05297,54,Male,Blood (Leukemia),Stage Iv,8.1,Former,Heavy,No,12.0,2019-11-25,Combination Therapy,6,2,Alive,Critical
ONC-01972,47,Female,Colorectal,Stage Iii,0.1,Former,Regular,Yes,30.6,2022-07-31,Immunotherapy,9,29,Alive,Critical
ONC-06580,35,Male,Brain,Stage Ii,0.9,Former,Heavy,Yes,23.1,Unknown,Immunotherapy,4,3,Deceased,Critical
ONC-00483,58,Other,Liver,Stage Iii,5.3,Former,Regular,No,17.3,2022-08-19,Immunotherapy,6,35,Deceased,Medium
ONC-03394,47,Other,Prostate,Stage Ii,3.8,Former,Occasional,No,26.9,2022-10-10,Combination Therapy,7,12,Alive,Low
ONC-05242,67,Male,Skin (Melanoma),Stage Ii,3.1,Current,Heavy,No,32.7,2019-03-28,Palliative Care,3,0,Alive,Medium
ONC-06878,49,Male,Prostate,Stage Iv,1.3,Current,Occasional,Yes,17.4,2015-10-03,Immunotherapy,6,13,Alive,Critical
ONC-02314,85,Other,Prostate,Stage Ii,2.6,Former,Regular,No,18.8,2018-01-12,Immunotherapy,3,22,Deceased,High
ONC-02466,50,Other,Liver,Stage Iv,0.3,Former,Regular,Yes,23.7,2023-08-25,Combination Therapy,6,28,Alive,Critical
ONC-01964,72,Female,Prostate,Stage Iii,2.4,Former,Heavy,No,30.5,2018-06-26,Immunotherapy,5,26,Alive,Medium
ONC-04159,44,Male,Breast,Stage Iii,5.9,Former,Regular,No,24.5,2023-11-03,Chemotherapy,5,4,Alive,High
ONC-01033,58,Female,Breast,Stage Iv,0.9,Never,Regular,No,23.9,2018-02-23,Radiation Therapy,6,77,Deceased,Critical
ONC-07049,71,Male,Skin (Melanoma),Stage Iii,6.7,Former,Occasional,No,22.6,2019-10-06,Palliative Care,7,11,Alive,Critical
ONC-00864,34,Male,Liver,Stage Iv,1.8,Current,Regular,Yes,32.6,2016-10-23,Palliative Care,6,21,Alive,Critical
ONC-03785,80,Male,Prostate,Stage Iii,5.8,Former,Heavy,No,23.5,2023-06-07,Surgery,8,7,Alive,Medium
ONC-05875,67,Other,Prostate,Stage Iv,1.1,Never,Heavy,Yes,25.5,2023-10-15,Immunotherapy,7,72,Alive,Critical
ONC-04288,79,Male,Lung,Stage Iii,0.7,Never,Regular,No,29.5,2015-05-29,Immunotherapy,6,5,Alive,High
ONC-05767,62,Female,Blood (Leukemia),Stage I,4.2,Never,Heavy,No,16.0,2022-10-12,Combination Therapy,8,1,Alive,Medium
ONC-03475,45,Other,Skin (Melanoma),Stage Iv,0.2,Former,Heavy,No,22.1,2020-10-19,Immunotherapy,6,1,Deceased,High
ONC-00480,58,Female,Liver,Stage Ii,0.8,Former,Regular,Yes,29.0,2019-10-09,Chemotherapy,4,33,Alive,High
ONC-02100,35,Other,Blood (Leukemia),Stage Ii,0.4,Never,Regular,No,26.8,2018-08-26,Palliative Care,7,13,Alive,High
ONC-05844,65,Female,Ovarian,Stage Ii,3.8,Never,Regular,No,20.2,2018-03-27,Combination Therapy,5,4,Alive,High
ONC-05868,46,Female,Pancreatic,Stage Ii,2.1,Current,Regular,No,27.4,2023-05-27,Chemotherapy,8,12,Not Recorded,High
ONC-05579,74,Female,Colorectal,Stage Iv,3.5,Never,Regular,Yes,23.8,2021-09-06,Palliative Care,5,17,Alive,Critical
ONC-01453,76,Other,Colorectal,Stage I,1.8,Current,Heavy,No,29.2,2016-08-20,Palliative Care,8,12,Alive,Low
ONC-06900,75,Male,Liver,Stage Iv,2.0,Never,Regular,No,25.1,2017-04-11,Immunotherapy,8,69,Alive,High
ONC-01923,57,Other,Liver,Stage Iv,1.5,Former,Regular,No,29.8,2019-04-14,Surgery,7,24,Alive,Critical
ONC-07099,71,Other,Blood (Leukemia),Stage Ii,9.7,Former,Regular,No,31.3,2018-03-28,Chemotherapy,4,23,Alive,Low
ONC-01275,66,Female,Lung,Stage Ii,1.0,Never,Occasional,Yes,28.2,2023-08-10,Immunotherapy,5,9,Alive,Medium
ONC-01328,78,Other,Pancreatic,Stage Iv,0.6,Never,Heavy,Yes,28.0,2016-10-20,Radiation Therapy,7,2,Alive,Low
ONC-00044,56,Other,Blood (Leukemia),Stage Iv,5.8,Never,Heavy,Yes,24.6,Unknown,Surgery,8,78,Deceased,Critical
ONC-06552,55,Other,Skin (Melanoma),Stage I,2.1,Current,Heavy,No,27.3,2022-03-27,Immunotherapy,10,12,Deceased,High
ONC-05912,58,Other,Prostate,Stage I,3.1,Never,Occasional,No,23.4,2022-02-28,Combination Therapy,7,5,Deceased,Medium
ONC-05295,59,Male,Pancreatic,Stage Iv,2.6,Current,Heavy,Yes,22.0,2019-01-16,Palliative Care,8,45,Alive,Medium
ONC-07096,58,Female,Skin (Melanoma),Stage Iii,1.9,Former,Regular,Yes,26.6,2020-11-18,Palliative Care,10,3,Not Recorded,High
ONC-07268,78,Male,Colorectal,Stage Ii,2.8,Never,Heavy,No,27.1,2024-05-31,Surgery,6,0,Alive,Medium
ONC-02396,48,Female,Prostate,Stage Iii,6.0,Current,Heavy,Yes,21.9,2015-05-13,Radiation Therapy,6,3,Alive,Medium
ONC-04839,43,Female,Colorectal,Stage Iv,2.6,Former,Regular,No,26.8,2016-04-11,Chemotherapy,10,12,Alive,Critical
ONC-06985,72,Female,Ovarian,Stage I,3.2,Current,Regular,Yes,21.8,2021-01-31,Combination Therapy,8,20,Alive,Low
ONC-00139,67,Male,Pancreatic,Stage Iv,0.9,Current,Regular,No,28.1,2019-10-27,Surgery,4,1,Alive,High
ONC-06236,43,Other,Skin (Melanoma),Stage Iv,4.4,Never,Heavy,No,17.0,2016-10-21,Surgery,6,47,Alive,Medium
ONC-02231,52,Female,Prostate,Stage I,1.1,Current,Heavy,No,30.0,2016-07-14,Radiation Therapy,6,34,Not Recorded,Low
ONC-01138,51,Male,Lung,Stage Iii,8.4,Never,Occasional,Yes,25.8,Unknown,Surgery,4,13,Alive,Critical
ONC-05482,41,Other,Skin (Melanoma),Stage I,2.9,Current,Occasional,No,30.0,2018-04-10,Immunotherapy,4,22,Alive,High
ONC-03944,78,Male,Colorectal,Stage Ii,7.3,Former,Heavy,Yes,27.9,2016-07-31,Radiation Therapy,8,10,Not Recorded,Medium
ONC-05112,44,Male,Prostate,Stage I,0.5,Never,Regular,No,32.6,2023-10-04,Combination Therapy,8,4,Alive,Medium
ONC-05238,55,Male,Breast,Stage Iv,0.8,Current,Occasional,No,18.3,2024-07-19,Immunotherapy,5,5,Alive,Medium
ONC-05874,45,Female,Skin (Melanoma),Stage I,0.5,Never,Regular,Yes,28.0,2022-06-17,Surgery,3,7,Not Recorded,Low
ONC-03125,85,Other,Ovarian,Stage Ii,1.9,Former,Regular,No,33.1,2021-05-08,Combination Therapy,6,8,Alive,Not Recorded
ONC-04803,46,Male,Blood (Leukemia),Stage Iii,13.8,Never,Heavy,No,26.1,2024-08-14,Palliative Care,7,8,Deceased,Low
ONC-05963,77,Male,Breast,Stage Iv,0.1,Current,Occasional,Yes,28.2,2021-05-03,Surgery,6,2,Alive,Medium
ONC-05707,66,Male,Pancreatic,Stage Ii,1.8,Never,Occasional,Yes,25.7,2022-06-14,Surgery,6,2,Alive,Medium
ONC-00725,39,Female,Ovarian,Stage Iii,0.5,Former,Regular,No,30.0,2016-02-24,Chemotherapy,4,1,Alive,Medium
ONC-06771,62,Other,Lung,Stage Ii,2.2,Former,Regular,No,24.9,2021-01-09,Palliative Care,6,34,Alive,Low
ONC-03505,5,Female,Brain,Stage Iv,1.8,Never,Regular,No,21.9,Unknown,Palliative Care,4,13,Deceased,High
ONC-00182,78,Female,Prostate,Stage Iv,2.2,Former,Regular,Yes,26.3,2020-12-08,Radiation Therapy,4,0,Alive,Critical
ONC-04009,66,Male,Liver,Stage Iii,0.9,Former,Regular,No,31.7,Unknown,Chemotherapy,6,25,Alive,Critical
ONC-05173,57,Male,Brain,Stage Iii,2.5,Current,Regular,No,20.6,2017-09-19,Surgery,2,3,Alive,High
ONC-03136,46,Other,Lung,Stage I,1.7,Current,Heavy,No,26.0,2018-06-10,Immunotherapy,8,7,Alive,Low
ONC-07004,73,Female,Blood (Leukemia),Stage Ii,4.5,Never,Occasional,No,32.9,2015-12-30,Immunotherapy,1,12,Alive,High
ONC-06390,52,Female,Colorectal,Stage Iv,0.3,Never,Heavy,No,24.4,2021-04-17,Palliative Care,4,5,Deceased,High
ONC-05372,62,Male,Blood (Leukemia),Stage Iii,0.1,Never,Regular,No,23.3,2017-03-13,Surgery,6,6,Deceased,Critical
ONC-02695,58,Female,Prostate,Stage I,2.3,Current,Heavy,No,26.3,2021-03-18,Palliative Care,2,5,Alive,High
ONC-01337,33,Female,Ovarian,Stage Iv,4.9,Former,Regular,Yes,32.3,2021-10-31,Palliative Care,15,8,Alive,Medium
ONC-00996,61,Male,Prostate,Stage Ii,1.3,Never,Occasional,Yes,19.9,2021-03-22,Immunotherapy,9,3,Deceased,Critical
ONC-03822,97,Female,Brain,Stage I,1.7,Former,Regular,Yes,29.9,2019-09-02,Palliative Care,5,6,Deceased,Low
ONC-00250,61,Other,Breast,Stage Iii,5.2,Current,Heavy,No,20.0,2016-09-16,Chemotherapy,1,12,Alive,High
ONC-02008,58,Other,Prostate,Stage Iv,1.5,Never,Heavy,Yes,35.2,2024-02-05,Palliative Care,4,1,Deceased,High
ONC-07051,48,Female,Breast,Stage Iii,4.6,Former,Occasional,Yes,30.8,Unknown,Palliative Care,9,15,Deceased,Critical
ONC-06751,55,Male,Ovarian,Stage Iii,0.8,Current,Regular,Yes,29.7,2016-10-15,Chemotherapy,9,15,Alive,Not Recorded
ONC-01382,41,Male,Prostate,Stage Ii,1.7,Never,Regular,No,30.1,2018-08-03,Combination Therapy,7,12,Alive,High
ONC-01247,59,Male,Skin (Melanoma),Stage Iii,0.7,Never,Regular,No,17.2,2021-10-18,Surgery,6,29,Deceased,High
ONC-04039,69,Male,Brain,Stage I,0.3,Current,Regular,Yes,27.7,2020-03-11,Immunotherapy,5,81,Deceased,Low
ONC-00465,57,Male,Colorectal,Stage Ii,2.4,Former,Occasional,Yes,31.6,2021-05-08,Combination Therapy,5,14,Alive,High
ONC-01692,52,Male,Skin (Melanoma),Stage I,1.4,Never,Heavy,Yes,24.9,2019-06-15,Surgery,8,26,Alive,Low
ONC-05130,56,Other,Prostate,Stage Iii,0.5,Former,Heavy,No,28.0,Unknown,Radiation Therapy,6,6,Alive,Critical
ONC-04875,46,Male,Prostate,Stage I,5.5,Current,Regular,Yes,26.0,2017-05-24,Chemotherapy,2,36,Alive,Low
ONC-00914,75,Other,Liver,Stage Ii,1.6,Never,Regular,Yes,26.0,2021-06-23,Chemotherapy,8,16,Alive,Medium
ONC-00008,66,Male,Skin (Melanoma),Stage Iv,4.6,Current,Occasional,Yes,30.4,2020-03-08,Immunotherapy,4,26,Alive,Medium
ONC-00481,49,Other,Colorectal,Stage I,3.4,Former,Regular,Yes,20.4,2015-01-23,Palliative Care,3,12,Deceased,Low
ONC-06741,63,Female,Ovarian,Stage I,6.3,Never,Occasional,No,27.0,2022-10-22,Immunotherapy,6,42,Alive,Medium
ONC-03238,58,Male,Liver,Stage I,0.1,Current,Occasional,No,19.8,2015-01-27,Immunotherapy,9,16,Alive,High
ONC-01810,76,Other,Brain,Stage Iii,3.1,Current,Regular,No,22.4,2015-08-11,Immunotherapy,9,0,Alive,Low
ONC-01166,56,Other,Prostate,Stage Iv,7.6,Former,Occasional,No,18.9,2020-06-17,Radiation Therapy,5,15,Alive,Critical
ONC-00632,34,Female,Colorectal,Stage Iv,1.8,Current,Regular,No,26.0,Unknown,Immunotherapy,9,27,Alive,Critical
ONC-01722,67,Female,Lung,Stage Iii,0.1,Former,Regular,No,32.5,2022-06-09,Chemotherapy,9,16,Deceased,Medium
ONC-05879,80,Female,Brain,Stage Iv,0.7,Current,Regular,No,26.4,2023-11-25,Immunotherapy,3,25,Alive,Critical
ONC-03439,56,Other,Brain,Stage Iii,1.6,Former,Regular,Yes,31.3,2022-09-20,Palliative Care,7,7,Alive,Critical
ONC-01395,51,Other,Blood (Leukemia),Stage Iii,1.6,Former,Regular,Yes,30.3,2016-07-28,Palliative Care,4,0,Alive,Medium
ONC-01057,58,Male,Skin (Melanoma),Stage Iv,5.8,Never,Regular,Yes,34.3,2020-09-26,Immunotherapy,10,10,Alive,Low
ONC-06564,66,Female,Lung,Stage Iv,2.4,Current,Regular,No,35.5,2022-09-03,Combination Therapy,6,14,Alive,Medium
ONC-05492,55,Male,Ovarian,Stage Iv,9.2,Current,Occasional,No,26.2,2016-02-25,Palliative Care,9,7,Alive,Low
ONC-06945,66,Male,Ovarian,Stage Ii,0.4,Never,Regular,No,18.3,2019-01-06,Surgery,5,14,Deceased,High
ONC-07206,53,Other,Brain,Stage Iv,4.0,Former,Occasional,Yes,30.1,2017-11-25,Surgery,6,8,Deceased,Critical
ONC-04584,53,Male,Colorectal,Stage I,0.9,Never,Occasional,No,32.0,2024-09-09,Palliative Care,8,15,Alive,High
ONC-03688,67,Female,Brain,Stage I,1.0,Never,Occasional,No,24.3,2017-05-03,Chemotherapy,5,99,Not Recorded,Medium
ONC-01887,64,Male,Brain,Stage Iv,1.7,Former,Occasional,No,25.4,2018-02-09,Palliative Care,11,13,Deceased,High
ONC-05971,65,Other,Brain,Stage Iv,4.0,Current,Regular,No,29.2,2016-01-30,Palliative Care,7,4,Alive,Critical
ONC-03467,56,Other,Breast,Stage Iv,2.0,Former,Regular,Yes,27.0,2021-07-03,Immunotherapy,5,28,Deceased,Medium
ONC-04482,57,Male,Ovarian,Stage Ii,1.9,Current,Regular,Yes,28.1,2020-09-28,Surgery,6,2,Alive,Low
ONC-06937,49,Other,Brain,Stage Iv,2.4,Former,Regular,No,26.6,2020-03-01,Radiation Therapy,6,16,Alive,Critical
ONC-05350,72,Female,Prostate,Stage Iv,0.1,Current,Heavy,No,15.8,2021-12-26,Palliative Care,6,8,Alive,Medium
ONC-05765,61,Male,Brain,Stage Iv,6.6,Never,Occasional,No,24.4,2018-06-13,Immunotherapy,4,28,Deceased,High
ONC-01384,34,Other,Prostate,Stage Ii,2.0,Former,Heavy,No,36.9,2017-07-25,Palliative Care,5,2,Alive,Medium
ONC-00625,64,Female,Brain,Stage Iv,0.1,Current,Regular,Yes,24.6,2016-12-09,Palliative Care,4,4,Not Recorded,Critical
ONC-02634,49,Female,Colorectal,Stage Iv,14.0,Never,Regular,No,30.3,Unknown,Combination Therapy,7,10,Alive,Critical
ONC-04845,61,Other,Lung,Stage I,5.2,Never,Regular,No,30.1,2019-03-23,Combination Therapy,8,4,Alive,Low
ONC-02693,65,Female,Colorectal,Stage I,1.9,Never,Regular,Yes,24.7,2019-06-01,Combination Therapy,8,58,Alive,Low
ONC-00219,61,Male,Prostate,Stage Ii,7.1,Never,Heavy,No,34.8,2017-02-02,Palliative Care,7,2,Deceased,Medium
ONC-00240,40,Male,Brain,Stage Iii,2.4,Current,Occasional,No,31.6,2018-05-15,Radiation Therapy,3,26,Alive,Medium
ONC-01132,74,Other,Colorectal,Stage I,0.8,Current,Regular,No,26.1,2022-08-26,Immunotherapy,10,10,Alive,Low
ONC-04133,83,Female,Prostate,Stage I,0.7,Former,Occasional,No,21.2,2022-05-31,Chemotherapy,4,2,Alive,Not Recorded
ONC-03436,57,Male,Colorectal,Stage Iv,10.5,Former,Heavy,No,19.3,Unknown,Chemotherapy,8,7,Alive,High
ONC-01330,43,Female,Skin (Melanoma),Stage I,1.0,Current,Regular,No,21.9,2022-12-26,Radiation Therapy,6,8,Deceased,Medium
ONC-06122,77,Male,Brain,Stage I,0.1,Never,Occasional,Yes,24.7,2024-03-05,Palliative Care,9,16,Alive,Critical
ONC-03302,79,Male,Breast,Stage I,0.9,Never,Regular,No,28.1,2022-09-21,Combination Therapy,3,13,Deceased,High
ONC-04173,58,Male,Breast,Stage Iv,6.9,Current,Heavy,No,35.8,2016-09-13,Radiation Therapy,4,7,Deceased,Critical
ONC-01205,45,Male,Colorectal,Stage I,0.8,Never,Heavy,No,22.2,2021-03-13,Immunotherapy,4,15,Alive,High
ONC-07352,43,Female,Pancreatic,Stage Iv,7.9,Never,Regular,Yes,30.1,2024-02-23,Surgery,8,28,Alive,Medium
ONC-02834,60,Female,Lung,Stage Iv,6.6,Never,Regular,Yes,27.1,2021-08-10,Surgery,8,1,Alive,High
ONC-02605,56,Female,Brain,Stage Iii,2.3,Current,Regular,Yes,24.4,2022-05-18,Immunotherapy,3,3,Alive,High
ONC-00982,50,Other,Lung,Stage Iii,10.0,Current,Regular,Yes,30.5,2020-07-20,Radiation Therapy,8,3,Deceased,Critical
ONC-06958,75,Male,Liver,Stage Iv,4.4,Current,Regular,Yes,25.0,2022-10-15,Immunotherapy,11,16,Deceased,Critical
ONC-05151,56,Female,Blood (Leukemia),Stage I,1.5,Current,Regular,No,26.2,2024-09-14,Palliative Care,7,45,Deceased,Medium
ONC-01285,66,Other,Pancreatic,Stage Ii,1.8,Never,Occasional,No,22.6,2022-01-19,Surgery,3,37,Deceased,Low
ONC-04626,60,Other,Blood (Leukemia),Stage I,0.5,Never,Regular,No,23.3,2017-12-12,Surgery,6,18,Alive,Low
ONC-07060,34,Male,Pancreatic,Stage Ii,6.7,Former,Regular,No,26.1,2017-11-29,Immunotherapy,4,5,Alive,High
ONC-06364,56,Male,Prostate,Stage Iv,1.0,Never,Regular,No,19.6,Unknown,Chemotherapy,6,8,Deceased,Critical
ONC-02776,70,Male,Blood (Leukemia),Stage Ii,0.3,Never,Regular,Yes,24.9,2023-09-26,Radiation Therapy,13,15,Alive,High
ONC-01293,63,Female,Skin (Melanoma),Stage I,0.8,Current,Regular,Yes,26.0,2015-04-14,Radiation Therapy,7,1,Deceased,Low
ONC-05513,48,Other,Brain,Stage Iv,0.1,Current,Occasional,No,20.3,2017-07-04,Palliative Care,8,21,Deceased,Medium
ONC-07129,28,Female,Liver,Stage Iii,3.2,Former,Regular,No,23.9,Unknown,Palliative Care,9,27,Deceased,High
ONC-05442,51,Female,Lung,Stage Iv,3.3,Former,Occasional,Yes,33.1,2020-01-29,Palliative Care,6,54,Alive,Critical
ONC-04016,60,Male,Brain,Stage Iv,2.4,Never,Heavy,Yes,30.4,2017-01-02,Combination Therapy,6,0,Alive,Medium
ONC-01163,58,Other,Liver,Stage I,2.8,Current,Heavy,Yes,29.1,2017-12-22,Palliative Care,5,56,Alive,High
ONC-02208,58,Female,Breast,Stage Iv,4.7,Former,Heavy,Yes,23.1,2022-04-19,Surgery,4,17,Alive,Critical
ONC-04718,48,Female,Blood (Leukemia),Stage Iv,1.2,Current,Occasional,No,27.0,2015-09-03,Chemotherapy,4,20,Alive,Not Recorded
ONC-05405,59,Female,Pancreatic,Stage Iv,0.4,Former,Heavy,Yes,24.8,2016-10-16,Palliative Care,4,14,Alive,Medium
ONC-06372,7,Female,Blood (Leukemia),Stage Iv,3.9,Former,Regular,Yes,29.8,2022-03-16,Radiation Therapy,6,6,Deceased,High
ONC-03880,33,Other,Prostate,Stage Iii,6.0,Former,Heavy,No,24.7,2021-09-26,Palliative Care,6,1,Alive,Critical
ONC-02445,46,Male,Pancreatic,Stage Iv,3.4,Current,Regular,Yes,27.3,2024-09-22,Chemotherapy,5,12,Deceased,Critical
ONC-05931,54,Male,Pancreatic,Stage I,0.3,Current,Regular,Yes,24.6,2023-09-14,Surgery,4,50,Deceased,Medium
ONC-03313,37,Male,Blood (Leukemia),Stage Iii,2.4,Current,Occasional,Yes,32.5,2022-05-30,Combination Therapy,5,38,Deceased,Medium
ONC-03068,71,Female,Lung,Stage Ii,0.6,Never,Occasional,No,25.0,2019-06-17,Immunotherapy,11,9,Alive,Medium
ONC-03970,52,Male,Lung,Stage Ii,0.2,Never,Regular,Yes,34.3,2016-03-20,Surgery,5,2,Deceased,Critical
ONC-00878,39,Female,Colorectal,Stage I,1.0,Never,Heavy,No,30.8,2015-01-22,Immunotherapy,6,7,Alive,Low
ONC-04282,35,Male,Pancreatic,Stage Iv,0.2,Never,Heavy,No,22.5,2024-01-28,Immunotherapy,8,12,Alive,High
ONC-01586,82,Other,Prostate,Stage Iii,2.8,Never,Occasional,Yes,28.7,2024-03-31,Palliative Care,3,27,Alive,High
ONC-00724,75,Other,Skin (Melanoma),Stage Iii,1.2,Former,Regular,No,20.1,2024-03-26,Chemotherapy,4,15,Alive,High
ONC-05018,44,Other,Blood (Leukemia),Stage Iii,3.2,Current,Regular,No,30.6,2023-06-15,Radiation Therapy,11,13,Alive,High
ONC-07228,75,Female,Breast,Stage Ii,1.3,Never,Heavy,No,18.6,2019-12-13,Chemotherapy,6,19,Deceased,High
ONC-02774,59,Other,Prostate,Stage Iii,7.0,Current,Regular,No,23.6,2021-11-14,Chemotherapy,4,0,Alive,High
ONC-04085,79,Other,Pancreatic,Stage Ii,2.3,Never,Regular,Yes,21.6,2022-04-23,Combination Therapy,6,24,Alive,Low
ONC-07392,89,Other,Liver,Stage I,4.0,Never,Regular,No,26.0,2020-08-09,Surgery,7,34,Alive,Low
ONC-04950,42,Other,Prostate,Stage Iv,2.2,Never,Heavy,No,26.4,2018-07-30,Surgery,6,6,Alive,Critical
ONC-06561,63,Female,Brain,Stage Iv,5.5,Never,Regular,No,24.8,2017-05-30,Radiation Therapy,5,9,Alive,Critical
ONC-06378,85,Female,Prostate,Stage Iv,8.6,Never,Regular,No,27.6,2021-11-05,Immunotherapy,7,10,Deceased,High
ONC-07370,57,Other,Breast,Stage Iv,7.4,Former,Regular,Yes,28.4,2018-12-26,Radiation Therapy,4,23,Alive,Medium
ONC-02558,62,Female,Pancreatic,Stage I,1.1,Never,Regular,No,22.7,2019-11-16,Palliative Care,5,27,Deceased,Low
ONC-07121,76,Male,Prostate,Stage Ii,6.7,Former,Occasional,Yes,28.4,2024-12-23,Combination Therapy,3,13,Not Recorded,Medium
ONC-03126,37,Other,Colorectal,Stage Iii,0.1,Former,Regular,No,28.2,2020-07-12,Surgery,5,8,Deceased,Critical
ONC-06569,51,Female,Liver,Stage Iii,5.6,Current,Occasional,No,32.8,2019-02-11,Combination Therapy,11,14,Not Recorded,Medium
ONC-04385,79,Female,Lung,Stage Iv,2.6,Current,Heavy,Yes,23.3,2024-10-08,Radiation Therapy,8,49,Deceased,High
ONC-02719,50,Female,Liver,Stage Ii,1.8,Current,Regular,No,29.0,2018-10-12,Chemotherapy,6,8,Deceased,Medium
ONC-02555,80,Male,Lung,Stage Iv,2.5,Former,Heavy,Yes,28.3,2018-11-21,Combination Therapy,13,6,Alive,High
ONC-07053,32,Male,Prostate,Stage I,9.2,Current,Regular,No,23.9,2024-02-01,Chemotherapy,7,5,Alive,Medium
ONC-03301,61,Male,Colorectal,Stage Iv,0.1,Current,Regular,No,26.0,2018-09-21,Surgery,7,43,Alive,High
ONC-07155,50,Other,Prostate,Stage I,5.5,Never,Heavy,No,20.1,2019-08-15,Palliative Care,6,31,Deceased,Medium
ONC-07235,71,Female,Ovarian,Stage Iv,4.2,Former,Regular,No,25.5,2020-09-10,Palliative Care,5,21,Alive,Critical
ONC-07496,72,Other,Pancreatic,Stage I,0.4,Former,Heavy,No,29.7,2021-10-29,Immunotherapy,9,55,Deceased,Low
ONC-05911,41,Female,Colorectal,Stage Iii,4.6,Current,Regular,Yes,17.4,2017-01-23,Surgery,6,35,Alive,High
ONC-01027,43,Other,Liver,Stage Ii,1.5,Never,Occasional,Yes,25.9,2018-11-10,Combination Therapy,9,2,Alive,Low
ONC-06973,43,Male,Blood (Leukemia),Stage Iv,0.2,Current,Occasional,No,20.5,2024-09-13,Palliative Care,4,12,Not Recorded,Critical
ONC-01516,40,Male,Pancreatic,Stage Iv,5.9,Former,Heavy,No,30.5,2020-05-07,Chemotherapy,7,8,Deceased,Medium
ONC-01464,79,Female,Prostate,Stage Iv,5.0,Former,Regular,No,18.6,2017-08-10,Combination Therapy,2,23,Deceased,High
ONC-02912,67,Male,Breast,Stage I,4.0,Former,Regular,Yes,21.4,2020-04-25,Surgery,6,14,Alive,Low
ONC-02401,62,Male,Prostate,Stage Iv,6.1,Former,Regular,No,22.9,2021-06-23,Chemotherapy,6,34,Deceased,Critical
ONC-00236,51,Female,Colorectal,Stage I,6.0,Former,Heavy,No,33.3,Unknown,Chemotherapy,7,34,Alive,Medium
ONC-03189,62,Other,Pancreatic,Stage Ii,2.0,Former,Regular,No,26.9,2022-05-21,Surgery,2,5,Deceased,High
ONC-05349,55,Other,Breast,Stage Iii,3.6,Never,Occasional,No,24.1,2020-04-26,Surgery,4,36,Deceased,Medium
ONC-02700,39,Male,Prostate,Stage I,2.6,Never,Heavy,No,24.3,2023-01-22,Radiation Therapy,3,12,Alive,Critical
ONC-03191,58,Female,Liver,Stage Iv,3.9,Current,Occasional,Yes,23.1,2018-06-06,Chemotherapy,11,4,Alive,Critical
ONC-06939,45,Other,Lung,Stage Iv,7.8,Former,Regular,Yes,26.1,2016-11-11,Radiation Therapy,3,30,Deceased,Critical
ONC-04919,47,Other,Skin (Melanoma),Stage Iii,10.1,Never,Heavy,No,22.8,2019-11-11,Surgery,6,61,Alive,High
ONC-03973,27,Female,Liver,Stage Iv,5.9,Former,Occasional,No,29.2,2015-10-26,Immunotherapy,5,12,Deceased,Critical
ONC-02436,71,Male,Prostate,Stage I,8.2,Never,Occasional,No,25.0,2015-12-24,Radiation Therapy,6,12,Alive,Low
ONC-05642,40,Female,Liver,Stage Ii,0.5,Current,Regular,Yes,17.4,2019-02-20,Immunotherapy,2,15,Deceased,High
ONC-03433,67,Male,Breast,Stage Ii,5.6,Current,Regular,Yes,27.7,2017-09-15,Palliative Care,2,12,Deceased,High
ONC-03381,47,Male,Colorectal,Stage Ii,1.7,Current,Regular,No,29.2,2019-02-01,Combination Therapy,5,37,Deceased,Low
ONC-04074,73,Female,Brain,Stage Ii,0.1,Current,Regular,No,27.9,2022-12-18,Chemotherapy,5,5,Alive,Medium
ONC-06748,58,Male,Colorectal,Stage I,7.2,Never,Regular,Yes,28.0,2023-08-28,Radiation Therapy,5,13,Alive,Low
ONC-06151,45,Male,Pancreatic,Stage Iv,2.1,Never,Heavy,Yes,30.0,Unknown,Surgery,5,2,Deceased,Critical
ONC-02162,50,Other,Blood (Leukemia),Stage Iii,0.2,Never,Occasional,No,27.0,2022-03-13,Palliative Care,7,15,Alive,Medium
ONC-03434,26,Female,Pancreatic,Stage I,3.0,Never,Occasional,Yes,24.3,2018-12-28,Palliative Care,4,23,Alive,Medium
ONC-03923,83,Male,Colorectal,Stage Iv,8.2,Never,Occasional,No,19.3,2017-02-28,Radiation Therapy,6,0,Deceased,High
ONC-07421,37,Other,Skin (Melanoma),Stage Ii,1.4,Former,Regular,No,35.2,Unknown,Palliative Care,7,80,Deceased,Low
ONC-05082,64,Male,Skin (Melanoma),Stage I,0.2,Never,Occasional,Yes,26.4,2023-11-24,Combination Therapy,9,5,Alive,High
ONC-02868,68,Other,Breast,Stage Iv,1.5,Former,Regular,No,16.7,2017-09-25,Chemotherapy,6,43,Deceased,High
ONC-04071,58,Other,Prostate,Stage Iv,4.3,Current,Occasional,Yes,29.1,2022-01-18,Palliative Care,3,0,Alive,Critical
ONC-02756,68,Male,Prostate,Stage I,0.7,Current,Regular,No,27.5,2019-04-16,Combination Therapy,3,13,Alive,Low
ONC-01009,32,Male,Ovarian,Stage Iv,1.8,Former,Regular,Yes,20.7,2022-05-17,Chemotherapy,7,25,Alive,High
ONC-03479,58,Other,Prostate,Stage I,11.2,Never,Heavy,Yes,31.8,2015-10-25,Immunotherapy,6,4,Alive,Medium
ONC-00482,82,Female,Breast,Stage I,0.9,Never,Occasional,No,22.4,2019-08-02,Radiation Therapy,6,8,Alive,Low
ONC-06688,70,Other,Lung,Stage Ii,0.7,Former,Heavy,Yes,27.1,2016-07-01,Palliative Care,7,8,Not Recorded,High
ONC-02553,62,Female,Prostate,Stage Iv,2.0,Never,Occasional,Yes,31.2,2018-12-18,Surgery,6,33,Alive,Critical
ONC-07311,33,Male,Pancreatic,Stage Ii,2.4,Former,Heavy,No,30.2,Unknown,Combination Therapy,4,59,Alive,Medium
ONC-04954,49,Male,Pancreatic,Stage Iv,1.9,Current,Occasional,Yes,29.2,2015-02-14,Palliative Care,5,1,Deceased,High
ONC-02919,75,Male,Ovarian,Stage Iv,0.2,Never,Occasional,No,20.2,2022-09-16,Palliative Care,6,1,Deceased,Critical
ONC-01984,52,Other,Liver,Stage Ii,2.7,Current,Regular,No,31.3,2018-07-12,Immunotherapy,5,18,Alive,High
ONC-04389,55,Male,Breast,Stage Iv,8.3,Current,Heavy,Yes,32.1,2018-08-26,Radiation Therapy,7,12,Deceased,Medium
ONC-07448,23,Male,Skin (Melanoma),Stage Ii,4.4,Former,Regular,Yes,26.0,2016-11-04,Immunotherapy,9,77,Alive,Low
ONC-00605,58,Male,Liver,Stage I,2.2,Former,Regular,No,20.0,2020-04-27,Surgery,5,41,Alive,Medium
ONC-05760,63,Female,Ovarian,Stage Iii,3.9,Never,Regular,Yes,33.6,2020-09-12,Palliative Care,6,2,Deceased,Low
ONC-04978,52,Other,Breast,Stage Iii,0.1,Never,Regular,No,28.7,2015-08-13,Immunotherapy,4,13,Alive,Medium
ONC-06033,45,Other,Skin (Melanoma),Stage Iv,2.3,Former,Regular,Yes,28.7,2017-08-02,Surgery,5,14,Alive,High
ONC-02432,57,Male,Pancreatic,Stage Ii,2.0,Never,Regular,No,24.1,2020-05-29,Chemotherapy,4,3,Not Recorded,Medium
ONC-07309,89,Female,Liver,Stage I,8.5,Former,Occasional,No,29.0,2015-02-13,Immunotherapy,2,0,Alive,Low
ONC-02027,76,Male,Liver,Stage Iii,6.0,Current,Regular,No,20.7,2018-09-30,Surgery,4,5,Alive,High
ONC-00396,36,Other,Pancreatic,Stage Ii,9.0,Never,Regular,No,39.2,2018-09-24,Palliative Care,8,1,Deceased,Medium
ONC-05901,47,Male,Skin (Melanoma),Stage Iii,1.1,Former,Heavy,No,29.2,2020-09-18,Palliative Care,5,9,Deceased,Critical
ONC-03751,47,Female,Prostate,Stage Iv,1.4,Former,Occasional,No,23.7,2020-02-15,Chemotherapy,5,12,Deceased,High
ONC-02171,58,Male,Lung,Stage Ii,1.3,Never,Heavy,Yes,26.4,2017-08-23,Palliative Care,8,31,Alive,Low
ONC-05916,76,Female,Pancreatic,Stage Ii,2.9,Former,Heavy,Yes,37.3,2017-10-04,Immunotherapy,2,11,Alive,Not Recorded
ONC-06571,77,Other,Ovarian,Stage I,1.4,Current,Regular,No,21.4,2017-08-23,Palliative Care,5,6,Alive,Medium
ONC-06162,86,Male,Pancreatic,Stage Ii,1.3,Former,Regular,No,29.3,2018-08-05,Combination Therapy,5,27,Deceased,Low
ONC-02842,46,Other,Ovarian,Stage I,1.4,Former,Regular,No,22.2,2023-08-17,Immunotherapy,9,51,Deceased,Low
ONC-04210,41,Male,Blood (Leukemia),Stage Ii,3.9,Never,Regular,Yes,32.0,2019-03-29,Immunotherapy,6,33,Alive,Low
ONC-01998,58,Other,Ovarian,Stage Iii,6.2,Current,Regular,No,20.5,2015-06-21,Combination Therapy,7,28,Alive,Medium
ONC-03110,62,Other,Pancreatic,Stage Iv,0.9,Never,Heavy,No,20.7,2019-11-19,Surgery,3,24,Deceased,Medium
ONC-06083,62,Male,Breast,Stage I,2.3,Current,Occasional,Yes,25.5,2018-02-05,Combination Therapy,5,15,Not Recorded,Low
ONC-07203,40,Male,Pancreatic,Stage I,0.2,Current,Regular,No,22.9,2015-12-21,Combination Therapy,8,14,Alive,Low
ONC-00672,72,Male,Prostate,Stage I,0.7,Never,Regular,Yes,19.9,2016-01-01,Palliative Care,6,15,Alive,Medium
ONC-06698,80,Female,Blood (Leukemia),Stage Iii,7.8,Current,Regular,Yes,23.0,2021-08-07,Surgery,8,7,Alive,Critical
ONC-04802,53,Male,Prostate,Stage Ii,1.4,Current,Heavy,Yes,25.1,2018-08-21,Radiation Therapy,11,12,Alive,Low
ONC-06261,47,Female,Skin (Melanoma),Stage Iv,5.6,Never,Heavy,No,25.8,2024-02-20,Combination Therapy,7,24,Deceased,Critical
ONC-00897,54,Male,Blood (Leukemia),Stage Ii,1.5,Never,Regular,Yes,21.0,2015-03-27,Palliative Care,5,12,Alive,Not Recorded
ONC-01108,84,Female,Skin (Melanoma),Stage Iv,0.8,Current,Heavy,No,27.5,2017-03-12,Immunotherapy,9,23,Deceased,High
ONC-04884,63,Male,Breast,Stage Iv,3.1,Former,Regular,No,27.0,2020-04-11,Chemotherapy,3,17,Deceased,Medium
ONC-03028,46,Male,Ovarian,Stage Ii,1.5,Never,Heavy,No,31.4,2022-02-26,Immunotherapy,6,5,Alive,Low
ONC-03480,71,Male,Lung,Stage I,7.4,Never,Heavy,Yes,31.1,2016-01-01,Combination Therapy,4,12,Alive,Low
ONC-00702,52,Other,Ovarian,Stage Iv,1.6,Never,Regular,Yes,15.0,2023-11-07,Radiation Therapy,7,18,Alive,High
ONC-06660,78,Other,Lung,Stage Ii,3.1,Former,Regular,Yes,23.1,2016-08-10,Radiation Therapy,6,1,Alive,High
ONC-00224,49,Male,Prostate,Stage Iv,0.1,Never,Regular,No,30.3,2017-08-22,Immunotherapy,9,24,Deceased,High
ONC-04863,82,Male,Skin (Melanoma),Stage Iv,7.6,Current,Occasional,No,27.0,2015-05-27,Immunotherapy,6,2,Alive,Critical
ONC-02534,42,Male,Prostate,Stage Iv,5.1,Former,Regular,No,26.9,2021-04-16,Surgery,6,5,Alive,High
ONC-00819,58,Male,Skin (Melanoma),Stage Iv,2.6,Former,Regular,No,20.4,2022-10-28,Immunotherapy,5,19,Alive,Critical
ONC-03459,44,Other,Colorectal,Stage I,4.0,Former,Regular,No,26.8,2018-08-08,Surgery,2,0,Alive,Medium
ONC-06745,52,Other,Prostate,Stage I,5.7,Current,Regular,No,15.0,2016-09-06,Immunotherapy,4,18,Alive,Low
ONC-04395,35,Female,Blood (Leukemia),Stage Ii,1.8,Current,Heavy,Yes,21.2,Unknown,Immunotherapy,1,25,Alive,Medium
ONC-07195,69,Female,Liver,Stage Iii,16.3,Former,Regular,Yes,27.8,2019-03-28,Palliative Care,5,20,Deceased,Critical
ONC-05753,72,Other,Pancreatic,Stage Iv,0.1,Current,Occasional,No,19.7,2015-11-05,Combination Therapy,5,14,Deceased,Not Recorded
ONC-06986,37,Other,Lung,Stage Ii,0.7,Former,Regular,No,30.6,2024-02-04,Immunotherapy,10,0,Deceased,Low
ONC-05610,70,Male,Pancreatic,Stage I,2.2,Never,Regular,No,29.8,Unknown,Palliative Care,7,8,Deceased,Low
ONC-00228,45,Other,Pancreatic,Stage Ii,7.7,Current,Regular,No,27.7,2020-12-03,Palliative Care,5,12,Alive,High
ONC-03737,80,Other,Breast,Stage Iii,0.1,Never,Heavy,No,23.2,2017-10-21,Immunotherapy,8,37,Deceased,Medium
ONC-01535,47,Other,Lung,Stage Iv,2.3,Never,Heavy,No,25.1,2022-07-23,Palliative Care,4,9,Alive,High
ONC-06241,89,Male,Ovarian,Stage Iii,1.2,Never,Occasional,Yes,16.6,2019-01-05,Combination Therapy,5,11,Alive,High
ONC-02729,66,Male,Colorectal,Stage Ii,0.8,Never,Occasional,No,15.7,2015-02-23,Combination Therapy,5,54,Alive,Medium
ONC-01413,56,Other,Liver,Stage Ii,2.0,Never,Occasional,No,18.8,2024-11-09,Palliative Care,7,18,Deceased,Low
ONC-04713,49,Male,Liver,Stage I,4.5,Former,Regular,No,29.3,2023-02-25,Chemotherapy,2,16,Alive,Medium
ONC-02384,82,Other,Liver,Stage Ii,1.3,Current,Regular,Yes,24.4,2020-01-12,Immunotherapy,2,4,Alive,High
ONC-07287,50,Male,Skin (Melanoma),Stage Iv,1.9,Never,Heavy,Yes,29.9,2023-05-21,Palliative Care,4,1,Deceased,Low
ONC-05840,34,Female,Pancreatic,Stage Iv,3.3,Former,Regular,Yes,30.5,2020-10-10,Combination Therapy,5,12,Alive,High
ONC-01432,82,Other,Pancreatic,Stage Iv,1.0,Former,Regular,Yes,20.3,2017-10-26,Palliative Care,5,10,Alive,High
ONC-02366,70,Male,Prostate,Stage I,0.2,Never,Heavy,No,16.7,2024-06-30,Immunotherapy,5,16,Alive,Low
ONC-01322,47,Female,Colorectal,Stage Iv,0.7,Current,Regular,Yes,25.7,2019-05-07,Chemotherapy,5,14,Alive,Critical
ONC-06834,74,Other,Skin (Melanoma),Stage Iv,8.7,Never,Regular,No,28.1,2021-02-24,Palliative Care,15,14,Deceased,High
ONC-06500,76,Female,Blood (Leukemia),Stage Iv,0.4,Never,Regular,Yes,26.3,2019-05-20,Chemotherapy,6,31,Deceased,High
ONC-04581,67,Female,Pancreatic,Stage I,0.7,Former,Regular,Yes,24.3,2015-05-18,Radiation Therapy,7,15,Not Recorded,Medium
ONC-00368,41,Female,Prostate,Stage I,2.8,Current,Heavy,No,35.6,2021-03-17,Surgery,7,3,Deceased,Low
ONC-04746,58,Male,Blood (Leukemia),Stage I,4.9,Former,Heavy,No,24.2,2022-07-15,Palliative Care,10,28,Alive,Medium
ONC-07030,57,Other,Prostate,Stage I,1.3,Never,Regular,No,27.6,2016-12-08,Palliative Care,6,33,Deceased,Low
ONC-04645,58,Male,Pancreatic,Stage Ii,2.4,Current,Heavy,Yes,20.3,2015-12-08,Surgery,5,32,Alive,Medium
ONC-00075,78,Female,Prostate,Stage Ii,2.0,Former,Regular,Yes,12.7,Unknown,Chemotherapy,5,9,Alive,Low
ONC-06854,58,Female,Liver,Stage Iv,1.9,Never,Heavy,No,20.7,2020-05-09,Palliative Care,4,4,Alive,Medium
ONC-06533,46,Male,Colorectal,Stage Iii,3.8,Former,Regular,No,20.6,2016-12-13,Immunotherapy,6,1,Alive,High
ONC-04091,65,Other,Liver,Stage Iv,0.6,Former,Regular,Yes,18.9,2019-03-27,Combination Therapy,10,3,Alive,Critical
ONC-00776,52,Other,Ovarian,Stage I,3.9,Current,Regular,No,26.0,2022-10-18,Palliative Care,6,13,Deceased,Low
ONC-01398,66,Other,Ovarian,Stage I,2.3,Never,Heavy,No,29.5,2023-06-07,Surgery,6,13,Deceased,Low
ONC-07139,50,Female,Breast,Stage I,2.9,Never,Heavy,No,30.6,Unknown,Combination Therapy,5,14,Deceased,Low
ONC-01390,52,Other,Pancreatic,Stage Ii,1.4,Never,Heavy,Yes,30.2,2016-02-20,Surgery,5,0,Alive,Low
ONC-02327,50,Female,Lung,Stage I,0.3,Current,Regular,Yes,26.4,2022-12-03,Combination Therapy,6,21,Deceased,Low
ONC-04665,63,Female,Lung,Stage I,5.0,Never,Regular,Yes,21.2,2020-09-07,Radiation Therapy,5,36,Deceased,Low
ONC-06490,57,Male,Prostate,Stage Iv,7.5,Former,Regular,Yes,31.1,2017-10-03,Combination Therapy,7,20,Deceased,High
ONC-05979,91,Male,Prostate,Stage Ii,5.2,Never,Occasional,Yes,30.3,2015-07-14,Combination Therapy,7,17,Alive,Medium
ONC-04976,80,Other,Brain,Stage Iii,9.7,Former,Regular,No,24.1,2020-03-25,Radiation Therapy,6,3,Alive,High
ONC-02212,58,Other,Prostate,Stage Iv,3.3,Former,Heavy,Yes,21.2,2021-11-10,Radiation Therapy,9,5,Alive,High
ONC-03369,45,Other,Ovarian,Stage I,2.9,Current,Occasional,No,18.4,2022-09-15,Palliative Care,2,52,Alive,Medium
ONC-03522,45,Other,Ovarian,Stage Ii,0.9,Current,Regular,Yes,32.7,2023-01-28,Radiation Therapy,2,4,Deceased,Medium
ONC-02076,67,Female,Liver,Stage Iii,0.4,Current,Regular,No,26.2,2018-05-15,Palliative Care,5,4,Alive,Medium
ONC-06765,76,Female,Brain,Stage Ii,4.9,Never,Regular,Yes,22.1,2016-01-06,Palliative Care,8,12,Alive,Medium
ONC-04676,50,Male,Lung,Stage Iv,1.3,Current,Heavy,No,26.3,2021-01-27,Immunotherapy,6,1,Deceased,Critical
ONC-06417,68,Female,Prostate,Stage Ii,2.6,Never,Regular,Yes,20.3,2017-02-20,Combination Therapy,6,120,Deceased,Low
ONC-00009,50,Male,Ovarian,Stage Ii,1.3,Never,Regular,No,25.1,2019-07-02,Radiation Therapy,10,7,Alive,Medium
ONC-01838,53,Other,Brain,Stage Iv,1.2,Never,Occasional,No,26.0,2020-10-15,Combination Therapy,8,48,Alive,Critical
ONC-03073,97,Other,Blood (Leukemia),Stage Iv,9.4,Never,Heavy,Yes,14.7,2019-01-21,Radiation Therapy,4,9,Alive,Critical
ONC-05023,58,Male,Skin (Melanoma),Stage Iv,5.7,Current,Occasional,Yes,29.3,2016-09-02,Radiation Therapy,10,6,Alive,Critical
ONC-00267,74,Female,Breast,Stage Iii,6.3,Never,Occasional,Yes,35.7,2017-02-06,Immunotherapy,2,12,Alive,High
ONC-00763,76,Other,Liver,Stage Iii,0.1,Never,Regular,Yes,26.0,Unknown,Chemotherapy,6,16,Alive,Critical
ONC-00064,58,Other,Skin (Melanoma),Stage Iii,0.9,Current,Regular,Yes,34.4,2018-06-28,Surgery,8,41,Alive,Medium
ONC-06179,72,Female,Skin (Melanoma),Stage Ii,2.5,Current,Regular,Yes,25.6,2023-08-16,Immunotherapy,11,11,Alive,Low
ONC-00214,66,Male,Liver,Stage Iv,1.7,Former,Regular,No,26.0,2023-01-04,Surgery,2,0,Alive,Critical
ONC-03200,67,Male,Prostate,Stage Iii,5.0,Former,Regular,Yes,24.3,2024-06-20,Chemotherapy,8,13,Deceased,Medium
ONC-04898,43,Other,Lung,Stage Iii,1.6,Never,Regular,No,19.5,2016-07-31,Surgery,3,15,Alive,Medium
ONC-06473,55,Other,Lung,Stage Iv,0.6,Former,Heavy,No,21.8,2024-12-07,Radiation Therapy,6,6,Deceased,Critical
ONC-07042,66,Other,Pancreatic,Stage I,9.1,Former,Occasional,No,21.4,2024-05-30,Chemotherapy,5,12,Alive,Low
ONC-03865,80,Female,Ovarian,Stage I,1.6,Current,Occasional,No,26.0,2016-04-09,Combination Therapy,16,6,Alive,Medium
ONC-03792,75,Male,Skin (Melanoma),Stage Iii,0.8,Current,Occasional,Yes,25.4,2016-07-16,Combination Therapy,6,16,Alive,Medium
ONC-03421,58,Female,Ovarian,Stage Ii,1.6,Current,Regular,No,30.0,2020-05-21,Chemotherapy,2,10,Alive,High
ONC-01069,59,Other,Prostate,Stage I,1.3,Never,Heavy,Yes,26.0,2022-10-22,Immunotherapy,6,10,Alive,High
ONC-06034,77,Other,Liver,Stage Iv,3.5,Never,Occasional,No,39.4,Unknown,Immunotherapy,3,11,Deceased,High
ONC-01800,45,Male,Lung,Stage Iv,14.6,Current,Heavy,Yes,29.8,Unknown,Chemotherapy,7,12,Alive,Critical
ONC-02501,72,Female,Pancreatic,Stage Iv,1.7,Former,Occasional,Yes,24.0,Unknown,Radiation Therapy,4,11,Deceased,High
ONC-05362,61,Female,Pancreatic,Stage I,8.0,Current,Heavy,No,25.1,2024-09-10,Surgery,4,3,Not Recorded,Medium
ONC-04087,56,Other,Blood (Leukemia),Stage I,4.0,Never,Occasional,No,29.7,2020-05-20,Palliative Care,6,87,Alive,Low
ONC-05195,58,Male,Blood (Leukemia),Stage Iii,13.6,Never,Regular,No,21.7,2021-03-01,Radiation Therapy,5,6,Alive,High
ONC-02013,66,Female,Brain,Stage Iii,3.1,Never,Regular,Yes,22.2,2020-06-11,Combination Therapy,6,14,Alive,Critical
ONC-06787,57,Male,Brain,Stage Ii,0.6,Former,Heavy,Yes,31.4,2022-05-14,Palliative Care,5,18,Deceased,Medium
ONC-02295,58,Female,Pancreatic,Stage I,2.1,Former,Occasional,Yes,27.6,2016-09-12,Surgery,6,29,Alive,Low
ONC-03134,72,Other,Pancreatic,Stage Ii,3.8,Never,Regular,No,28.9,Unknown,Radiation Therapy,8,68,Deceased,High
ONC-02223,41,Other,Brain,Stage Iv,1.1,Never,Regular,No,27.1,Unknown,Chemotherapy,6,3,Alive,High
ONC-05486,58,Female,Pancreatic,Stage Ii,2.2,Current,Occasional,No,28.8,2017-08-22,Combination Therapy,3,12,Deceased,Medium
ONC-03581,78,Other,Breast,Stage Iv,0.4,Never,Regular,No,24.8,2021-09-23,Immunotherapy,7,5,Alive,Critical
ONC-05866,45,Other,Ovarian,Stage Iii,5.2,Former,Occasional,Yes,28.2,2015-12-31,Immunotherapy,6,12,Alive,Critical
ONC-07223,43,Male,Skin (Melanoma),Stage Iii,0.5,Never,Regular,No,25.6,2019-06-20,Palliative Care,4,0,Alive,Critical
ONC-02182,45,Male,Pancreatic,Stage Iv,2.4,Never,Regular,Yes,25.1,2015-03-13,Immunotherapy,6,8,Alive,High
ONC-06479,68,Female,Skin (Melanoma),Stage Ii,0.8,Never,Regular,No,29.5,2018-06-24,Surgery,8,3,Alive,Medium
ONC-04639,72,Other,Breast,Stage Iv,1.3,Never,Occasional,No,24.9,2017-10-18,Palliative Care,7,72,Alive,Critical
ONC-02340,51,Female,Blood (Leukemia),Stage Iv,1.0,Current,Occasional,Yes,27.6,2018-07-25,Surgery,9,12,Deceased,Medium
ONC-06513,66,Female,Colorectal,Stage I,0.1,Current,Regular,No,18.8,2022-03-23,Palliative Care,5,1,Alive,Medium
ONC-06663,55,Other,Skin (Melanoma),Stage Iii,9.0,Former,Regular,Yes,29.0,2022-08-06,Radiation Therapy,3,39,Deceased,High
ONC-03041,59,Female,Brain,Stage Iii,1.3,Never,Regular,Yes,26.2,2020-09-15,Surgery,3,0,Alive,High
ONC-01325,52,Other,Breast,Stage Iv,0.1,Never,Occasional,No,27.3,2017-02-08,Surgery,11,5,Alive,Critical
ONC-00501,45,Other,Pancreatic,Stage Ii,0.9,Former,Heavy,Yes,26.0,2023-05-31,Combination Therapy,6,12,Alive,Critical
ONC-02059,68,Female,Brain,Stage Iii,1.3,Never,Heavy,Yes,17.7,2022-11-23,Palliative Care,7,20,Alive,High
ONC-01495,62,Male,Skin (Melanoma),Stage Ii,3.5,Current,Regular,No,27.3,2019-04-06,Chemotherapy,11,7,Deceased,Medium
ONC-01175,56,Female,Skin (Melanoma),Stage Ii,0.3,Never,Regular,Yes,30.2,2023-06-21,Immunotherapy,11,57,Alive,Not Recorded
ONC-05914,71,Other,Colorectal,Stage Ii,8.3,Never,Occasional,Yes,18.9,Unknown,Combination Therapy,7,41,Alive,Medium
ONC-04262,66,Other,Skin (Melanoma),Stage Iv,2.0,Current,Occasional,Yes,27.2,2022-10-04,Surgery,7,0,Alive,Medium
ONC-03363,58,Male,Breast,Stage Iv,20.0,Current,Regular,Yes,24.0,2016-11-16,Immunotherapy,5,37,Deceased,High
ONC-06090,48,Male,Prostate,Stage Iv,1.2,Never,Heavy,No,24.0,2019-08-13,Palliative Care,4,0,Alive,Critical
ONC-00083,61,Female,Breast,Stage Ii,3.2,Current,Heavy,Yes,26.0,2022-09-16,Chemotherapy,5,19,Deceased,Low
ONC-01989,51,Male,Brain,Stage Ii,1.2,Never,Regular,Yes,27.3,2017-01-28,Chemotherapy,7,47,Alive,Low
ONC-01575,40,Male,Liver,Stage I,2.2,Never,Regular,Yes,32.0,2017-12-12,Immunotherapy,6,20,Deceased,Low
ONC-02724,78,Male,Pancreatic,Stage Ii,2.8,Never,Regular,No,26.5,2019-02-12,Surgery,8,51,Alive,Medium
ONC-03590,60,Other,Skin (Melanoma),Stage Iii,0.2,Never,Heavy,Yes,31.2,2018-07-19,Chemotherapy,6,39,Alive,High
ONC-04390,72,Other,Prostate,Stage Iv,7.9,Never,Occasional,No,26.6,2023-09-14,Palliative Care,2,12,Deceased,Low
ONC-00882,54,Other,Colorectal,Stage I,1.4,Former,Regular,No,32.6,2021-06-29,Surgery,7,11,Alive,Medium
ONC-06811,66,Female,Skin (Melanoma),Stage Iv,4.6,Current,Regular,No,20.9,2015-07-01,Immunotherapy,6,17,Alive,High
ONC-06407,76,Male,Skin (Melanoma),Stage Ii,2.8,Current,Heavy,No,27.8,2024-09-17,Chemotherapy,5,49,Alive,Medium
ONC-06925,59,Female,Skin (Melanoma),Stage Ii,6.0,Current,Regular,No,30.7,2016-12-09,Radiation Therapy,4,4,Deceased,High
ONC-00459,60,Female,Skin (Melanoma),Stage Ii,1.6,Former,Heavy,Yes,28.1,2015-01-20,Radiation Therapy,8,50,Alive,Not Recorded
ONC-06272,58,Female,Ovarian,Stage Ii,2.8,Current,Regular,No,26.0,2015-11-10,Surgery,1,21,Alive,Medium
ONC-06445,25,Female,Prostate,Stage I,4.4,Former,Occasional,No,23.3,2016-12-25,Immunotherapy,7,0,Alive,Low
ONC-04368,76,Female,Skin (Melanoma),Stage Iii,3.2,Never,Regular,Yes,28.3,2022-05-23,Chemotherapy,7,1,Alive,Not Recorded
ONC-02115,51,Male,Colorectal,Stage Iv,12.4,Never,Regular,Yes,29.1,2018-01-17,Immunotherapy,1,16,Alive,Critical
ONC-04086,47,Other,Pancreatic,Stage Iii,2.2,Never,Regular,Yes,22.6,2024-07-30,Surgery,6,12,Alive,High
ONC-03358,58,Other,Prostate,Stage I,3.7,Never,Occasional,Yes,34.0,2023-06-20,Palliative Care,9,12,Deceased,Low
ONC-04206,41,Female,Pancreatic,Stage I,0.9,Never,Occasional,Yes,28.7,2020-04-16,Surgery,6,3,Alive,Low
ONC-06074,44,Other,Brain,Stage Iv,1.1,Current,Occasional,Yes,25.2,2015-04-28,Immunotherapy,5,14,Deceased,Critical
ONC-02504,73,Other,Colorectal,Stage I,2.4,Current,Occasional,Yes,20.9,2016-09-25,Chemotherapy,7,11,Alive,Low
ONC-00251,67,Other,Liver,Stage Ii,0.9,Current,Regular,No,25.0,2023-07-24,Immunotherapy,5,18,Deceased,Medium
ONC-01076,29,Female,Brain,Stage I,15.6,Former,Regular,No,18.4,2024-04-11,Palliative Care,5,11,Alive,Medium
ONC-05385,62,Female,Blood (Leukemia),Stage I,0.4,Former,Regular,No,27.9,2020-04-20,Combination Therapy,9,49,Deceased,Medium
ONC-04866,47,Female,Lung,Stage Iv,11.8,Never,Regular,Yes,25.4,2015-05-27,Radiation Therapy,6,14,Deceased,Critical
ONC-02603,63,Female,Brain,Stage Iii,3.2,Former,Regular,No,23.3,2017-04-18,Radiation Therapy,8,41,Deceased,High
ONC-04933,40,Other,Ovarian,Stage I,5.3,Former,Occasional,No,20.0,2017-09-30,Immunotherapy,6,10,Alive,Low
ONC-00883,43,Other,Breast,Stage I,3.3,Never,Occasional,Yes,23.4,2023-12-31,Immunotherapy,8,11,Alive,Low
ONC-00568,73,Other,Brain,Stage Iii,3.6,Never,Regular,No,28.5,2022-05-28,Radiation Therapy,6,62,Alive,Low
ONC-03232,63,Male,Blood (Leukemia),Stage I,2.9,Current,Occasional,No,34.4,2018-10-11,Surgery,4,8,Alive,Medium
ONC-04507,65,Male,Lung,Stage Iv,1.1,Former,Heavy,Yes,29.0,2017-08-04,Surgery,6,17,Alive,Critical
ONC-02085,77,Other,Skin (Melanoma),Stage Iv,1.0,Former,Regular,No,29.6,2018-09-17,Immunotherapy,7,11,Alive,Critical
ONC-05120,63,Other,Ovarian,Stage I,6.6,Never,Occasional,No,34.8,2024-08-05,Radiation Therapy,8,45,Alive,Low
ONC-06288,63,Other,Liver,Stage Iv,0.7,Never,Regular,No,29.2,Unknown,Palliative Care,8,16,Alive,Critical
ONC-04568,20,Other,Prostate,Stage Iii,0.8,Current,Occasional,No,25.4,2020-10-12,Immunotherapy,4,5,Deceased,High
ONC-03793,29,Female,Pancreatic,Stage Iv,17.3,Never,Occasional,No,28.2,Unknown,Palliative Care,2,17,Deceased,Critical
ONC-00759,42,Other,Skin (Melanoma),Stage Iii,6.9,Former,Occasional,No,21.4,2019-07-06,Palliative Care,4,1,Alive,High
ONC-02403,61,Female,Breast,Stage Iv,1.9,Former,Regular,Yes,27.4,2024-11-17,Radiation Therapy,6,23,Alive,Critical
ONC-05796,57,Other,Blood (Leukemia),Stage Iv,1.1,Former,Regular,Yes,18.3,2023-05-22,Palliative Care,6,9,Deceased,High
ONC-02578,48,Other,Lung,Stage Iii,1.4,Former,Heavy,Yes,26.1,2016-03-03,Combination Therapy,12,17,Deceased,High
ONC-01912,48,Female,Breast,Stage Iv,2.2,Never,Regular,No,29.5,2019-01-19,Combination Therapy,7,44,Deceased,Critical
ONC-04818,67,Male,Prostate,Stage Iv,5.3,Current,Regular,No,20.5,2022-02-08,Immunotherapy,7,35,Alive,High
ONC-06335,53,Other,Liver,Stage Iv,5.6,Current,Regular,Yes,28.3,2024-09-22,Surgery,6,43,Alive,High
ONC-07179,53,Male,Colorectal,Stage Ii,4.9,Never,Regular,No,29.6,2024-03-20,Radiation Therapy,7,62,Alive,Medium
ONC-03150,61,Other,Lung,Stage I,7.2,Former,Regular,Yes,25.8,2020-12-08,Surgery,6,18,Alive,Low
ONC-05807,48,Male,Breast,Stage Iii,1.6,Never,Regular,Yes,21.5,2022-01-24,Chemotherapy,7,12,Alive,High
ONC-03331,80,Female,Brain,Stage Iii,5.6,Never,Regular,No,22.1,2018-02-09,Surgery,8,25,Deceased,High
ONC-03866,49,Other,Prostate,Stage Iv,0.7,Current,Heavy,No,31.8,2023-03-01,Palliative Care,2,5,Alive,Critical
ONC-00755,54,Male,Brain,Stage I,2.7,Current,Occasional,No,20.2,2020-07-27,Combination Therapy,5,12,Deceased,Medium
ONC-00485,69,Other,Liver,Stage Ii,0.6,Never,Occasional,No,27.0,2023-10-13,Palliative Care,6,25,Deceased,High
ONC-03862,52,Male,Pancreatic,Stage Iii,0.7,Never,Heavy,No,31.3,2022-05-12,Surgery,6,1,Alive,Critical
ONC-05188,39,Female,Ovarian,Stage Iv,4.6,Current,Heavy,No,27.0,2018-02-28,Chemotherapy,8,16,Alive,Medium
ONC-04342,51,Female,Prostate,Stage Iv,6.8,Never,Occasional,No,30.1,2018-10-21,Palliative Care,6,3,Deceased,High
ONC-00145,76,Other,Colorectal,Stage Iv,2.6,Never,Heavy,No,26.7,2023-05-13,Radiation Therapy,6,17,Alive,Critical
ONC-00091,42,Other,Liver,Stage I,4.5,Former,Heavy,Yes,26.0,2017-02-07,Combination Therapy,8,1,Alive,Medium
ONC-02424,65,Male,Colorectal,Stage Ii,1.0,Former,Occasional,No,22.2,2018-12-23,Surgery,6,12,Alive,Medium
ONC-03325,90,Other,Colorectal,Stage Iii,0.1,Current,Regular,Yes,24.4,2022-07-13,Combination Therapy,7,17,Alive,High
ONC-03906,51,Male,Breast,Stage Iv,6.1,Current,Occasional,No,27.7,2017-10-06,Palliative Care,8,17,Alive,Low
ONC-03419,64,Other,Blood (Leukemia),Stage Ii,2.4,Former,Heavy,Yes,21.5,2023-02-06,Palliative Care,10,25,Alive,Medium
ONC-01056,55,Female,Brain,Stage Iv,4.5,Former,Heavy,Yes,32.0,Unknown,Surgery,7,1,Alive,Critical
ONC-02341,56,Male,Prostate,Stage Iv,0.9,Former,Heavy,No,25.0,2020-09-17,Immunotherapy,17,39,Deceased,Critical
ONC-05805,64,Other,Liver,Stage Ii,6.3,Former,Regular,Yes,27.7,2020-11-26,Palliative Care,9,14,Alive,Low
ONC-00797,39,Male,Lung,Stage Iv,13.3,Former,Occasional,No,26.3,2015-11-29,Immunotherapy,10,2,Deceased,High
ONC-07087,47,Other,Pancreatic,Stage Iv,1.8,Former,Regular,No,23.7,2019-07-29,Combination Therapy,7,42,Alive,Critical
ONC-03006,44,Female,Liver,Stage Iv,2.7,Former,Heavy,Yes,33.6,2021-12-27,Combination Therapy,6,13,Alive,Critical
ONC-04471,47,Female,Lung,Stage I,2.1,Former,Occasional,No,25.9,2023-09-01,Palliative Care,1,22,Deceased,Low
ONC-02765,29,Other,Skin (Melanoma),Stage Ii,3.1,Never,Regular,No,30.4,2017-03-13,Palliative Care,6,14,Alive,Medium
ONC-04178,68,Other,Brain,Stage Iii,1.0,Current,Regular,Yes,24.2,2021-04-23,Radiation Therapy,9,2,Alive,High
ONC-00678,37,Female,Breast,Stage I,2.4,Never,Heavy,No,21.7,2018-10-01,Combination Therapy,10,21,Deceased,Medium
ONC-05310,66,Other,Pancreatic,Stage Iv,7.1,Current,Occasional,No,18.7,2024-06-06,Radiation Therapy,5,13,Deceased,High
ONC-04199,25,Other,Prostate,Stage Iii,6.4,Never,Regular,Yes,25.6,2016-02-29,Surgery,5,38,Deceased,High
ONC-05984,58,Male,Breast,Stage Iii,11.6,Never,Regular,No,31.9,2023-03-06,Chemotherapy,6,21,Alive,Medium
ONC-01988,53,Male,Pancreatic,Stage Iv,0.3,Current,Occasional,Yes,22.0,2020-10-18,Combination Therapy,6,33,Deceased,Low
ONC-03912,58,Female,Prostate,Stage Iv,0.7,Former,Regular,Yes,22.2,2023-08-06,Palliative Care,14,14,Alive,High
ONC-05133,60,Other,Colorectal,Stage Iii,5.4,Never,Occasional,Yes,33.9,2024-02-04,Radiation Therapy,6,6,Alive,Medium
ONC-04842,51,Other,Lung,Stage Iv,13.2,Former,Occasional,No,12.0,2018-10-24,Surgery,6,13,Alive,Medium
ONC-06175,67,Female,Brain,Stage I,1.9,Former,Regular,Yes,27.3,2015-09-04,Immunotherapy,16,19,Alive,Medium
ONC-04659,53,Male,Prostate,Stage I,6.8,Never,Regular,Yes,35.5,2017-07-20,Immunotherapy,3,93,Alive,Medium
ONC-02972,39,Other,Skin (Melanoma),Stage Iv,2.5,Never,Heavy,Yes,34.9,2024-10-12,Immunotherapy,5,12,Alive,Low
ONC-04921,40,Female,Prostate,Stage Iv,0.2,Never,Regular,No,22.8,2015-05-20,Combination Therapy,3,23,Alive,Medium
ONC-01497,44,Male,Colorectal,Stage Iii,5.8,Current,Regular,Yes,17.4,2016-04-01,Palliative Care,12,26,Alive,High
ONC-04443,86,Male,Breast,Stage I,3.2,Never,Regular,Yes,29.9,2019-02-23,Surgery,6,3,Deceased,Low
ONC-06921,47,Male,Liver,Stage I,0.8,Current,Regular,Yes,22.1,2021-07-21,Immunotherapy,8,15,Alive,Low
ONC-06252,69,Male,Brain,Stage Iii,3.0,Never,Occasional,No,18.6,2015-08-09,Immunotherapy,2,14,Alive,High
ONC-01015,48,Other,Ovarian,Stage I,0.1,Never,Regular,No,30.0,2022-11-17,Combination Therapy,4,12,Deceased,Low
ONC-01618,83,Other,Lung,Stage Iii,9.5,Former,Occasional,No,30.2,2018-08-20,Chemotherapy,6,27,Alive,High
ONC-01003,55,Male,Liver,Stage Iv,1.3,Current,Regular,Yes,21.6,2023-01-05,Radiation Therapy,9,46,Alive,Medium
ONC-01143,49,Female,Blood (Leukemia),Stage Iv,3.1,Former,Regular,No,26.5,2021-04-06,Chemotherapy,4,5,Alive,High
ONC-06145,73,Female,Ovarian,Stage Ii,5.9,Current,Regular,Yes,27.6,2016-12-01,Surgery,10,13,Alive,Low
ONC-00085,43,Other,Prostate,Stage Iii,3.8,Former,Heavy,Yes,39.2,2020-04-03,Palliative Care,3,49,Alive,High
ONC-02211,49,Female,Ovarian,Stage Ii,1.8,Former,Regular,Yes,24.7,2023-03-28,Palliative Care,8,43,Alive,Medium
ONC-06006,20,Male,Colorectal,Stage Iv,3.0,Current,Regular,No,31.4,2022-10-05,Chemotherapy,10,12,Alive,High
ONC-05132,70,Other,Colorectal,Stage I,1.9,Current,Occasional,No,27.4,2021-07-09,Radiation Therapy,4,18,Alive,Medium
ONC-01401,61,Female,Colorectal,Stage Iii,3.3,Never,Regular,No,34.3,2022-05-01,Palliative Care,4,9,Alive,High
ONC-02292,69,Male,Brain,Stage Iv,2.4,Former,Regular,No,29.4,2024-06-10,Radiation Therapy,9,1,Deceased,High
ONC-03246,46,Male,Liver,Stage Iii,0.2,Never,Heavy,No,32.1,2022-06-02,Immunotherapy,8,7,Alive,Not Recorded
ONC-03876,35,Male,Breast,Stage Iii,4.0,Current,Regular,No,32.8,2019-08-02,Palliative Care,7,26,Alive,Low
ONC-06570,51,Male,Prostate,Stage Ii,1.1,Never,Regular,Yes,29.3,2020-08-27,Radiation Therapy,3,1,Alive,Medium
ONC-02855,56,Female,Pancreatic,Stage I,3.6,Never,Heavy,Yes,27.0,2015-08-18,Palliative Care,8,6,Alive,Medium
ONC-07225,56,Female,Skin (Melanoma),Stage Iii,1.0,Current,Occasional,No,19.7,2019-01-30,Palliative Care,9,47,Deceased,Medium
ONC-06471,71,Male,Colorectal,Stage Ii,6.1,Current,Regular,No,23.4,2022-03-17,Combination Therapy,7,3,Alive,Medium
ONC-06881,47,Female,Prostate,Stage I,4.3,Never,Regular,No,23.4,2024-09-26,Surgery,9,32,Alive,Medium
ONC-05905,65,Other,Brain,Stage Iv,1.5,Former,Regular,No,30.3,2016-05-04,Radiation Therapy,9,7,Deceased,Medium
ONC-03119,66,Male,Lung,Stage Iii,8.7,Current,Regular,No,19.1,2023-03-04,Chemotherapy,1,54,Deceased,Critical
ONC-01363,27,Male,Lung,Stage Iii,0.6,Former,Regular,Yes,26.8,2023-06-28,Radiation Therapy,8,10,Alive,High
ONC-00621,48,Female,Brain,Stage Iii,8.0,Never,Regular,No,29.7,2020-01-31,Immunotherapy,6,12,Alive,Critical
ONC-01865,50,Male,Skin (Melanoma),Stage Iv,2.4,Never,Regular,Yes,29.7,2019-02-19,Radiation Therapy,4,21,Alive,Medium
ONC-02755,60,Male,Prostate,Stage Ii,4.1,Former,Regular,No,16.0,2020-03-15,Combination Therapy,9,3,Deceased,High
ONC-02078,15,Male,Skin (Melanoma),Stage Iv,1.1,Never,Occasional,No,28.8,2016-07-05,Palliative Care,3,3,Deceased,High
ONC-04636,33,Female,Skin (Melanoma),Stage Iv,3.9,Current,Regular,Yes,31.7,2018-04-21,Surgery,2,28,Alive,Critical
ONC-07423,84,Other,Lung,Stage Ii,7.3,Former,Regular,No,27.2,2022-10-16,Palliative Care,15,14,Alive,High
ONC-04113,52,Other,Prostate,Stage Ii,1.2,Current,Occasional,No,30.4,Unknown,Palliative Care,5,17,Deceased,High
ONC-06385,58,Male,Prostate,Stage Ii,0.7,Never,Regular,No,26.8,2024-11-24,Palliative Care,3,11,Alive,Low
ONC-02216,63,Other,Ovarian,Stage Iv,7.3,Former,Regular,No,29.8,2022-09-09,Combination Therapy,6,93,Deceased,High
ONC-04301,53,Female,Prostate,Stage Ii,6.7,Never,Occasional,No,41.0,2018-07-01,Palliative Care,8,20,Deceased,High
ONC-03127,57,Female,Breast,Stage Ii,2.2,Current,Heavy,Yes,26.6,2021-06-05,Radiation Therapy,9,12,Alive,Low
ONC-02176,56,Male,Breast,Stage Iii,3.4,Never,Regular,No,23.2,2016-12-22,Immunotherapy,12,38,Alive,Critical
ONC-06176,68,Female,Breast,Stage I,0.2,Former,Regular,Yes,15.6,2024-01-09,Radiation Therapy,6,9,Alive,Low
ONC-02297,71,Female,Ovarian,Stage I,2.4,Former,Regular,Yes,28.8,2015-09-03,Surgery,4,2,Alive,Low
ONC-01058,51,Female,Colorectal,Stage I,1.9,Never,Regular,No,26.0,2017-07-14,Palliative Care,5,2,Alive,Low
ONC-03432,63,Other,Pancreatic,Stage Iv,2.1,Current,Regular,No,20.8,2015-08-31,Surgery,3,28,Alive,Medium
ONC-02328,48,Other,Ovarian,Stage Ii,0.6,Never,Heavy,No,29.4,2015-01-05,Chemotherapy,2,17,Not Recorded,High
ONC-06676,58,Female,Brain,Stage Iv,0.8,Current,Regular,No,28.2,2022-08-08,Immunotherapy,7,6,Alive,Critical
ONC-05080,74,Other,Prostate,Stage Iv,0.6,Never,Regular,No,27.8,2022-04-04,Combination Therapy,2,15,Deceased,Critical
ONC-06983,64,Male,Pancreatic,Stage I,2.4,Never,Heavy,Yes,32.5,2020-04-16,Palliative Care,7,34,Alive,Low
ONC-01941,4,Other,Colorectal,Stage Iii,0.6,Never,Occasional,Yes,33.2,2024-11-14,Immunotherapy,4,12,Alive,High
ONC-04449,75,Male,Prostate,Stage I,0.2,Current,Heavy,Yes,26.7,2021-04-22,Chemotherapy,10,9,Alive,High
ONC-02875,45,Male,Breast,Stage Iii,8.5,Current,Regular,Yes,33.5,2018-06-30,Chemotherapy,6,13,Alive,Critical
ONC-06280,66,Other,Colorectal,Stage I,3.1,Current,Heavy,No,28.9,2020-09-14,Immunotherapy,9,24,Deceased,Medium
ONC-06761,83,Male,Prostate,Stage I,2.2,Former,Regular,Yes,28.2,2022-11-16,Immunotherapy,6,38,Deceased,Medium
ONC-02885,45,Male,Prostate,Stage Iv,3.1,Never,Heavy,Yes,34.4,2020-10-05,Radiation Therapy,5,4,Alive,High
ONC-06131,70,Other,Lung,Stage Iv,1.9,Current,Occasional,Yes,14.2,2021-01-05,Palliative Care,6,9,Alive,Critical
ONC-03008,61,Male,Skin (Melanoma),Stage Iv,2.4,Never,Regular,No,20.8,2020-02-02,Palliative Care,9,8,Deceased,High
ONC-06528,74,Other,Breast,Stage Iii,0.4,Never,Regular,Yes,25.3,Unknown,Radiation Therapy,3,8,Alive,Medium
ONC-06630,28,Other,Pancreatic,Stage Iii,1.2,Current,Regular,Yes,33.1,2023-03-10,Radiation Therapy,5,26,Deceased,Low
ONC-06246,37,Other,Skin (Melanoma),Stage Iv,2.0,Current,Regular,Yes,21.9,2023-03-13,Surgery,6,17,Alive,Not Recorded
ONC-01703,53,Other,Prostate,Stage I,0.3,Never,Heavy,No,24.6,2019-05-06,Radiation Therapy,6,6,Alive,High
ONC-04311,44,Female,Pancreatic,Stage I,0.4,Current,Regular,No,20.1,Unknown,Radiation Therapy,6,10,Deceased,Critical
ONC-07321,58,Other,Breast,Stage Ii,0.1,Current,Occasional,Yes,26.9,2017-08-03,Surgery,7,19,Alive,Medium
ONC-04058,54,Other,Prostate,Stage I,2.2,Current,Occasional,Yes,29.2,2015-02-14,Radiation Therapy,6,47,Alive,Low
ONC-01581,79,Female,Breast,Stage I,4.6,Current,Regular,Yes,31.9,2023-01-09,Palliative Care,5,40,Alive,Medium
ONC-04267,27,Male,Colorectal,Stage Ii,2.4,Current,Regular,Yes,27.9,2018-06-07,Chemotherapy,8,8,Alive,Medium
ONC-05160,80,Female,Liver,Stage Iv,0.8,Former,Occasional,No,22.5,2023-04-05,Palliative Care,10,25,Alive,Medium
ONC-02950,24,Male,Prostate,Stage I,1.1,Current,Regular,Yes,26.2,2022-12-03,Chemotherapy,11,65,Alive,Low
ONC-04788,58,Male,Breast,Stage I,5.5,Never,Regular,Yes,29.2,2018-01-19,Surgery,3,13,Deceased,Medium
ONC-03018,69,Other,Liver,Stage Ii,0.4,Current,Occasional,No,15.9,Unknown,Surgery,4,6,Alive,Low
ONC-00007,42,Female,Prostate,Stage I,1.1,Current,Regular,Yes,18.1,2019-02-25,Radiation Therapy,5,31,Alive,Low
ONC-07341,60,Female,Liver,Stage Iv,0.1,Never,Regular,No,28.7,2016-02-28,Surgery,14,57,Alive,Critical
ONC-05286,50,Female,Liver,Stage Iv,11.4,Current,Regular,No,21.4,2021-11-02,Chemotherapy,6,25,Alive,Medium
ONC-02858,73,Male,Breast,Stage I,6.5,Former,Regular,Yes,30.6,2022-03-21,Combination Therapy,7,14,Alive,Low
ONC-02086,77,Female,Skin (Melanoma),Stage Iii,3.2,Never,Heavy,No,33.4,2021-04-30,Palliative Care,5,3,Deceased,Critical
ONC-05164,50,Other,Prostate,Stage Iv,1.0,Never,Regular,Yes,24.9,2021-08-04,Chemotherapy,7,6,Alive,Medium
ONC-04766,33,Female,Prostate,Stage Iv,1.2,Current,Occasional,No,22.9,2019-10-17,Radiation Therapy,4,72,Alive,High
ONC-01753,43,Male,Blood (Leukemia),Stage I,7.2,Never,Regular,Yes,24.5,2015-12-09,Radiation Therapy,8,0,Alive,Low
ONC-05714,55,Male,Liver,Stage Iii,0.6,Never,Regular,Yes,31.4,2017-12-07,Palliative Care,6,9,Alive,Low
ONC-05395,9,Other,Brain,Stage Ii,0.4,Current,Heavy,Yes,24.0,2016-06-25,Palliative Care,5,12,Deceased,Low
ONC-01660,43,Male,Pancreatic,Stage Iii,0.6,Never,Heavy,No,24.9,2019-06-04,Palliative Care,6,10,Alive,Medium
ONC-06363,68,Other,Skin (Melanoma),Stage Ii,6.8,Never,Heavy,No,19.0,2021-10-19,Palliative Care,10,7,Alive,Medium
ONC-03873,69,Other,Ovarian,Stage Iv,3.2,Current,Occasional,Yes,29.1,2023-12-17,Surgery,6,9,Deceased,Not Recorded
ONC-04162,58,Male,Breast,Stage Ii,0.4,Former,Occasional,Yes,12.3,2017-06-11,Chemotherapy,4,1,Alive,High
ONC-05356,66,Other,Brain,Stage Ii,1.8,Never,Regular,Yes,32.6,2024-01-24,Radiation Therapy,5,5,Alive,Low
ONC-05380,58,Male,Breast,Stage I,0.4,Never,Regular,No,26.8,2023-01-30,Combination Therapy,7,9,Alive,Low
ONC-07297,54,Male,Pancreatic,Stage I,1.2,Current,Regular,Yes,26.0,2018-02-10,Palliative Care,10,6,Alive,Medium
ONC-01826,58,Other,Pancreatic,Stage I,0.8,Current,Heavy,No,19.1,2022-08-20,Surgery,10,25,Alive,Low
ONC-03355,45,Female,Brain,Stage Iv,5.5,Current,Regular,No,17.1,2016-03-02,Immunotherapy,6,12,Deceased,High
ONC-00181,56,Male,Pancreatic,Stage I,2.3,Never,Regular,No,21.9,2019-04-18,Combination Therapy,7,3,Alive,Low
ONC-03693,72,Female,Prostate,Stage Iii,2.2,Current,Regular,Yes,22.1,Unknown,Surgery,7,14,Alive,Critical
ONC-07409,58,Other,Pancreatic,Stage Iv,0.4,Current,Occasional,No,26.0,2019-03-25,Immunotherapy,13,12,Deceased,Medium
ONC-04722,73,Male,Ovarian,Stage Iv,1.8,Former,Regular,No,32.7,Unknown,Palliative Care,6,41,Alive,Medium
ONC-03585,59,Other,Liver,Stage I,2.8,Never,Heavy,Yes,19.9,2017-11-17,Surgery,6,22,Deceased,Medium
ONC-01886,81,Other,Prostate,Stage Ii,0.8,Never,Regular,Yes,27.9,2022-03-18,Combination Therapy,3,8,Alive,High
ONC-01867,60,Other,Brain,Stage Ii,0.3,Never,Regular,Yes,21.3,2015-08-30,Immunotherapy,4,16,Deceased,High
ONC-02651,70,Female,Brain,Stage Iv,2.1,Former,Regular,Yes,24.1,2016-07-25,Radiation Therapy,7,21,Deceased,Critical
ONC-07292,20,Other,Colorectal,Stage Iv,2.0,Former,Heavy,Yes,27.1,2018-05-01,Palliative Care,8,19,Alive,Critical
ONC-06815,61,Male,Brain,Stage I,7.4,Current,Occasional,No,26.0,2016-03-17,Combination Therapy,3,5,Alive,Low
ONC-05598,59,Female,Ovarian,Stage Iv,2.6,Former,Regular,No,22.6,2016-03-19,Surgery,6,10,Deceased,Low
ONC-01557,44,Other,Blood (Leukemia),Stage Ii,19.8,Former,Regular,No,25.6,2022-04-01,Radiation Therapy,6,14,Alive,Medium
ONC-05975,47,Other,Breast,Stage I,2.3,Never,Occasional,No,26.0,2015-09-12,Immunotherapy,3,1,Deceased,Low
ONC-05981,57,Male,Prostate,Stage I,3.4,Current,Regular,No,27.5,2021-09-28,Palliative Care,3,11,Alive,High
ONC-02347,30,Female,Liver,Stage Iii,5.2,Never,Regular,No,32.6,Unknown,Chemotherapy,6,2,Alive,High
ONC-02205,51,Male,Liver,Stage Iii,6.9,Never,Regular,Yes,19.5,2016-09-27,Palliative Care,5,1,Alive,Critical
ONC-03735,28,Other,Liver,Stage Iii,8.0,Former,Occasional,No,26.5,Unknown,Chemotherapy,5,62,Alive,High
ONC-00508,59,Female,Ovarian,Stage Iii,1.7,Former,Regular,No,26.4,2016-02-10,Palliative Care,9,17,Alive,High
ONC-01379,57,Female,Pancreatic,Stage Iii,6.1,Former,Regular,No,23.3,2018-02-01,Palliative Care,6,6,Alive,Critical
ONC-06574,86,Female,Liver,Stage I,8.3,Former,Regular,Yes,25.3,2023-12-06,Palliative Care,3,27,Alive,Low
ONC-02127,57,Other,Breast,Stage Iv,0.7,Current,Regular,No,22.5,2018-12-14,Chemotherapy,3,49,Deceased,Critical
ONC-06496,58,Other,Lung,Stage Ii,2.0,Never,Occasional,No,29.4,2016-04-02,Palliative Care,9,19,Alive,Low
ONC-05749,32,Female,Brain,Stage Ii,3.2,Never,Regular,Yes,25.5,2016-04-11,Combination Therapy,2,12,Alive,Medium
ONC-05653,55,Other,Brain,Stage Iv,2.8,Current,Occasional,Yes,15.2,Unknown,Radiation Therapy,3,35,Alive,Critical
ONC-05538,58,Male,Pancreatic,Stage I,1.0,Former,Occasional,No,26.6,2021-12-23,Combination Therapy,10,27,Alive,Medium
ONC-03870,79,Female,Breast,Stage Iv,2.2,Former,Regular,Yes,23.1,2016-07-28,Surgery,4,9,Deceased,High
ONC-04334,56,Male,Brain,Stage Iv,0.1,Former,Regular,No,26.0,2015-06-11,Combination Therapy,3,5,Alive,High
ONC-01759,50,Other,Blood (Leukemia),Stage I,2.0,Former,Occasional,No,31.0,2019-03-28,Combination Therapy,8,17,Not Recorded,Low
ONC-02370,74,Male,Ovarian,Stage Iii,3.8,Former,Occasional,Yes,21.0,2021-12-14,Combination Therapy,7,12,Deceased,Critical
ONC-06599,45,Other,Liver,Stage Iii,2.1,Never,Regular,No,36.8,2021-11-30,Palliative Care,5,11,Alive,Critical
ONC-03021,15,Male,Blood (Leukemia),Stage Iii,4.3,Never,Regular,Yes,25.8,2015-06-09,Chemotherapy,9,12,Alive,Medium
ONC-07201,30,Female,Lung,Stage I,4.4,Current,Heavy,No,24.1,2021-04-20,Chemotherapy,7,14,Alive,Low
ONC-07073,74,Other,Pancreatic,Stage Iii,2.2,Never,Regular,Yes,27.2,2015-03-30,Combination Therapy,4,14,Alive,High
ONC-05035,66,Other,Breast,Stage I,1.2,Never,Regular,No,27.4,2021-12-17,Combination Therapy,5,41,Deceased,Low
ONC-02355,45,Female,Pancreatic,Stage I,8.9,Never,Regular,Yes,17.6,2018-05-04,Immunotherapy,6,1,Deceased,Low
ONC-01987,48,Male,Brain,Stage Iv,0.2,Never,Regular,Yes,29.9,2016-04-06,Palliative Care,3,9,Alive,High
ONC-03444,48,Other,Colorectal,Stage I,2.3,Never,Regular,No,24.1,2023-07-31,Combination Therapy,11,1,Deceased,Medium
ONC-03982,56,Male,Pancreatic,Stage Ii,0.8,Never,Regular,Yes,25.3,2021-06-01,Palliative Care,4,26,Alive,Low
ONC-03042,39,Other,Lung,Stage Iii,0.8,Current,Regular,Yes,33.5,2021-04-13,Chemotherapy,6,41,Deceased,Critical
ONC-06388,63,Male,Colorectal,Stage I,0.4,Never,Regular,No,30.4,2024-07-29,Palliative Care,4,8,Alive,High
ONC-06521,64,Male,Prostate,Stage Iii,0.4,Former,Regular,Yes,23.2,2016-03-11,Surgery,7,8,Deceased,Medium
ONC-01375,53,Other,Colorectal,Stage Ii,1.9,Former,Heavy,No,19.0,2021-01-08,Surgery,4,0,Alive,Low
ONC-02429,42,Male,Liver,Stage Iv,1.8,Never,Heavy,No,36.1,2016-01-26,Radiation Therapy,6,4,Deceased,Critical
ONC-05634,54,Female,Breast,Stage Ii,2.0,Never,Heavy,No,24.9,2018-08-29,Combination Therapy,6,1,Alive,Medium
ONC-04208,43,Female,Breast,Stage Iii,1.7,Former,Heavy,No,30.3,2015-10-20,Combination Therapy,10,21,Alive,Not Recorded
ONC-05316,36,Female,Ovarian,Stage I,8.9,Current,Regular,Yes,29.6,2017-12-20,Immunotherapy,4,10,Alive,Medium
ONC-02074,87,Male,Colorectal,Stage I,2.1,Current,Regular,No,20.0,2019-07-21,Combination Therapy,3,6,Deceased,Low
ONC-04494,50,Male,Pancreatic,Stage I,9.7,Current,Regular,Yes,22.7,2021-12-10,Surgery,2,15,Alive,High
ONC-03790,80,Male,Blood (Leukemia),Stage Iv,5.2,Never,Occasional,No,17.2,2023-09-12,Combination Therapy,3,2,Deceased,Medium
ONC-05580,87,Other,Breast,Stage Ii,0.6,Never,Regular,Yes,26.3,2019-04-09,Chemotherapy,8,9,Alive,Critical
ONC-00143,28,Female,Breast,Stage Iv,1.4,Current,Heavy,No,27.9,2022-12-16,Palliative Care,8,19,Alive,Critical
ONC-05780,52,Male,Blood (Leukemia),Stage I,2.4,Current,Occasional,Yes,26.0,2021-05-27,Surgery,5,18,Alive,Low
ONC-00612,50,Male,Skin (Melanoma),Stage Iv,2.7,Current,Occasional,Yes,31.5,2023-02-15,Surgery,9,20,Alive,Medium
ONC-04040,65,Female,Colorectal,Stage Ii,5.1,Current,Occasional,No,27.6,Unknown,Combination Therapy,4,6,Deceased,High
ONC-05243,86,Female,Brain,Stage I,1.3,Former,Occasional,No,26.4,2021-10-05,Palliative Care,5,15,Alive,Low
ONC-00152,62,Female,Breast,Stage Iv,0.2,Current,Regular,Yes,22.9,2015-06-10,Chemotherapy,9,12,Deceased,Medium
ONC-00566,76,Male,Blood (Leukemia),Stage Ii,20.0,Never,Regular,No,26.9,2021-12-26,Palliative Care,5,10,Not Recorded,Medium
ONC-06291,55,Male,Skin (Melanoma),Stage Iii,0.1,Former,Regular,Yes,24.2,2021-03-28,Combination Therapy,6,0,Deceased,Medium
ONC-04000,46,Other,Breast,Stage Iv,0.4,Current,Regular,Yes,25.2,2015-07-07,Surgery,8,4,Deceased,Critical
ONC-06235,45,Female,Ovarian,Stage Iii,1.7,Never,Heavy,Yes,30.6,2018-11-17,Surgery,6,29,Alive,Medium
ONC-02294,42,Female,Brain,Stage I,7.1,Never,Heavy,Yes,33.4,2022-09-17,Immunotherapy,3,23,Alive,Low
ONC-02225,44,Other,Liver,Stage I,5.6,Former,Occasional,Yes,26.7,2019-01-04,Immunotherapy,6,65,Alive,Low
ONC-01292,80,Other,Lung,Stage Ii,0.1,Former,Occasional,No,29.7,2021-04-14,Immunotherapy,4,15,Alive,Critical
ONC-01991,69,Male,Breast,Stage Iv,3.8,Never,Regular,No,30.8,2017-02-14,Radiation Therapy,3,0,Alive,Critical
ONC-03386,26,Female,Prostate,Stage Ii,3.2,Former,Heavy,No,31.1,2020-12-25,Surgery,4,8,Deceased,High
ONC-06438,54,Other,Pancreatic,Stage Ii,3.2,Former,Regular,No,27.7,2019-01-21,Combination Therapy,7,1,Alive,Medium
ONC-06323,66,Other,Prostate,Stage Iv,1.5,Current,Occasional,Yes,27.9,2015-10-10,Surgery,6,2,Deceased,Critical
ONC-02270,53,Female,Ovarian,Stage Iii,0.4,Never,Regular,No,22.5,2020-01-19,Palliative Care,9,11,Alive,Not Recorded
ONC-00972,36,Female,Brain,Stage I,0.6,Current,Regular,No,17.5,2018-04-18,Combination Therapy,7,0,Alive,Low
ONC-07063,54,Male,Liver,Stage I,1.9,Current,Occasional,No,27.7,2018-11-08,Combination Therapy,7,11,Deceased,Medium
ONC-07436,47,Other,Prostate,Stage I,17.2,Current,Heavy,No,21.9,2018-06-20,Palliative Care,3,26,Deceased,Medium
ONC-06357,54,Female,Prostate,Stage I,2.0,Current,Regular,Yes,21.5,2019-06-27,Surgery,3,19,Alive,Low
ONC-03182,99,Male,Prostate,Stage I,5.7,Former,Occasional,Yes,20.6,2019-06-11,Radiation Therapy,6,5,Deceased,High
ONC-06691,74,Male,Lung,Stage I,6.4,Current,Heavy,No,29.1,Unknown,Chemotherapy,4,0,Alive,Low
ONC-05783,32,Male,Skin (Melanoma),Stage Iv,0.3,Former,Regular,No,22.4,2017-11-04,Combination Therapy,5,10,Alive,Medium
ONC-04161,58,Other,Brain,Stage Iii,0.1,Current,Regular,Yes,24.9,2015-01-08,Radiation Therapy,2,85,Deceased,Medium
ONC-05836,78,Female,Breast,Stage Ii,0.7,Never,Heavy,Yes,20.2,2015-06-22,Immunotherapy,7,16,Not Recorded,Medium
ONC-04827,59,Female,Colorectal,Stage Ii,6.4,Current,Occasional,Yes,21.6,2023-04-14,Chemotherapy,7,12,Alive,Low
ONC-03024,74,Female,Liver,Stage Ii,4.1,Former,Regular,Yes,26.0,2023-10-13,Combination Therapy,5,19,Deceased,Medium
ONC-01832,62,Other,Ovarian,Stage Iii,0.6,Current,Regular,Yes,36.4,2016-10-10,Chemotherapy,3,13,Deceased,Medium
ONC-02306,78,Female,Prostate,Stage Iv,3.0,Former,Regular,Yes,25.2,2016-06-18,Immunotherapy,3,0,Alive,Critical
ONC-01893,49,Male,Colorectal,Stage I,1.2,Former,Heavy,No,26.0,2017-05-03,Combination Therapy,6,6,Alive,Low
ONC-04053,35,Male,Lung,Stage I,2.2,Former,Regular,No,32.6,2015-01-11,Combination Therapy,8,35,Alive,Medium
ONC-03671,55,Other,Skin (Melanoma),Stage Iv,7.2,Former,Occasional,Yes,33.4,2017-08-24,Palliative Care,3,32,Alive,High
ONC-03454,58,Male,Ovarian,Stage I,3.8,Never,Regular,No,24.5,2021-04-14,Surgery,5,5,Alive,Critical
ONC-06595,71,Other,Prostate,Stage Ii,0.4,Current,Regular,No,25.7,2020-08-10,Immunotherapy,4,78,Deceased,Medium
ONC-06895,53,Male,Prostate,Stage Ii,1.6,Current,Regular,Yes,28.2,2022-09-12,Immunotherapy,4,0,Alive,Low
ONC-03849,65,Male,Blood (Leukemia),Stage Ii,1.1,Never,Occasional,No,29.5,2023-05-27,Radiation Therapy,5,0,Deceased,Critical
ONC-01559,57,Male,Pancreatic,Stage I,1.9,Never,Regular,Yes,17.4,2023-01-02,Chemotherapy,9,6,Alive,High
ONC-07006,40,Other,Breast,Stage Iv,7.0,Current,Regular,Yes,28.0,2023-12-29,Palliative Care,5,38,Alive,Medium
ONC-02190,49,Female,Lung,Stage Iii,4.8,Current,Heavy,No,25.6,2019-07-03,Radiation Therapy,11,4,Not Recorded,High
ONC-05952,70,Male,Brain,Stage I,2.4,Current,Heavy,No,23.9,2024-03-28,Combination Therapy,7,13,Deceased,Low
ONC-02348,68,Other,Liver,Stage Iii,0.4,Never,Regular,Yes,27.0,2022-07-09,Palliative Care,2,16,Alive,Critical
ONC-02461,33,Other,Lung,Stage Iii,1.9,Current,Regular,Yes,31.1,2016-09-02,Immunotherapy,1,9,Alive,Critical
ONC-00978,73,Other,Brain,Stage Ii,9.2,Current,Regular,Yes,26.9,2024-07-27,Radiation Therapy,6,13,Deceased,Medium
ONC-05409,43,Male,Prostate,Stage Ii,1.0,Never,Occasional,No,29.3,2019-02-02,Surgery,10,77,Alive,Low
ONC-05645,42,Female,Liver,Stage Iii,8.2,Never,Heavy,No,26.0,2022-01-18,Chemotherapy,6,4,Alive,Medium
ONC-04541,58,Female,Blood (Leukemia),Stage I,5.2,Current,Occasional,Yes,26.4,2020-12-13,Radiation Therapy,2,5,Alive,Low
ONC-05845,49,Male,Colorectal,Stage Iv,4.2,Current,Occasional,No,16.6,2016-09-09,Radiation Therapy,7,3,Deceased,Critical
ONC-01852,48,Other,Colorectal,Stage I,4.7,Former,Occasional,No,23.7,2020-05-03,Palliative Care,5,9,Deceased,Low
ONC-05263,69,Other,Pancreatic,Stage Ii,12.1,Former,Heavy,No,32.4,2017-04-11,Surgery,14,14,Deceased,Not Recorded
ONC-07312,61,Female,Ovarian,Stage Iii,4.2,Former,Occasional,No,24.1,2023-10-15,Palliative Care,4,18,Deceased,High
ONC-07232,42,Male,Colorectal,Stage Ii,1.2,Former,Occasional,No,26.3,Unknown,Combination Therapy,4,84,Alive,Low
ONC-03556,77,Female,Blood (Leukemia),Stage I,1.7,Never,Regular,Yes,32.5,2020-08-23,Surgery,4,4,Alive,Medium
ONC-00703,48,Male,Blood (Leukemia),Stage Iv,7.8,Never,Regular,No,26.7,2020-02-11,Chemotherapy,5,13,Alive,High
ONC-02273,58,Male,Pancreatic,Stage Iv,3.2,Never,Heavy,No,27.7,2019-08-06,Surgery,8,74,Alive,High
ONC-04207,63,Male,Skin (Melanoma),Stage I,3.4,Never,Occasional,Yes,21.3,Unknown,Immunotherapy,7,3,Alive,Low
ONC-04614,55,Male,Colorectal,Stage Iii,20.0,Never,Regular,Yes,22.7,2021-05-04,Radiation Therapy,6,5,Deceased,High
ONC-04784,78,Male,Blood (Leukemia),Stage Iv,3.2,Current,Heavy,No,28.4,2015-01-23,Palliative Care,6,31,Alive,Critical
ONC-06972,63,Other,Pancreatic,Stage Iii,3.0,Never,Heavy,No,28.0,2021-02-01,Surgery,6,6,Alive,Medium
ONC-00400,76,Female,Blood (Leukemia),Stage Iii,2.9,Current,Regular,Yes,22.9,2015-09-25,Surgery,7,5,Alive,Medium
ONC-06468,54,Female,Colorectal,Stage I,1.5,Former,Heavy,Yes,27.5,2018-11-02,Combination Therapy,3,2,Alive,Not Recorded
ONC-04585,58,Other,Breast,Stage Iii,4.0,Never,Heavy,No,30.4,2015-03-20,Combination Therapy,5,27,Alive,High
ONC-04066,61,Other,Brain,Stage Iii,0.9,Former,Regular,Yes,27.5,2020-06-05,Surgery,8,4,Alive,Medium
ONC-00720,61,Other,Lung,Stage Iii,6.1,Never,Regular,No,17.8,2022-10-14,Surgery,8,1,Alive,High
ONC-01267,60,Other,Ovarian,Stage I,0.8,Never,Occasional,No,30.2,2018-05-19,Surgery,8,39,Alive,Low
ONC-01144,76,Female,Colorectal,Stage I,3.3,Never,Occasional,Yes,17.7,2022-07-09,Palliative Care,12,14,Alive,Low
ONC-03683,43,Other,Lung,Stage Iv,2.8,Former,Regular,No,19.9,2017-12-30,Surgery,5,42,Alive,High
ONC-01324,58,Other,Brain,Stage I,3.3,Never,Occasional,No,23.3,2019-01-23,Radiation Therapy,8,3,Not Recorded,Low
ONC-01460,39,Other,Ovarian,Stage Ii,3.4,Current,Heavy,No,35.4,2016-03-05,Combination Therapy,6,7,Alive,Low
ONC-02808,78,Other,Lung,Stage Iii,4.0,Current,Occasional,No,25.5,2017-10-08,Radiation Therapy,3,2,Deceased,High
ONC-07275,60,Other,Prostate,Stage I,1.0,Former,Regular,No,32.6,2024-11-19,Palliative Care,3,41,Deceased,Low
ONC-01419,60,Other,Brain,Stage Ii,0.4,Never,Regular,Yes,25.7,2022-05-24,Surgery,8,12,Deceased,Low
ONC-01620,41,Other,Colorectal,Stage Ii,4.2,Former,Occasional,No,20.2,2022-12-28,Combination Therapy,7,2,Alive,Not Recorded
ONC-01928,70,Other,Lung,Stage I,8.5,Current,Heavy,Yes,26.0,2016-04-03,Surgery,6,28,Deceased,Low
ONC-06894,83,Female,Liver,Stage Iv,2.7,Current,Regular,No,17.3,2021-05-29,Radiation Therapy,1,8,Alive,High
ONC-07035,56,Male,Pancreatic,Stage Ii,1.4,Never,Regular,Yes,26.4,2023-10-11,Immunotherapy,5,10,Deceased,Low
ONC-06997,62,Other,Blood (Leukemia),Stage Iii,2.9,Former,Occasional,Yes,18.1,2021-09-04,Radiation Therapy,6,15,Alive,Critical
ONC-04820,64,Female,Breast,Stage I,1.8,Never,Occasional,No,30.0,2021-12-25,Palliative Care,7,88,Deceased,Low
ONC-02908,66,Other,Breast,Stage I,13.4,Current,Occasional,No,26.6,2023-12-05,Chemotherapy,6,39,Alive,Low
ONC-00497,75,Male,Blood (Leukemia),Stage I,0.1,Former,Regular,No,27.5,Unknown,Combination Therapy,6,0,Alive,Low
ONC-06634,58,Female,Breast,Stage Iv,6.5,Never,Regular,Yes,27.2,2017-11-29,Combination Therapy,4,7,Alive,High
ONC-02398,91,Female,Brain,Stage I,1.9,Never,Heavy,No,25.3,2020-07-22,Palliative Care,5,7,Alive,Low
ONC-06844,78,Female,Ovarian,Stage I,1.8,Current,Heavy,Yes,26.0,2024-08-18,Combination Therapy,8,11,Alive,Medium
ONC-00938,61,Male,Prostate,Stage Iii,1.7,Former,Regular,Yes,31.8,2019-05-14,Chemotherapy,5,49,Alive,Medium
ONC-03780,46,Other,Pancreatic,Stage Ii,3.5,Former,Regular,Yes,25.8,2021-08-25,Chemotherapy,8,18,Alive,Medium
ONC-03965,45,Female,Blood (Leukemia),Stage Ii,2.4,Never,Regular,No,32.2,2020-12-07,Chemotherapy,6,12,Alive,Low
ONC-04931,66,Other,Pancreatic,Stage I,2.0,Current,Occasional,No,29.5,2021-11-01,Palliative Care,7,1,Alive,Low
ONC-06409,53,Female,Liver,Stage Iv,0.1,Never,Occasional,Yes,29.5,2023-11-27,Combination Therapy,3,19,Deceased,High
ONC-01872,41,Male,Lung,Stage Iv,0.1,Current,Heavy,Yes,26.9,2022-03-28,Immunotherapy,4,17,Not Recorded,Medium
ONC-01499,63,Other,Colorectal,Stage I,4.2,Never,Heavy,Yes,31.6,Unknown,Chemotherapy,11,6,Deceased,Low
ONC-02824,58,Other,Prostate,Stage Ii,4.1,Never,Regular,Yes,39.5,2021-12-29,Palliative Care,3,18,Alive,High
ONC-07293,48,Other,Lung,Stage Iv,3.1,Never,Occasional,Yes,21.8,2023-11-03,Immunotherapy,5,0,Alive,Critical
ONC-03264,46,Female,Prostate,Stage Iii,2.2,Former,Occasional,Yes,28.7,2024-09-16,Immunotherapy,6,80,Alive,Critical
ONC-07365,65,Male,Brain,Stage Iv,4.4,Never,Heavy,No,19.8,2017-09-29,Immunotherapy,5,18,Alive,Medium
ONC-00292,43,Female,Ovarian,Stage Iv,1.7,Former,Heavy,No,29.3,2016-11-16,Surgery,3,12,Alive,High
ONC-05639,58,Male,Blood (Leukemia),Stage Iv,0.9,Never,Regular,Yes,26.6,2016-04-16,Surgery,9,12,Alive,Not Recorded
ONC-01172,30,Other,Lung,Stage Iii,3.3,Former,Occasional,No,23.4,Unknown,Immunotherapy,3,3,Alive,High
ONC-03277,75,Female,Ovarian,Stage Iv,1.6,Current,Occasional,No,33.8,2024-08-07,Radiation Therapy,4,1,Deceased,Low
ONC-02777,65,Male,Breast,Stage Iv,0.7,Current,Heavy,No,37.0,2018-04-14,Palliative Care,5,2,Alive,Critical
ONC-02677,55,Male,Prostate,Stage I,0.1,Current,Regular,Yes,15.5,2022-06-09,Palliative Care,8,41,Alive,Low
ONC-06947,60,Other,Skin (Melanoma),Stage I,3.5,Current,Regular,Yes,28.6,2023-03-02,Chemotherapy,7,5,Alive,Low
ONC-03274,50,Other,Ovarian,Stage Iii,14.7,Current,Regular,Yes,26.2,2015-12-26,Chemotherapy,3,31,Alive,High
ONC-01314,53,Female,Lung,Stage Ii,7.5,Never,Heavy,Yes,27.0,2023-06-08,Surgery,7,12,Alive,High
ONC-02372,76,Male,Prostate,Stage Iv,2.8,Never,Regular,Yes,28.6,2015-07-11,Chemotherapy,7,15,Alive,Critical
ONC-04379,73,Female,Pancreatic,Stage Iv,0.8,Current,Regular,No,33.1,2021-04-13,Surgery,8,14,Deceased,High
ONC-06587,67,Other,Brain,Stage Ii,2.4,Current,Heavy,No,27.1,2020-05-01,Combination Therapy,5,4,Deceased,Low
ONC-00581,63,Male,Prostate,Stage Ii,1.0,Former,Regular,No,28.5,2019-08-19,Chemotherapy,5,0,Deceased,Low
ONC-07134,37,Other,Pancreatic,Stage Ii,9.7,Never,Regular,Yes,26.6,2023-10-10,Palliative Care,7,42,Not Recorded,Medium
ONC-05684,73,Female,Prostate,Stage Iv,1.6,Never,Heavy,Yes,17.3,2020-12-15,Combination Therapy,7,12,Alive,High
ONC-00888,55,Male,Brain,Stage Iv,8.2,Never,Regular,Yes,32.8,2018-06-30,Combination Therapy,7,9,Alive,High
ONC-02055,39,Female,Lung,Stage Iii,2.0,Never,Occasional,Yes,26.6,Unknown,Surgery,7,9,Alive,High
ONC-00491,62,Male,Blood (Leukemia),Stage Iv,0.1,Current,Regular,Yes,25.2,2016-01-05,Combination Therapy,8,21,Alive,High
ONC-01480,55,Other,Breast,Stage Iv,5.6,Never,Heavy,No,25.5,2020-07-31,Radiation Therapy,2,17,Deceased,Medium
ONC-03202,42,Female,Pancreatic,Stage I,1.0,Former,Regular,No,28.2,2016-05-11,Immunotherapy,10,12,Alive,Low
ONC-02073,38,Female,Ovarian,Stage Iii,2.4,Former,Occasional,Yes,24.1,2021-05-13,Surgery,7,3,Deceased,Low
ONC-00072,57,Female,Colorectal,Stage Iv,1.9,Former,Regular,Yes,19.4,2018-04-20,Chemotherapy,3,44,Alive,Critical
ONC-01262,76,Other,Skin (Melanoma),Stage I,2.0,Never,Regular,Yes,28.3,Unknown,Immunotherapy,10,14,Alive,Low
ONC-02699,42,Other,Pancreatic,Stage Ii,1.7,Current,Regular,Yes,27.6,2017-05-31,Immunotherapy,14,0,Deceased,Medium
ONC-00213,72,Other,Pancreatic,Stage Iii,2.4,Current,Regular,No,34.1,2016-05-14,Combination Therapy,5,4,Alive,High
ONC-03660,53,Female,Brain,Stage I,1.0,Current,Heavy,No,19.2,2024-11-07,Chemotherapy,6,8,Not Recorded,Low
ONC-02918,78,Male,Liver,Stage Iv,0.9,Former,Regular,No,28.2,Unknown,Immunotherapy,5,2,Alive,Critical
ONC-05906,48,Female,Blood (Leukemia),Stage Iv,0.9,Current,Regular,Yes,22.9,2021-02-09,Radiation Therapy,4,11,Alive,Critical
ONC-03813,46,Male,Ovarian,Stage Iii,11.3,Never,Occasional,No,29.3,2019-05-25,Radiation Therapy,8,28,Deceased,Medium
ONC-02930,58,Female,Pancreatic,Stage Iii,4.0,Former,Heavy,Yes,26.4,2018-07-17,Chemotherapy,5,75,Deceased,Critical
ONC-02560,44,Other,Pancreatic,Stage Iii,0.5,Former,Heavy,Yes,27.1,2019-03-13,Palliative Care,5,37,Alive,High
ONC-05549,58,Female,Brain,Stage Iii,3.9,Never,Regular,No,21.3,2020-03-24,Chemotherapy,6,3,Alive,High
ONC-01940,48,Female,Blood (Leukemia),Stage Iv,3.8,Former,Occasional,Yes,23.2,2020-08-20,Combination Therapy,2,5,Deceased,High
ONC-02667,47,Male,Ovarian,Stage Iv,3.8,Former,Occasional,Yes,22.6,2018-08-22,Surgery,6,3,Deceased,Critical
ONC-01397,69,Female,Breast,Stage Iii,2.4,Former,Regular,Yes,20.4,2023-03-28,Palliative Care,4,26,Alive,High
ONC-00752,53,Other,Blood (Leukemia),Stage Iv,2.2,Never,Regular,Yes,27.3,2022-04-08,Radiation Therapy,6,50,Alive,High
ONC-02566,68,Other,Prostate,Stage I,1.7,Never,Regular,Yes,25.9,2017-10-26,Palliative Care,3,18,Deceased,Low
ONC-01374,60,Male,Breast,Stage Iii,6.7,Current,Occasional,Yes,26.0,2016-06-26,Combination Therapy,5,22,Alive,High
ONC-00645,47,Female,Brain,Stage Ii,10.4,Former,Occasional,No,35.9,2023-02-21,Palliative Care,4,5,Not Recorded,High
ONC-05650,56,Other,Colorectal,Stage Ii,1.8,Current,Regular,No,19.5,2020-07-29,Radiation Therapy,2,33,Deceased,High
ONC-00477,24,Other,Breast,Stage Ii,7.1,Never,Heavy,Yes,21.5,2021-10-16,Surgery,10,5,Alive,Medium
ONC-05182,58,Male,Skin (Melanoma),Stage Iv,1.3,Former,Regular,Yes,32.0,2024-06-08,Radiation Therapy,10,2,Deceased,Medium
ONC-04632,34,Male,Lung,Stage Iv,0.5,Never,Occasional,No,22.6,2015-07-10,Radiation Therapy,5,32,Alive,Critical
ONC-05129,42,Female,Colorectal,Stage I,2.4,Never,Regular,No,23.2,2022-10-25,Immunotherapy,3,8,Alive,Low
ONC-06911,43,Female,Liver,Stage Iv,2.2,Never,Regular,Yes,19.8,2023-03-10,Radiation Therapy,3,4,Deceased,Critical
ONC-02825,61,Female,Breast,Stage Iii,2.4,Current,Occasional,No,36.1,2015-07-25,Surgery,6,7,Alive,High
ONC-02276,50,Male,Skin (Melanoma),Stage Iv,8.4,Former,Regular,Yes,23.4,2017-02-12,Palliative Care,6,48,Alive,Critical
ONC-07470,70,Other,Breast,Stage I,6.2,Never,Occasional,Yes,22.3,2018-01-04,Chemotherapy,4,7,Alive,Low
ONC-06271,53,Male,Skin (Melanoma),Stage Ii,6.6,Never,Regular,Yes,31.7,2015-04-21,Chemotherapy,3,9,Alive,Low
ONC-04502,51,Male,Ovarian,Stage Iv,2.8,Current,Heavy,No,35.3,2015-05-09,Combination Therapy,8,7,Alive,High
ONC-05006,58,Male,Ovarian,Stage Ii,1.1,Former,Regular,No,28.7,2019-09-07,Palliative Care,6,8,Alive,Medium
ONC-02011,63,Male,Breast,Stage I,13.3,Never,Heavy,No,21.6,2022-11-24,Radiation Therapy,4,2,Alive,High
ONC-02492,20,Male,Prostate,Stage Ii,1.6,Never,Regular,No,20.7,2021-05-23,Immunotherapy,9,27,Alive,Medium
ONC-04816,80,Other,Pancreatic,Stage Iv,2.3,Current,Regular,No,21.5,2016-12-24,Radiation Therapy,12,9,Deceased,Critical
ONC-02224,58,Male,Pancreatic,Stage Iii,0.6,Never,Occasional,Yes,19.4,2022-08-15,Radiation Therapy,5,17,Deceased,Critical
ONC-02036,65,Other,Brain,Stage Iii,13.6,Former,Regular,No,18.0,2018-03-03,Surgery,8,10,Deceased,High
ONC-04434,51,Male,Pancreatic,Stage I,1.3,Former,Regular,Yes,33.3,2020-01-17,Combination Therapy,3,22,Deceased,Medium
ONC-01149,58,Other,Blood (Leukemia),Stage Iii,0.4,Never,Regular,No,22.3,2017-05-18,Chemotherapy,5,0,Alive,Medium
ONC-02244,47,Other,Blood (Leukemia),Stage Ii,10.4,Never,Occasional,Yes,33.0,2016-05-26,Palliative Care,10,9,Alive,Medium
ONC-06559,72,Other,Colorectal,Stage I,1.4,Never,Occasional,Yes,23.2,2017-07-20,Surgery,6,19,Alive,High
ONC-01902,30,Other,Brain,Stage I,4.4,Never,Heavy,No,25.3,2024-08-31,Combination Therapy,6,39,Alive,Low
ONC-07290,57,Other,Brain,Stage Iv,0.3,Never,Regular,Yes,28.4,2017-04-07,Surgery,2,15,Alive,Critical
ONC-05719,52,Other,Lung,Stage Iv,4.0,Former,Heavy,Yes,27.2,2018-02-23,Palliative Care,4,2,Alive,Medium
ONC-03170,77,Other,Brain,Stage I,3.8,Former,Regular,Yes,21.9,2015-11-13,Immunotherapy,4,27,Deceased,Not Recorded
ONC-01272,8,Female,Colorectal,Stage Iv,11.0,Former,Occasional,No,26.0,2015-03-12,Immunotherapy,9,10,Deceased,Critical
ONC-05290,72,Male,Brain,Stage Iii,7.8,Current,Regular,No,27.6,2024-03-24,Surgery,9,22,Alive,Low
ONC-00078,41,Female,Breast,Stage Iii,1.2,Never,Regular,No,29.1,2020-07-07,Surgery,1,40,Alive,Critical
ONC-00540,58,Male,Ovarian,Stage Iv,3.4,Current,Regular,Yes,38.7,2018-08-06,Palliative Care,3,52,Alive,Critical
ONC-00805,86,Other,Prostate,Stage Iv,2.5,Current,Regular,No,25.4,2020-04-01,Immunotherapy,6,37,Alive,Critical
ONC-05261,47,Other,Blood (Leukemia),Stage I,0.7,Never,Occasional,No,30.5,2019-11-24,Immunotherapy,9,50,Deceased,Medium
ONC-00423,54,Female,Skin (Melanoma),Stage Ii,15.7,Former,Regular,Yes,33.5,Unknown,Chemotherapy,8,11,Deceased,Medium
ONC-01061,63,Other,Prostate,Stage Iv,3.8,Current,Regular,No,28.9,2018-11-27,Surgery,8,9,Alive,High
ONC-00662,67,Other,Breast,Stage Iv,2.7,Current,Heavy,Yes,20.5,2022-01-27,Palliative Care,5,32,Alive,Critical
ONC-06435,49,Other,Colorectal,Stage Iii,0.4,Current,Regular,No,29.9,2019-08-06,Palliative Care,3,9,Alive,High
ONC-06754,74,Other,Ovarian,Stage Ii,3.6,Never,Regular,No,29.1,2022-09-21,Combination Therapy,8,5,Alive,Medium
ONC-06204,39,Male,Liver,Stage I,2.4,Current,Occasional,Yes,27.1,2024-04-30,Palliative Care,6,14,Deceased,Low
ONC-02109,62,Female,Breast,Stage Ii,4.5,Never,Occasional,Yes,24.7,2019-04-11,Surgery,5,4,Not Recorded,Medium
ONC-07200,43,Female,Skin (Melanoma),Stage I,6.1,Current,Occasional,No,33.0,2016-01-30,Radiation Therapy,6,8,Deceased,Not Recorded
ONC-00279,46,Male,Blood (Leukemia),Stage Ii,1.1,Never,Heavy,No,22.5,2023-12-06,Immunotherapy,5,5,Alive,Medium
ONC-01598,62,Female,Brain,Stage Iv,5.3,Current,Heavy,Yes,22.6,2021-11-18,Immunotherapy,7,12,Alive,Medium
ONC-06293,58,Other,Colorectal,Stage Ii,10.2,Former,Heavy,No,24.4,2016-05-04,Combination Therapy,8,23,Alive,Low
ONC-07109,46,Other,Ovarian,Stage Iii,0.8,Current,Regular,No,20.5,2016-07-31,Palliative Care,6,8,Alive,High
ONC-03670,54,Male,Breast,Stage Iv,4.9,Never,Regular,Yes,18.0,2019-05-24,Radiation Therapy,6,54,Deceased,Critical
ONC-02138,63,Male,Liver,Stage Iii,4.1,Former,Regular,No,23.4,2021-11-10,Immunotherapy,6,16,Alive,Medium
ONC-06115,20,Male,Colorectal,Stage Iv,0.3,Former,Heavy,No,28.2,2024-06-19,Palliative Care,8,50,Deceased,High
ONC-06019,58,Female,Brain,Stage Iv,1.9,Former,Regular,No,33.0,2017-09-20,Surgery,5,15,Alive,High
ONC-07495,52,Other,Liver,Stage I,1.8,Current,Occasional,Yes,27.1,2017-12-23,Combination Therapy,10,4,Alive,Not Recorded
ONC-02866,83,Other,Skin (Melanoma),Stage Ii,4.6,Current,Occasional,No,20.7,2022-05-06,Combination Therapy,6,26,Deceased,High
ONC-03387,57,Female,Liver,Stage I,13.1,Former,Heavy,Yes,22.7,Unknown,Immunotherapy,5,1,Alive,Medium
ONC-02697,84,Female,Colorectal,Stage Iii,1.2,Former,Occasional,No,26.3,2022-03-16,Palliative Care,4,73,Deceased,High
ONC-05566,58,Male,Lung,Stage Iv,3.4,Former,Regular,Yes,32.9,2017-01-28,Radiation Therapy,8,20,Alive,Medium
ONC-05462,55,Other,Pancreatic,Stage Iv,0.8,Current,Regular,No,20.1,2017-12-07,Surgery,7,0,Alive,Medium
ONC-07142,59,Female,Lung,Stage I,3.3,Current,Heavy,Yes,28.1,2018-02-18,Surgery,6,73,Alive,Low
ONC-06924,40,Female,Prostate,Stage Iii,5.8,Never,Regular,No,27.7,2024-08-17,Combination Therapy,12,17,Deceased,High
ONC-06200,63,Other,Blood (Leukemia),Stage Iv,10.6,Never,Regular,No,32.4,2016-12-28,Palliative Care,4,18,Alive,High
ONC-00486,28,Female,Lung,Stage Ii,0.7,Current,Regular,Yes,25.6,2019-05-13,Palliative Care,7,12,Alive,Medium
ONC-04008,58,Male,Skin (Melanoma),Stage Iv,0.6,Never,Regular,No,27.1,2018-12-19,Palliative Care,9,35,Deceased,Critical
ONC-00952,77,Female,Liver,Stage Iv,2.4,Former,Heavy,Yes,23.0,2018-09-26,Chemotherapy,8,18,Deceased,High
ONC-04470,31,Male,Liver,Stage Ii,5.3,Current,Regular,Yes,20.9,2024-09-05,Palliative Care,6,24,Alive,High
ONC-04286,46,Female,Skin (Melanoma),Stage Ii,5.0,Never,Regular,No,24.6,2019-02-18,Combination Therapy,8,6,Alive,Medium
ONC-03308,30,Female,Skin (Melanoma),Stage Iii,14.6,Never,Regular,No,29.8,2016-02-12,Immunotherapy,1,1,Alive,Medium
ONC-06955,75,Male,Pancreatic,Stage Ii,2.5,Never,Regular,No,29.2,2021-02-10,Radiation Therapy,6,8,Alive,Medium
ONC-03694,54,Other,Lung,Stage Ii,0.3,Never,Occasional,No,29.3,2018-01-29,Palliative Care,3,11,Alive,Medium
ONC-04415,56,Other,Lung,Stage I,4.2,Current,Heavy,No,26.0,2019-03-10,Immunotherapy,6,3,Alive,High
ONC-04439,55,Female,Liver,Stage Iv,0.6,Current,Regular,No,22.9,2023-10-19,Chemotherapy,6,33,Deceased,High
ONC-06440,34,Male,Brain,Stage Iv,1.3,Never,Regular,Yes,28.0,2018-11-01,Radiation Therapy,6,2,Alive,High
ONC-06218,69,Other,Brain,Stage Iii,2.9,Current,Occasional,Yes,31.0,2020-02-25,Palliative Care,5,12,Deceased,Medium
ONC-00105,81,Male,Liver,Stage Ii,2.4,Current,Heavy,Yes,25.7,2020-07-31,Combination Therapy,7,10,Alive,Low
ONC-01344,91,Male,Liver,Stage Iv,8.8,Former,Regular,No,25.1,2018-11-19,Palliative Care,6,8,Alive,Critical
ONC-03967,64,Female,Lung,Stage Iii,1.7,Current,Occasional,No,30.1,2023-10-15,Palliative Care,2,26,Alive,High
ONC-06412,52,Other,Breast,Stage Iv,3.8,Never,Regular,Yes,22.1,2022-06-11,Combination Therapy,4,18,Deceased,Medium
ONC-03541,68,Other,Brain,Stage Iv,7.4,Former,Regular,Yes,21.2,2021-06-04,Palliative Care,8,1,Deceased,High
ONC-03271,58,Other,Lung,Stage Iv,0.4,Current,Occasional,No,34.1,2018-08-12,Chemotherapy,7,62,Alive,High
ONC-01892,76,Other,Breast,Stage Iv,0.4,Current,Heavy,Yes,35.8,2017-03-21,Combination Therapy,3,16,Deceased,Medium
ONC-05386,88,Other,Brain,Stage Iv,4.4,Former,Regular,Yes,36.7,Unknown,Radiation Therapy,7,6,Alive,Medium
ONC-04911,62,Other,Breast,Stage Iii,1.8,Never,Regular,No,32.7,2023-11-20,Surgery,6,6,Alive,Critical
ONC-04587,97,Other,Skin (Melanoma),Stage I,2.8,Never,Regular,No,27.0,2017-10-28,Combination Therapy,4,17,Alive,Low
ONC-02879,74,Female,Prostate,Stage Iv,2.4,Never,Regular,Yes,29.9,2022-10-05,Surgery,8,24,Alive,Critical
ONC-03557,58,Male,Blood (Leukemia),Stage I,8.0,Current,Regular,No,17.3,2019-05-30,Combination Therapy,9,17,Deceased,Low
ONC-04540,52,Other,Pancreatic,Stage Iii,4.3,Current,Regular,Yes,27.6,2021-05-01,Surgery,6,1,Alive,High
ONC-06842,61,Other,Colorectal,Stage I,11.3,Never,Regular,Yes,23.3,2022-09-11,Surgery,9,19,Deceased,Medium
ONC-05686,40,Female,Brain,Stage Ii,7.1,Never,Regular,Yes,19.9,2020-03-21,Palliative Care,5,1,Alive,Low
ONC-06578,60,Other,Prostate,Stage Iii,0.9,Former,Regular,Yes,25.0,2020-09-30,Chemotherapy,11,10,Deceased,High
ONC-04958,75,Female,Skin (Melanoma),Stage Iii,3.8,Current,Regular,Yes,30.7,2018-04-16,Chemotherapy,9,30,Alive,Medium
ONC-01956,49,Female,Prostate,Stage I,8.2,Former,Regular,Yes,26.0,2019-04-02,Immunotherapy,12,30,Alive,Low
ONC-06231,56,Other,Pancreatic,Stage Iv,9.3,Never,Regular,No,22.7,2021-04-19,Surgery,5,13,Alive,Critical
ONC-07229,67,Male,Breast,Stage I,3.4,Never,Regular,Yes,26.5,2017-04-28,Palliative Care,10,1,Deceased,Low
ONC-03468,43,Other,Lung,Stage Iii,2.2,Former,Occasional,Yes,31.4,2017-01-17,Chemotherapy,4,12,Alive,High
ONC-05024,81,Female,Skin (Melanoma),Stage Iii,2.0,Never,Regular,No,22.4,2015-11-27,Combination Therapy,8,5,Alive,Low
ONC-01636,65,Male,Liver,Stage Ii,3.7,Never,Regular,No,27.6,Unknown,Radiation Therapy,13,2,Alive,High
ONC-01204,47,Male,Lung,Stage I,1.3,Current,Regular,No,27.3,2020-05-10,Palliative Care,4,88,Deceased,Low
ONC-06915,76,Other,Pancreatic,Stage Iii,6.8,Current,Heavy,No,29.0,2021-03-20,Palliative Care,8,23,Alive,High
ONC-03076,71,Other,Skin (Melanoma),Stage I,3.1,Never,Regular,Yes,30.2,2018-11-17,Chemotherapy,6,10,Alive,Low
ONC-00347,37,Male,Pancreatic,Stage Iii,0.4,Never,Regular,Yes,22.5,2022-05-14,Chemotherapy,5,7,Alive,High
ONC-07133,65,Other,Lung,Stage Iii,5.0,Former,Occasional,Yes,25.6,2023-11-06,Palliative Care,4,38,Alive,Critical
ONC-05677,43,Female,Colorectal,Stage Ii,1.4,Never,Occasional,No,28.9,2017-03-17,Surgery,6,9,Alive,High
ONC-04974,62,Other,Liver,Stage Iv,2.2,Current,Heavy,No,25.3,2021-10-03,Surgery,6,20,Alive,Not Recorded
ONC-03846,62,Male,Pancreatic,Stage Ii,8.1,Never,Occasional,No,21.3,2016-07-04,Immunotherapy,5,1,Deceased,Medium
ONC-03241,53,Male,Ovarian,Stage Ii,0.5,Never,Regular,Yes,24.3,2018-02-24,Palliative Care,6,21,Alive,Low
ONC-06687,43,Male,Prostate,Stage Iii,0.3,Former,Occasional,No,28.8,Unknown,Radiation Therapy,0,13,Deceased,High
ONC-00984,84,Female,Prostate,Stage Iv,16.2,Current,Occasional,Yes,30.3,2021-02-22,Immunotherapy,5,12,Alive,Critical
ONC-07218,81,Male,Breast,Stage I,2.4,Current,Occasional,No,26.0,2017-04-16,Surgery,8,27,Deceased,Low
ONC-07410,72,Male,Brain,Stage Iii,0.2,Former,Heavy,Yes,25.6,2024-08-14,Chemotherapy,10,12,Alive,Medium
ONC-00585,35,Other,Prostate,Stage Iv,1.4,Never,Occasional,No,23.5,2019-12-06,Immunotherapy,9,2,Deceased,Critical
ONC-01906,52,Female,Blood (Leukemia),Stage Iv,3.1,Former,Regular,No,19.5,Unknown,Chemotherapy,9,16,Deceased,Critical
ONC-02911,65,Other,Breast,Stage Iv,1.5,Current,Regular,No,28.5,2019-10-21,Immunotherapy,5,19,Alive,Critical
ONC-03783,63,Male,Ovarian,Stage Iv,5.2,Former,Regular,Yes,25.4,2023-03-13,Surgery,5,9,Alive,Critical
ONC-04865,46,Male,Ovarian,Stage I,2.0,Current,Regular,Yes,20.4,2017-09-14,Chemotherapy,2,60,Alive,Low
ONC-01099,45,Other,Breast,Stage Ii,3.0,Current,Occasional,No,23.7,2022-06-13,Palliative Care,3,19,Deceased,Not Recorded
ONC-05540,62,Female,Colorectal,Stage I,1.3,Current,Regular,Yes,20.4,2017-11-20,Surgery,6,5,Alive,Low
ONC-02446,47,Other,Lung,Stage I,6.1,Former,Regular,Yes,27.5,2019-11-18,Radiation Therapy,7,12,Alive,Medium
ONC-03478,58,Male,Ovarian,Stage Iii,5.4,Never,Regular,No,25.3,2023-12-18,Surgery,7,13,Alive,Low
ONC-07013,71,Female,Liver,Stage I,3.2,Current,Regular,No,29.2,2018-04-01,Surgery,7,15,Alive,Low
ONC-04815,45,Other,Breast,Stage Iii,0.2,Former,Occasional,No,21.3,2022-08-10,Surgery,9,2,Alive,High
ONC-01080,59,Other,Skin (Melanoma),Stage I,7.5,Former,Occasional,No,26.1,2023-06-07,Immunotherapy,5,56,Deceased,Critical
ONC-04118,47,Male,Prostate,Stage Iv,1.2,Former,Occasional,No,21.2,2019-09-05,Surgery,3,67,Alive,High
ONC-05638,48,Other,Breast,Stage I,4.1,Former,Heavy,Yes,39.0,2023-11-20,Combination Therapy,7,12,Alive,Low
ONC-00908,54,Female,Prostate,Stage Iii,20.0,Never,Regular,Yes,26.9,2023-10-24,Radiation Therapy,8,5,Deceased,High
ONC-04130,52,Other,Lung,Stage Ii,1.7,Never,Regular,No,21.8,2018-10-09,Palliative Care,13,6,Deceased,Medium
ONC-01125,68,Female,Liver,Stage Iv,3.0,Never,Occasional,No,23.8,2019-05-29,Surgery,5,10,Alive,Critical
ONC-06557,51,Male,Colorectal,Stage Ii,1.8,Former,Regular,Yes,26.9,2019-01-21,Combination Therapy,3,12,Alive,Low
ONC-07258,51,Male,Prostate,Stage Iv,1.4,Never,Regular,Yes,24.4,Unknown,Immunotherapy,7,19,Deceased,Critical
ONC-02300,64,Female,Brain,Stage I,6.3,Never,Heavy,No,26.0,2016-08-06,Chemotherapy,6,4,Alive,Medium
ONC-06577,58,Other,Breast,Stage Iv,2.6,Never,Occasional,No,25.3,2021-12-10,Immunotherapy,7,21,Alive,Critical
ONC-03121,45,Female,Breast,Stage Iv,1.3,Current,Regular,Yes,20.3,2024-09-12,Combination Therapy,8,3,Alive,High
ONC-06210,69,Other,Pancreatic,Stage Iii,6.6,Current,Occasional,Yes,30.7,2015-01-24,Surgery,5,21,Not Recorded,Medium
ONC-02991,46,Female,Ovarian,Stage Iv,1.4,Former,Regular,No,23.8,2022-09-03,Radiation Therapy,13,12,Alive,Critical
ONC-06624,60,Other,Blood (Leukemia),Stage Iv,2.7,Current,Occasional,Yes,26.0,2018-03-20,Palliative Care,10,18,Alive,High
ONC-03051,58,Male,Brain,Stage Iv,3.5,Never,Regular,Yes,25.1,2015-11-29,Immunotherapy,6,4,Alive,Not Recorded
ONC-00264,67,Female,Liver,Stage Iii,2.4,Never,Heavy,Yes,26.4,2018-12-28,Combination Therapy,4,8,Deceased,Low
ONC-00614,60,Female,Prostate,Stage I,9.6,Current,Occasional,No,19.1,2017-04-01,Chemotherapy,5,32,Alive,Low
ONC-01424,49,Male,Brain,Stage Iv,0.8,Former,Regular,No,28.4,2016-04-27,Palliative Care,6,13,Alive,High
ONC-05375,58,Male,Prostate,Stage Iii,1.3,Former,Heavy,No,25.7,2022-02-12,Combination Therapy,10,27,Alive,Critical
ONC-00909,58,Male,Lung,Stage I,2.3,Current,Occasional,No,35.2,2017-03-16,Palliative Care,5,4,Alive,Low
ONC-05838,52,Other,Brain,Stage Ii,1.2,Former,Regular,No,27.4,2024-10-28,Combination Therapy,5,15,Alive,Medium
ONC-02151,44,Male,Liver,Stage Iv,0.5,Never,Regular,Yes,29.2,2024-12-04,Chemotherapy,3,7,Alive,High
ONC-01271,73,Male,Breast,Stage Iii,1.6,Never,Regular,No,25.6,Unknown,Radiation Therapy,6,48,Alive,Medium
ONC-03230,40,Male,Blood (Leukemia),Stage Iv,1.8,Never,Occasional,Yes,26.9,2016-06-15,Chemotherapy,9,8,Deceased,Medium
ONC-01670,65,Male,Breast,Stage Iii,0.6,Never,Occasional,No,16.1,2024-11-09,Immunotherapy,7,0,Deceased,Critical
ONC-03014,25,Other,Ovarian,Stage Iii,1.2,Never,Heavy,No,21.8,2018-11-08,Palliative Care,7,92,Deceased,High
ONC-06266,57,Other,Brain,Stage Ii,2.4,Former,Occasional,No,35.4,2024-11-11,Immunotherapy,9,1,Alive,High
ONC-04946,69,Female,Liver,Stage I,4.5,Former,Regular,No,12.8,2017-01-17,Radiation Therapy,6,18,Deceased,Low
ONC-03225,74,Female,Pancreatic,Stage Ii,8.8,Never,Regular,No,34.7,2016-02-03,Palliative Care,9,26,Alive,Medium
ONC-06584,69,Female,Liver,Stage Iii,0.4,Never,Heavy,No,28.0,2022-08-29,Radiation Therapy,7,25,Alive,High
ONC-00092,58,Male,Pancreatic,Stage Iv,9.8,Former,Occasional,No,31.3,2019-11-30,Palliative Care,12,28,Alive,Critical
ONC-01219,69,Other,Skin (Melanoma),Stage Iv,3.4,Current,Regular,Yes,23.1,2019-04-11,Palliative Care,5,32,Deceased,High
ONC-05088,49,Other,Ovarian,Stage Iv,7.8,Former,Occasional,No,24.0,2015-07-29,Chemotherapy,7,21,Alive,Critical
ONC-07154,58,Male,Colorectal,Stage Iv,5.1,Current,Occasional,No,29.0,2016-06-19,Radiation Therapy,8,20,Deceased,Critical
ONC-04327,57,Other,Lung,Stage Iv,15.4,Former,Heavy,Yes,26.5,2024-12-23,Chemotherapy,3,36,Not Recorded,Critical
ONC-05537,53,Female,Colorectal,Stage Iii,0.9,Current,Regular,No,23.7,2024-11-16,Radiation Therapy,4,7,Alive,Medium
ONC-00894,64,Female,Pancreatic,Stage Iii,4.4,Never,Regular,Yes,24.5,2024-04-06,Surgery,9,1,Alive,Critical
ONC-04036,66,Male,Colorectal,Stage I,0.1,Never,Occasional,Yes,28.3,2016-11-18,Immunotherapy,9,0,Alive,Low
ONC-05359,79,Other,Pancreatic,Stage Iv,0.6,Never,Occasional,No,28.9,2016-04-26,Palliative Care,8,4,Alive,Medium
ONC-02410,57,Male,Brain,Stage Ii,4.3,Never,Regular,No,21.5,2023-09-17,Radiation Therapy,3,25,Deceased,Medium
ONC-03210,61,Other,Colorectal,Stage I,2.4,Former,Regular,Yes,26.8,2020-11-30,Palliative Care,11,31,Alive,Low
ONC-07251,90,Female,Breast,Stage Ii,0.1,Current,Heavy,No,28.2,2018-10-12,Chemotherapy,3,3,Alive,Not Recorded
ONC-01980,45,Male,Ovarian,Stage Iii,3.8,Former,Regular,No,27.5,2018-02-16,Radiation Therapy,7,46,Alive,High
ONC-04100,39,Female,Prostate,Stage Iii,7.9,Current,Heavy,No,25.8,2017-05-23,Immunotherapy,3,33,Deceased,High
ONC-01259,60,Female,Pancreatic,Stage Iv,1.2,Never,Occasional,No,29.4,2018-07-30,Palliative Care,6,2,Alive,Medium
ONC-06262,58,Female,Lung,Stage Iii,8.4,Current,Occasional,Yes,17.1,2021-08-19,Surgery,7,6,Deceased,High
ONC-04763,67,Other,Prostate,Stage I,6.2,Never,Regular,No,28.5,2017-12-11,Immunotherapy,5,12,Deceased,High
ONC-05652,46,Other,Brain,Stage Iii,1.9,Never,Heavy,Yes,20.7,2022-04-23,Radiation Therapy,5,17,Alive,High
ONC-06779,77,Female,Pancreatic,Stage Iii,3.0,Former,Regular,Yes,19.1,2019-09-13,Combination Therapy,6,20,Alive,High
ONC-01910,97,Other,Ovarian,Stage I,5.6,Current,Regular,No,35.4,2016-03-15,Chemotherapy,7,62,Alive,Low
ONC-00220,57,Other,Skin (Melanoma),Stage I,7.0,Current,Regular,No,28.0,2018-03-11,Immunotherapy,6,15,Deceased,Low
ONC-06207,47,Female,Brain,Stage I,1.2,Former,Regular,No,20.9,2024-11-24,Immunotherapy,8,12,Deceased,Low
ONC-05472,59,Female,Skin (Melanoma),Stage Iii,1.4,Never,Occasional,Yes,22.7,2024-03-26,Chemotherapy,5,15,Not Recorded,Medium
ONC-03055,51,Female,Brain,Stage Iv,4.7,Never,Regular,No,26.5,2018-06-26,Surgery,6,22,Alive,Not Recorded
ONC-03968,52,Female,Ovarian,Stage Iv,1.7,Never,Regular,No,22.3,2023-12-23,Immunotherapy,6,28,Alive,Critical
ONC-03280,70,Female,Colorectal,Stage I,0.2,Former,Regular,No,37.3,2021-10-24,Chemotherapy,7,4,Alive,Low
ONC-03860,57,Other,Prostate,Stage Ii,2.4,Former,Heavy,No,22.6,2016-06-18,Palliative Care,11,9,Alive,Medium
ONC-06137,76,Female,Skin (Melanoma),Stage I,0.2,Current,Regular,Yes,26.8,2019-05-03,Palliative Care,1,2,Not Recorded,Low
ONC-03602,61,Other,Prostate,Stage Ii,0.8,Never,Regular,Yes,20.8,2024-11-26,Chemotherapy,8,1,Deceased,Medium
ONC-05346,60,Other,Colorectal,Stage I,2.7,Never,Regular,Yes,23.7,2015-09-06,Chemotherapy,7,44,Alive,Low
ONC-02988,65,Other,Liver,Stage I,1.9,Never,Heavy,Yes,29.6,2024-05-26,Surgery,6,39,Deceased,Low
ONC-00070,58,Female,Liver,Stage Iii,1.8,Never,Heavy,Yes,28.6,2018-12-24,Radiation Therapy,2,1,Alive,Low
ONC-00859,65,Female,Pancreatic,Stage Iv,5.2,Never,Regular,No,22.0,2021-03-15,Immunotherapy,6,11,Alive,Critical
ONC-00466,58,Male,Prostate,Stage Iv,1.2,Never,Heavy,Yes,28.4,2015-09-15,Radiation Therapy,4,11,Alive,Critical
ONC-02474,69,Female,Pancreatic,Stage I,5.8,Current,Regular,No,28.1,2019-07-18,Combination Therapy,5,19,Alive,Low
ONC-00937,63,Male,Blood (Leukemia),Stage Iii,2.0,Current,Occasional,No,25.4,2019-10-19,Palliative Care,7,25,Alive,High
ONC-01352,56,Other,Prostate,Stage Iv,2.5,Former,Regular,Yes,26.4,2022-08-31,Surgery,6,16,Alive,High
ONC-03174,50,Other,Prostate,Stage Iv,2.2,Former,Heavy,No,26.0,2016-12-04,Radiation Therapy,7,41,Alive,High
ONC-03085,41,Male,Skin (Melanoma),Stage Iv,8.2,Former,Regular,No,21.9,2019-06-29,Combination Therapy,3,0,Deceased,Low
ONC-04652,72,Other,Blood (Leukemia),Stage Iii,11.5,Former,Occasional,No,20.9,2020-04-18,Radiation Therapy,6,52,Alive,Critical
ONC-05568,48,Male,Colorectal,Stage Ii,0.3,Never,Heavy,Yes,26.9,Unknown,Radiation Therapy,4,9,Alive,Low
ONC-07089,45,Female,Brain,Stage Iv,2.0,Never,Occasional,No,25.1,2015-04-30,Chemotherapy,4,2,Alive,High
ONC-02020,35,Other,Skin (Melanoma),Stage Ii,0.1,Current,Heavy,No,27.9,2021-08-26,Combination Therapy,3,0,Alive,High
ONC-00790,57,Male,Blood (Leukemia),Stage Iv,2.5,Former,Regular,Yes,21.7,2020-08-06,Radiation Therapy,6,31,Deceased,Medium
ONC-06615,51,Other,Brain,Stage Iv,2.5,Former,Heavy,Yes,30.4,2020-08-14,Combination Therapy,6,16,Deceased,High
ONC-02958,47,Female,Lung,Stage Iv,9.5,Former,Regular,No,24.0,2017-01-12,Palliative Care,6,10,Alive,Medium
ONC-06892,56,Other,Brain,Stage Iii,1.3,Current,Regular,Yes,26.1,2019-04-08,Palliative Care,9,0,Deceased,Low
ONC-00269,85,Other,Liver,Stage Iv,1.4,Current,Occasional,Yes,26.0,2022-09-08,Immunotherapy,8,1,Alive,Critical
ONC-03932,59,Male,Breast,Stage Iii,5.5,Former,Regular,No,29.3,2018-04-30,Combination Therapy,4,21,Deceased,High
ONC-03470,68,Other,Ovarian,Stage Iv,0.7,Never,Occasional,No,20.4,2018-10-04,Combination Therapy,5,27,Deceased,Medium
ONC-04193,60,Female,Liver,Stage Ii,3.2,Current,Regular,Yes,15.5,2021-04-27,Radiation Therapy,9,10,Alive,Medium
ONC-06525,60,Male,Skin (Melanoma),Stage I,4.6,Never,Occasional,No,12.0,2021-08-23,Palliative Care,5,0,Alive,Low
ONC-06113,41,Female,Liver,Stage Ii,0.6,Current,Regular,No,23.8,2018-09-25,Surgery,5,33,Not Recorded,Low
ONC-05709,28,Other,Pancreatic,Stage Iv,2.8,Former,Regular,No,22.4,2021-12-11,Palliative Care,6,12,Deceased,Critical
ONC-03646,52,Male,Skin (Melanoma),Stage Iv,0.1,Former,Regular,No,28.7,2020-05-25,Chemotherapy,8,18,Alive,Critical
ONC-06780,61,Other,Blood (Leukemia),Stage I,6.4,Never,Regular,No,32.4,2015-07-13,Palliative Care,10,17,Alive,Low
ONC-02455,46,Male,Breast,Stage I,0.1,Current,Regular,No,22.1,2020-05-27,Palliative Care,2,38,Deceased,Low
ONC-01744,72,Female,Ovarian,Stage Ii,1.9,Never,Regular,Yes,19.1,2017-05-17,Surgery,6,16,Alive,Medium
ONC-07148,55,Male,Lung,Stage Iii,6.1,Never,Regular,No,27.0,2021-11-06,Immunotherapy,5,7,Alive,Medium
ONC-03518,71,Female,Prostate,Stage Ii,0.7,Never,Heavy,Yes,26.0,2015-08-27,Chemotherapy,9,7,Alive,Low
ONC-02893,62,Female,Lung,Stage I,5.6,Current,Regular,No,32.9,2022-01-19,Radiation Therapy,8,3,Alive,Medium
ONC-04934,49,Male,Prostate,Stage Ii,0.3,Never,Heavy,Yes,22.4,2022-02-03,Palliative Care,4,7,Deceased,High
ONC-04484,55,Other,Lung,Stage Ii,0.4,Current,Regular,Yes,27.2,2015-10-22,Palliative Care,7,8,Alive,Medium
ONC-07015,47,Female,Breast,Stage Iv,4.0,Never,Occasional,No,27.5,2017-07-11,Surgery,6,11,Alive,Critical
ONC-02114,83,Other,Liver,Stage I,5.9,Former,Occasional,No,23.8,2022-05-11,Surgery,6,12,Deceased,Low
ONC-03546,60,Male,Pancreatic,Stage Ii,0.8,Never,Occasional,No,24.8,2020-08-30,Palliative Care,7,13,Alive,Medium
ONC-03921,39,Male,Prostate,Stage Iv,3.3,Former,Occasional,Yes,25.0,2021-04-14,Combination Therapy,5,27,Alive,High
ONC-01142,64,Other,Brain,Stage Iv,2.1,Never,Occasional,No,35.9,2022-06-01,Palliative Care,11,18,Deceased,Critical
ONC-05429,68,Female,Prostate,Stage Iii,1.6,Never,Heavy,Yes,27.3,Unknown,Immunotherapy,6,16,Alive,High
ONC-07017,40,Female,Lung,Stage I,8.5,Never,Regular,No,23.1,2016-07-20,Immunotherapy,9,0,Deceased,Low
ONC-03038,34,Male,Blood (Leukemia),Stage Iv,7.0,Current,Heavy,No,20.6,2023-03-01,Immunotherapy,5,11,Alive,Critical
ONC-02746,54,Female,Brain,Stage Ii,4.8,Former,Regular,No,27.1,Unknown,Immunotherapy,7,6,Deceased,Medium
ONC-04520,65,Female,Pancreatic,Stage I,15.3,Current,Regular,Yes,30.6,2021-06-06,Palliative Care,3,31,Alive,High
ONC-00929,61,Male,Prostate,Stage I,4.7,Current,Heavy,No,21.7,2018-11-08,Palliative Care,8,26,Alive,Low
ONC-06014,75,Other,Breast,Stage Iii,5.0,Former,Occasional,Yes,22.7,2021-06-23,Immunotherapy,8,39,Deceased,Not Recorded
ONC-04380,72,Male,Pancreatic,Stage Ii,0.9,Current,Regular,No,27.7,2024-06-07,Immunotherapy,6,0,Alive,Not Recorded
ONC-03623,58,Other,Breast,Stage Ii,5.1,Current,Occasional,No,24.0,2021-10-22,Radiation Therapy,4,0,Alive,Low
ONC-02937,57,Female,Breast,Stage Iv,2.6,Former,Occasional,Yes,28.7,2016-04-15,Palliative Care,4,5,Alive,Medium
ONC-05656,37,Other,Breast,Stage Iii,0.6,Current,Heavy,No,24.0,2016-06-08,Palliative Care,6,35,Alive,High
ONC-06190,50,Female,Brain,Stage I,2.2,Never,Heavy,No,29.3,2018-12-31,Palliative Care,5,58,Alive,Low
ONC-01961,56,Female,Breast,Stage Iv,14.5,Former,Heavy,No,20.9,2023-10-14,Chemotherapy,10,13,Not Recorded,Medium
ONC-00965,47,Male,Lung,Stage Iii,0.3,Current,Occasional,No,29.5,2020-06-10,Palliative Care,10,37,Deceased,Low
ONC-07274,29,Female,Prostate,Stage Iii,1.7,Former,Regular,No,29.5,2019-08-27,Chemotherapy,5,0,Deceased,High
ONC-03703,78,Female,Colorectal,Stage Iv,3.0,Current,Occasional,No,28.0,2021-09-07,Immunotherapy,8,9,Alive,Medium
ONC-02888,50,Other,Breast,Stage Iii,0.3,Former,Occasional,Yes,23.5,2022-08-05,Palliative Care,9,34,Deceased,Medium
ONC-07157,71,Male,Skin (Melanoma),Stage I,5.3,Former,Heavy,No,32.7,2018-08-08,Chemotherapy,11,14,Alive,Low
ONC-01359,59,Female,Breast,Stage Iv,0.5,Former,Regular,No,31.9,2017-12-01,Palliative Care,6,28,Alive,Critical
ONC-02155,30,Female,Blood (Leukemia),Stage Ii,2.4,Former,Regular,Yes,28.4,2024-12-08,Palliative Care,6,14,Alive,Medium
ONC-02873,59,Female,Brain,Stage Iii,4.0,Current,Regular,Yes,21.6,2021-04-21,Surgery,6,21,Alive,Medium
ONC-01146,39,Male,Ovarian,Stage I,1.5,Former,Heavy,No,24.0,2024-09-24,Combination Therapy,4,3,Not Recorded,High
ONC-05715,61,Female,Prostate,Stage I,0.7,Former,Regular,Yes,23.3,2017-06-03,Radiation Therapy,6,34,Alive,Medium
ONC-01551,48,Other,Prostate,Stage I,3.5,Former,Occasional,No,24.3,2018-08-03,Immunotherapy,6,4,Deceased,Low
ONC-03782,39,Male,Brain,Stage Ii,0.4,Former,Regular,Yes,20.8,2019-10-05,Palliative Care,10,18,Deceased,Medium
ONC-01503,68,Male,Breast,Stage Iv,4.9,Never,Heavy,No,28.6,2022-12-20,Combination Therapy,4,2,Deceased,Not Recorded
ONC-05327,61,Other,Skin (Melanoma),Stage Iii,0.7,Never,Occasional,Yes,34.7,2022-06-18,Radiation Therapy,7,4,Alive,Medium
ONC-00318,58,Female,Brain,Stage Ii,2.9,Never,Occasional,Yes,25.2,2021-01-06,Radiation Therapy,5,29,Alive,Low
ONC-02083,69,Female,Prostate,Stage Iii,2.5,Current,Occasional,Yes,29.8,2017-10-02,Radiation Therapy,6,47,Deceased,High
ONC-01903,74,Female,Colorectal,Stage Ii,0.8,Current,Regular,No,29.8,2018-08-01,Radiation Therapy,6,12,Deceased,Low
ONC-04330,81,Other,Skin (Melanoma),Stage Iii,1.3,Current,Regular,Yes,25.1,2024-07-02,Chemotherapy,6,13,Alive,High
ONC-03209,54,Other,Ovarian,Stage I,1.4,Never,Regular,No,27.5,2022-05-12,Surgery,3,6,Alive,Low
ONC-03600,77,Other,Prostate,Stage I,0.5,Never,Regular,Yes,19.6,2023-08-10,Surgery,7,30,Alive,Medium
ONC-05900,69,Male,Colorectal,Stage Iv,2.3,Former,Occasional,Yes,18.8,Unknown,Immunotherapy,5,6,Deceased,Critical
ONC-00363,60,Other,Colorectal,Stage Iv,6.1,Current,Regular,No,28.1,2018-05-03,Chemotherapy,3,14,Alive,Critical
ONC-02028,46,Female,Pancreatic,Stage Iii,7.6,Former,Regular,No,33.2,2018-12-14,Surgery,7,5,Alive,High
ONC-01151,46,Other,Liver,Stage Ii,0.4,Never,Regular,No,24.9,2020-10-25,Immunotherapy,6,23,Alive,Low
ONC-03086,57,Female,Pancreatic,Stage I,5.5,Current,Heavy,No,25.0,2018-04-06,Surgery,6,32,Alive,Low
ONC-06819,78,Male,Lung,Stage Ii,10.8,Never,Regular,No,29.5,2016-06-30,Chemotherapy,6,5,Alive,Low
ONC-07210,53,Female,Pancreatic,Stage Iii,2.8,Current,Regular,Yes,26.8,2018-05-14,Combination Therapy,4,27,Alive,High
ONC-04624,29,Female,Brain,Stage I,1.9,Former,Occasional,Yes,17.9,2024-04-27,Immunotherapy,8,12,Alive,Low
ONC-03019,53,Male,Blood (Leukemia),Stage Iv,0.2,Never,Regular,Yes,31.1,2015-09-17,Combination Therapy,10,2,Alive,Critical
ONC-04833,67,Male,Prostate,Stage Ii,0.6,Former,Occasional,Yes,19.5,2022-12-04,Palliative Care,8,1,Alive,High
ONC-00534,57,Male,Skin (Melanoma),Stage I,2.8,Never,Regular,No,25.3,2022-09-20,Combination Therapy,6,14,Alive,Low
ONC-00634,49,Other,Prostate,Stage Ii,1.7,Never,Regular,No,18.5,2022-05-18,Immunotherapy,4,28,Deceased,Low
ONC-00496,54,Female,Colorectal,Stage Ii,1.5,Former,Regular,No,31.9,2017-10-13,Radiation Therapy,4,14,Alive,High
ONC-00419,59,Male,Prostate,Stage I,1.4,Current,Heavy,No,34.3,2024-10-01,Palliative Care,5,16,Alive,Low
ONC-03551,52,Other,Skin (Melanoma),Stage Iii,3.4,Never,Regular,No,25.0,2018-12-04,Immunotherapy,3,1,Deceased,High
ONC-05533,44,Male,Pancreatic,Stage Iii,7.0,Never,Regular,Yes,22.7,2017-12-25,Chemotherapy,8,18,Alive,Critical
ONC-05593,68,Other,Ovarian,Stage Iii,0.8,Current,Occasional,No,29.8,2017-12-04,Radiation Therapy,2,25,Alive,Critical
ONC-06940,58,Other,Prostate,Stage I,0.6,Former,Regular,Yes,29.4,2022-11-14,Chemotherapy,2,14,Deceased,Low
ONC-03645,53,Other,Prostate,Stage I,2.3,Current,Heavy,Yes,24.1,2023-12-22,Immunotherapy,7,0,Deceased,Low
ONC-00170,82,Female,Breast,Stage Iii,5.7,Never,Regular,No,30.8,2015-10-05,Combination Therapy,3,5,Alive,Medium
ONC-05644,59,Male,Skin (Melanoma),Stage Iii,5.2,Never,Heavy,No,18.0,2017-07-11,Chemotherapy,7,1,Deceased,Medium
ONC-05932,50,Other,Brain,Stage I,0.1,Never,Regular,Yes,17.2,2024-05-29,Surgery,4,7,Alive,High
ONC-03154,36,Male,Ovarian,Stage Iv,0.5,Current,Occasional,No,19.7,2021-05-06,Combination Therapy,5,12,Deceased,Critical
ONC-03748,44,Male,Lung,Stage Iii,5.5,Never,Regular,No,29.4,2017-10-03,Surgery,5,6,Alive,Critical
ONC-01313,57,Other,Breast,Stage Iii,7.1,Former,Regular,Yes,27.7,2019-09-23,Immunotherapy,6,33,Alive,High
ONC-04505,82,Other,Skin (Melanoma),Stage I,0.1,Former,Heavy,Yes,34.4,2016-01-07,Combination Therapy,6,11,Alive,Low
ONC-02222,51,Male,Breast,Stage Iv,7.9,Former,Heavy,No,20.7,2022-06-24,Combination Therapy,4,4,Alive,High
ONC-00907,42,Female,Pancreatic,Stage Iv,2.6,Former,Regular,No,27.7,2019-04-16,Palliative Care,6,0,Alive,High
ONC-04332,58,Male,Blood (Leukemia),Stage Iv,1.6,Former,Heavy,No,31.6,2020-07-04,Combination Therapy,8,9,Alive,Critical
ONC-07402,69,Male,Ovarian,Stage Ii,1.2,Never,Occasional,No,21.3,2015-07-08,Radiation Therapy,5,6,Alive,Low
ONC-00071,42,Other,Brain,Stage Iii,2.7,Never,Regular,Yes,17.7,2023-01-28,Immunotherapy,6,45,Alive,High
ONC-01687,25,Female,Blood (Leukemia),Stage Iii,2.9,Former,Regular,Yes,26.5,2020-05-31,Combination Therapy,6,0,Alive,Critical
ONC-04867,78,Male,Brain,Stage Iii,0.1,Former,Occasional,Yes,25.6,2024-11-07,Radiation Therapy,6,3,Not Recorded,Medium
ONC-07216,50,Other,Liver,Stage Ii,0.2,Never,Occasional,Yes,25.2,2024-10-12,Combination Therapy,6,36,Deceased,High
ONC-02458,76,Female,Liver,Stage I,1.6,Current,Regular,No,27.5,2017-05-19,Immunotherapy,6,7,Alive,Low
ONC-01662,52,Male,Brain,Stage Iii,0.9,Never,Regular,Yes,27.6,2024-08-18,Surgery,6,15,Alive,Critical
ONC-00562,53,Female,Blood (Leukemia),Stage I,1.3,Former,Regular,No,29.7,2017-02-19,Radiation Therapy,5,12,Not Recorded,Low
ONC-01436,53,Other,Prostate,Stage Ii,3.7,Former,Regular,Yes,29.3,Unknown,Surgery,9,22,Alive,Medium
ONC-02938,54,Male,Colorectal,Stage Iv,2.4,Never,Heavy,No,29.5,2018-01-01,Combination Therapy,6,9,Alive,Critical
ONC-06148,72,Male,Brain,Stage I,2.8,Never,Regular,Yes,28.8,2016-11-24,Immunotherapy,5,0,Alive,Low
ONC-02126,39,Other,Prostate,Stage Ii,0.1,Never,Occasional,No,27.6,2022-04-24,Immunotherapy,5,7,Alive,Low
ONC-03304,47,Female,Pancreatic,Stage Iv,3.3,Never,Occasional,Yes,33.3,2015-01-12,Palliative Care,5,6,Deceased,Low
ONC-06009,63,Male,Prostate,Stage I,7.1,Never,Heavy,No,23.2,2015-12-05,Chemotherapy,4,37,Alive,High
ONC-00388,48,Other,Skin (Melanoma),Stage Iv,6.0,Former,Occasional,Yes,25.6,2020-10-19,Chemotherapy,12,31,Deceased,High
ONC-05294,36,Other,Skin (Melanoma),Stage Iv,2.0,Never,Regular,No,29.9,2024-07-09,Combination Therapy,6,1,Deceased,High
ONC-05014,46,Female,Skin (Melanoma),Stage Iv,8.5,Current,Heavy,Yes,24.8,2024-05-10,Chemotherapy,4,0,Alive,High
ONC-05091,58,Other,Lung,Stage I,3.6,Never,Heavy,Yes,29.0,2021-12-13,Palliative Care,7,28,Alive,Low
ONC-03208,56,Other,Liver,Stage I,7.0,Never,Occasional,No,19.6,2024-04-27,Palliative Care,8,7,Alive,Medium
ONC-02538,66,Male,Lung,Stage Iii,0.1,Never,Regular,Yes,14.9,2021-06-19,Radiation Therapy,7,12,Alive,Medium
ONC-02857,58,Male,Pancreatic,Stage Iii,4.1,Current,Occasional,Yes,22.6,2023-09-06,Chemotherapy,5,21,Alive,High
ONC-02874,49,Female,Prostate,Stage Iii,0.1,Never,Regular,Yes,29.1,Unknown,Chemotherapy,5,12,Alive,High
ONC-03902,27,Male,Skin (Melanoma),Stage Iv,2.5,Never,Regular,Yes,24.9,2024-12-07,Radiation Therapy,4,16,Alive,Medium
ONC-06194,48,Female,Prostate,Stage Iv,4.3,Never,Occasional,Yes,29.1,2024-08-09,Combination Therapy,7,28,Alive,Medium
ONC-04166,70,Male,Lung,Stage I,5.9,Current,Regular,No,23.0,2020-06-07,Combination Therapy,5,21,Alive,Low
ONC-00809,74,Female,Prostate,Stage Iv,2.7,Current,Regular,No,14.6,Unknown,Palliative Care,3,12,Alive,Medium
ONC-03233,66,Male,Liver,Stage I,3.2,Never,Occasional,Yes,26.0,2020-06-21,Combination Therapy,11,28,Alive,Medium
ONC-03947,33,Other,Liver,Stage Iv,4.2,Current,Regular,No,27.2,2020-07-04,Combination Therapy,8,66,Alive,Low
ONC-00012,52,Male,Lung,Stage I,6.0,Current,Occasional,No,26.0,2021-09-08,Surgery,2,35,Alive,Medium
ONC-00111,55,Male,Breast,Stage Iii,2.3,Current,Regular,Yes,22.6,Unknown,Radiation Therapy,6,16,Alive,High
ONC-05862,76,Other,Brain,Stage Iii,4.4,Former,Regular,No,27.8,Unknown,Chemotherapy,0,73,Alive,High
ONC-02731,62,Male,Ovarian,Stage Iii,1.7,Never,Regular,Yes,22.4,2022-11-25,Surgery,4,13,Deceased,High
ONC-06278,54,Male,Skin (Melanoma),Stage Iv,7.9,Former,Regular,No,26.4,2024-03-28,Palliative Care,6,2,Alive,Medium
ONC-06689,72,Other,Liver,Stage I,0.2,Current,Heavy,No,33.9,Unknown,Combination Therapy,6,66,Alive,Low
ONC-03418,77,Other,Prostate,Stage Iv,3.0,Former,Heavy,Yes,34.2,2019-10-17,Combination Therapy,6,11,Deceased,Critical
ONC-02037,88,Other,Pancreatic,Stage I,0.3,Never,Occasional,No,20.6,2021-09-02,Combination Therapy,6,12,Alive,Medium
ONC-07371,77,Other,Pancreatic,Stage Iii,4.0,Never,Regular,No,22.5,2021-01-02,Chemotherapy,1,10,Deceased,High
ONC-01828,80,Male,Prostate,Stage Iv,3.5,Current,Occasional,Yes,35.1,2017-07-06,Palliative Care,4,7,Alive,Critical
ONC-06935,39,Female,Blood (Leukemia),Stage Iv,4.0,Never,Regular,Yes,22.5,2024-02-16,Combination Therapy,4,48,Alive,High
ONC-04962,46,Other,Lung,Stage Iv,0.3,Current,Regular,No,28.3,2016-03-18,Radiation Therapy,10,36,Alive,Critical
ONC-07270,58,Other,Pancreatic,Stage Ii,0.4,Never,Occasional,Yes,20.3,2018-07-16,Immunotherapy,5,45,Deceased,Medium
ONC-06290,44,Male,Blood (Leukemia),Stage Ii,0.6,Current,Regular,Yes,24.8,2016-11-12,Immunotherapy,5,7,Alive,High
ONC-00779,58,Other,Prostate,Stage Iii,2.0,Former,Regular,Yes,22.4,2015-12-12,Immunotherapy,5,9,Alive,Medium
ONC-07101,82,Female,Blood (Leukemia),Stage Iv,1.2,Former,Occasional,No,35.1,2022-04-22,Chemotherapy,4,10,Deceased,Critical
ONC-01169,72,Male,Colorectal,Stage Iv,1.1,Former,Occasional,Yes,26.0,2020-04-22,Radiation Therapy,3,12,Alive,Critical
ONC-01184,33,Female,Liver,Stage I,1.3,Never,Regular,No,18.5,2020-02-16,Surgery,7,11,Alive,Low
ONC-01952,53,Other,Skin (Melanoma),Stage Iv,2.1,Never,Regular,No,28.1,2021-08-06,Radiation Therapy,12,34,Deceased,Critical
ONC-06110,68,Female,Colorectal,Stage Iii,6.5,Current,Regular,Yes,25.1,2018-02-16,Palliative Care,9,0,Deceased,Low
ONC-00429,71,Male,Ovarian,Stage Ii,0.6,Current,Occasional,Yes,14.8,Unknown,Palliative Care,6,21,Alive,Medium
ONC-01372,81,Female,Lung,Stage Iii,0.8,Current,Regular,Yes,30.8,2020-01-04,Combination Therapy,7,30,Alive,High
ONC-00828,70,Male,Pancreatic,Stage Iv,1.8,Never,Regular,No,20.7,2024-03-09,Chemotherapy,6,37,Alive,Critical
ONC-02542,76,Male,Blood (Leukemia),Stage I,1.2,Former,Heavy,Yes,30.0,2019-11-13,Surgery,6,15,Alive,Low
ONC-00559,34,Female,Pancreatic,Stage I,2.2,Former,Occasional,Yes,24.9,2018-10-08,Palliative Care,9,10,Alive,Low
ONC-01471,55,Male,Breast,Stage I,1.4,Current,Regular,Yes,26.2,2016-11-21,Palliative Care,5,1,Deceased,Critical
ONC-04869,47,Male,Prostate,Stage Ii,0.8,Former,Regular,Yes,23.5,2022-02-25,Chemotherapy,7,35,Alive,Low
ONC-04834,50,Male,Liver,Stage Iv,1.8,Never,Regular,No,18.2,2017-03-21,Chemotherapy,3,35,Alive,High
ONC-00499,70,Male,Colorectal,Stage Iii,11.5,Never,Regular,No,28.1,2021-11-19,Surgery,8,17,Deceased,Medium
ONC-02547,49,Female,Ovarian,Stage Iv,4.8,Former,Heavy,No,25.0,2022-06-02,Radiation Therapy,6,14,Alive,Medium
ONC-03706,50,Female,Blood (Leukemia),Stage Iv,18.6,Never,Regular,No,28.7,2019-01-31,Combination Therapy,7,11,Alive,Critical
ONC-03049,67,Other,Ovarian,Stage Iii,0.1,Former,Heavy,No,16.6,2019-08-05,Palliative Care,5,10,Alive,High
ONC-00377,60,Other,Colorectal,Stage Ii,2.8,Former,Regular,No,21.5,2023-03-05,Immunotherapy,5,4,Alive,Medium
ONC-06377,73,Female,Brain,Stage Ii,4.7,Former,Regular,Yes,20.7,2020-08-16,Palliative Care,2,4,Alive,Medium
ONC-01898,61,Other,Blood (Leukemia),Stage Ii,0.6,Former,Regular,Yes,29.4,2017-07-26,Immunotherapy,8,10,Alive,High
ONC-04456,70,Male,Lung,Stage Iv,2.1,Current,Regular,No,28.4,2021-10-04,Surgery,6,4,Alive,High
ONC-02311,83,Female,Breast,Stage I,2.4,Former,Heavy,No,24.9,2015-04-07,Combination Therapy,6,27,Deceased,Low
ONC-05759,58,Male,Prostate,Stage Iii,2.6,Current,Regular,No,31.4,2023-08-02,Chemotherapy,5,21,Deceased,High
ONC-06835,54,Other,Breast,Stage Iii,5.9,Never,Regular,No,23.2,2015-05-04,Chemotherapy,2,0,Alive,Low
ONC-06129,51,Female,Lung,Stage Iii,0.9,Never,Heavy,Yes,29.7,2023-01-21,Palliative Care,9,32,Deceased,Medium
ONC-00367,53,Female,Prostate,Stage Ii,9.2,Former,Heavy,No,15.4,2017-07-15,Radiation Therapy,2,7,Alive,Medium
ONC-06744,69,Male,Colorectal,Stage Ii,1.4,Never,Heavy,No,26.0,2015-12-03,Surgery,6,105,Deceased,Medium
ONC-05881,77,Female,Liver,Stage Iv,1.6,Never,Regular,No,24.3,2015-01-07,Chemotherapy,9,13,Alive,Medium
ONC-07430,64,Other,Breast,Stage Iv,6.7,Current,Heavy,No,23.6,2021-09-02,Palliative Care,3,0,Alive,Critical
ONC-01092,58,Other,Pancreatic,Stage I,3.2,Never,Heavy,No,20.5,2017-03-28,Immunotherapy,6,22,Alive,Low
ONC-01102,42,Male,Colorectal,Stage Iv,12.0,Current,Heavy,Yes,26.0,2018-11-26,Chemotherapy,4,30,Deceased,Critical
ONC-05226,58,Male,Breast,Stage Ii,2.0,Former,Heavy,No,21.2,2021-04-27,Palliative Care,7,4,Alive,Low
ONC-03638,53,Male,Prostate,Stage Ii,2.8,Former,Occasional,No,31.6,2018-10-10,Combination Therapy,5,0,Alive,High
ONC-02853,76,Other,Breast,Stage I,3.1,Never,Heavy,Yes,34.1,2023-10-03,Immunotherapy,5,13,Alive,High
ONC-05818,68,Female,Blood (Leukemia),Stage Iv,7.8,Current,Regular,Yes,27.2,2015-03-24,Surgery,9,8,Deceased,Critical
ONC-05122,60,Female,Lung,Stage Iv,2.3,Current,Regular,Yes,23.1,2020-10-30,Surgery,11,9,Deceased,Critical
ONC-04522,80,Male,Colorectal,Stage Iii,1.0,Current,Regular,No,27.8,2019-07-10,Surgery,4,31,Alive,Low
ONC-04276,59,Female,Skin (Melanoma),Stage Iii,0.9,Former,Heavy,No,27.1,2017-08-12,Palliative Care,12,23,Alive,Critical
ONC-01741,46,Other,Prostate,Stage Ii,0.3,Never,Occasional,Yes,33.4,2017-03-20,Chemotherapy,4,12,Alive,Medium
ONC-00408,58,Other,Brain,Stage Ii,9.5,Never,Regular,No,26.6,2018-04-24,Chemotherapy,9,6,Alive,Not Recorded
ONC-04851,45,Male,Ovarian,Stage Ii,0.1,Current,Regular,Yes,12.0,2023-12-26,Radiation Therapy,3,51,Alive,High
ONC-03533,63,Other,Skin (Melanoma),Stage I,4.8,Never,Heavy,No,24.5,2022-04-06,Combination Therapy,2,7,Alive,Low
ONC-03488,74,Female,Lung,Stage Iv,5.8,Never,Regular,Yes,28.0,2017-02-13,Immunotherapy,8,48,Deceased,Critical
ONC-02974,52,Other,Pancreatic,Stage I,1.0,Former,Heavy,No,32.5,2023-03-01,Radiation Therapy,6,2,Alive,Low
ONC-06540,58,Male,Skin (Melanoma),Stage Ii,0.4,Never,Occasional,Yes,26.0,2016-12-22,Combination Therapy,7,27,Deceased,Medium
ONC-05344,34,Female,Prostate,Stage I,6.0,Never,Heavy,No,31.1,2023-09-10,Surgery,6,3,Alive,Medium
ONC-00151,47,Other,Breast,Stage Iv,18.4,Never,Occasional,No,25.7,2021-10-14,Immunotherapy,5,1,Alive,Critical
ONC-03910,34,Female,Lung,Stage Iv,19.6,Current,Regular,No,25.2,2023-03-07,Surgery,6,15,Alive,Critical
ONC-00179,41,Male,Prostate,Stage Iv,2.4,Current,Regular,No,28.8,2018-01-29,Palliative Care,5,11,Deceased,High
ONC-04190,47,Female,Colorectal,Stage Ii,10.5,Current,Regular,No,34.0,2018-01-13,Immunotherapy,8,17,Deceased,Low
ONC-04239,42,Male,Liver,Stage Ii,6.3,Current,Regular,No,27.0,2024-05-21,Radiation Therapy,6,9,Alive,Critical
ONC-06287,77,Other,Ovarian,Stage Ii,3.2,Never,Regular,Yes,24.8,2021-08-30,Immunotherapy,3,15,Alive,Low
ONC-02021,46,Female,Liver,Stage Iii,2.7,Former,Heavy,Yes,26.0,2019-08-21,Palliative Care,8,1,Alive,Medium
ONC-00209,57,Female,Brain,Stage I,1.2,Former,Heavy,Yes,25.0,2019-08-19,Palliative Care,3,12,Alive,Low
ONC-06376,51,Other,Blood (Leukemia),Stage Iii,4.2,Never,Occasional,Yes,24.2,2017-07-17,Palliative Care,3,12,Alive,High
ONC-00190,49,Male,Ovarian,Stage Ii,1.5,Former,Regular,Yes,23.9,2020-10-23,Chemotherapy,9,10,Alive,High
ONC-03310,57,Other,Breast,Stage I,1.9,Never,Heavy,No,31.1,Unknown,Chemotherapy,11,44,Alive,Low
ONC-05761,56,Other,Blood (Leukemia),Stage I,1.8,Current,Heavy,No,33.2,2022-09-13,Palliative Care,10,7,Alive,Low
ONC-01721,76,Male,Colorectal,Stage I,4.8,Former,Regular,No,28.1,2017-04-25,Immunotherapy,6,4,Alive,Medium
ONC-05696,62,Female,Skin (Melanoma),Stage Iv,1.8,Current,Regular,Yes,22.4,2016-04-15,Combination Therapy,5,0,Deceased,Not Recorded
ONC-03446,87,Male,Blood (Leukemia),Stage Ii,1.0,Never,Regular,No,23.1,2015-02-09,Palliative Care,5,12,Deceased,Low
ONC-05600,77,Male,Brain,Stage Ii,1.3,Never,Heavy,Yes,22.1,2015-03-25,Surgery,7,5,Deceased,Medium
ONC-03579,59,Male,Breast,Stage I,1.2,Never,Occasional,Yes,23.0,2024-10-23,Palliative Care,5,2,Alive,Low
ONC-07435,65,Male,Breast,Stage Iv,12.4,Never,Regular,Yes,19.1,2021-09-25,Palliative Care,8,46,Deceased,Critical
ONC-03411,54,Male,Lung,Stage Ii,2.0,Former,Occasional,No,26.2,2021-01-19,Surgery,1,12,Deceased,Medium
ONC-06400,22,Female,Liver,Stage Iii,2.4,Current,Regular,No,24.5,2022-11-25,Combination Therapy,6,16,Alive,Medium
ONC-07124,76,Other,Lung,Stage Iv,1.1,Former,Heavy,No,31.0,2024-03-23,Combination Therapy,10,74,Alive,Critical
ONC-05352,85,Female,Breast,Stage Iv,1.7,Current,Heavy,No,26.0,2016-11-18,Palliative Care,8,6,Alive,Critical
ONC-03283,62,Other,Prostate,Stage Ii,0.7,Former,Heavy,No,27.3,2016-12-17,Immunotherapy,8,44,Deceased,High
ONC-06573,54,Male,Lung,Stage I,0.1,Former,Regular,No,30.2,2016-09-05,Surgery,7,30,Deceased,Medium
ONC-04253,73,Male,Liver,Stage I,2.5,Never,Heavy,Yes,22.0,2018-09-30,Surgery,8,28,Deceased,Low
ONC-06336,60,Female,Liver,Stage I,0.1,Never,Occasional,Yes,37.1,2020-01-29,Immunotherapy,3,2,Alive,Low
ONC-04781,58,Other,Blood (Leukemia),Stage Iv,0.9,Never,Regular,No,25.7,2017-10-25,Palliative Care,7,7,Alive,Critical
ONC-00102,70,Other,Ovarian,Stage Iv,13.9,Current,Heavy,No,18.6,2021-12-04,Surgery,8,17,Alive,Critical
ONC-02422,56,Male,Prostate,Stage Iv,0.1,Never,Regular,No,33.7,2016-05-08,Immunotherapy,5,21,Deceased,High
ONC-05621,58,Male,Brain,Stage Iii,3.5,Former,Occasional,No,28.3,2022-04-19,Chemotherapy,7,40,Alive,Low
ONC-05283,39,Other,Liver,Stage Iv,1.4,Never,Heavy,Yes,26.8,2018-06-26,Palliative Care,9,2,Alive,High
ONC-04290,86,Female,Brain,Stage Iv,0.9,Current,Regular,Yes,27.0,2023-03-22,Combination Therapy,7,25,Alive,High
ONC-06662,24,Male,Pancreatic,Stage Iii,1.2,Never,Regular,Yes,19.1,2023-05-08,Radiation Therapy,6,3,Alive,Medium
ONC-05187,41,Female,Lung,Stage Ii,7.7,Never,Heavy,No,28.3,2021-07-30,Immunotherapy,5,5,Alive,Low
ONC-07090,59,Male,Pancreatic,Stage Iii,7.4,Never,Regular,Yes,26.5,Unknown,Radiation Therapy,6,37,Alive,Medium
ONC-02909,90,Male,Ovarian,Stage Ii,2.1,Current,Heavy,Yes,24.5,2023-02-12,Palliative Care,6,10,Alive,Not Recorded
ONC-03830,80,Female,Pancreatic,Stage Iii,4.2,Current,Regular,Yes,26.0,2017-09-14,Chemotherapy,1,34,Alive,Medium
ONC-07339,68,Other,Liver,Stage Iii,0.7,Current,Regular,No,26.7,2020-09-03,Palliative Care,4,31,Alive,Critical
ONC-06303,61,Male,Brain,Stage Iii,2.2,Former,Regular,No,28.6,2022-08-13,Immunotherapy,5,7,Alive,High
ONC-00721,48,Male,Brain,Stage I,1.6,Current,Regular,Yes,12.9,2018-08-02,Immunotherapy,5,8,Deceased,Medium
ONC-06431,76,Female,Pancreatic,Stage Iv,2.4,Former,Occasional,No,30.0,2023-07-26,Chemotherapy,7,8,Deceased,Critical
ONC-00235,64,Female,Ovarian,Stage Ii,2.4,Never,Occasional,No,25.4,2020-12-06,Chemotherapy,6,10,Deceased,Medium
ONC-03524,94,Other,Colorectal,Stage Iii,6.2,Former,Heavy,Yes,24.9,Unknown,Combination Therapy,4,19,Alive,Medium
ONC-04417,76,Male,Blood (Leukemia),Stage Iii,0.4,Former,Occasional,No,25.8,2018-08-12,Combination Therapy,6,20,Alive,Medium
ONC-01894,32,Other,Prostate,Stage Iv,2.4,Former,Regular,Yes,18.8,2023-07-28,Radiation Therapy,7,9,Alive,Critical
ONC-02654,66,Male,Pancreatic,Stage Iii,0.5,Never,Heavy,No,27.3,2021-11-21,Surgery,4,3,Alive,High
ONC-04362,73,Female,Blood (Leukemia),Stage I,2.6,Former,Occasional,No,32.1,2020-06-19,Combination Therapy,6,15,Alive,Low
ONC-05511,56,Male,Skin (Melanoma),Stage Iv,0.6,Former,Heavy,Yes,29.7,2018-08-20,Palliative Care,5,56,Alive,Critical
ONC-06345,58,Other,Brain,Stage Iii,1.5,Never,Heavy,No,20.7,2015-11-26,Chemotherapy,8,11,Alive,Not Recorded
ONC-07249,71,Female,Lung,Stage Iii,2.4,Current,Heavy,No,30.5,2023-08-25,Palliative Care,4,14,Deceased,Medium
ONC-05040,36,Male,Breast,Stage Iv,3.9,Never,Regular,Yes,26.9,2015-04-12,Radiation Therapy,8,29,Alive,Low
ONC-06929,42,Other,Lung,Stage Iii,0.7,Never,Regular,Yes,31.6,2020-03-13,Palliative Care,6,5,Alive,Medium
ONC-04228,77,Other,Blood (Leukemia),Stage Iii,5.2,Current,Regular,No,17.9,2021-01-15,Combination Therapy,6,0,Deceased,Low
ONC-01383,51,Male,Skin (Melanoma),Stage Ii,0.8,Former,Occasional,Yes,27.9,Unknown,Immunotherapy,4,8,Deceased,Medium
ONC-03998,77,Female,Brain,Stage I,3.1,Former,Occasional,No,17.7,2018-07-14,Immunotherapy,7,16,Not Recorded,Low
ONC-07424,67,Male,Pancreatic,Stage Iii,0.1,Former,Heavy,Yes,16.5,Unknown,Immunotherapy,9,33,Alive,Critical
ONC-06543,58,Female,Pancreatic,Stage Ii,3.8,Never,Occasional,Yes,24.9,2023-09-22,Palliative Care,2,7,Alive,Medium
ONC-04258,58,Male,Blood (Leukemia),Stage I,0.4,Current,Heavy,No,23.8,2024-03-17,Surgery,6,0,Alive,Low
ONC-02678,54,Male,Breast,Stage I,0.1,Former,Regular,Yes,23.5,2017-07-04,Combination Therapy,6,12,Alive,Low
ONC-02279,41,Male,Colorectal,Stage Iii,1.2,Current,Heavy,Yes,22.9,2019-09-10,Palliative Care,8,10,Alive,High
ONC-00291,73,Female,Blood (Leukemia),Stage Iv,3.5,Never,Heavy,No,24.8,2017-03-10,Immunotherapy,4,13,Deceased,Critical
ONC-03061,39,Male,Colorectal,Stage Iii,4.2,Former,Occasional,No,28.2,2023-05-21,Chemotherapy,6,27,Alive,High
ONC-00522,40,Other,Prostate,Stage Iii,15.5,Never,Heavy,No,22.1,2018-05-12,Surgery,6,8,Deceased,Medium
ONC-07323,54,Male,Prostate,Stage Iv,1.5,Former,Occasional,No,22.9,2020-12-15,Surgery,7,4,Alive,High
ONC-01512,58,Male,Breast,Stage I,2.4,Former,Regular,Yes,23.5,2023-05-04,Chemotherapy,7,14,Deceased,Low
ONC-04657,63,Female,Liver,Stage Iv,0.1,Former,Regular,No,25.8,2018-01-14,Palliative Care,6,8,Alive,Critical
ONC-04376,80,Female,Liver,Stage Iv,4.2,Current,Regular,No,19.7,2016-09-12,Palliative Care,6,39,Alive,Critical
ONC-04897,54,Other,Brain,Stage Ii,6.2,Never,Occasional,No,26.5,2022-01-18,Radiation Therapy,7,15,Deceased,Medium
ONC-00352,82,Female,Prostate,Stage I,4.1,Never,Regular,No,31.4,2021-07-28,Surgery,6,2,Alive,Medium
ONC-04826,44,Female,Colorectal,Stage Iv,1.0,Former,Occasional,No,23.6,2016-09-04,Palliative Care,5,1,Deceased,High
ONC-01355,45,Other,Lung,Stage Iii,4.7,Never,Heavy,Yes,26.1,2024-07-14,Chemotherapy,9,14,Alive,Low
ONC-03442,58,Male,Ovarian,Stage Ii,6.8,Former,Regular,Yes,16.2,2024-10-18,Surgery,7,3,Alive,High
ONC-00885,47,Other,Brain,Stage Iv,8.5,Current,Regular,No,28.3,2019-04-22,Immunotherapy,2,40,Deceased,High
ONC-06800,57,Other,Colorectal,Stage Iv,1.7,Never,Occasional,Yes,19.2,2018-10-06,Chemotherapy,5,12,Deceased,High
ONC-03678,67,Male,Breast,Stage Iv,2.4,Current,Heavy,No,32.2,2016-05-02,Surgery,10,5,Deceased,Critical
ONC-00341,80,Female,Pancreatic,Stage Ii,0.1,Never,Regular,No,29.0,2015-07-27,Chemotherapy,4,19,Deceased,Low
ONC-03943,66,Other,Pancreatic,Stage Iii,3.4,Never,Heavy,Yes,27.1,2023-06-28,Surgery,5,22,Deceased,Medium
ONC-00762,58,Other,Prostate,Stage Ii,1.0,Former,Heavy,No,21.9,2018-07-29,Surgery,8,18,Alive,Low
ONC-00865,59,Other,Lung,Stage Iii,0.1,Never,Occasional,No,17.6,2024-11-06,Immunotherapy,8,5,Alive,Low
ONC-01869,34,Male,Pancreatic,Stage Iv,2.0,Current,Heavy,Yes,28.3,2023-10-29,Chemotherapy,5,5,Not Recorded,Critical
ONC-00504,57,Female,Lung,Stage Iii,10.2,Never,Regular,No,28.4,2018-01-08,Immunotherapy,3,20,Deceased,Medium
ONC-03558,60,Female,Prostate,Stage Iii,1.2,Never,Regular,No,24.1,2020-12-04,Immunotherapy,7,8,Not Recorded,Critical
ONC-06920,44,Male,Lung,Stage Iv,0.2,Never,Regular,Yes,25.6,Unknown,Combination Therapy,11,49,Alive,Critical
ONC-04047,62,Male,Breast,Stage Ii,2.3,Never,Heavy,No,14.7,2021-04-29,Radiation Therapy,7,4,Deceased,Low
ONC-00199,17,Male,Brain,Stage Iii,1.3,Former,Heavy,No,29.4,2024-11-09,Palliative Care,10,10,Alive,Medium
ONC-00548,70,Other,Lung,Stage Iii,2.8,Current,Regular,Yes,26.8,2016-11-14,Chemotherapy,11,3,Alive,High
ONC-07187,47,Other,Ovarian,Stage Ii,2.2,Former,Heavy,No,24.9,2022-01-27,Palliative Care,4,19,Alive,Critical
ONC-03961,78,Female,Skin (Melanoma),Stage I,3.7,Current,Heavy,No,26.3,2015-01-29,Radiation Therapy,6,4,Alive,Medium
ONC-00234,72,Female,Liver,Stage Iii,11.8,Former,Heavy,No,26.0,2015-11-25,Palliative Care,6,25,Deceased,Critical
ONC-06733,50,Male,Skin (Melanoma),Stage Ii,2.3,Current,Regular,Yes,29.4,2018-03-14,Chemotherapy,4,15,Alive,Medium
ONC-01792,53,Female,Breast,Stage Iv,12.4,Former,Occasional,No,21.0,2024-09-04,Palliative Care,4,7,Deceased,Critical
ONC-05930,29,Female,Lung,Stage Iv,3.8,Current,Regular,No,28.3,2024-03-23,Combination Therapy,10,19,Alive,High
ONC-01723,57,Male,Prostate,Stage Ii,1.8,Current,Occasional,No,26.0,2020-06-25,Radiation Therapy,8,50,Alive,Medium
ONC-05832,57,Female,Brain,Stage Iv,2.5,Former,Regular,Yes,30.2,2022-08-05,Palliative Care,9,16,Alive,Critical
ONC-05029,51,Male,Colorectal,Stage I,0.7,Current,Heavy,Yes,26.7,Unknown,Combination Therapy,7,0,Alive,Medium
ONC-01101,72,Male,Ovarian,Stage I,3.3,Current,Heavy,Yes,19.7,Unknown,Chemotherapy,11,13,Deceased,Critical
ONC-01849,47,Other,Brain,Stage I,0.5,Current,Regular,Yes,32.1,2020-05-25,Combination Therapy,10,6,Alive,Medium
ONC-05618,52,Male,Pancreatic,Stage I,0.7,Never,Regular,No,21.2,2023-10-28,Combination Therapy,9,7,Alive,Medium
ONC-01666,67,Other,Ovarian,Stage Iii,0.5,Former,Regular,No,35.3,2023-12-28,Radiation Therapy,6,3,Alive,High
ONC-04871,49,Male,Ovarian,Stage Iii,6.9,Never,Regular,No,30.1,2024-10-18,Combination Therapy,7,12,Alive,High
ONC-01116,54,Female,Prostate,Stage Iv,0.9,Never,Occasional,Yes,17.6,2018-05-01,Chemotherapy,6,15,Alive,Critical
ONC-07484,69,Male,Blood (Leukemia),Stage Iii,1.5,Current,Regular,No,28.4,2021-06-07,Chemotherapy,5,3,Deceased,High
ONC-05008,45,Female,Blood (Leukemia),Stage Iv,6.9,Never,Regular,Yes,14.5,2023-11-13,Palliative Care,5,9,Alive,High
ONC-00413,73,Male,Brain,Stage Iii,4.0,Former,Regular,Yes,30.4,Unknown,Immunotherapy,5,5,Alive,Critical
ONC-01264,54,Other,Breast,Stage Iv,4.4,Former,Regular,Yes,29.2,2022-05-06,Surgery,6,10,Alive,Not Recorded
ONC-03770,51,Other,Skin (Melanoma),Stage Iii,2.8,Current,Regular,No,25.6,2024-04-14,Chemotherapy,3,4,Deceased,Low
ONC-01983,53,Other,Prostate,Stage Iv,1.8,Current,Regular,No,27.1,2024-01-06,Combination Therapy,7,7,Alive,Critical
ONC-03807,47,Other,Skin (Melanoma),Stage Iv,1.3,Never,Occasional,Yes,24.8,2021-05-22,Radiation Therapy,5,5,Alive,Critical
ONC-04240,41,Female,Prostate,Stage I,1.8,Former,Heavy,Yes,24.5,2016-10-28,Combination Therapy,5,6,Alive,Low
ONC-01040,42,Female,Skin (Melanoma),Stage Iii,2.7,Current,Regular,No,26.8,2015-10-05,Immunotherapy,7,7,Alive,Critical
ONC-04129,50,Male,Prostate,Stage Iii,0.1,Never,Occasional,Yes,28.1,2022-10-01,Chemotherapy,4,15,Alive,Medium
ONC-05688,71,Other,Prostate,Stage Iv,0.1,Never,Regular,Yes,24.6,2022-09-11,Combination Therapy,4,4,Alive,Medium
ONC-03594,79,Female,Lung,Stage I,6.7,Never,Heavy,No,24.9,2015-02-02,Chemotherapy,6,9,Alive,Medium
ONC-03530,57,Other,Brain,Stage Iii,2.0,Current,Regular,No,32.7,2019-09-21,Combination Therapy,4,25,Alive,High
ONC-03219,66,Other,Lung,Stage I,2.4,Former,Regular,Yes,22.0,2015-03-08,Palliative Care,6,26,Alive,High
ONC-06022,68,Male,Lung,Stage Iii,2.1,Current,Regular,No,37.4,2017-05-11,Immunotherapy,7,21,Alive,High
ONC-07212,62,Female,Skin (Melanoma),Stage Iii,6.2,Current,Regular,No,29.0,2024-08-21,Palliative Care,4,21,Alive,High
ONC-02838,49,Other,Lung,Stage Iv,1.5,Never,Regular,Yes,28.6,2016-12-11,Combination Therapy,6,1,Alive,Not Recorded
ONC-01860,60,Male,Blood (Leukemia),Stage I,2.4,Never,Regular,Yes,35.5,2023-12-28,Radiation Therapy,6,6,Alive,Low
ONC-02281,56,Male,Blood (Leukemia),Stage I,0.4,Former,Heavy,Yes,23.9,2024-06-26,Immunotherapy,6,1,Alive,Medium
ONC-03598,53,Other,Colorectal,Stage Iii,5.6,Former,Regular,Yes,24.6,2020-11-04,Radiation Therapy,7,21,Deceased,Medium
ONC-05820,50,Other,Colorectal,Stage Ii,3.9,Former,Regular,Yes,28.0,2017-04-05,Radiation Therapy,4,7,Alive,Medium
ONC-04017,45,Male,Lung,Stage I,0.9,Former,Occasional,No,31.4,2022-07-12,Chemotherapy,8,14,Alive,Medium
ONC-00863,77,Male,Brain,Stage Iii,15.0,Never,Regular,No,29.3,2018-01-24,Combination Therapy,8,3,Alive,High
ONC-06868,48,Male,Ovarian,Stage Ii,0.8,Never,Regular,Yes,24.5,2020-07-25,Surgery,4,71,Alive,Medium
ONC-07314,68,Male,Brain,Stage Ii,8.7,Former,Heavy,No,34.3,2015-06-16,Combination Therapy,8,10,Alive,Medium
ONC-05954,43,Female,Skin (Melanoma),Stage I,0.9,Former,Regular,No,20.7,2022-10-12,Immunotherapy,11,44,Alive,Medium
ONC-00431,52,Other,Pancreatic,Stage Ii,2.4,Current,Regular,No,20.1,2022-12-25,Palliative Care,7,2,Deceased,Low
ONC-04573,48,Male,Colorectal,Stage Iii,1.9,Former,Heavy,Yes,22.8,2020-03-25,Surgery,8,12,Deceased,High
ONC-01012,80,Male,Colorectal,Stage Iii,0.4,Former,Heavy,No,28.1,2024-06-24,Surgery,6,32,Alive,Not Recorded
ONC-02644,57,Other,Lung,Stage Iii,17.2,Former,Regular,Yes,29.4,2022-01-12,Immunotherapy,3,13,Not Recorded,High
ONC-04070,53,Other,Brain,Stage Ii,2.5,Current,Heavy,Yes,26.0,2019-01-17,Palliative Care,4,26,Alive,Medium
ONC-07391,44,Female,Brain,Stage Iii,2.4,Former,Heavy,No,27.4,2020-05-02,Chemotherapy,3,3,Deceased,Critical
ONC-07412,52,Other,Prostate,Stage Iv,16.8,Current,Occasional,Yes,24.3,2016-07-11,Chemotherapy,4,6,Alive,Not Recorded
ONC-01227,58,Male,Breast,Stage Iii,0.4,Current,Regular,Yes,24.2,2021-09-25,Chemotherapy,8,1,Alive,Critical
ONC-03563,58,Male,Blood (Leukemia),Stage I,1.8,Current,Heavy,No,20.4,2018-12-09,Combination Therapy,6,32,Deceased,Critical
ONC-06728,50,Other,Pancreatic,Stage I,7.3,Current,Regular,No,23.7,2022-09-09,Radiation Therapy,2,1,Alive,Low
ONC-05553,38,Other,Prostate,Stage Iii,1.0,Current,Heavy,No,27.0,Unknown,Radiation Therapy,6,3,Deceased,Medium
ONC-04995,58,Male,Brain,Stage Ii,6.0,Never,Regular,No,29.3,2024-06-08,Combination Therapy,6,7,Alive,High
ONC-07055,60,Other,Brain,Stage Iv,6.1,Former,Occasional,No,28.1,2021-12-11,Radiation Therapy,6,26,Deceased,Critical
ONC-03452,88,Female,Brain,Stage Iv,2.4,Former,Heavy,Yes,26.8,2017-01-30,Immunotherapy,3,26,Alive,Critical
ONC-01466,76,Male,Blood (Leukemia),Stage I,0.4,Current,Regular,No,26.4,2023-03-11,Chemotherapy,7,28,Deceased,Medium
ONC-05254,67,Male,Ovarian,Stage Iv,5.8,Former,Regular,Yes,34.4,2017-09-04,Radiation Therapy,5,2,Deceased,Critical
ONC-04905,70,Female,Pancreatic,Stage Ii,10.2,Never,Regular,No,21.3,2023-05-10,Radiation Therapy,8,14,Alive,Medium
ONC-01992,46,Other,Lung,Stage Iii,4.8,Never,Regular,No,25.2,2022-04-15,Chemotherapy,8,27,Alive,Low
ONC-00671,59,Other,Prostate,Stage Iv,3.9,Never,Regular,Yes,20.8,2023-11-15,Palliative Care,7,9,Alive,High
ONC-01263,47,Other,Brain,Stage Ii,1.7,Never,Regular,Yes,27.5,2021-10-13,Combination Therapy,3,26,Alive,Medium
ONC-02762,51,Female,Pancreatic,Stage I,2.1,Former,Regular,Yes,25.6,2023-02-26,Immunotherapy,6,3,Alive,Low
ONC-07097,69,Female,Blood (Leukemia),Stage Iv,1.9,Never,Heavy,No,29.9,2016-01-28,Radiation Therapy,6,18,Deceased,Medium
ONC-06433,56,Other,Prostate,Stage Ii,7.0,Never,Regular,No,21.3,2023-10-07,Chemotherapy,5,27,Alive,Low
ONC-02174,87,Male,Brain,Stage Iii,6.5,Current,Regular,Yes,38.0,2020-07-16,Palliative Care,9,53,Alive,High
ONC-05285,62,Other,Prostate,Stage Ii,3.2,Current,Heavy,No,29.4,2015-06-23,Palliative Care,6,6,Alive,Low
ONC-03400,51,Other,Skin (Melanoma),Stage Iv,1.5,Never,Heavy,No,20.6,2024-09-10,Immunotherapy,4,9,Alive,Critical
ONC-06240,58,Male,Skin (Melanoma),Stage Iii,2.7,Never,Occasional,Yes,28.7,2015-10-28,Combination Therapy,5,9,Deceased,High
ONC-06628,51,Female,Ovarian,Stage I,2.2,Current,Heavy,No,26.0,2021-01-16,Surgery,7,5,Alive,Medium
ONC-06617,64,Female,Lung,Stage Iv,6.5,Former,Heavy,Yes,27.4,2015-08-03,Chemotherapy,5,11,Alive,Not Recorded
ONC-00198,59,Male,Pancreatic,Stage Ii,0.2,Never,Heavy,No,31.8,2017-10-13,Chemotherapy,7,32,Deceased,Low
ONC-04952,47,Male,Colorectal,Stage Ii,3.7,Never,Regular,Yes,27.8,2016-11-12,Palliative Care,6,2,Not Recorded,Medium
ONC-06637,67,Male,Lung,Stage Iii,0.9,Never,Occasional,Yes,37.2,2016-12-28,Radiation Therapy,4,25,Alive,Critical
ONC-01321,62,Male,Ovarian,Stage Iii,1.5,Former,Regular,No,20.9,2021-03-02,Palliative Care,8,4,Alive,Low
ONC-03778,64,Other,Breast,Stage I,10.6,Former,Occasional,No,25.4,2020-09-05,Chemotherapy,4,12,Deceased,Low
ONC-04583,33,Female,Prostate,Stage I,8.2,Never,Heavy,No,33.8,2021-09-29,Palliative Care,9,11,Alive,Low
ONC-00444,39,Female,Colorectal,Stage Iii,4.3,Never,Heavy,No,24.7,2016-04-14,Palliative Care,3,13,Alive,Medium
ONC-04743,74,Male,Ovarian,Stage Iv,2.4,Never,Heavy,Yes,25.2,2017-05-24,Palliative Care,5,10,Deceased,Critical
ONC-05953,41,Other,Colorectal,Stage Iv,5.3,Current,Regular,Yes,19.2,2024-06-12,Radiation Therapy,5,5,Alive,Medium
ONC-06502,51,Female,Prostate,Stage I,3.3,Current,Occasional,Yes,26.1,Unknown,Palliative Care,4,31,Alive,Low
ONC-05785,66,Other,Blood (Leukemia),Stage Iv,1.3,Never,Regular,No,28.1,2022-01-08,Immunotherapy,10,44,Deceased,Critical
ONC-04511,46,Male,Pancreatic,Stage Ii,3.8,Former,Occasional,No,28.4,2021-09-15,Radiation Therapy,8,12,Alive,Medium
ONC-01534,68,Other,Blood (Leukemia),Stage Ii,0.7,Never,Regular,No,30.8,2023-06-17,Chemotherapy,6,2,Alive,Medium
ONC-02274,40,Male,Colorectal,Stage Iii,6.9,Former,Regular,No,21.2,2015-10-09,Palliative Care,5,12,Alive,Medium
ONC-01794,80,Male,Pancreatic,Stage Iv,1.6,Current,Regular,Yes,32.3,2024-01-04,Radiation Therapy,5,4,Alive,Medium
ONC-05172,62,Other,Blood (Leukemia),Stage Ii,1.4,Current,Occasional,Yes,27.7,2023-01-10,Combination Therapy,5,32,Alive,Not Recorded
ONC-02219,58,Other,Skin (Melanoma),Stage Iii,1.4,Never,Heavy,Yes,22.1,2018-08-31,Chemotherapy,5,9,Alive,Medium
ONC-01807,38,Male,Skin (Melanoma),Stage Iii,8.4,Never,Regular,No,26.8,2023-06-09,Chemotherapy,4,18,Alive,High
ONC-04663,48,Other,Brain,Stage Iv,3.9,Never,Regular,No,29.8,2017-10-27,Surgery,6,22,Deceased,High
ONC-01207,66,Other,Blood (Leukemia),Stage Iii,5.7,Never,Occasional,Yes,29.3,2016-01-12,Combination Therapy,6,38,Alive,Medium
ONC-01696,60,Other,Skin (Melanoma),Stage Ii,12.2,Former,Heavy,No,26.7,2019-10-13,Chemotherapy,7,22,Deceased,Medium
ONC-03666,63,Male,Prostate,Stage Iv,1.9,Never,Heavy,No,27.0,2017-04-23,Chemotherapy,6,6,Deceased,High
ONC-03065,52,Other,Skin (Melanoma),Stage I,8.7,Never,Regular,No,32.6,Unknown,Palliative Care,5,0,Alive,Low
ONC-07374,42,Female,Pancreatic,Stage Iv,0.6,Current,Occasional,No,25.6,2020-06-29,Combination Therapy,8,0,Alive,Critical
ONC-07413,55,Other,Blood (Leukemia),Stage Iv,0.7,Former,Occasional,No,22.3,2022-08-24,Radiation Therapy,4,17,Alive,Medium
ONC-04745,59,Other,Skin (Melanoma),Stage Iv,0.2,Current,Regular,No,25.4,2018-10-18,Chemotherapy,8,0,Deceased,Medium
ONC-01237,58,Female,Prostate,Stage Ii,1.6,Current,Occasional,No,25.1,2023-12-04,Radiation Therapy,7,18,Alive,High
ONC-03723,58,Male,Liver,Stage Iii,0.1,Former,Heavy,Yes,24.5,2023-08-06,Palliative Care,7,6,Deceased,Medium
ONC-01704,85,Male,Colorectal,Stage I,20.0,Never,Regular,Yes,26.0,2022-06-15,Radiation Therapy,5,7,Alive,Low
ONC-04326,63,Other,Ovarian,Stage Iv,5.2,Current,Regular,Yes,31.7,2016-03-08,Chemotherapy,5,11,Deceased,Critical
ONC-06017,54,Male,Breast,Stage I,6.5,Current,Regular,No,26.0,2020-11-18,Chemotherapy,5,28,Deceased,Low
ONC-04843,69,Male,Liver,Stage Ii,1.6,Never,Occasional,Yes,22.3,2019-04-11,Chemotherapy,1,43,Deceased,Medium
ONC-01570,59,Other,Blood (Leukemia),Stage Iv,0.7,Never,Regular,Yes,29.6,2020-09-24,Surgery,8,19,Alive,Medium
ONC-06643,55,Male,Brain,Stage Ii,3.5,Never,Heavy,Yes,23.8,2017-11-02,Palliative Care,6,50,Alive,Low
ONC-05839,60,Female,Prostate,Stage Iii,10.3,Former,Heavy,No,34.5,2016-12-21,Combination Therapy,6,1,Alive,Low
ONC-02545,72,Other,Brain,Stage Iii,0.4,Never,Heavy,No,26.0,2021-05-17,Immunotherapy,4,10,Alive,Medium
ONC-04938,45,Male,Prostate,Stage I,0.5,Former,Occasional,No,23.0,Unknown,Immunotherapy,7,68,Alive,Critical
ONC-06512,49,Other,Breast,Stage Iv,0.2,Current,Regular,Yes,25.7,2023-12-16,Combination Therapy,6,2,Alive,Critical
ONC-00892,59,Other,Pancreatic,Stage Iii,14.0,Former,Regular,No,27.6,2018-09-08,Chemotherapy,5,12,Alive,Critical
ONC-05974,70,Other,Ovarian,Stage I,4.9,Current,Heavy,No,28.2,2020-10-16,Combination Therapy,3,12,Deceased,Low
ONC-00031,79,Male,Skin (Melanoma),Stage Iv,2.4,Never,Heavy,Yes,18.8,Unknown,Combination Therapy,4,34,Alive,High
ONC-03512,52,Male,Brain,Stage I,0.2,Former,Regular,No,19.0,2023-01-01,Palliative Care,7,7,Deceased,Low
ONC-04005,38,Male,Colorectal,Stage Iii,2.0,Never,Regular,Yes,20.5,2022-06-19,Immunotherapy,5,21,Alive,Medium
ONC-05219,53,Other,Ovarian,Stage Iv,2.2,Never,Regular,Yes,26.1,2019-05-22,Immunotherapy,6,1,Deceased,High
ONC-04303,46,Female,Liver,Stage I,0.1,Former,Occasional,Yes,26.0,2022-08-25,Chemotherapy,8,9,Alive,Medium
ONC-01943,60,Male,Lung,Stage Iii,10.5,Current,Regular,No,30.7,2022-06-01,Combination Therapy,7,2,Alive,Low
ONC-01733,63,Female,Prostate,Stage Iii,6.1,Former,Heavy,Yes,26.3,2020-12-21,Radiation Therapy,7,10,Alive,Low
ONC-05936,70,Female,Liver,Stage Iv,0.1,Never,Regular,No,25.5,2016-01-25,Immunotherapy,9,33,Alive,Critical
ONC-04580,47,Other,Blood (Leukemia),Stage I,0.6,Never,Heavy,No,26.8,2018-02-11,Radiation Therapy,4,17,Alive,High
ONC-03859,68,Female,Colorectal,Stage I,4.1,Never,Heavy,No,20.3,2016-06-29,Surgery,4,18,Deceased,Low
ONC-04214,59,Female,Prostate,Stage Ii,6.7,Never,Heavy,Yes,31.1,2022-12-06,Surgery,3,75,Deceased,Critical
ONC-00050,63,Male,Colorectal,Stage Ii,0.7,Never,Heavy,No,21.3,2020-02-09,Immunotherapy,5,7,Deceased,Low
ONC-02556,73,Female,Breast,Stage Iii,2.0,Former,Regular,Yes,19.1,2017-10-01,Combination Therapy,8,28,Alive,Medium
ONC-01443,52,Other,Lung,Stage Iv,1.3,Former,Heavy,Yes,20.3,2021-09-30,Surgery,5,1,Alive,Not Recorded
ONC-03203,59,Other,Colorectal,Stage Ii,3.2,Current,Occasional,No,31.1,2019-08-05,Palliative Care,5,83,Alive,Critical
ONC-07233,72,Other,Pancreatic,Stage Ii,0.7,Never,Regular,No,32.1,2019-03-31,Immunotherapy,9,11,Alive,Low
ONC-05612,40,Male,Pancreatic,Stage I,1.4,Never,Occasional,Yes,23.4,2016-06-26,Palliative Care,6,22,Alive,Medium
ONC-06731,55,Female,Pancreatic,Stage Iv,3.5,Current,Occasional,No,20.5,2016-09-12,Chemotherapy,7,5,Deceased,Critical
ONC-01841,58,Other,Lung,Stage Ii,0.5,Never,Regular,No,29.0,2018-01-04,Radiation Therapy,6,2,Alive,Low
ONC-06032,40,Other,Breast,Stage Iv,5.6,Current,Occasional,No,24.4,2017-11-04,Palliative Care,5,4,Deceased,High
ONC-02307,56,Male,Pancreatic,Stage Iii,1.0,Current,Occasional,No,22.7,2018-11-13,Palliative Care,3,2,Alive,High
ONC-02712,69,Male,Lung,Stage Iv,2.8,Current,Regular,No,29.1,2024-07-03,Surgery,7,2,Deceased,Medium
ONC-01683,64,Female,Lung,Stage Iv,4.2,Former,Occasional,No,29.5,2020-03-13,Palliative Care,5,7,Deceased,Low
ONC-00567,38,Other,Breast,Stage Iv,4.1,Current,Regular,No,21.8,2016-11-28,Surgery,4,53,Alive,Critical
ONC-03721,26,Male,Colorectal,Stage Iii,10.4,Current,Regular,Yes,22.8,2018-05-09,Combination Therapy,4,9,Alive,Critical
ONC-03486,54,Male,Lung,Stage Iv,5.3,Former,Occasional,No,23.1,2022-05-19,Surgery,6,5,Deceased,Not Recorded
ONC-00974,55,Male,Ovarian,Stage Ii,2.5,Current,Regular,Yes,24.1,2019-11-17,Palliative Care,4,13,Alive,Low
ONC-07152,58,Male,Lung,Stage Iii,1.5,Former,Occasional,Yes,30.3,2019-07-23,Radiation Therapy,8,12,Alive,Medium
ONC-05595,50,Other,Prostate,Stage I,5.5,Never,Heavy,Yes,28.2,2023-12-10,Immunotherapy,7,1,Alive,Medium
ONC-03838,39,Female,Blood (Leukemia),Stage Ii,3.5,Current,Regular,No,29.6,2015-01-29,Immunotherapy,6,9,Deceased,Medium
ONC-05690,99,Female,Colorectal,Stage I,1.0,Never,Occasional,Yes,29.4,2017-09-07,Radiation Therapy,6,14,Alive,Medium
ONC-04544,65,Other,Brain,Stage I,7.5,Current,Regular,No,32.2,2020-08-19,Chemotherapy,4,31,Alive,Low
ONC-04594,69,Male,Liver,Stage Ii,5.6,Current,Regular,Yes,27.4,2023-09-18,Chemotherapy,2,11,Deceased,High
ONC-06519,88,Male,Colorectal,Stage I,2.2,Never,Heavy,Yes,15.3,2021-09-12,Surgery,6,1,Alive,Low
ONC-00601,52,Other,Brain,Stage Iii,2.1,Current,Heavy,No,19.5,2020-07-10,Chemotherapy,5,16,Deceased,Critical
ONC-02750,73,Other,Pancreatic,Stage Iii,5.4,Never,Heavy,Yes,30.6,Unknown,Immunotherapy,5,3,Alive,Critical
ONC-05671,40,Female,Prostate,Stage I,0.5,Current,Regular,Yes,28.5,2023-05-31,Immunotherapy,6,3,Alive,Low
ONC-05117,81,Other,Colorectal,Stage Ii,0.8,Current,Regular,Yes,27.2,2021-07-24,Radiation Therapy,7,7,Alive,Low
ONC-00134,54,Female,Pancreatic,Stage Ii,9.2,Current,Regular,No,28.0,2023-07-21,Radiation Therapy,5,1,Alive,High
ONC-03644,61,Other,Skin (Melanoma),Stage Iii,1.4,Former,Regular,No,29.3,2021-12-08,Chemotherapy,3,25,Deceased,Medium
ONC-00822,51,Male,Skin (Melanoma),Stage I,4.6,Never,Occasional,Yes,23.0,2021-10-17,Immunotherapy,6,3,Alive,Not Recorded
ONC-06918,56,Male,Liver,Stage Iii,3.8,Current,Heavy,No,19.7,2016-07-22,Immunotherapy,2,12,Alive,Critical
ONC-01510,38,Male,Prostate,Stage Iv,4.4,Never,Heavy,No,29.0,2020-04-03,Chemotherapy,11,14,Deceased,Critical
ONC-04656,55,Other,Ovarian,Stage Iv,0.7,Former,Regular,No,18.8,2020-06-30,Surgery,3,0,Alive,High
ONC-00814,53,Other,Colorectal,Stage Iv,1.4,Never,Regular,No,25.7,2023-08-19,Immunotherapy,6,13,Alive,Critical
ONC-03549,37,Other,Skin (Melanoma),Stage Iii,3.9,Current,Occasional,No,28.6,2020-10-06,Radiation Therapy,3,34,Alive,Critical
ONC-05298,71,Female,Liver,Stage Iii,3.7,Current,Regular,Yes,24.1,2015-05-05,Palliative Care,4,4,Alive,Critical
ONC-07115,60,Male,Ovarian,Stage Iv,2.5,Former,Regular,No,29.3,2017-08-03,Immunotherapy,6,1,Alive,Not Recorded
ONC-05081,73,Male,Colorectal,Stage I,0.2,Current,Heavy,No,39.5,Unknown,Immunotherapy,13,21,Alive,Medium
ONC-04536,47,Female,Blood (Leukemia),Stage Iii,2.0,Former,Heavy,Yes,24.5,Unknown,Radiation Therapy,3,18,Deceased,High
ONC-02118,74,Male,Prostate,Stage Iii,9.0,Current,Heavy,No,23.4,2019-05-01,Surgery,3,52,Alive,High
ONC-06040,71,Other,Blood (Leukemia),Stage I,0.6,Current,Regular,No,15.6,2022-06-08,Palliative Care,3,58,Deceased,Medium
ONC-03715,46,Other,Breast,Stage Ii,0.9,Current,Heavy,Yes,31.8,2020-11-14,Combination Therapy,5,27,Not Recorded,High
ONC-01689,27,Other,Brain,Stage Ii,3.9,Never,Heavy,No,21.5,2021-01-15,Immunotherapy,6,50,Alive,Medium
ONC-01690,58,Other,Blood (Leukemia),Stage I,3.0,Never,Heavy,No,31.1,2020-03-13,Combination Therapy,5,3,Alive,Low
ONC-03649,51,Female,Prostate,Stage I,2.6,Current,Regular,Yes,22.4,2017-12-29,Radiation Therapy,5,99,Alive,Low
ONC-00903,47,Female,Ovarian,Stage Iii,6.2,Never,Regular,No,31.7,2020-11-22,Palliative Care,6,5,Alive,High
ONC-06709,48,Female,Liver,Stage I,1.8,Former,Heavy,Yes,32.1,2019-08-03,Palliative Care,6,36,Alive,Low
ONC-07276,81,Male,Liver,Stage Iv,8.4,Former,Regular,No,30.4,2015-07-12,Surgery,11,22,Deceased,Medium
ONC-05070,69,Other,Prostate,Stage Iii,0.4,Former,Regular,Yes,25.7,2019-08-16,Combination Therapy,6,4,Alive,High
ONC-01981,74,Male,Blood (Leukemia),Stage Iii,1.8,Current,Occasional,No,22.8,2022-09-20,Surgery,9,12,Alive,Medium
ONC-04610,65,Female,Lung,Stage Iii,3.4,Former,Regular,Yes,22.4,2019-02-04,Palliative Care,4,6,Alive,Low
ONC-05725,65,Female,Lung,Stage Iv,2.6,Current,Regular,No,18.1,2022-03-13,Combination Therapy,7,3,Alive,Critical
ONC-00593,76,Other,Pancreatic,Stage Iv,3.0,Current,Heavy,Yes,25.1,2017-06-07,Combination Therapy,3,120,Alive,Critical
ONC-00385,92,Female,Breast,Stage Ii,6.2,Current,Regular,No,24.0,2019-03-23,Palliative Care,7,27,Alive,Low
ONC-03841,65,Female,Breast,Stage Iii,0.4,Never,Regular,No,29.2,2023-04-19,Palliative Care,7,29,Alive,Critical
ONC-01326,69,Other,Liver,Stage I,10.8,Never,Heavy,Yes,28.3,2018-03-13,Radiation Therapy,6,4,Alive,Low
ONC-06143,40,Other,Ovarian,Stage Iv,2.3,Former,Occasional,No,28.5,2016-04-24,Radiation Therapy,5,68,Alive,High
ONC-03256,40,Female,Colorectal,Stage Iv,2.8,Current,Occasional,Yes,23.8,2024-02-24,Surgery,7,12,Alive,High
ONC-03840,44,Other,Liver,Stage Ii,3.6,Former,Heavy,No,24.4,2016-05-28,Surgery,5,19,Alive,High
ONC-04084,62,Other,Pancreatic,Stage Iv,1.4,Former,Regular,Yes,26.1,2021-07-30,Combination Therapy,6,6,Deceased,High
ONC-01496,54,Other,Ovarian,Stage I,2.8,Never,Regular,No,23.6,2015-04-14,Palliative Care,6,5,Alive,Low
ONC-05218,49,Other,Brain,Stage Iv,0.2,Former,Heavy,No,29.7,2017-06-05,Immunotherapy,8,10,Alive,Medium
ONC-06809,38,Other,Lung,Stage Ii,3.0,Never,Regular,Yes,29.1,2023-06-08,Surgery,4,12,Alive,Medium
ONC-02528,56,Female,Ovarian,Stage Iv,11.1,Current,Regular,No,22.6,2020-12-27,Combination Therapy,5,39,Alive,Critical
ONC-01023,66,Female,Prostate,Stage Iii,20.0,Current,Regular,Yes,26.6,2016-07-26,Radiation Therapy,10,8,Deceased,Medium
ONC-07375,44,Other,Prostate,Stage I,11.3,Never,Occasional,Yes,21.6,2015-02-09,Immunotherapy,5,3,Deceased,Low
ONC-00541,71,Other,Ovarian,Stage Iv,0.5,Former,Occasional,No,30.7,2018-08-14,Immunotherapy,4,32,Alive,High
ONC-03263,43,Other,Colorectal,Stage Iii,2.3,Never,Regular,No,29.0,Unknown,Palliative Care,3,4,Alive,High
ONC-04212,60,Female,Blood (Leukemia),Stage Iv,5.6,Former,Heavy,No,25.8,2017-11-25,Palliative Care,6,24,Alive,Medium
ONC-06454,59,Female,Prostate,Stage I,2.6,Never,Occasional,Yes,19.9,2022-06-03,Radiation Therapy,4,16,Alive,Low
ONC-03315,72,Other,Skin (Melanoma),Stage Iv,2.5,Former,Occasional,No,26.8,2015-07-11,Surgery,3,4,Alive,Critical
ONC-00254,58,Male,Colorectal,Stage I,0.9,Never,Heavy,No,26.0,2015-09-05,Combination Therapy,3,0,Alive,Medium
ONC-01962,27,Female,Prostate,Stage Iv,2.4,Never,Regular,No,32.7,2022-02-04,Radiation Therapy,7,7,Alive,High
ONC-03405,24,Female,Ovarian,Stage Iv,1.7,Current,Occasional,No,22.0,2023-01-23,Palliative Care,9,19,Alive,High
ONC-01966,78,Other,Ovarian,Stage Iii,3.0,Current,Heavy,Yes,17.2,2015-01-26,Combination Therapy,5,14,Alive,High
ONC-00271,80,Male,Lung,Stage Iv,4.3,Current,Heavy,Yes,22.9,2020-02-19,Surgery,5,9,Alive,Medium
ONC-04195,83,Other,Breast,Stage I,0.4,Current,Regular,Yes,21.5,2020-01-21,Chemotherapy,9,2,Alive,Low
ONC-03060,55,Other,Ovarian,Stage Iii,6.2,Never,Regular,Yes,24.3,2018-01-29,Surgery,2,5,Deceased,High
ONC-03048,58,Male,Breast,Stage I,5.1,Never,Regular,Yes,12.6,2015-06-20,Immunotherapy,11,18,Deceased,Low
ONC-04629,55,Other,Liver,Stage Iii,0.3,Former,Occasional,Yes,30.2,2023-02-01,Immunotherapy,7,3,Alive,Medium
ONC-07315,64,Male,Lung,Stage Iv,2.7,Current,Heavy,No,24.6,2020-06-28,Surgery,6,1,Alive,Critical
ONC-04247,80,Male,Breast,Stage Iv,7.3,Current,Regular,No,25.4,2023-06-24,Chemotherapy,11,59,Alive,Medium
ONC-04069,56,Male,Prostate,Stage Iv,0.4,Former,Occasional,Yes,28.2,Unknown,Combination Therapy,6,2,Deceased,High
ONC-00211,69,Male,Pancreatic,Stage Iv,1.6,Former,Regular,No,17.3,2022-07-31,Palliative Care,5,16,Alive,High
ONC-02495,71,Male,Liver,Stage Iii,2.6,Current,Heavy,No,23.0,Unknown,Radiation Therapy,8,0,Alive,High
ONC-05764,64,Female,Blood (Leukemia),Stage Ii,1.4,Current,Heavy,Yes,23.1,2023-01-10,Palliative Care,4,18,Alive,Critical
ONC-00648,57,Female,Breast,Stage Iii,2.8,Former,Regular,Yes,23.0,2016-02-03,Palliative Care,11,3,Alive,Critical
ONC-04141,49,Other,Pancreatic,Stage I,3.2,Current,Heavy,No,25.9,2021-09-19,Palliative Care,11,5,Alive,Not Recorded
ONC-00374,83,Female,Ovarian,Stage Iii,4.0,Never,Heavy,No,21.3,2015-06-03,Chemotherapy,6,6,Alive,Critical
ONC-06155,44,Male,Pancreatic,Stage Iii,1.9,Never,Heavy,Yes,36.9,2019-03-09,Combination Therapy,6,7,Deceased,High
ONC-04381,87,Female,Prostate,Stage I,3.6,Never,Regular,Yes,30.1,2022-05-12,Immunotherapy,8,23,Alive,Low
ONC-04340,64,Other,Brain,Stage Iv,6.0,Never,Occasional,No,26.0,2022-06-13,Combination Therapy,7,3,Alive,High
ONC-05089,89,Other,Prostate,Stage I,10.2,Never,Heavy,Yes,22.3,2016-11-12,Chemotherapy,7,41,Deceased,Critical
ONC-00831,61,Female,Colorectal,Stage Ii,0.8,Never,Heavy,No,18.2,2015-05-02,Immunotherapy,5,12,Alive,High
ONC-04578,55,Male,Brain,Stage I,2.4,Former,Heavy,Yes,19.3,2016-06-13,Surgery,4,18,Deceased,Low
ONC-05296,76,Male,Prostate,Stage Iii,4.0,Never,Regular,No,22.2,2023-12-28,Chemotherapy,8,17,Alive,High
ONC-03817,39,Female,Brain,Stage Iii,6.5,Never,Regular,Yes,21.9,2023-06-04,Surgery,6,24,Alive,High
ONC-04611,60,Female,Lung,Stage Iii,2.6,Former,Regular,Yes,30.4,2022-03-06,Combination Therapy,6,22,Alive,Medium
ONC-05793,55,Male,Prostate,Stage Ii,4.5,Current,Regular,Yes,34.2,2024-08-08,Chemotherapy,6,18,Alive,Medium
ONC-05251,60,Female,Prostate,Stage I,5.3,Current,Heavy,Yes,21.9,2016-07-16,Combination Therapy,3,77,Deceased,Critical
ONC-06098,57,Male,Colorectal,Stage Ii,3.2,Never,Regular,No,26.0,2022-08-19,Combination Therapy,10,30,Alive,Low
ONC-06886,62,Other,Brain,Stage Iv,4.0,Former,Regular,Yes,29.6,2017-07-15,Surgery,4,12,Alive,Critical
ONC-00788,74,Other,Brain,Stage I,4.2,Current,Heavy,No,30.7,2019-06-05,Palliative Care,5,6,Alive,Low
ONC-07068,69,Female,Breast,Stage Iv,0.5,Current,Occasional,No,29.4,2022-03-31,Surgery,10,23,Alive,High
ONC-06119,40,Female,Brain,Stage Ii,9.8,Current,Heavy,No,18.0,2016-02-07,Palliative Care,5,24,Alive,Medium
ONC-05001,30,Other,Lung,Stage Ii,5.4,Current,Regular,No,21.7,2022-08-15,Chemotherapy,7,24,Deceased,Medium
ONC-04552,55,Female,Brain,Stage Ii,1.7,Never,Regular,No,28.4,2019-01-10,Palliative Care,8,11,Deceased,Medium
ONC-05736,57,Male,Skin (Melanoma),Stage Ii,5.5,Never,Regular,Yes,32.3,2019-03-29,Combination Therapy,7,27,Deceased,Medium
ONC-06173,68,Other,Liver,Stage I,6.7,Never,Occasional,Yes,28.4,2015-12-18,Immunotherapy,2,2,Alive,Not Recorded
ONC-04442,60,Female,Blood (Leukemia),Stage Iv,1.4,Former,Regular,No,27.5,Unknown,Immunotherapy,10,0,Alive,High
ONC-00789,51,Female,Ovarian,Stage I,3.0,Never,Heavy,No,21.8,2024-11-04,Immunotherapy,14,12,Alive,Low
ONC-03258,26,Male,Skin (Melanoma),Stage I,11.6,Never,Regular,No,27.7,2015-12-19,Radiation Therapy,9,3,Alive,Low
ONC-05700,47,Male,Brain,Stage Iv,3.4,Current,Heavy,No,27.7,2018-04-15,Immunotherapy,9,6,Deceased,Not Recorded
ONC-05704,56,Female,Liver,Stage Iv,0.6,Former,Regular,No,26.0,2024-06-30,Surgery,2,14,Not Recorded,Critical
ONC-06626,64,Other,Brain,Stage I,5.1,Current,Regular,Yes,29.5,2017-07-02,Palliative Care,6,6,Alive,Low
ONC-00204,59,Other,Blood (Leukemia),Stage Iii,7.3,Current,Heavy,Yes,15.2,Unknown,Surgery,6,12,Alive,High
ONC-00590,56,Female,Ovarian,Stage Ii,0.9,Never,Occasional,No,21.7,2021-05-05,Palliative Care,6,12,Deceased,Medium
ONC-03123,28,Female,Blood (Leukemia),Stage I,0.2,Former,Regular,Yes,27.1,2023-08-27,Palliative Care,12,10,Deceased,Low
ONC-05301,36,Male,Prostate,Stage Iii,9.4,Current,Regular,Yes,21.8,Unknown,Combination Therapy,3,31,Not Recorded,High
ONC-06094,61,Female,Ovarian,Stage I,4.9,Former,Regular,No,17.1,Unknown,Chemotherapy,3,28,Alive,Low
ONC-04370,69,Male,Prostate,Stage Iii,4.1,Current,Heavy,Yes,24.8,2023-05-02,Radiation Therapy,4,12,Alive,Medium
ONC-05437,45,Other,Prostate,Stage Iii,1.5,Former,Occasional,Yes,26.0,2015-05-14,Immunotherapy,3,13,Deceased,Medium
ONC-05268,51,Male,Pancreatic,Stage I,7.8,Never,Heavy,No,29.0,Unknown,Surgery,2,15,Deceased,Low
ONC-01180,46,Male,Brain,Stage I,5.3,Never,Regular,No,27.1,Unknown,Combination Therapy,6,85,Alive,Low
ONC-07057,60,Other,Ovarian,Stage Iii,6.6,Never,Regular,No,30.3,2018-12-05,Surgery,9,4,Alive,High
ONC-05512,70,Other,Skin (Melanoma),Stage Iv,1.1,Current,Regular,No,26.0,2022-07-08,Surgery,7,5,Alive,High
ONC-05569,30,Male,Colorectal,Stage I,0.3,Never,Regular,Yes,26.6,Unknown,Immunotherapy,7,20,Alive,High
ONC-02794,54,Other,Ovarian,Stage Iv,17.9,Current,Regular,Yes,35.0,2019-04-11,Surgery,7,23,Not Recorded,High
ONC-06424,58,Male,Prostate,Stage Iii,2.9,Former,Regular,Yes,30.8,2021-05-10,Combination Therapy,5,16,Deceased,Critical
ONC-00836,78,Other,Liver,Stage Ii,2.4,Former,Occasional,Yes,25.7,2020-09-26,Combination Therapy,11,46,Alive,Not Recorded
ONC-00446,48,Female,Skin (Melanoma),Stage I,1.3,Never,Regular,No,27.8,2015-06-29,Radiation Therapy,10,13,Deceased,High
ONC-02551,38,Male,Lung,Stage Iv,0.2,Former,Heavy,No,25.4,Unknown,Palliative Care,4,7,Deceased,Critical
ONC-01249,76,Male,Ovarian,Stage Ii,2.2,Former,Occasional,No,24.7,2021-05-28,Immunotherapy,6,12,Deceased,Low
ONC-05319,76,Male,Colorectal,Stage I,4.7,Current,Regular,No,26.0,2024-02-18,Immunotherapy,8,4,Alive,Medium
ONC-03275,70,Male,Ovarian,Stage Ii,3.2,Current,Regular,No,18.7,2024-05-01,Combination Therapy,8,12,Alive,Not Recorded
ONC-01742,70,Other,Breast,Stage Iv,1.2,Never,Regular,Yes,31.0,2019-02-10,Palliative Care,5,1,Deceased,High
ONC-04717,58,Male,Ovarian,Stage Iv,2.5,Never,Occasional,Yes,30.6,2017-11-10,Immunotherapy,4,4,Deceased,Critical
ONC-03212,67,Other,Prostate,Stage Iv,4.8,Never,Regular,No,23.2,2016-10-01,Palliative Care,6,16,Alive,High
ONC-05955,47,Other,Prostate,Stage Iv,4.1,Former,Regular,Yes,28.3,2022-08-19,Immunotherapy,4,12,Alive,High
ONC-06768,74,Other,Prostate,Stage Ii,2.4,Former,Regular,Yes,28.7,2015-02-27,Palliative Care,9,8,Deceased,Medium
ONC-01642,64,Female,Skin (Melanoma),Stage Ii,0.7,Never,Regular,No,22.8,2024-10-10,Surgery,3,4,Alive,Low
ONC-03354,52,Male,Prostate,Stage Iv,0.8,Former,Regular,Yes,23.2,2022-09-09,Chemotherapy,8,33,Alive,Critical
ONC-01637,53,Female,Skin (Melanoma),Stage Ii,1.9,Never,Regular,Yes,32.1,2020-01-27,Palliative Care,6,5,Deceased,Medium
ONC-05087,59,Male,Lung,Stage I,0.8,Never,Regular,No,22.2,2017-03-10,Immunotherapy,7,12,Alive,Low
ONC-01437,60,Other,Ovarian,Stage Iv,4.0,Former,Occasional,No,35.1,2018-05-08,Palliative Care,7,5,Alive,Medium
ONC-03897,75,Female,Breast,Stage Iv,8.1,Current,Regular,No,27.9,2024-01-24,Palliative Care,6,6,Alive,High
ONC-00638,70,Other,Blood (Leukemia),Stage I,0.6,Never,Occasional,No,28.0,2020-03-19,Palliative Care,6,30,Alive,Low
ONC-02139,66,Male,Skin (Melanoma),Stage Iv,4.3,Never,Regular,No,22.0,2024-10-22,Radiation Therapy,4,4,Deceased,Critical
ONC-01531,65,Other,Skin (Melanoma),Stage Iv,11.3,Never,Regular,Yes,21.8,2017-03-20,Radiation Therapy,12,18,Alive,Low
ONC-05655,75,Female,Brain,Stage Iv,8.5,Former,Regular,No,30.8,2019-03-03,Palliative Care,4,18,Alive,Not Recorded
ONC-02707,36,Male,Prostate,Stage I,6.4,Former,Occasional,No,26.6,2016-09-08,Combination Therapy,10,120,Alive,Medium
ONC-04576,58,Female,Prostate,Stage Ii,7.4,Current,Regular,Yes,24.0,2018-05-07,Immunotherapy,4,35,Alive,High
ONC-00013,52,Other,Prostate,Stage Iv,1.4,Never,Regular,No,24.6,2023-08-15,Palliative Care,8,51,Alive,Critical
ONC-01042,53,Other,Colorectal,Stage Iv,2.4,Current,Regular,Yes,23.8,2019-11-29,Combination Therapy,3,14,Alive,High
ONC-05769,72,Female,Brain,Stage I,1.2,Current,Regular,Yes,36.7,2023-07-17,Palliative Care,4,10,Alive,Low
ONC-02906,58,Male,Lung,Stage I,2.9,Current,Regular,No,26.6,2016-12-07,Surgery,6,24,Alive,Low
ONC-06843,67,Male,Ovarian,Stage I,2.4,Never,Heavy,No,22.7,2017-02-22,Palliative Care,4,7,Deceased,Low
ONC-06016,39,Female,Prostate,Stage Iii,5.4,Current,Regular,No,26.9,Unknown,Palliative Care,3,23,Deceased,Critical
ONC-01457,57,Other,Pancreatic,Stage Iv,2.4,Never,Occasional,No,32.1,Unknown,Combination Therapy,4,67,Alive,High
ONC-01093,51,Female,Blood (Leukemia),Stage Iii,6.2,Never,Heavy,Yes,24.8,2018-02-14,Immunotherapy,3,12,Alive,Critical
ONC-03240,34,Other,Brain,Stage Ii,3.5,Current,Regular,No,27.8,2023-02-22,Immunotherapy,6,5,Alive,Medium
ONC-01755,53,Female,Breast,Stage I,0.6,Former,Regular,Yes,26.0,2023-11-30,Combination Therapy,6,36,Alive,Medium
ONC-04307,62,Other,Prostate,Stage Iii,8.4,Never,Heavy,No,26.0,2017-06-25,Radiation Therapy,6,14,Alive,Medium
ONC-05039,37,Female,Breast,Stage Ii,0.1,Current,Regular,No,26.4,2018-07-12,Chemotherapy,7,12,Not Recorded,Medium
ONC-04464,57,Female,Prostate,Stage Iv,0.4,Never,Regular,No,22.7,Unknown,Palliative Care,9,20,Alive,Critical
ONC-02872,66,Other,Prostate,Stage Iv,3.6,Former,Heavy,Yes,26.6,2023-04-13,Immunotherapy,6,1,Deceased,Medium
ONC-00313,45,Other,Brain,Stage Iv,3.3,Never,Regular,Yes,25.3,2020-10-21,Combination Therapy,10,12,Alive,High
ONC-04860,63,Other,Breast,Stage I,1.2,Never,Regular,Yes,22.6,2017-07-12,Immunotherapy,5,12,Deceased,Low
ONC-02998,67,Other,Blood (Leukemia),Stage Iv,1.1,Never,Regular,Yes,22.9,2019-08-13,Immunotherapy,3,37,Deceased,High
ONC-06418,66,Female,Skin (Melanoma),Stage Iv,0.4,Never,Regular,Yes,26.0,2022-06-14,Radiation Therapy,9,12,Alive,Medium
ONC-05165,63,Female,Brain,Stage Iv,8.3,Never,Regular,No,22.5,2017-03-06,Palliative Care,4,39,Alive,Critical
ONC-01196,88,Other,Blood (Leukemia),Stage Ii,2.4,Current,Heavy,Yes,32.8,2024-05-02,Chemotherapy,6,8,Alive,Medium
ONC-02773,45,Other,Colorectal,Stage Iv,2.4,Current,Occasional,Yes,34.6,2022-11-19,Palliative Care,9,9,Alive,Critical
ONC-05078,67,Other,Pancreatic,Stage Ii,3.8,Never,Regular,Yes,26.5,2024-04-15,Combination Therapy,7,16,Alive,Medium
ONC-03149,51,Other,Prostate,Stage Iii,3.8,Former,Regular,No,24.2,Unknown,Radiation Therapy,6,9,Alive,High
ONC-04175,54,Male,Ovarian,Stage Ii,1.0,Never,Regular,No,22.5,2016-05-09,Radiation Therapy,6,10,Alive,Medium
ONC-05084,66,Other,Prostate,Stage Iii,0.4,Current,Occasional,No,25.6,2019-09-20,Radiation Therapy,9,28,Alive,Not Recorded
ONC-04729,51,Female,Prostate,Stage Iii,2.0,Former,Regular,Yes,15.4,2021-11-04,Chemotherapy,6,0,Alive,Not Recorded
ONC-01055,58,Other,Brain,Stage I,1.4,Never,Regular,Yes,16.2,Unknown,Chemotherapy,8,25,Alive,Medium
ONC-00854,61,Other,Colorectal,Stage Iv,1.0,Current,Regular,No,26.0,2021-08-09,Palliative Care,3,5,Alive,Medium
ONC-03980,58,Male,Brain,Stage I,4.7,Never,Heavy,Yes,19.4,2021-10-21,Surgery,7,72,Alive,Low
ONC-07256,48,Female,Breast,Stage Iv,6.1,Never,Regular,No,26.6,2021-08-22,Immunotherapy,8,19,Alive,High
ONC-02263,44,Male,Breast,Stage Iv,3.0,Current,Regular,Yes,26.0,2016-06-02,Palliative Care,11,4,Alive,Not Recorded
ONC-01469,57,Other,Skin (Melanoma),Stage Iii,2.4,Former,Heavy,No,22.0,2017-01-25,Radiation Therapy,8,15,Alive,Medium
ONC-03166,56,Male,Ovarian,Stage Iii,0.5,Never,Heavy,Yes,30.2,Unknown,Radiation Therapy,4,23,Alive,High
ONC-04628,58,Male,Lung,Stage Ii,1.3,Never,Regular,No,28.6,2021-10-04,Immunotherapy,3,28,Deceased,Low
ONC-00848,48,Female,Prostate,Stage I,1.1,Never,Regular,No,33.4,2020-05-24,Combination Therapy,4,8,Alive,Low
ONC-03025,53,Other,Prostate,Stage I,4.7,Current,Regular,No,16.4,2016-09-17,Surgery,5,24,Not Recorded,Low
ONC-05264,75,Female,Lung,Stage Iii,1.8,Never,Regular,No,22.5,2022-07-06,Palliative Care,10,8,Deceased,Critical
ONC-04359,58,Female,Pancreatic,Stage Iii,4.9,Current,Regular,Yes,26.5,Unknown,Combination Therapy,5,2,Alive,High
ONC-06149,70,Other,Prostate,Stage Iii,2.4,Current,Occasional,No,22.9,2023-11-06,Combination Therapy,4,18,Alive,Not Recorded
ONC-02049,49,Other,Lung,Stage I,7.7,Current,Regular,No,22.3,2024-05-29,Palliative Care,4,7,Alive,Low
ONC-07033,58,Female,Liver,Stage Ii,2.0,Current,Occasional,No,24.1,2018-03-22,Palliative Care,9,50,Alive,Low
ONC-00158,59,Female,Prostate,Stage Iii,4.0,Never,Regular,Yes,34.6,2016-09-26,Surgery,3,0,Alive,Critical
ONC-04360,61,Other,Liver,Stage Ii,3.5,Never,Regular,No,21.7,Unknown,Palliative Care,4,7,Alive,Medium
ONC-04715,52,Other,Prostate,Stage Iii,6.0,Current,Heavy,No,23.9,2015-02-04,Chemotherapy,5,12,Not Recorded,Medium
ONC-02032,71,Female,Blood (Leukemia),Stage Iii,2.2,Current,Heavy,No,27.0,2022-09-13,Palliative Care,4,35,Not Recorded,High
ONC-04374,62,Female,Brain,Stage I,3.3,Former,Regular,Yes,26.1,2024-09-23,Palliative Care,4,14,Alive,Low
ONC-01238,35,Other,Lung,Stage I,2.2,Never,Heavy,Yes,16.2,Unknown,Palliative Care,4,21,Alive,Low
ONC-02787,54,Other,Pancreatic,Stage Ii,5.0,Former,Regular,No,24.0,2015-04-10,Chemotherapy,7,12,Alive,Medium
ONC-03889,52,Other,Lung,Stage Ii,1.5,Current,Occasional,Yes,24.8,2023-10-17,Palliative Care,5,18,Alive,Not Recorded
ONC-05752,31,Female,Prostate,Stage Iv,2.8,Never,Regular,Yes,23.1,2020-01-16,Palliative Care,9,2,Alive,Critical
ONC-04499,88,Female,Lung,Stage Iv,1.2,Current,Regular,No,32.3,Unknown,Surgery,4,79,Alive,Critical
ONC-00350,68,Male,Prostate,Stage Iv,1.0,Never,Occasional,Yes,24.9,2020-11-26,Immunotherapy,5,33,Alive,Medium
ONC-02921,60,Other,Prostate,Stage I,1.6,Never,Regular,No,25.9,2019-09-01,Surgery,5,8,Alive,Low
ONC-02305,58,Female,Breast,Stage Iv,0.2,Never,Occasional,No,25.4,2021-12-02,Surgery,6,27,Alive,Medium
ONC-04948,55,Male,Brain,Stage I,0.4,Current,Regular,Yes,18.7,2019-11-30,Palliative Care,4,9,Not Recorded,High
ONC-03956,67,Other,Ovarian,Stage Iii,2.4,Never,Regular,Yes,22.3,Unknown,Palliative Care,3,14,Alive,Critical
ONC-01178,50,Other,Brain,Stage I,4.9,Never,Heavy,Yes,20.5,2017-07-04,Palliative Care,7,12,Alive,Medium
ONC-05307,59,Female,Colorectal,Stage Iv,0.8,Former,Regular,Yes,25.1,Unknown,Surgery,6,0,Deceased,Low
ONC-06121,84,Other,Colorectal,Stage Iii,4.7,Never,Regular,Yes,26.5,Unknown,Surgery,4,49,Alive,High
ONC-01036,63,Male,Skin (Melanoma),Stage I,0.2,Current,Occasional,No,26.0,2019-01-16,Palliative Care,6,0,Deceased,Low
ONC-04942,58,Female,Liver,Stage Iii,10.8,Former,Occasional,Yes,31.1,Unknown,Palliative Care,2,6,Deceased,High
ONC-02266,50,Other,Brain,Stage I,6.0,Current,Regular,Yes,26.9,2015-06-24,Radiation Therapy,6,15,Alive,Medium
ONC-00815,58,Other,Liver,Stage I,1.7,Current,Heavy,No,24.9,2020-04-15,Surgery,6,24,Deceased,Low
ONC-05450,63,Female,Skin (Melanoma),Stage I,0.2,Never,Heavy,No,23.7,2018-10-09,Radiation Therapy,7,12,Alive,Low
ONC-06183,45,Female,Brain,Stage Iv,0.3,Former,Heavy,No,23.1,2024-11-24,Radiation Therapy,4,11,Deceased,Low
ONC-00820,55,Female,Skin (Melanoma),Stage Iv,10.0,Never,Occasional,No,22.1,Unknown,Palliative Care,6,23,Alive,Medium
ONC-05669,58,Female,Liver,Stage Iii,6.7,Former,Regular,No,16.5,2018-03-15,Combination Therapy,5,14,Alive,High
ONC-03261,82,Male,Colorectal,Stage Ii,4.2,Never,Regular,Yes,17.4,2019-04-25,Palliative Care,10,4,Alive,Not Recorded
ONC-02158,47,Male,Skin (Melanoma),Stage Iv,1.3,Never,Regular,Yes,19.0,2017-03-25,Chemotherapy,3,5,Alive,Not Recorded
ONC-06099,50,Other,Ovarian,Stage I,4.0,Never,Occasional,No,29.5,2018-09-28,Palliative Care,10,21,Alive,Critical
ONC-02207,58,Female,Colorectal,Stage Iii,5.0,Current,Regular,No,25.1,2018-08-25,Palliative Care,5,14,Deceased,Critical
ONC-02753,58,Male,Ovarian,Stage Ii,2.6,Never,Regular,Yes,20.0,2024-04-15,Chemotherapy,6,16,Alive,Medium
ONC-05781,53,Other,Liver,Stage I,0.3,Current,Regular,No,31.6,2018-08-28,Palliative Care,6,28,Alive,Low
ONC-06234,62,Other,Lung,Stage Ii,6.6,Former,Regular,No,34.1,2017-08-25,Combination Therapy,8,12,Alive,High
ONC-03058,78,Female,Pancreatic,Stage Ii,2.4,Never,Occasional,No,18.0,2023-07-08,Combination Therapy,5,12,Deceased,Low
ONC-06746,51,Other,Breast,Stage Iv,0.2,Never,Occasional,Yes,31.4,Unknown,Surgery,7,37,Alive,High
ONC-05334,54,Other,Lung,Stage I,2.4,Never,Regular,Yes,22.5,2019-09-16,Immunotherapy,8,9,Alive,Low
ONC-05487,72,Other,Lung,Stage I,0.1,Former,Occasional,Yes,21.0,Unknown,Combination Therapy,10,19,Not Recorded,Low
ONC-02320,51,Female,Prostate,Stage Ii,2.3,Never,Heavy,No,25.0,2023-04-20,Palliative Care,7,12,Alive,Low
ONC-06692,65,Female,Ovarian,Stage Iv,4.5,Current,Regular,Yes,30.9,Unknown,Chemotherapy,7,68,Alive,Critical
ONC-03708,42,Other,Prostate,Stage Ii,5.4,Former,Heavy,No,23.2,Unknown,Surgery,4,22,Deceased,Not Recorded
ONC-01697,68,Female,Blood (Leukemia),Stage I,7.9,Former,Regular,Yes,20.4,2016-09-29,Palliative Care,9,20,Deceased,Medium
ONC-05427,65,Male,Liver,Stage I,0.9,Never,Heavy,No,19.2,2018-06-08,Palliative Care,4,12,Deceased,Medium
ONC-00800,77,Other,Prostate,Stage Iii,1.6,Never,Heavy,Yes,21.3,2019-06-22,Radiation Therapy,6,32,Alive,High
ONC-01226,54,Male,Colorectal,Stage I,6.5,Current,Regular,No,26.0,2015-06-21,Combination Therapy,3,5,Deceased,Medium
ONC-05055,56,Other,Breast,Stage Iii,3.4,Never,Heavy,Yes,16.3,2018-12-09,Palliative Care,3,0,Deceased,High
ONC-02275,54,Other,Lung,Stage I,2.6,Current,Heavy,No,25.4,2022-02-12,Chemotherapy,8,30,Alive,Medium
ONC-03064,93,Male,Liver,Stage Ii,5.2,Never,Regular,Yes,25.9,2019-06-07,Palliative Care,5,51,Deceased,Medium
ONC-04513,75,Male,Prostate,Stage Iv,0.2,Never,Heavy,No,27.2,Unknown,Palliative Care,2,12,Alive,High
ONC-02023,68,Other,Breast,Stage Iii,2.7,Former,Heavy,No,12.0,2022-09-05,Chemotherapy,6,30,Alive,Medium
ONC-00417,58,Male,Lung,Stage Iii,1.6,Current,Occasional,No,26.0,2020-10-27,Combination Therapy,6,7,Alive,High
ONC-04466,83,Male,Liver,Stage Ii,1.5,Current,Regular,No,25.6,Unknown,Combination Therapy,6,17,Alive,Low
ONC-07378,41,Other,Liver,Stage I,4.4,Never,Regular,No,27.9,2020-04-26,Palliative Care,6,67,Alive,High
ONC-05146,57,Female,Blood (Leukemia),Stage Iv,5.9,Current,Regular,Yes,19.9,Unknown,Radiation Therapy,3,5,Deceased,High
ONC-04732,69,Other,Colorectal,Stage Iv,2.0,Never,Regular,No,22.6,2024-01-05,Chemotherapy,5,7,Deceased,Critical
ONC-03155,69,Other,Prostate,Stage Iv,0.1,Never,Regular,Yes,27.8,2024-01-13,Radiation Therapy,7,23,Alive,High
ONC-05236,66,Other,Skin (Melanoma),Stage I,5.2,Former,Heavy,Yes,35.0,2019-11-14,Palliative Care,6,12,Alive,Low
ONC-05177,79,Male,Prostate,Stage Ii,4.7,Former,Occasional,No,26.0,2022-04-01,Immunotherapy,0,49,Deceased,Medium
ONC-02629,43,Other,Colorectal,Stage Iv,6.1,Former,Regular,No,22.4,2019-12-17,Chemotherapy,13,4,Deceased,Medium
ONC-05480,41,Male,Breast,Stage Iv,2.4,Current,Regular,No,19.2,2021-06-22,Palliative Care,8,33,Alive,High
ONC-01763,80,Female,Breast,Stage I,1.6,Current,Regular,Yes,29.8,Unknown,Palliative Care,7,4,Deceased,Medium
ONC-02561,72,Other,Prostate,Stage Ii,16.8,Never,Heavy,Yes,26.0,2021-01-29,Radiation Therapy,3,7,Alive,Critical
ONC-06769,89,Other,Pancreatic,Stage Iv,4.3,Former,Heavy,Yes,31.0,Unknown,Immunotherapy,7,20,Alive,High
ONC-03929,55,Other,Prostate,Stage Ii,4.7,Never,Regular,No,24.3,2024-09-07,Surgery,7,4,Deceased,Low
ONC-00999,53,Other,Skin (Melanoma),Stage I,8.7,Former,Heavy,Yes,32.8,Unknown,Immunotherapy,6,10,Alive,High
ONC-04555,83,Other,Liver,Stage Iv,9.9,Never,Occasional,No,28.2,2016-02-29,Surgery,7,27,Alive,Low
ONC-04877,58,Male,Lung,Stage Iv,3.6,Former,Regular,Yes,30.4,Unknown,Combination Therapy,6,60,Deceased,Critical
ONC-05627,51,Male,Liver,Stage Ii,0.5,Current,Occasional,No,39.3,Unknown,Radiation Therapy,8,5,Not Recorded,Medium
ONC-04111,65,Other,Skin (Melanoma),Stage Iii,5.9,Never,Regular,Yes,22.4,2016-11-29,Chemotherapy,6,4,Not Recorded,High
ONC-04393,79,Other,Prostate,Stage I,0.2,Current,Regular,Yes,33.7,2023-02-07,Combination Therapy,6,10,Alive,Low
ONC-04822,52,Other,Ovarian,Stage Ii,3.1,Current,Regular,No,26.0,2017-12-17,Chemotherapy,6,12,Alive,Low
ONC-00027,93,Female,Ovarian,Stage Iv,3.6,Never,Regular,Yes,35.2,2023-05-22,Palliative Care,6,23,Alive,High
ONC-04351,49,Male,Skin (Melanoma),Stage Ii,1.0,Never,Occasional,Yes,25.6,2016-07-02,Radiation Therapy,6,1,Alive,Low
ONC-02815,61,Other,Pancreatic,Stage Ii,2.4,Never,Heavy,No,28.5,2020-04-05,Immunotherapy,5,4,Not Recorded,Medium
ONC-01081,38,Other,Prostate,Stage I,1.5,Current,Regular,Yes,31.8,2015-04-08,Palliative Care,5,19,Deceased,Low
ONC-04242,61,Other,Liver,Stage I,4.1,Never,Heavy,Yes,35.3,2018-04-28,Immunotherapy,2,12,Alive,Medium
ONC-06697,77,Other,Prostate,Stage Ii,2.1,Current,Regular,No,22.8,2022-09-25,Chemotherapy,5,4,Deceased,High
ONC-07176,40,Male,Ovarian,Stage Ii,2.4,Never,Regular,Yes,27.4,2018-11-25,Surgery,6,8,Alive,Not Recorded
ONC-03101,61,Other,Colorectal,Stage Iv,2.7,Current,Occasional,No,30.8,2024-09-20,Chemotherapy,5,2,Deceased,Low
ONC-02751,53,Male,Liver,Stage I,4.7,Never,Heavy,Yes,36.4,2017-09-06,Palliative Care,5,5,Alive,Low
ONC-05524,58,Female,Liver,Stage Iii,1.6,Never,Occasional,No,27.2,2023-11-03,Combination Therapy,7,12,Alive,Medium
ONC-05777,58,Male,Ovarian,Stage I,5.5,Never,Regular,Yes,28.0,2024-05-04,Combination Therapy,8,22,Alive,Low
ONC-02980,13,Female,Prostate,Stage Iii,5.9,Former,Occasional,No,39.5,Unknown,Radiation Therapy,5,2,Alive,Critical
ONC-06932,64,Female,Colorectal,Stage Iii,3.3,Never,Heavy,No,29.9,2022-06-18,Palliative Care,7,26,Alive,Medium
ONC-05604,38,Male,Prostate,Stage I,1.6,Former,Heavy,No,31.4,2020-12-13,Surgery,6,16,Alive,Medium
ONC-01063,55,Other,Prostate,Stage Iv,15.8,Never,Regular,No,27.7,2023-02-24,Radiation Therapy,4,19,Alive,High
ONC-01251,62,Other,Lung,Stage Ii,4.1,Current,Regular,No,30.0,2024-01-05,Surgery,6,19,Deceased,Critical
ONC-07384,55,Other,Lung,Stage Ii,0.7,Never,Regular,No,28.3,2019-11-07,Palliative Care,4,23,Deceased,High
ONC-02596,69,Female,Prostate,Stage Ii,2.2,Former,Regular,No,19.4,2018-04-27,Surgery,6,60,Alive,High
ONC-04565,87,Male,Skin (Melanoma),Stage Iii,2.4,Former,Heavy,Yes,35.6,2015-03-05,Radiation Therapy,4,4,Not Recorded,Medium
ONC-03769,61,Other,Brain,Stage Ii,0.7,Former,Regular,Yes,31.3,2020-10-27,Combination Therapy,6,36,Deceased,Critical
ONC-02926,66,Male,Lung,Stage Iii,2.7,Current,Regular,No,30.0,2022-06-01,Palliative Care,6,37,Alive,High
ONC-04425,60,Male,Ovarian,Stage Iii,1.3,Never,Regular,No,28.6,2019-01-30,Palliative Care,4,17,Alive,Critical
ONC-06696,49,Male,Prostate,Stage Ii,3.9,Former,Regular,No,33.8,2019-03-01,Palliative Care,3,5,Alive,Low
ONC-00770,86,Female,Brain,Stage I,1.1,Current,Regular,No,21.7,2021-02-13,Palliative Care,10,0,Alive,Low
ONC-04304,58,Male,Breast,Stage Iv,3.5,Former,Regular,Yes,25.1,2022-06-09,Chemotherapy,4,3,Alive,Not Recorded
ONC-05617,54,Female,Prostate,Stage Iii,4.2,Never,Regular,No,22.9,2016-08-20,Surgery,2,4,Alive,High
ONC-07120,64,Other,Skin (Melanoma),Stage Iv,0.4,Former,Heavy,Yes,26.0,2017-06-06,Immunotherapy,5,58,Alive,Low
ONC-02412,53,Male,Colorectal,Stage Iv,2.8,Never,Regular,No,22.7,2015-10-03,Surgery,10,79,Alive,Low
ONC-06686,37,Female,Pancreatic,Stage Ii,1.9,Former,Heavy,No,19.2,2020-07-12,Immunotherapy,8,12,Deceased,Medium
ONC-04296,47,Female,Skin (Melanoma),Stage Ii,1.8,Never,Occasional,No,21.3,Unknown,Surgery,6,1,Alive,Medium
ONC-02527,73,Male,Colorectal,Stage Iv,4.0,Current,Regular,No,20.8,2020-10-05,Radiation Therapy,4,29,Deceased,High
ONC-02389,40,Other,Skin (Melanoma),Stage I,9.6,Never,Occasional,No,23.5,2017-03-30,Combination Therapy,4,15,Alive,Low
ONC-04092,39,Other,Colorectal,Stage Iv,1.9,Never,Occasional,No,21.6,2020-10-26,Immunotherapy,4,12,Alive,Critical
ONC-06706,45,Other,Colorectal,Stage Iv,3.1,Never,Regular,No,25.3,2021-04-03,Chemotherapy,6,0,Alive,Critical
ONC-02063,53,Male,Skin (Melanoma),Stage Iv,0.5,Never,Occasional,Yes,30.0,2017-10-29,Surgery,6,12,Alive,Medium
ONC-00410,58,Male,Lung,Stage Iv,6.6,Current,Regular,Yes,27.3,2017-11-14,Palliative Care,5,3,Alive,Medium
ONC-01914,52,Other,Prostate,Stage Iii,1.9,Current,Regular,No,30.0,2019-10-11,Palliative Care,8,10,Not Recorded,High
ONC-01354,50,Female,Lung,Stage Iv,2.4,Current,Occasional,Yes,31.7,Unknown,Palliative Care,8,31,Alive,Critical
ONC-07186,58,Male,Prostate,Stage Ii,2.4,Former,Occasional,No,26.0,2015-12-09,Palliative Care,5,0,Alive,Medium
ONC-05424,53,Other,Pancreatic,Stage Iv,7.8,Never,Regular,No,24.1,2019-06-25,Radiation Therapy,12,0,Deceased,Low
ONC-01728,68,Other,Ovarian,Stage Ii,14.2,Never,Regular,Yes,37.9,2018-01-18,Palliative Care,3,24,Alive,Low
ONC-04674,61,Female,Prostate,Stage I,0.7,Never,Occasional,No,33.9,2015-09-13,Palliative Care,10,5,Deceased,Medium
ONC-05708,70,Other,Liver,Stage Iii,0.8,Never,Regular,No,21.6,2020-04-29,Combination Therapy,3,13,Deceased,Critical
ONC-03520,46,Female,Breast,Stage Iv,2.4,Never,Heavy,Yes,21.9,2018-10-04,Surgery,6,12,Alive,Critical
ONC-05475,62,Other,Liver,Stage Iii,1.2,Former,Regular,Yes,16.7,2019-02-08,Palliative Care,4,8,Deceased,High
ONC-03257,35,Male,Lung,Stage I,3.8,Former,Regular,No,24.0,2024-05-01,Palliative Care,7,12,Deceased,High
ONC-01476,76,Other,Prostate,Stage Iii,8.1,Current,Heavy,No,32.0,2016-04-21,Palliative Care,6,0,Not Recorded,Critical
ONC-03169,58,Female,Brain,Stage Iv,2.0,Current,Occasional,No,23.3,2021-07-26,Palliative Care,8,5,Alive,Critical
ONC-00425,42,Female,Blood (Leukemia),Stage Iii,0.9,Current,Regular,No,22.1,2015-07-07,Chemotherapy,6,1,Alive,Critical
ONC-00293,97,Male,Colorectal,Stage Iii,3.5,Current,Regular,Yes,26.0,2023-10-03,Immunotherapy,2,21,Alive,Low
ONC-05750,74,Female,Breast,Stage Iv,0.7,Current,Heavy,No,26.0,2022-06-24,Chemotherapy,5,58,Deceased,Critical
ONC-03516,64,Other,Prostate,Stage Iv,2.0,Former,Regular,Yes,34.2,2020-08-18,Surgery,8,52,Alive,High
ONC-05189,49,Other,Colorectal,Stage I,2.1,Never,Regular,No,24.6,2020-11-17,Surgery,6,10,Deceased,Low
ONC-02415,58,Female,Prostate,Stage Ii,1.8,Never,Heavy,Yes,29.9,2021-08-22,Immunotherapy,5,0,Alive,High
ONC-04300,60,Other,Breast,Stage Iii,0.1,Current,Regular,No,36.6,2023-01-25,Immunotherapy,5,34,Alive,Not Recorded
ONC-01051,43,Other,Prostate,Stage Iv,1.7,Former,Regular,Yes,26.4,2017-02-12,Combination Therapy,5,16,Alive,Medium
ONC-03848,58,Other,Lung,Stage Ii,0.8,Never,Occasional,No,33.2,2024-08-26,Radiation Therapy,8,116,Alive,Medium
ONC-06622,75,Female,Prostate,Stage I,0.8,Former,Heavy,Yes,28.7,Unknown,Radiation Therapy,7,21,Deceased,Low
ONC-03684,62,Other,Brain,Stage Iii,13.2,Never,Regular,Yes,25.9,2017-02-01,Palliative Care,0,7,Alive,Critical
ONC-02082,61,Other,Liver,Stage Iv,2.4,Former,Occasional,Yes,25.7,2023-01-28,Radiation Therapy,6,1,Deceased,Medium
ONC-02844,59,Male,Brain,Stage Iv,4.2,Current,Heavy,No,29.3,2016-07-25,Palliative Care,5,12,Alive,High
ONC-00560,61,Female,Breast,Stage Iv,2.6,Current,Heavy,No,30.5,2023-07-19,Palliative Care,7,0,Alive,High
ONC-01006,53,Male,Blood (Leukemia),Stage Iii,1.8,Former,Regular,Yes,26.3,Unknown,Chemotherapy,5,76,Alive,Medium
ONC-01804,58,Female,Skin (Melanoma),Stage I,9.7,Current,Heavy,No,24.0,2019-07-25,Palliative Care,4,40,Alive,Medium
ONC-05910,58,Male,Ovarian,Stage Iii,1.2,Former,Regular,Yes,22.9,2015-08-13,Palliative Care,9,22,Deceased,High
ONC-00238,58,Female,Lung,Stage I,1.1,Current,Regular,Yes,21.0,2023-04-22,Surgery,2,32,Not Recorded,Low
ONC-07447,60,Male,Colorectal,Stage I,2.0,Never,Regular,No,26.0,2017-04-03,Surgery,4,10,Alive,High
ONC-00099,68,Other,Pancreatic,Stage Iv,0.3,Never,Occasional,No,26.0,2015-06-01,Chemotherapy,10,34,Alive,High
ONC-00627,58,Other,Liver,Stage I,8.3,Never,Heavy,No,34.8,2020-07-17,Palliative Care,5,2,Alive,Low
ONC-04571,73,Male,Liver,Stage Ii,0.1,Never,Regular,Yes,19.8,2023-01-22,Immunotherapy,3,11,Alive,Not Recorded
ONC-00106,61,Other,Pancreatic,Stage Iii,3.7,Never,Regular,No,23.2,2022-08-07,Combination Therapy,6,5,Alive,High
ONC-04728,65,Female,Ovarian,Stage Iii,2.4,Current,Regular,No,32.3,2018-11-08,Palliative Care,8,17,Deceased,Critical
ONC-05858,40,Other,Ovarian,Stage I,1.0,Former,Occasional,No,28.4,Unknown,Palliative Care,6,14,Alive,Low
ONC-05468,44,Male,Blood (Leukemia),Stage I,2.8,Current,Regular,Yes,22.6,Unknown,Combination Therapy,6,0,Alive,Medium
ONC-06202,59,Other,Prostate,Stage I,4.3,Current,Regular,No,30.4,Unknown,Combination Therapy,6,6,Alive,Low
ONC-00823,50,Male,Liver,Stage Iv,3.7,Current,Regular,Yes,31.9,Unknown,Radiation Therapy,7,23,Alive,High
ONC-02979,35,Female,Prostate,Stage Ii,4.9,Never,Regular,No,24.1,2024-06-21,Chemotherapy,1,24,Alive,High
ONC-06086,58,Male,Liver,Stage Iii,1.5,Never,Regular,No,24.0,2021-04-16,Combination Therapy,4,43,Deceased,Medium
ONC-06393,52,Other,Blood (Leukemia),Stage I,6.0,Current,Regular,No,28.4,2022-08-03,Combination Therapy,8,14,Deceased,Low
ONC-05913,80,Male,Lung,Stage Ii,3.8,Never,Heavy,No,25.8,2016-08-25,Palliative Care,10,0,Alive,Medium
ONC-07338,49,Other,Skin (Melanoma),Stage Iv,0.1,Never,Heavy,Yes,31.5,2018-12-29,Palliative Care,11,12,Alive,High
ONC-05808,62,Male,Colorectal,Stage Iii,0.4,Former,Regular,Yes,26.0,2020-06-10,Combination Therapy,5,0,Alive,High
ONC-02309,58,Female,Ovarian,Stage I,8.7,Current,Heavy,No,21.5,2023-03-20,Combination Therapy,8,12,Deceased,Low
ONC-04924,77,Male,Ovarian,Stage Ii,2.7,Never,Regular,No,25.7,2018-03-18,Immunotherapy,4,14,Alive,Low
ONC-00658,58,Female,Breast,Stage I,20.0,Never,Regular,No,27.4,2021-06-11,Surgery,6,16,Alive,Medium
ONC-04737,61,Female,Lung,Stage Ii,2.9,Former,Regular,No,32.3,2021-07-26,Immunotherapy,7,43,Alive,High
ONC-03133,20,Male,Skin (Melanoma),Stage Iii,0.8,Former,Regular,No,25.5,2021-07-30,Radiation Therapy,10,8,Deceased,Medium
ONC-05824,68,Male,Lung,Stage I,1.4,Never,Regular,No,18.7,2024-04-13,Combination Therapy,3,3,Alive,Low
ONC-07171,56,Female,Blood (Leukemia),Stage Iv,3.7,Current,Regular,Yes,17.9,2023-06-18,Combination Therapy,6,47,Alive,Medium
ONC-03397,44,Female,Prostate,Stage Ii,4.4,Former,Regular,No,26.7,2020-01-05,Radiation Therapy,7,45,Alive,Critical
ONC-05682,63,Other,Lung,Stage Iii,2.4,Former,Regular,No,21.8,2017-03-11,Combination Therapy,3,3,Alive,Low
ONC-03441,43,Male,Blood (Leukemia),Stage Ii,3.7,Current,Regular,Yes,28.0,2024-01-27,Surgery,3,2,Deceased,Not Recorded
ONC-07034,50,Female,Breast,Stage Iv,2.1,Former,Regular,Yes,25.2,2017-08-28,Immunotherapy,6,4,Deceased,High
ONC-04492,55,Other,Liver,Stage Iii,8.6,Never,Heavy,Yes,27.6,2023-07-22,Immunotherapy,6,30,Alive,Low
ONC-02732,51,Female,Blood (Leukemia),Stage I,3.7,Never,Regular,No,22.8,2016-08-19,Chemotherapy,6,55,Deceased,Medium
ONC-06064,45,Other,Skin (Melanoma),Stage I,1.4,Never,Occasional,Yes,32.5,2019-07-09,Palliative Care,4,12,Alive,Low
ONC-06356,61,Other,Prostate,Stage Iii,3.6,Current,Regular,No,30.4,2017-05-04,Immunotherapy,6,0,Deceased,Low
ONC-03764,69,Female,Prostate,Stage I,5.4,Current,Occasional,Yes,23.8,2024-09-03,Chemotherapy,6,18,Deceased,Not Recorded
ONC-01066,55,Other,Pancreatic,Stage Ii,0.6,Current,Heavy,No,22.4,2022-11-19,Surgery,8,8,Alive,Medium
ONC-02617,71,Female,Brain,Stage I,11.2,Former,Regular,No,24.2,2015-08-16,Palliative Care,5,51,Not Recorded,Low
ONC-07194,46,Male,Prostate,Stage Iv,11.0,Never,Regular,Yes,29.9,2015-12-24,Immunotherapy,7,16,Alive,High
ONC-02973,86,Male,Lung,Stage Iii,0.1,Never,Regular,Yes,24.0,2023-12-15,Combination Therapy,6,15,Alive,Not Recorded
ONC-03728,88,Other,Brain,Stage I,2.0,Former,Regular,No,26.0,2019-05-19,Immunotherapy,7,12,Alive,Medium
ONC-03010,36,Other,Skin (Melanoma),Stage I,4.7,Current,Regular,Yes,31.2,2023-10-13,Combination Therapy,6,0,Alive,Low
ONC-03765,54,Other,Brain,Stage Iv,0.4,Never,Regular,No,26.4,Unknown,Surgery,4,23,Alive,Medium
ONC-07319,74,Female,Prostate,Stage I,1.3,Never,Occasional,Yes,27.0,2019-09-03,Surgery,10,12,Alive,Low
ONC-03942,37,Male,Prostate,Stage Iv,2.7,Former,Regular,No,22.1,2018-11-12,Surgery,5,1,Deceased,Low
ONC-02878,47,Other,Brain,Stage I,7.0,Former,Regular,Yes,26.0,2024-12-03,Immunotherapy,2,2,Deceased,Low
ONC-04168,59,Other,Colorectal,Stage Ii,0.9,Current,Regular,No,31.9,2015-02-11,Chemotherapy,5,3,Alive,Medium
ONC-00620,55,Other,Prostate,Stage I,4.6,Current,Heavy,No,29.2,2017-08-07,Palliative Care,7,0,Alive,Low
ONC-05199,47,Other,Blood (Leukemia),Stage Iv,3.2,Former,Occasional,No,23.4,2024-06-27,Surgery,6,11,Alive,Low
ONC-05668,55,Female,Blood (Leukemia),Stage I,2.4,Current,Regular,Yes,24.6,2023-03-21,Combination Therapy,6,8,Alive,Medium
ONC-05561,54,Female,Ovarian,Stage Ii,0.2,Never,Regular,Yes,27.3,2019-08-28,Chemotherapy,12,1,Not Recorded,Critical
ONC-04596,65,Other,Skin (Melanoma),Stage Iii,4.6,Never,Regular,No,32.2,2023-07-15,Palliative Care,9,41,Alive,Medium
ONC-00629,46,Female,Skin (Melanoma),Stage Iv,9.5,Never,Regular,No,30.3,2018-05-12,Combination Therapy,8,22,Deceased,Critical
ONC-02468,58,Male,Colorectal,Stage Iii,1.4,Current,Heavy,No,21.7,2015-04-09,Palliative Care,7,25,Not Recorded,High
ONC-01133,77,Female,Blood (Leukemia),Stage Ii,2.9,Former,Regular,No,30.6,2019-09-22,Palliative Care,4,1,Alive,Low
ONC-05899,48,Other,Skin (Melanoma),Stage I,0.6,Never,Regular,Yes,16.0,2019-04-08,Combination Therapy,6,47,Alive,Low
ONC-03242,72,Other,Lung,Stage I,7.6,Current,Regular,No,29.1,Unknown,Radiation Therapy,9,25,Deceased,Low
ONC-01829,57,Other,Prostate,Stage I,0.1,Never,Regular,Yes,25.5,2023-09-19,Radiation Therapy,7,5,Alive,Critical
ONC-00827,58,Male,Lung,Stage I,2.6,Current,Regular,No,16.8,2019-01-21,Chemotherapy,6,29,Deceased,Low
ONC-02954,85,Female,Blood (Leukemia),Stage I,3.5,Former,Heavy,No,20.0,2022-11-13,Surgery,8,0,Alive,Not Recorded
ONC-00255,59,Male,Brain,Stage Iv,2.0,Never,Heavy,Yes,28.9,2015-03-10,Palliative Care,10,15,Deceased,Critical
ONC-06446,61,Female,Skin (Melanoma),Stage Iii,14.6,Never,Regular,No,22.2,2019-12-08,Immunotherapy,5,18,Alive,Critical
ONC-06081,58,Female,Breast,Stage Ii,0.9,Never,Regular,Yes,34.4,Unknown,Radiation Therapy,11,42,Alive,Low
ONC-05934,31,Other,Blood (Leukemia),Stage Ii,1.3,Current,Heavy,Yes,23.9,2020-09-20,Combination Therapy,11,16,Alive,Not Recorded
ONC-06831,71,Other,Pancreatic,Stage Iii,2.4,Current,Regular,Yes,18.0,2018-08-29,Radiation Therapy,8,39,Deceased,High
ONC-01452,58,Other,Brain,Stage Iii,5.7,Current,Regular,Yes,18.5,2019-06-19,Combination Therapy,4,12,Alive,Critical
ONC-04651,80,Other,Brain,Stage Ii,6.1,Former,Heavy,No,24.2,2021-10-22,Immunotherapy,8,12,Alive,High
ONC-02650,35,Male,Brain,Stage Iv,0.1,Never,Occasional,No,26.0,2019-03-25,Immunotherapy,6,3,Alive,Critical
ONC-03268,49,Other,Prostate,Stage Iii,1.3,Current,Occasional,No,18.3,Unknown,Radiation Therapy,7,8,Not Recorded,Low
ONC-02891,53,Other,Colorectal,Stage Iv,2.4,Current,Occasional,Yes,22.7,Unknown,Palliative Care,8,89,Alive,High
ONC-01661,58,Male,Skin (Melanoma),Stage I,5.1,Former,Occasional,No,31.9,Unknown,Chemotherapy,7,4,Not Recorded,High
ONC-06104,66,Male,Blood (Leukemia),Stage Iv,0.2,Never,Regular,Yes,30.1,2021-12-02,Radiation Therapy,6,4,Alive,High
ONC-04399,70,Male,Pancreatic,Stage Ii,1.9,Never,Regular,Yes,24.5,Unknown,Radiation Therapy,6,55,Deceased,High
ONC-02977,43,Other,Skin (Melanoma),Stage Iii,1.8,Current,Regular,No,20.6,Unknown,Palliative Care,5,9,Alive,High
ONC-06395,65,Other,Liver,Stage Iii,3.1,Former,Regular,No,29.0,2023-11-17,Combination Therapy,7,8,Deceased,Not Recorded
ONC-02243,38,Other,Prostate,Stage Iii,1.1,Former,Occasional,No,20.4,2018-03-31,Combination Therapy,6,7,Alive,High
ONC-05962,73,Other,Prostate,Stage Ii,0.4,Never,Regular,No,28.4,2016-06-19,Surgery,4,1,Alive,Medium
ONC-01053,55,Female,Colorectal,Stage Iv,13.6,Never,Occasional,Yes,31.4,Unknown,Surgery,5,12,Alive,Critical
ONC-00191,75,Male,Prostate,Stage Iii,0.2,Former,Regular,Yes,20.4,Unknown,Chemotherapy,6,3,Alive,Critical
ONC-02789,49,Other,Prostate,Stage I,0.4,Current,Regular,No,23.1,2015-09-20,Palliative Care,6,4,Deceased,Not Recorded
ONC-04757,32,Other,Breast,Stage Ii,7.3,Never,Regular,No,22.5,2022-03-19,Radiation Therapy,8,12,Alive,Low
ONC-02388,83,Male,Skin (Melanoma),Stage Iv,2.5,Never,Regular,No,25.2,2023-10-01,Palliative Care,3,1,Deceased,Critical
ONC-03252,47,Female,Brain,Stage Iv,6.4,Former,Regular,No,17.1,2018-08-12,Chemotherapy,5,40,Alive,Critical
ONC-00023,51,Female,Lung,Stage I,1.7,Never,Occasional,No,29.9,2017-02-18,Combination Therapy,6,12,Alive,Low
ONC-00911,47,Other,Blood (Leukemia),Stage Iv,1.9,Current,Regular,No,29.9,2022-05-03,Palliative Care,6,7,Deceased,Critical
ONC-07100,71,Other,Skin (Melanoma),Stage Iii,1.3,Current,Heavy,Yes,26.0,2020-12-23,Surgery,6,34,Alive,High
ONC-02406,78,Female,Skin (Melanoma),Stage Iv,0.6,Never,Heavy,No,21.2,2019-06-07,Palliative Care,2,12,Alive,Medium
ONC-03745,62,Other,Colorectal,Stage Iii,2.4,Never,Regular,No,32.6,2024-09-22,Surgery,3,1,Not Recorded,Critical
ONC-01672,58,Male,Brain,Stage Iv,2.4,Never,Regular,Yes,19.7,2016-09-06,Combination Therapy,7,3,Alive,Critical
ONC-01300,88,Other,Colorectal,Stage I,3.1,Never,Occasional,No,26.2,2020-10-15,Surgery,5,33,Deceased,Low
ONC-02006,58,Other,Prostate,Stage Iv,0.3,Never,Regular,Yes,33.4,2021-01-28,Palliative Care,9,18,Deceased,High
ONC-00528,58,Female,Colorectal,Stage I,0.3,Never,Regular,No,28.8,2018-06-30,Immunotherapy,8,17,Not Recorded,Low
ONC-04373,72,Other,Pancreatic,Stage Iii,2.5,Never,Regular,No,24.4,2022-12-13,Palliative Care,7,18,Alive,Not Recorded
ONC-04751,58,Other,Skin (Melanoma),Stage Ii,2.4,Never,Regular,No,27.6,2022-08-13,Immunotherapy,11,25,Alive,Low
ONC-03639,69,Other,Pancreatic,Stage Iv,0.2,Former,Heavy,No,33.6,Unknown,Combination Therapy,4,25,Alive,Not Recorded
ONC-05883,54,Other,Lung,Stage I,1.9,Never,Occasional,Yes,26.0,2019-12-07,Palliative Care,8,3,Alive,Low
ONC-06601,31,Other,Brain,Stage I,0.2,Never,Heavy,No,29.7,2017-08-09,Palliative Care,6,12,Deceased,Low
ONC-02896,58,Female,Brain,Stage I,1.5,Never,Occasional,No,28.8,2023-10-10,Radiation Therapy,3,9,Deceased,High
ONC-02319,80,Male,Ovarian,Stage I,5.3,Former,Regular,Yes,19.2,Unknown,Surgery,5,8,Alive,Low
ONC-02692,58,Male,Brain,Stage I,5.7,Former,Occasional,No,26.0,2021-05-05,Immunotherapy,8,12,Alive,Low
ONC-06049,43,Other,Pancreatic,Stage I,1.7,Never,Regular,Yes,21.2,2024-06-20,Radiation Therapy,7,12,Deceased,High
ONC-06507,69,Male,Prostate,Stage I,0.5,Never,Occasional,Yes,24.9,2017-03-15,Immunotherapy,5,12,Alive,High
ONC-07360,60,Female,Pancreatic,Stage Iii,20.0,Never,Regular,No,27.2,2019-01-07,Palliative Care,10,89,Not Recorded,High
ONC-02624,64,Other,Ovarian,Stage I,3.6,Current,Heavy,Yes,24.7,2020-09-23,Chemotherapy,4,12,Deceased,Low
ONC-04136,50,Male,Colorectal,Stage Iv,2.5,Never,Regular,Yes,30.9,2021-01-08,Radiation Therapy,6,28,Alive,High
ONC-06579,50,Other,Pancreatic,Stage Iv,5.2,Former,Regular,No,33.6,2018-11-30,Combination Therapy,4,25,Alive,Medium
ONC-02759,51,Male,Brain,Stage Iv,4.2,Current,Regular,Yes,27.3,2019-03-11,Combination Therapy,2,0,Alive,Low
ONC-01351,51,Female,Blood (Leukemia),Stage Iv,0.2,Former,Heavy,No,34.5,2024-04-06,Palliative Care,2,28,Alive,Not Recorded
ONC-05303,62,Other,Breast,Stage Ii,1.7,Current,Occasional,No,22.6,2016-03-05,Radiation Therapy,7,5,Not Recorded,Medium
ONC-03193,41,Male,Prostate,Stage Iii,2.0,Current,Regular,Yes,24.1,2017-10-05,Surgery,3,1,Deceased,High
ONC-05798,55,Female,Blood (Leukemia),Stage I,4.4,Former,Occasional,No,22.4,2020-02-03,Combination Therapy,5,7,Alive,Not Recorded
ONC-05368,78,Other,Brain,Stage Iv,0.1,Current,Regular,No,23.0,2022-11-08,Chemotherapy,6,1,Alive,High
ONC-02675,58,Female,Brain,Stage Ii,5.2,Former,Occasional,No,34.0,2024-07-08,Palliative Care,6,14,Alive,Low
ONC-02806,45,Male,Ovarian,Stage Ii,1.5,Former,Regular,No,22.4,Unknown,Surgery,5,29,Deceased,Medium
ONC-05326,74,Other,Lung,Stage Iv,4.4,Former,Regular,No,31.4,2024-11-07,Surgery,4,1,Alive,Low
ONC-03562,73,Other,Pancreatic,Stage Iv,2.7,Never,Regular,No,29.0,2015-11-29,Chemotherapy,5,7,Alive,Critical
ONC-00525,58,Other,Colorectal,Stage Iii,6.6,Current,Regular,No,23.2,2017-02-09,Surgery,4,6,Alive,Not Recorded
ONC-05520,80,Female,Prostate,Stage I,0.1,Never,Regular,No,26.7,Unknown,Surgery,3,37,Deceased,Low
ONC-05659,68,Other,Colorectal,Stage Iv,4.6,Current,Occasional,Yes,22.7,2016-12-20,Palliative Care,5,3,Alive,Critical
ONC-06161,45,Male,Lung,Stage I,2.1,Never,Heavy,No,25.6,2018-12-01,Combination Therapy,8,12,Alive,Low
ONC-02448,73,Other,Liver,Stage Iii,0.1,Never,Heavy,Yes,29.5,2023-11-11,Radiation Therapy,10,16,Not Recorded,High
ONC-04073,52,Female,Brain,Stage Iii,3.4,Current,Regular,No,32.1,2016-07-08,Palliative Care,6,1,Not Recorded,High
ONC-05510,65,Male,Blood (Leukemia),Stage Ii,4.5,Current,Regular,Yes,28.3,2021-07-07,Palliative Care,6,20,Deceased,Low
ONC-02197,76,Female,Pancreatic,Stage Ii,1.8,Current,Regular,Yes,18.4,2022-04-23,Palliative Care,6,0,Not Recorded,High
ONC-05329,75,Female,Brain,Stage Iv,3.0,Former,Regular,No,25.3,2018-01-06,Palliative Care,6,13,Deceased,Medium
ONC-06485,37,Female,Prostate,Stage Iii,6.6,Current,Regular,No,21.7,2018-08-12,Radiation Therapy,4,36,Alive,Critical
ONC-00441,56,Other,Breast,Stage Iii,2.3,Never,Occasional,No,28.7,2021-09-10,Surgery,5,41,Not Recorded,High
ONC-02997,58,Female,Ovarian,Stage Iv,17.2,Current,Regular,No,25.7,2017-09-27,Combination Therapy,8,45,Deceased,Low
ONC-00746,52,Other,Pancreatic,Stage Iv,0.4,Never,Regular,Yes,22.2,2019-10-29,Surgery,4,76,Alive,Critical
ONC-06136,76,Female,Blood (Leukemia),Stage I,1.2,Former,Regular,No,28.8,Unknown,Radiation Therapy,1,2,Alive,Low
ONC-05106,57,Other,Prostate,Stage Iii,1.8,Current,Regular,No,21.8,2022-08-10,Surgery,8,0,Alive,High
ONC-05758,61,Other,Liver,Stage Iv,1.8,Former,Regular,No,28.1,2017-09-02,Radiation Therapy,11,1,Deceased,Low
ONC-06982,42,Other,Prostate,Stage I,20.0,Never,Regular,Yes,21.7,2023-03-25,Surgery,6,3,Deceased,Not Recorded
ONC-06501,45,Other,Ovarian,Stage I,2.2,Never,Occasional,Yes,27.4,2017-05-13,Palliative Care,6,18,Deceased,Low
ONC-05944,38,Female,Brain,Stage Ii,7.3,Never,Regular,No,24.8,2016-03-01,Combination Therapy,1,4,Alive,Low
ONC-04383,78,Male,Colorectal,Stage Iv,9.8,Current,Regular,No,26.0,2024-12-19,Immunotherapy,16,91,Alive,Low
ONC-00021,56,Other,Ovarian,Stage Ii,2.4,Current,Heavy,Yes,27.7,2023-10-19,Immunotherapy,6,17,Deceased,Medium
ONC-04547,63,Female,Breast,Stage Ii,0.8,Former,Regular,No,32.7,2016-12-17,Palliative Care,8,39,Alive,Medium
ONC-00285,99,Other,Prostate,Stage Ii,1.6,Former,Regular,Yes,32.2,2020-01-16,Combination Therapy,10,7,Alive,Medium
ONC-00821,99,Female,Prostate,Stage Iii,2.7,Never,Regular,No,29.6,2023-12-20,Palliative Care,10,14,Alive,High
ONC-07104,43,Female,Breast,Stage Iv,2.4,Former,Regular,Yes,32.3,2022-10-17,Palliative Care,4,2,Deceased,Medium
ONC-02440,33,Male,Brain,Stage Ii,2.4,Current,Occasional,Yes,21.9,2016-10-18,Palliative Care,5,16,Deceased,Low
ONC-01417,47,Other,Pancreatic,Stage Iv,4.0,Former,Occasional,Yes,23.8,2018-06-29,Immunotherapy,9,6,Alive,Not Recorded
ONC-01416,72,Male,Brain,Stage Ii,10.0,Never,Occasional,Yes,28.1,2019-09-16,Surgery,6,106,Alive,Low
ONC-00284,66,Other,Prostate,Stage Ii,7.5,Never,Regular,No,20.8,2020-03-07,Chemotherapy,6,30,Deceased,Medium
ONC-04075,58,Female,Ovarian,Stage Iv,2.2,Never,Occasional,No,31.9,2017-10-16,Radiation Therapy,6,3,Deceased,Critical
ONC-05067,44,Female,Prostate,Stage Iv,5.1,Never,Occasional,Yes,24.4,2024-08-29,Chemotherapy,9,5,Alive,Medium
ONC-06802,62,Other,Ovarian,Stage I,2.1,Former,Regular,Yes,20.6,2016-09-27,Palliative Care,2,3,Alive,Low
ONC-05147,89,Female,Prostate,Stage Iv,5.8,Current,Regular,Yes,26.2,2024-10-20,Radiation Therapy,3,24,Deceased,High
ONC-05829,45,Other,Pancreatic,Stage Ii,3.2,Former,Regular,No,29.6,2024-04-27,Chemotherapy,10,36,Alive,High
ONC-00249,60,Female,Prostate,Stage Iii,0.7,Never,Heavy,Yes,26.2,2021-04-23,Chemotherapy,11,28,Deceased,Critical
ONC-04858,65,Male,Colorectal,Stage I,0.3,Former,Regular,Yes,27.2,2024-09-15,Palliative Care,3,2,Alive,Not Recorded
ONC-05991,58,Female,Pancreatic,Stage Iv,0.6,Never,Heavy,No,27.5,2019-03-20,Immunotherapy,8,16,Deceased,Critical
ONC-03754,75,Male,Blood (Leukemia),Stage Iv,9.6,Never,Regular,Yes,27.2,2024-07-11,Immunotherapy,9,5,Alive,Critical
ONC-07324,56,Male,Breast,Stage Iii,0.2,Former,Occasional,No,34.1,2015-07-19,Surgery,8,12,Alive,High
ONC-02627,45,Other,Colorectal,Stage Iii,0.1,Never,Heavy,No,28.8,2021-10-24,Immunotherapy,7,12,Deceased,Critical
ONC-03538,56,Female,Prostate,Stage Iv,1.8,Former,Heavy,No,19.4,2016-01-19,Radiation Therapy,8,8,Deceased,Not Recorded
ONC-00156,58,Male,Liver,Stage Ii,1.6,Former,Heavy,No,34.6,2024-02-13,Chemotherapy,10,9,Alive,Medium
ONC-04710,56,Female,Brain,Stage Ii,2.4,Never,Heavy,No,14.7,2016-02-11,Combination Therapy,6,5,Alive,Not Recorded
ONC-02892,58,Female,Prostate,Stage Iii,4.8,Former,Heavy,No,23.3,2020-03-26,Chemotherapy,11,3,Alive,Medium
ONC-01246,77,Other,Colorectal,Stage Iv,0.1,Current,Regular,Yes,40.3,2018-11-23,Palliative Care,3,0,Alive,Not Recorded
ONC-01420,58,Male,Liver,Stage Iii,0.2,Never,Occasional,No,15.8,2017-01-26,Palliative Care,4,52,Alive,Critical
ONC-04203,75,Other,Liver,Stage Ii,2.1,Current,Regular,Yes,29.4,2017-04-07,Radiation Therapy,12,1,Not Recorded,High
ONC-02812,52,Female,Pancreatic,Stage Ii,2.4,Former,Occasional,No,26.8,2018-07-21,Surgery,6,6,Alive,Medium
ONC-00403,72,Other,Prostate,Stage Ii,3.2,Never,Occasional,Yes,26.9,2019-02-10,Palliative Care,6,29,Alive,Medium
ONC-07500,60,Other,Liver,Stage Ii,5.9,Former,Regular,Yes,22.7,2024-06-27,Radiation Therapy,6,13,Alive,Medium
ONC-04217,85,Other,Breast,Stage Iv,16.5,Never,Regular,Yes,21.1,Unknown,Combination Therapy,5,14,Alive,Critical
ONC-03437,42,Female,Prostate,Stage Iv,0.6,Never,Regular,No,30.5,2019-02-07,Combination Therapy,9,5,Alive,High
ONC-05369,83,Other,Colorectal,Stage Ii,8.7,Never,Regular,No,17.0,2019-08-29,Immunotherapy,6,5,Alive,Medium
ONC-07108,79,Male,Blood (Leukemia),Stage Ii,1.0,Never,Regular,No,14.8,2019-12-28,Palliative Care,5,2,Deceased,Medium
ONC-04878,58,Female,Prostate,Stage Iv,4.6,Never,Regular,No,28.3,2016-01-21,Immunotherapy,9,18,Alive,High
ONC-03928,73,Male,Brain,Stage Iv,1.9,Former,Regular,No,25.0,Unknown,Palliative Care,4,13,Alive,Critical
ONC-00126,71,Other,Brain,Stage I,2.1,Current,Regular,No,26.0,2022-03-20,Surgery,3,13,Alive,Medium
ONC-00631,32,Male,Breast,Stage Iii,1.0,Never,Regular,No,26.0,2024-08-28,Radiation Therapy,7,11,Deceased,Critical
ONC-02595,80,Female,Prostate,Stage Iv,0.6,Never,Heavy,No,25.1,2018-12-16,Radiation Therapy,4,2,Alive,High
ONC-03898,61,Female,Skin (Melanoma),Stage Ii,4.5,Current,Regular,No,33.2,2020-06-24,Palliative Care,7,3,Alive,Medium
ONC-01017,53,Female,Ovarian,Stage Iii,8.0,Former,Heavy,No,36.0,Unknown,Surgery,6,7,Alive,Critical
ONC-00649,38,Female,Liver,Stage Iii,8.1,Never,Regular,No,27.6,Unknown,Palliative Care,4,20,Deceased,Medium
ONC-02741,65,Female,Skin (Melanoma),Stage I,0.5,Never,Regular,No,25.4,2021-10-04,Immunotherapy,4,20,Alive,Low
ONC-01600,43,Male,Ovarian,Stage I,2.4,Current,Regular,Yes,26.0,2020-01-25,Radiation Therapy,1,3,Deceased,Low
ONC-04436,69,Female,Pancreatic,Stage Ii,0.8,Never,Occasional,Yes,21.5,2024-04-18,Combination Therapy,5,4,Alive,Not Recorded
ONC-00829,29,Male,Colorectal,Stage Iv,2.7,Never,Heavy,No,31.9,2018-03-20,Combination Therapy,6,37,Not Recorded,Critical
ONC-06708,58,Other,Breast,Stage Ii,2.6,Former,Heavy,No,30.8,2024-02-10,Radiation Therapy,5,12,Deceased,Low
ONC-05413,48,Other,Prostate,Stage Iv,2.4,Never,Occasional,Yes,27.1,2019-06-07,Palliative Care,5,61,Alive,Critical
ONC-03220,65,Male,Blood (Leukemia),Stage Iii,0.1,Never,Heavy,No,26.4,Unknown,Palliative Care,5,4,Alive,High
ONC-05834,49,Female,Brain,Stage Iv,3.1,Never,Regular,Yes,17.4,2017-11-24,Palliative Care,9,2,Alive,Not Recorded
ONC-03619,46,Other,Colorectal,Stage Ii,2.9,Former,Regular,Yes,25.9,Unknown,Radiation Therapy,7,12,Alive,Low
ONC-05968,72,Female,Skin (Melanoma),Stage Ii,2.4,Never,Heavy,Yes,33.1,2019-08-19,Palliative Care,8,3,Alive,Medium
ONC-00010,52,Female,Brain,Stage Iii,0.4,Never,Heavy,Yes,25.7,2017-12-20,Chemotherapy,6,0,Alive,Medium
ONC-02423,47,Other,Colorectal,Stage I,4.4,Never,Regular,No,26.0,2024-10-22,Chemotherapy,2,20,Alive,Low
ONC-04512,41,Female,Liver,Stage Ii,2.4,Never,Regular,Yes,20.6,2016-09-06,Palliative Care,1,14,Alive,Medium
ONC-00557,47,Other,Colorectal,Stage Iv,0.7,Former,Regular,No,28.6,2020-11-17,Surgery,6,11,Alive,Medium
ONC-00591,48,Other,Prostate,Stage Ii,11.4,Never,Regular,No,24.7,2018-06-21,Palliative Care,7,29,Not Recorded,Low
ONC-00803,50,Female,Prostate,Stage Ii,0.5,Former,Regular,No,26.0,2016-01-05,Palliative Care,9,39,Deceased,Medium
ONC-00207,80,Other,Lung,Stage Iv,0.3,Current,Regular,No,23.5,2017-12-23,Palliative Care,6,1,Deceased,Not Recorded
ONC-04254,58,Other,Breast,Stage Iv,3.8,Never,Regular,Yes,33.3,2017-08-06,Combination Therapy,6,26,Alive,Not Recorded
ONC-04529,55,Male,Skin (Melanoma),Stage Ii,13.4,Former,Regular,No,23.7,2015-08-13,Chemotherapy,4,2,Alive,Not Recorded
ONC-07072,75,Other,Breast,Stage Iv,6.0,Current,Heavy,No,19.6,Unknown,Chemotherapy,7,8,Alive,Medium
ONC-04187,64,Other,Pancreatic,Stage Ii,7.3,Current,Occasional,No,27.6,2019-01-21,Immunotherapy,9,8,Not Recorded,Low
ONC-01639,71,Female,Blood (Leukemia),Stage Ii,4.0,Former,Occasional,No,25.4,2017-06-16,Palliative Care,10,17,Alive,Low
ONC-05827,65,Other,Blood (Leukemia),Stage I,0.8,Never,Regular,No,20.2,2017-08-03,Chemotherapy,4,15,Alive,Medium
ONC-06812,45,Female,Skin (Melanoma),Stage Ii,2.4,Never,Heavy,No,19.6,2015-11-29,Palliative Care,6,4,Alive,Medium
ONC-03066,60,Male,Prostate,Stage Iii,1.2,Never,Regular,No,28.4,2023-02-07,Palliative Care,5,3,Not Recorded,High
ONC-02439,57,Other,Pancreatic,Stage Iii,2.5,Current,Occasional,No,25.9,2015-07-24,Palliative Care,4,4,Deceased,High
ONC-05624,58,Other,Prostate,Stage I,2.2,Former,Heavy,No,24.7,2024-04-29,Palliative Care,6,35,Deceased,Low
ONC-03111,58,Other,Colorectal,Stage Iv,3.4,Current,Regular,Yes,22.9,2020-06-02,Palliative Care,4,31,Alive,High
ONC-04250,48,Other,Lung,Stage Iv,0.8,Former,Regular,No,18.8,Unknown,Palliative Care,5,16,Deceased,Critical
ONC-06494,58,Other,Liver,Stage Iv,2.0,Never,Heavy,No,20.1,2020-11-27,Combination Therapy,8,13,Alive,Critical
ONC-04840,49,Other,Liver,Stage Ii,15.4,Never,Occasional,No,27.8,2023-08-27,Immunotherapy,10,12,Deceased,High
ONC-00795,56,Other,Skin (Melanoma),Stage Ii,2.8,Current,Regular,Yes,22.1,Unknown,Surgery,7,7,Not Recorded,High
ONC-03359,58,Male,Brain,Stage I,2.7,Current,Heavy,Yes,33.1,Unknown,Surgery,6,17,Deceased,Medium
ONC-06114,57,Male,Skin (Melanoma),Stage Iii,1.8,Former,Regular,Yes,27.8,Unknown,Surgery,7,3,Alive,Medium
ONC-05292,58,Male,Skin (Melanoma),Stage Iii,3.9,Never,Heavy,No,22.6,2016-10-22,Radiation Therapy,4,18,Alive,Medium
ONC-04378,77,Male,Breast,Stage Ii,4.9,Former,Regular,Yes,26.6,Unknown,Radiation Therapy,6,12,Alive,Low
ONC-04700,60,Male,Liver,Stage Iii,2.6,Never,Regular,No,21.4,Unknown,Combination Therapy,6,6,Not Recorded,High
ONC-01934,58,Other,Ovarian,Stage Ii,2.0,Never,Heavy,Yes,26.7,2017-12-30,Surgery,7,17,Alive,Medium
ONC-03026,88,Male,Lung,Stage I,11.7,Current,Heavy,No,26.0,2022-09-27,Combination Therapy,13,120,Alive,Not Recorded
ONC-04487,58,Female,Liver,Stage Iii,4.4,Never,Regular,No,23.8,2022-04-28,Chemotherapy,6,22,Deceased,Low
ONC-01812,89,Female,Skin (Melanoma),Stage Iii,2.9,Former,Heavy,No,26.0,2019-05-20,Chemotherapy,3,1,Alive,Low
ONC-03351,74,Male,Breast,Stage Ii,7.4,Current,Regular,No,21.5,2015-01-28,Immunotherapy,6,0,Alive,Not Recorded
ONC-04065,55,Female,Skin (Melanoma),Stage Iii,2.2,Never,Heavy,No,14.8,2019-12-04,Palliative Care,6,5,Deceased,High
ONC-07016,62,Female,Prostate,Stage Iii,4.5,Current,Regular,Yes,31.8,Unknown,Radiation Therapy,4,7,Alive,High
ONC-03979,47,Female,Skin (Melanoma),Stage Ii,9.7,Never,Heavy,No,22.7,Unknown,Palliative Care,6,2,Alive,Medium
ONC-01288,33,Other,Prostate,Stage Iv,1.1,Current,Regular,No,38.6,2017-05-07,Palliative Care,6,1,Alive,High
ONC-03299,52,Other,Prostate,Stage Ii,1.8,Never,Regular,No,34.0,2024-06-22,Surgery,8,2,Alive,Low
ONC-06876,52,Other,Breast,Stage Iv,0.7,Never,Regular,Yes,26.5,2018-02-10,Palliative Care,4,1,Deceased,High
ONC-04797,79,Female,Brain,Stage Iv,0.2,Never,Occasional,Yes,27.4,Unknown,Combination Therapy,6,7,Deceased,High
ONC-03206,62,Female,Ovarian,Stage Iv,1.7,Current,Heavy,No,37.4,2020-03-01,Surgery,6,12,Alive,Critical
ONC-04450,65,Female,Pancreatic,Stage Ii,2.4,Never,Regular,Yes,16.1,2020-06-07,Surgery,2,23,Alive,High
ONC-06650,48,Male,Colorectal,Stage Iv,2.1,Former,Heavy,No,25.0,2020-04-17,Palliative Care,5,10,Alive,Low
ONC-05017,59,Other,Ovarian,Stage Ii,4.3,Never,Regular,No,26.8,2021-04-16,Combination Therapy,1,9,Alive,Medium
ONC-03794,62,Other,Pancreatic,Stage Iii,6.8,Current,Regular,No,22.9,2018-08-26,Immunotherapy,8,12,Alive,Critical
ONC-05859,31,Male,Prostate,Stage Iv,17.3,Never,Regular,No,21.2,2018-03-10,Surgery,10,11,Deceased,Low
ONC-06989,68,Other,Prostate,Stage I,1.7,Never,Occasional,No,24.2,2020-10-07,Palliative Care,5,8,Deceased,Medium
ONC-00654,44,Female,Pancreatic,Stage I,4.1,Former,Regular,No,29.1,2016-10-25,Surgery,6,8,Alive,Medium
ONC-02239,65,Other,Skin (Melanoma),Stage Ii,2.4,Never,Regular,Yes,29.0,2019-07-22,Surgery,6,4,Deceased,Medium
ONC-07174,37,Male,Brain,Stage Iv,0.1,Former,Regular,No,24.5,2015-04-06,Combination Therapy,6,0,Deceased,Not Recorded
ONC-06674,72,Female,Brain,Stage Ii,1.0,Never,Occasional,No,19.9,2018-06-02,Palliative Care,9,11,Deceased,Low
ONC-05355,62,Male,Prostate,Stage Iv,3.8,Current,Regular,Yes,20.5,2016-06-10,Palliative Care,6,18,Alive,Not Recorded
ONC-00107,58,Female,Pancreatic,Stage Iii,7.9,Never,Heavy,No,27.2,2020-02-15,Radiation Therapy,3,4,Alive,Critical
ONC-05085,70,Other,Liver,Stage Iii,7.6,Current,Regular,Yes,26.1,2017-09-01,Combination Therapy,5,29,Deceased,High
ONC-05453,73,Male,Ovarian,Stage Ii,5.8,Never,Heavy,No,26.0,2020-09-27,Chemotherapy,5,12,Deceased,Low
ONC-05766,59,Male,Lung,Stage Iii,2.9,Never,Regular,Yes,22.5,2020-07-27,Palliative Care,5,87,Alive,Critical
ONC-03370,52,Male,Liver,Stage Iii,1.3,Never,Regular,Yes,31.0,2024-09-15,Immunotherapy,6,29,Alive,Not Recorded
ONC-02781,56,Male,Brain,Stage Iii,4.2,Never,Regular,No,27.2,2022-01-05,Chemotherapy,6,29,Alive,High
ONC-05220,87,Other,Pancreatic,Stage Iv,0.7,Former,Regular,Yes,18.6,2020-11-25,Palliative Care,6,5,Alive,Low
ONC-06581,25,Male,Colorectal,Stage Iv,0.8,Former,Regular,No,26.0,2016-04-04,Chemotherapy,7,53,Alive,Not Recorded
ONC-02184,39,Other,Prostate,Stage Ii,0.5,Never,Regular,No,27.3,2017-06-13,Palliative Care,8,17,Alive,Medium
ONC-01176,60,Other,Breast,Stage Iv,1.7,Former,Regular,Yes,16.7,2015-08-13,Palliative Care,10,57,Deceased,Critical
ONC-00416,59,Other,Brain,Stage I,3.5,Never,Heavy,No,26.9,2016-04-07,Immunotherapy,6,5,Alive,Medium
ONC-01782,75,Other,Prostate,Stage I,1.8,Never,Regular,No,34.1,2016-03-21,Combination Therapy,8,6,Alive,Not Recorded
ONC-05031,52,Female,Liver,Stage Iv,3.5,Never,Regular,No,26.1,2015-04-10,Radiation Therapy,3,8,Not Recorded,Critical
ONC-04339,50,Female,Skin (Melanoma),Stage Ii,0.9,Current,Regular,No,24.7,2021-08-11,Chemotherapy,6,7,Alive,Medium
ONC-03474,65,Male,Liver,Stage Ii,1.4,Current,Regular,Yes,27.1,2017-11-23,Palliative Care,9,37,Alive,Low
ONC-00457,56,Other,Lung,Stage Iii,2.2,Current,Heavy,No,24.8,2019-01-02,Chemotherapy,5,2,Not Recorded,Low
ONC-01649,86,Other,Liver,Stage Iv,0.4,Current,Regular,No,23.2,2023-06-06,Radiation Therapy,8,9,Alive,Not Recorded
ONC-04598,53,Other,Colorectal,Stage Iv,3.2,Current,Regular,No,27.7,2022-12-27,Combination Therapy,8,16,Deceased,Not Recorded
ONC-02091,58,Female,Prostate,Stage I,3.8,Never,Regular,Yes,28.6,2022-06-27,Radiation Therapy,6,13,Alive,Low
ONC-05494,56,Male,Ovarian,Stage Ii,2.6,Never,Occasional,No,30.8,Unknown,Radiation Therapy,2,5,Alive,Medium
ONC-00237,63,Other,Prostate,Stage Ii,4.7,Never,Regular,No,21.5,2021-11-23,Surgery,7,6,Alive,Low
ONC-03164,59,Other,Colorectal,Stage Ii,2.4,Current,Regular,No,14.5,2015-07-20,Surgery,3,12,Deceased,Medium
ONC-00332,59,Other,Prostate,Stage Ii,5.2,Former,Regular,No,32.5,2023-05-22,Surgery,5,4,Alive,High
ONC-04577,51,Female,Pancreatic,Stage Ii,1.2,Never,Heavy,No,26.0,2024-05-11,Chemotherapy,7,12,Alive,Low
ONC-06139,58,Male,Colorectal,Stage Iii,2.7,Current,Regular,No,33.3,Unknown,Combination Therapy,2,8,Alive,High
ONC-04804,58,Female,Lung,Stage I,5.0,Former,Regular,No,27.8,2015-03-14,Combination Therapy,9,22,Alive,Medium
ONC-05488,73,Female,Liver,Stage Iii,1.8,Current,Regular,Yes,22.5,2022-10-06,Radiation Therapy,8,20,Alive,Not Recorded
ONC-07475,73,Other,Liver,Stage Ii,0.1,Never,Heavy,No,21.4,2015-09-15,Immunotherapy,2,12,Alive,Medium
ONC-07267,48,Female,Ovarian,Stage I,3.9,Current,Regular,Yes,15.6,2022-07-17,Radiation Therapy,6,16,Not Recorded,Low
ONC-05543,65,Other,Prostate,Stage Iv,2.3,Never,Heavy,No,15.2,2021-03-15,Radiation Therapy,6,34,Deceased,Low
ONC-01152,39,Male,Breast,Stage Ii,0.2,Never,Regular,Yes,22.4,2021-06-14,Radiation Therapy,6,12,Alive,Critical
ONC-05699,52,Female,Colorectal,Stage Iii,7.6,Former,Regular,No,23.7,2018-08-16,Palliative Care,9,27,Alive,High
ONC-00942,70,Other,Prostate,Stage Iv,0.2,Current,Occasional,Yes,21.4,Unknown,Surgery,8,55,Alive,High
ONC-03624,54,Female,Liver,Stage Ii,3.2,Former,Regular,Yes,26.0,2017-05-28,Surgery,3,9,Alive,Medium
ONC-03306,57,Other,Liver,Stage Ii,2.4,Never,Regular,No,27.4,2022-12-15,Immunotherapy,7,8,Alive,High
ONC-05276,43,Other,Blood (Leukemia),Stage Ii,9.8,Former,Occasional,Yes,32.4,2016-06-22,Combination Therapy,6,12,Alive,Low
ONC-06331,47,Male,Lung,Stage Iv,0.4,Never,Occasional,No,21.8,2018-07-25,Surgery,11,12,Deceased,Critical
ONC-06782,56,Other,Liver,Stage I,10.3,Never,Regular,No,24.4,2022-04-29,Radiation Therapy,10,12,Deceased,Medium
ONC-00572,47,Female,Blood (Leukemia),Stage Iii,5.5,Never,Regular,Yes,22.7,Unknown,Radiation Therapy,2,3,Deceased,Medium
ONC-05036,41,Other,Lung,Stage I,8.6,Former,Heavy,No,26.0,2020-03-19,Palliative Care,6,36,Deceased,Low
ONC-07301,66,Female,Blood (Leukemia),Stage Ii,4.1,Former,Regular,No,26.0,2023-02-11,Surgery,6,5,Alive,Medium
ONC-06766,31,Other,Ovarian,Stage Ii,1.6,Never,Regular,Yes,26.3,2021-08-05,Immunotherapy,1,63,Alive,Low
ONC-05712,44,Other,Blood (Leukemia),Stage I,0.2,Current,Occasional,Yes,26.1,2023-07-18,Palliative Care,6,0,Alive,Low
ONC-00500,58,Female,Ovarian,Stage I,1.2,Current,Regular,No,28.2,Unknown,Combination Therapy,4,18,Deceased,Medium
ONC-00407,53,Male,Skin (Melanoma),Stage Ii,0.9,Current,Regular,No,28.3,2016-04-11,Surgery,8,2,Not Recorded,Medium
ONC-07259,64,Male,Ovarian,Stage I,2.4,Former,Heavy,No,29.0,2015-09-22,Combination Therapy,1,12,Alive,Low
ONC-03456,63,Other,Blood (Leukemia),Stage Ii,14.8,Never,Regular,Yes,23.6,2015-10-15,Palliative Care,7,12,Alive,Low
ONC-06157,69,Male,Prostate,Stage I,1.1,Former,Heavy,No,20.2,2020-11-04,Palliative Care,6,12,Alive,Medium
ONC-04109,78,Other,Blood (Leukemia),Stage Ii,0.7,Never,Regular,No,30.9,2023-07-26,Palliative Care,6,27,Deceased,High
ONC-02935,58,Other,Prostate,Stage Ii,10.1,Current,Regular,Yes,25.3,2021-06-08,Chemotherapy,8,26,Alive,Medium
ONC-05065,53,Other,Prostate,Stage Iv,7.4,Never,Heavy,Yes,25.8,Unknown,Palliative Care,6,12,Deceased,Critical
ONC-03116,60,Female,Brain,Stage I,13.3,Never,Regular,No,21.0,2022-03-27,Surgery,3,19,Alive,Low
ONC-04468,78,Female,Lung,Stage Iii,1.5,Never,Occasional,No,26.0,2022-10-12,Surgery,2,4,Alive,Not Recorded
ONC-05038,57,Other,Colorectal,Stage Iv,3.4,Former,Regular,No,24.9,2021-10-06,Surgery,6,3,Deceased,Critical
ONC-00438,62,Female,Blood (Leukemia),Stage Iv,1.9,Never,Heavy,No,26.9,2022-02-08,Palliative Care,11,7,Deceased,Low
ONC-03625,72,Female,Prostate,Stage Ii,3.2,Former,Regular,No,15.7,2015-02-26,Radiation Therapy,10,15,Alive,High
ONC-04786,75,Male,Lung,Stage Iv,2.6,Former,Regular,Yes,27.4,2018-01-26,Radiation Therapy,6,4,Deceased,High
ONC-06722,71,Other,Brain,Stage Iv,0.6,Current,Heavy,No,26.0,2016-04-09,Surgery,6,5,Deceased,Medium
ONC-04051,77,Other,Prostate,Stage Ii,3.8,Former,Regular,No,23.5,2022-09-09,Radiation Therapy,4,17,Alive,Low
ONC-00553,65,Female,Skin (Melanoma),Stage Ii,1.4,Former,Occasional,Yes,26.0,2017-12-21,Radiation Therapy,6,36,Deceased,Low
ONC-02562,45,Male,Breast,Stage I,1.5,Never,Regular,No,22.7,Unknown,Chemotherapy,11,1,Alive,Low
ONC-02609,42,Male,Blood (Leukemia),Stage Iv,1.2,Never,Regular,Yes,26.3,2020-10-04,Immunotherapy,7,5,Deceased,Critical
ONC-04516,56,Other,Brain,Stage Iv,2.8,Former,Occasional,No,33.1,2016-05-14,Radiation Therapy,6,6,Alive,Critical
ONC-00546,57,Other,Brain,Stage Iii,0.5,Never,Regular,Yes,22.7,2017-06-03,Combination Therapy,6,12,Alive,High
ONC-01646,58,Male,Breast,Stage Iv,6.0,Former,Occasional,Yes,24.6,2017-09-17,Combination Therapy,9,27,Deceased,Medium
ONC-01737,53,Male,Colorectal,Stage Iv,2.4,Current,Regular,Yes,26.9,2024-01-12,Radiation Therapy,4,41,Deceased,Low
ONC-01880,71,Female,Brain,Stage Iv,3.8,Current,Regular,Yes,28.8,2020-07-01,Palliative Care,7,0,Deceased,Critical
ONC-06890,57,Female,Breast,Stage Ii,0.9,Never,Regular,No,25.9,2021-11-11,Palliative Care,3,36,Not Recorded,Critical
ONC-05628,95,Other,Brain,Stage I,2.4,Never,Regular,No,24.9,2016-05-18,Immunotherapy,1,0,Alive,High
ONC-05878,88,Other,Breast,Stage I,9.3,Never,Regular,No,23.3,2019-02-13,Palliative Care,9,2,Alive,Low
ONC-02229,52,Female,Prostate,Stage Iii,1.7,Never,Regular,No,27.9,2020-06-05,Radiation Therapy,7,31,Alive,Critical
ONC-05232,60,Male,Pancreatic,Stage I,2.4,Never,Heavy,No,23.3,2023-07-21,Palliative Care,3,40,Alive,Low
ONC-07280,39,Female,Pancreatic,Stage I,3.9,Former,Regular,No,29.8,2021-03-02,Palliative Care,8,3,Deceased,Low
ONC-06719,67,Female,Prostate,Stage Iv,3.2,Never,Regular,No,19.2,2022-12-23,Palliative Care,6,12,Deceased,Critical
ONC-05441,53,Male,Ovarian,Stage Iv,0.1,Former,Heavy,No,23.3,2024-07-08,Palliative Care,5,22,Alive,Not Recorded
ONC-02452,58,Female,Skin (Melanoma),Stage Iii,0.8,Never,Heavy,No,23.8,2020-01-12,Combination Therapy,6,5,Deceased,High
ONC-06673,52,Other,Skin (Melanoma),Stage Iv,0.6,Former,Regular,Yes,25.5,2020-05-05,Palliative Care,7,23,Not Recorded,Medium
ONC-05205,58,Other,Brain,Stage Ii,0.7,Never,Regular,Yes,26.5,Unknown,Combination Therapy,7,28,Alive,High
ONC-03320,69,Other,Prostate,Stage I,1.2,Current,Heavy,No,25.4,2018-08-08,Immunotherapy,6,28,Alive,Low
ONC-03665,76,Other,Liver,Stage Ii,3.2,Former,Regular,No,35.0,2016-02-28,Surgery,8,3,Not Recorded,Low
ONC-06088,62,Female,Brain,Stage Iv,0.5,Current,Regular,Yes,16.7,2022-10-27,Palliative Care,10,24,Alive,Low
ONC-07077,71,Male,Prostate,Stage Ii,6.3,Former,Regular,Yes,31.2,2023-06-09,Immunotherapy,6,35,Deceased,Medium
ONC-06962,39,Other,Skin (Melanoma),Stage I,2.3,Never,Regular,Yes,28.6,Unknown,Palliative Care,6,20,Alive,Not Recorded
ONC-05466,58,Female,Prostate,Stage Ii,2.4,Never,Regular,Yes,17.9,2018-01-18,Surgery,6,45,Deceased,Low
ONC-05560,84,Male,Brain,Stage Iv,4.7,Never,Regular,Yes,28.8,2016-02-02,Surgery,8,8,Alive,Not Recorded
ONC-03536,37,Other,Prostate,Stage Ii,2.4,Former,Heavy,No,23.4,2023-12-13,Radiation Therapy,5,12,Deceased,Low
ONC-05778,25,Female,Skin (Melanoma),Stage Iv,2.1,Never,Heavy,Yes,28.6,2020-08-31,Combination Therapy,9,7,Deceased,Medium
ONC-06274,58,Male,Blood (Leukemia),Stage Iv,3.3,Current,Regular,No,25.2,2017-02-12,Combination Therapy,6,28,Alive,Critical
ONC-03690,58,Other,Ovarian,Stage Ii,0.5,Former,Occasional,Yes,25.0,2018-05-17,Combination Therapy,6,5,Deceased,Medium
ONC-00295,76,Other,Colorectal,Stage Iv,8.1,Never,Regular,No,23.7,2020-01-17,Radiation Therapy,5,4,Alive,Medium
ONC-00297,55,Male,Liver,Stage Ii,2.2,Never,Regular,No,22.9,2020-12-20,Radiation Therapy,3,23,Alive,Medium
ONC-05367,65,Other,Liver,Stage I,8.4,Never,Heavy,Yes,24.7,2018-04-26,Immunotherapy,8,0,Not Recorded,Low
ONC-01129,58,Other,Ovarian,Stage Iii,10.8,Never,Regular,No,20.6,2023-11-14,Chemotherapy,5,27,Alive,Medium
ONC-03886,71,Other,Pancreatic,Stage Iii,7.4,Former,Heavy,No,28.1,2018-04-27,Surgery,6,14,Deceased,Medium
ONC-01544,64,Male,Pancreatic,Stage Ii,7.0,Never,Occasional,No,22.7,Unknown,Radiation Therapy,5,13,Alive,Medium
ONC-01358,58,Female,Prostate,Stage I,0.2,Never,Occasional,No,25.6,2023-02-05,Surgery,2,8,Alive,Medium
ONC-02833,37,Male,Pancreatic,Stage Iv,8.6,Never,Occasional,Yes,25.1,Unknown,Immunotherapy,7,9,Alive,Low
ONC-04724,60,Other,Prostate,Stage Iii,0.1,Never,Regular,Yes,22.5,2017-03-15,Surgery,2,19,Alive,High
ONC-02240,70,Male,Blood (Leukemia),Stage Iv,0.9,Former,Regular,Yes,25.2,2018-10-08,Surgery,6,1,Alive,High
ONC-03075,58,Female,Pancreatic,Stage I,3.8,Current,Occasional,Yes,34.8,2023-02-21,Palliative Care,9,12,Deceased,Low
ONC-07386,52,Female,Lung,Stage I,1.5,Current,Occasional,Yes,26.5,2016-11-22,Palliative Care,5,3,Not Recorded,Low
ONC-04735,53,Female,Ovarian,Stage I,1.0,Never,Heavy,No,32.7,2022-12-01,Palliative Care,4,48,Deceased,Low
ONC-02117,63,Other,Lung,Stage Iii,3.1,Never,Occasional,No,27.4,Unknown,Immunotherapy,5,8,Alive,Not Recorded
ONC-02829,67,Male,Ovarian,Stage Ii,1.7,Never,Occasional,Yes,31.6,Unknown,Combination Therapy,7,1,Alive,Medium
ONC-03508,36,Other,Lung,Stage Ii,3.4,Current,Regular,Yes,36.9,2023-06-20,Chemotherapy,6,9,Alive,Low
ONC-02770,80,Male,Liver,Stage Ii,1.3,Never,Occasional,No,30.1,2016-05-19,Palliative Care,6,34,Alive,Medium
ONC-07422,52,Other,Colorectal,Stage Iv,1.4,Never,Occasional,Yes,39.4,Unknown,Immunotherapy,5,10,Alive,Critical
ONC-06756,28,Male,Breast,Stage Iii,0.8,Never,Regular,No,32.5,2016-04-11,Palliative Care,10,40,Deceased,Low
ONC-04135,30,Other,Pancreatic,Stage Ii,1.3,Never,Occasional,Yes,34.8,2023-04-22,Radiation Therapy,6,12,Alive,Medium
ONC-01305,58,Other,Breast,Stage Ii,4.7,Current,Regular,No,17.7,2015-11-29,Palliative Care,9,16,Deceased,High
ONC-00834,45,Male,Skin (Melanoma),Stage Iii,0.4,Former,Regular,No,28.7,2020-01-02,Palliative Care,6,4,Alive,Critical
ONC-02509,63,Male,Prostate,Stage Iv,3.8,Never,Occasional,Yes,22.5,2020-10-25,Chemotherapy,4,5,Alive,Low
ONC-00157,56,Other,Ovarian,Stage Iv,3.6,Current,Regular,Yes,30.6,2019-01-25,Radiation Therapy,5,19,Alive,Medium
ONC-03788,26,Male,Blood (Leukemia),Stage Ii,2.8,Current,Regular,Yes,30.8,2023-07-30,Palliative Care,5,1,Alive,Medium
ONC-06108,58,Male,Blood (Leukemia),Stage Ii,4.9,Former,Regular,Yes,28.1,2016-09-05,Chemotherapy,6,10,Alive,Medium
ONC-03939,58,Other,Liver,Stage Iii,1.9,Former,Occasional,No,26.0,2021-01-12,Combination Therapy,6,1,Deceased,Critical
ONC-01494,60,Other,Ovarian,Stage Ii,1.2,Former,Regular,Yes,26.3,2016-09-17,Radiation Therapy,4,35,Not Recorded,High
ONC-03603,63,Other,Brain,Stage Iv,3.9,Never,Regular,No,28.2,2022-10-31,Palliative Care,6,3,Deceased,Critical
ONC-01580,53,Male,Pancreatic,Stage Ii,1.3,Current,Regular,Yes,29.7,Unknown,Palliative Care,4,23,Not Recorded,High
ONC-06598,69,Other,Prostate,Stage I,3.5,Current,Heavy,Yes,24.0,Unknown,Radiation Therapy,4,15,Deceased,Low
ONC-04154,76,Female,Liver,Stage Iv,2.4,Never,Heavy,No,29.5,2021-03-16,Radiation Therapy,5,29,Alive,Critical
ONC-06439,68,Male,Ovarian,Stage I,1.5,Never,Regular,No,20.6,2019-12-21,Surgery,5,4,Not Recorded,Low
ONC-00382,79,Female,Prostate,Stage Iv,1.8,Former,Occasional,No,35.0,2023-05-26,Palliative Care,4,12,Alive,Not Recorded
ONC-05813,43,Other,Colorectal,Stage Iv,2.7,Former,Regular,No,27.1,2018-11-23,Immunotherapy,8,15,Not Recorded,High
ONC-04034,63,Male,Prostate,Stage I,0.3,Never,Regular,Yes,23.0,2015-05-08,Surgery,9,12,Alive,Low
ONC-06806,57,Other,Skin (Melanoma),Stage Iii,4.3,Former,Regular,No,29.1,2024-05-31,Palliative Care,6,29,Deceased,High
ONC-02928,58,Female,Prostate,Stage I,1.1,Never,Occasional,Yes,40.6,2018-02-24,Immunotherapy,6,9,Alive,Low
ONC-01558,54,Female,Blood (Leukemia),Stage I,2.5,Current,Regular,Yes,23.6,2023-02-08,Palliative Care,6,9,Deceased,Medium
ONC-05068,66,Other,Prostate,Stage Ii,3.6,Former,Regular,No,28.8,2017-07-02,Radiation Therapy,6,3,Alive,Medium
ONC-02193,63,Female,Blood (Leukemia),Stage Iv,4.2,Never,Heavy,No,27.4,2024-10-04,Immunotherapy,4,3,Deceased,High
ONC-05990,69,Male,Pancreatic,Stage Iv,0.2,Never,Regular,Yes,30.6,2024-04-26,Palliative Care,5,1,Alive,Low
ONC-00216,40,Other,Brain,Stage Ii,2.8,Never,Occasional,Yes,26.7,2015-08-04,Surgery,6,14,Not Recorded,Low
ONC-06677,67,Female,Prostate,Stage Iv,8.0,Current,Occasional,Yes,31.6,Unknown,Surgery,2,10,Alive,Medium
ONC-03427,58,Other,Ovarian,Stage I,0.9,Former,Regular,No,26.0,2024-10-01,Palliative Care,7,19,Alive,Low
ONC-01113,32,Other,Prostate,Stage Iv,4.9,Never,Heavy,Yes,25.6,2016-02-12,Palliative Care,6,23,Deceased,Critical
ONC-06133,67,Female,Prostate,Stage Iv,0.4,Current,Regular,Yes,19.4,2016-08-02,Palliative Care,6,16,Alive,Critical
ONC-03272,54,Male,Breast,Stage Iii,0.1,Former,Regular,Yes,20.9,2015-07-16,Palliative Care,6,11,Alive,Low
ONC-00394,41,Other,Lung,Stage Iv,2.4,Current,Regular,No,34.9,2024-12-22,Chemotherapy,2,9,Alive,Medium
ONC-06402,35,Female,Breast,Stage Iii,0.6,Former,Occasional,Yes,27.8,Unknown,Chemotherapy,5,12,Alive,Critical
ONC-04989,43,Other,Pancreatic,Stage Iv,0.7,Never,Regular,Yes,35.8,2022-11-09,Chemotherapy,7,13,Deceased,High
ONC-03378,32,Other,Prostate,Stage Iv,6.2,Never,Regular,Yes,30.2,2016-01-11,Palliative Care,4,28,Deceased,High
ONC-05757,62,Female,Pancreatic,Stage Iv,5.8,Never,Regular,Yes,26.0,Unknown,Combination Therapy,3,3,Deceased,High
ONC-05635,58,Male,Colorectal,Stage Ii,0.5,Never,Occasional,No,21.6,2023-11-08,Radiation Therapy,6,1,Deceased,Critical
ONC-05637,72,Other,Prostate,Stage Iii,4.4,Never,Regular,Yes,17.6,2024-06-07,Palliative Care,10,25,Alive,High
ONC-07169,60,Female,Brain,Stage Iii,2.4,Never,Regular,Yes,28.1,2023-09-15,Combination Therapy,8,2,Deceased,Low
ONC-03102,45,Other,Lung,Stage Iv,3.2,Current,Occasional,No,30.9,2024-01-31,Combination Therapy,4,12,Deceased,Low
ONC-00115,85,Female,Skin (Melanoma),Stage Iv,7.2,Never,Occasional,No,27.8,2015-04-13,Combination Therapy,8,22,Deceased,Not Recorded
ONC-05854,57,Other,Ovarian,Stage Iv,0.6,Never,Regular,Yes,29.5,2022-03-01,Radiation Therapy,4,10,Deceased,Not Recorded
ONC-02721,57,Other,Lung,Stage Iv,0.8,Current,Regular,No,23.3,Unknown,Immunotherapy,6,0,Alive,Critical
ONC-04901,58,Male,Ovarian,Stage Ii,3.4,Current,Regular,Yes,30.8,2016-03-04,Palliative Care,3,19,Alive,Not Recorded
ONC-01868,49,Female,Lung,Stage Ii,2.2,Never,Occasional,No,26.3,Unknown,Surgery,11,30,Alive,Medium
ONC-07084,56,Male,Brain,Stage Iv,2.6,Never,Regular,Yes,31.7,Unknown,Combination Therapy,3,21,Alive,Critical
ONC-04861,77,Other,Prostate,Stage Ii,0.3,Never,Regular,Yes,24.5,Unknown,Immunotherapy,4,29,Deceased,Low
ONC-02843,30,Other,Blood (Leukemia),Stage Ii,1.5,Never,Regular,Yes,19.5,2022-07-25,Palliative Care,6,39,Alive,Low
ONC-07162,48,Other,Liver,Stage Ii,1.0,Former,Regular,Yes,22.5,Unknown,Surgery,7,14,Alive,Low
ONC-01029,67,Other,Prostate,Stage Iv,0.5,Current,Occasional,Yes,22.2,2018-02-25,Surgery,8,1,Deceased,High
ONC-06710,68,Female,Liver,Stage Iii,2.6,Former,Heavy,No,26.0,2019-09-07,Surgery,6,4,Deceased,High
ONC-07325,58,Male,Lung,Stage I,2.2,Never,Regular,Yes,26.0,2020-11-20,Combination Therapy,5,0,Deceased,Medium
ONC-07298,32,Other,Pancreatic,Stage I,0.9,Never,Heavy,No,26.4,2023-06-03,Palliative Care,9,61,Deceased,Low
ONC-01198,54,Other,Lung,Stage I,12.6,Never,Regular,Yes,23.5,2020-08-04,Chemotherapy,8,14,Alive,Low
ONC-07291,62,Other,Ovarian,Stage Iii,0.1,Never,Regular,No,18.0,2020-08-28,Chemotherapy,5,0,Alive,Medium
ONC-05497,59,Other,Prostate,Stage I,4.1,Former,Occasional,No,25.7,2022-11-15,Surgery,7,17,Deceased,Low
ONC-05079,53,Female,Colorectal,Stage Iii,6.1,Current,Regular,Yes,22.6,2016-07-05,Palliative Care,7,9,Alive,High
ONC-00554,58,Female,Colorectal,Stage Ii,1.7,Never,Heavy,Yes,25.6,2023-03-27,Surgery,7,10,Deceased,Low
ONC-06836,48,Other,Prostate,Stage Iii,4.6,Never,Regular,No,30.3,2016-12-27,Combination Therapy,2,2,Alive,High
ONC-03404,28,Male,Lung,Stage Ii,2.3,Current,Regular,Yes,20.8,2016-09-19,Palliative Care,11,8,Deceased,Low
ONC-06609,73,Female,Pancreatic,Stage Iv,7.4,Former,Occasional,No,21.0,2018-12-24,Immunotherapy,6,6,Deceased,High
ONC-02782,68,Female,Liver,Stage Ii,0.8,Former,Regular,No,22.6,2024-08-18,Surgery,10,21,Alive,Not Recorded
ONC-02680,47,Other,Skin (Melanoma),Stage Iii,2.4,Current,Regular,No,19.8,2016-06-01,Chemotherapy,6,3,Alive,Critical
ONC-06863,40,Other,Prostate,Stage Iv,1.6,Never,Regular,No,25.6,2015-08-14,Palliative Care,4,15,Deceased,High
ONC-02061,58,Other,Brain,Stage Ii,0.7,Former,Occasional,No,32.7,2018-09-20,Radiation Therapy,3,28,Not Recorded,Medium
ONC-06100,72,Other,Colorectal,Stage I,8.9,Never,Regular,Yes,27.4,2019-12-02,Combination Therapy,5,13,Deceased,Low
ONC-04184,61,Female,Liver,Stage I,4.8,Current,Regular,No,26.0,2016-07-10,Surgery,3,23,Alive,Medium
ONC-06923,49,Female,Breast,Stage Iv,0.8,Never,Regular,Yes,27.6,2018-02-25,Radiation Therapy,4,29,Alive,High
ONC-00361,50,Female,Lung,Stage Iii,1.0,Never,Regular,Yes,18.9,2018-10-16,Combination Therapy,8,20,Deceased,Not Recorded
ONC-06282,39,Other,Blood (Leukemia),Stage I,7.1,Never,Regular,Yes,29.6,2020-10-04,Palliative Care,3,25,Deceased,Low
ONC-06422,23,Female,Blood (Leukemia),Stage Iii,2.4,Former,Regular,No,19.8,2024-02-03,Palliative Care,7,10,Deceased,High
ONC-02788,66,Female,Brain,Stage Ii,2.4,Current,Occasional,Yes,19.1,2017-03-01,Immunotherapy,6,13,Alive,Not Recorded
ONC-06682,58,Female,Brain,Stage Iv,2.3,Never,Regular,No,23.0,2015-08-27,Radiation Therapy,6,5,Alive,High
ONC-00415,65,Other,Breast,Stage Ii,4.2,Former,Heavy,Yes,30.7,2021-11-08,Immunotherapy,5,12,Deceased,Low
ONC-05732,73,Female,Pancreatic,Stage I,3.5,Current,Regular,Yes,31.9,2016-06-04,Chemotherapy,6,26,Alive,Medium
ONC-03476,45,Female,Skin (Melanoma),Stage I,1.3,Never,Occasional,Yes,26.0,2019-06-28,Chemotherapy,2,12,Alive,Low
ONC-03542,28,Other,Colorectal,Stage Iii,0.4,Former,Regular,Yes,30.3,2021-03-28,Combination Therapy,8,6,Alive,High
ONC-04817,58,Male,Breast,Stage Ii,4.4,Former,Regular,No,20.9,2016-01-14,Immunotherapy,5,0,Alive,Low
ONC-00768,45,Male,Lung,Stage Iii,4.3,Never,Regular,No,23.9,Unknown,Combination Therapy,1,13,Deceased,High
ONC-07353,64,Other,Breast,Stage Iv,1.8,Former,Regular,No,27.0,2019-07-31,Palliative Care,7,1,Alive,Critical
ONC-05529,76,Female,Brain,Stage Iv,2.4,Former,Occasional,No,26.0,2021-09-27,Radiation Therapy,6,4,Deceased,Critical
ONC-05739,46,Other,Brain,Stage Ii,4.8,Former,Occasional,Yes,26.0,2020-08-31,Surgery,13,9,Alive,Low
ONC-03289,58,Female,Prostate,Stage I,7.5,Former,Regular,No,23.4,2016-11-20,Surgery,6,10,Alive,Medium
ONC-05525,18,Female,Brain,Stage Iv,0.4,Never,Regular,Yes,29.2,2020-06-07,Immunotherapy,8,42,Deceased,Critical
ONC-06455,37,Other,Breast,Stage Ii,1.3,Former,Occasional,No,32.2,2019-03-08,Chemotherapy,8,32,Alive,Not Recorded
ONC-05000,58,Female,Colorectal,Stage Iii,7.1,Former,Regular,No,19.1,2017-12-02,Radiation Therapy,6,7,Alive,High
ONC-06840,43,Female,Colorectal,Stage Iii,2.4,Former,Regular,No,30.6,2023-04-30,Radiation Therapy,3,13,Alive,High
ONC-06310,37,Male,Ovarian,Stage I,2.3,Former,Occasional,Yes,19.4,Unknown,Palliative Care,2,37,Deceased,Low
ONC-00708,45,Other,Brain,Stage Ii,4.1,Former,Regular,Yes,30.3,2023-03-16,Palliative Care,10,0,Deceased,High
ONC-00950,44,Other,Blood (Leukemia),Stage Iv,5.4,Former,Heavy,No,32.4,2023-07-12,Chemotherapy,5,7,Deceased,High
ONC-00595,32,Male,Ovarian,Stage Ii,4.7,Never,Regular,Yes,23.2,2016-08-18,Palliative Care,5,10,Not Recorded,Low
ONC-01084,36,Other,Blood (Leukemia),Stage Iv,8.5,Current,Heavy,Yes,21.7,2017-05-05,Palliative Care,6,25,Alive,Medium
ONC-04255,58,Other,Breast,Stage Iv,2.0,Never,Regular,Yes,24.0,2023-04-27,Chemotherapy,8,9,Alive,High
ONC-04270,72,Male,Ovarian,Stage I,0.2,Former,Regular,Yes,27.5,2018-10-17,Palliative Care,7,12,Alive,Low
ONC-03188,61,Female,Breast,Stage I,2.3,Former,Regular,No,23.4,2018-05-18,Chemotherapy,7,12,Alive,Low
ONC-06484,51,Other,Blood (Leukemia),Stage I,12.1,Current,Heavy,No,26.3,2019-12-17,Palliative Care,7,6,Alive,Low
ONC-04416,51,Male,Ovarian,Stage Ii,1.4,Current,Regular,Yes,17.3,2015-09-02,Radiation Therapy,3,12,Alive,Low
ONC-01842,58,Female,Ovarian,Stage Iv,6.3,Never,Occasional,No,17.9,Unknown,Combination Therapy,2,8,Alive,High
ONC-00633,64,Male,Colorectal,Stage Ii,2.7,Current,Regular,No,23.7,2024-06-02,Immunotherapy,6,2,Alive,Medium
ONC-04377,53,Male,Lung,Stage Ii,5.7,Former,Heavy,No,29.4,2020-08-11,Palliative Care,6,12,Deceased,Low
ONC-03868,30,Female,Ovarian,Stage Iii,3.2,Never,Occasional,Yes,26.2,2019-01-21,Radiation Therapy,4,10,Not Recorded,Medium
ONC-02252,89,Other,Brain,Stage I,3.7,Never,Regular,No,23.3,2017-07-22,Combination Therapy,9,53,Alive,Medium
ONC-04163,58,Female,Ovarian,Stage Ii,8.0,Current,Heavy,Yes,27.1,Unknown,Radiation Therapy,7,14,Alive,Medium
ONC-07477,67,Male,Lung,Stage Iii,11.2,Never,Heavy,No,23.9,2023-12-27,Combination Therapy,8,12,Alive,Medium
ONC-03701,58,Other,Lung,Stage I,6.9,Never,Occasional,No,36.4,2019-12-02,Radiation Therapy,8,12,Alive,Low
ONC-02945,47,Male,Ovarian,Stage Iii,0.7,Former,Heavy,Yes,28.3,Unknown,Surgery,5,38,Not Recorded,Medium
ONC-06396,59,Other,Skin (Melanoma),Stage Iii,3.8,Current,Regular,No,25.0,2018-07-06,Chemotherapy,7,7,Not Recorded,High
ONC-00925,62,Other,Prostate,Stage Iv,0.6,Former,Heavy,Yes,21.0,2019-08-28,Palliative Care,4,13,Alive,High
ONC-01736,53,Other,Lung,Stage I,2.0,Former,Regular,No,25.0,2022-03-18,Combination Therapy,6,39,Deceased,Low
ONC-06051,62,Other,Liver,Stage Iv,0.1,Current,Regular,No,18.3,2021-11-20,Surgery,7,7,Alive,High
ONC-01123,58,Female,Ovarian,Stage Ii,2.4,Never,Occasional,Yes,25.1,2018-09-03,Chemotherapy,6,10,Alive,Low
ONC-01283,58,Female,Prostate,Stage Ii,14.5,Never,Regular,No,29.4,2017-01-04,Palliative Care,5,33,Alive,Medium
ONC-05280,50,Male,Blood (Leukemia),Stage Iv,1.2,Former,Regular,No,21.9,2024-12-21,Palliative Care,5,32,Alive,Critical
ONC-01628,69,Other,Breast,Stage Iv,0.3,Current,Regular,No,33.3,Unknown,Chemotherapy,4,2,Alive,Low
ONC-06727,46,Other,Pancreatic,Stage Iv,9.7,Never,Regular,No,21.1,2021-07-23,Surgery,6,17,Not Recorded,High
ONC-01779,58,Female,Breast,Stage I,6.4,Former,Regular,Yes,31.8,2024-05-23,Combination Therapy,6,6,Alive,Low
ONC-02282,25,Female,Prostate,Stage Ii,12.7,Current,Regular,Yes,21.7,2023-06-30,Immunotherapy,4,2,Deceased,Low
ONC-00052,58,Other,Lung,Stage Iv,5.6,Current,Heavy,Yes,26.2,2021-04-02,Chemotherapy,6,17,Deceased,High
ONC-02411,36,Other,Colorectal,Stage I,3.5,Current,Regular,Yes,21.2,2016-12-11,Chemotherapy,5,38,Alive,Low
ONC-04030,58,Female,Colorectal,Stage Iii,1.2,Current,Regular,No,25.9,Unknown,Surgery,8,10,Alive,Low
ONC-05020,50,Other,Prostate,Stage I,9.1,Current,Regular,No,25.0,2020-11-01,Immunotherapy,6,1,Deceased,High
ONC-06532,99,Female,Prostate,Stage I,8.3,Current,Heavy,Yes,23.9,2015-04-26,Palliative Care,4,12,Alive,Low
ONC-02701,37,Other,Lung,Stage Iv,1.4,Never,Heavy,Yes,17.3,2017-06-13,Palliative Care,6,12,Alive,High
ONC-02863,58,Other,Lung,Stage Iii,1.3,Never,Regular,No,16.8,2022-08-10,Immunotherapy,6,5,Alive,Medium
ONC-05394,58,Female,Lung,Stage Ii,0.3,Current,Regular,No,29.3,2022-01-28,Radiation Therapy,8,14,Not Recorded,Medium
ONC-03900,56,Other,Breast,Stage Iv,0.6,Current,Occasional,No,19.5,2018-05-04,Combination Therapy,10,12,Not Recorded,Low
ONC-02066,90,Other,Breast,Stage Iii,0.9,Never,Occasional,Yes,35.0,Unknown,Palliative Care,5,22,Alive,Critical
ONC-00524,35,Other,Colorectal,Stage Ii,1.6,Never,Heavy,Yes,30.8,2017-12-13,Surgery,11,12,Alive,Medium
ONC-00067,69,Other,Blood (Leukemia),Stage I,4.5,Never,Heavy,No,21.4,Unknown,Immunotherapy,7,18,Deceased,Medium
ONC-04537,38,Other,Blood (Leukemia),Stage Iv,6.8,Former,Regular,Yes,20.6,2022-06-16,Immunotherapy,9,0,Not Recorded,High
ONC-03724,68,Female,Pancreatic,Stage Iv,0.2,Current,Regular,Yes,26.7,2022-08-29,Palliative Care,9,5,Not Recorded,High
ONC-00268,31,Male,Ovarian,Stage Iv,1.3,Former,Regular,No,28.0,2024-09-07,Immunotherapy,6,7,Alive,Medium
ONC-02633,77,Other,Pancreatic,Stage I,0.1,Never,Occasional,Yes,29.1,2022-04-08,Palliative Care,6,7,Deceased,Not Recorded
ONC-05471,68,Female,Brain,Stage I,4.1,Former,Heavy,No,30.5,2018-07-07,Palliative Care,6,2,Deceased,Low
ONC-05360,54,Female,Ovarian,Stage Iv,0.9,Former,Regular,Yes,32.4,Unknown,Chemotherapy,6,8,Deceased,Low
ONC-06474,62,Other,Pancreatic,Stage Iv,2.4,Never,Occasional,Yes,37.9,2020-02-17,Surgery,6,41,Alive,Critical
ONC-06182,66,Other,Colorectal,Stage Ii,5.5,Current,Regular,Yes,20.6,2022-04-03,Palliative Care,6,5,Deceased,Medium
ONC-02744,62,Female,Lung,Stage Iv,0.1,Former,Regular,Yes,26.1,2019-09-10,Palliative Care,4,11,Alive,High
ONC-04675,25,Other,Blood (Leukemia),Stage Iii,11.5,Never,Regular,Yes,22.2,2019-05-23,Immunotherapy,10,5,Deceased,Not Recorded
ONC-01257,38,Other,Blood (Leukemia),Stage Iv,1.6,Former,Occasional,No,24.4,2022-06-29,Immunotherapy,6,2,Alive,Critical
ONC-01047,52,Other,Blood (Leukemia),Stage Iii,0.3,Current,Regular,Yes,32.8,2019-07-31,Combination Therapy,3,11,Not Recorded,Medium
ONC-03039,84,Female,Brain,Stage Ii,0.6,Current,Regular,No,26.0,2022-04-04,Chemotherapy,4,2,Deceased,Low
ONC-02967,73,Other,Breast,Stage Iii,1.4,Never,Regular,No,28.5,Unknown,Immunotherapy,9,28,Deceased,Medium
ONC-06101,77,Male,Lung,Stage Iv,6.0,Current,Regular,No,39.4,2023-04-23,Radiation Therapy,14,18,Alive,Low
ONC-02882,34,Female,Prostate,Stage Iii,0.4,Current,Occasional,No,26.0,2022-11-01,Surgery,4,15,Deceased,Critical
ONC-07065,25,Other,Lung,Stage I,0.1,Current,Regular,No,24.2,Unknown,Combination Therapy,2,11,Deceased,Low
ONC-04814,48,Female,Pancreatic,Stage Ii,6.4,Never,Regular,No,29.8,2024-12-18,Immunotherapy,6,14,Alive,High
ONC-02249,56,Other,Ovarian,Stage I,6.0,Former,Occasional,No,26.0,2018-02-17,Immunotherapy,6,3,Alive,Low
ONC-05027,63,Other,Liver,Stage Iv,5.3,Former,Regular,Yes,30.4,2020-06-24,Palliative Care,6,3,Alive,Critical
ONC-06001,58,Female,Blood (Leukemia),Stage Iv,4.6,Former,Occasional,Yes,26.8,2024-03-24,Palliative Care,5,3,Alive,Critical
ONC-01816,94,Other,Colorectal,Stage I,4.1,Never,Occasional,Yes,25.6,2018-11-13,Immunotherapy,8,22,Alive,High
ONC-06568,42,Female,Pancreatic,Stage I,2.9,Never,Occasional,No,33.5,2022-10-15,Palliative Care,9,24,Alive,Low
ONC-06035,46,Other,Blood (Leukemia),Stage Iv,3.8,Former,Heavy,No,16.9,2019-03-01,Combination Therapy,6,12,Alive,Critical
ONC-07056,85,Male,Ovarian,Stage Iv,4.0,Current,Regular,Yes,34.0,2015-07-03,Combination Therapy,3,38,Not Recorded,Critical
ONC-06269,58,Female,Lung,Stage I,2.4,Current,Regular,No,23.0,2024-11-08,Chemotherapy,4,3,Alive,Low
ONC-01425,52,Male,Ovarian,Stage Iii,2.4,Former,Regular,No,26.5,Unknown,Combination Therapy,6,6,Alive,Medium
ONC-05992,53,Female,Blood (Leukemia),Stage Ii,1.5,Never,Regular,No,26.5,2016-10-01,Immunotherapy,5,12,Not Recorded,High
ONC-00389,74,Other,Brain,Stage Iv,0.7,Never,Regular,No,26.0,2018-04-25,Radiation Therapy,6,1,Deceased,Critical
ONC-05940,67,Other,Ovarian,Stage I,2.6,Never,Regular,No,31.4,2016-04-10,Palliative Care,10,26,Alive,Low
ONC-01833,77,Other,Breast,Stage Iii,1.2,Never,Occasional,No,24.3,2023-01-24,Combination Therapy,8,12,Deceased,High
ONC-04413,31,Female,Blood (Leukemia),Stage Iv,2.8,Former,Regular,No,25.6,2018-02-11,Chemotherapy,8,3,Alive,Medium
ONC-06993,74,Male,Prostate,Stage Iv,1.3,Never,Regular,No,21.7,2018-12-25,Combination Therapy,8,0,Not Recorded,High
ONC-03891,41,Female,Pancreatic,Stage Ii,1.2,Never,Regular,Yes,19.2,2018-07-18,Palliative Care,9,34,Alive,Medium
ONC-05382,52,Other,Lung,Stage Iii,1.5,Former,Regular,No,29.7,2016-06-02,Chemotherapy,8,12,Alive,Critical
ONC-02071,41,Other,Lung,Stage Iv,16.0,Current,Regular,No,29.3,2018-05-07,Immunotherapy,6,13,Deceased,Critical
ONC-01467,58,Male,Colorectal,Stage Ii,2.5,Current,Heavy,Yes,30.7,2018-09-21,Surgery,6,1,Alive,Not Recorded
ONC-06265,76,Other,Brain,Stage Iii,2.4,Current,Regular,No,26.6,2016-02-24,Radiation Therapy,7,33,Alive,High
ONC-03553,52,Male,Colorectal,Stage Iv,1.2,Current,Regular,Yes,20.6,2020-08-14,Combination Therapy,6,12,Alive,Critical
ONC-06987,58,Male,Prostate,Stage Ii,4.2,Current,Occasional,No,24.1,2015-04-07,Radiation Therapy,11,0,Alive,Medium
ONC-04426,70,Other,Prostate,Stage Iv,1.7,Never,Regular,Yes,27.6,2015-03-12,Immunotherapy,2,2,Alive,High
ONC-07479,41,Female,Colorectal,Stage Iii,5.8,Never,Occasional,Yes,28.1,Unknown,Chemotherapy,7,12,Deceased,High
ONC-03104,32,Other,Blood (Leukemia),Stage Iii,1.1,Never,Regular,No,24.9,2015-12-16,Chemotherapy,4,15,Alive,Medium
ONC-05004,44,Other,Prostate,Stage Ii,7.8,Former,Heavy,No,25.9,2024-06-30,Surgery,4,18,Alive,High
ONC-04128,10,Other,Skin (Melanoma),Stage Ii,0.3,Current,Regular,No,32.0,2015-07-26,Chemotherapy,7,28,Alive,Medium
ONC-00150,56,Male,Breast,Stage Iii,1.3,Current,Regular,No,28.4,2020-03-10,Palliative Care,6,12,Alive,Critical
ONC-07273,62,Female,Liver,Stage Ii,2.8,Former,Occasional,Yes,31.7,Unknown,Palliative Care,6,2,Deceased,Critical
ONC-05672,50,Other,Colorectal,Stage Iii,0.3,Former,Occasional,Yes,29.6,2021-09-01,Palliative Care,9,25,Not Recorded,High
ONC-01853,27,Female,Ovarian,Stage I,2.8,Former,Regular,Yes,23.3,2015-03-07,Combination Therapy,6,12,Alive,Low
ONC-02537,69,Other,Blood (Leukemia),Stage Iii,1.0,Current,Regular,Yes,15.7,2022-03-08,Palliative Care,7,18,Alive,Medium
ONC-02666,69,Male,Liver,Stage Iv,4.4,Current,Regular,Yes,33.8,2015-09-02,Surgery,6,42,Deceased,Not Recorded
ONC-03090,48,Female,Skin (Melanoma),Stage I,3.0,Current,Occasional,No,35.8,Unknown,Palliative Care,4,12,Alive,Low
ONC-04013,62,Other,Prostate,Stage Iv,1.0,Never,Occasional,No,32.9,2016-01-15,Palliative Care,4,20,Alive,Low
ONC-03181,75,Other,Brain,Stage I,1.0,Current,Regular,Yes,18.5,2022-08-12,Radiation Therapy,6,5,Alive,Medium
ONC-00342,57,Female,Prostate,Stage Iv,1.5,Current,Heavy,Yes,28.3,2018-12-20,Palliative Care,4,0,Deceased,High
ONC-02228,40,Male,Breast,Stage I,4.2,Never,Regular,No,33.4,2015-07-14,Chemotherapy,2,5,Alive,Medium
ONC-00437,46,Other,Colorectal,Stage Iv,10.6,Former,Regular,No,32.0,2019-05-07,Immunotherapy,5,24,Not Recorded,High
ONC-01560,63,Other,Blood (Leukemia),Stage Iii,3.4,Former,Regular,No,26.8,2019-06-29,Combination Therapy,5,2,Alive,Medium
ONC-00339,59,Male,Lung,Stage Iv,8.1,Never,Regular,No,21.0,2024-04-24,Chemotherapy,9,7,Alive,Medium
ONC-02491,73,Female,Prostate,Stage Iii,3.9,Never,Heavy,Yes,32.7,2021-07-26,Surgery,3,18,Deceased,Medium
ONC-00348,62,Female,Breast,Stage Ii,0.2,Former,Occasional,No,24.3,2017-08-26,Palliative Care,7,9,Alive,Medium
ONC-03673,53,Other,Colorectal,Stage Iii,1.8,Current,Occasional,No,28.1,2015-05-10,Chemotherapy,6,7,Deceased,Low
ONC-00469,50,Other,Prostate,Stage Iv,2.2,Never,Regular,No,27.8,2017-07-01,Combination Therapy,3,16,Alive,High
ONC-06043,60,Other,Blood (Leukemia),Stage Ii,4.7,Never,Occasional,No,35.7,2019-04-20,Surgery,4,12,Alive,Low
ONC-06367,40,Female,Prostate,Stage I,0.5,Current,Regular,No,28.7,2018-09-13,Surgery,7,32,Alive,Low
ONC-04949,55,Other,Prostate,Stage Iii,9.1,Current,Regular,No,26.0,2017-05-26,Immunotherapy,2,12,Alive,Low
ONC-05960,63,Other,Colorectal,Stage Ii,12.2,Current,Regular,Yes,30.1,2024-06-04,Combination Therapy,6,12,Not Recorded,Medium
ONC-03950,58,Female,Brain,Stage Iv,0.2,Never,Heavy,Yes,20.1,Unknown,Surgery,8,17,Alive,Critical
ONC-06392,58,Other,Liver,Stage I,5.3,Former,Heavy,Yes,17.8,2024-12-12,Radiation Therapy,1,36,Not Recorded,Low
ONC-05448,86,Female,Lung,Stage Ii,1.6,Never,Regular,No,19.1,2018-10-03,Radiation Therapy,8,3,Deceased,Medium
ONC-04987,73,Other,Liver,Stage Iv,3.0,Current,Heavy,No,29.0,2015-05-05,Radiation Therapy,6,13,Alive,Critical
ONC-00387,49,Male,Blood (Leukemia),Stage Iii,0.5,Former,Regular,No,30.2,2018-02-06,Palliative Care,6,10,Not Recorded,Medium
ONC-00357,56,Male,Blood (Leukemia),Stage Ii,6.2,Current,Regular,No,23.0,2015-02-16,Radiation Therapy,6,12,Alive,Medium
ONC-04767,69,Male,Breast,Stage Iv,8.5,Former,Heavy,No,24.8,Unknown,Combination Therapy,8,8,Alive,Critical
ONC-07161,46,Female,Liver,Stage Iv,1.2,Current,Regular,No,28.4,2022-09-10,Surgery,6,24,Alive,Low
ONC-04365,56,Male,Lung,Stage Iv,1.4,Current,Regular,Yes,32.0,2020-08-28,Immunotherapy,6,15,Alive,Medium
ONC-04534,47,Other,Liver,Stage Ii,6.2,Never,Regular,No,25.1,2022-03-02,Immunotherapy,9,11,Alive,Medium
ONC-02119,57,Female,Skin (Melanoma),Stage Iv,6.8,Never,Regular,Yes,28.6,2022-01-08,Palliative Care,3,11,Alive,Medium
ONC-04243,62,Other,Lung,Stage Iv,6.2,Never,Occasional,Yes,28.2,2024-03-24,Palliative Care,12,10,Alive,High
ONC-00760,64,Other,Pancreatic,Stage Ii,0.9,Current,Occasional,No,27.4,2017-05-22,Palliative Care,6,11,Not Recorded,High
ONC-01885,74,Female,Skin (Melanoma),Stage Iii,1.2,Current,Regular,No,15.2,2016-03-24,Palliative Care,3,74,Alive,Medium
ONC-01678,63,Other,Breast,Stage Iv,1.3,Never,Regular,No,34.3,2019-01-09,Combination Therapy,8,3,Alive,Critical
ONC-05864,58,Female,Blood (Leukemia),Stage Iv,0.9,Never,Regular,Yes,27.7,2017-04-10,Chemotherapy,6,26,Deceased,Critical
ONC-02663,67,Other,Skin (Melanoma),Stage Iv,1.1,Never,Regular,No,27.8,2018-04-12,Combination Therapy,4,3,Deceased,Critical
ONC-03515,45,Female,Blood (Leukemia),Stage I,2.8,Current,Regular,No,35.0,Unknown,Palliative Care,6,2,Alive,Medium
ONC-01888,63,Male,Ovarian,Stage Ii,2.6,Never,Regular,No,26.1,2015-12-05,Chemotherapy,7,3,Alive,Low
ONC-05622,76,Male,Colorectal,Stage Iv,0.8,Never,Heavy,No,23.9,2018-03-23,Combination Therapy,5,16,Alive,Medium
ONC-04835,79,Male,Pancreatic,Stage I,1.1,Former,Regular,No,26.0,2019-12-23,Immunotherapy,7,10,Deceased,Critical
ONC-06178,46,Male,Ovarian,Stage Ii,0.7,Never,Regular,No,22.8,2019-04-27,Palliative Care,5,17,Deceased,Medium
ONC-05207,51,Female,Prostate,Stage Iv,6.6,Current,Regular,No,21.8,2022-12-18,Combination Therapy,5,37,Deceased,Critical
ONC-00113,44,Other,Skin (Melanoma),Stage Iii,1.5,Never,Occasional,Yes,26.2,2024-08-24,Palliative Care,3,0,Not Recorded,Critical
ONC-07158,60,Other,Prostate,Stage Iii,5.0,Former,Regular,No,26.3,2022-06-27,Chemotherapy,6,4,Alive,High
ONC-06117,53,Other,Skin (Melanoma),Stage Iv,1.6,Never,Regular,Yes,28.3,2018-11-18,Palliative Care,5,25,Alive,High
ONC-06869,69,Other,Pancreatic,Stage Ii,13.2,Never,Occasional,No,30.4,2019-04-18,Radiation Therapy,7,3,Alive,Low
ONC-00103,67,Female,Skin (Melanoma),Stage Ii,0.4,Never,Regular,No,26.9,2016-11-12,Palliative Care,4,12,Alive,Medium
ONC-00141,62,Female,Skin (Melanoma),Stage Ii,3.0,Former,Regular,No,23.3,2015-02-01,Immunotherapy,3,5,Deceased,Not Recorded
ONC-03875,65,Female,Lung,Stage I,2.3,Former,Regular,No,26.0,2019-02-12,Palliative Care,3,19,Alive,Medium
ONC-05239,43,Other,Blood (Leukemia),Stage Iv,1.8,Current,Regular,No,33.7,2021-01-24,Combination Therapy,9,5,Deceased,High
ONC-03861,62,Other,Liver,Stage I,1.2,Never,Heavy,No,26.1,2020-07-04,Immunotherapy,8,17,Not Recorded,Medium
ONC-00375,57,Other,Prostate,Stage Iv,4.6,Current,Occasional,Yes,31.4,2023-05-13,Palliative Care,2,17,Deceased,Medium
ONC-07151,97,Female,Prostate,Stage I,0.9,Never,Regular,No,27.2,2022-09-30,Immunotherapy,6,24,Deceased,Low
ONC-06354,63,Other,Pancreatic,Stage Ii,3.7,Former,Heavy,Yes,23.4,Unknown,Surgery,7,5,Deceased,Low
ONC-06355,81,Other,Blood (Leukemia),Stage I,1.6,Never,Regular,No,32.0,2017-01-11,Immunotherapy,6,0,Deceased,Low
ONC-05095,29,Male,Ovarian,Stage Iii,12.7,Current,Occasional,No,26.0,2019-06-27,Palliative Care,6,25,Alive,High
ONC-00750,58,Female,Liver,Stage Iii,2.0,Former,Regular,Yes,21.4,2021-08-15,Surgery,6,3,Alive,High
ONC-00689,57,Male,Breast,Stage Iv,2.4,Former,Regular,Yes,29.4,2022-04-06,Surgery,6,46,Alive,Critical
ONC-06717,30,Other,Blood (Leukemia),Stage Iv,0.4,Former,Heavy,No,26.0,2021-06-25,Combination Therapy,8,32,Deceased,High
ONC-03097,52,Other,Skin (Melanoma),Stage I,2.4,Never,Regular,No,29.4,2022-07-21,Palliative Care,10,4,Alive,Low
ONC-01082,71,Male,Pancreatic,Stage I,1.0,Current,Regular,Yes,26.0,2024-12-04,Palliative Care,7,7,Alive,Low
ONC-01547,71,Other,Blood (Leukemia),Stage Iv,1.5,Former,Regular,No,28.3,2016-06-04,Radiation Therapy,6,0,Deceased,Critical
ONC-05277,44,Female,Pancreatic,Stage Ii,2.9,Former,Occasional,No,26.0,2015-09-06,Chemotherapy,7,3,Alive,Medium
ONC-00603,45,Female,Colorectal,Stage Iv,0.7,Never,Occasional,Yes,18.1,Unknown,Chemotherapy,7,15,Alive,High
ONC-06044,58,Female,Ovarian,Stage Iv,4.5,Never,Heavy,Yes,22.7,2024-05-16,Surgery,7,33,Deceased,Low
ONC-01707,54,Female,Blood (Leukemia),Stage Ii,0.9,Former,Regular,Yes,20.9,2015-08-13,Radiation Therapy,6,5,Alive,Medium
ONC-02792,63,Other,Ovarian,Stage Iii,3.3,Never,Heavy,No,24.1,2023-09-03,Palliative Care,7,16,Alive,High
ONC-03284,73,Other,Colorectal,Stage Iv,0.9,Current,Regular,Yes,27.2,2017-02-02,Radiation Therapy,6,7,Alive,Critical
ONC-00682,46,Other,Liver,Stage Ii,10.8,Former,Regular,No,25.5,2016-08-16,Chemotherapy,6,4,Deceased,Low
ONC-02475,58,Other,Breast,Stage Ii,0.1,Current,Regular,Yes,33.5,2022-07-26,Chemotherapy,5,14,Deceased,Medium
ONC-05710,68,Female,Pancreatic,Stage Iv,1.7,Never,Regular,No,30.6,2021-09-30,Radiation Therapy,6,40,Alive,Medium
ONC-02358,39,Other,Brain,Stage Iii,5.5,Former,Regular,No,31.5,2015-02-08,Palliative Care,7,12,Not Recorded,Critical
ONC-04205,58,Other,Breast,Stage I,2.1,Never,Occasional,Yes,24.9,2022-02-08,Combination Therapy,7,86,Deceased,Low
ONC-06770,58,Other,Blood (Leukemia),Stage Ii,11.0,Current,Regular,Yes,29.0,2020-11-14,Radiation Therapy,5,0,Deceased,Medium
ONC-00555,62,Other,Pancreatic,Stage Ii,4.5,Current,Regular,No,25.3,2015-06-03,Palliative Care,5,15,Deceased,Medium
ONC-05234,48,Female,Colorectal,Stage Iii,3.1,Never,Regular,No,29.3,2018-11-24,Immunotherapy,6,12,Deceased,Critical
ONC-04238,59,Male,Colorectal,Stage I,2.8,Never,Regular,No,18.8,2019-08-15,Chemotherapy,6,1,Deceased,Low
ONC-02932,65,Male,Lung,Stage I,0.8,Former,Regular,No,32.3,2017-05-15,Palliative Care,6,4,Deceased,Critical
ONC-06661,33,Other,Colorectal,Stage Ii,5.5,Current,Regular,Yes,27.5,Unknown,Surgery,9,10,Alive,Medium
ONC-04806,68,Other,Blood (Leukemia),Stage I,9.1,Current,Occasional,No,30.4,2022-05-30,Surgery,5,4,Alive,Low
ONC-03924,55,Male,Skin (Melanoma),Stage Iii,8.7,Never,Heavy,No,30.5,2021-10-20,Palliative Care,6,12,Deceased,Low
ONC-02641,56,Other,Skin (Melanoma),Stage Ii,4.3,Never,Occasional,No,22.0,2016-01-06,Immunotherapy,6,15,Deceased,Critical
ONC-05411,48,Male,Lung,Stage Iii,1.8,Never,Heavy,No,31.7,2020-01-16,Chemotherapy,5,12,Alive,Not Recorded
ONC-04107,58,Other,Prostate,Stage Iv,0.5,Former,Regular,No,25.9,2016-03-01,Combination Therapy,7,18,Alive,High
ONC-03749,36,Male,Pancreatic,Stage Iii,8.4,Never,Heavy,No,34.7,2019-08-12,Palliative Care,9,7,Alive,Not Recorded
ONC-05724,41,Other,Prostate,Stage Iii,8.2,Former,Regular,No,25.8,Unknown,Immunotherapy,5,8,Alive,Low
ONC-04548,65,Other,Lung,Stage Iii,0.2,Never,Heavy,No,18.7,2017-02-11,Chemotherapy,5,0,Alive,Low
ONC-02573,60,Other,Breast,Stage Iv,1.5,Former,Regular,Yes,26.1,2019-03-31,Surgery,5,7,Alive,Low
ONC-05047,68,Other,Breast,Stage Iv,2.7,Former,Heavy,Yes,23.6,2016-01-15,Surgery,9,34,Alive,Not Recorded
ONC-00338,45,Male,Skin (Melanoma),Stage Iii,6.2,Never,Heavy,No,16.6,2021-03-27,Palliative Care,7,2,Alive,Critical
ONC-01526,59,Male,Ovarian,Stage I,2.3,Never,Occasional,Yes,17.3,Unknown,Radiation Therapy,5,16,Alive,Low
ONC-03831,68,Other,Blood (Leukemia),Stage I,4.0,Current,Heavy,No,26.4,2018-03-07,Palliative Care,6,10,Deceased,Low
ONC-01931,64,Male,Breast,Stage Ii,3.7,Former,Regular,No,35.1,2020-04-26,Radiation Therapy,10,30,Alive,Not Recorded
ONC-01569,58,Other,Lung,Stage Ii,4.6,Current,Regular,Yes,24.2,2024-12-10,Combination Therapy,10,17,Deceased,Low
ONC-01360,64,Other,Brain,Stage I,1.2,Never,Regular,No,24.7,Unknown,Palliative Care,4,19,Deceased,Low
ONC-05358,60,Male,Liver,Stage Iv,1.2,Never,Regular,Yes,33.2,2023-11-18,Surgery,3,12,Alive,Medium
ONC-05374,57,Other,Prostate,Stage Iii,0.8,Never,Regular,Yes,31.2,2019-02-11,Radiation Therapy,6,12,Alive,Medium
ONC-01585,82,Other,Prostate,Stage Iii,5.1,Never,Heavy,Yes,36.0,2024-12-23,Surgery,7,25,Alive,Critical
ONC-00328,58,Female,Skin (Melanoma),Stage Iii,2.5,Never,Regular,Yes,20.4,2018-04-09,Palliative Care,4,17,Deceased,Low
ONC-03423,58,Female,Breast,Stage Iii,7.9,Current,Regular,No,26.0,2017-06-13,Surgery,9,8,Deceased,Medium
ONC-01904,59,Other,Prostate,Stage I,3.4,Former,Regular,Yes,26.0,2015-08-29,Surgery,10,19,Alive,Low
ONC-04951,95,Other,Liver,Stage I,0.2,Former,Regular,No,23.0,Unknown,Palliative Care,7,35,Deceased,Medium
ONC-03198,33,Female,Prostate,Stage I,3.9,Current,Regular,No,31.5,2016-09-14,Chemotherapy,7,14,Deceased,Medium
ONC-03323,59,Other,Prostate,Stage Iii,8.3,Former,Regular,Yes,24.7,2024-11-06,Radiation Therapy,3,9,Alive,Critical
ONC-01296,59,Other,Prostate,Stage I,1.2,Current,Regular,No,22.2,2019-06-20,Surgery,8,31,Deceased,Medium
ONC-04029,63,Other,Ovarian,Stage Iv,0.9,Never,Regular,No,26.0,2021-10-10,Radiation Therapy,2,12,Deceased,Not Recorded
ONC-01879,94,Other,Brain,Stage Iv,3.9,Never,Heavy,Yes,23.4,2016-10-25,Surgery,6,14,Alive,Not Recorded
ONC-06281,58,Female,Colorectal,Stage Ii,6.3,Current,Regular,No,22.7,2017-08-02,Palliative Care,5,9,Alive,High
ONC-06788,70,Other,Prostate,Stage Iv,1.1,Former,Occasional,No,23.1,2024-08-07,Surgery,7,21,Alive,Critical
ONC-04595,77,Other,Prostate,Stage Iv,2.0,Never,Regular,No,27.5,2019-03-20,Surgery,4,15,Alive,High
ONC-01022,50,Female,Breast,Stage Ii,1.5,Never,Heavy,No,24.6,2019-03-14,Radiation Therapy,4,12,Alive,Not Recorded
ONC-03564,41,Other,Ovarian,Stage I,5.0,Never,Regular,No,37.6,2016-05-17,Radiation Therapy,6,4,Alive,Medium
ONC-01428,16,Other,Liver,Stage I,4.6,Never,Heavy,Yes,26.5,2016-08-03,Palliative Care,6,4,Not Recorded,High
ONC-05809,82,Other,Colorectal,Stage Iii,3.5,Never,Heavy,Yes,31.3,2023-05-23,Palliative Care,7,15,Not Recorded,Medium
ONC-01070,30,Other,Lung,Stage I,0.9,Never,Regular,Yes,31.0,2019-02-05,Chemotherapy,8,17,Not Recorded,Low
ONC-01549,40,Male,Prostate,Stage Iv,1.3,Current,Regular,Yes,27.7,2020-12-07,Immunotherapy,10,0,Alive,Low
ONC-01025,35,Male,Liver,Stage Iii,0.6,Current,Occasional,No,26.9,Unknown,Radiation Therapy,6,4,Alive,Not Recorded
ONC-05562,53,Female,Prostate,Stage Iii,5.2,Never,Regular,No,24.2,2023-08-01,Combination Therapy,7,18,Alive,Critical
ONC-06867,40,Male,Pancreatic,Stage Ii,1.5,Never,Regular,No,26.0,2015-07-10,Chemotherapy,9,28,Deceased,High
ONC-05863,58,Female,Lung,Stage I,0.1,Never,Regular,No,30.5,Unknown,Immunotherapy,5,11,Deceased,Low
ONC-00248,51,Female,Liver,Stage Iv,11.3,Former,Regular,No,28.9,2020-10-01,Palliative Care,8,3,Alive,Critical
ONC-00047,80,Other,Liver,Stage Ii,0.8,Former,Regular,No,30.4,2018-03-21,Chemotherapy,3,2,Alive,Medium
ONC-01164,41,Other,Blood (Leukemia),Stage Iv,12.4,Former,Occasional,No,22.6,2021-07-01,Combination Therapy,4,23,Deceased,Critical
ONC-01392,75,Other,Liver,Stage Ii,3.1,Former,Regular,Yes,26.0,2019-12-01,Chemotherapy,4,5,Not Recorded,High
ONC-05596,66,Female,Ovarian,Stage Iii,0.6,Current,Regular,Yes,24.0,2024-01-18,Palliative Care,6,12,Deceased,High
ONC-00175,61,Other,Prostate,Stage Iv,2.4,Never,Regular,No,24.1,2024-09-01,Surgery,8,10,Deceased,High
ONC-01857,58,Female,Brain,Stage Iv,0.1,Never,Heavy,No,30.5,2018-05-08,Chemotherapy,2,8,Alive,Critical
ONC-07363,65,Female,Lung,Stage Iv,0.7,Never,Regular,No,27.5,2022-05-24,Palliative Care,3,0,Deceased,Critical
ONC-07299,61,Female,Prostate,Stage I,2.1,Former,Regular,No,23.7,2021-10-20,Radiation Therapy,7,8,Alive,Not Recorded
ONC-05381,91,Other,Prostate,Stage I,0.1,Former,Regular,No,31.5,2019-06-14,Combination Therapy,4,4,Alive,Low
ONC-05071,34,Male,Pancreatic,Stage Iii,5.8,Never,Regular,No,20.6,2022-01-20,Combination Therapy,6,17,Alive,Low
ONC-02757,68,Male,Breast,Stage Iv,12.2,Never,Regular,Yes,27.4,2016-05-11,Chemotherapy,7,4,Alive,High
ONC-07332,65,Male,Blood (Leukemia),Stage I,3.0,Never,Heavy,Yes,29.5,2017-03-10,Combination Therapy,7,8,Alive,Not Recorded
ONC-02985,58,Female,Pancreatic,Stage I,0.6,Former,Heavy,Yes,26.0,2015-07-31,Chemotherapy,3,11,Deceased,Medium
ONC-01477,78,Male,Blood (Leukemia),Stage Ii,4.8,Former,Regular,No,26.1,2015-06-20,Radiation Therapy,6,16,Alive,Medium
ONC-02116,53,Male,Pancreatic,Stage Iii,5.1,Never,Heavy,No,24.2,2017-07-27,Palliative Care,9,4,Deceased,Not Recorded
ONC-01378,81,Female,Colorectal,Stage Iv,8.7,Never,Regular,No,22.4,2022-01-29,Palliative Care,4,19,Alive,Critical
ONC-06243,58,Female,Skin (Melanoma),Stage I,12.2,Former,Heavy,No,23.7,2024-03-13,Palliative Care,6,7,Alive,Medium
ONC-00470,63,Other,Blood (Leukemia),Stage Iv,2.0,Never,Occasional,No,27.3,Unknown,Chemotherapy,10,13,Alive,Critical
ONC-03763,70,Male,Pancreatic,Stage I,2.4,Never,Heavy,Yes,22.5,2024-04-16,Palliative Care,5,14,Not Recorded,Medium
ONC-04975,38,Male,Pancreatic,Stage Iv,1.0,Former,Regular,Yes,22.6,2018-08-18,Palliative Care,8,12,Alive,High
ONC-03204,67,Male,Liver,Stage I,1.0,Never,Regular,No,39.7,2017-08-30,Radiation Therapy,6,12,Alive,Medium
ONC-00186,54,Male,Ovarian,Stage Iii,14.4,Current,Regular,No,28.4,2020-09-14,Palliative Care,5,2,Alive,Critical
ONC-00097,61,Female,Brain,Stage Iv,3.2,Never,Heavy,No,18.4,2018-09-23,Combination Therapy,4,12,Deceased,Critical
ONC-03414,59,Male,Ovarian,Stage Iv,1.9,Former,Regular,No,23.7,Unknown,Palliative Care,6,74,Alive,High
ONC-01347,58,Female,Skin (Melanoma),Stage Iii,1.0,Never,Occasional,Yes,29.5,2021-12-31,Radiation Therapy,9,11,Not Recorded,High
ONC-02392,42,Other,Prostate,Stage Iv,1.0,Current,Regular,Yes,31.1,Unknown,Combination Therapy,8,7,Alive,Critical
ONC-01444,69,Male,Lung,Stage I,2.0,Former,Regular,No,33.6,2023-01-21,Palliative Care,4,4,Alive,Low
ONC-03239,23,Male,Skin (Melanoma),Stage Iv,2.4,Current,Regular,Yes,27.0,2024-02-19,Combination Therapy,4,41,Deceased,Critical
ONC-03826,58,Female,Prostate,Stage Iii,4.6,Former,Regular,Yes,24.8,2023-10-02,Chemotherapy,3,65,Alive,Medium
ONC-06737,42,Other,Colorectal,Stage Iv,2.0,Current,Regular,Yes,23.2,2019-07-23,Palliative Care,7,1,Alive,Critical
ONC-01700,57,Female,Liver,Stage Ii,2.4,Current,Regular,Yes,29.8,2015-09-17,Chemotherapy,4,1,Alive,Medium
ONC-04244,61,Male,Prostate,Stage Iii,0.3,Former,Heavy,No,26.0,Unknown,Combination Therapy,3,24,Alive,Medium
ONC-06675,72,Male,Prostate,Stage Ii,10.1,Current,Occasional,Yes,33.5,2016-08-02,Radiation Therapy,4,12,Alive,Medium
ONC-04372,40,Female,Pancreatic,Stage Iv,3.9,Current,Occasional,No,29.1,2023-12-18,Palliative Care,6,4,Alive,High
ONC-04438,69,Other,Prostate,Stage Iv,1.7,Former,Heavy,No,24.0,2022-06-23,Immunotherapy,8,14,Alive,High
ONC-00570,58,Other,Blood (Leukemia),Stage Iv,0.9,Never,Occasional,Yes,25.7,2020-08-12,Immunotherapy,3,27,Alive,Critical
ONC-04526,42,Male,Breast,Stage Iv,2.8,Former,Regular,Yes,25.2,Unknown,Radiation Therapy,9,7,Alive,Critical
ONC-02326,44,Other,Prostate,Stage Iii,2.5,Former,Heavy,No,20.8,2019-12-14,Chemotherapy,5,12,Deceased,Medium
ONC-01479,64,Other,Prostate,Stage Iii,0.8,Former,Heavy,No,26.8,2019-11-18,Immunotherapy,9,0,Alive,Medium
ONC-00242,58,Female,Ovarian,Stage Iv,0.1,Never,Regular,No,18.7,2017-01-23,Combination Therapy,8,6,Alive,High
ONC-00527,61,Male,Breast,Stage I,2.4,Former,Regular,Yes,23.6,2023-01-08,Palliative Care,6,26,Deceased,Not Recorded
ONC-03786,51,Other,Prostate,Stage I,1.6,Never,Regular,No,16.2,2017-11-07,Immunotherapy,3,0,Alive,Medium
ONC-03227,49,Female,Colorectal,Stage Iii,0.5,Never,Occasional,Yes,26.0,2020-07-07,Palliative Care,4,35,Deceased,Medium
ONC-04579,57,Female,Prostate,Stage I,4.8,Never,Regular,Yes,19.6,2018-07-09,Palliative Care,4,29,Deceased,Medium
ONC-04446,58,Female,Skin (Melanoma),Stage Iv,0.1,Never,Regular,Yes,30.1,2024-10-10,Radiation Therapy,3,72,Alive,Critical
ONC-06060,47,Male,Blood (Leukemia),Stage Iii,0.1,Current,Regular,No,23.9,2019-02-26,Immunotherapy,4,12,Deceased,High
ONC-01222,62,Other,Brain,Stage Iv,1.6,Current,Regular,No,31.9,2024-07-03,Palliative Care,6,40,Alive,Low
ONC-03977,58,Other,Brain,Stage I,1.8,Former,Occasional,No,21.9,2024-08-26,Immunotherapy,4,61,Deceased,Medium
ONC-00281,68,Other,Brain,Stage Ii,3.1,Former,Regular,No,25.0,2019-08-31,Surgery,8,13,Alive,Medium
ONC-02780,56,Other,Liver,Stage Iii,0.9,Former,Regular,Yes,22.2,2016-11-05,Radiation Therapy,3,12,Deceased,High
ONC-07009,46,Other,Prostate,Stage I,2.4,Never,Regular,No,29.3,2015-05-04,Combination Therapy,7,34,Deceased,Low
ONC-02253,57,Other,Colorectal,Stage Iii,2.4,Never,Heavy,No,27.2,2018-03-23,Chemotherapy,4,12,Alive,Medium
ONC-04123,51,Female,Colorectal,Stage Iv,10.6,Former,Regular,Yes,22.5,2020-12-07,Palliative Care,6,19,Alive,Low
ONC-02709,34,Male,Colorectal,Stage Iii,2.4,Former,Regular,No,20.4,2021-03-17,Radiation Therapy,9,12,Deceased,Medium
ONC-00243,58,Male,Colorectal,Stage Iii,0.9,Former,Regular,No,25.1,2019-09-03,Combination Therapy,10,5,Alive,Critical
ONC-02258,76,Female,Skin (Melanoma),Stage Iii,1.4,Never,Heavy,No,28.5,2023-07-13,Palliative Care,7,12,Alive,Critical
ONC-06106,57,Male,Breast,Stage I,5.0,Never,Regular,No,26.5,2024-10-22,Immunotherapy,6,30,Alive,Medium
ONC-05419,72,Female,Prostate,Stage Iii,0.2,Never,Regular,No,29.0,2021-12-08,Combination Therapy,6,39,Alive,Medium
ONC-05848,31,Female,Brain,Stage Ii,3.9,Former,Regular,No,30.1,Unknown,Radiation Therapy,11,55,Alive,Critical
ONC-03656,37,Female,Prostate,Stage Iv,5.0,Current,Heavy,No,26.0,2021-09-01,Immunotherapy,6,10,Deceased,High
ONC-07366,53,Other,Ovarian,Stage Iv,1.4,Current,Regular,No,24.9,2024-07-20,Palliative Care,6,5,Alive,Critical
ONC-00311,65,Female,Prostate,Stage Iv,4.2,Never,Regular,Yes,32.7,2016-07-27,Surgery,7,12,Alive,Critical
ONC-01699,64,Female,Ovarian,Stage Iv,1.9,Current,Regular,No,19.8,2018-12-30,Surgery,4,39,Alive,Critical
ONC-00532,58,Male,Blood (Leukemia),Stage Ii,1.8,Current,Regular,No,29.2,2020-05-25,Palliative Care,9,33,Alive,Not Recorded
ONC-02819,11,Other,Blood (Leukemia),Stage Iv,3.1,Current,Heavy,No,26.0,2016-01-20,Combination Therapy,8,26,Deceased,Not Recorded
ONC-06757,76,Male,Breast,Stage Iv,1.4,Former,Regular,No,22.1,2019-12-17,Chemotherapy,6,1,Alive,Critical
ONC-07458,86,Other,Pancreatic,Stage Iv,0.4,Former,Regular,Yes,25.4,2019-01-02,Surgery,7,12,Alive,High
ONC-01474,39,Female,Pancreatic,Stage Iv,1.6,Never,Regular,Yes,31.9,2024-01-20,Radiation Therapy,6,40,Deceased,Medium
ONC-01396,41,Male,Liver,Stage Iv,1.0,Current,Regular,No,23.8,2015-03-08,Combination Therapy,5,37,Not Recorded,Critical
ONC-07141,58,Female,Ovarian,Stage Ii,7.9,Former,Regular,Yes,25.2,2015-06-11,Palliative Care,5,7,Alive,Medium
ONC-02112,58,Male,Skin (Melanoma),Stage Ii,2.8,Current,Regular,Yes,20.3,2016-10-23,Palliative Care,2,0,Alive,Low
ONC-03954,76,Male,Prostate,Stage Iv,1.5,Current,Regular,No,19.9,2019-03-15,Combination Therapy,6,28,Alive,Critical
ONC-00626,65,Other,Brain,Stage Iv,1.9,Former,Regular,Yes,24.4,2024-03-21,Immunotherapy,6,22,Alive,Medium
ONC-03380,52,Male,Prostate,Stage I,4.5,Former,Regular,No,29.1,2016-10-31,Palliative Care,6,10,Deceased,Low
ONC-05096,35,Male,Ovarian,Stage I,3.5,Current,Regular,No,29.5,2018-08-08,Combination Therapy,6,12,Alive,Medium
ONC-01202,82,Other,Blood (Leukemia),Stage I,0.9,Current,Regular,Yes,24.8,2017-08-23,Immunotherapy,9,12,Alive,Low
ONC-07044,58,Female,Liver,Stage Ii,2.4,Never,Regular,No,27.8,2016-11-27,Immunotherapy,4,12,Alive,Medium
ONC-02643,39,Female,Breast,Stage Iv,9.4,Former,Heavy,No,28.9,2022-12-14,Radiation Therapy,6,18,Alive,Critical
ONC-05451,58,Male,Liver,Stage I,2.2,Former,Occasional,No,32.3,2022-05-27,Surgery,6,2,Not Recorded,Low
ONC-01276,77,Male,Skin (Melanoma),Stage Iii,2.1,Former,Regular,No,25.4,2018-01-03,Palliative Care,10,2,Alive,Critical
ONC-04367,54,Female,Skin (Melanoma),Stage I,0.9,Former,Regular,Yes,21.1,2022-06-11,Combination Therapy,10,10,Not Recorded,Low
ONC-02042,47,Female,Brain,Stage Iii,0.5,Former,Regular,Yes,23.0,2015-08-31,Palliative Care,5,10,Deceased,Medium
ONC-06091,81,Other,Lung,Stage Iv,2.1,Current,Occasional,No,32.3,2024-09-30,Immunotherapy,6,10,Not Recorded,Critical
ONC-03682,53,Female,Brain,Stage I,3.7,Current,Occasional,No,19.4,Unknown,Radiation Therapy,6,13,Not Recorded,Low
ONC-04150,68,Other,Lung,Stage Iv,1.1,Former,Regular,No,20.9,2019-09-19,Palliative Care,7,3,Alive,High
ONC-02672,32,Male,Breast,Stage Iv,8.2,Never,Regular,Yes,26.3,2020-08-19,Immunotherapy,6,26,Deceased,Medium
ONC-03043,99,Other,Brain,Stage Iii,6.2,Current,Regular,No,28.3,2020-02-26,Combination Therapy,8,12,Deceased,Medium
ONC-02703,42,Female,Liver,Stage Ii,0.3,Current,Regular,Yes,19.7,2017-03-08,Chemotherapy,6,17,Alive,Medium
ONC-03828,78,Male,Pancreatic,Stage Iv,2.8,Current,Occasional,No,31.6,2022-03-05,Palliative Care,8,12,Deceased,Medium
ONC-02099,59,Female,Blood (Leukemia),Stage Iv,1.3,Never,Regular,No,38.0,2015-09-11,Palliative Care,7,23,Deceased,High
ONC-04847,62,Other,Prostate,Stage I,5.4,Current,Heavy,Yes,24.0,Unknown,Surgery,6,79,Alive,Medium
ONC-05225,49,Female,Prostate,Stage Iv,3.9,Current,Occasional,No,18.5,2020-07-13,Combination Therapy,7,104,Alive,Medium
ONC-04689,62,Other,Ovarian,Stage Iii,1.8,Never,Regular,No,26.0,2017-07-05,Chemotherapy,10,3,Alive,High
ONC-04440,58,Male,Blood (Leukemia),Stage Iii,3.8,Former,Regular,No,32.0,2022-05-23,Chemotherapy,9,1,Alive,Medium
ONC-02961,49,Other,Skin (Melanoma),Stage I,4.8,Never,Occasional,Yes,23.5,2024-05-16,Combination Therapy,6,15,Not Recorded,Medium
ONC-05550,46,Female,Breast,Stage Iii,2.9,Never,Regular,No,23.5,2024-05-19,Radiation Therapy,6,53,Alive,High
ONC-00366,78,Other,Liver,Stage Iv,0.9,Former,Regular,No,29.5,2017-01-27,Radiation Therapy,4,1,Deceased,High
ONC-06864,38,Other,Skin (Melanoma),Stage Iv,5.0,Current,Regular,Yes,30.0,2019-11-07,Immunotherapy,5,7,Not Recorded,Critical
ONC-03695,85,Other,Lung,Stage Iii,3.9,Former,Heavy,No,30.7,2023-09-06,Combination Therapy,6,12,Deceased,Medium
ONC-04392,71,Other,Colorectal,Stage Iv,2.6,Former,Regular,No,30.9,2020-08-08,Immunotherapy,6,9,Alive,Critical
ONC-04622,75,Female,Lung,Stage Iv,1.3,Former,Heavy,Yes,27.0,2020-05-21,Palliative Care,6,12,Alive,Critical
ONC-07082,58,Other,Lung,Stage I,0.7,Never,Occasional,Yes,26.0,2020-09-09,Immunotherapy,5,2,Alive,Low
ONC-00749,64,Male,Brain,Stage Iv,1.4,Current,Regular,No,25.4,2017-12-14,Immunotherapy,8,58,Alive,High
ONC-03156,39,Other,Liver,Stage Ii,6.8,Former,Regular,No,24.5,2018-05-15,Surgery,6,24,Alive,Medium
ONC-06160,60,Other,Brain,Stage Iii,7.5,Never,Regular,Yes,31.7,2020-03-30,Surgery,6,21,Alive,High
ONC-04317,72,Male,Skin (Melanoma),Stage Iii,2.4,Current,Regular,No,31.8,2019-09-30,Palliative Care,5,0,Alive,High
ONC-07284,21,Other,Liver,Stage Iii,4.0,Never,Occasional,No,21.9,2015-01-17,Combination Therapy,3,8,Deceased,Critical
ONC-00266,61,Other,Lung,Stage Iii,1.8,Current,Regular,No,32.9,2018-07-21,Palliative Care,7,2,Alive,Medium
ONC-05007,89,Male,Prostate,Stage I,2.0,Current,Regular,Yes,31.1,Unknown,Combination Therapy,5,41,Deceased,Low
ONC-02050,53,Other,Colorectal,Stage I,1.7,Current,Heavy,No,29.5,Unknown,Surgery,6,27,Alive,Medium
ONC-06309,65,Other,Skin (Melanoma),Stage I,0.6,Never,Heavy,No,28.3,2022-01-15,Immunotherapy,7,20,Alive,Medium
ONC-02583,47,Male,Ovarian,Stage I,2.4,Never,Regular,No,26.0,2017-07-22,Radiation Therapy,4,5,Alive,Medium
ONC-00345,60,Other,Ovarian,Stage I,2.6,Never,Heavy,No,28.2,2018-11-10,Palliative Care,7,0,Alive,Critical
ONC-07491,75,Female,Lung,Stage Iv,4.6,Former,Regular,No,16.1,2024-10-26,Palliative Care,6,20,Alive,High
ONC-00753,41,Male,Prostate,Stage Iii,2.4,Never,Regular,Yes,21.2,2020-03-02,Palliative Care,1,2,Deceased,Medium
ONC-03501,64,Female,Blood (Leukemia),Stage Iv,0.5,Never,Heavy,Yes,24.6,2024-04-14,Surgery,13,0,Not Recorded,High
ONC-06467,69,Female,Skin (Melanoma),Stage Iii,3.3,Never,Regular,Yes,19.0,2016-09-26,Palliative Care,6,14,Deceased,High
ONC-00685,93,Other,Skin (Melanoma),Stage Ii,0.7,Current,Occasional,No,21.7,2015-12-21,Palliative Care,5,24,Deceased,High
ONC-06495,61,Female,Prostate,Stage Iii,2.9,Never,Occasional,Yes,22.8,Unknown,Palliative Care,3,11,Not Recorded,High
ONC-04028,73,Other,Lung,Stage I,1.2,Former,Occasional,No,29.7,2023-07-01,Palliative Care,4,21,Not Recorded,Critical
ONC-06700,40,Female,Breast,Stage I,11.2,Never,Regular,No,24.5,2022-03-17,Immunotherapy,4,53,Deceased,Low
ONC-01430,71,Male,Prostate,Stage Ii,4.8,Current,Occasional,No,30.2,2024-06-15,Palliative Care,3,7,Alive,Medium
ONC-06057,58,Female,Breast,Stage I,2.7,Current,Regular,Yes,19.8,2020-12-09,Immunotherapy,6,2,Alive,Low
ONC-04519,42,Female,Ovarian,Stage Iv,1.4,Former,Heavy,Yes,19.1,2015-11-01,Palliative Care,7,12,Deceased,Critical
ONC-03913,85,Female,Breast,Stage Iii,5.1,Former,Regular,Yes,26.0,2015-11-27,Chemotherapy,9,13,Alive,Not Recorded
ONC-04007,71,Male,Blood (Leukemia),Stage Iv,2.9,Current,Regular,No,27.6,2022-05-03,Surgery,9,12,Alive,Medium
ONC-00787,53,Other,Brain,Stage Iii,1.6,Never,Regular,No,22.6,2017-08-19,Immunotherapy,4,4,Deceased,Low
ONC-06052,63,Male,Ovarian,Stage Iii,4.7,Never,Regular,No,24.8,2023-07-11,Immunotherapy,7,73,Alive,Low
ONC-05246,36,Male,Lung,Stage Iii,0.3,Never,Heavy,No,26.0,2019-07-10,Palliative Care,5,12,Alive,Low
ONC-01652,61,Other,Colorectal,Stage I,0.5,Never,Heavy,Yes,26.0,2022-04-12,Radiation Therapy,5,8,Alive,Low
ONC-02579,58,Other,Brain,Stage Iv,0.1,Current,Regular,Yes,34.5,2017-11-21,Combination Therapy,6,5,Deceased,Critical
ONC-03078,50,Female,Pancreatic,Stage Iv,5.1,Current,Regular,No,23.3,2022-06-09,Surgery,8,12,Deceased,Critical
ONC-05201,58,Female,Pancreatic,Stage Ii,6.3,Never,Regular,Yes,12.0,2020-07-27,Chemotherapy,6,25,Not Recorded,High
ONC-02944,58,Other,Ovarian,Stage Iv,8.4,Former,Regular,No,21.7,2016-02-05,Chemotherapy,9,0,Deceased,High
ONC-04094,73,Female,Lung,Stage I,0.2,Never,Occasional,Yes,28.9,2015-11-30,Palliative Care,7,8,Alive,High
ONC-03477,59,Other,Blood (Leukemia),Stage Iii,7.1,Never,Regular,No,28.3,2015-06-02,Surgery,8,3,Alive,Critical
ONC-05430,61,Male,Skin (Melanoma),Stage Iii,7.5,Never,Occasional,No,25.4,2016-06-21,Palliative Care,9,30,Alive,Medium
ONC-05025,58,Male,Breast,Stage I,2.0,Never,Heavy,No,35.3,2017-01-06,Combination Therapy,6,4,Alive,Low
ONC-00304,49,Female,Breast,Stage I,3.8,Never,Regular,Yes,26.3,2019-12-13,Immunotherapy,9,7,Alive,Low
ONC-01712,58,Female,Liver,Stage I,3.2,Never,Regular,No,30.2,2023-04-24,Palliative Care,7,20,Alive,Low
ONC-01695,85,Female,Prostate,Stage Ii,0.6,Never,Regular,Yes,21.3,Unknown,Surgery,3,10,Not Recorded,Low
ONC-06370,46,Other,Blood (Leukemia),Stage Iii,0.3,Current,Occasional,No,24.3,Unknown,Palliative Care,7,6,Deceased,High
ONC-03222,40,Female,Lung,Stage Iii,7.4,Never,Occasional,No,19.3,2024-07-22,Surgery,9,22,Alive,Medium
ONC-02941,87,Female,Ovarian,Stage I,0.5,Current,Occasional,Yes,40.0,2016-08-18,Palliative Care,4,12,Deceased,Low
ONC-06371,43,Female,Skin (Melanoma),Stage Ii,1.7,Current,Regular,No,26.0,2015-12-04,Palliative Care,4,10,Deceased,High
ONC-00443,73,Other,Colorectal,Stage Ii,3.2,Never,Heavy,No,23.3,2016-01-12,Radiation Therapy,7,9,Not Recorded,Medium
ONC-00233,57,Male,Ovarian,Stage I,1.7,Never,Regular,No,35.9,2019-08-02,Chemotherapy,2,18,Deceased,High
ONC-06524,61,Other,Breast,Stage Iii,5.2,Former,Regular,Yes,26.0,2015-08-26,Surgery,10,10,Alive,Medium
ONC-04486,59,Female,Brain,Stage Iv,10.7,Former,Regular,No,26.6,2024-06-27,Chemotherapy,8,8,Alive,Low
ONC-04947,58,Male,Liver,Stage Iv,3.6,Never,Heavy,Yes,19.5,2021-12-05,Radiation Therapy,6,4,Deceased,Critical
ONC-02718,57,Other,Breast,Stage I,6.3,Former,Occasional,No,29.1,2015-07-30,Immunotherapy,3,12,Alive,Medium
ONC-05114,74,Female,Blood (Leukemia),Stage Iii,3.0,Current,Heavy,No,27.0,Unknown,Combination Therapy,10,4,Not Recorded,Medium
ONC-05782,41,Female,Ovarian,Stage I,3.7,Former,Regular,No,19.7,2021-02-04,Immunotherapy,4,11,Alive,Low
ONC-02648,58,Male,Skin (Melanoma),Stage I,2.4,Current,Occasional,No,28.4,2018-03-28,Palliative Care,6,15,Alive,Medium
ONC-06566,67,Female,Skin (Melanoma),Stage Iv,2.4,Current,Heavy,Yes,31.0,2023-07-14,Palliative Care,4,28,Deceased,Medium
ONC-05517,81,Female,Skin (Melanoma),Stage Iv,2.5,Never,Regular,Yes,22.7,2018-07-12,Palliative Care,3,41,Alive,High
ONC-05162,58,Male,Lung,Stage Iii,1.2,Never,Heavy,No,28.1,2021-09-13,Surgery,6,3,Alive,Low
ONC-05016,40,Male,Pancreatic,Stage Iv,1.4,Current,Regular,No,26.0,2020-05-29,Chemotherapy,4,13,Deceased,Critical
ONC-03802,85,Male,Brain,Stage Ii,2.4,Never,Regular,No,26.0,2021-11-08,Combination Therapy,5,26,Alive,Low
ONC-03667,52,Female,Liver,Stage Iv,3.8,Former,Heavy,No,37.5,2023-05-12,Surgery,6,25,Alive,High
ONC-04604,35,Female,Brain,Stage I,0.5,Never,Heavy,Yes,14.7,2024-06-30,Combination Therapy,6,12,Not Recorded,Medium
ONC-02887,64,Other,Liver,Stage Ii,0.5,Current,Regular,Yes,34.6,2019-11-21,Palliative Care,6,17,Alive,Low
ONC-02289,35,Male,Brain,Stage Iii,2.4,Never,Regular,No,26.0,2023-10-04,Chemotherapy,4,18,Deceased,Low
ONC-04957,77,Male,Lung,Stage Iv,1.8,Former,Heavy,No,25.4,2015-03-27,Palliative Care,3,29,Alive,Medium
ONC-02060,72,Female,Ovarian,Stage I,6.2,Never,Heavy,Yes,23.1,2015-10-03,Combination Therapy,6,7,Deceased,Medium
ONC-05388,66,Male,Breast,Stage Iv,2.7,Never,Heavy,No,26.0,2021-12-05,Combination Therapy,2,12,Deceased,High
ONC-04811,31,Female,Brain,Stage Iv,1.6,Current,Regular,Yes,29.2,2021-12-23,Palliative Care,7,1,Alive,Critical
ONC-03798,40,Other,Breast,Stage Ii,4.3,Former,Regular,No,26.5,2019-09-07,Palliative Care,3,12,Deceased,Medium
ONC-06873,50,Other,Prostate,Stage Ii,0.1,Never,Regular,Yes,28.0,2022-05-13,Combination Therapy,7,47,Alive,Low
ONC-00960,60,Other,Liver,Stage Iii,3.1,Never,Regular,No,16.1,2024-02-18,Palliative Care,7,28,Alive,High
ONC-02090,46,Male,Liver,Stage Iii,0.3,Never,Occasional,No,26.0,2020-01-31,Radiation Therapy,8,8,Alive,Critical
ONC-02884,70,Male,Liver,Stage I,2.3,Never,Regular,No,25.8,2019-03-15,Immunotherapy,6,1,Deceased,Critical
ONC-01659,57,Other,Pancreatic,Stage Iv,18.6,Never,Regular,Yes,29.5,2024-04-01,Palliative Care,7,20,Alive,High
ONC-03285,94,Other,Brain,Stage Iv,0.2,Former,Regular,Yes,26.0,2023-12-27,Palliative Care,8,1,Alive,Critical
ONC-00364,43,Female,Liver,Stage Iv,5.1,Never,Heavy,No,22.6,2018-04-21,Palliative Care,6,5,Alive,High
ONC-03213,59,Female,Breast,Stage I,1.6,Former,Regular,Yes,21.4,2020-02-20,Chemotherapy,7,10,Not Recorded,Medium
ONC-04749,58,Female,Skin (Melanoma),Stage I,2.2,Never,Occasional,Yes,12.0,Unknown,Surgery,7,6,Alive,Medium
ONC-00049,57,Other,Lung,Stage Iii,1.4,Current,Regular,No,28.0,2024-03-06,Chemotherapy,2,18,Alive,Not Recorded
ONC-06047,43,Other,Ovarian,Stage Iii,6.4,Never,Regular,No,22.3,2017-03-17,Surgery,6,69,Alive,High
ONC-00484,32,Other,Liver,Stage Iv,4.1,Never,Heavy,No,21.4,2018-06-10,Combination Therapy,6,26,Alive,High
ONC-05279,83,Male,Colorectal,Stage Iii,7.9,Former,Occasional,No,26.8,Unknown,Immunotherapy,5,14,Alive,Critical
ONC-05436,67,Other,Skin (Melanoma),Stage Iv,2.9,Former,Regular,Yes,18.3,2017-09-22,Palliative Care,6,12,Alive,Critical
ONC-01281,62,Other,Skin (Melanoma),Stage Iii,0.7,Former,Regular,No,28.0,2018-04-03,Combination Therapy,7,21,Alive,High
ONC-00792,58,Other,Pancreatic,Stage Ii,1.3,Current,Heavy,Yes,30.3,2017-02-12,Chemotherapy,9,11,Alive,Not Recorded
ONC-05048,67,Male,Lung,Stage Iv,1.3,Current,Regular,No,17.7,2019-08-30,Immunotherapy,6,27,Not Recorded,Critical
ONC-04117,61,Male,Blood (Leukemia),Stage Iv,3.5,Current,Regular,Yes,22.3,2022-12-06,Palliative Care,6,3,Alive,Critical
ONC-06447,40,Male,Prostate,Stage I,5.5,Current,Occasional,Yes,25.8,2019-08-31,Chemotherapy,6,12,Deceased,Medium
ONC-05903,80,Male,Prostate,Stage I,0.5,Current,Occasional,Yes,30.3,2017-06-22,Chemotherapy,9,12,Alive,Medium
ONC-07327,56,Male,Colorectal,Stage Iv,2.4,Never,Regular,Yes,25.0,2015-05-10,Immunotherapy,6,7,Deceased,High
ONC-04896,41,Other,Skin (Melanoma),Stage Ii,1.2,Current,Occasional,No,14.8,2020-04-03,Surgery,9,2,Not Recorded,High
ONC-07064,70,Male,Lung,Stage Iv,3.9,Never,Regular,No,15.6,2019-10-22,Immunotherapy,12,14,Alive,Critical
ONC-03893,51,Other,Lung,Stage Iii,2.5,Former,Occasional,No,23.2,2023-07-24,Radiation Therapy,5,28,Not Recorded,Critical
ONC-02489,58,Female,Prostate,Stage Iii,0.2,Current,Heavy,Yes,16.3,2022-03-14,Radiation Therapy,3,44,Alive,Medium
ONC-07428,66,Other,Prostate,Stage Ii,1.6,Never,Occasional,Yes,15.3,2022-01-27,Immunotherapy,6,10,Deceased,Not Recorded
ONC-07318,55,Other,Colorectal,Stage I,4.6,Never,Occasional,Yes,33.3,2015-03-31,Immunotherapy,6,120,Alive,Low
ONC-05970,52,Male,Brain,Stage Iii,2.1,Current,Regular,Yes,36.0,Unknown,Radiation Therapy,5,29,Deceased,Critical
ONC-04638,50,Male,Colorectal,Stage I,0.2,Never,Regular,No,32.5,2015-03-24,Palliative Care,3,31,Alive,Medium
ONC-00616,65,Female,Brain,Stage I,1.5,Current,Regular,No,26.0,2016-08-02,Palliative Care,6,8,Deceased,Low
ONC-04232,48,Male,Blood (Leukemia),Stage I,6.2,Current,Heavy,No,21.1,2019-04-30,Radiation Therapy,6,15,Not Recorded,Low
ONC-01977,58,Male,Lung,Stage Iv,0.4,Former,Regular,Yes,20.7,2015-05-16,Palliative Care,10,14,Alive,Critical
ONC-01098,55,Other,Liver,Stage Iv,0.1,Never,Heavy,No,26.2,2022-10-09,Palliative Care,3,12,Alive,High
ONC-01044,58,Other,Breast,Stage Iv,5.3,Current,Regular,No,30.0,2024-07-23,Chemotherapy,4,11,Alive,Critical
ONC-07047,63,Other,Prostate,Stage Ii,3.3,Former,Occasional,No,26.0,2022-10-01,Combination Therapy,9,2,Deceased,Low
ONC-02054,43,Male,Colorectal,Stage Iv,2.1,Never,Occasional,No,26.0,2019-02-24,Radiation Therapy,8,14,Alive,Critical
ONC-03796,63,Other,Skin (Melanoma),Stage Iv,4.8,Never,Regular,Yes,21.2,2020-08-21,Palliative Care,6,11,Alive,Medium
ONC-05135,62,Other,Pancreatic,Stage Iv,2.8,Never,Regular,Yes,24.9,2020-10-07,Immunotherapy,8,10,Alive,High
ONC-02682,50,Female,Brain,Stage Iv,1.9,Never,Regular,No,21.1,2017-10-10,Immunotherapy,11,42,Deceased,High
ONC-04613,84,Other,Skin (Melanoma),Stage Iii,1.1,Former,Heavy,No,32.9,2024-05-06,Palliative Care,6,0,Alive,Not Recorded
ONC-03963,58,Female,Pancreatic,Stage Iv,2.2,Current,Heavy,No,21.2,2019-06-30,Palliative Care,2,5,Alive,Critical
ONC-05920,58,Other,Prostate,Stage I,2.5,Current,Regular,Yes,28.4,2017-05-03,Surgery,4,17,Deceased,Low
ONC-04567,58,Male,Lung,Stage I,3.7,Never,Occasional,No,26.0,2015-08-26,Chemotherapy,8,31,Deceased,Medium
ONC-00286,73,Other,Breast,Stage Ii,2.4,Never,Regular,Yes,15.3,2019-02-07,Palliative Care,9,3,Alive,Low
ONC-02144,31,Other,Breast,Stage Iv,1.7,Never,Regular,No,32.3,2023-07-17,Surgery,6,38,Alive,Medium
ONC-06602,76,Female,Liver,Stage Iv,0.5,Never,Heavy,No,30.0,Unknown,Radiation Therapy,9,17,Not Recorded,High
ONC-02530,89,Other,Brain,Stage Ii,11.0,Never,Regular,No,26.0,2016-06-25,Chemotherapy,5,15,Alive,High
ONC-06984,46,Other,Ovarian,Stage Ii,4.2,Former,Regular,Yes,20.2,Unknown,Surgery,6,4,Alive,Medium
ONC-01514,68,Male,Skin (Melanoma),Stage I,3.7,Never,Occasional,No,30.6,2016-04-30,Combination Therapy,6,12,Deceased,Not Recorded
ONC-03069,65,Male,Skin (Melanoma),Stage Iii,4.1,Former,Regular,No,18.0,2024-04-23,Palliative Care,7,4,Alive,High
ONC-01309,81,Other,Prostate,Stage Iv,7.4,Never,Regular,No,26.1,2016-09-29,Combination Therapy,8,1,Alive,Critical
ONC-05795,79,Other,Breast,Stage Ii,1.8,Never,Occasional,No,35.6,2017-12-18,Palliative Care,6,13,Not Recorded,Medium
ONC-03648,57,Male,Prostate,Stage Iv,5.2,Never,Heavy,Yes,22.5,2019-11-06,Radiation Therapy,5,12,Alive,Medium
ONC-01233,49,Male,Ovarian,Stage Iv,2.8,Current,Regular,No,29.1,Unknown,Combination Therapy,5,3,Alive,Critical
ONC-01159,58,Other,Prostate,Stage I,3.9,Former,Heavy,No,30.7,Unknown,Radiation Therapy,6,7,Deceased,Low
ONC-01594,52,Other,Brain,Stage Iv,2.3,Never,Regular,Yes,24.9,2020-08-09,Radiation Therapy,6,34,Alive,Critical
ONC-02399,60,Other,Ovarian,Stage I,2.5,Former,Regular,Yes,23.0,2024-01-16,Surgery,6,10,Alive,Medium
ONC-01229,49,Female,Liver,Stage I,1.5,Never,Regular,No,30.1,2021-10-22,Radiation Therapy,3,4,Not Recorded,Medium
ONC-01909,78,Female,Ovarian,Stage Ii,2.4,Former,Regular,No,27.5,2016-10-25,Immunotherapy,6,57,Alive,Low
ONC-00314,61,Male,Liver,Stage Iii,12.7,Never,Heavy,Yes,30.1,2017-09-14,Immunotherapy,6,11,Alive,High
ONC-02418,76,Other,Prostate,Stage I,1.3,Former,Regular,Yes,23.4,2015-11-05,Immunotherapy,8,3,Alive,Low
ONC-04538,73,Other,Blood (Leukemia),Stage Ii,0.5,Never,Regular,No,34.2,2023-12-09,Radiation Therapy,10,57,Alive,High
ONC-07012,57,Female,Colorectal,Stage Iv,2.4,Former,Heavy,Yes,25.5,2022-05-16,Combination Therapy,12,5,Deceased,Not Recorded
ONC-07000,67,Other,Liver,Stage Ii,3.3,Former,Regular,Yes,32.7,2019-04-30,Palliative Care,4,37,Alive,Critical
ONC-05473,57,Female,Ovarian,Stage Iii,3.7,Former,Regular,Yes,24.3,2017-04-28,Palliative Care,7,28,Alive,Not Recorded
ONC-04723,92,Female,Pancreatic,Stage Iv,3.8,Never,Regular,No,27.0,2022-07-01,Radiation Therapy,7,2,Alive,Medium
ONC-04099,38,Other,Pancreatic,Stage Ii,1.9,Never,Regular,No,25.7,2021-06-28,Radiation Therapy,4,37,Alive,Low
ONC-06087,48,Female,Blood (Leukemia),Stage Ii,0.1,Former,Heavy,No,21.9,Unknown,Surgery,8,0,Not Recorded,Low
ONC-04994,75,Other,Prostate,Stage Ii,0.1,Former,Regular,Yes,26.9,2020-05-21,Immunotherapy,5,17,Deceased,Medium
ONC-04364,52,Other,Pancreatic,Stage Iv,0.8,Former,Occasional,Yes,27.8,2015-03-25,Surgery,6,7,Alive,Critical
ONC-04917,46,Female,Prostate,Stage I,2.4,Current,Regular,Yes,23.2,2019-07-15,Immunotherapy,1,42,Alive,Medium
ONC-03806,47,Male,Blood (Leukemia),Stage Iii,0.1,Never,Occasional,Yes,33.8,2024-04-24,Chemotherapy,11,12,Not Recorded,Medium
ONC-01174,50,Other,Liver,Stage Iv,1.1,Never,Heavy,Yes,26.0,2023-06-23,Chemotherapy,5,12,Alive,Medium
ONC-07204,57,Other,Ovarian,Stage Iv,1.9,Former,Occasional,No,24.2,2021-12-05,Combination Therapy,7,12,Deceased,Medium
ONC-05535,48,Other,Liver,Stage Ii,9.7,Former,Regular,Yes,30.8,2017-02-25,Palliative Care,7,8,Deceased,Low
ONC-01119,58,Female,Lung,Stage I,3.5,Never,Heavy,Yes,33.8,2020-07-04,Surgery,6,49,Alive,Low
ONC-03084,49,Male,Ovarian,Stage Iii,2.4,Never,Heavy,Yes,22.2,2017-09-03,Chemotherapy,3,32,Deceased,Not Recorded
ONC-00474,95,Other,Ovarian,Stage Iv,2.4,Current,Regular,No,25.8,2015-12-18,Chemotherapy,8,14,Alive,Critical
ONC-03335,41,Other,Brain,Stage I,3.9,Current,Heavy,No,26.8,2020-09-04,Palliative Care,3,3,Alive,Low
ONC-06063,74,Male,Blood (Leukemia),Stage I,14.3,Never,Regular,Yes,32.7,2020-09-05,Radiation Therapy,5,22,Deceased,Low
ONC-07333,46,Female,Pancreatic,Stage Ii,2.6,Current,Regular,No,27.8,2021-10-14,Chemotherapy,6,2,Alive,Medium
ONC-04750,34,Other,Skin (Melanoma),Stage Ii,1.7,Never,Occasional,No,29.6,Unknown,Palliative Care,10,6,Alive,Low
ONC-03011,44,Other,Colorectal,Stage Iii,7.4,Current,Heavy,No,29.6,2018-06-24,Immunotherapy,6,8,Alive,Critical
ONC-02723,67,Other,Liver,Stage Ii,0.7,Former,Occasional,Yes,24.4,2020-01-11,Palliative Care,4,13,Deceased,Not Recorded
ONC-01859,24,Other,Brain,Stage Iii,1.4,Former,Regular,Yes,24.7,2024-02-10,Palliative Care,5,5,Alive,Medium
ONC-04559,61,Other,Ovarian,Stage Iv,0.1,Former,Heavy,Yes,19.9,Unknown,Palliative Care,4,6,Alive,Critical
ONC-03053,59,Male,Skin (Melanoma),Stage I,2.4,Current,Regular,No,22.2,2022-09-02,Chemotherapy,1,44,Alive,High
ONC-01393,58,Female,Ovarian,Stage Iii,1.1,Current,Regular,Yes,22.3,2023-08-29,Surgery,4,4,Deceased,High
ONC-03027,68,Female,Breast,Stage Ii,0.7,Never,Regular,No,21.3,Unknown,Chemotherapy,5,9,Alive,Low
ONC-02572,60,Female,Colorectal,Stage Ii,0.2,Never,Regular,No,20.7,2019-07-04,Radiation Therapy,3,37,Deceased,High
ONC-03651,39,Male,Pancreatic,Stage Iv,4.4,Current,Regular,No,26.0,2022-08-08,Combination Therapy,10,21,Not Recorded,Low
ONC-06967,66,Male,Ovarian,Stage Iv,1.9,Former,Regular,No,26.3,2019-12-16,Chemotherapy,6,16,Alive,Medium
ONC-05335,59,Other,Liver,Stage Iii,0.6,Never,Heavy,Yes,28.9,2017-02-03,Chemotherapy,9,53,Not Recorded,Critical
ONC-05200,60,Male,Blood (Leukemia),Stage Ii,2.4,Former,Regular,No,26.3,2018-08-26,Surgery,6,9,Alive,Low
ONC-07385,58,Other,Lung,Stage Iv,6.5,Current,Occasional,Yes,22.3,2022-08-10,Chemotherapy,7,14,Deceased,Medium
ONC-07173,41,Other,Colorectal,Stage Iv,2.5,Former,Heavy,No,23.1,2016-09-28,Immunotherapy,7,3,Deceased,Not Recorded
ONC-05069,42,Other,Lung,Stage Iv,0.8,Former,Regular,No,23.2,2019-10-09,Radiation Therapy,6,9,Deceased,Critical
ONC-04859,33,Other,Liver,Stage I,2.3,Never,Regular,No,25.4,2017-07-11,Surgery,10,12,Deceased,Low
ONC-04533,57,Male,Skin (Melanoma),Stage Iv,2.6,Former,Regular,Yes,21.9,2022-03-14,Palliative Care,4,31,Alive,Low
ONC-01317,48,Female,Liver,Stage Iii,3.9,Current,Regular,Yes,28.1,2020-09-28,Chemotherapy,2,12,Deceased,Critical
ONC-02673,82,Male,Blood (Leukemia),Stage I,5.0,Never,Regular,Yes,20.2,2016-01-28,Palliative Care,6,9,Deceased,Medium
ONC-02324,48,Male,Blood (Leukemia),Stage Iii,0.9,Current,Regular,Yes,32.0,2015-03-16,Chemotherapy,5,12,Alive,Medium
ONC-04422,52,Other,Ovarian,Stage Iv,2.4,Former,Heavy,No,31.0,2023-09-23,Palliative Care,7,12,Deceased,Critical
ONC-05284,56,Female,Liver,Stage Iv,2.6,Never,Regular,Yes,30.9,2017-01-07,Radiation Therapy,14,12,Alive,High
ONC-05452,85,Other,Liver,Stage Ii,4.7,Never,Occasional,No,26.3,2022-04-01,Palliative Care,9,31,Alive,Not Recorded
ONC-00799,39,Other,Pancreatic,Stage Iii,7.2,Current,Occasional,No,30.4,2024-09-05,Surgery,6,12,Deceased,Critical
ONC-02761,62,Male,Prostate,Stage Iv,4.2,Never,Regular,No,25.1,2023-01-09,Palliative Care,7,3,Alive,Medium
ONC-00463,83,Male,Brain,Stage Iv,1.8,Never,Regular,No,22.6,2022-05-02,Chemotherapy,6,12,Alive,Critical
ONC-00748,67,Female,Liver,Stage Ii,6.8,Former,Regular,No,35.1,2022-05-27,Combination Therapy,7,12,Alive,Medium
ONC-01882,68,Female,Lung,Stage Ii,8.1,Current,Regular,Yes,30.0,2016-12-10,Surgery,6,6,Deceased,High
ONC-07407,39,Male,Prostate,Stage I,6.5,Current,Heavy,No,26.0,2024-12-28,Palliative Care,6,26,Deceased,Medium
ONC-05731,29,Other,Pancreatic,Stage I,13.9,Current,Regular,Yes,17.2,2020-07-10,Immunotherapy,3,0,Deceased,Low
ONC-04731,53,Female,Lung,Stage Iii,2.0,Never,Occasional,No,26.7,2019-12-01,Palliative Care,7,41,Deceased,Critical
ONC-04260,77,Other,Breast,Stage Iii,0.9,Former,Regular,No,23.1,2021-07-22,Surgery,5,29,Deceased,Not Recorded
ONC-01115,45,Other,Breast,Stage Iv,8.2,Never,Regular,Yes,26.6,2021-05-31,Immunotherapy,9,42,Alive,Low
ONC-00927,88,Other,Prostate,Stage Iii,2.4,Former,Regular,Yes,22.1,2020-07-14,Immunotherapy,10,17,Deceased,Critical
ONC-04616,53,Other,Ovarian,Stage Iv,5.4,Never,Regular,Yes,33.2,2023-04-01,Palliative Care,3,18,Deceased,Medium
ONC-00336,62,Male,Liver,Stage I,0.6,Never,Regular,No,20.3,2017-12-21,Palliative Care,11,61,Alive,Low
ONC-07464,39,Other,Prostate,Stage Iii,1.0,Never,Occasional,Yes,31.1,2020-04-21,Immunotherapy,9,18,Not Recorded,High
ONC-04922,62,Other,Liver,Stage Ii,6.9,Never,Regular,Yes,28.0,2017-02-17,Immunotherapy,7,36,Deceased,Low
ONC-03079,69,Female,Prostate,Stage Iv,2.4,Former,Regular,No,22.7,2019-07-02,Radiation Therapy,6,0,Alive,Medium
ONC-03762,73,Male,Colorectal,Stage Iv,2.0,Never,Regular,Yes,26.7,Unknown,Radiation Therapy,4,10,Alive,Critical
ONC-02094,51,Other,Breast,Stage I,0.6,Never,Occasional,Yes,19.6,2016-05-07,Surgery,9,3,Alive,Low
ONC-04572,51,Male,Lung,Stage Iii,1.8,Never,Occasional,No,26.0,2017-04-21,Palliative Care,2,25,Alive,Not Recorded
ONC-02607,54,Other,Prostate,Stage Iii,6.9,Never,Heavy,Yes,26.6,2024-06-20,Radiation Therapy,5,12,Alive,High
ONC-06592,58,Female,Prostate,Stage I,2.4,Never,Occasional,No,32.4,2023-03-15,Immunotherapy,6,5,Alive,Medium
ONC-04125,81,Other,Ovarian,Stage I,1.2,Never,Regular,Yes,26.0,2019-08-29,Immunotherapy,11,16,Deceased,Medium
ONC-06611,58,Other,Skin (Melanoma),Stage I,5.9,Never,Occasional,No,26.8,2024-12-24,Combination Therapy,4,14,Alive,Medium
ONC-00992,54,Male,Pancreatic,Stage Iii,10.3,Never,Regular,No,27.4,2022-03-12,Palliative Care,6,7,Deceased,Low
ONC-02570,75,Male,Brain,Stage I,1.2,Never,Regular,Yes,27.4,2023-01-14,Palliative Care,10,40,Deceased,Low
ONC-06493,57,Other,Lung,Stage Iii,3.2,Former,Occasional,No,28.5,2019-07-17,Palliative Care,1,16,Alive,Medium
ONC-05541,48,Other,Breast,Stage Iv,1.2,Current,Occasional,No,25.1,2022-12-06,Palliative Care,8,38,Alive,High
ONC-01034,72,Male,Colorectal,Stage Iii,3.8,Never,Regular,Yes,30.7,2022-05-29,Palliative Care,5,36,Alive,Not Recorded
ONC-05616,56,Other,Liver,Stage Ii,2.0,Never,Occasional,No,21.0,2016-04-04,Combination Therapy,6,72,Alive,Not Recorded
ONC-04102,58,Female,Brain,Stage Ii,0.9,Never,Heavy,No,27.4,2023-01-27,Palliative Care,5,18,Alive,Medium
ONC-06045,58,Male,Skin (Melanoma),Stage Iv,1.7,Former,Heavy,No,33.9,2021-05-04,Palliative Care,5,1,Deceased,Critical
ONC-00576,69,Male,Ovarian,Stage Ii,1.6,Current,Regular,No,30.9,2015-10-05,Combination Therapy,6,0,Alive,Medium
ONC-04970,36,Other,Prostate,Stage Ii,6.9,Never,Regular,No,31.5,2020-05-17,Chemotherapy,5,7,Alive,Not Recorded
ONC-01781,46,Female,Brain,Stage I,2.3,Never,Regular,No,25.9,2019-02-15,Combination Therapy,6,10,Deceased,High
ONC-01776,70,Male,Brain,Stage Ii,6.9,Never,Occasional,No,26.1,2017-06-06,Chemotherapy,7,62,Alive,Low
ONC-00073,42,Other,Colorectal,Stage Iii,11.4,Former,Regular,No,28.6,2023-05-14,Combination Therapy,5,12,Alive,High
ONC-01653,55,Female,Prostate,Stage I,8.0,Former,Heavy,No,25.8,2020-03-25,Palliative Care,4,12,Not Recorded,High
ONC-05432,41,Other,Pancreatic,Stage Iii,2.4,Never,Regular,Yes,21.6,2023-03-04,Combination Therapy,5,14,Alive,Medium
ONC-05044,63,Female,Colorectal,Stage I,0.4,Current,Occasional,Yes,26.0,2020-04-28,Chemotherapy,7,11,Deceased,Not Recorded
ONC-06775,43,Female,Brain,Stage Iv,1.8,Current,Regular,No,28.2,2022-08-19,Chemotherapy,6,2,Deceased,High
ONC-03365,76,Other,Skin (Melanoma),Stage Iv,1.9,Never,Regular,No,20.7,2024-12-08,Radiation Therapy,3,9,Alive,High
ONC-07165,68,Male,Liver,Stage I,1.8,Never,Regular,No,27.7,2017-07-11,Chemotherapy,6,22,Alive,Low
ONC-03408,44,Male,Prostate,Stage Ii,1.6,Never,Occasional,No,24.2,2022-02-16,Radiation Therapy,3,16,Alive,Not Recorded
ONC-03229,70,Female,Prostate,Stage Iv,2.4,Never,Heavy,Yes,27.5,2016-08-18,Radiation Therapy,6,19,Alive,Critical
ONC-04186,52,Female,Prostate,Stage Iv,9.8,Former,Occasional,No,26.2,2016-11-02,Surgery,6,61,Not Recorded,High
ONC-04669,71,Other,Prostate,Stage Iv,8.2,Never,Occasional,No,32.1,2024-04-17,Immunotherapy,10,5,Deceased,High
ONC-03214,49,Male,Skin (Melanoma),Stage I,8.6,Current,Regular,Yes,30.6,2015-07-23,Palliative Care,5,4,Alive,Low
ONC-05253,39,Other,Breast,Stage Iv,0.9,Never,Regular,No,30.7,2022-11-29,Combination Therapy,6,12,Alive,Low
ONC-06399,66,Female,Liver,Stage Iv,2.4,Never,Regular,Yes,30.7,2015-09-05,Combination Therapy,6,2,Not Recorded,Critical
ONC-06429,73,Other,Lung,Stage Ii,0.9,Never,Regular,No,24.8,2023-07-04,Immunotherapy,5,3,Alive,High
ONC-07019,49,Other,Ovarian,Stage Ii,4.1,Current,Heavy,No,19.6,Unknown,Surgery,5,13,Deceased,High
ONC-06449,58,Male,Blood (Leukemia),Stage Iii,4.1,Former,Occasional,No,25.2,2017-05-13,Palliative Care,5,12,Alive,Medium
ONC-00852,57,Male,Brain,Stage Iii,0.1,Current,Regular,No,24.3,2021-12-09,Combination Therapy,6,11,Alive,High
ONC-01005,58,Other,Skin (Melanoma),Stage Iv,6.2,Current,Heavy,Yes,12.0,2018-09-11,Palliative Care,3,40,Alive,Low
ONC-03974,60,Female,Ovarian,Stage Ii,8.5,Current,Regular,Yes,26.0,2018-09-06,Radiation Therapy,7,31,Deceased,Medium
ONC-02933,84,Male,Blood (Leukemia),Stage Iv,3.1,Never,Occasional,No,18.2,2016-11-19,Combination Therapy,4,0,Alive,Critical
ONC-02898,47,Other,Breast,Stage Iv,2.4,Never,Occasional,Yes,24.0,2021-08-28,Combination Therapy,2,48,Alive,Not Recorded
ONC-04263,31,Other,Pancreatic,Stage Iv,5.3,Never,Occasional,No,30.1,2018-12-31,Immunotherapy,6,11,Alive,Critical
ONC-05670,62,Female,Lung,Stage I,2.6,Current,Regular,No,19.1,Unknown,Chemotherapy,9,17,Not Recorded,Low
ONC-01456,54,Male,Colorectal,Stage Ii,0.4,Never,Regular,No,38.4,2017-09-25,Surgery,6,9,Deceased,Medium
ONC-02447,51,Female,Colorectal,Stage I,4.0,Former,Regular,No,21.5,2020-02-27,Chemotherapy,5,31,Alive,Low
ONC-06328,60,Other,Liver,Stage Ii,2.1,Never,Heavy,No,30.4,2023-06-07,Chemotherapy,6,6,Alive,Medium
ONC-04191,46,Male,Ovarian,Stage Iv,0.5,Current,Regular,No,23.8,2020-10-20,Combination Therapy,6,5,Alive,Critical
ONC-02883,63,Other,Liver,Stage Ii,2.4,Never,Regular,No,26.0,2017-03-29,Chemotherapy,7,7,Alive,Medium
ONC-05559,66,Male,Blood (Leukemia),Stage Ii,1.8,Current,Regular,No,23.4,2017-08-25,Chemotherapy,6,9,Alive,High
ONC-06226,67,Other,Brain,Stage Iii,0.8,Never,Regular,Yes,29.2,2016-04-28,Palliative Care,4,31,Alive,Medium
ONC-01743,64,Male,Skin (Melanoma),Stage Iv,1.9,Never,Heavy,No,33.4,2015-02-01,Palliative Care,10,12,Alive,High
ONC-05779,71,Male,Colorectal,Stage I,6.5,Never,Regular,Yes,12.0,2019-01-17,Chemotherapy,6,50,Alive,Medium
ONC-00513,49,Male,Brain,Stage Iv,0.2,Never,Occasional,No,30.2,Unknown,Radiation Therapy,8,1,Not Recorded,Critical
ONC-00104,30,Male,Breast,Stage I,3.4,Former,Regular,No,30.8,2019-10-31,Chemotherapy,6,12,Alive,Low
ONC-04348,53,Other,Skin (Melanoma),Stage Iv,1.6,Never,Regular,Yes,24.5,2015-11-22,Palliative Care,4,1,Deceased,High
ONC-07398,67,Other,Blood (Leukemia),Stage I,9.0,Former,Regular,No,27.2,2020-10-01,Chemotherapy,6,5,Alive,Low
ONC-06215,48,Other,Lung,Stage I,2.3,Never,Regular,Yes,22.3,2015-11-15,Surgery,7,4,Alive,Low
ONC-03521,58,Female,Blood (Leukemia),Stage Ii,2.6,Former,Regular,No,32.7,2019-02-16,Surgery,4,13,Alive,Medium
ONC-03761,50,Male,Colorectal,Stage Iv,2.7,Never,Regular,No,27.8,2022-12-12,Palliative Care,6,6,Alive,High
ONC-04293,44,Female,Blood (Leukemia),Stage Iii,1.5,Current,Regular,Yes,21.8,2022-06-24,Immunotherapy,5,12,Deceased,High
ONC-03171,43,Other,Brain,Stage Iv,3.8,Never,Regular,No,31.7,2018-10-01,Immunotherapy,9,14,Alive,Medium
ONC-02442,58,Male,Prostate,Stage Iv,17.4,Former,Heavy,No,20.3,2019-06-28,Surgery,4,76,Deceased,High
ONC-00744,58,Male,Prostate,Stage I,1.7,Never,Heavy,No,17.9,2017-01-03,Palliative Care,4,10,Alive,Low
ONC-01924,46,Female,Pancreatic,Stage Iii,0.9,Never,Regular,Yes,21.7,2017-08-13,Chemotherapy,4,19,Deceased,Critical
ONC-01747,41,Female,Prostate,Stage Ii,3.4,Current,Heavy,Yes,21.0,2024-10-22,Combination Therapy,12,2,Not Recorded,Medium
ONC-02760,49,Male,Brain,Stage Iv,1.4,Never,Regular,Yes,26.9,2017-01-22,Palliative Care,8,8,Not Recorded,Medium
ONC-04491,72,Other,Ovarian,Stage I,2.4,Former,Regular,Yes,14.2,2024-09-22,Immunotherapy,8,32,Alive,Not Recorded
ONC-05032,46,Male,Colorectal,Stage Iv,3.4,Never,Occasional,No,26.0,2019-04-14,Palliative Care,3,2,Alive,Low
ONC-04319,62,Male,Liver,Stage Iv,3.2,Never,Regular,No,26.2,2015-06-10,Palliative Care,6,19,Alive,Medium
ONC-06314,60,Other,Skin (Melanoma),Stage I,9.5,Former,Regular,No,27.6,Unknown,Palliative Care,9,19,Alive,Medium
ONC-01719,73,Other,Skin (Melanoma),Stage Ii,0.3,Current,Regular,Yes,18.5,2016-06-26,Palliative Care,3,17,Not Recorded,Medium
ONC-06871,61,Other,Blood (Leukemia),Stage Iv,1.3,Never,Regular,No,37.5,2024-11-26,Combination Therapy,7,21,Alive,High
ONC-06817,50,Other,Ovarian,Stage Iv,0.8,Current,Regular,No,34.4,2021-04-25,Radiation Therapy,6,19,Alive,High
ONC-01336,64,Female,Prostate,Stage Ii,0.9,Former,Regular,No,26.0,2022-09-23,Combination Therapy,0,1,Alive,Medium
ONC-04599,67,Female,Prostate,Stage Iv,0.8,Current,Regular,No,29.7,2024-05-10,Radiation Therapy,6,36,Deceased,Critical
ONC-06960,54,Other,Skin (Melanoma),Stage Iv,14.0,Never,Regular,No,25.3,2023-01-22,Combination Therapy,3,34,Alive,Critical
ONC-02315,43,Other,Breast,Stage Ii,1.3,Current,Regular,No,28.2,2018-01-28,Immunotherapy,4,21,Not Recorded,Low
ONC-04996,65,Other,Prostate,Stage I,8.5,Former,Regular,No,29.7,2019-06-01,Palliative Care,7,39,Alive,Low
ONC-05967,91,Other,Skin (Melanoma),Stage Iv,1.2,Never,Regular,No,23.5,2023-08-14,Combination Therapy,6,20,Alive,High
ONC-00767,99,Other,Lung,Stage Iv,2.9,Never,Occasional,Yes,25.4,Unknown,Palliative Care,6,22,Alive,Critical
ONC-07253,70,Other,Lung,Stage Ii,2.7,Former,Regular,No,36.1,2024-11-12,Palliative Care,5,26,Alive,Low
ONC-01718,45,Other,Lung,Stage Iv,5.0,Former,Regular,Yes,24.9,2019-07-20,Combination Therapy,7,8,Alive,Not Recorded
ONC-04812,78,Other,Ovarian,Stage I,9.0,Never,Regular,No,29.5,2024-04-09,Combination Therapy,6,0,Alive,Low
ONC-01881,45,Other,Prostate,Stage Ii,0.8,Current,Occasional,Yes,18.7,2016-09-03,Surgery,6,63,Deceased,Medium
ONC-04603,34,Male,Prostate,Stage Iv,1.7,Former,Occasional,No,26.5,2024-08-09,Chemotherapy,4,12,Alive,Medium
ONC-02546,58,Other,Prostate,Stage Ii,13.5,Current,Occasional,No,26.1,2015-06-20,Surgery,5,13,Alive,High
ONC-04353,58,Other,Breast,Stage Iv,0.1,Current,Regular,Yes,27.3,2016-01-17,Surgery,4,32,Deceased,Critical
ONC-00916,67,Male,Ovarian,Stage Iii,0.2,Current,Regular,Yes,36.4,Unknown,Radiation Therapy,6,24,Alive,Medium
ONC-01875,44,Other,Liver,Stage Iii,0.8,Never,Regular,Yes,25.7,2021-03-15,Palliative Care,10,33,Alive,High
ONC-00597,57,Other,Brain,Stage Iv,0.4,Current,Regular,Yes,26.6,2016-01-17,Radiation Therapy,2,13,Not Recorded,Critical
ONC-02236,93,Male,Prostate,Stage I,3.3,Former,Occasional,Yes,29.3,2016-01-10,Palliative Care,5,23,Not Recorded,Low
ONC-05703,70,Female,Prostate,Stage Iv,2.0,Current,Regular,Yes,22.0,2021-10-21,Chemotherapy,10,45,Alive,Medium
ONC-05142,58,Male,Breast,Stage Ii,3.1,Former,Regular,No,21.2,2016-09-21,Chemotherapy,6,21,Alive,High
ONC-06856,54,Female,Prostate,Stage I,5.7,Current,Regular,No,24.5,2024-06-22,Combination Therapy,7,111,Alive,Low
ONC-06375,62,Other,Skin (Melanoma),Stage Iv,15.5,Former,Regular,Yes,27.5,2024-09-01,Chemotherapy,6,13,Not Recorded,Medium
ONC-03184,43,Other,Prostate,Stage Ii,5.2,Current,Regular,No,24.1,2023-12-26,Radiation Therapy,3,4,Not Recorded,Low
ONC-07347,72,Other,Colorectal,Stage Iii,3.2,Current,Regular,Yes,23.4,2020-12-28,Chemotherapy,7,12,Alive,Low
ONC-01483,61,Male,Prostate,Stage Iii,13.4,Never,Regular,No,26.3,2017-01-30,Chemotherapy,10,12,Deceased,High
ONC-07482,64,Male,Liver,Stage Iv,0.7,Never,Regular,No,16.9,2024-05-11,Palliative Care,4,13,Alive,Critical
ONC-03022,49,Female,Skin (Melanoma),Stage Iv,3.5,Current,Regular,Yes,37.3,2015-07-14,Combination Therapy,9,20,Deceased,Low
ONC-02533,48,Other,Brain,Stage I,2.4,Current,Regular,Yes,30.7,Unknown,Surgery,2,27,Not Recorded,Low
ONC-06818,72,Other,Skin (Melanoma),Stage Iii,2.4,Current,Heavy,No,26.0,2019-01-16,Radiation Therapy,6,18,Alive,Critical
ONC-04857,58,Other,Pancreatic,Stage Iii,0.1,Never,Regular,No,19.2,2021-11-07,Chemotherapy,6,39,Alive,High
ONC-02826,49,Female,Brain,Stage I,0.7,Never,Regular,Yes,34.4,2015-10-11,Immunotherapy,6,1,Deceased,Low
ONC-04201,81,Male,Brain,Stage Iii,1.8,Former,Heavy,Yes,31.3,Unknown,Palliative Care,7,43,Alive,Low
ONC-07340,58,Female,Ovarian,Stage Iii,2.1,Never,Heavy,Yes,30.0,Unknown,Palliative Care,8,1,Alive,Medium
ONC-05231,49,Other,Blood (Leukemia),Stage I,4.0,Former,Regular,No,24.7,2017-04-07,Combination Therapy,3,4,Deceased,Medium
ONC-00596,67,Male,Brain,Stage Iii,9.8,Never,Regular,No,27.9,2016-12-31,Chemotherapy,7,29,Alive,Medium
ONC-04215,44,Male,Blood (Leukemia),Stage I,0.1,Never,Regular,No,27.0,2020-05-05,Chemotherapy,6,5,Not Recorded,Medium
ONC-03819,57,Male,Prostate,Stage I,2.4,Current,Regular,Yes,32.6,2020-01-19,Radiation Therapy,5,12,Deceased,High
ONC-01059,64,Other,Lung,Stage Iv,3.4,Never,Regular,No,33.4,2019-01-03,Surgery,4,0,Alive,High
ONC-07178,57,Other,Blood (Leukemia),Stage Iv,2.4,Former,Occasional,No,17.6,2015-07-18,Palliative Care,10,3,Alive,High
ONC-06404,32,Other,Ovarian,Stage Ii,0.1,Current,Regular,Yes,31.6,2020-03-07,Radiation Therapy,10,0,Alive,High
ONC-02730,38,Female,Prostate,Stage Ii,3.3,Current,Regular,Yes,24.0,Unknown,Radiation Therapy,7,91,Alive,Medium
ONC-06339,48,Other,Colorectal,Stage Iii,2.4,Current,Regular,No,33.2,2019-11-15,Immunotherapy,8,6,Alive,High
ONC-00208,68,Other,Brain,Stage Ii,3.3,Never,Occasional,No,27.2,2016-08-28,Palliative Care,5,37,Alive,Medium
ONC-02811,40,Male,Colorectal,Stage I,0.2,Never,Occasional,No,30.7,Unknown,Palliative Care,2,19,Deceased,Medium
ONC-02686,58,Male,Brain,Stage Iv,0.8,Former,Heavy,No,26.8,2017-06-16,Chemotherapy,4,24,Alive,Not Recorded
ONC-04914,72,Female,Blood (Leukemia),Stage Iv,1.9,Current,Regular,No,30.2,2016-05-24,Surgery,6,6,Alive,Critical
ONC-02890,43,Female,Ovarian,Stage I,1.7,Never,Regular,Yes,17.0,Unknown,Chemotherapy,7,12,Alive,Low
ONC-05527,54,Male,Skin (Melanoma),Stage Iv,1.3,Current,Occasional,No,19.3,2019-10-06,Surgery,6,29,Alive,Low
ONC-05823,89,Male,Blood (Leukemia),Stage Ii,3.7,Former,Regular,No,12.0,2016-12-17,Combination Therapy,5,12,Alive,Medium
ONC-00205,58,Male,Blood (Leukemia),Stage Iv,3.3,Never,Occasional,No,28.5,2021-11-16,Radiation Therapy,3,6,Alive,Critical
ONC-06538,79,Other,Blood (Leukemia),Stage I,0.7,Current,Regular,Yes,30.0,Unknown,Surgery,5,3,Deceased,Low
ONC-06860,57,Male,Breast,Stage I,1.6,Never,Regular,No,23.2,2020-01-15,Immunotherapy,9,3,Alive,Low
ONC-06188,73,Other,Breast,Stage Iv,2.0,Former,Regular,No,28.1,2016-11-27,Palliative Care,9,39,Deceased,Low
ONC-05217,48,Other,Prostate,Stage Iv,0.2,Never,Regular,Yes,25.2,2022-07-21,Chemotherapy,10,35,Alive,Critical
ONC-00592,74,Male,Pancreatic,Stage Iv,2.3,Never,Regular,Yes,27.1,2021-12-25,Radiation Therapy,6,93,Alive,High
ONC-02226,63,Male,Ovarian,Stage Iii,1.6,Never,Regular,No,29.8,Unknown,Combination Therapy,6,3,Alive,High
ONC-04479,45,Other,Liver,Stage Iv,2.4,Current,Regular,No,20.7,2017-07-30,Immunotherapy,5,8,Alive,Critical
ONC-06067,28,Other,Pancreatic,Stage I,0.7,Never,Regular,Yes,29.7,2020-12-27,Chemotherapy,6,12,Deceased,Low
ONC-05578,61,Male,Liver,Stage Ii,1.8,Never,Regular,No,34.6,2021-01-04,Chemotherapy,8,26,Alive,High
ONC-02130,51,Female,Breast,Stage Iv,3.4,Former,Regular,No,23.9,Unknown,Radiation Therapy,4,14,Alive,High
ONC-02623,58,Other,Prostate,Stage I,1.0,Current,Regular,No,23.3,2023-04-12,Surgery,5,6,Alive,High
ONC-01245,58,Female,Prostate,Stage Iv,0.4,Former,Occasional,Yes,30.8,2015-06-21,Palliative Care,7,1,Deceased,High
ONC-04172,53,Other,Blood (Leukemia),Stage I,4.2,Never,Regular,No,29.8,2019-07-08,Palliative Care,7,27,Alive,Medium
ONC-05289,58,Female,Lung,Stage I,3.8,Current,Occasional,Yes,27.0,2015-09-29,Combination Therapy,2,20,Alive,Not Recorded
ONC-05185,74,Male,Colorectal,Stage Iv,6.2,Current,Regular,No,28.8,2023-11-30,Surgery,7,12,Alive,Medium
ONC-06360,71,Other,Prostate,Stage Ii,2.4,Former,Regular,Yes,30.2,2016-07-06,Combination Therapy,6,31,Alive,High
ONC-07227,61,Other,Lung,Stage I,8.6,Never,Regular,Yes,22.4,2017-05-22,Surgery,9,12,Alive,Medium
ONC-02196,55,Male,Prostate,Stage Iii,3.7,Former,Heavy,Yes,30.1,2016-01-04,Palliative Care,6,0,Deceased,High
ONC-07480,55,Other,Skin (Melanoma),Stage Ii,3.5,Never,Heavy,No,29.6,2019-05-28,Chemotherapy,6,70,Alive,Critical
ONC-01856,65,Male,Colorectal,Stage Iv,2.6,Former,Heavy,No,29.7,2015-08-28,Radiation Therapy,9,23,Deceased,High
ONC-05833,67,Female,Brain,Stage Iv,5.1,Never,Heavy,Yes,27.8,2023-01-07,Surgery,6,5,Alive,High
ONC-00212,58,Male,Skin (Melanoma),Stage Iv,0.6,Former,Regular,Yes,29.9,2018-05-04,Radiation Therapy,6,0,Deceased,High
ONC-03148,68,Male,Lung,Stage Ii,1.3,Former,Regular,Yes,26.0,2023-10-23,Immunotherapy,8,3,Deceased,Medium
ONC-06589,45,Female,Liver,Stage Ii,1.2,Never,Occasional,No,26.8,2023-03-28,Immunotherapy,4,12,Alive,High
ONC-00537,68,Female,Liver,Stage Iv,2.8,Never,Heavy,No,25.0,Unknown,Radiation Therapy,6,5,Alive,High
ONC-04556,59,Male,Prostate,Stage Ii,4.8,Never,Regular,No,24.4,2018-09-06,Chemotherapy,7,7,Alive,Medium
ONC-00832,35,Female,Breast,Stage I,2.6,Former,Occasional,No,29.2,2015-09-09,Palliative Care,11,13,Deceased,Low
ONC-02035,67,Other,Liver,Stage I,2.5,Former,Occasional,Yes,20.3,Unknown,Radiation Therapy,11,4,Deceased,Low
ONC-02009,39,Male,Skin (Melanoma),Stage Iii,2.4,Never,Regular,No,27.8,2019-03-08,Palliative Care,6,8,Deceased,Medium
ONC-01280,57,Other,Prostate,Stage Ii,7.7,Former,Heavy,Yes,33.7,2018-04-30,Surgery,7,7,Not Recorded,Medium
ONC-04846,50,Male,Liver,Stage Ii,0.6,Current,Regular,No,26.0,2015-10-28,Chemotherapy,5,3,Alive,Medium
ONC-01052,52,Male,Prostate,Stage Iii,2.4,Never,Heavy,Yes,29.7,2015-10-12,Chemotherapy,6,6,Alive,Low
ONC-02462,55,Other,Prostate,Stage I,1.9,Former,Regular,Yes,27.3,2022-10-27,Immunotherapy,6,64,Alive,Low
ONC-02706,74,Male,Liver,Stage Iv,2.8,Never,Regular,Yes,31.9,2016-02-29,Immunotherapy,6,54,Alive,Critical
ONC-04518,54,Male,Lung,Stage I,4.4,Current,Regular,No,24.3,2016-10-05,Radiation Therapy,5,40,Deceased,Not Recorded
ONC-00655,76,Male,Breast,Stage Iv,1.2,Former,Regular,No,32.1,2019-12-10,Surgery,2,11,Alive,High
ONC-01855,74,Other,Lung,Stage Iv,0.1,Current,Occasional,No,24.3,2015-01-28,Palliative Care,6,13,Alive,Critical
ONC-04455,58,Male,Pancreatic,Stage Ii,6.5,Current,Regular,No,16.8,2019-07-23,Combination Therapy,6,12,Deceased,Low
ONC-02473,63,Male,Prostate,Stage Iv,6.0,Former,Regular,Yes,24.6,Unknown,Chemotherapy,9,15,Alive,Medium
ONC-07110,66,Other,Prostate,Stage Ii,13.3,Never,Regular,No,19.8,2019-05-27,Combination Therapy,9,21,Alive,Low
ONC-00647,70,Other,Pancreatic,Stage Ii,2.7,Former,Heavy,No,19.6,2016-08-17,Palliative Care,9,51,Not Recorded,Medium
ONC-00704,56,Male,Prostate,Stage Iii,3.2,Current,Regular,Yes,20.6,2017-09-01,Surgery,5,0,Not Recorded,Medium
ONC-04063,81,Female,Prostate,Stage Iii,0.5,Current,Regular,No,24.3,2022-02-12,Radiation Therapy,1,46,Not Recorded,Critical
ONC-03046,63,Female,Pancreatic,Stage I,3.2,Current,Heavy,No,20.6,2024-05-11,Radiation Therapy,6,12,Alive,Medium
ONC-07014,27,Other,Prostate,Stage Ii,1.2,Former,Regular,Yes,27.4,2022-05-24,Radiation Therapy,7,1,Deceased,Low
ONC-03224,50,Other,Skin (Melanoma),Stage I,0.6,Never,Regular,Yes,32.1,2021-05-15,Immunotherapy,7,27,Alive,Low
ONC-02154,57,Other,Brain,Stage Iv,3.4,Current,Regular,No,35.7,2015-05-14,Combination Therapy,6,38,Deceased,Critical
ONC-00121,55,Other,Lung,Stage Iv,2.5,Current,Regular,Yes,31.3,2023-10-28,Radiation Therapy,6,8,Alive,Medium
ONC-07036,56,Other,Blood (Leukemia),Stage Ii,3.9,Former,Regular,No,21.0,2022-06-25,Surgery,6,25,Alive,Low
ONC-07182,58,Male,Pancreatic,Stage Iv,2.8,Current,Regular,Yes,27.1,2024-01-20,Immunotherapy,9,0,Deceased,High
ONC-00850,63,Other,Pancreatic,Stage Iv,4.5,Former,Regular,No,26.8,2019-05-06,Chemotherapy,5,3,Not Recorded,Medium
ONC-00418,61,Other,Brain,Stage I,2.4,Never,Heavy,No,23.2,2022-06-11,Palliative Care,7,9,Alive,Low
ONC-06152,45,Male,Breast,Stage Iv,7.6,Former,Heavy,Yes,27.1,Unknown,Combination Therapy,7,29,Deceased,Critical
ONC-02150,53,Female,Lung,Stage Ii,1.6,Current,Regular,No,25.3,Unknown,Radiation Therapy,2,71,Alive,High
ONC-05092,52,Male,Brain,Stage Iii,0.1,Current,Regular,No,31.7,2018-09-22,Combination Therapy,5,3,Deceased,Critical
ONC-06544,76,Other,Blood (Leukemia),Stage I,0.5,Former,Regular,No,30.7,2019-11-16,Surgery,7,12,Alive,Low
ONC-04736,38,Female,Brain,Stage Ii,2.4,Never,Regular,Yes,27.8,2022-04-06,Immunotherapy,6,20,Alive,Medium
ONC-07489,74,Male,Colorectal,Stage Ii,1.4,Former,Regular,No,21.9,2020-12-27,Surgery,6,10,Not Recorded,Low
ONC-06541,60,Female,Prostate,Stage Iv,8.5,Former,Heavy,No,31.6,Unknown,Palliative Care,7,10,Alive,Critical
ONC-07032,73,Female,Skin (Melanoma),Stage Ii,15.6,Never,Occasional,Yes,32.1,Unknown,Radiation Therapy,6,0,Alive,Medium
ONC-02030,58,Other,Blood (Leukemia),Stage Iv,14.6,Current,Regular,Yes,29.9,2022-06-21,Combination Therapy,9,4,Alive,Low
ONC-00177,50,Other,Prostate,Stage Iv,0.2,Former,Regular,No,25.9,2015-11-20,Immunotherapy,5,42,Alive,High
ONC-01949,43,Other,Brain,Stage I,1.0,Never,Heavy,No,25.1,Unknown,Combination Therapy,6,38,Alive,Low
ONC-01573,63,Female,Prostate,Stage I,6.1,Never,Regular,No,24.1,Unknown,Palliative Care,6,22,Alive,Medium
ONC-06991,81,Female,Prostate,Stage Iii,1.8,Never,Regular,No,26.6,Unknown,Combination Therapy,6,0,Alive,Medium
ONC-06855,58,Other,Skin (Melanoma),Stage I,2.4,Never,Regular,Yes,28.6,2022-03-23,Immunotherapy,5,1,Deceased,Low
ONC-01186,51,Male,Pancreatic,Stage Iii,0.7,Former,Occasional,No,32.4,2022-12-02,Combination Therapy,6,25,Alive,Low
ONC-07177,70,Male,Lung,Stage Iii,3.9,Never,Regular,No,20.7,2019-03-21,Radiation Therapy,6,25,Deceased,Medium
ONC-05557,58,Female,Prostate,Stage Iii,2.1,Never,Occasional,Yes,23.1,2018-01-31,Surgery,8,19,Alive,Medium
ONC-03609,58,Female,Pancreatic,Stage Iv,10.3,Never,Heavy,Yes,16.5,2023-08-09,Palliative Care,2,9,Not Recorded,Critical
ONC-07380,40,Male,Prostate,Stage Iii,3.0,Current,Occasional,No,21.8,Unknown,Chemotherapy,8,7,Alive,High
ONC-00277,45,Female,Skin (Melanoma),Stage Ii,4.8,Never,Heavy,No,25.3,2021-07-12,Immunotherapy,4,44,Not Recorded,Medium
ONC-03016,58,Other,Lung,Stage Iv,7.3,Never,Occasional,Yes,28.6,Unknown,Surgery,8,25,Alive,High
ONC-04252,80,Other,Ovarian,Stage I,5.1,Never,Regular,No,26.0,2016-07-22,Surgery,1,4,Deceased,Low
ONC-01821,53,Other,Breast,Stage Ii,1.0,Former,Regular,No,28.8,2020-04-10,Combination Therapy,6,45,Alive,Medium
ONC-05392,80,Female,Prostate,Stage Ii,0.3,Former,Regular,No,27.1,2018-03-19,Combination Therapy,9,12,Deceased,Low
ONC-05947,55,Other,Ovarian,Stage Ii,4.8,Never,Heavy,Yes,30.9,2020-12-14,Radiation Therapy,8,12,Deceased,High
ONC-02192,29,Male,Breast,Stage I,0.9,Current,Heavy,No,29.0,2022-02-27,Combination Therapy,6,11,Alive,Not Recorded
ONC-00698,41,Male,Liver,Stage Ii,2.4,Never,Occasional,No,24.4,2016-04-03,Palliative Care,8,12,Alive,Low
ONC-02696,58,Other,Prostate,Stage Iv,2.9,Never,Regular,No,25.5,2016-05-16,Radiation Therapy,6,4,Alive,Critical
ONC-02511,58,Other,Brain,Stage Iv,0.7,Current,Regular,No,22.1,2019-07-06,Combination Therapy,5,15,Alive,Medium
ONC-04062,59,Female,Ovarian,Stage Iii,1.4,Current,Regular,No,16.8,Unknown,Palliative Care,3,0,Alive,Critical
ONC-05786,76,Male,Blood (Leukemia),Stage I,0.5,Current,Occasional,No,23.8,2015-08-04,Immunotherapy,6,12,Not Recorded,Medium
ONC-05664,47,Female,Brain,Stage I,0.1,Former,Occasional,No,36.8,2019-11-10,Palliative Care,7,42,Not Recorded,High
ONC-06678,53,Female,Prostate,Stage Iii,3.8,Never,Regular,No,35.6,Unknown,Surgery,11,4,Alive,Critical
ONC-07414,58,Other,Lung,Stage Iv,2.0,Current,Regular,Yes,24.3,2023-01-21,Palliative Care,9,2,Alive,High
ONC-00272,72,Other,Breast,Stage Iv,12.1,Former,Regular,No,19.6,2018-10-03,Palliative Care,3,16,Deceased,High
ONC-04868,31,Other,Blood (Leukemia),Stage I,4.7,Never,Regular,No,29.9,2019-12-21,Chemotherapy,1,3,Alive,Low
ONC-03318,38,Female,Colorectal,Stage I,2.4,Current,Regular,No,35.3,2016-04-27,Combination Therapy,5,1,Alive,Low
ONC-00280,65,Other,Prostate,Stage Iii,9.4,Current,Occasional,No,28.4,2019-03-13,Palliative Care,5,14,Alive,Medium
ONC-03422,58,Other,Liver,Stage Ii,3.6,Never,Heavy,No,26.1,2022-03-24,Palliative Care,9,12,Deceased,Low
ONC-02124,76,Other,Skin (Melanoma),Stage I,1.8,Never,Heavy,No,27.0,Unknown,Combination Therapy,7,17,Not Recorded,High
ONC-01550,77,Male,Skin (Melanoma),Stage I,2.4,Former,Occasional,No,22.1,2024-07-04,Palliative Care,2,15,Alive,Low
ONC-01693,38,Other,Lung,Stage Iii,0.3,Former,Regular,No,20.4,2023-08-16,Combination Therapy,4,12,Alive,High
ONC-05816,46,Other,Lung,Stage Iii,0.2,Former,Occasional,No,32.2,2021-02-19,Radiation Therapy,4,12,Alive,Critical
ONC-02968,58,Other,Breast,Stage Ii,1.6,Never,Regular,No,26.1,2017-05-08,Radiation Therapy,3,12,Alive,Medium
ONC-02391,30,Other,Blood (Leukemia),Stage Iv,1.9,Former,Heavy,No,19.9,2022-12-20,Radiation Therapy,6,4,Alive,High
ONC-03877,58,Male,Liver,Stage Iii,3.4,Former,Regular,No,12.0,2018-05-16,Immunotherapy,3,1,Alive,Critical
ONC-05694,82,Female,Colorectal,Stage Iii,1.8,Never,Occasional,Yes,25.8,Unknown,Immunotherapy,4,36,Alive,Medium
ONC-03507,60,Other,Pancreatic,Stage Iv,0.1,Current,Regular,Yes,22.1,2018-10-27,Chemotherapy,5,4,Alive,Low
ONC-00164,62,Other,Skin (Melanoma),Stage Iv,9.7,Former,Regular,Yes,26.2,2024-02-28,Immunotherapy,5,0,Deceased,Critical
ONC-01381,46,Other,Prostate,Stage I,0.9,Former,Regular,No,24.8,2018-11-03,Palliative Care,6,41,Alive,Medium
ONC-06299,59,Male,Pancreatic,Stage Iii,4.2,Current,Regular,Yes,26.2,2019-06-28,Palliative Care,3,4,Alive,Critical
ONC-00161,62,Female,Pancreatic,Stage Ii,5.2,Former,Regular,No,21.4,2022-08-10,Palliative Care,7,18,Deceased,Medium
ONC-06522,60,Female,Prostate,Stage Iv,0.7,Former,Regular,No,17.4,2023-11-24,Immunotherapy,4,14,Deceased,Critical
ONC-01482,55,Other,Breast,Stage Iii,7.2,Current,Regular,No,25.2,2023-04-14,Combination Therapy,3,50,Alive,Medium
ONC-06025,43,Other,Liver,Stage I,1.4,Former,Regular,Yes,32.9,2016-10-20,Immunotherapy,8,7,Not Recorded,Low
ONC-02565,58,Male,Prostate,Stage Ii,8.4,Current,Occasional,Yes,28.2,2023-01-31,Combination Therapy,4,9,Deceased,Medium
ONC-00782,73,Female,Skin (Melanoma),Stage Ii,1.4,Never,Regular,Yes,19.3,2023-01-22,Palliative Care,6,8,Alive,Low
ONC-05287,42,Other,Ovarian,Stage Iii,8.9,Former,Occasional,Yes,25.6,2015-04-17,Combination Therapy,6,45,Alive,High
ONC-03519,71,Other,Liver,Stage Iii,1.3,Never,Occasional,Yes,22.5,2015-02-11,Combination Therapy,3,6,Deceased,Medium
ONC-02317,76,Male,Blood (Leukemia),Stage I,0.8,Never,Regular,Yes,35.2,2015-03-16,Combination Therapy,2,28,Not Recorded,Medium
ONC-05817,65,Other,Liver,Stage I,8.1,Current,Heavy,No,35.6,2021-10-21,Surgery,6,12,Alive,Medium
ONC-04185,43,Other,Breast,Stage Ii,1.8,Never,Regular,Yes,29.9,2016-10-08,Surgery,3,6,Deceased,High
ONC-03741,73,Other,Colorectal,Stage Ii,6.9,Current,Regular,No,24.1,2016-06-11,Chemotherapy,6,17,Alive,High
ONC-04103,54,Other,Blood (Leukemia),Stage Ii,0.1,Current,Regular,No,24.4,2015-01-19,Radiation Therapy,3,1,Deceased,Medium
ONC-06553,63,Other,Ovarian,Stage Iii,0.4,Former,Regular,Yes,24.4,2022-12-08,Chemotherapy,6,8,Deceased,Critical
ONC-05215,40,Other,Prostate,Stage Iv,4.8,Former,Occasional,Yes,24.3,2015-12-04,Palliative Care,6,7,Deceased,High
ONC-00495,75,Male,Pancreatic,Stage Iv,7.3,Former,Regular,No,24.6,2015-10-04,Immunotherapy,6,12,Alive,Critical
ONC-04985,43,Other,Ovarian,Stage Iv,0.1,Never,Occasional,Yes,21.9,2017-03-21,Chemotherapy,8,37,Deceased,High
ONC-00005,48,Other,Brain,Stage Iii,0.5,Never,Regular,No,35.3,2015-11-19,Combination Therapy,4,12,Alive,Critical
ONC-03824,58,Other,Lung,Stage Iv,4.0,Former,Occasional,Yes,27.7,2016-02-24,Radiation Therapy,9,12,Alive,Low
ONC-03784,69,Female,Pancreatic,Stage Iv,0.8,Former,Heavy,Yes,23.2,2019-03-12,Combination Therapy,7,14,Not Recorded,High
ONC-01050,70,Female,Skin (Melanoma),Stage Ii,0.4,Never,Regular,Yes,21.8,Unknown,Palliative Care,7,6,Alive,Medium
ONC-04667,58,Other,Pancreatic,Stage Ii,3.0,Current,Occasional,Yes,30.6,2021-03-16,Chemotherapy,3,16,Alive,Medium
ONC-02000,47,Other,Brain,Stage Iv,1.4,Former,Regular,Yes,24.7,2021-01-20,Immunotherapy,7,17,Alive,Not Recorded
ONC-01248,51,Other,Prostate,Stage Ii,19.0,Current,Occasional,Yes,33.7,Unknown,Surgery,8,1,Deceased,Low
ONC-03013,57,Female,Blood (Leukemia),Stage Ii,8.5,Former,Regular,No,17.3,2017-05-10,Combination Therapy,9,2,Deceased,Low
ONC-00307,67,Other,Colorectal,Stage Iv,5.0,Never,Regular,Yes,32.6,2020-05-07,Surgery,6,0,Alive,Critical
ONC-05554,65,Female,Ovarian,Stage Ii,2.4,Never,Regular,No,21.1,2021-04-04,Radiation Therapy,6,14,Alive,High
ONC-04219,62,Other,Skin (Melanoma),Stage Iii,19.4,Never,Occasional,Yes,12.0,2017-09-27,Radiation Therapy,6,19,Alive,Medium
ONC-02077,48,Other,Prostate,Stage Iv,0.2,Former,Occasional,No,27.1,2021-05-13,Immunotherapy,7,11,Alive,Critical
ONC-01216,58,Other,Liver,Stage Iv,2.2,Former,Occasional,No,18.9,2020-12-21,Surgery,5,27,Alive,Medium
ONC-03809,48,Female,Brain,Stage Iii,4.5,Former,Regular,Yes,24.1,2019-09-05,Surgery,6,28,Deceased,Critical
ONC-07336,51,Other,Prostate,Stage Ii,6.3,Never,Occasional,No,12.7,2018-10-06,Chemotherapy,2,59,Deceased,Medium
ONC-02652,82,Other,Colorectal,Stage Iii,0.9,Never,Occasional,Yes,32.0,2022-08-17,Palliative Care,3,4,Deceased,Not Recorded
ONC-02860,78,Male,Colorectal,Stage Iv,1.2,Current,Regular,No,33.8,Unknown,Surgery,4,9,Alive,Critical
ONC-06517,58,Male,Blood (Leukemia),Stage Ii,0.1,Former,Regular,Yes,29.6,Unknown,Immunotherapy,5,37,Alive,Medium
ONC-00717,58,Female,Pancreatic,Stage I,3.5,Current,Regular,No,27.3,Unknown,Palliative Care,2,2,Alive,Medium
ONC-03281,49,Other,Colorectal,Stage Iii,3.1,Current,Regular,No,25.5,2024-07-03,Palliative Care,5,11,Alive,Critical
ONC-02948,58,Other,Prostate,Stage Ii,9.4,Former,Occasional,No,21.0,2022-04-19,Surgery,6,12,Alive,Medium
ONC-00098,66,Other,Liver,Stage Iv,2.8,Current,Occasional,No,31.4,2017-08-14,Immunotherapy,5,1,Not Recorded,Critical
ONC-06362,61,Female,Ovarian,Stage I,2.6,Former,Regular,No,25.1,2015-01-25,Palliative Care,6,12,Deceased,Low
ONC-04048,46,Female,Prostate,Stage Ii,3.2,Former,Regular,Yes,30.4,Unknown,Surgery,4,13,Alive,Low
ONC-06181,50,Male,Pancreatic,Stage I,0.9,Never,Heavy,Yes,23.2,2020-03-16,Palliative Care,5,1,Not Recorded,Medium
ONC-04782,25,Other,Lung,Stage Iv,0.2,Current,Heavy,Yes,33.3,2022-02-05,Radiation Therapy,6,19,Alive,Critical
ONC-00637,63,Other,Ovarian,Stage Iii,2.0,Current,Regular,Yes,30.3,2015-06-05,Combination Therapy,4,30,Alive,Not Recorded
ONC-07394,55,Other,Breast,Stage I,0.4,Current,Regular,No,28.2,2023-02-11,Palliative Care,6,17,Alive,Low
ONC-05945,68,Male,Lung,Stage Ii,0.2,Never,Heavy,No,26.0,Unknown,Immunotherapy,4,1,Alive,Medium
ONC-04096,64,Male,Prostate,Stage I,1.8,Former,Regular,Yes,28.8,2019-03-04,Palliative Care,8,19,Not Recorded,Low
ONC-06307,39,Female,Breast,Stage I,2.4,Current,Regular,No,18.8,2022-10-11,Immunotherapy,8,13,Alive,Low
ONC-04508,46,Male,Skin (Melanoma),Stage I,0.5,Never,Regular,Yes,28.9,2015-09-19,Immunotherapy,6,7,Alive,High
ONC-01239,77,Other,Lung,Stage Iv,2.7,Current,Heavy,Yes,21.1,2016-06-01,Palliative Care,6,11,Deceased,High
ONC-07387,85,Male,Pancreatic,Stage Iv,0.6,Never,Regular,No,23.4,2024-01-31,Surgery,2,25,Deceased,High
ONC-00641,52,Other,Breast,Stage Iii,0.4,Former,Regular,No,29.6,2021-06-26,Chemotherapy,6,25,Alive,High
ONC-06644,44,Other,Breast,Stage Ii,0.5,Former,Regular,No,33.7,2016-11-04,Combination Therapy,5,34,Alive,Not Recorded
ONC-06216,64,Female,Lung,Stage Iv,2.7,Former,Regular,Yes,28.0,2024-03-15,Radiation Therapy,6,40,Alive,High
ONC-05711,35,Other,Brain,Stage I,6.5,Current,Occasional,No,20.4,2022-02-28,Palliative Care,3,1,Alive,High
ONC-05676,61,Female,Skin (Melanoma),Stage I,2.3,Former,Regular,Yes,30.4,2020-08-15,Palliative Care,6,35,Alive,Medium
ONC-04615,53,Other,Breast,Stage Iv,0.1,Former,Regular,Yes,25.7,2020-04-28,Immunotherapy,3,28,Not Recorded,High
ONC-05531,61,Male,Ovarian,Stage Iii,10.9,Never,Heavy,No,23.0,Unknown,Surgery,6,11,Alive,High
ONC-01938,79,Other,Ovarian,Stage Ii,8.9,Former,Regular,No,28.1,2020-01-30,Combination Therapy,6,25,Alive,Medium
ONC-06603,55,Female,Colorectal,Stage Iv,0.8,Never,Regular,Yes,26.4,2017-11-17,Surgery,5,0,Alive,Low
ONC-04476,68,Other,Prostate,Stage Iv,0.8,Never,Regular,No,31.2,2021-01-10,Immunotherapy,5,32,Alive,Critical
ONC-02134,75,Other,Liver,Stage Ii,5.8,Never,Heavy,Yes,32.7,2015-06-04,Combination Therapy,11,12,Deceased,Not Recorded
ONC-01945,68,Male,Blood (Leukemia),Stage Ii,3.2,Former,Regular,No,24.2,2019-06-29,Radiation Therapy,8,10,Not Recorded,Critical
ONC-03823,65,Female,Brain,Stage Iv,2.4,Never,Occasional,Yes,18.7,2021-04-11,Palliative Care,6,66,Alive,Critical
ONC-02261,58,Female,Breast,Stage Ii,2.8,Former,Regular,No,26.6,2018-07-16,Chemotherapy,7,12,Alive,High
ONC-06125,51,Female,Colorectal,Stage I,3.3,Never,Regular,Yes,29.4,Unknown,Chemotherapy,4,15,Deceased,Medium
ONC-07137,35,Male,Ovarian,Stage I,1.5,Never,Occasional,Yes,26.0,2018-01-07,Palliative Care,3,12,Alive,Low
ONC-00300,85,Other,Liver,Stage Iv,2.4,Former,Heavy,No,26.0,2020-01-26,Surgery,6,4,Alive,Medium
ONC-01616,54,Other,Prostate,Stage Iv,1.4,Former,Regular,No,18.5,2018-06-16,Immunotherapy,9,22,Alive,High
ONC-04160,45,Female,Prostate,Stage Iv,2.0,Former,Occasional,No,17.2,2020-07-01,Immunotherapy,0,12,Alive,High
ONC-00370,67,Female,Breast,Stage Ii,3.5,Never,Occasional,Yes,20.3,Unknown,Chemotherapy,4,16,Not Recorded,Low
ONC-03113,73,Other,Ovarian,Stage Iv,1.3,Former,Regular,No,28.1,2024-02-16,Combination Therapy,5,2,Alive,Critical
ONC-07426,81,Male,Blood (Leukemia),Stage Iv,0.7,Former,Regular,No,33.0,2023-07-14,Surgery,7,7,Deceased,Low
ONC-05305,38,Other,Liver,Stage I,0.2,Former,Regular,Yes,26.8,2024-09-10,Radiation Therapy,5,7,Alive,High
ONC-02017,54,Female,Lung,Stage I,6.0,Never,Regular,No,24.6,2017-07-20,Immunotherapy,11,19,Alive,Low
ONC-04480,53,Male,Pancreatic,Stage Iv,0.4,Never,Regular,No,24.2,2016-05-20,Palliative Care,4,4,Deceased,High
ONC-02217,49,Other,Prostate,Stage Iv,13.0,Never,Regular,Yes,30.5,2019-08-11,Immunotherapy,5,21,Alive,High
ONC-04997,52,Female,Prostate,Stage Iv,2.6,Former,Regular,Yes,25.7,2017-05-25,Surgery,9,9,Alive,Low
ONC-04447,89,Other,Skin (Melanoma),Stage Iv,4.3,Current,Occasional,Yes,22.0,2022-01-08,Immunotherapy,6,27,Alive,High
ONC-01448,61,Other,Skin (Melanoma),Stage Ii,16.8,Current,Regular,No,36.8,2023-06-13,Radiation Therapy,4,12,Deceased,Low
ONC-04634,58,Other,Pancreatic,Stage Ii,0.5,Current,Heavy,No,23.0,2021-08-10,Chemotherapy,2,0,Deceased,Medium
ONC-01049,58,Other,Brain,Stage I,8.6,Former,Regular,Yes,29.1,2024-02-28,Immunotherapy,6,61,Alive,Not Recorded
ONC-00780,61,Other,Liver,Stage Iv,4.1,Never,Regular,Yes,26.0,2021-04-06,Palliative Care,3,33,Alive,Critical
ONC-07331,35,Female,Prostate,Stage Ii,1.1,Never,Regular,No,37.6,2016-11-13,Combination Therapy,4,120,Alive,Medium
ONC-03795,58,Other,Pancreatic,Stage Iv,2.4,Never,Heavy,No,31.1,2017-04-14,Surgery,7,114,Deceased,Critical
ONC-07399,68,Other,Skin (Melanoma),Stage Iv,0.6,Current,Regular,Yes,24.1,2023-02-19,Radiation Therapy,2,4,Alive,Low
ONC-01645,30,Other,Prostate,Stage Ii,3.8,Former,Occasional,No,28.0,2020-10-03,Palliative Care,6,18,Alive,Low
ONC-03160,58,Other,Ovarian,Stage Iv,2.2,Current,Regular,Yes,29.2,2024-09-27,Radiation Therapy,7,2,Alive,Critical
ONC-01765,65,Male,Lung,Stage Iv,3.3,Current,Regular,Yes,33.2,2022-10-24,Immunotherapy,6,12,Alive,High
ONC-00196,57,Male,Pancreatic,Stage Iv,1.2,Former,Occasional,No,24.5,2024-08-29,Palliative Care,6,16,Alive,High
ONC-02145,58,Other,Skin (Melanoma),Stage Iii,3.8,Current,Regular,No,28.0,2018-10-11,Immunotherapy,4,6,Deceased,Medium
ONC-02490,63,Male,Ovarian,Stage Iv,0.9,Never,Regular,No,31.5,2024-02-02,Palliative Care,6,36,Deceased,Critical
ONC-00252,58,Female,Pancreatic,Stage Iv,2.4,Never,Occasional,No,23.6,2017-01-23,Combination Therapy,6,2,Deceased,High
ONC-00716,83,Other,Liver,Stage Ii,5.2,Current,Occasional,Yes,26.0,2017-01-31,Palliative Care,7,12,Alive,Medium
ONC-02385,58,Female,Prostate,Stage Iv,3.6,Current,Occasional,Yes,19.5,2020-05-12,Surgery,5,1,Deceased,Low
ONC-03952,73,Other,Prostate,Stage I,0.4,Former,Regular,No,19.0,2017-03-17,Immunotherapy,3,2,Alive,Medium
ONC-03245,58,Male,Ovarian,Stage Iv,1.6,Never,Regular,Yes,28.3,2017-12-11,Radiation Therapy,6,11,Deceased,Critical
ONC-05898,50,Other,Pancreatic,Stage Iii,5.7,Never,Occasional,No,26.3,2022-02-11,Surgery,6,48,Deceased,Low
ONC-03481,58,Female,Liver,Stage I,0.1,Former,Regular,No,24.9,2018-12-07,Radiation Therapy,6,58,Alive,Medium
ONC-02802,50,Female,Liver,Stage Iii,0.1,Never,Heavy,No,28.9,Unknown,Radiation Therapy,7,4,Alive,Not Recorded
ONC-04912,58,Female,Skin (Melanoma),Stage Ii,1.8,Current,Occasional,No,18.7,2017-10-22,Palliative Care,3,2,Alive,Not Recorded
ONC-07167,71,Other,Prostate,Stage I,0.4,Never,Regular,No,21.5,2019-06-27,Radiation Therapy,5,7,Alive,Not Recorded
ONC-04531,60,Female,Blood (Leukemia),Stage Ii,3.1,Former,Regular,No,20.2,2018-08-23,Chemotherapy,4,3,Deceased,Low
ONC-02371,38,Female,Brain,Stage Ii,4.9,Current,Regular,No,24.2,2015-04-07,Surgery,2,29,Alive,Low
ONC-02920,65,Female,Skin (Melanoma),Stage Iv,10.4,Former,Regular,No,21.3,2016-12-21,Immunotherapy,6,8,Alive,Critical
ONC-06874,58,Female,Prostate,Stage Ii,0.2,Current,Regular,No,26.2,2020-01-16,Surgery,7,14,Alive,Medium
ONC-06527,64,Other,Blood (Leukemia),Stage Ii,0.1,Current,Regular,Yes,26.0,2018-06-23,Combination Therapy,2,2,Deceased,High
ONC-05293,44,Male,Breast,Stage Ii,3.5,Never,Occasional,No,33.3,2015-05-16,Surgery,4,10,Alive,Not Recorded
ONC-01290,64,Other,Breast,Stage Ii,0.1,Former,Heavy,No,35.8,2018-05-24,Combination Therapy,8,1,Not Recorded,Medium
ONC-01572,70,Other,Prostate,Stage Iv,2.4,Former,Occasional,Yes,32.1,2021-11-29,Surgery,5,12,Deceased,High
ONC-00619,39,Male,Pancreatic,Stage Iii,3.1,Current,Regular,No,30.8,2021-05-14,Palliative Care,9,15,Alive,Medium
ONC-02206,45,Other,Prostate,Stage Ii,3.1,Current,Occasional,Yes,26.0,2022-07-19,Combination Therapy,9,20,Deceased,Not Recorded
ONC-02351,52,Male,Prostate,Stage Iv,1.8,Former,Regular,Yes,21.9,2015-06-29,Chemotherapy,3,50,Alive,High
ONC-01918,68,Female,Prostate,Stage Iv,0.3,Former,Regular,Yes,29.7,2023-12-01,Surgery,6,4,Alive,High
ONC-00273,60,Other,Brain,Stage Ii,3.4,Current,Occasional,No,21.9,2018-07-10,Chemotherapy,6,18,Deceased,Medium
ONC-02280,60,Other,Brain,Stage I,3.6,Never,Regular,No,15.4,2023-08-01,Radiation Therapy,10,14,Deceased,Low
ONC-05191,56,Other,Prostate,Stage I,1.3,Never,Regular,Yes,27.8,Unknown,Radiation Therapy,9,9,Alive,Low
ONC-02523,67,Female,Ovarian,Stage Iii,8.1,Former,Regular,Yes,25.7,2018-08-07,Immunotherapy,6,21,Alive,High
ONC-04650,62,Other,Blood (Leukemia),Stage Ii,0.3,Never,Regular,No,29.1,2015-08-27,Palliative Care,7,12,Alive,High
ONC-01353,36,Other,Liver,Stage Iv,2.3,Never,Occasional,Yes,26.0,2021-11-02,Combination Therapy,3,12,Alive,High
ONC-00934,67,Female,Breast,Stage I,8.5,Former,Regular,Yes,20.4,2015-07-19,Immunotherapy,8,9,Not Recorded,Low
ONC-02349,79,Other,Colorectal,Stage I,0.6,Never,Regular,No,25.1,2017-08-14,Radiation Therapy,7,32,Alive,Low
ONC-05609,42,Other,Breast,Stage Iv,1.0,Former,Heavy,No,34.2,Unknown,Surgery,6,0,Alive,Not Recorded
ONC-05161,42,Female,Liver,Stage Iv,0.7,Never,Heavy,No,30.3,2021-07-03,Radiation Therapy,6,12,Alive,Critical
ONC-04711,68,Other,Liver,Stage Ii,0.3,Never,Heavy,Yes,27.9,2019-07-12,Palliative Care,8,8,Alive,Low
ONC-04653,61,Female,Skin (Melanoma),Stage Ii,1.0,Former,Regular,No,31.1,2021-08-16,Palliative Care,7,7,Alive,Low
ONC-05582,59,Female,Prostate,Stage Ii,0.6,Former,Regular,No,29.5,Unknown,Palliative Care,3,23,Deceased,Medium
ONC-06668,63,Other,Lung,Stage Ii,1.3,Former,Heavy,Yes,26.0,2022-05-10,Radiation Therapy,6,60,Not Recorded,Low
ONC-03743,77,Female,Prostate,Stage I,6.8,Former,Regular,No,26.0,2019-01-22,Combination Therapy,3,22,Alive,Low
ONC-06666,53,Female,Lung,Stage Iii,4.0,Never,Heavy,Yes,24.9,2024-09-14,Palliative Care,5,12,Alive,High
ONC-04328,58,Female,Lung,Stage Iv,0.6,Former,Heavy,No,26.8,2023-09-13,Radiation Therapy,14,55,Alive,High
ONC-03248,53,Male,Brain,Stage Iv,1.5,Never,Regular,No,22.0,2019-05-30,Palliative Care,4,31,Deceased,Low
ONC-00004,96,Female,Prostate,Stage Ii,0.2,Never,Regular,No,28.0,2016-02-01,Palliative Care,6,16,Deceased,Critical
ONC-02484,58,Other,Prostate,Stage Iv,0.7,Never,Regular,No,18.9,2023-06-09,Surgery,7,32,Alive,Critical
ONC-06387,47,Male,Ovarian,Stage Iv,2.2,Never,Regular,Yes,28.8,2020-02-10,Combination Therapy,4,55,Deceased,High
ONC-02248,52,Other,Skin (Melanoma),Stage Iv,0.3,Never,Regular,Yes,26.0,2020-05-30,Combination Therapy,6,3,Alive,High
ONC-04278,76,Other,Prostate,Stage I,2.0,Current,Regular,No,17.8,2024-02-02,Surgery,6,1,Deceased,High
ONC-05176,52,Other,Prostate,Stage I,6.1,Former,Regular,No,26.1,2022-08-22,Immunotherapy,4,8,Alive,Low
ONC-06223,58,Other,Lung,Stage I,1.1,Current,Regular,No,17.3,2021-02-06,Palliative Care,12,5,Deceased,Low
ONC-05348,95,Other,Liver,Stage Iii,11.3,Never,Regular,Yes,28.1,2020-03-19,Palliative Care,4,18,Alive,Critical
ONC-05856,46,Female,Colorectal,Stage Iii,4.0,Never,Regular,Yes,26.2,2017-02-26,Palliative Care,4,19,Alive,Medium
ONC-03259,60,Male,Brain,Stage Iv,3.8,Never,Occasional,No,26.0,2022-06-11,Combination Therapy,4,24,Deceased,High
ONC-03716,62,Male,Ovarian,Stage Iii,2.4,Never,Regular,No,19.7,2019-03-03,Combination Therapy,7,36,Alive,High
ONC-04662,58,Male,Liver,Stage I,1.2,Former,Regular,No,31.1,2016-09-23,Palliative Care,9,12,Deceased,High
ONC-06007,72,Female,Skin (Melanoma),Stage I,1.9,Never,Regular,No,28.6,2016-09-23,Palliative Care,7,28,Alive,Medium
ONC-06764,64,Male,Ovarian,Stage Iv,9.1,Current,Regular,No,31.9,2022-12-15,Chemotherapy,3,1,Alive,High
ONC-05741,56,Other,Liver,Stage Iii,6.0,Never,Regular,No,22.9,2024-05-26,Radiation Therapy,8,30,Alive,High
ONC-01091,55,Female,Liver,Stage I,1.9,Current,Regular,No,26.0,2020-03-23,Immunotherapy,6,6,Alive,Low
ONC-00824,73,Other,Prostate,Stage Ii,4.2,Never,Regular,No,23.2,Unknown,Surgery,7,26,Alive,High
ONC-03511,36,Other,Ovarian,Stage Ii,1.9,Never,Regular,Yes,24.2,2022-08-29,Palliative Care,4,7,Alive,Critical
ONC-00862,81,Other,Colorectal,Stage Iv,0.9,Former,Regular,Yes,25.8,2024-02-11,Immunotherapy,9,5,Deceased,Critical
ONC-04862,58,Other,Prostate,Stage I,0.2,Current,Regular,No,23.0,2015-01-21,Surgery,7,6,Deceased,Medium
ONC-05821,74,Male,Pancreatic,Stage I,3.8,Former,Regular,No,18.8,2020-05-27,Palliative Care,8,21,Alive,Low
ONC-01193,57,Other,Pancreatic,Stage Iv,1.2,Current,Regular,Yes,23.4,2017-10-31,Immunotherapy,4,33,Alive,Medium
ONC-05072,72,Other,Skin (Melanoma),Stage Iv,2.7,Former,Regular,Yes,22.3,2018-12-22,Immunotherapy,6,9,Alive,Medium
ONC-06414,52,Male,Skin (Melanoma),Stage Ii,0.2,Former,Regular,No,26.2,2020-11-10,Palliative Care,2,34,Alive,Low
ONC-00057,58,Other,Ovarian,Stage Iv,1.0,Former,Heavy,Yes,26.6,2024-08-10,Combination Therapy,3,1,Alive,High
ONC-03531,42,Other,Ovarian,Stage I,2.4,Never,Heavy,No,20.7,2019-02-22,Palliative Care,7,7,Alive,Medium
ONC-06672,58,Other,Ovarian,Stage Iii,7.9,Current,Regular,No,23.1,2024-02-12,Surgery,5,10,Alive,Medium
ONC-02135,58,Female,Skin (Melanoma),Stage Iv,1.7,Former,Regular,Yes,28.1,2024-11-24,Palliative Care,3,0,Alive,Critical
ONC-00399,78,Other,Breast,Stage Iii,2.3,Never,Regular,Yes,20.2,2022-01-10,Palliative Care,6,9,Alive,High
ONC-04462,62,Female,Prostate,Stage Iii,0.9,Former,Regular,No,25.3,2018-09-25,Surgery,3,11,Deceased,Critical
ONC-06948,48,Male,Breast,Stage Iii,5.8,Never,Regular,Yes,29.4,2023-11-19,Palliative Care,5,2,Deceased,High
ONC-04747,44,Female,Liver,Stage I,2.0,Current,Regular,Yes,29.1,Unknown,Combination Therapy,6,9,Alive,Not Recorded
ONC-03144,54,Other,Brain,Stage Iv,2.4,Never,Heavy,Yes,21.3,2018-03-23,Chemotherapy,5,4,Alive,High
ONC-02907,59,Other,Blood (Leukemia),Stage I,1.6,Former,Regular,Yes,21.2,2021-02-12,Radiation Therapy,3,3,Alive,Low
ONC-06154,55,Other,Prostate,Stage Ii,7.1,Former,Heavy,Yes,29.6,2015-03-30,Combination Therapy,8,12,Alive,Not Recorded
ONC-03899,55,Other,Skin (Melanoma),Stage Iv,5.2,Never,Regular,No,24.9,2019-10-16,Radiation Therapy,6,39,Deceased,High
ONC-07361,42,Other,Pancreatic,Stage I,3.4,Current,Regular,Yes,25.8,2020-06-06,Radiation Therapy,9,12,Alive,Low
ONC-04001,51,Male,Skin (Melanoma),Stage Ii,7.5,Former,Regular,No,25.7,2017-10-25,Palliative Care,6,4,Deceased,Medium
ONC-01709,78,Female,Pancreatic,Stage Iii,3.5,Never,Regular,No,17.8,2018-09-04,Chemotherapy,7,11,Not Recorded,High
ONC-06713,54,Male,Prostate,Stage Iv,2.6,Current,Regular,No,25.8,2019-06-08,Radiation Therapy,10,12,Deceased,High
ONC-05214,55,Male,Colorectal,Stage Iv,1.3,Former,Heavy,Yes,15.5,2015-08-13,Combination Therapy,1,12,Alive,Medium
ONC-05907,44,Female,Blood (Leukemia),Stage Ii,1.6,Current,Occasional,Yes,26.0,2020-08-17,Palliative Care,10,6,Alive,Medium
ONC-00868,70,Female,Prostate,Stage I,5.8,Never,Heavy,No,21.4,2021-01-13,Surgery,7,35,Deceased,Medium
ONC-04483,36,Male,Liver,Stage Iii,4.2,Never,Occasional,No,25.6,2016-07-07,Combination Therapy,8,8,Alive,Not Recorded
ONC-02173,79,Other,Pancreatic,Stage Iii,6.9,Never,Occasional,No,34.2,2016-02-29,Combination Therapy,4,0,Deceased,High
ONC-00453,58,Other,Prostate,Stage Iv,5.1,Never,Occasional,No,24.7,2022-08-06,Palliative Care,10,61,Alive,Critical
ONC-06974,58,Male,Prostate,Stage Ii,2.4,Former,Regular,Yes,32.1,2023-07-01,Combination Therapy,8,4,Alive,High
ONC-02400,43,Male,Colorectal,Stage Iv,5.8,Never,Regular,Yes,35.4,2018-04-07,Combination Therapy,8,45,Alive,Critical
ONC-04720,24,Female,Brain,Stage Iv,2.3,Never,Regular,No,27.2,2023-02-16,Combination Therapy,4,2,Not Recorded,Critical
ONC-04785,56,Other,Blood (Leukemia),Stage I,0.8,Former,Regular,Yes,18.9,2023-11-12,Surgery,4,11,Deceased,Medium
ONC-06238,50,Female,Skin (Melanoma),Stage Iii,4.1,Former,Regular,No,34.0,2021-08-24,Combination Therapy,13,13,Alive,Critical
ONC-04819,55,Female,Lung,Stage Iii,2.0,Current,Regular,Yes,34.6,Unknown,Surgery,8,10,Alive,High
ONC-01078,74,Male,Skin (Melanoma),Stage Ii,0.8,Never,Regular,No,20.3,2017-02-07,Combination Therapy,1,9,Alive,Medium
ONC-01450,58,Female,Lung,Stage Iv,2.5,Current,Occasional,No,26.0,2017-04-08,Radiation Therapy,9,41,Deceased,High
ONC-05074,58,Other,Colorectal,Stage I,7.2,Never,Heavy,Yes,25.1,2017-03-15,Radiation Therapy,9,0,Alive,Low
ONC-05299,58,Female,Colorectal,Stage Ii,16.3,Never,Occasional,Yes,26.0,2019-03-25,Palliative Care,5,1,Deceased,High
ONC-00811,68,Other,Lung,Stage Iv,0.1,Former,Regular,Yes,23.8,2016-12-04,Palliative Care,5,1,Alive,Critical
ONC-03742,50,Other,Lung,Stage I,0.6,Current,Regular,No,27.4,2015-06-27,Surgery,4,27,Alive,Low
ONC-04823,58,Other,Skin (Melanoma),Stage Ii,1.6,Current,Regular,Yes,21.4,2016-05-09,Radiation Therapy,7,1,Alive,Low
ONC-06694,60,Female,Breast,Stage Iii,0.6,Never,Regular,No,26.1,2020-08-14,Immunotherapy,6,19,Deceased,Medium
ONC-03438,72,Other,Brain,Stage Iii,6.6,Current,Regular,No,37.6,2020-07-19,Radiation Therapy,4,12,Alive,High
ONC-00860,54,Male,Breast,Stage Iv,5.4,Former,Regular,Yes,34.3,2023-07-23,Combination Therapy,6,24,Alive,Critical
ONC-02034,71,Male,Breast,Stage I,3.9,Former,Regular,No,27.7,2024-10-11,Surgery,10,8,Not Recorded,Not Recorded
ONC-01805,80,Female,Colorectal,Stage I,0.9,Never,Occasional,No,26.1,2024-01-20,Combination Therapy,7,36,Alive,Not Recorded
ONC-01571,31,Male,Prostate,Stage Ii,4.4,Former,Heavy,No,26.0,2020-02-19,Immunotherapy,13,56,Alive,High
ONC-06326,76,Female,Skin (Melanoma),Stage Iv,2.2,Current,Heavy,No,27.2,2023-07-09,Surgery,6,10,Not Recorded,Critical
ONC-04281,58,Female,Prostate,Stage Ii,4.4,Never,Regular,Yes,18.0,2017-12-16,Combination Therapy,4,28,Deceased,Medium
ONC-06518,58,Female,Ovarian,Stage Iii,2.7,Never,Occasional,Yes,27.4,2021-07-19,Palliative Care,4,3,Alive,High
ONC-00956,84,Other,Pancreatic,Stage Iii,0.5,Former,Regular,Yes,28.4,2017-09-19,Palliative Care,5,30,Alive,High
ONC-02669,58,Male,Ovarian,Stage I,3.0,Never,Heavy,No,28.2,Unknown,Radiation Therapy,3,2,Alive,Low
ONC-06023,81,Male,Prostate,Stage Iii,7.3,Current,Regular,No,31.6,2016-11-07,Chemotherapy,11,8,Alive,Medium
ONC-06491,72,Female,Ovarian,Stage Iv,2.5,Former,Regular,No,30.6,2016-10-24,Combination Therapy,5,5,Not Recorded,Medium
ONC-00276,66,Other,Colorectal,Stage Iv,1.8,Never,Regular,No,25.7,2016-07-24,Palliative Care,6,32,Alive,Critical
ONC-07217,58,Other,Liver,Stage Ii,1.2,Former,Heavy,Yes,27.0,2023-03-16,Palliative Care,6,18,Alive,Medium
ONC-05403,61,Other,Prostate,Stage Iv,1.6,Never,Heavy,No,28.6,2016-07-25,Palliative Care,4,8,Alive,High
ONC-00261,79,Female,Skin (Melanoma),Stage Iv,3.8,Never,Occasional,Yes,17.4,2023-06-09,Palliative Care,6,1,Deceased,Low
ONC-02982,43,Male,Prostate,Stage Iv,0.1,Former,Regular,Yes,26.7,2015-03-19,Palliative Care,6,20,Deceased,Medium
ONC-06330,64,Male,Pancreatic,Stage Iv,0.9,Never,Occasional,No,25.7,Unknown,Immunotherapy,4,0,Alive,Critical
ONC-04052,28,Male,Breast,Stage Iii,0.2,Former,Occasional,Yes,29.8,2021-10-27,Combination Therapy,8,9,Not Recorded,Not Recorded
ONC-02959,58,Male,Prostate,Stage I,4.1,Never,Heavy,No,27.4,2022-12-22,Immunotherapy,3,23,Alive,Medium
ONC-05606,52,Other,Prostate,Stage I,6.0,Former,Regular,No,31.7,2016-02-20,Combination Therapy,10,6,Alive,Medium
ONC-01930,58,Female,Prostate,Stage I,5.0,Current,Occasional,No,24.7,Unknown,Radiation Therapy,2,34,Alive,Low
ONC-04097,92,Other,Brain,Stage Iv,7.8,Never,Heavy,No,29.3,2016-11-02,Palliative Care,5,4,Deceased,Critical
ONC-07250,75,Male,Breast,Stage Iii,2.3,Never,Heavy,Yes,20.3,Unknown,Radiation Therapy,6,33,Not Recorded,High
ONC-06343,69,Other,Brain,Stage I,0.4,Never,Regular,Yes,30.3,2018-04-09,Immunotherapy,5,0,Deceased,Low
ONC-03044,58,Male,Blood (Leukemia),Stage Ii,1.4,Current,Occasional,No,22.4,2024-11-24,Surgery,9,5,Deceased,Not Recorded
ONC-06450,58,Other,Pancreatic,Stage Ii,4.9,Never,Occasional,Yes,15.9,2016-10-22,Radiation Therapy,9,12,Deceased,Critical
ONC-02704,77,Other,Skin (Melanoma),Stage Iv,0.7,Former,Heavy,Yes,30.7,2022-09-09,Radiation Therapy,6,2,Alive,Medium
ONC-07429,58,Other,Prostate,Stage Iv,13.8,Never,Heavy,No,25.2,2017-08-01,Surgery,2,9,Deceased,Critical
ONC-06321,39,Other,Lung,Stage I,2.4,Former,Regular,Yes,28.8,2024-07-31,Chemotherapy,12,28,Alive,Low
ONC-05873,58,Other,Breast,Stage I,7.0,Former,Regular,Yes,24.6,2018-07-22,Surgery,3,30,Deceased,Low
ONC-05733,43,Other,Brain,Stage Iv,1.6,Former,Regular,No,26.5,2017-01-19,Immunotherapy,9,12,Alive,Critical
ONC-03567,58,Other,Ovarian,Stage I,9.4,Never,Occasional,No,18.9,2024-02-03,Radiation Therapy,6,33,Deceased,Low
ONC-07050,60,Female,Liver,Stage Iii,1.0,Never,Regular,Yes,25.9,2017-06-23,Chemotherapy,8,12,Alive,Critical
ONC-04899,54,Other,Ovarian,Stage Iv,0.6,Never,Regular,Yes,20.3,2023-09-26,Radiation Therapy,8,12,Alive,High
ONC-07354,80,Male,Liver,Stage Iv,0.8,Former,Regular,Yes,28.1,2024-02-19,Radiation Therapy,2,51,Deceased,Low
ONC-05108,40,Female,Liver,Stage I,2.4,Former,Heavy,Yes,21.4,2024-05-23,Radiation Therapy,6,25,Alive,Medium
ONC-05433,71,Female,Ovarian,Stage Ii,12.4,Never,Regular,No,18.8,2018-07-10,Chemotherapy,6,5,Deceased,Low
ONC-06959,58,Female,Lung,Stage Iii,3.6,Former,Regular,No,24.2,2015-01-10,Surgery,2,3,Deceased,Medium
ONC-03787,44,Female,Lung,Stage Ii,1.0,Never,Regular,No,26.2,Unknown,Combination Therapy,9,10,Alive,Medium
ONC-07376,58,Female,Colorectal,Stage Iv,1.1,Never,Heavy,No,20.7,2016-03-08,Surgery,4,7,Alive,High
ONC-01493,52,Other,Lung,Stage Ii,4.7,Former,Occasional,No,21.0,2021-09-11,Surgery,8,44,Not Recorded,Medium
ONC-07219,70,Male,Prostate,Stage Ii,0.9,Current,Regular,No,27.8,2017-01-24,Palliative Care,7,31,Deceased,Medium
ONC-06735,55,Male,Ovarian,Stage Iv,0.5,Current,Regular,No,18.7,2021-11-06,Immunotherapy,7,12,Alive,Critical
ONC-04171,83,Female,Prostate,Stage Ii,0.7,Current,Regular,No,23.1,2020-01-24,Surgery,3,34,Not Recorded,High
ONC-04437,58,Female,Colorectal,Stage I,1.5,Current,Regular,No,30.5,2023-09-24,Combination Therapy,6,12,Deceased,Low
ONC-06361,58,Female,Blood (Leukemia),Stage I,1.3,Former,Heavy,Yes,33.9,2019-08-29,Palliative Care,2,10,Alive,Low
ONC-04037,58,Female,Colorectal,Stage I,1.7,Former,Occasional,Yes,30.4,Unknown,Surgery,10,39,Alive,Low
ONC-07348,51,Female,Brain,Stage Iii,0.9,Former,Occasional,Yes,21.5,2020-03-07,Palliative Care,6,34,Alive,Critical
ONC-00185,30,Other,Prostate,Stage I,5.5,Former,Regular,No,27.0,2022-06-28,Radiation Therapy,9,15,Deceased,Low
ONC-07145,60,Male,Breast,Stage I,0.5,Never,Occasional,No,35.3,2023-02-02,Palliative Care,12,26,Alive,Low
ONC-01975,66,Other,Liver,Stage Ii,0.4,Current,Occasional,No,20.7,2016-11-26,Palliative Care,10,64,Alive,Low
ONC-06199,84,Male,Skin (Melanoma),Stage I,4.8,Never,Regular,Yes,21.5,2017-08-10,Surgery,6,6,Deceased,Medium
ONC-01167,29,Male,Skin (Melanoma),Stage I,1.4,Former,Regular,No,25.7,2020-06-23,Radiation Therapy,7,58,Alive,Low
ONC-00356,47,Other,Brain,Stage Ii,0.1,Never,Occasional,No,31.0,2023-05-11,Surgery,8,15,Alive,Medium
ONC-02200,32,Other,Prostate,Stage I,5.0,Former,Occasional,No,17.2,2017-09-27,Combination Therapy,6,32,Deceased,Low
ONC-02272,52,Male,Lung,Stage I,2.0,Former,Regular,Yes,36.1,2024-05-26,Palliative Care,2,35,Deceased,Low
ONC-01750,47,Other,Ovarian,Stage I,5.2,Never,Regular,Yes,23.2,2017-11-29,Radiation Therapy,8,6,Alive,Low
ONC-00958,55,Male,Brain,Stage Ii,2.4,Never,Heavy,No,29.1,2022-12-02,Combination Therapy,6,8,Deceased,Low
ONC-01786,79,Female,Breast,Stage Iv,3.3,Never,Heavy,No,27.0,2019-10-22,Immunotherapy,6,15,Deceased,High
ONC-06582,64,Male,Liver,Stage Ii,0.8,Current,Regular,No,30.6,2020-12-12,Chemotherapy,7,0,Deceased,Low
ONC-06852,37,Female,Liver,Stage Iv,0.8,Never,Regular,No,26.8,2022-09-25,Radiation Therapy,6,16,Alive,Medium
ONC-02727,51,Other,Liver,Stage Iv,12.3,Current,Regular,Yes,25.3,2020-06-13,Palliative Care,8,28,Alive,Critical
ONC-01900,41,Female,Prostate,Stage Ii,1.5,Never,Occasional,Yes,22.1,2016-07-30,Palliative Care,5,28,Deceased,High
ONC-07388,58,Male,Lung,Stage Ii,3.8,Never,Occasional,Yes,25.7,2019-07-25,Immunotherapy,8,21,Alive,High
ONC-01758,50,Other,Liver,Stage Iv,1.2,Never,Regular,No,30.2,2024-12-07,Palliative Care,9,28,Alive,Medium
ONC-02613,71,Female,Ovarian,Stage Ii,3.4,Never,Regular,No,25.3,Unknown,Chemotherapy,5,36,Deceased,Low
ONC-01187,75,Female,Lung,Stage Ii,1.8,Current,Regular,No,26.0,2023-01-08,Chemotherapy,5,10,Alive,Medium
ONC-01148,44,Female,Lung,Stage Ii,2.0,Never,Regular,Yes,26.3,Unknown,Palliative Care,6,15,Alive,Not Recorded
ONC-06711,44,Male,Lung,Stage Iv,1.9,Current,Regular,Yes,21.7,Unknown,Radiation Therapy,4,33,Deceased,Critical
ONC-03287,56,Female,Breast,Stage I,1.1,Former,Regular,No,26.0,2018-07-23,Palliative Care,4,9,Alive,Low
ONC-06380,51,Male,Prostate,Stage Iv,1.0,Never,Regular,No,28.3,2023-12-06,Radiation Therapy,5,31,Alive,High
ONC-02515,72,Other,Brain,Stage Iii,2.1,Never,Regular,No,23.0,2020-06-30,Immunotherapy,8,2,Alive,Critical
ONC-06638,54,Male,Lung,Stage Iv,1.1,Former,Heavy,No,25.1,2016-04-12,Immunotherapy,6,12,Not Recorded,Critical
ONC-07224,58,Other,Breast,Stage Iv,1.7,Current,Regular,Yes,31.6,2021-02-27,Combination Therapy,5,1,Alive,Medium
ONC-07021,68,Other,Lung,Stage Iii,6.4,Current,Heavy,No,31.4,2021-05-04,Surgery,6,16,Alive,High
ONC-03559,58,Male,Prostate,Stage I,0.4,Current,Regular,No,24.4,2015-05-12,Chemotherapy,8,5,Alive,Low
ONC-02010,56,Other,Breast,Stage Iii,8.4,Never,Regular,Yes,19.4,2016-06-01,Radiation Therapy,5,7,Alive,High
ONC-04893,84,Female,Brain,Stage Iv,4.4,Former,Regular,No,31.5,2024-02-09,Surgery,2,5,Deceased,Critical
ONC-05773,72,Male,Skin (Melanoma),Stage Iii,0.6,Current,Regular,Yes,19.8,2020-01-06,Palliative Care,3,9,Alive,High
ONC-00117,65,Other,Lung,Stage Ii,3.8,Former,Heavy,Yes,23.1,2016-02-03,Chemotherapy,6,12,Deceased,Low
ONC-04473,58,Male,Breast,Stage Iv,2.1,Never,Heavy,Yes,29.1,2017-04-21,Radiation Therapy,5,12,Alive,High
ONC-04993,62,Other,Blood (Leukemia),Stage Ii,2.8,Former,Regular,No,23.3,2022-02-23,Immunotherapy,5,24,Alive,High
ONC-01634,67,Female,Brain,Stage Iv,3.8,Never,Heavy,No,18.0,Unknown,Combination Therapy,9,0,Alive,Not Recorded
ONC-03293,43,Female,Prostate,Stage Iii,0.2,Current,Regular,Yes,30.9,2015-09-21,Immunotherapy,6,0,Alive,Not Recorded
ONC-06028,53,Other,Ovarian,Stage Iii,0.1,Current,Heavy,No,25.6,2023-07-19,Radiation Therapy,3,40,Not Recorded,High
ONC-00433,53,Female,Prostate,Stage Iii,1.0,Current,Heavy,No,26.0,2022-07-24,Palliative Care,8,6,Deceased,High
ONC-07345,63,Other,Skin (Melanoma),Stage Iv,0.8,Current,Heavy,No,23.7,Unknown,Surgery,5,1,Alive,High
ONC-02598,47,Male,Prostate,Stage I,0.7,Never,Occasional,Yes,31.4,2024-11-21,Combination Therapy,8,17,Alive,Low
ONC-00426,47,Male,Liver,Stage Iv,10.7,Never,Regular,No,24.4,2017-06-02,Immunotherapy,5,1,Deceased,Low
ONC-06286,58,Other,Prostate,Stage Ii,0.2,Never,Heavy,Yes,24.2,2021-01-20,Chemotherapy,7,17,Alive,Medium
ONC-00738,56,Female,Prostate,Stage Ii,12.1,Former,Occasional,Yes,19.4,2024-06-06,Immunotherapy,6,25,Deceased,Medium
ONC-02807,65,Other,Breast,Stage Iv,5.1,Never,Regular,Yes,28.1,2017-11-12,Radiation Therapy,3,12,Alive,Critical
ONC-00081,62,Other,Skin (Melanoma),Stage I,3.5,Never,Occasional,Yes,26.0,2017-12-19,Palliative Care,6,5,Alive,Medium
ONC-04791,26,Other,Breast,Stage Iii,5.2,Former,Regular,Yes,20.2,2017-09-15,Chemotherapy,9,3,Alive,Low
ONC-00381,31,Male,Ovarian,Stage Iv,3.8,Current,Regular,Yes,19.2,2019-03-06,Immunotherapy,6,10,Alive,Critical
ONC-07342,61,Male,Prostate,Stage Ii,8.4,Current,Regular,No,29.3,2021-04-20,Immunotherapy,10,8,Alive,Low
ONC-05792,52,Male,Colorectal,Stage Ii,0.1,Current,Regular,Yes,32.0,2019-11-25,Palliative Care,7,7,Alive,Not Recorded
ONC-04590,41,Other,Colorectal,Stage I,1.2,Former,Regular,Yes,21.4,2020-09-08,Surgery,9,12,Alive,Medium
ONC-03983,63,Female,Blood (Leukemia),Stage Iv,0.1,Current,Regular,No,21.8,2022-09-21,Chemotherapy,8,0,Alive,Not Recorded
ONC-07427,58,Male,Colorectal,Stage Iii,4.9,Former,Occasional,Yes,24.6,Unknown,Palliative Care,5,0,Alive,Low
ONC-05384,45,Female,Pancreatic,Stage Iv,1.8,Never,Heavy,Yes,21.3,2017-09-30,Chemotherapy,6,13,Not Recorded,Critical
ONC-05136,58,Male,Pancreatic,Stage I,2.1,Former,Regular,Yes,35.7,Unknown,Combination Therapy,6,2,Deceased,Low
ONC-05378,56,Male,Skin (Melanoma),Stage Iv,7.2,Former,Regular,Yes,30.3,Unknown,Surgery,7,22,Deceased,Not Recorded
ONC-03709,74,Male,Blood (Leukemia),Stage I,1.6,Former,Regular,No,16.3,2022-02-22,Surgery,4,11,Alive,Medium
ONC-02536,43,Male,Prostate,Stage Iv,0.1,Current,Heavy,Yes,34.9,2020-05-03,Immunotherapy,4,17,Deceased,Not Recorded
ONC-04465,74,Other,Brain,Stage I,6.3,Former,Regular,No,25.1,2021-09-02,Palliative Care,7,16,Alive,Medium
ONC-04049,57,Other,Ovarian,Stage I,0.3,Never,Heavy,Yes,26.3,2021-09-14,Surgery,6,120,Alive,Low
ONC-04409,37,Female,Brain,Stage Iv,0.6,Former,Regular,No,32.9,2021-07-06,Surgery,4,49,Not Recorded,High
ONC-00869,91,Other,Lung,Stage I,12.6,Former,Regular,No,26.0,2024-02-12,Immunotherapy,6,1,Deceased,Medium
ONC-01455,59,Other,Breast,Stage Ii,5.9,Former,Regular,No,28.9,2017-07-08,Palliative Care,7,9,Deceased,Not Recorded
ONC-02852,98,Male,Brain,Stage Iv,2.4,Current,Occasional,No,28.1,2023-04-28,Combination Therapy,5,46,Not Recorded,High
ONC-01334,34,Female,Breast,Stage Iii,10.8,Former,Regular,No,38.9,2018-08-22,Radiation Therapy,6,3,Alive,Medium
ONC-00200,54,Other,Lung,Stage Iv,2.4,Never,Regular,Yes,14.0,2015-07-27,Radiation Therapy,6,54,Alive,Critical
ONC-06969,65,Male,Blood (Leukemia),Stage Iii,2.4,Current,Regular,Yes,34.6,2015-12-09,Radiation Therapy,10,0,Alive,High
ONC-07454,75,Other,Breast,Stage I,0.4,Never,Regular,Yes,26.6,2016-08-11,Combination Therapy,5,16,Alive,Medium
ONC-06206,60,Other,Ovarian,Stage Ii,0.8,Never,Regular,Yes,15.8,Unknown,Palliative Care,8,15,Not Recorded,Critical
ONC-00046,73,Female,Skin (Melanoma),Stage Iii,1.6,Former,Regular,Yes,33.7,2017-02-24,Immunotherapy,9,12,Alive,High
ONC-03691,72,Male,Breast,Stage Ii,0.9,Former,Regular,No,20.4,Unknown,Palliative Care,3,3,Alive,High
ONC-06966,66,Male,Breast,Stage Iv,3.2,Current,Regular,No,36.4,2024-09-16,Chemotherapy,4,17,Alive,Critical
ONC-03658,46,Female,Skin (Melanoma),Stage Iv,4.3,Former,Occasional,No,22.8,Unknown,Immunotherapy,7,30,Deceased,Critical
ONC-01361,70,Other,Blood (Leukemia),Stage Iv,3.9,Current,Heavy,No,30.3,2023-10-31,Surgery,3,18,Alive,Critical
ONC-00514,58,Female,Skin (Melanoma),Stage Iii,0.3,Former,Regular,No,19.1,2023-05-22,Combination Therapy,11,8,Alive,High
ONC-03424,48,Other,Pancreatic,Stage Ii,0.7,Never,Occasional,No,26.0,2024-02-24,Palliative Care,8,4,Deceased,Medium
ONC-04706,55,Other,Skin (Melanoma),Stage Ii,2.4,Former,Regular,No,16.5,2020-10-10,Radiation Therapy,11,36,Alive,Not Recorded
ONC-02453,8,Female,Breast,Stage Iv,0.2,Current,Regular,Yes,31.8,2019-03-31,Chemotherapy,4,10,Alive,Medium
ONC-06926,58,Other,Pancreatic,Stage Ii,0.1,Never,Regular,No,29.0,2015-06-01,Immunotherapy,6,11,Not Recorded,High
ONC-01168,58,Male,Blood (Leukemia),Stage I,6.3,Former,Regular,Yes,19.9,2015-12-19,Palliative Care,6,0,Alive,Low
ONC-00184,58,Other,Lung,Stage Iii,8.4,Former,Occasional,No,22.3,2022-10-13,Immunotherapy,7,13,Alive,Not Recorded
ONC-06539,47,Other,Liver,Stage Ii,4.2,Current,Regular,No,25.5,2021-11-12,Surgery,4,13,Deceased,Medium
ONC-05810,75,Female,Brain,Stage Iv,9.2,Never,Heavy,Yes,32.7,Unknown,Chemotherapy,7,8,Alive,Low
ONC-05522,24,Male,Blood (Leukemia),Stage Iii,5.0,Current,Regular,Yes,32.0,2020-02-19,Palliative Care,6,14,Deceased,Medium
ONC-07001,76,Other,Lung,Stage Iv,0.1,Former,Regular,No,20.2,2017-07-16,Surgery,4,26,Alive,High
ONC-01591,60,Male,Colorectal,Stage Iv,2.2,Current,Regular,Yes,23.5,2015-04-07,Surgery,4,32,Not Recorded,High
ONC-01096,59,Other,Prostate,Stage Iv,3.8,Former,Heavy,No,25.9,2020-11-19,Chemotherapy,7,56,Alive,Low
ONC-04147,38,Other,Skin (Melanoma),Stage Ii,2.4,Current,Occasional,Yes,22.2,2023-07-12,Combination Therapy,7,3,Deceased,Medium
ONC-04467,51,Male,Blood (Leukemia),Stage Ii,4.8,Former,Regular,Yes,16.7,Unknown,Immunotherapy,4,0,Alive,Medium
ONC-01266,62,Other,Blood (Leukemia),Stage Iv,5.1,Never,Regular,No,23.4,2024-06-25,Surgery,5,62,Deceased,High
ONC-00054,70,Other,Liver,Stage Iv,7.9,Never,Heavy,No,21.1,2023-06-07,Chemotherapy,5,12,Not Recorded,Critical
ONC-00913,49,Female,Ovarian,Stage Iv,2.4,Former,Regular,No,32.3,2024-06-26,Chemotherapy,4,18,Alive,Critical
ONC-04283,63,Male,Ovarian,Stage I,3.3,Current,Regular,Yes,22.9,2024-07-11,Immunotherapy,5,29,Not Recorded,Low
ONC-01982,39,Other,Brain,Stage Ii,2.4,Never,Regular,No,24.8,2017-09-13,Palliative Care,7,19,Alive,Medium
ONC-03987,31,Male,Skin (Melanoma),Stage I,0.1,Never,Occasional,No,27.8,Unknown,Radiation Therapy,5,12,Alive,Medium
ONC-04574,47,Other,Colorectal,Stage Iv,2.2,Never,Regular,No,27.6,2016-02-04,Combination Therapy,1,18,Not Recorded,Critical
ONC-00168,58,Female,Prostate,Stage Iv,3.2,Never,Regular,Yes,27.7,2015-07-15,Chemotherapy,6,8,Alive,Medium
ONC-01519,50,Other,Liver,Stage Iv,0.3,Never,Regular,No,23.0,2022-12-23,Surgery,8,45,Alive,Low
ONC-06633,39,Other,Brain,Stage Iii,0.3,Never,Regular,Yes,28.1,2017-04-20,Chemotherapy,6,7,Deceased,High
ONC-02072,77,Other,Breast,Stage Ii,3.7,Never,Regular,Yes,21.9,2017-12-15,Chemotherapy,5,3,Deceased,Medium
ONC-04418,69,Other,Breast,Stage Iii,2.4,Current,Occasional,No,24.3,2018-05-25,Chemotherapy,6,10,Alive,High
ONC-04953,58,Male,Blood (Leukemia),Stage Iii,0.9,Never,Heavy,No,20.6,2020-01-11,Radiation Therapy,5,22,Alive,Medium
ONC-01323,69,Other,Prostate,Stage Iv,8.2,Current,Heavy,No,30.2,2020-12-27,Surgery,6,0,Alive,Critical
ONC-06251,58,Other,Colorectal,Stage Ii,2.0,Current,Regular,No,27.5,2018-07-23,Surgery,6,12,Alive,Low
ONC-03914,30,Male,Colorectal,Stage I,1.3,Never,Regular,Yes,23.8,2022-12-07,Chemotherapy,5,40,Alive,High
ONC-03513,72,Female,Brain,Stage Ii,1.0,Current,Regular,Yes,23.5,Unknown,Combination Therapy,6,5,Alive,Low
ONC-06747,58,Male,Skin (Melanoma),Stage Iii,2.4,Former,Heavy,Yes,23.5,2021-09-27,Surgery,3,3,Alive,High
ONC-02927,78,Other,Breast,Stage Iv,4.0,Former,Regular,Yes,31.7,2017-12-18,Surgery,5,2,Alive,High
ONC-02656,60,Other,Blood (Leukemia),Stage I,0.1,Never,Heavy,No,28.8,2016-07-27,Immunotherapy,5,24,Deceased,Low
ONC-05221,61,Male,Breast,Stage Iii,1.3,Never,Regular,Yes,23.1,2015-06-26,Immunotherapy,7,13,Alive,Critical
ONC-00337,43,Female,Skin (Melanoma),Stage I,1.8,Never,Regular,Yes,34.7,2018-12-28,Immunotherapy,6,38,Alive,Low
ONC-00316,32,Male,Pancreatic,Stage I,5.6,Never,Regular,Yes,26.0,2015-06-13,Surgery,6,7,Deceased,Low
ONC-07007,59,Male,Lung,Stage Ii,4.8,Former,Heavy,No,15.1,Unknown,Radiation Therapy,7,1,Deceased,Medium
ONC-02185,99,Other,Blood (Leukemia),Stage Iii,1.4,Never,Heavy,Yes,28.5,2019-11-21,Palliative Care,1,11,Alive,High
ONC-06425,40,Female,Colorectal,Stage Iv,5.5,Never,Regular,No,19.3,2018-07-07,Surgery,5,12,Alive,Critical
ONC-01289,75,Other,Colorectal,Stage Iv,0.4,Never,Occasional,Yes,18.1,2020-05-01,Palliative Care,9,7,Alive,Low
ONC-05478,65,Female,Ovarian,Stage Ii,0.1,Current,Regular,No,22.1,Unknown,Chemotherapy,8,13,Alive,Low
ONC-06209,70,Other,Prostate,Stage Iv,3.4,Current,Heavy,No,20.1,2016-05-15,Palliative Care,7,7,Deceased,Low
ONC-01813,63,Female,Pancreatic,Stage Ii,1.0,Current,Occasional,No,25.2,2018-11-12,Surgery,6,6,Alive,Not Recorded
ONC-02630,65,Female,Prostate,Stage Iv,3.0,Former,Regular,No,19.0,2019-12-08,Palliative Care,4,6,Deceased,Low
ONC-01343,58,Female,Blood (Leukemia),Stage Ii,1.8,Current,Heavy,No,28.6,2022-02-13,Palliative Care,2,14,Alive,Low
ONC-02051,53,Female,Lung,Stage I,0.2,Never,Regular,Yes,24.3,2018-02-27,Palliative Care,7,12,Alive,Low
ONC-05064,56,Female,Skin (Melanoma),Stage Ii,3.3,Former,Heavy,No,20.9,2016-06-18,Combination Therapy,6,42,Alive,Low
ONC-07418,47,Female,Breast,Stage Ii,5.5,Former,Heavy,No,27.1,2024-04-24,Palliative Care,1,40,Alive,Medium
ONC-05721,64,Male,Brain,Stage Iv,6.2,Never,Regular,Yes,24.3,2020-10-30,Radiation Therapy,4,18,Alive,Medium
ONC-03457,82,Other,Blood (Leukemia),Stage Iv,0.3,Current,Occasional,Yes,26.0,2019-12-17,Chemotherapy,6,12,Alive,Critical
ONC-02591,46,Male,Lung,Stage I,1.4,Current,Regular,No,25.8,2015-12-09,Immunotherapy,5,7,Alive,Not Recorded
ONC-04132,72,Female,Pancreatic,Stage Iii,1.4,Current,Regular,No,27.7,Unknown,Combination Therapy,6,0,Alive,High
ONC-02947,65,Other,Skin (Melanoma),Stage Iii,9.7,Current,Regular,No,34.6,2022-01-22,Radiation Therapy,9,16,Deceased,Critical
ONC-03071,64,Female,Skin (Melanoma),Stage Iv,1.0,Current,Occasional,No,23.7,2017-04-23,Palliative Care,6,5,Alive,Low
ONC-00372,38,Female,Lung,Stage Iv,0.1,Current,Regular,No,22.2,2020-10-29,Immunotherapy,8,13,Deceased,Low
ONC-06560,37,Male,Lung,Stage I,0.9,Never,Regular,No,25.9,2015-02-21,Immunotherapy,3,18,Alive,Low
ONC-04927,58,Other,Colorectal,Stage Ii,8.0,Current,Occasional,No,31.0,2016-12-17,Surgery,7,17,Alive,Medium
ONC-04264,66,Other,Ovarian,Stage Iii,0.2,Never,Regular,No,26.0,2023-06-17,Chemotherapy,3,1,Alive,Critical
ONC-04844,59,Other,Ovarian,Stage Iv,1.3,Never,Regular,No,35.6,2022-11-11,Immunotherapy,5,12,Deceased,Low
ONC-05445,76,Other,Liver,Stage Iv,2.4,Former,Heavy,Yes,27.3,2024-07-30,Surgery,2,10,Alive,Medium
ONC-01993,83,Female,Prostate,Stage I,1.8,Former,Regular,Yes,12.0,2018-07-13,Radiation Therapy,7,47,Alive,Medium
ONC-01607,58,Other,Colorectal,Stage Iv,0.1,Former,Regular,No,30.3,2015-10-01,Palliative Care,7,8,Alive,Critical
ONC-01021,68,Female,Blood (Leukemia),Stage I,8.5,Never,Regular,Yes,25.3,2019-08-10,Surgery,10,22,Not Recorded,Low
ONC-03606,59,Male,Lung,Stage Iv,0.8,Never,Regular,Yes,16.1,2020-07-08,Combination Therapy,6,23,Deceased,Critical
ONC-06373,63,Other,Liver,Stage Ii,5.1,Never,Regular,Yes,29.1,2024-03-21,Radiation Therapy,5,1,Alive,Medium
ONC-00505,78,Female,Prostate,Stage Iii,0.5,Never,Heavy,No,24.2,2019-02-04,Immunotherapy,6,2,Alive,Medium
ONC-00086,49,Other,Liver,Stage Iii,2.4,Former,Regular,Yes,26.6,2024-12-22,Immunotherapy,3,16,Deceased,High
ONC-04642,46,Female,Prostate,Stage Iii,0.9,Former,Regular,Yes,26.5,2024-10-25,Surgery,5,14,Deceased,High
ONC-01959,47,Female,Liver,Stage Iii,2.1,Former,Heavy,No,24.2,Unknown,Immunotherapy,3,14,Alive,Medium
ONC-03221,53,Other,Colorectal,Stage I,1.5,Current,Heavy,No,20.1,2021-08-21,Palliative Care,5,7,Deceased,Low
ONC-05304,47,Female,Blood (Leukemia),Stage Iii,12.1,Former,Regular,No,24.4,2021-04-07,Surgery,2,20,Deceased,Not Recorded
ONC-03410,51,Female,Prostate,Stage Iii,2.4,Former,Occasional,No,29.4,2023-12-20,Palliative Care,3,3,Alive,Medium
ONC-06405,18,Male,Breast,Stage Iii,0.4,Never,Regular,No,29.8,2022-10-28,Surgery,7,7,Alive,High
ONC-03255,89,Male,Colorectal,Stage Iv,3.3,Never,Heavy,No,24.1,2015-01-17,Surgery,6,5,Alive,Not Recorded
ONC-03799,35,Male,Skin (Melanoma),Stage Iv,1.0,Former,Heavy,No,24.9,2015-01-20,Combination Therapy,6,17,Alive,Low
ONC-05454,42,Other,Prostate,Stage Ii,1.0,Never,Regular,Yes,31.4,2024-10-09,Combination Therapy,4,0,Alive,High
ONC-06329,63,Other,Breast,Stage Iii,1.3,Never,Regular,Yes,29.0,2023-10-09,Surgery,6,12,Alive,Medium
ONC-07356,66,Other,Lung,Stage I,3.5,Never,Heavy,No,22.5,2020-07-23,Immunotherapy,3,8,Deceased,Low
ONC-07296,48,Male,Pancreatic,Stage Iii,6.3,Former,Regular,Yes,15.0,Unknown,Combination Therapy,7,7,Alive,Medium
ONC-01957,72,Other,Breast,Stage Iii,0.1,Never,Regular,Yes,29.7,2015-07-12,Radiation Therapy,5,12,Deceased,Critical
ONC-03502,54,Other,Ovarian,Stage Ii,1.6,Never,Heavy,Yes,33.3,Unknown,Palliative Care,9,10,Deceased,High
ONC-02564,48,Male,Ovarian,Stage Ii,7.2,Never,Heavy,No,26.0,2021-12-03,Combination Therapy,7,40,Alive,Medium
ONC-05467,72,Male,Lung,Stage Iv,0.4,Never,Regular,Yes,21.3,2015-08-04,Combination Therapy,8,17,Alive,Medium
ONC-02334,54,Female,Brain,Stage Ii,4.6,Never,Heavy,Yes,31.3,Unknown,Surgery,4,6,Alive,Low
ONC-04754,72,Other,Prostate,Stage Iv,1.0,Never,Regular,Yes,15.5,2021-09-09,Combination Therapy,9,3,Alive,Critical
ONC-05343,58,Other,Skin (Melanoma),Stage Iv,3.3,Former,Occasional,No,23.0,2022-06-09,Chemotherapy,6,6,Alive,Low
ONC-03874,47,Male,Breast,Stage I,4.8,Current,Regular,No,25.8,Unknown,Combination Therapy,12,12,Alive,Low
ONC-00082,33,Male,Colorectal,Stage Iv,2.8,Never,Heavy,No,26.0,2022-09-24,Combination Therapy,2,18,Alive,Medium
ONC-06046,66,Male,Lung,Stage Iv,8.9,Former,Heavy,No,26.6,Unknown,Palliative Care,3,4,Alive,Not Recorded
ONC-02717,61,Other,Liver,Stage I,4.2,Never,Occasional,No,26.5,2016-05-02,Radiation Therapy,5,29,Alive,Medium
ONC-07265,98,Male,Ovarian,Stage Iii,0.1,Former,Regular,No,26.0,Unknown,Chemotherapy,5,19,Alive,Medium
ONC-06111,55,Other,Blood (Leukemia),Stage Iii,6.4,Never,Occasional,No,27.2,2018-10-25,Radiation Therapy,9,14,Alive,Medium
ONC-01010,35,Other,Prostate,Stage Iii,20.0,Never,Regular,Yes,22.6,2022-08-09,Combination Therapy,8,6,Alive,Low
ONC-01863,37,Other,Lung,Stage Iii,2.4,Never,Heavy,No,24.8,2021-07-30,Combination Therapy,5,22,Deceased,Medium
ONC-04344,38,Other,Breast,Stage Iv,1.1,Former,Regular,Yes,12.0,2023-05-26,Immunotherapy,6,15,Alive,Medium
ONC-00019,62,Other,Prostate,Stage I,0.1,Never,Occasional,Yes,22.4,2015-01-30,Surgery,7,3,Deceased,Low
ONC-04021,58,Female,Breast,Stage Iv,1.7,Former,Heavy,No,30.9,2019-05-26,Immunotherapy,2,7,Alive,Not Recorded
ONC-00830,58,Female,Skin (Melanoma),Stage Iii,2.4,Former,Regular,Yes,24.8,2023-06-13,Combination Therapy,5,0,Alive,High
ONC-02362,39,Other,Prostate,Stage Ii,0.6,Current,Heavy,No,33.8,2020-05-24,Palliative Care,9,0,Deceased,High
ONC-07083,58,Other,Prostate,Stage Ii,1.0,Current,Regular,Yes,18.7,2020-10-15,Palliative Care,2,37,Alive,Low
ONC-05893,77,Other,Blood (Leukemia),Stage Ii,1.9,Never,Occasional,Yes,26.0,2024-11-19,Radiation Therapy,7,12,Alive,Low
ONC-03407,72,Female,Colorectal,Stage Iv,3.2,Never,Heavy,No,31.2,Unknown,Radiation Therapy,4,17,Alive,High
ONC-02845,58,Female,Lung,Stage Iii,0.8,Current,Occasional,No,22.4,2019-07-30,Palliative Care,6,19,Deceased,Medium
ONC-05271,57,Other,Breast,Stage Ii,0.4,Current,Occasional,No,29.2,Unknown,Combination Therapy,7,7,Alive,High
ONC-02522,54,Female,Prostate,Stage Iii,1.9,Former,Regular,No,30.9,2015-06-01,Palliative Care,4,13,Deceased,Low
ONC-02772,68,Male,Lung,Stage I,10.6,Current,Regular,Yes,23.6,2015-03-30,Palliative Care,8,9,Not Recorded,Low
ONC-00202,54,Other,Blood (Leukemia),Stage I,0.1,Current,Occasional,No,26.0,Unknown,Radiation Therapy,2,4,Alive,Low
ONC-05924,53,Other,Prostate,Stage Iv,0.4,Never,Regular,Yes,21.2,Unknown,Combination Therapy,5,39,Alive,Medium
ONC-03063,59,Male,Breast,Stage Iii,3.7,Former,Regular,No,25.6,2020-06-07,Palliative Care,10,24,Deceased,Medium
ONC-05590,58,Other,Blood (Leukemia),Stage Ii,0.3,Current,Regular,Yes,19.1,Unknown,Surgery,3,33,Deceased,High
ONC-06542,33,Other,Prostate,Stage Ii,0.4,Never,Regular,Yes,28.9,2021-02-06,Palliative Care,6,0,Alive,Low
ONC-00343,65,Male,Prostate,Stage Iii,1.6,Never,Regular,No,18.3,2020-08-05,Immunotherapy,7,31,Deceased,High
ONC-03107,58,Female,Skin (Melanoma),Stage Iv,0.9,Former,Occasional,Yes,32.3,2015-04-25,Surgery,7,24,Not Recorded,Critical
ONC-06024,47,Female,Breast,Stage Iv,2.4,Never,Regular,Yes,32.3,2017-04-22,Chemotherapy,5,8,Alive,High
ONC-03483,66,Other,Colorectal,Stage Iii,1.7,Former,Regular,No,21.1,2018-10-16,Combination Therapy,6,14,Alive,Critical
ONC-01291,90,Female,Colorectal,Stage Iv,0.4,Never,Heavy,No,16.9,2018-06-30,Combination Therapy,6,85,Not Recorded,High
ONC-07138,64,Other,Colorectal,Stage Ii,2.5,Never,Regular,No,30.9,2020-03-15,Combination Therapy,6,2,Deceased,Medium
ONC-01106,58,Male,Liver,Stage Iii,3.7,Never,Regular,Yes,24.7,2022-04-14,Surgery,6,1,Alive,High
ONC-02181,48,Other,Colorectal,Stage Ii,0.5,Current,Regular,No,30.1,2017-08-13,Radiation Therapy,8,9,Alive,High
ONC-03282,55,Other,Breast,Stage Ii,2.4,Current,Regular,Yes,21.1,2022-05-21,Chemotherapy,3,2,Deceased,Low
ONC-06591,59,Female,Lung,Stage Iv,2.7,Never,Regular,Yes,21.6,2018-05-07,Palliative Care,8,17,Alive,Critical
ONC-01161,76,Other,Brain,Stage Iv,3.0,Current,Regular,Yes,30.7,2019-08-08,Chemotherapy,4,12,Alive,Medium
ONC-03298,66,Other,Ovarian,Stage Ii,1.4,Never,Occasional,No,32.3,2018-12-17,Radiation Therapy,6,30,Alive,Low
ONC-02302,54,Male,Ovarian,Stage I,3.2,Former,Regular,No,26.0,2017-09-30,Immunotherapy,6,58,Alive,Low
ONC-05426,53,Other,Liver,Stage Iii,0.9,Current,Regular,No,20.7,2024-04-01,Immunotherapy,5,10,Alive,Medium
ONC-03615,58,Male,Colorectal,Stage I,1.6,Current,Heavy,No,33.6,2021-10-10,Chemotherapy,12,33,Alive,Medium
ONC-05439,32,Other,Lung,Stage Iv,0.4,Never,Regular,No,26.0,2023-05-04,Chemotherapy,6,36,Alive,Critical
ONC-01576,59,Other,Colorectal,Stage I,0.5,Current,Regular,No,28.2,2016-12-16,Surgery,5,7,Alive,High
ONC-00473,58,Other,Brain,Stage Iv,0.1,Never,Occasional,Yes,28.8,2016-11-12,Radiation Therapy,8,12,Deceased,Low
ONC-04998,62,Other,Lung,Stage Iv,2.4,Never,Heavy,No,25.4,2024-04-07,Chemotherapy,6,3,Alive,Critical
ONC-03455,57,Other,Ovarian,Stage I,5.2,Current,Regular,No,32.5,2022-08-06,Immunotherapy,7,2,Alive,Low
ONC-04870,33,Male,Liver,Stage Iv,3.2,Current,Regular,Yes,29.3,2023-12-02,Immunotherapy,2,12,Alive,High
ONC-01731,51,Male,Liver,Stage Iii,0.9,Never,Regular,No,30.8,2023-01-31,Immunotherapy,6,36,Alive,Low
ONC-04297,50,Female,Lung,Stage Iv,4.1,Current,Regular,No,35.6,2020-03-19,Radiation Therapy,6,3,Alive,High
ONC-04338,56,Female,Blood (Leukemia),Stage Ii,4.2,Never,Occasional,No,25.1,Unknown,Palliative Care,0,5,Deceased,Medium
ONC-01327,19,Other,Pancreatic,Stage I,2.4,Never,Occasional,No,33.3,2022-08-26,Palliative Care,2,6,Deceased,Low
ONC-02186,68,Other,Prostate,Stage Iv,5.2,Never,Regular,Yes,26.0,2015-06-25,Immunotherapy,4,5,Alive,High
ONC-04697,44,Other,Liver,Stage I,0.3,Former,Regular,No,29.9,2015-11-28,Chemotherapy,6,9,Alive,Low
ONC-02910,48,Other,Liver,Stage I,0.1,Current,Regular,No,21.7,2017-10-02,Palliative Care,3,15,Not Recorded,Low
ONC-04315,77,Female,Blood (Leukemia),Stage Iv,15.7,Current,Heavy,No,30.4,2015-11-06,Combination Therapy,3,11,Alive,Low
ONC-05985,62,Other,Liver,Stage Ii,4.2,Current,Regular,Yes,18.1,2020-11-27,Surgery,3,10,Alive,Low
ONC-05332,39,Other,Colorectal,Stage Ii,4.3,Never,Heavy,No,25.9,2023-06-29,Chemotherapy,5,32,Not Recorded,Low
ONC-01274,39,Other,Lung,Stage Iii,1.2,Never,Regular,No,27.9,2017-04-30,Immunotherapy,6,9,Alive,Medium
ONC-00575,60,Other,Prostate,Stage Ii,0.6,Current,Occasional,Yes,40.6,2018-06-19,Palliative Care,3,10,Deceased,Medium
ONC-03376,83,Other,Breast,Stage Iv,9.0,Current,Regular,No,29.5,2024-04-10,Radiation Therapy,5,19,Alive,High
ONC-05389,55,Female,Prostate,Stage Ii,3.0,Former,Occasional,No,24.5,2015-05-16,Palliative Care,8,87,Alive,Medium
ONC-04259,86,Other,Liver,Stage Ii,2.4,Current,Regular,No,24.4,2024-02-09,Surgery,5,1,Alive,High
ONC-01284,88,Male,Prostate,Stage Iii,1.7,Current,Regular,No,29.6,2018-09-17,Surgery,4,12,Alive,High
ONC-00203,62,Female,Prostate,Stage Iv,2.5,Current,Regular,Yes,32.7,2016-02-01,Immunotherapy,4,6,Alive,Critical
ONC-05822,42,Other,Skin (Melanoma),Stage Iii,2.8,Former,Regular,No,14.0,2021-07-13,Palliative Care,7,0,Alive,Medium
ONC-01846,91,Other,Colorectal,Stage Iii,0.8,Former,Regular,Yes,31.7,Unknown,Combination Therapy,8,4,Alive,High
ONC-02942,43,Female,Blood (Leukemia),Stage I,2.4,Never,Regular,No,19.0,2021-04-03,Palliative Care,8,20,Alive,Low
ONC-01387,58,Male,Skin (Melanoma),Stage I,2.1,Never,Regular,No,31.3,2024-05-03,Radiation Therapy,10,12,Alive,Medium
ONC-06618,55,Female,Breast,Stage Ii,0.1,Former,Regular,Yes,35.6,2020-09-26,Chemotherapy,4,31,Not Recorded,Medium
ONC-05571,58,Male,Ovarian,Stage Ii,4.8,Former,Regular,No,17.7,2016-12-23,Surgery,5,12,Alive,Medium
ONC-03141,58,Female,Liver,Stage Iv,7.2,Never,Heavy,No,27.1,2021-09-07,Radiation Therapy,5,6,Alive,Medium
ONC-00943,60,Female,Lung,Stage Iii,3.4,Never,Regular,Yes,21.7,2016-07-17,Radiation Therapy,7,13,Alive,Medium
ONC-03089,69,Male,Brain,Stage Iv,1.4,Never,Regular,Yes,24.0,2019-04-19,Immunotherapy,5,5,Alive,Medium
ONC-05209,30,Other,Prostate,Stage Iv,0.2,Never,Heavy,Yes,33.4,2020-12-21,Palliative Care,6,34,Alive,High
ONC-01071,58,Female,Lung,Stage I,5.4,Never,Occasional,No,19.0,2023-05-04,Chemotherapy,5,12,Deceased,Low
ONC-01921,57,Male,Lung,Stage Iii,2.6,Former,Regular,No,20.6,2022-04-02,Combination Therapy,5,4,Deceased,High
ONC-07393,55,Male,Liver,Stage Iii,0.1,Current,Occasional,No,21.6,2017-05-23,Palliative Care,4,12,Alive,Medium
ONC-04261,58,Female,Lung,Stage Ii,2.4,Former,Occasional,Yes,27.5,2015-09-01,Combination Therapy,11,1,Alive,High
ONC-05892,57,Female,Pancreatic,Stage I,3.7,Former,Occasional,No,26.3,2015-12-08,Palliative Care,8,21,Not Recorded,Not Recorded
ONC-05877,58,Male,Brain,Stage Iv,1.4,Current,Heavy,Yes,32.0,2024-07-02,Radiation Therapy,7,12,Alive,Low
ONC-03582,47,Other,Ovarian,Stage I,12.4,Current,Heavy,Yes,35.9,Unknown,Immunotherapy,11,62,Deceased,Medium
ONC-06859,76,Female,Colorectal,Stage Iv,4.0,Never,Regular,Yes,22.1,Unknown,Surgery,11,4,Alive,High
ONC-00719,63,Other,Prostate,Stage Ii,3.6,Never,Occasional,Yes,22.6,2016-05-03,Radiation Therapy,4,8,Alive,Medium
ONC-02894,64,Male,Lung,Stage Ii,7.4,Former,Regular,Yes,18.3,2023-12-03,Surgery,4,9,Deceased,Not Recorded
ONC-00997,58,Male,Lung,Stage I,1.8,Current,Occasional,Yes,24.9,Unknown,Radiation Therapy,4,0,Deceased,Low
ONC-00643,57,Male,Skin (Melanoma),Stage Iv,1.6,Current,Occasional,Yes,19.8,2022-05-23,Immunotherapy,6,18,Alive,Low
ONC-07088,46,Female,Breast,Stage Ii,6.9,Former,Regular,Yes,25.8,Unknown,Palliative Care,4,12,Alive,Low
ONC-03697,78,Female,Brain,Stage Iv,0.7,Current,Heavy,No,32.8,2016-02-28,Palliative Care,7,21,Deceased,Critical
ONC-06359,56,Other,Breast,Stage Iii,1.3,Never,Regular,Yes,35.9,2022-03-03,Radiation Therapy,6,43,Alive,High
ONC-00197,72,Female,Blood (Leukemia),Stage Iv,7.8,Current,Regular,No,34.6,Unknown,Immunotherapy,3,3,Alive,Medium
ONC-07130,25,Other,Prostate,Stage Ii,0.6,Former,Regular,No,29.5,2018-06-03,Palliative Care,5,28,Alive,High
ONC-04312,27,Female,Prostate,Stage Iii,9.0,Never,Heavy,No,30.6,2018-03-30,Surgery,5,39,Not Recorded,Low
ONC-00359,39,Other,Prostate,Stage Iv,3.0,Never,Heavy,Yes,26.5,2024-04-17,Immunotherapy,4,29,Deceased,High
ONC-04452,62,Male,Brain,Stage Iv,0.6,Current,Regular,Yes,25.4,2023-03-08,Surgery,7,12,Alive,High
ONC-03888,49,Male,Skin (Melanoma),Stage I,1.0,Current,Regular,Yes,23.5,Unknown,Immunotherapy,7,4,Alive,Medium
ONC-03297,73,Male,Prostate,Stage Ii,1.1,Never,Regular,Yes,28.8,2024-12-16,Immunotherapy,6,1,Alive,Medium
ONC-04990,55,Other,Brain,Stage Ii,6.4,Never,Regular,Yes,26.3,2023-11-10,Palliative Care,6,45,Alive,High
ONC-04153,67,Other,Lung,Stage Ii,1.8,Former,Regular,Yes,26.5,2015-11-30,Chemotherapy,7,12,Alive,Medium
ONC-03385,47,Other,Colorectal,Stage Iv,0.3,Former,Regular,Yes,29.5,2017-09-03,Immunotherapy,10,16,Deceased,High
ONC-05581,65,Female,Breast,Stage Iii,3.0,Never,Regular,Yes,28.6,2022-08-02,Palliative Care,6,92,Alive,Low
ONC-07472,65,Other,Colorectal,Stage Ii,6.2,Former,Regular,No,29.0,2019-02-26,Radiation Therapy,4,7,Alive,Low
ONC-05623,48,Male,Lung,Stage Ii,0.7,Never,Heavy,Yes,30.9,2022-09-28,Chemotherapy,6,12,Alive,Low
ONC-03851,28,Other,Colorectal,Stage Ii,2.4,Never,Heavy,Yes,23.3,2017-09-13,Surgery,5,14,Deceased,Critical
ONC-04200,50,Female,Brain,Stage Iv,4.9,Current,Regular,Yes,22.6,2021-06-24,Radiation Therapy,6,3,Alive,Not Recorded
ONC-00989,66,Female,Breast,Stage I,2.2,Never,Regular,Yes,22.8,Unknown,Palliative Care,8,7,Alive,Low
ONC-05330,56,Male,Brain,Stage Iv,2.6,Never,Occasional,Yes,17.6,2016-05-11,Radiation Therapy,6,14,Alive,Medium
ONC-01809,58,Other,Lung,Stage I,3.4,Former,Regular,Yes,26.0,2015-09-29,Immunotherapy,10,6,Alive,Medium
ONC-02621,51,Other,Liver,Stage Ii,1.8,Never,Regular,No,31.6,Unknown,Chemotherapy,9,3,Alive,Medium
ONC-04915,61,Male,Prostate,Stage Iv,2.4,Never,Heavy,Yes,25.5,2017-11-11,Immunotherapy,3,3,Alive,High
ONC-03523,58,Female,Colorectal,Stage Iv,0.6,Current,Occasional,Yes,18.6,2016-07-11,Immunotherapy,12,12,Not Recorded,Critical
ONC-00029,89,Other,Lung,Stage Ii,1.9,Never,Regular,Yes,31.2,2019-09-14,Palliative Care,3,5,Alive,Medium
ONC-05170,82,Male,Blood (Leukemia),Stage Iv,9.0,Never,Regular,Yes,23.8,2024-10-21,Palliative Care,6,37,Alive,High
ONC-00128,60,Other,Prostate,Stage Ii,2.4,Current,Regular,No,27.8,2021-09-12,Combination Therapy,6,17,Not Recorded,Low
ONC-04088,85,Other,Colorectal,Stage I,0.1,Current,Occasional,No,25.7,2018-08-21,Palliative Care,10,9,Alive,Low
ONC-05311,48,Male,Skin (Melanoma),Stage Ii,2.3,Current,Regular,Yes,30.5,2019-09-19,Combination Therapy,6,14,Not Recorded,High
ONC-04841,58,Other,Skin (Melanoma),Stage Ii,1.9,Current,Heavy,Yes,28.5,2017-05-08,Combination Therapy,6,27,Alive,Medium
ONC-03152,58,Male,Liver,Stage Iv,2.4,Current,Occasional,Yes,31.2,2017-07-25,Palliative Care,4,12,Alive,Critical
ONC-02438,47,Female,Prostate,Stage Iv,2.4,Former,Regular,No,30.1,2019-10-29,Chemotherapy,1,5,Alive,High
ONC-03597,44,Male,Blood (Leukemia),Stage Iv,0.9,Never,Occasional,No,19.3,2016-08-29,Radiation Therapy,7,5,Alive,Critical
ONC-01517,66,Other,Brain,Stage Iii,2.3,Never,Occasional,No,32.6,2015-03-23,Immunotherapy,6,27,Deceased,Critical
ONC-03664,71,Other,Breast,Stage Iv,6.8,Never,Regular,Yes,24.8,2018-12-11,Surgery,5,12,Deceased,High
ONC-02293,55,Other,Prostate,Stage Iii,5.5,Current,Occasional,Yes,26.7,Unknown,Surgery,6,10,Alive,Low
ONC-01329,58,Male,Ovarian,Stage Iv,0.1,Former,Heavy,No,33.7,Unknown,Surgery,5,20,Alive,Critical
ONC-02259,35,Other,Liver,Stage I,5.0,Never,Regular,Yes,23.9,2020-12-03,Combination Therapy,3,37,Alive,Low
ONC-03890,67,Other,Prostate,Stage Ii,13.2,Never,Regular,Yes,20.9,2022-04-03,Immunotherapy,7,32,Deceased,Low
ONC-03591,58,Female,Ovarian,Stage Iii,2.3,Current,Regular,No,27.7,2017-03-10,Surgery,10,18,Alive,High
ONC-06212,61,Other,Colorectal,Stage Ii,7.3,Never,Regular,No,29.7,2022-01-11,Palliative Care,5,20,Alive,Medium
ONC-07373,61,Female,Prostate,Stage Iv,4.4,Current,Regular,Yes,28.2,2020-09-24,Immunotherapy,7,7,Alive,High
ONC-01183,56,Female,Prostate,Stage Ii,1.1,Former,Regular,No,26.0,2019-02-13,Palliative Care,7,9,Alive,Medium
ONC-02147,62,Other,Liver,Stage I,2.4,Never,Regular,Yes,30.7,2016-08-02,Palliative Care,2,7,Deceased,Low
ONC-01083,50,Other,Colorectal,Stage Ii,3.3,Never,Regular,No,26.7,Unknown,Chemotherapy,5,2,Alive,High
ONC-07487,75,Other,Lung,Stage Iii,5.3,Never,Regular,No,30.6,2019-04-22,Surgery,4,19,Not Recorded,High
ONC-02722,42,Male,Ovarian,Stage Ii,2.4,Former,Regular,No,24.5,2019-11-08,Immunotherapy,5,39,Not Recorded,Critical
ONC-00040,47,Other,Prostate,Stage Iv,0.4,Never,Regular,Yes,25.8,2023-10-31,Palliative Care,6,2,Alive,Critical
ONC-00384,46,Other,Liver,Stage I,2.4,Never,Regular,Yes,23.8,2022-04-05,Chemotherapy,6,10,Alive,Medium
ONC-03632,81,Male,Prostate,Stage Ii,4.3,Former,Heavy,No,23.1,Unknown,Radiation Therapy,2,60,Alive,Medium
ONC-01031,59,Female,Prostate,Stage Ii,6.8,Never,Regular,No,26.0,2016-08-21,Immunotherapy,8,24,Alive,Low
ONC-02952,40,Female,Prostate,Stage Ii,2.9,Never,Regular,No,31.3,2022-04-11,Radiation Therapy,6,17,Alive,Medium
ONC-02568,76,Other,Pancreatic,Stage I,8.9,Never,Regular,No,22.9,2018-09-19,Radiation Therapy,6,5,Deceased,Medium
ONC-01788,53,Other,Colorectal,Stage Iii,1.6,Never,Regular,No,30.0,2016-09-22,Palliative Care,6,35,Alive,Medium
ONC-01282,67,Female,Brain,Stage Iii,5.4,Former,Heavy,Yes,26.0,2018-09-14,Palliative Care,10,7,Deceased,High
ONC-04920,55,Other,Breast,Stage Iii,2.7,Current,Regular,No,28.8,2018-02-26,Radiation Therapy,7,25,Deceased,Critical
ONC-06254,58,Other,Ovarian,Stage I,8.0,Current,Regular,Yes,26.0,2020-12-11,Radiation Therapy,6,13,Alive,Low
ONC-00962,72,Other,Liver,Stage Iv,3.2,Former,Occasional,No,21.1,Unknown,Chemotherapy,4,7,Deceased,Critical
ONC-02763,40,Female,Brain,Stage Iv,4.1,Former,Occasional,Yes,24.3,2023-05-01,Palliative Care,5,1,Alive,Low
ONC-05592,41,Male,Colorectal,Stage Iv,3.9,Never,Heavy,Yes,26.8,2020-12-15,Combination Therapy,8,12,Alive,Critical
ONC-01342,54,Female,Liver,Stage Ii,0.3,Current,Regular,Yes,17.4,2017-06-25,Chemotherapy,6,12,Alive,Low
ONC-05701,47,Male,Lung,Stage Ii,15.8,Former,Occasional,No,33.5,Unknown,Surgery,3,7,Alive,Medium
ONC-03199,58,Male,Skin (Melanoma),Stage Iii,5.2,Never,Regular,No,28.5,2024-02-13,Radiation Therapy,6,12,Deceased,Medium
ONC-00813,68,Other,Colorectal,Stage I,10.2,Never,Regular,Yes,26.0,2020-05-24,Palliative Care,10,10,Alive,Medium
ONC-07128,65,Other,Prostate,Stage Iii,2.3,Never,Regular,No,25.0,2023-11-11,Palliative Care,6,4,Alive,Low
ONC-05880,61,Other,Prostate,Stage Iv,3.6,Current,Regular,Yes,34.5,2016-09-16,Radiation Therapy,5,13,Deceased,Low
ONC-05213,58,Male,Pancreatic,Stage I,0.8,Former,Regular,Yes,25.4,2022-02-05,Radiation Therapy,6,1,Alive,Low
ONC-03855,58,Other,Liver,Stage I,13.7,Never,Heavy,Yes,20.0,2017-01-22,Surgery,5,10,Alive,Low
ONC-06332,50,Other,Lung,Stage Ii,0.8,Never,Occasional,No,26.0,2024-10-20,Radiation Therapy,9,9,Not Recorded,Low
ONC-04708,64,Other,Liver,Stage Iv,2.1,Never,Regular,No,26.1,2020-06-11,Chemotherapy,7,12,Alive,High
ONC-07286,59,Other,Prostate,Stage Ii,5.0,Never,Regular,No,27.9,2016-07-18,Chemotherapy,4,12,Alive,Medium
ONC-03568,37,Other,Lung,Stage I,2.4,Never,Heavy,Yes,35.5,2021-09-14,Palliative Care,8,31,Alive,High
ONC-05918,48,Female,Skin (Melanoma),Stage Iv,0.6,Never,Regular,No,25.8,Unknown,Surgery,4,1,Alive,High
ONC-06656,76,Female,Liver,Stage I,8.2,Current,Regular,No,32.0,2018-11-15,Palliative Care,6,1,Alive,Low
ONC-00420,36,Female,Pancreatic,Stage Iii,0.1,Never,Occasional,No,26.0,2019-07-10,Chemotherapy,4,44,Alive,Medium
ONC-02070,58,Male,Brain,Stage I,1.0,Never,Regular,Yes,22.0,2022-04-23,Chemotherapy,4,10,Deceased,Medium
ONC-01409,59,Other,Liver,Stage Iv,1.0,Former,Regular,No,22.3,2024-05-19,Surgery,14,5,Alive,Critical
ONC-00412,60,Male,Prostate,Stage I,0.4,Never,Occasional,Yes,37.1,2018-09-08,Radiation Therapy,11,12,Deceased,Medium
ONC-06172,65,Male,Skin (Melanoma),Stage Iii,1.4,Current,Regular,Yes,31.9,2015-01-24,Immunotherapy,8,9,Alive,Not Recorded
ONC-01302,60,Other,Skin (Melanoma),Stage I,0.1,Former,Occasional,No,28.3,2016-12-09,Palliative Care,6,12,Deceased,Low
ONC-03183,74,Female,Skin (Melanoma),Stage Iv,0.9,Former,Regular,Yes,21.4,Unknown,Surgery,7,3,Alive,Critical
ONC-06658,69,Male,Ovarian,Stage I,3.7,Never,Occasional,Yes,29.5,2017-04-10,Palliative Care,4,19,Not Recorded,Low
ONC-00604,58,Other,Prostate,Stage I,1.1,Current,Regular,Yes,22.6,2016-04-11,Palliative Care,6,26,Alive,Low
ONC-04236,65,Male,Prostate,Stage Ii,10.2,Never,Occasional,No,24.5,Unknown,Combination Therapy,6,7,Alive,Medium
ONC-01157,29,Male,Skin (Melanoma),Stage Iv,3.8,Current,Regular,No,24.1,2021-07-16,Palliative Care,9,32,Alive,Low
ONC-04936,61,Male,Liver,Stage Iv,2.2,Never,Regular,No,26.0,2020-07-05,Surgery,9,7,Deceased,Critical
ONC-06436,67,Male,Colorectal,Stage I,0.4,Never,Regular,No,27.7,2024-06-04,Immunotherapy,7,4,Alive,Low
ONC-05393,47,Female,Liver,Stage Ii,12.8,Former,Heavy,No,30.2,Unknown,Surgery,8,36,Alive,Medium
ONC-01318,55,Other,Brain,Stage Ii,0.4,Never,Regular,No,24.5,2023-11-04,Surgery,3,21,Deceased,Critical
ONC-00961,41,Male,Colorectal,Stage Iv,7.7,Never,Regular,Yes,28.9,2016-02-01,Surgery,6,35,Deceased,Critical
ONC-06685,64,Male,Prostate,Stage Iv,1.0,Former,Occasional,Yes,20.5,2024-06-04,Palliative Care,7,8,Alive,Critical
ONC-04829,85,Other,Breast,Stage Iv,2.9,Never,Regular,Yes,23.8,2018-06-02,Combination Therapy,10,23,Alive,Critical
ONC-07067,65,Male,Liver,Stage I,3.8,Current,Regular,No,23.7,2021-04-18,Immunotherapy,3,7,Alive,Low
ONC-02427,58,Other,Blood (Leukemia),Stage Iii,3.7,Never,Occasional,No,30.4,2022-01-17,Palliative Care,6,4,Alive,Critical
ONC-03771,45,Female,Blood (Leukemia),Stage Ii,2.8,Former,Regular,No,25.4,2024-07-23,Immunotherapy,3,7,Not Recorded,High
ONC-02549,60,Other,Prostate,Stage I,0.4,Current,Heavy,No,28.8,2022-01-21,Radiation Therapy,9,15,Alive,Medium
ONC-00409,28,Female,Pancreatic,Stage Ii,2.0,Never,Occasional,Yes,26.2,2015-02-22,Palliative Care,7,18,Not Recorded,Medium
ONC-01097,62,Male,Skin (Melanoma),Stage Ii,1.9,Former,Regular,No,25.9,2016-11-04,Palliative Care,6,16,Alive,High
ONC-03931,22,Female,Ovarian,Stage Iv,3.3,Current,Heavy,No,28.9,2018-10-27,Palliative Care,6,12,Alive,High
ONC-03311,39,Other,Liver,Stage Ii,2.4,Never,Regular,No,31.3,2016-05-02,Radiation Therapy,6,44,Alive,Medium
ONC-05922,72,Other,Lung,Stage Iv,2.4,Former,Heavy,Yes,29.9,2017-03-09,Surgery,8,0,Alive,Medium
ONC-00165,58,Other,Breast,Stage Iv,2.7,Former,Occasional,No,29.6,2015-12-01,Radiation Therapy,8,16,Alive,Medium
ONC-07408,48,Other,Breast,Stage Iv,0.2,Former,Occasional,No,22.3,2017-05-18,Chemotherapy,5,3,Not Recorded,High
ONC-04050,58,Female,Lung,Stage Iii,13.0,Never,Occasional,No,22.5,2019-12-18,Chemotherapy,7,8,Deceased,Medium
ONC-04406,76,Male,Prostate,Stage Iv,2.0,Current,Heavy,Yes,26.0,2018-03-26,Radiation Therapy,6,83,Alive,Medium
ONC-07230,40,Other,Prostate,Stage I,2.5,Current,Regular,Yes,27.9,2018-01-29,Chemotherapy,9,21,Alive,Not Recorded
ONC-06459,70,Other,Skin (Melanoma),Stage Iii,1.1,Former,Occasional,Yes,26.0,2021-09-09,Immunotherapy,6,47,Alive,Not Recorded
ONC-03774,58,Female,Liver,Stage I,5.1,Current,Regular,Yes,15.2,2015-04-19,Combination Therapy,6,12,Deceased,Low
ONC-05371,54,Other,Breast,Stage Iv,4.8,Never,Heavy,No,26.0,2022-03-14,Surgery,9,12,Deceased,Critical
ONC-03412,58,Other,Liver,Stage I,3.0,Former,Regular,No,28.7,2019-03-23,Chemotherapy,9,19,Alive,Low
ONC-02738,64,Male,Ovarian,Stage Ii,0.8,Never,Heavy,Yes,22.2,2022-07-22,Chemotherapy,3,40,Not Recorded,Low
ONC-04691,68,Other,Prostate,Stage I,7.2,Current,Heavy,No,29.0,2015-02-25,Palliative Care,8,13,Alive,Medium
ONC-02994,58,Female,Prostate,Stage Iv,4.2,Never,Regular,No,30.6,2018-12-07,Chemotherapy,9,13,Alive,High
ONC-03679,58,Other,Skin (Melanoma),Stage I,1.0,Current,Occasional,No,22.6,2019-12-13,Combination Therapy,12,23,Deceased,Low
ONC-06300,58,Female,Ovarian,Stage Ii,0.9,Former,Occasional,No,28.0,2023-05-17,Palliative Care,9,2,Not Recorded,Low
ONC-00844,78,Male,Liver,Stage Ii,6.1,Former,Regular,Yes,26.0,2022-11-25,Combination Therapy,7,2,Deceased,Low
ONC-04460,58,Male,Skin (Melanoma),Stage Iv,0.9,Current,Regular,No,15.2,2016-05-05,Immunotherapy,4,3,Deceased,High
ONC-01060,72,Male,Prostate,Stage Iv,1.1,Never,Occasional,Yes,36.9,2019-10-22,Combination Therapy,4,5,Alive,Critical
ONC-04398,58,Female,Liver,Stage Iii,1.1,Former,Heavy,No,25.7,2022-07-31,Radiation Therapy,6,0,Alive,Critical
ONC-05063,39,Female,Skin (Melanoma),Stage Iv,7.4,Former,Occasional,Yes,27.6,2023-12-24,Combination Therapy,6,5,Alive,Medium
ONC-01356,77,Other,Prostate,Stage Ii,2.4,Never,Regular,Yes,20.6,2018-04-15,Surgery,5,12,Deceased,Medium
ONC-01068,66,Male,Blood (Leukemia),Stage Ii,2.8,Current,Heavy,Yes,24.4,Unknown,Chemotherapy,7,12,Alive,Low
ONC-06523,58,Female,Ovarian,Stage Iv,2.7,Never,Heavy,Yes,28.5,2021-04-25,Immunotherapy,6,16,Alive,Medium
ONC-06805,71,Other,Prostate,Stage Iv,2.6,Former,Regular,No,36.2,2017-12-05,Palliative Care,7,26,Alive,Critical
ONC-00761,70,Other,Prostate,Stage Iii,4.7,Current,Heavy,Yes,25.0,Unknown,Chemotherapy,8,14,Alive,Critical
ONC-00979,69,Other,Brain,Stage Iv,1.8,Current,Occasional,No,28.6,2019-10-02,Radiation Therapy,7,10,Deceased,Low
ONC-04825,44,Male,Blood (Leukemia),Stage Iii,4.8,Never,Occasional,No,23.9,Unknown,Surgery,8,12,Alive,Critical
ONC-01308,56,Female,Prostate,Stage Iii,2.1,Never,Heavy,No,22.9,Unknown,Radiation Therapy,9,6,Alive,High
ONC-05447,58,Other,Pancreatic,Stage Iii,2.3,Former,Regular,No,35.2,2017-11-24,Palliative Care,5,2,Deceased,Not Recorded
ONC-04807,44,Female,Brain,Stage Iv,1.0,Current,Regular,Yes,27.8,Unknown,Palliative Care,4,61,Deceased,Critical
ONC-05347,43,Male,Prostate,Stage Iii,5.4,Never,Regular,Yes,31.9,2016-04-08,Chemotherapy,4,24,Not Recorded,Critical
ONC-02204,29,Other,Lung,Stage Iii,3.3,Current,Heavy,Yes,22.0,Unknown,Immunotherapy,7,21,Alive,High
ONC-02421,82,Male,Colorectal,Stage I,8.7,Current,Heavy,No,24.5,2019-10-01,Radiation Therapy,8,7,Alive,Not Recorded
ONC-06671,52,Male,Brain,Stage Iv,7.7,Never,Regular,No,32.2,2020-11-11,Palliative Care,5,2,Alive,Medium
ONC-01294,75,Other,Blood (Leukemia),Stage Iv,7.9,Never,Regular,No,26.0,2017-01-03,Palliative Care,9,56,Deceased,High
ONC-03835,58,Female,Prostate,Stage Iv,6.6,Current,Regular,No,22.7,2024-12-02,Palliative Care,6,4,Deceased,Critical
ONC-04122,61,Female,Prostate,Stage I,3.9,Never,Occasional,Yes,27.2,Unknown,Palliative Care,9,5,Deceased,Low
ONC-06305,58,Other,Pancreatic,Stage Iv,1.8,Never,Regular,Yes,24.2,Unknown,Radiation Therapy,8,37,Alive,High
ONC-07074,58,Female,Skin (Melanoma),Stage Iii,0.4,Never,Regular,No,36.3,2023-05-07,Surgery,5,31,Not Recorded,Medium
ONC-03383,67,Female,Brain,Stage Iv,0.6,Never,Regular,No,22.7,2019-04-21,Palliative Care,6,6,Alive,Critical
ONC-02364,72,Other,Breast,Stage Ii,2.0,Never,Regular,No,33.5,Unknown,Combination Therapy,6,4,Not Recorded,High
ONC-06482,55,Other,Lung,Stage I,9.6,Current,Regular,No,30.1,2019-07-05,Surgery,6,36,Deceased,Low
ONC-02999,60,Other,Breast,Stage I,6.3,Current,Regular,Yes,20.0,2015-09-03,Palliative Care,6,5,Alive,Low
ONC-02611,65,Female,Liver,Stage Iii,2.9,Never,Occasional,Yes,19.6,2016-11-20,Palliative Care,6,11,Alive,Medium
ONC-00325,62,Female,Breast,Stage Ii,3.4,Former,Regular,Yes,27.9,Unknown,Surgery,3,24,Alive,Low
ONC-05567,34,Other,Colorectal,Stage I,4.0,Current,Regular,No,31.4,2017-07-10,Surgery,4,1,Alive,Medium
ONC-05339,45,Female,Prostate,Stage Iv,12.2,Former,Heavy,Yes,24.0,2015-12-18,Surgery,3,6,Deceased,Medium
ONC-04535,55,Female,Brain,Stage Iii,3.7,Never,Regular,Yes,21.5,2015-02-26,Radiation Therapy,6,17,Alive,High
ONC-05577,56,Female,Pancreatic,Stage Ii,1.4,Current,Regular,No,18.1,2023-12-29,Radiation Therapy,8,10,Alive,Not Recorded
ONC-03482,29,Female,Prostate,Stage Ii,3.6,Never,Regular,No,22.4,2016-01-02,Radiation Therapy,6,29,Deceased,Medium
ONC-03926,58,Male,Ovarian,Stage Iv,2.0,Never,Regular,No,17.2,2017-01-07,Chemotherapy,6,11,Alive,Medium
ONC-06374,75,Other,Brain,Stage Ii,0.7,Former,Regular,No,25.8,2017-09-02,Surgery,6,7,Alive,Not Recorded
ONC-06520,41,Other,Colorectal,Stage Iv,3.5,Never,Occasional,No,23.5,2016-01-07,Palliative Care,11,5,Alive,Critical
ONC-05723,60,Male,Liver,Stage Iii,0.7,Never,Occasional,Yes,31.3,2015-11-14,Palliative Care,9,2,Alive,Medium
ONC-03604,65,Other,Skin (Melanoma),Stage I,1.0,Former,Regular,No,23.9,2022-10-16,Chemotherapy,4,9,Not Recorded,Medium
ONC-04156,56,Other,Breast,Stage Iii,5.5,Current,Occasional,No,27.4,2023-07-18,Radiation Therapy,5,1,Deceased,High
ONC-07143,70,Female,Liver,Stage Iii,0.4,Former,Regular,No,22.3,2024-06-02,Surgery,7,4,Deceased,Low
ONC-04335,40,Male,Brain,Stage Iii,2.9,Never,Occasional,Yes,29.5,2020-04-16,Chemotherapy,8,12,Deceased,Medium
ONC-01064,53,Female,Blood (Leukemia),Stage Ii,5.0,Former,Regular,No,22.0,Unknown,Immunotherapy,7,16,Alive,Not Recorded
ONC-01310,83,Other,Liver,Stage Iv,0.8,Former,Occasional,No,37.0,2022-11-05,Combination Therapy,12,12,Alive,High
ONC-05641,71,Other,Ovarian,Stage Iv,5.1,Former,Heavy,No,31.6,2015-06-09,Combination Therapy,6,12,Deceased,Low
ONC-04694,52,Other,Blood (Leukemia),Stage I,0.2,Current,Occasional,Yes,18.8,2023-12-30,Chemotherapy,6,12,Alive,Low
ONC-04324,38,Female,Ovarian,Stage I,7.4,Never,Occasional,Yes,30.3,Unknown,Palliative Care,4,19,Deceased,Low
ONC-03731,59,Female,Pancreatic,Stage Iii,0.7,Current,Regular,Yes,35.4,2020-10-09,Immunotherapy,6,3,Alive,Low
ONC-00873,73,Other,Breast,Stage Ii,0.3,Former,Regular,No,21.1,2021-05-20,Combination Therapy,6,30,Alive,Critical
ONC-00953,58,Male,Colorectal,Stage Iv,10.8,Never,Regular,No,26.0,2019-07-16,Immunotherapy,6,2,Deceased,High
ONC-05054,51,Other,Breast,Stage Iv,14.7,Current,Occasional,No,22.0,2023-04-18,Surgery,4,4,Alive,Medium
ONC-02679,78,Other,Prostate,Stage Ii,6.2,Former,Regular,Yes,31.8,2016-10-10,Chemotherapy,4,37,Deceased,Medium
ONC-05620,76,Female,Prostate,Stage Iii,0.5,Current,Regular,No,21.8,2022-10-19,Immunotherapy,8,24,Deceased,Critical
ONC-07245,34,Other,Skin (Melanoma),Stage Iii,7.6,Current,Occasional,No,17.0,2020-10-09,Chemotherapy,5,12,Deceased,Medium
ONC-07457,58,Male,Lung,Stage Iii,0.3,Never,Regular,No,17.2,2019-04-10,Immunotherapy,6,21,Deceased,High
ONC-02092,45,Male,Brain,Stage Ii,2.9,Former,Regular,No,26.0,2023-09-17,Radiation Therapy,9,1,Deceased,Low
ONC-06600,69,Other,Brain,Stage Ii,9.5,Former,Regular,No,20.2,2024-08-03,Immunotherapy,4,40,Deceased,Not Recorded
ONC-03491,80,Other,Lung,Stage Iii,2.8,Former,Regular,No,26.6,2021-11-16,Palliative Care,6,0,Alive,Not Recorded
ONC-03057,57,Female,Prostate,Stage I,1.1,Never,Regular,Yes,26.0,2023-07-05,Palliative Care,3,27,Alive,Medium
ONC-02376,42,Male,Blood (Leukemia),Stage Iii,1.5,Never,Regular,No,35.9,Unknown,Radiation Therapy,8,4,Deceased,High
ONC-06248,58,Female,Colorectal,Stage Iv,2.4,Former,Occasional,No,31.6,2015-09-10,Immunotherapy,6,1,Alive,Critical
ONC-03576,61,Male,Prostate,Stage Iv,0.1,Never,Regular,Yes,22.7,2015-10-07,Palliative Care,4,29,Deceased,High
ONC-03607,44,Other,Ovarian,Stage I,11.3,Never,Regular,No,20.1,2016-09-08,Radiation Therapy,2,12,Alive,Low
ONC-05585,70,Other,Liver,Stage Ii,3.1,Never,Heavy,Yes,26.0,2020-07-12,Radiation Therapy,5,81,Alive,Low
ONC-02548,58,Female,Skin (Melanoma),Stage Ii,8.4,Current,Regular,No,19.6,2018-09-11,Chemotherapy,5,12,Alive,Low
ONC-00818,64,Male,Brain,Stage Iv,4.1,Current,Regular,No,12.0,2021-06-18,Radiation Therapy,4,12,Alive,High
ONC-02230,43,Other,Liver,Stage Iv,5.8,Never,Regular,Yes,22.9,2019-03-28,Chemotherapy,6,29,Deceased,Critical
ONC-02691,60,Other,Prostate,Stage Iii,2.4,Former,Heavy,No,30.3,2020-08-10,Palliative Care,7,72,Alive,Medium
ONC-00889,36,Other,Blood (Leukemia),Stage Iv,0.6,Never,Occasional,No,26.0,2018-06-18,Combination Therapy,10,19,Alive,High
ONC-01688,65,Other,Prostate,Stage Iii,2.7,Current,Regular,No,27.1,Unknown,Combination Therapy,3,37,Deceased,High
ONC-00695,58,Male,Brain,Stage Iv,5.5,Former,Regular,No,20.6,2020-08-24,Palliative Care,5,6,Alive,High
ONC-02877,31,Other,Blood (Leukemia),Stage Ii,6.8,Never,Regular,Yes,30.7,2016-08-05,Chemotherapy,7,80,Alive,Low
ONC-02131,62,Other,Breast,Stage I,3.0,Former,Regular,No,26.3,2018-06-20,Combination Therapy,6,53,Alive,Low
ONC-05534,39,Female,Lung,Stage Iv,0.1,Never,Occasional,No,26.2,2020-08-23,Palliative Care,2,7,Deceased,Low
ONC-01077,58,Male,Blood (Leukemia),Stage Iv,1.5,Never,Regular,No,29.1,2021-10-06,Radiation Therapy,8,17,Alive,High
ONC-00530,49,Male,Prostate,Stage Iii,3.4,Never,Occasional,No,27.5,2023-08-25,Palliative Care,6,7,Alive,Critical
ONC-03349,76,Other,Ovarian,Stage Iv,2.4,Never,Regular,No,33.0,2018-04-27,Radiation Therapy,8,11,Alive,Medium
ONC-05847,80,Female,Pancreatic,Stage Ii,1.3,Former,Heavy,Yes,34.6,Unknown,Immunotherapy,3,12,Deceased,Medium
ONC-00386,64,Other,Colorectal,Stage Iv,3.0,Current,Heavy,No,13.3,2015-01-31,Palliative Care,6,49,Deceased,High
ONC-03489,61,Other,Prostate,Stage I,0.2,Current,Regular,No,16.7,Unknown,Palliative Care,8,86,Deceased,Low
ONC-07248,67,Male,Brain,Stage Iii,1.4,Current,Regular,Yes,24.7,2019-04-23,Radiation Therapy,6,26,Deceased,Not Recorded
ONC-01907,54,Male,Skin (Melanoma),Stage Iv,4.1,Former,Heavy,No,26.0,2015-01-12,Surgery,3,12,Alive,Critical
ONC-02414,75,Other,Breast,Stage Ii,1.3,Current,Regular,Yes,26.3,2021-12-30,Chemotherapy,6,29,Not Recorded,High
ONC-04010,42,Female,Pancreatic,Stage Iii,2.5,Never,Regular,Yes,22.5,Unknown,Palliative Care,6,2,Deceased,High
ONC-02734,58,Male,Blood (Leukemia),Stage Iv,4.9,Current,Regular,Yes,26.5,2015-04-30,Chemotherapy,7,22,Deceased,Critical
ONC-05966,58,Other,Brain,Stage I,1.7,Never,Occasional,No,26.8,2023-04-01,Combination Therapy,4,12,Alive,Medium
ONC-05564,49,Other,Ovarian,Stage Ii,2.4,Never,Regular,No,22.6,2017-02-16,Chemotherapy,7,2,Alive,Low
ONC-04090,56,Female,Ovarian,Stage Iv,0.3,Never,Regular,Yes,32.7,2018-01-05,Palliative Care,6,3,Alive,Critical
ONC-03161,50,Other,Prostate,Stage Iv,3.0,Never,Regular,No,28.6,2016-12-01,Immunotherapy,6,1,Alive,High
ONC-00964,80,Female,Colorectal,Stage Iii,1.3,Never,Regular,Yes,31.7,2015-11-23,Radiation Therapy,6,6,Alive,Critical
ONC-01588,84,Female,Prostate,Stage Ii,5.2,Former,Regular,No,25.5,2023-03-17,Radiation Therapy,5,12,Alive,Medium
ONC-05101,49,Other,Breast,Stage Ii,5.2,Current,Heavy,No,24.5,2023-03-30,Combination Therapy,5,12,Deceased,Medium
ONC-02653,29,Male,Prostate,Stage I,1.2,Current,Heavy,No,32.8,2021-03-18,Palliative Care,4,6,Deceased,Low
ONC-03736,63,Female,Blood (Leukemia),Stage Iv,5.0,Former,Occasional,No,22.6,Unknown,Radiation Therapy,5,12,Alive,Medium
ONC-00608,69,Other,Breast,Stage Iii,3.3,Never,Occasional,No,24.9,2017-02-06,Combination Therapy,6,9,Alive,Critical
ONC-03884,65,Male,Skin (Melanoma),Stage Ii,8.6,Former,Regular,No,21.5,2024-02-23,Radiation Therapy,6,2,Alive,Low
ONC-06732,79,Other,Breast,Stage I,0.6,Current,Heavy,No,29.0,2018-06-06,Palliative Care,7,11,Alive,Not Recorded
ONC-03179,53,Female,Blood (Leukemia),Stage Iv,5.5,Never,Regular,No,18.3,2019-07-19,Immunotherapy,4,5,Alive,High
ONC-07359,74,Other,Skin (Melanoma),Stage Iv,1.4,Former,Regular,Yes,24.1,Unknown,Chemotherapy,3,16,Alive,Low
ONC-00947,86,Male,Breast,Stage I,2.9,Never,Regular,Yes,19.4,2017-04-16,Chemotherapy,6,18,Alive,Medium
ONC-05061,51,Other,Skin (Melanoma),Stage Ii,4.6,Never,Heavy,Yes,23.2,2018-08-10,Immunotherapy,3,67,Alive,Low
ONC-01508,70,Male,Skin (Melanoma),Stage Iv,0.7,Never,Occasional,No,24.8,2020-10-20,Immunotherapy,7,6,Alive,Medium
ONC-01301,45,Other,Liver,Stage Iv,0.5,Never,Regular,Yes,34.7,Unknown,Combination Therapy,6,9,Alive,Critical
ONC-05521,58,Other,Prostate,Stage Iv,0.2,Never,Heavy,No,28.6,2016-12-13,Radiation Therapy,9,2,Not Recorded,High
ONC-00259,68,Male,Ovarian,Stage Iv,0.2,Current,Regular,Yes,13.2,2020-08-09,Palliative Care,4,65,Alive,Medium
ONC-02665,70,Other,Prostate,Stage I,0.1,Former,Regular,Yes,30.9,2019-12-11,Palliative Care,4,12,Alive,Low
ONC-03750,59,Other,Breast,Stage Ii,2.1,Never,Heavy,No,33.1,2018-10-23,Combination Therapy,3,2,Alive,Not Recorded
ONC-02494,58,Other,Blood (Leukemia),Stage Ii,9.0,Former,Regular,No,35.5,2018-12-24,Chemotherapy,6,1,Alive,High
ONC-01331,20,Female,Blood (Leukemia),Stage Iv,5.6,Current,Heavy,Yes,24.5,2016-09-07,Palliative Care,5,25,Alive,Medium
ONC-03487,70,Other,Blood (Leukemia),Stage Iv,10.4,Never,Regular,Yes,12.0,Unknown,Palliative Care,9,69,Alive,Medium
ONC-02720,73,Male,Prostate,Stage Iv,2.4,Never,Occasional,No,26.4,2018-03-05,Immunotherapy,6,4,Deceased,Critical
ONC-06949,65,Female,Blood (Leukemia),Stage Iii,7.8,Current,Regular,Yes,25.7,2018-01-02,Surgery,6,31,Not Recorded,Critical
ONC-05994,53,Female,Pancreatic,Stage Iii,13.4,Former,Regular,Yes,29.9,2018-02-08,Palliative Care,9,0,Alive,Medium
ONC-04649,34,Male,Breast,Stage Iii,0.3,Never,Regular,Yes,26.0,2018-05-25,Radiation Therapy,6,10,Alive,Critical
ONC-07494,62,Other,Breast,Stage Iv,2.4,Current,Regular,Yes,21.1,2018-11-09,Immunotherapy,1,3,Deceased,Low
ONC-01024,44,Other,Breast,Stage Iii,2.4,Never,Regular,Yes,23.9,2018-03-12,Surgery,3,42,Alive,Critical
ONC-01626,41,Male,Prostate,Stage Ii,1.1,Never,Regular,No,32.3,2016-03-16,Combination Therapy,11,12,Alive,Low
ONC-03756,52,Female,Prostate,Stage Iii,1.9,Current,Regular,Yes,20.7,2024-10-07,Immunotherapy,6,23,Alive,Medium
ONC-03429,43,Male,Skin (Melanoma),Stage Iv,2.4,Never,Occasional,Yes,19.2,Unknown,Surgery,7,20,Deceased,High
ONC-02397,51,Male,Lung,Stage Iv,6.2,Never,Occasional,Yes,26.0,2015-05-02,Chemotherapy,6,35,Deceased,Critical
ONC-01147,51,Female,Liver,Stage Ii,0.8,Never,Regular,Yes,16.0,2016-08-26,Immunotherapy,8,12,Deceased,Low
ONC-07209,58,Male,Ovarian,Stage I,1.0,Former,Heavy,No,29.4,2024-09-30,Palliative Care,3,3,Not Recorded,Low
ONC-04734,75,Male,Prostate,Stage Iv,0.9,Never,Occasional,No,23.0,2019-07-03,Radiation Therapy,5,19,Alive,Critical
ONC-06410,68,Other,Skin (Melanoma),Stage Iv,5.4,Never,Regular,Yes,22.8,2021-07-23,Immunotherapy,12,12,Alive,Low
ONC-05744,62,Other,Prostate,Stage Iii,1.0,Current,Regular,No,21.3,2016-04-08,Palliative Care,6,12,Alive,Medium
ONC-02012,61,Male,Breast,Stage Iv,7.2,Former,Heavy,Yes,19.1,2020-08-22,Chemotherapy,6,12,Deceased,High
ONC-00020,72,Male,Breast,Stage Ii,3.8,Former,Regular,Yes,28.1,2018-02-14,Palliative Care,3,15,Alive,Low
ONC-04277,48,Female,Prostate,Stage Ii,5.8,Never,Regular,No,31.8,2017-04-22,Immunotherapy,8,2,Alive,High
ONC-05045,60,Other,Colorectal,Stage Ii,0.7,Never,Regular,No,18.8,2021-01-01,Palliative Care,8,8,Alive,High
ONC-01016,72,Male,Colorectal,Stage I,0.6,Never,Occasional,Yes,22.4,2015-11-04,Radiation Therapy,9,12,Deceased,Medium
ONC-02817,58,Other,Ovarian,Stage Iv,4.2,Never,Regular,No,25.2,2015-12-06,Chemotherapy,7,5,Alive,High
ONC-06419,66,Other,Pancreatic,Stage Iv,0.4,Never,Regular,Yes,22.8,2018-04-02,Combination Therapy,7,2,Alive,Critical
ONC-06456,61,Other,Breast,Stage I,4.8,Never,Heavy,Yes,23.3,2021-02-02,Chemotherapy,5,10,Alive,Low
ONC-02793,67,Other,Colorectal,Stage Iv,0.4,Current,Regular,Yes,36.0,2023-11-10,Combination Therapy,4,8,Not Recorded,Critical
ONC-03985,32,Male,Prostate,Stage Iii,3.2,Former,Occasional,No,21.7,Unknown,Palliative Care,2,4,Alive,Not Recorded
ONC-07205,75,Other,Blood (Leukemia),Stage Iv,6.2,Never,Regular,Yes,26.5,2015-02-25,Combination Therapy,4,9,Deceased,Critical
ONC-06398,67,Male,Liver,Stage I,0.8,Never,Occasional,Yes,33.1,Unknown,Surgery,2,12,Alive,Medium
ONC-02574,88,Female,Prostate,Stage Ii,5.9,Never,Regular,Yes,25.6,2023-03-01,Surgery,8,12,Alive,Medium
ONC-00176,56,Other,Blood (Leukemia),Stage Iii,1.1,Never,Heavy,No,25.0,2019-05-03,Radiation Therapy,6,5,Deceased,Medium
ONC-06304,44,Other,Lung,Stage Ii,9.4,Current,Regular,Yes,27.3,2023-05-02,Palliative Care,2,29,Deceased,Medium
ONC-06324,76,Female,Colorectal,Stage Iii,0.9,Former,Regular,Yes,22.0,Unknown,Immunotherapy,10,23,Alive,Low
ONC-03801,65,Female,Lung,Stage I,2.4,Current,Heavy,No,22.6,2021-12-23,Chemotherapy,6,11,Alive,Low
ONC-06796,44,Male,Liver,Stage I,4.5,Current,Regular,No,29.3,2015-08-31,Palliative Care,7,12,Alive,Low
ONC-06411,64,Male,Breast,Stage I,5.2,Never,Regular,Yes,22.6,2017-06-11,Surgery,2,12,Alive,Medium
ONC-05331,52,Female,Skin (Melanoma),Stage I,1.9,Never,Regular,Yes,26.0,2024-12-03,Radiation Therapy,7,19,Alive,Low
ONC-06979,33,Male,Ovarian,Stage I,2.4,Current,Regular,No,27.0,2018-08-12,Radiation Therapy,9,1,Alive,Medium
ONC-02220,58,Other,Breast,Stage Ii,1.1,Never,Heavy,No,28.7,2018-04-02,Combination Therapy,7,3,Alive,Medium
ONC-02093,55,Female,Colorectal,Stage I,6.9,Never,Heavy,Yes,27.7,2016-03-03,Palliative Care,6,12,Deceased,Not Recorded
ONC-04607,58,Female,Brain,Stage Ii,0.9,Current,Heavy,Yes,26.0,2020-12-14,Radiation Therapy,6,20,Alive,Low
ONC-01394,69,Female,Blood (Leukemia),Stage Iii,0.4,Current,Occasional,Yes,29.4,2018-08-08,Immunotherapy,6,32,Not Recorded,Critical
ONC-06936,51,Male,Lung,Stage Ii,0.5,Former,Occasional,Yes,29.7,Unknown,Immunotherapy,6,12,Alive,Medium
ONC-01489,51,Male,Pancreatic,Stage Ii,5.4,Never,Regular,Yes,25.9,Unknown,Immunotherapy,10,6,Alive,Medium
ONC-05908,56,Male,Liver,Stage I,0.3,Never,Heavy,No,26.0,2015-10-14,Palliative Care,3,28,Deceased,Low
ONC-05894,63,Other,Skin (Melanoma),Stage Iii,1.1,Current,Heavy,No,24.7,2022-12-26,Radiation Therapy,4,12,Alive,High
ONC-02191,72,Female,Lung,Stage I,0.8,Never,Regular,No,20.1,2018-06-20,Radiation Therapy,7,4,Deceased,Low
ONC-00948,82,Other,Prostate,Stage Ii,0.9,Former,Heavy,No,22.3,2016-11-03,Palliative Care,8,28,Alive,Low
ONC-05588,57,Female,Breast,Stage Iv,2.4,Never,Heavy,Yes,24.3,2022-10-16,Palliative Care,4,5,Alive,High
ONC-06499,60,Other,Skin (Melanoma),Stage Iv,0.7,Never,Regular,No,20.5,2024-05-20,Immunotherapy,6,12,Alive,Not Recorded
ONC-06829,69,Female,Ovarian,Stage Iii,0.6,Never,Regular,No,23.3,2024-07-18,Radiation Therapy,8,6,Alive,High
ONC-03234,46,Male,Skin (Melanoma),Stage Iv,1.4,Never,Heavy,Yes,30.6,Unknown,Surgery,2,33,Alive,Critical
ONC-01729,48,Other,Skin (Melanoma),Stage Iv,0.4,Never,Occasional,No,27.5,Unknown,Chemotherapy,5,24,Deceased,Medium
ONC-05272,65,Other,Colorectal,Stage Iv,2.3,Never,Occasional,Yes,26.0,Unknown,Combination Therapy,9,4,Alive,Critical
ONC-03757,57,Other,Breast,Stage Iv,9.3,Never,Regular,Yes,20.2,2015-05-12,Chemotherapy,4,12,Alive,Critical
ONC-01220,72,Female,Colorectal,Stage Iv,2.2,Current,Regular,No,27.0,2017-10-20,Combination Therapy,5,24,Alive,High
ONC-06695,59,Other,Skin (Melanoma),Stage Iv,4.2,Never,Heavy,No,28.5,2016-07-21,Surgery,6,17,Deceased,Critical
ONC-05583,58,Female,Liver,Stage I,13.5,Current,Regular,Yes,34.0,2019-04-26,Radiation Therapy,3,10,Alive,Low
ONC-06346,76,Female,Ovarian,Stage Iii,3.2,Current,Regular,No,28.3,Unknown,Combination Therapy,8,14,Alive,High
ONC-03652,54,Other,Pancreatic,Stage Iv,11.7,Current,Heavy,Yes,29.4,2024-03-01,Palliative Care,7,9,Alive,High
ONC-06795,34,Other,Prostate,Stage Ii,0.8,Former,Regular,No,30.0,2023-03-25,Surgery,6,20,Alive,Medium
ONC-03964,55,Male,Liver,Stage Iv,2.7,Never,Regular,Yes,25.0,2021-07-28,Immunotherapy,5,17,Alive,Not Recorded
ONC-06759,67,Female,Brain,Stage Iii,5.6,Former,Regular,No,15.1,2023-02-28,Chemotherapy,3,45,Not Recorded,High
ONC-02636,58,Other,Skin (Melanoma),Stage Iii,5.5,Never,Regular,No,20.5,2020-04-21,Combination Therapy,6,62,Deceased,Medium
ONC-02350,50,Other,Brain,Stage Iii,2.4,Never,Regular,No,24.9,2021-07-31,Immunotherapy,2,106,Alive,High
ONC-04640,57,Female,Breast,Stage Ii,1.8,Never,Regular,No,32.2,2021-12-15,Immunotherapy,3,28,Alive,Medium
ONC-05470,78,Female,Brain,Stage I,12.2,Never,Occasional,Yes,26.0,2020-05-26,Combination Therapy,4,1,Alive,Medium
ONC-02449,65,Female,Prostate,Stage I,0.4,Never,Heavy,No,26.7,2024-08-16,Palliative Care,5,7,Not Recorded,Medium
ONC-01969,63,Other,Prostate,Stage Iv,7.5,Never,Occasional,Yes,27.0,Unknown,Combination Therapy,3,33,Alive,Medium
ONC-07434,82,Other,Liver,Stage Ii,2.6,Never,Regular,Yes,25.1,2024-06-18,Chemotherapy,6,0,Deceased,High
ONC-01388,81,Other,Liver,Stage Iv,2.4,Current,Occasional,Yes,29.2,2021-12-04,Palliative Care,5,2,Alive,High
ONC-04407,77,Male,Prostate,Stage I,2.6,Former,Regular,No,35.4,Unknown,Chemotherapy,7,13,Deceased,Medium
ONC-00489,22,Other,Pancreatic,Stage I,0.4,Current,Regular,Yes,36.2,2015-05-18,Palliative Care,5,18,Alive,Low
ONC-00080,26,Female,Brain,Stage Ii,1.2,Former,Heavy,No,34.5,Unknown,Combination Therapy,7,53,Not Recorded,High
ONC-00512,50,Female,Lung,Stage Iv,0.4,Current,Occasional,No,21.8,2022-03-08,Radiation Therapy,6,12,Alive,Critical
ONC-05999,68,Male,Ovarian,Stage Iv,1.4,Former,Heavy,No,28.5,2015-08-13,Immunotherapy,6,33,Alive,Critical
ONC-02202,58,Female,Brain,Stage I,0.3,Current,Heavy,Yes,25.2,2024-03-23,Immunotherapy,7,12,Deceased,Low
ONC-06349,68,Female,Ovarian,Stage Iii,0.9,Never,Occasional,No,20.6,2015-08-12,Surgery,6,35,Not Recorded,High
ONC-04609,58,Other,Brain,Stage Iv,14.9,Former,Regular,No,24.8,2020-05-09,Immunotherapy,4,42,Deceased,High
ONC-06397,68,Other,Lung,Stage I,0.2,Never,Heavy,No,30.3,2022-01-30,Immunotherapy,4,50,Alive,Low
ONC-03580,62,Male,Brain,Stage Iv,2.6,Never,Regular,No,39.7,2021-07-06,Palliative Care,5,14,Deceased,Low
ONC-06816,56,Female,Ovarian,Stage I,1.9,Never,Regular,No,34.0,2015-08-21,Surgery,7,12,Alive,Low
ONC-00798,44,Female,Pancreatic,Stage Iv,0.3,Current,Regular,No,19.0,2015-06-29,Palliative Care,2,0,Alive,Critical
ONC-02308,58,Male,Ovarian,Stage Iii,2.1,Never,Regular,Yes,20.2,2021-06-13,Palliative Care,7,19,Alive,Medium
ONC-01609,54,Male,Breast,Stage Iii,0.9,Never,Regular,Yes,27.3,2018-05-27,Palliative Care,5,12,Alive,Low
ONC-06192,48,Male,Liver,Stage Iii,2.4,Never,Regular,No,25.2,2019-02-19,Surgery,3,45,Deceased,High
ONC-00488,47,Female,Brain,Stage I,2.0,Current,Regular,Yes,27.1,2023-09-04,Palliative Care,6,6,Alive,Medium
ONC-04477,73,Male,Prostate,Stage Iii,1.1,Current,Regular,No,25.0,2021-10-22,Combination Therapy,9,12,Alive,High
ONC-06220,42,Female,Ovarian,Stage I,3.4,Current,Heavy,No,24.7,2020-03-10,Immunotherapy,7,12,Not Recorded,Low
ONC-01845,49,Other,Pancreatic,Stage Ii,4.4,Former,Occasional,Yes,27.3,2019-07-12,Palliative Care,6,64,Alive,High
ONC-06430,58,Male,Skin (Melanoma),Stage Ii,5.4,Former,Regular,Yes,26.0,2019-07-12,Combination Therapy,9,16,Deceased,Low
ONC-04237,60,Male,Skin (Melanoma),Stage Iv,3.4,Never,Regular,No,24.6,2024-01-19,Chemotherapy,5,11,Alive,High
ONC-02133,50,Female,Colorectal,Stage Iv,6.7,Current,Regular,No,16.5,Unknown,Radiation Therapy,6,27,Alive,Critical
ONC-02075,72,Male,Liver,Stage Iv,0.9,Former,Regular,No,27.1,2016-09-18,Surgery,6,3,Alive,High
ONC-05613,70,Other,Liver,Stage Ii,5.9,Never,Regular,Yes,29.3,2024-06-22,Palliative Care,6,39,Alive,Not Recorded
ONC-04138,48,Other,Blood (Leukemia),Stage Iv,4.2,Current,Regular,No,25.5,2024-05-18,Immunotherapy,4,57,Alive,Medium
ONC-05192,62,Other,Lung,Stage I,0.5,Never,Heavy,Yes,26.0,2022-11-01,Chemotherapy,6,8,Alive,Medium
ONC-05935,68,Male,Skin (Melanoma),Stage I,0.5,Current,Occasional,No,18.3,Unknown,Palliative Care,5,3,Deceased,Low
ONC-01135,83,Female,Brain,Stage I,12.7,Never,Heavy,No,22.8,2020-12-25,Combination Therapy,2,40,Alive,High
ONC-03322,58,Female,Prostate,Stage Iv,0.1,Former,Regular,Yes,25.8,2015-12-26,Immunotherapy,2,6,Alive,Critical
ONC-01658,58,Female,Prostate,Stage Iv,2.5,Former,Regular,Yes,19.3,2023-12-26,Combination Therapy,4,2,Alive,High
ONC-00101,55,Female,Prostate,Stage I,1.4,Former,Heavy,Yes,26.7,Unknown,Radiation Therapy,6,24,Deceased,Low
ONC-01109,67,Other,Blood (Leukemia),Stage Iv,8.7,Current,Regular,Yes,21.1,2019-03-15,Chemotherapy,4,12,Not Recorded,High
ONC-04907,49,Female,Prostate,Stage Iv,0.4,Never,Heavy,Yes,33.7,Unknown,Palliative Care,7,24,Deceased,High
ONC-01221,58,Female,Brain,Stage Iv,2.9,Former,Regular,No,23.9,2023-10-10,Palliative Care,1,3,Deceased,Medium
ONC-07043,58,Male,Prostate,Stage Iii,0.2,Never,Regular,No,27.0,2017-01-06,Combination Therapy,10,5,Alive,High
ONC-00358,70,Male,Prostate,Stage Iii,0.3,Current,Regular,Yes,24.2,2019-04-30,Palliative Care,5,4,Deceased,Medium
ONC-04666,52,Other,Prostate,Stage Iv,0.8,Current,Heavy,No,21.6,2020-05-29,Surgery,5,12,Alive,High
ONC-06492,63,Other,Pancreatic,Stage Iii,4.0,Never,Regular,Yes,20.5,2021-05-18,Immunotherapy,5,1,Alive,Critical
ONC-03254,61,Other,Ovarian,Stage Iv,16.0,Current,Regular,No,26.0,2020-10-17,Surgery,8,0,Alive,Critical
ONC-06340,58,Other,Prostate,Stage Iv,0.4,Former,Regular,Yes,28.4,2017-02-25,Radiation Therapy,8,32,Alive,Not Recorded
ONC-05407,58,Male,Prostate,Stage Ii,2.4,Former,Regular,No,27.7,2024-05-05,Palliative Care,7,34,Alive,Medium
ONC-03196,86,Female,Prostate,Stage I,8.7,Never,Regular,Yes,16.9,Unknown,Surgery,6,40,Alive,Low
ONC-03509,58,Other,Brain,Stage I,0.2,Former,Heavy,Yes,29.3,2016-08-30,Palliative Care,4,12,Alive,Medium
ONC-00037,47,Other,Prostate,Stage I,2.8,Current,Regular,No,26.0,2016-06-06,Palliative Care,5,12,Alive,Medium
ONC-06011,58,Other,Ovarian,Stage Iii,0.4,Never,Regular,No,20.7,2020-01-04,Palliative Care,13,3,Alive,High
ONC-03131,75,Other,Blood (Leukemia),Stage Iv,2.1,Never,Regular,No,24.4,2023-07-12,Palliative Care,7,3,Alive,Critical
ONC-04323,77,Other,Breast,Stage Iii,2.8,Current,Regular,No,26.0,Unknown,Palliative Care,4,19,Deceased,High
ONC-02405,54,Male,Prostate,Stage Iv,8.3,Never,Regular,No,18.0,2017-06-29,Radiation Therapy,4,37,Alive,Medium
ONC-06629,74,Other,Lung,Stage Ii,11.7,Former,Regular,No,24.9,Unknown,Palliative Care,4,8,Alive,Medium
ONC-02166,43,Other,Liver,Stage Iii,0.3,Former,Regular,No,26.2,2022-03-15,Palliative Care,8,10,Not Recorded,High
ONC-06448,57,Female,Prostate,Stage Ii,1.1,Never,Regular,No,20.2,2016-11-15,Radiation Therapy,6,1,Alive,High
ONC-00728,58,Female,Brain,Stage Iii,4.2,Never,Regular,Yes,21.5,2016-06-11,Palliative Care,4,28,Alive,Medium
ONC-00726,26,Other,Colorectal,Stage Ii,2.5,Never,Regular,No,31.0,2020-03-01,Surgery,5,14,Alive,High
ONC-01764,68,Other,Prostate,Stage Iv,0.5,Current,Occasional,No,31.0,Unknown,Chemotherapy,6,75,Alive,High
ONC-02791,58,Male,Prostate,Stage Iv,0.5,Never,Occasional,Yes,29.8,2015-04-21,Surgery,6,7,Deceased,High
ONC-04569,52,Female,Prostate,Stage Iv,1.0,Former,Regular,Yes,26.0,2018-08-08,Palliative Care,6,12,Alive,Medium
ONC-01210,52,Other,Lung,Stage Iv,1.8,Never,Heavy,No,27.3,2024-08-18,Palliative Care,3,5,Alive,Low
ONC-01705,57,Female,Liver,Stage I,4.8,Never,Regular,No,25.2,2021-09-01,Combination Therapy,8,3,Alive,High
ONC-01971,48,Other,Prostate,Stage Iii,1.2,Never,Regular,No,24.0,2016-05-20,Palliative Care,11,12,Alive,Critical
ONC-02710,34,Male,Breast,Stage Ii,10.2,Never,Regular,No,25.1,2021-05-05,Palliative Care,3,12,Alive,Medium
ONC-05479,61,Female,Colorectal,Stage I,2.4,Former,Regular,Yes,26.3,2022-06-02,Surgery,8,12,Alive,Low
ONC-02025,66,Female,Prostate,Stage Iv,7.8,Never,Heavy,Yes,26.0,2023-05-11,Palliative Care,6,0,Alive,Critical
ONC-06651,65,Male,Prostate,Stage Iv,2.4,Former,Regular,Yes,24.6,2024-04-19,Chemotherapy,7,0,Alive,Critical
ONC-03962,77,Other,Ovarian,Stage Ii,2.4,Former,Regular,No,29.3,Unknown,Palliative Care,7,8,Alive,Medium
ONC-01195,62,Male,Lung,Stage Ii,4.0,Never,Regular,No,37.0,Unknown,Combination Therapy,6,10,Deceased,Low
ONC-05633,60,Other,Skin (Melanoma),Stage Iv,7.7,Current,Regular,Yes,28.0,2017-02-13,Palliative Care,5,72,Alive,Not Recorded
ONC-05237,51,Other,Prostate,Stage Iv,0.8,Never,Heavy,Yes,18.5,2015-03-18,Palliative Care,6,9,Alive,Critical
ONC-02041,75,Other,Prostate,Stage Iv,11.7,Former,Occasional,No,31.2,2018-11-18,Chemotherapy,8,10,Deceased,High
ONC-01412,67,Other,Pancreatic,Stage I,2.4,Current,Regular,No,23.5,2021-12-04,Immunotherapy,10,4,Not Recorded,Low
ONC-07003,58,Other,Prostate,Stage Iv,0.6,Never,Regular,Yes,24.2,2024-11-03,Radiation Therapy,3,28,Alive,High
ONC-04586,56,Female,Skin (Melanoma),Stage Iii,4.6,Former,Regular,Yes,17.6,2015-07-20,Palliative Care,3,12,Alive,Critical
ONC-04643,53,Other,Pancreatic,Stage I,1.4,Current,Regular,No,25.8,Unknown,Combination Therapy,7,13,Alive,Medium
ONC-05249,62,Male,Blood (Leukemia),Stage Iii,2.3,Current,Regular,No,22.7,2022-01-08,Radiation Therapy,6,12,Alive,Not Recorded
ONC-00283,58,Male,Pancreatic,Stage Iii,0.2,Current,Regular,No,16.4,Unknown,Radiation Therapy,6,12,Alive,Low
ONC-02425,43,Male,Skin (Melanoma),Stage Iv,0.5,Never,Regular,No,31.9,2017-08-31,Palliative Care,3,14,Deceased,Medium
ONC-01757,58,Female,Lung,Stage Iv,16.2,Current,Regular,No,22.2,2019-04-04,Immunotherapy,4,24,Alive,Low
ONC-06120,41,Female,Pancreatic,Stage I,1.5,Current,Regular,Yes,24.3,2019-10-25,Palliative Care,3,0,Deceased,Not Recorded
ONC-01901,62,Other,Liver,Stage I,4.8,Former,Occasional,No,26.8,2018-02-12,Palliative Care,5,10,Not Recorded,Low
ONC-07150,68,Male,Lung,Stage Iii,0.6,Current,Regular,No,23.2,Unknown,Immunotherapy,5,0,Alive,High
ONC-06263,64,Other,Colorectal,Stage Iv,12.7,Never,Regular,No,21.6,Unknown,Combination Therapy,6,5,Alive,Critical
ONC-05134,36,Female,Breast,Stage Ii,1.9,Former,Regular,No,24.9,2023-08-03,Palliative Care,8,12,Deceased,Low
ONC-02670,55,Other,Pancreatic,Stage I,2.6,Current,Regular,Yes,33.7,2024-09-07,Immunotherapy,6,12,Deceased,Low
ONC-01942,34,Other,Skin (Melanoma),Stage Iv,2.4,Former,Regular,No,27.1,2015-04-01,Combination Therapy,5,5,Deceased,Not Recorded
ONC-05013,53,Female,Blood (Leukemia),Stage Iii,0.5,Current,Regular,No,31.2,2024-03-08,Chemotherapy,8,18,Not Recorded,High
ONC-01201,41,Female,Lung,Stage Iv,2.4,Current,Regular,Yes,24.6,2018-10-16,Immunotherapy,5,2,Alive,Not Recorded
ONC-02209,30,Other,Blood (Leukemia),Stage Ii,2.1,Never,Regular,No,26.1,2017-10-10,Surgery,5,8,Alive,Not Recorded
ONC-02975,41,Other,Blood (Leukemia),Stage I,0.1,Never,Regular,Yes,27.2,Unknown,Immunotherapy,6,1,Alive,Low
ONC-07307,57,Other,Blood (Leukemia),Stage Ii,1.7,Former,Regular,No,20.5,Unknown,Radiation Therapy,5,7,Deceased,Low
ONC-07367,58,Other,Blood (Leukemia),Stage I,3.0,Current,Regular,No,22.8,2020-09-30,Palliative Care,6,4,Alive,Low
ONC-00124,58,Male,Prostate,Stage I,2.2,Current,Regular,Yes,32.1,Unknown,Palliative Care,6,33,Alive,Low
ONC-07247,63,Other,Ovarian,Stage Iv,2.4,Never,Regular,No,25.9,2019-05-12,Combination Therapy,8,13,Alive,Not Recorded
ONC-04431,65,Other,Prostate,Stage I,1.6,Former,Regular,No,29.1,Unknown,Immunotherapy,3,12,Alive,Not Recorded
ONC-07369,56,Female,Lung,Stage Iv,2.6,Current,Regular,Yes,17.6,Unknown,Immunotherapy,6,2,Deceased,Critical
ONC-06903,68,Other,Breast,Stage Ii,0.9,Never,Heavy,No,24.1,2019-03-14,Palliative Care,6,8,Deceased,Medium
ONC-04401,46,Female,Blood (Leukemia),Stage Iv,0.2,Current,Regular,No,21.4,2015-01-07,Combination Therapy,5,3,Deceased,Medium
ONC-01754,68,Male,Brain,Stage I,0.1,Former,Regular,No,21.2,2023-10-15,Palliative Care,6,0,Alive,Low
ONC-01820,55,Other,Prostate,Stage Iii,3.4,Former,Regular,Yes,35.1,Unknown,Radiation Therapy,6,12,Alive,Low
ONC-00715,54,Other,Ovarian,Stage Iv,3.1,Former,Regular,Yes,19.3,Unknown,Palliative Care,5,30,Deceased,Low
ONC-07254,60,Other,Brain,Stage Iv,0.9,Current,Regular,No,27.5,2015-09-29,Combination Therapy,3,19,Alive,Critical
ONC-03244,70,Other,Blood (Leukemia),Stage Iv,2.3,Former,Regular,No,31.8,2020-01-31,Palliative Care,6,2,Alive,Low
ONC-00636,56,Male,Pancreatic,Stage Iv,0.1,Former,Regular,No,29.1,Unknown,Palliative Care,4,12,Alive,High
ONC-03946,78,Male,Ovarian,Stage Iii,2.2,Never,Occasional,No,23.8,2022-11-30,Radiation Therapy,10,37,Not Recorded,High
ONC-04382,77,Other,Colorectal,Stage I,2.4,Never,Heavy,No,27.5,2019-06-04,Palliative Care,9,0,Alive,Medium
ONC-05743,79,Male,Skin (Melanoma),Stage Iv,6.1,Never,Regular,Yes,17.0,2020-05-25,Palliative Care,5,18,Not Recorded,High
ONC-05401,47,Other,Prostate,Stage I,0.2,Never,Occasional,Yes,26.8,2024-08-29,Chemotherapy,6,3,Alive,High
ONC-00246,58,Other,Ovarian,Stage Ii,0.5,Former,Regular,Yes,36.4,2017-02-17,Palliative Care,6,57,Alive,Medium
ONC-00326,70,Female,Liver,Stage Iv,0.1,Current,Regular,No,25.9,Unknown,Surgery,6,12,Alive,Medium
ONC-00079,62,Other,Prostate,Stage Ii,1.9,Former,Regular,Yes,19.7,Unknown,Combination Therapy,7,40,Deceased,Low
ONC-03992,49,Male,Prostate,Stage Iv,1.0,Former,Regular,No,13.8,Unknown,Palliative Care,8,25,Alive,Medium
ONC-07052,58,Other,Liver,Stage Iv,3.5,Current,Regular,No,24.8,2019-09-12,Combination Therapy,2,30,Deceased,Medium
ONC-02745,46,Male,Skin (Melanoma),Stage I,1.7,Current,Regular,No,30.1,2017-03-07,Palliative Care,3,9,Deceased,Low
ONC-02268,58,Female,Ovarian,Stage Iv,3.9,Never,Heavy,Yes,25.5,2017-06-07,Palliative Care,6,62,Alive,High
ONC-05066,79,Other,Prostate,Stage Iv,1.8,Never,Regular,No,17.8,2018-11-28,Radiation Therapy,6,20,Alive,Medium
ONC-02395,92,Male,Blood (Leukemia),Stage Iv,1.8,Former,Regular,No,28.7,Unknown,Palliative Care,3,6,Deceased,High
ONC-01418,60,Other,Skin (Melanoma),Stage Ii,5.1,Former,Regular,No,23.3,2020-07-11,Palliative Care,6,27,Deceased,Medium
ONC-02159,59,Male,Prostate,Stage Iv,2.4,Never,Regular,No,40.4,Unknown,Surgery,10,15,Alive,Not Recorded
ONC-01976,69,Male,Prostate,Stage Iv,1.6,Never,Regular,Yes,18.3,2022-05-07,Combination Therapy,5,12,Alive,Critical
ONC-03163,58,Male,Blood (Leukemia),Stage Iii,1.0,Never,Regular,No,28.4,2020-09-10,Immunotherapy,4,17,Alive,High
ONC-00160,58,Male,Brain,Stage Ii,1.1,Former,Regular,Yes,29.6,2019-12-25,Combination Therapy,6,12,Alive,Medium
ONC-07468,33,Female,Prostate,Stage I,1.5,Current,Regular,Yes,19.8,Unknown,Radiation Therapy,6,12,Alive,High
ONC-07368,56,Male,Colorectal,Stage Iii,2.3,Current,Regular,Yes,17.8,2022-10-07,Palliative Care,6,1,Alive,Critical
ONC-01181,84,Other,Breast,Stage I,1.6,Never,Occasional,No,23.7,2024-03-19,Combination Therapy,6,47,Not Recorded,Low
ONC-03003,58,Other,Pancreatic,Stage Iv,1.3,Former,Occasional,Yes,21.7,2023-04-21,Radiation Therapy,5,12,Deceased,Not Recorded
ONC-04888,73,Male,Breast,Stage Iv,0.3,Former,Occasional,No,21.2,2018-08-16,Chemotherapy,6,4,Not Recorded,Not Recorded
ONC-06050,42,Other,Liver,Stage Iii,0.1,Current,Regular,No,16.7,Unknown,Immunotherapy,5,12,Alive,High
ONC-00217,39,Male,Pancreatic,Stage I,11.9,Never,Occasional,No,21.7,Unknown,Immunotherapy,6,14,Alive,Medium
ONC-03680,58,Male,Ovarian,Stage Ii,10.2,Former,Regular,No,31.0,Unknown,Immunotherapy,7,61,Not Recorded,High
ONC-05921,91,Other,Ovarian,Stage Iii,0.1,Never,Regular,No,26.8,Unknown,Combination Therapy,12,10,Deceased,Medium
ONC-03177,52,Male,Prostate,Stage I,3.6,Former,Regular,No,32.7,Unknown,Radiation Therapy,6,6,Alive,Medium
ONC-01410,58,Other,Skin (Melanoma),Stage Ii,3.6,Current,Heavy,No,25.5,Unknown,Radiation Therapy,3,0,Deceased,Critical
ONC-06549,75,Other,Blood (Leukemia),Stage Ii,0.2,Never,Regular,Yes,28.4,2022-05-30,Chemotherapy,5,40,Not Recorded,High
ONC-04119,59,Male,Liver,Stage Ii,1.2,Never,Regular,No,22.6,2015-04-02,Immunotherapy,4,3,Deceased,Not Recorded
ONC-06558,82,Other,Ovarian,Stage Ii,3.8,Former,Regular,No,22.1,2017-06-22,Chemotherapy,4,12,Not Recorded,Medium
ONC-04189,56,Female,Skin (Melanoma),Stage Ii,0.3,Never,Regular,No,21.9,2017-12-03,Palliative Care,6,7,Deceased,Medium
ONC-05657,30,Female,Prostate,Stage Ii,10.4,Never,Regular,Yes,19.5,2023-05-14,Palliative Care,6,12,Alive,Low
ONC-04756,58,Other,Prostate,Stage I,3.4,Never,Regular,No,26.6,2021-10-11,Immunotherapy,5,14,Deceased,Low
ONC-04241,25,Other,Lung,Stage I,1.1,Former,Regular,Yes,23.4,2019-04-17,Palliative Care,6,12,Deceased,Low
ONC-04400,44,Female,Breast,Stage I,2.2,Never,Heavy,No,26.9,Unknown,Radiation Therapy,6,21,Not Recorded,High
ONC-02966,73,Other,Prostate,Stage Ii,1.1,Never,Heavy,No,35.1,Unknown,Radiation Therapy,6,1,Deceased,Medium
ONC-04625,58,Male,Prostate,Stage Iv,4.5,Current,Regular,Yes,24.6,2022-10-24,Immunotherapy,10,3,Alive,High
ONC-05964,58,Female,Breast,Stage Iv,0.7,Former,Regular,Yes,35.2,2016-03-10,Palliative Care,3,21,Alive,Medium
ONC-04391,52,Other,Prostate,Stage Ii,1.5,Never,Heavy,No,25.9,2019-09-20,Surgery,6,18,Alive,Medium
ONC-01554,49,Female,Breast,Stage Iv,4.0,Never,Regular,No,29.3,Unknown,Chemotherapy,6,10,Alive,Medium
ONC-05495,58,Male,Breast,Stage Ii,2.9,Never,Regular,Yes,28.2,2016-09-07,Combination Therapy,6,41,Alive,Medium
ONC-04349,40,Other,Skin (Melanoma),Stage I,3.0,Former,Occasional,No,25.0,2024-06-27,Palliative Care,7,0,Not Recorded,Low
ONC-05919,90,Other,Lung,Stage Iii,2.4,Never,Regular,Yes,26.3,2021-08-03,Combination Therapy,3,28,Deceased,High
ONC-07404,52,Other,Breast,Stage I,3.1,Former,Regular,No,30.6,2021-08-22,Palliative Care,8,5,Alive,Low
ONC-06066,84,Male,Lung,Stage I,6.7,Never,Regular,No,21.1,Unknown,Palliative Care,8,0,Deceased,Low
ONC-06227,59,Female,Prostate,Stage I,2.1,Current,Regular,No,28.9,Unknown,Chemotherapy,8,12,Not Recorded,Low
ONC-04432,52,Female,Brain,Stage Iii,2.8,Never,Regular,No,29.9,2015-12-03,Chemotherapy,6,12,Deceased,Low
ONC-04982,58,Other,Brain,Stage Ii,20.0,Current,Occasional,No,26.0,2019-06-01,Immunotherapy,5,0,Deceased,High
ONC-00630,58,Other,Skin (Melanoma),Stage Iv,2.2,Never,Regular,No,32.6,2024-07-03,Chemotherapy,7,6,Deceased,Critical
ONC-03867,55,Female,Lung,Stage Iii,3.4,Current,Regular,Yes,31.4,Unknown,Surgery,6,12,Not Recorded,Critical
ONC-01948,43,Female,Lung,Stage Iv,5.6,Current,Regular,Yes,26.0,Unknown,Radiation Therapy,15,0,Alive,Critical
ONC-01615,66,Female,Prostate,Stage Iv,1.3,Never,Regular,Yes,26.0,2023-09-01,Palliative Care,4,41,Alive,Critical
ONC-01122,53,Other,Brain,Stage I,2.4,Former,Regular,Yes,26.6,2021-10-18,Surgery,6,31,Alive,Low
ONC-05046,61,Other,Liver,Stage I,5.8,Current,Regular,No,22.7,2018-06-01,Palliative Care,9,24,Deceased,Low
ONC-05528,58,Other,Prostate,Stage Ii,2.5,Current,Occasional,Yes,22.6,2021-12-30,Radiation Therapy,6,21,Not Recorded,Medium
ONC-05144,81,Other,Breast,Stage Iii,2.8,Current,Occasional,No,19.7,Unknown,Palliative Care,6,1,Alive,Not Recorded
ONC-02262,66,Other,Liver,Stage Iv,1.8,Former,Regular,No,21.3,Unknown,Combination Therapy,7,27,Alive,Critical
ONC-04343,59,Male,Ovarian,Stage Iv,6.5,Current,Regular,Yes,32.1,2024-08-27,Immunotherapy,9,18,Not Recorded,Low
ONC-01407,44,Male,Prostate,Stage I,0.4,Never,Heavy,No,24.3,Unknown,Radiation Therapy,3,5,Alive,Not Recorded
ONC-04347,58,Other,Liver,Stage Iv,2.1,Never,Heavy,No,25.6,2022-03-05,Immunotherapy,6,5,Deceased,Critical
ONC-03326,50,Other,Ovarian,Stage Ii,0.5,Former,Heavy,Yes,31.5,2023-04-21,Surgery,7,16,Not Recorded,Not Recorded
ONC-03270,58,Male,Blood (Leukemia),Stage Iii,2.4,Current,Occasional,No,17.6,2022-06-02,Chemotherapy,6,2,Alive,High
ONC-06828,58,Male,Skin (Melanoma),Stage Ii,5.4,Former,Occasional,No,29.8,2016-06-04,Radiation Therapy,6,14,Alive,Medium
ONC-05640,58,Male,Ovarian,Stage Iv,1.2,Never,Regular,No,31.5,2017-09-23,Combination Therapy,3,0,Alive,Medium
ONC-03336,65,Other,Colorectal,Stage Iv,4.0,Current,Regular,No,29.2,2020-05-07,Combination Therapy,3,12,Alive,High
ONC-06012,63,Male,Prostate,Stage Ii,1.6,Never,Regular,Yes,31.4,2016-06-05,Palliative Care,4,12,Deceased,Low
ONC-05274,50,Other,Brain,Stage I,0.8,Current,Regular,No,16.5,2023-08-31,Palliative Care,4,25,Deceased,Not Recorded
ONC-05223,57,Other,Skin (Melanoma),Stage I,4.2,Former,Regular,Yes,26.0,2017-12-06,Chemotherapy,8,22,Not Recorded,Low
ONC-06942,57,Other,Brain,Stage Iv,6.8,Never,Regular,No,29.3,2024-06-14,Palliative Care,2,15,Alive,Medium
ONC-02477,58,Female,Lung,Stage Iii,2.4,Never,Regular,No,36.0,2017-11-24,Combination Therapy,5,2,Alive,Critical
ONC-02585,58,Other,Skin (Melanoma),Stage Iv,2.4,Never,Regular,No,25.5,2023-01-08,Immunotherapy,9,1,Deceased,Not Recorded
ONC-03620,55,Female,Colorectal,Stage Iii,3.7,Never,Heavy,No,27.7,Unknown,Surgery,6,16,Alive,High
ONC-01158,58,Male,Colorectal,Stage Iv,0.1,Never,Regular,Yes,24.7,2020-11-21,Combination Therapy,6,20,Alive,Medium
ONC-04891,42,Female,Prostate,Stage Iv,1.6,Current,Regular,Yes,24.2,2021-03-17,Surgery,7,12,Alive,Critical
ONC-05077,73,Female,Blood (Leukemia),Stage Iii,2.6,Never,Regular,Yes,22.3,2015-05-14,Palliative Care,6,6,Alive,High
ONC-04623,47,Male,Colorectal,Stage I,1.4,Never,Regular,Yes,25.7,Unknown,Palliative Care,10,4,Alive,Low
ONC-00995,49,Other,Breast,Stage Iv,0.4,Current,Regular,No,16.7,2020-10-26,Combination Therapy,4,32,Not Recorded,Critical
ONC-02065,59,Other,Prostate,Stage I,2.6,Current,Regular,Yes,20.4,2015-05-28,Palliative Care,6,12,Alive,Medium
ONC-03260,59,Male,Blood (Leukemia),Stage Iii,2.9,Current,Regular,No,28.7,2023-09-15,Palliative Care,6,12,Alive,Critical
ONC-04527,35,Other,Prostate,Stage Iii,10.4,Never,Regular,No,14.8,2024-11-07,Immunotherapy,6,25,Alive,Critical
ONC-07189,47,Other,Prostate,Stage Iv,2.4,Never,Regular,Yes,21.4,2018-03-04,Palliative Care,3,15,Deceased,High
ONC-06875,60,Male,Pancreatic,Stage Iv,5.3,Never,Regular,No,30.1,2024-04-25,Chemotherapy,3,0,Alive,Critical
ONC-03772,48,Male,Breast,Stage Iii,4.8,Never,Regular,No,32.5,2016-08-25,Palliative Care,6,15,Deceased,Medium
ONC-02052,55,Other,Prostate,Stage Iii,1.3,Current,Heavy,No,25.6,Unknown,Combination Therapy,5,1,Deceased,High
ONC-05978,58,Other,Skin (Melanoma),Stage Iv,12.3,Current,Occasional,No,23.3,2024-06-05,Immunotherapy,5,0,Deceased,Critical
ONC-04369,85,Other,Skin (Melanoma),Stage Iv,7.8,Never,Occasional,No,21.4,2024-02-25,Combination Therapy,6,12,Alive,High
ONC-04979,51,Female,Lung,Stage Ii,1.7,Former,Regular,Yes,23.3,Unknown,Combination Therapy,6,12,Alive,Medium
ONC-01536,45,Female,Lung,Stage Iii,1.9,Current,Regular,No,33.1,2023-02-26,Radiation Therapy,6,14,Alive,Not Recorded
ONC-05828,47,Female,Prostate,Stage Iv,2.4,Never,Occasional,No,23.9,2017-01-20,Chemotherapy,7,12,Not Recorded,Critical
ONC-05224,69,Other,Liver,Stage Iv,0.4,Never,Regular,No,31.6,2019-06-23,Palliative Care,7,11,Alive,Low
ONC-01567,49,Other,Liver,Stage Ii,4.6,Former,Regular,Yes,26.0,2018-09-01,Radiation Therapy,6,13,Alive,High
ONC-04853,67,Male,Skin (Melanoma),Stage Ii,13.0,Current,Regular,Yes,30.3,2024-02-03,Palliative Care,5,12,Deceased,Low
ONC-03157,73,Other,Colorectal,Stage Ii,2.9,Current,Regular,No,30.4,Unknown,Palliative Care,5,4,Alive,High
ONC-00870,59,Other,Blood (Leukemia),Stage Iv,9.5,Never,Regular,No,26.0,2019-02-26,Palliative Care,2,29,Alive,High
ONC-03158,54,Female,Breast,Stage Ii,1.1,Former,Regular,Yes,26.0,2015-03-28,Chemotherapy,7,5,Not Recorded,Medium
ONC-01346,58,Other,Brain,Stage I,4.5,Former,Regular,Yes,28.2,2023-05-22,Combination Therapy,3,31,Alive,Medium
ONC-05776,58,Male,Liver,Stage Iv,2.0,Current,Regular,Yes,18.0,2020-10-26,Immunotherapy,8,8,Alive,Medium
ONC-06623,47,Other,Blood (Leukemia),Stage I,2.8,Never,Regular,No,27.9,Unknown,Combination Therapy,6,8,Deceased,Medium
ONC-03464,84,Other,Breast,Stage Iv,3.9,Former,Regular,Yes,26.1,2023-07-09,Combination Therapy,6,4,Alive,High
ONC-07188,57,Female,Colorectal,Stage Iv,0.9,Current,Regular,Yes,20.8,2015-08-06,Palliative Care,6,18,Deceased,Medium
ONC-06857,35,Male,Prostate,Stage Iv,6.3,Former,Regular,Yes,15.6,2016-01-05,Immunotherapy,6,20,Alive,Medium
ONC-00411,45,Male,Skin (Melanoma),Stage Iv,5.8,Never,Regular,No,20.4,2019-01-15,Palliative Care,9,37,Alive,High
ONC-01732,71,Other,Skin (Melanoma),Stage Iv,1.0,Current,Regular,Yes,21.9,Unknown,Immunotherapy,6,24,Not Recorded,Medium
ONC-06822,58,Other,Skin (Melanoma),Stage Ii,1.0,Never,Occasional,No,30.8,2024-09-12,Surgery,7,0,Not Recorded,Low
ONC-04121,44,Other,Prostate,Stage Iv,1.3,Never,Occasional,Yes,26.0,2018-03-20,Surgery,6,39,Deceased,Not Recorded
ONC-03621,58,Other,Breast,Stage Ii,2.3,Never,Regular,No,30.5,2021-09-22,Combination Therapy,7,12,Alive,High
ONC-03033,54,Female,Prostate,Stage Iii,10.1,Never,Regular,No,21.9,2022-08-04,Combination Therapy,4,43,Deceased,Not Recorded
ONC-02964,57,Other,Blood (Leukemia),Stage I,2.1,Current,Heavy,No,24.1,Unknown,Radiation Therapy,6,1,Deceased,High
ONC-07078,58,Other,Prostate,Stage Iii,0.9,Former,Regular,Yes,26.0,2017-05-14,Palliative Care,6,15,Alive,Critical
ONC-06659,58,Male,Pancreatic,Stage Iv,2.0,Current,Regular,Yes,24.8,2018-12-18,Chemotherapy,6,12,Alive,Medium
ONC-05943,50,Male,Colorectal,Stage Iii,3.0,Never,Regular,No,26.0,2019-09-16,Combination Therapy,6,17,Deceased,High
ONC-05871,73,Male,Prostate,Stage Iii,10.5,Never,Regular,No,24.7,Unknown,Radiation Therapy,6,1,Deceased,Medium
ONC-00880,49,Other,Skin (Melanoma),Stage I,0.2,Never,Heavy,No,28.0,2024-01-23,Palliative Care,6,67,Alive,Medium
ONC-03448,65,Other,Prostate,Stage I,1.4,Never,Regular,No,23.7,2021-05-30,Radiation Therapy,7,12,Alive,Low
ONC-06127,70,Other,Brain,Stage Iv,3.7,Never,Regular,No,27.6,2016-07-30,Palliative Care,5,26,Deceased,Not Recorded
ONC-04448,55,Female,Brain,Stage I,2.9,Never,Regular,Yes,31.3,Unknown,Immunotherapy,6,48,Alive,Not Recorded
ONC-00971,81,Male,Blood (Leukemia),Stage I,5.6,Current,Regular,No,23.1,2017-08-14,Palliative Care,10,52,Not Recorded,Medium
ONC-04591,53,Other,Lung,Stage Iv,1.1,Never,Regular,Yes,36.6,2021-03-30,Palliative Care,6,6,Alive,High
ONC-01020,32,Female,Breast,Stage Iv,0.2,Never,Regular,No,28.0,2024-12-25,Palliative Care,4,12,Alive,Not Recorded
ONC-03497,54,Male,Blood (Leukemia),Stage Iv,3.5,Never,Occasional,Yes,34.6,2024-08-08,Palliative Care,7,33,Not Recorded,High
ONC-01814,54,Female,Lung,Stage Iv,6.3,Former,Regular,Yes,30.7,2021-05-04,Palliative Care,6,12,Deceased,Critical
ONC-00701,48,Other,Colorectal,Stage Iii,6.0,Current,Regular,No,28.5,Unknown,Palliative Care,5,26,Alive,High
ONC-00610,57,Male,Prostate,Stage Ii,1.3,Never,Regular,Yes,29.3,Unknown,Chemotherapy,6,12,Deceased,Medium
ONC-02409,61,Male,Pancreatic,Stage Iii,0.9,Never,Regular,Yes,19.8,2022-06-17,Palliative Care,5,12,Deceased,Not Recorded
ONC-04777,51,Other,Breast,Stage Iv,0.7,Current,Regular,No,26.0,2017-06-02,Palliative Care,11,72,Deceased,High
ONC-05689,51,Female,Prostate,Stage Iv,2.1,Former,Regular,No,31.2,Unknown,Immunotherapy,4,11,Alive,High
ONC-06434,32,Other,Prostate,Stage Iii,6.2,Never,Occasional,Yes,24.7,Unknown,Surgery,5,4,Deceased,High
ONC-04478,34,Female,Lung,Stage Ii,2.6,Never,Regular,Yes,21.4,Unknown,Palliative Care,6,56,Deceased,Medium
ONC-06880,50,Other,Liver,Stage Iv,1.7,Never,Heavy,Yes,17.9,Unknown,Combination Therapy,2,10,Not Recorded,Medium
ONC-06365,58,Other,Lung,Stage Iii,0.2,Former,Regular,Yes,16.9,Unknown,Radiation Therapy,5,2,Not Recorded,High
ONC-05791,58,Female,Breast,Stage Ii,2.8,Former,Regular,No,35.6,2017-02-06,Radiation Therapy,6,12,Alive,Medium
ONC-00405,58,Other,Breast,Stage I,0.8,Former,Heavy,Yes,19.5,2021-02-19,Radiation Therapy,4,5,Not Recorded,Medium
ONC-06956,52,Other,Colorectal,Stage Iv,15.6,Current,Heavy,No,29.1,Unknown,Surgery,5,33,Alive,Medium
ONC-05574,72,Male,Blood (Leukemia),Stage Iii,2.4,Never,Heavy,No,26.0,2019-05-16,Surgery,7,12,Alive,Medium
ONC-02003,60,Other,Prostate,Stage I,8.0,Never,Regular,No,29.0,2024-07-10,Palliative Care,10,3,Not Recorded,High
ONC-02031,58,Male,Colorectal,Stage Iv,0.2,Former,Heavy,Yes,30.6,2021-09-27,Palliative Care,5,8,Alive,High
ONC-03205,48,Male,Breast,Stage Iv,0.4,Former,Regular,No,26.0,2016-09-22,Surgery,6,6,Not Recorded,High
ONC-01772,58,Female,Ovarian,Stage Ii,3.0,Former,Occasional,No,25.3,2021-11-03,Palliative Care,7,22,Alive,High
ONC-00006,99,Other,Brain,Stage Iii,0.7,Never,Regular,Yes,32.0,2023-09-02,Radiation Therapy,6,62,Deceased,High
ONC-00955,58,Male,Lung,Stage Iv,7.7,Never,Heavy,No,31.4,2023-08-26,Palliative Care,5,50,Not Recorded,Critical
ONC-00723,58,Male,Lung,Stage Ii,1.0,Never,Occasional,No,23.7,2024-10-13,Radiation Therapy,6,12,Deceased,High
ONC-04213,76,Female,Prostate,Stage Iii,0.3,Never,Regular,No,12.7,Unknown,Radiation Therapy,7,29,Deceased,Medium
ONC-01994,52,Male,Prostate,Stage Iii,2.6,Never,Regular,Yes,24.5,2023-03-23,Palliative Care,3,14,Alive,Critical
ONC-06793,58,Other,Ovarian,Stage I,2.8,Current,Heavy,Yes,28.0,2016-04-09,Palliative Care,9,12,Alive,Not Recorded
ONC-03096,83,Other,Blood (Leukemia),Stage Iv,5.9,Never,Heavy,No,29.3,2023-08-15,Surgery,8,7,Deceased,Critical
ONC-02524,40,Male,Brain,Stage Iv,2.4,Current,Regular,No,32.9,2015-07-12,Palliative Care,4,14,Alive,Critical
ONC-06705,47,Female,Brain,Stage I,1.2,Never,Regular,No,30.6,2017-11-23,Palliative Care,7,0,Not Recorded,Medium
ONC-05663,41,Other,Ovarian,Stage Iv,1.3,Never,Regular,No,21.9,2018-11-28,Palliative Care,6,65,Alive,Medium
ONC-01715,68,Other,Prostate,Stage Iv,2.4,Current,Regular,No,31.8,2015-01-22,Palliative Care,8,12,Alive,Medium
ONC-05212,64,Male,Prostate,Stage Iv,2.6,Current,Heavy,No,22.5,2020-02-23,Palliative Care,6,12,Alive,Critical
ONC-00090,51,Other,Skin (Melanoma),Stage Iv,6.2,Never,Heavy,Yes,30.4,2018-07-12,Radiation Therapy,3,12,Alive,Not Recorded
ONC-02001,58,Other,Ovarian,Stage I,8.0,Current,Heavy,Yes,31.6,2019-01-31,Palliative Care,10,12,Alive,Low
ONC-01411,79,Male,Blood (Leukemia),Stage I,0.2,Never,Regular,Yes,25.3,2020-10-25,Chemotherapy,8,3,Not Recorded,Low
ONC-06198,51,Other,Prostate,Stage I,2.5,Current,Occasional,No,26.0,2018-02-02,Palliative Care,6,4,Alive,Low
ONC-04318,58,Male,Colorectal,Stage Iii,2.9,Former,Regular,No,26.0,2015-11-12,Radiation Therapy,4,12,Alive,High
ONC-07070,52,Other,Prostate,Stage Iv,1.3,Never,Regular,No,23.4,2015-11-27,Palliative Care,4,32,Deceased,Low
ONC-01566,57,Male,Blood (Leukemia),Stage Ii,1.6,Current,Regular,No,26.0,2017-12-24,Combination Therapy,6,13,Alive,Medium
ONC-06825,72,Other,Colorectal,Stage Iv,2.9,Former,Heavy,No,34.5,2021-06-24,Palliative Care,6,12,Alive,Critical
ONC-02434,57,Female,Ovarian,Stage Ii,5.7,Never,Regular,Yes,20.3,Unknown,Palliative Care,6,5,Deceased,Not Recorded
ONC-03969,58,Male,Prostate,Stage Iv,0.1,Never,Occasional,Yes,26.7,Unknown,Chemotherapy,5,27,Alive,High
ONC-01811,51,Female,Prostate,Stage Ii,12.2,Current,Regular,Yes,26.6,2015-07-26,Palliative Care,9,12,Alive,High
ONC-06702,69,Other,Prostate,Stage I,0.5,Current,Occasional,Yes,26.0,2016-09-27,Radiation Therapy,7,20,Not Recorded,Low
ONC-02079,58,Male,Lung,Stage I,0.2,Never,Regular,No,26.0,2022-06-18,Chemotherapy,5,21,Deceased,Low
ONC-06302,74,Female,Blood (Leukemia),Stage Ii,6.6,Never,Regular,Yes,26.0,2017-10-07,Combination Therapy,8,15,Deceased,Medium
ONC-00747,53,Male,Prostate,Stage Iv,0.1,Never,Regular,No,18.0,2024-12-02,Palliative Care,6,18,Alive,High
ONC-04575,54,Other,Breast,Stage I,3.4,Current,Regular,Yes,22.2,2020-05-07,Chemotherapy,3,12,Deceased,Low
ONC-03142,60,Male,Colorectal,Stage Iv,3.1,Former,Heavy,Yes,24.1,Unknown,Palliative Care,5,12,Deceased,Medium
ONC-02582,47,Male,Brain,Stage Iii,7.0,Never,Regular,Yes,21.0,2023-01-22,Palliative Care,5,26,Alive,Critical
ONC-06391,70,Other,Liver,Stage Ii,1.6,Current,Heavy,Yes,28.3,Unknown,Palliative Care,6,3,Alive,High
ONC-02160,56,Other,Breast,Stage Ii,4.5,Never,Regular,No,24.3,2019-12-12,Surgery,4,46,Deceased,Low
ONC-01958,58,Other,Liver,Stage Iii,1.4,Current,Heavy,No,26.4,Unknown,Immunotherapy,8,12,Alive,High
ONC-06879,29,Female,Skin (Melanoma),Stage Iv,1.2,Current,Regular,No,21.0,Unknown,Combination Therapy,7,16,Not Recorded,High
ONC-04165,56,Female,Liver,Stage Iii,6.0,Never,Regular,No,33.0,2017-03-29,Palliative Care,7,12,Deceased,High
ONC-05713,44,Female,Liver,Stage Iv,5.9,Current,Regular,No,26.0,Unknown,Surgery,7,14,Alive,Critical
ONC-00766,45,Male,Pancreatic,Stage I,2.7,Former,Regular,No,15.5,Unknown,Radiation Therapy,4,4,Not Recorded,Low
ONC-02310,58,Female,Liver,Stage Iii,5.8,Current,Regular,Yes,16.7,2017-05-26,Immunotherapy,6,17,Alive,High
ONC-07400,63,Female,Breast,Stage I,2.1,Current,Occasional,No,25.7,Unknown,Palliative Care,5,30,Alive,Not Recorded
ONC-04410,35,Other,Prostate,Stage Iv,4.1,Current,Occasional,No,30.3,2019-11-21,Radiation Therapy,6,6,Alive,Not Recorded
ONC-02597,75,Other,Colorectal,Stage Ii,2.4,Former,Regular,Yes,23.8,2024-05-19,Radiation Therapy,8,12,Deceased,Medium
ONC-00305,75,Male,Liver,Stage Ii,5.8,Current,Regular,Yes,21.9,2024-10-21,Radiation Therapy,6,35,Not Recorded,Critical
ONC-05009,46,Male,Blood (Leukemia),Stage Iii,8.9,Current,Regular,No,26.0,2024-05-08,Palliative Care,4,17,Alive,Medium
ONC-05499,77,Male,Liver,Stage Ii,0.7,Never,Regular,No,26.0,Unknown,Palliative Care,3,5,Alive,Not Recorded
ONC-06718,62,Female,Prostate,Stage Iv,5.4,Never,Occasional,No,26.0,2016-05-27,Palliative Care,6,6,Alive,Low
ONC-00912,69,Other,Prostate,Stage Iv,2.6,Never,Occasional,No,25.9,2017-08-15,Palliative Care,5,12,Alive,High
ONC-06970,60,Male,Blood (Leukemia),Stage Iv,2.1,Current,Regular,No,21.9,2019-12-28,Chemotherapy,3,12,Alive,High
ONC-07351,59,Other,Brain,Stage Iv,2.1,Never,Occasional,Yes,38.7,Unknown,Combination Therapy,6,12,Not Recorded,Critical
ONC-02594,49,Other,Skin (Melanoma),Stage I,6.8,Current,Heavy,No,19.3,2020-11-04,Immunotherapy,5,12,Deceased,Not Recorded
ONC-01995,47,Female,Prostate,Stage Ii,7.4,Former,Regular,No,26.4,2024-05-09,Palliative Care,11,2,Alive,Low
ONC-04792,50,Other,Prostate,Stage Iv,1.7,Never,Regular,No,26.6,2022-02-19,Surgery,8,9,Deceased,Critical
ONC-00646,68,Female,Brain,Stage Iii,0.7,Never,Regular,Yes,21.8,Unknown,Immunotherapy,6,15,Alive,Not Recorded
ONC-05501,55,Other,Prostate,Stage I,2.4,Current,Regular,No,27.7,2015-11-04,Radiation Therapy,6,5,Alive,Low
ONC-02443,57,Other,Liver,Stage I,0.5,Never,Regular,No,27.3,2017-06-13,Palliative Care,5,4,Alive,Low
ONC-07337,84,Female,Prostate,Stage Iii,3.9,Current,Regular,No,36.3,2017-01-20,Chemotherapy,6,7,Alive,Critical
ONC-06657,85,Male,Lung,Stage I,1.1,Former,Heavy,No,25.9,Unknown,Surgery,3,12,Alive,Not Recorded
ONC-00921,68,Female,Lung,Stage Iv,2.6,Current,Regular,No,43.0,Unknown,Chemotherapy,7,65,Alive,Medium
ONC-05104,78,Other,Brain,Stage Ii,1.8,Never,Regular,Yes,27.0,2022-11-16,Palliative Care,5,23,Not Recorded,Medium
ONC-00478,56,Other,Brain,Stage Iv,1.5,Current,Regular,Yes,23.4,2020-05-29,Palliative Care,6,12,Alive,Medium
ONC-05318,36,Other,Blood (Leukemia),Stage Iv,0.9,Former,Regular,Yes,24.7,Unknown,Combination Therapy,6,32,Not Recorded,Critical
ONC-04148,50,Female,Pancreatic,Stage Iii,2.4,Current,Regular,No,21.0,2024-12-01,Immunotherapy,7,12,Alive,Not Recorded
ONC-01685,59,Male,Prostate,Stage Iv,7.1,Former,Heavy,No,30.6,2020-06-17,Radiation Therapy,7,12,Alive,Medium
ONC-02798,58,Male,Ovarian,Stage I,0.3,Never,Regular,No,35.8,2017-11-11,Palliative Care,6,2,Alive,Not Recorded
ONC-06585,68,Other,Liver,Stage Iv,9.5,Never,Regular,No,25.4,Unknown,Combination Therapy,4,0,Alive,High
ONC-03330,98,Other,Colorectal,Stage I,0.8,Never,Regular,No,26.0,2017-08-29,Immunotherapy,6,4,Alive,Medium
ONC-03217,77,Other,Pancreatic,Stage Iii,3.0,Never,Regular,Yes,23.0,2015-12-11,Immunotherapy,3,9,Alive,Low
ONC-02387,60,Female,Prostate,Stage Iv,1.6,Current,Regular,Yes,26.9,2019-07-23,Palliative Care,5,8,Alive,High
ONC-05842,49,Other,Pancreatic,Stage I,1.8,Never,Regular,No,28.1,2016-06-06,Palliative Care,4,0,Alive,Low
ONC-04411,61,Female,Pancreatic,Stage Iii,3.3,Current,Regular,No,26.0,2020-01-29,Surgery,6,21,Alive,High
ONC-03722,75,Female,Prostate,Stage Iii,3.4,Former,Regular,No,26.0,Unknown,Chemotherapy,6,36,Deceased,Medium
ONC-03201,44,Other,Blood (Leukemia),Stage I,0.4,Never,Regular,No,17.8,2023-07-19,Palliative Care,6,14,Alive,Not Recorded
ONC-06861,59,Male,Prostate,Stage Iv,6.1,Never,Regular,No,22.3,2021-02-06,Immunotherapy,7,8,Alive,Critical
ONC-03881,65,Male,Colorectal,Stage I,3.4,Current,Regular,No,25.0,Unknown,Palliative Care,9,10,Alive,Low
ONC-06612,65,Female,Prostate,Stage Iii,3.9,Former,Heavy,No,25.3,2016-11-17,Immunotherapy,3,45,Alive,Not Recorded
ONC-04828,58,Other,Pancreatic,Stage Iv,0.9,Never,Regular,No,14.9,2017-03-19,Chemotherapy,7,19,Alive,High
ONC-07357,58,Female,Colorectal,Stage Iv,2.5,Never,Regular,Yes,18.3,2018-09-08,Palliative Care,6,5,Deceased,Critical
ONC-06865,46,Female,Lung,Stage Iv,2.0,Current,Regular,Yes,18.6,2019-04-22,Chemotherapy,3,12,Alive,Not Recorded
ONC-03953,58,Other,Prostate,Stage Iv,7.9,Former,Heavy,Yes,18.8,2024-10-23,Surgery,9,11,Deceased,Not Recorded
ONC-02016,49,Other,Ovarian,Stage I,2.4,Former,Regular,Yes,27.5,2024-06-18,Immunotherapy,8,12,Deceased,Low
ONC-04696,58,Male,Brain,Stage Ii,0.5,Never,Regular,Yes,23.4,Unknown,Chemotherapy,6,5,Alive,Low
ONC-06619,58,Male,Blood (Leukemia),Stage Iv,5.4,Never,Regular,Yes,34.7,2016-11-07,Radiation Therapy,6,12,Deceased,Medium
ONC-02498,50,Female,Colorectal,Stage Iv,2.6,Former,Heavy,No,35.2,2021-07-25,Surgery,6,12,Not Recorded,Medium
ONC-03428,68,Female,Ovarian,Stage Iv,1.0,Former,Regular,No,26.0,2018-02-14,Palliative Care,6,8,Alive,Critical
ONC-06814,94,Female,Prostate,Stage Iv,12.9,Former,Regular,Yes,32.5,2021-11-08,Immunotherapy,6,8,Alive,Critical
ONC-04225,58,Other,Prostate,Stage Iv,1.8,Never,Regular,Yes,29.5,2017-01-02,Palliative Care,5,8,Alive,Critical
ONC-00808,38,Other,Brain,Stage Iii,2.3,Never,Regular,No,31.8,2023-04-22,Palliative Care,7,17,Alive,Medium
ONC-03996,44,Female,Brain,Stage I,2.4,Current,Regular,Yes,21.1,Unknown,Radiation Therapy,10,12,Deceased,Low
ONC-01908,79,Other,Prostate,Stage I,3.5,Never,Regular,Yes,25.4,2015-04-20,Palliative Care,6,11,Deceased,Medium
ONC-00877,58,Other,Liver,Stage Iii,2.2,Former,Heavy,No,24.4,Unknown,Palliative Care,4,20,Deceased,Medium
ONC-05695,58,Female,Pancreatic,Stage Iii,0.7,Current,Heavy,No,26.0,2020-01-01,Radiation Therapy,6,36,Alive,Critical
ONC-04375,71,Other,Liver,Stage I,2.4,Never,Regular,No,23.5,2024-06-12,Radiation Therapy,6,4,Deceased,High
ONC-03062,56,Other,Prostate,Stage Iv,6.4,Former,Regular,No,29.9,2018-08-29,Radiation Therapy,6,12,Alive,High
ONC-06038,86,Male,Lung,Stage Ii,1.2,Never,Regular,Yes,30.1,2017-08-21,Combination Therapy,6,15,Deceased,Medium
ONC-03925,66,Other,Breast,Stage Ii,0.6,Never,Regular,Yes,21.1,2020-04-17,Chemotherapy,6,2,Alive,Medium
ONC-07257,42,Other,Prostate,Stage Ii,11.8,Current,Regular,No,22.6,2019-12-31,Palliative Care,6,6,Deceased,Low
ONC-06208,66,Male,Liver,Stage Iv,2.4,Former,Heavy,Yes,26.0,2016-02-24,Immunotherapy,6,12,Alive,High
ONC-05131,50,Other,Lung,Stage Iv,2.2,Never,Regular,No,23.3,2020-10-24,Chemotherapy,6,30,Alive,Medium
ONC-01954,56,Other,Blood (Leukemia),Stage Ii,0.9,Current,Regular,No,21.9,2016-04-09,Surgery,7,12,Alive,Medium
ONC-01364,38,Other,Pancreatic,Stage Iv,2.8,Former,Regular,No,23.7,2023-07-16,Chemotherapy,4,2,Not Recorded,High
ONC-01671,69,Male,Liver,Stage Ii,2.4,Never,Occasional,Yes,32.5,2018-10-08,Chemotherapy,6,12,Alive,Medium
ONC-02956,84,Other,Prostate,Stage Iv,2.2,Never,Regular,Yes,25.6,2020-03-29,Surgery,6,2,Alive,High
ONC-06649,55,Male,Prostate,Stage Iii,4.4,Never,Regular,Yes,31.1,2022-10-24,Palliative Care,6,114,Deceased,Critical
ONC-07127,64,Other,Brain,Stage Ii,4.6,Never,Regular,No,21.3,2016-03-18,Chemotherapy,6,25,Alive,High
ONC-04631,58,Male,Ovarian,Stage Iii,0.3,Never,Occasional,No,24.1,2020-04-29,Palliative Care,6,10,Alive,Low
ONC-01316,78,Female,Prostate,Stage Iii,3.1,Former,Regular,Yes,30.4,2023-07-23,Combination Therapy,6,2,Alive,High
ONC-01631,61,Male,Skin (Melanoma),Stage Iv,9.1,Former,Occasional,Yes,25.3,2020-02-26,Palliative Care,3,12,Alive,Not Recorded
ONC-01335,58,Other,Brain,Stage I,5.0,Current,Heavy,Yes,26.0,2016-12-18,Surgery,10,18,Alive,Low
ONC-00583,62,Other,Prostate,Stage Iv,3.6,Never,Heavy,No,36.3,2019-06-03,Combination Therapy,8,7,Not Recorded,Critical
ONC-03382,69,Other,Prostate,Stage Iii,3.8,Current,Regular,Yes,25.5,2024-09-25,Combination Therapy,4,23,Not Recorded,High
ONC-04940,41,Other,Prostate,Stage Iv,8.6,Never,Heavy,Yes,19.4,Unknown,Palliative Care,4,12,Alive,High
ONC-02488,37,Male,Prostate,Stage I,2.4,Never,Regular,Yes,29.4,2019-09-22,Chemotherapy,7,11,Alive,Not Recorded
ONC-04441,51,Female,Breast,Stage Iv,4.3,Never,Regular,Yes,23.0,2022-01-17,Combination Therapy,12,19,Deceased,Low
ONC-00577,78,Other,Lung,Stage Ii,2.9,Current,Regular,No,21.0,2024-11-14,Immunotherapy,2,8,Deceased,Not Recorded
ONC-03601,58,Female,Lung,Stage Iii,1.2,Never,Regular,Yes,21.6,2018-03-26,Palliative Care,5,49,Alive,Medium
ONC-03613,56,Female,Pancreatic,Stage Iv,2.4,Former,Regular,Yes,32.3,2021-01-22,Combination Therapy,8,4,Deceased,Not Recorded
ONC-06826,58,Other,Brain,Stage Iv,7.2,Never,Occasional,No,27.2,2020-12-25,Radiation Therapy,4,12,Deceased,Medium
ONC-03909,45,Other,Blood (Leukemia),Stage Iv,4.7,Current,Regular,Yes,28.6,2020-01-12,Palliative Care,6,2,Alive,Critical
ONC-00427,44,Female,Prostate,Stage Iii,0.3,Never,Regular,No,27.6,2020-02-17,Palliative Care,5,43,Alive,Not Recorded
ONC-05111,81,Female,Colorectal,Stage Iii,10.5,Current,Regular,Yes,27.6,Unknown,Radiation Therapy,4,10,Deceased,Not Recorded
ONC-03004,81,Other,Blood (Leukemia),Stage Iv,2.4,Current,Regular,Yes,23.1,2020-11-27,Palliative Care,6,1,Alive,High
ONC-06667,30,Male,Skin (Melanoma),Stage I,4.7,Current,Regular,Yes,26.0,2018-03-08,Radiation Therapy,6,1,Deceased,Not Recorded
ONC-04983,54,Female,Pancreatic,Stage Iii,1.4,Never,Regular,No,22.1,2023-09-21,Immunotherapy,4,12,Alive,High
ONC-01235,66,Other,Blood (Leukemia),Stage I,1.7,Current,Heavy,No,26.3,Unknown,Radiation Therapy,12,9,Not Recorded,Medium
ONC-06763,97,Male,Prostate,Stage I,5.2,Never,Occasional,Yes,19.0,2015-03-09,Combination Therapy,6,8,Alive,Low
ONC-06071,99,Male,Colorectal,Stage Iv,1.5,Never,Heavy,No,21.5,2017-07-03,Palliative Care,7,23,Alive,High
ONC-05853,59,Male,Prostate,Stage I,1.4,Former,Regular,Yes,20.5,Unknown,Combination Therapy,6,16,Alive,Low
ONC-04220,47,Female,Blood (Leukemia),Stage Ii,0.6,Former,Regular,No,13.9,2015-11-12,Radiation Therapy,6,1,Deceased,Low
ONC-05926,61,Other,Skin (Melanoma),Stage I,11.8,Former,Regular,No,35.9,2017-08-10,Chemotherapy,7,12,Not Recorded,Low
ONC-07443,45,Other,Liver,Stage I,1.6,Current,Heavy,Yes,26.8,2023-05-15,Combination Therapy,5,12,Alive,Not Recorded
ONC-07010,58,Male,Colorectal,Stage Iv,0.1,Former,Regular,Yes,26.7,2018-12-14,Chemotherapy,5,13,Alive,Not Recorded
ONC-07153,46,Male,Liver,Stage Ii,0.1,Never,Regular,Yes,29.3,2022-02-01,Chemotherapy,6,12,Deceased,Medium
ONC-04424,87,Female,Ovarian,Stage Ii,1.0,Former,Regular,No,22.0,2022-05-16,Palliative Care,6,12,Not Recorded,High
ONC-06146,66,Other,Prostate,Stage Iii,1.1,Never,Regular,Yes,28.9,Unknown,Palliative Care,2,76,Alive,Medium
ONC-00022,41,Female,Colorectal,Stage I,9.9,Former,Regular,No,28.4,2020-03-27,Palliative Care,6,55,Alive,Low
ONC-05463,52,Other,Blood (Leukemia),Stage Ii,1.2,Never,Regular,Yes,27.8,2017-04-03,Palliative Care,7,15,Alive,Medium
ONC-05586,28,Female,Brain,Stage I,2.8,Never,Regular,Yes,33.0,2018-04-20,Palliative Care,9,4,Deceased,Low
ONC-02593,52,Other,Ovarian,Stage Iv,6.5,Former,Regular,No,18.9,2016-12-06,Palliative Care,6,5,Alive,High
ONC-03035,51,Female,Prostate,Stage Ii,2.4,Never,Regular,No,37.1,Unknown,Immunotherapy,3,23,Deceased,Low
ONC-03677,85,Other,Colorectal,Stage Iv,4.8,Former,Regular,No,28.5,2022-10-11,Palliative Care,7,4,Not Recorded,High
ONC-06068,52,Female,Prostate,Stage Iv,2.4,Current,Regular,No,17.0,2022-10-18,Surgery,6,38,Alive,High
ONC-02064,82,Other,Pancreatic,Stage Iv,3.0,Never,Regular,Yes,31.5,2019-09-23,Radiation Therapy,4,79,Alive,Not Recorded
ONC-03032,58,Other,Skin (Melanoma),Stage Iii,0.6,Never,Regular,Yes,18.9,2021-03-29,Palliative Care,6,21,Deceased,High
ONC-00810,60,Other,Pancreatic,Stage Iv,3.8,Never,Occasional,Yes,29.3,2023-05-18,Combination Therapy,6,9,Alive,Medium
ONC-02847,39,Male,Prostate,Stage Iv,3.7,Former,Regular,No,32.1,Unknown,Palliative Care,6,8,Alive,Medium
ONC-01041,58,Female,Ovarian,Stage Iv,15.2,Current,Occasional,No,33.1,2015-07-06,Combination Therapy,10,9,Alive,Low
ONC-03752,52,Female,Prostate,Stage Iv,4.5,Current,Regular,Yes,28.7,Unknown,Palliative Care,5,9,Alive,Critical
ONC-05051,58,Male,Skin (Melanoma),Stage I,6.7,Former,Regular,No,27.4,2021-02-27,Combination Therapy,6,16,Alive,Low
ONC-07037,40,Male,Prostate,Stage Iii,2.4,Former,Regular,No,24.2,Unknown,Immunotherapy,4,8,Alive,Low
ONC-05815,58,Female,Ovarian,Stage I,0.5,Former,Regular,Yes,24.8,2021-07-24,Palliative Care,6,12,Alive,Low
ONC-05015,36,Male,Prostate,Stage Iii,4.4,Never,Regular,Yes,16.4,2021-01-18,Combination Therapy,12,4,Alive,Not Recorded
ONC-07272,58,Female,Prostate,Stage I,1.4,Never,Heavy,Yes,18.9,Unknown,Surgery,6,6,Alive,Medium
ONC-01134,45,Male,Prostate,Stage Iv,1.3,Current,Regular,No,30.5,2015-03-15,Palliative Care,6,13,Deceased,High
ONC-02619,43,Other,Blood (Leukemia),Stage Iii,0.9,Never,Regular,No,21.0,2023-05-26,Chemotherapy,6,7,Alive,Medium
ONC-02221,69,Other,Prostate,Stage I,3.3,Former,Regular,No,14.5,2020-10-31,Surgery,4,2,Not Recorded,Medium
ONC-05005,46,Female,Skin (Melanoma),Stage I,0.2,Current,Regular,No,26.9,2015-03-17,Palliative Care,6,17,Alive,Low
ONC-00475,79,Female,Pancreatic,Stage Iv,2.3,Never,Occasional,Yes,24.3,Unknown,Palliative Care,6,28,Alive,High
ONC-07125,58,Other,Prostate,Stage Iv,3.1,Never,Heavy,Yes,20.1,2024-09-25,Palliative Care,2,4,Deceased,Critical
ONC-04699,58,Female,Lung,Stage Iv,7.8,Current,Regular,Yes,22.9,Unknown,Radiation Therapy,8,35,Alive,High
ONC-01874,57,Other,Prostate,Stage Ii,5.9,Current,Regular,No,32.3,2024-11-19,Palliative Care,7,12,Deceased,Medium
ONC-07467,65,Male,Liver,Stage Ii,5.6,Current,Regular,Yes,25.2,2020-06-09,Chemotherapy,4,12,Alive,Not Recorded
ONC-06594,46,Male,Liver,Stage I,2.0,Never,Regular,No,20.4,Unknown,Combination Therapy,4,44,Deceased,Not Recorded
ONC-06909,58,Male,Pancreatic,Stage Iv,3.8,Former,Occasional,No,35.0,2022-09-11,Palliative Care,6,19,Deceased,Medium
ONC-00015,46,Male,Skin (Melanoma),Stage Ii,4.6,Never,Regular,No,26.0,2020-06-24,Surgery,6,8,Alive,Low
ONC-04394,50,Other,Liver,Stage I,2.4,Former,Regular,Yes,23.6,2016-09-27,Chemotherapy,6,12,Alive,Low
ONC-03186,72,Other,Lung,Stage Iii,2.7,Never,Regular,No,25.0,2019-11-02,Chemotherapy,3,12,Deceased,Medium
ONC-02430,61,Other,Breast,Stage Ii,4.0,Current,Regular,No,26.0,2018-01-31,Surgery,6,19,Not Recorded,Medium
ONC-05423,58,Female,Liver,Stage Iv,2.4,Never,Regular,Yes,24.9,2017-05-19,Chemotherapy,4,47,Alive,Critical
ONC-01766,65,Other,Skin (Melanoma),Stage Iv,13.9,Current,Regular,No,26.3,2018-05-03,Palliative Care,6,5,Alive,Medium
ONC-00109,58,Other,Liver,Stage Iv,5.6,Current,Regular,No,29.5,2024-05-04,Radiation Therapy,4,11,Deceased,Low
ONC-05230,58,Female,Prostate,Stage Iv,5.2,Former,Regular,No,24.4,2020-04-17,Radiation Therapy,4,12,Deceased,High
ONC-04152,57,Female,Prostate,Stage Ii,0.6,Former,Regular,Yes,26.0,2016-06-23,Radiation Therapy,5,22,Deceased,Low
ONC-05969,51,Female,Prostate,Stage Iv,1.7,Never,Heavy,No,33.3,Unknown,Combination Therapy,7,16,Alive,Critical
ONC-03698,58,Female,Breast,Stage Iii,1.4,Never,Regular,No,26.4,2023-04-08,Surgery,6,22,Alive,Not Recorded
ONC-07438,58,Female,Prostate,Stage Ii,1.6,Current,Heavy,Yes,26.0,2019-11-07,Combination Therapy,6,18,Alive,Medium
ONC-03465,56,Female,Colorectal,Stage Iv,2.7,Never,Regular,No,26.0,2021-08-29,Combination Therapy,5,28,Alive,Low
ONC-07113,50,Other,Prostate,Stage Ii,2.1,Former,Occasional,Yes,26.0,Unknown,Immunotherapy,3,41,Alive,High
ONC-01182,59,Other,Brain,Stage I,5.6,Never,Regular,Yes,29.8,2024-03-06,Palliative Care,6,7,Alive,Low
ONC-01110,79,Female,Skin (Melanoma),Stage Iii,1.1,Current,Regular,Yes,27.0,2019-08-26,Palliative Care,7,16,Not Recorded,Medium
ONC-02088,35,Female,Prostate,Stage I,0.6,Former,Regular,Yes,28.5,2021-06-03,Radiation Therapy,9,12,Deceased,Low
ONC-04560,67,Male,Colorectal,Stage Iv,1.4,Never,Regular,No,32.7,2020-10-27,Chemotherapy,6,23,Alive,Low
ONC-00360,83,Other,Brain,Stage Ii,0.2,Never,Regular,Yes,21.7,2018-07-29,Radiation Therapy,6,0,Deceased,Low
ONC-00666,76,Other,Lung,Stage I,4.2,Current,Regular,No,26.0,Unknown,Surgery,4,28,Alive,Medium
ONC-00688,74,Other,Ovarian,Stage I,8.0,Former,Regular,No,23.1,2020-07-21,Chemotherapy,3,13,Alive,Not Recorded
ONC-03940,72,Other,Colorectal,Stage Iv,0.5,Never,Regular,Yes,28.0,2024-11-08,Surgery,6,12,Alive,High
ONC-05030,46,Other,Lung,Stage Iii,1.3,Never,Regular,No,33.1,Unknown,Surgery,2,6,Not Recorded,Medium
ONC-02830,67,Female,Brain,Stage I,5.7,Never,Heavy,No,25.7,Unknown,Radiation Therapy,6,4,Alive,Not Recorded
ONC-05312,47,Other,Lung,Stage Iv,1.4,Never,Heavy,Yes,19.4,Unknown,Immunotherapy,2,1,Not Recorded,Critical
ONC-04630,58,Female,Skin (Melanoma),Stage Ii,0.1,Former,Occasional,No,33.9,2023-01-26,Immunotherapy,2,9,Alive,Not Recorded
ONC-00452,50,Female,Prostate,Stage Iv,1.9,Former,Heavy,Yes,29.5,2020-04-25,Chemotherapy,5,12,Alive,Low
ONC-00781,51,Other,Colorectal,Stage Iv,6.5,Former,Occasional,Yes,19.5,2019-07-01,Combination Therapy,6,7,Alive,High
ONC-05603,62,Female,Breast,Stage I,1.1,Former,Regular,No,25.3,2016-10-07,Palliative Care,5,12,Alive,Low
ONC-01007,61,Other,Lung,Stage I,2.4,Former,Heavy,Yes,22.5,Unknown,Radiation Therapy,3,20,Deceased,Low
ONC-06237,69,Other,Liver,Stage Iv,6.7,Never,Regular,Yes,20.4,2024-03-04,Combination Therapy,3,90,Deceased,Not Recorded
ONC-04226,33,Other,Skin (Melanoma),Stage I,0.3,Never,Occasional,Yes,34.2,2020-09-21,Palliative Care,6,12,Not Recorded,Medium
ONC-02416,58,Other,Ovarian,Stage I,0.8,Current,Regular,Yes,39.5,2016-06-01,Radiation Therapy,6,26,Deceased,Low
ONC-02481,58,Other,Brain,Stage Ii,2.4,Current,Regular,No,27.7,2015-01-07,Chemotherapy,7,0,Not Recorded,High
ONC-00579,54,Other,Prostate,Stage I,1.3,Current,Regular,No,33.2,2021-09-08,Palliative Care,7,8,Alive,Medium
ONC-07117,48,Other,Brain,Stage Ii,0.4,Current,Regular,No,29.1,2015-10-31,Chemotherapy,6,35,Alive,Low
ONC-05431,63,Other,Brain,Stage Iv,6.4,Never,Regular,Yes,25.0,2017-11-20,Immunotherapy,3,40,Not Recorded,High
ONC-02047,45,Female,Breast,Stage Iv,0.8,Former,Regular,Yes,33.1,Unknown,Chemotherapy,10,14,Alive,Low
ONC-04964,42,Male,Liver,Stage I,1.7,Former,Regular,Yes,28.9,2016-10-09,Palliative Care,6,12,Not Recorded,Not Recorded
ONC-03526,58,Other,Colorectal,Stage Iv,0.1,Current,Regular,Yes,20.4,Unknown,Palliative Care,7,2,Alive,Critical
ONC-05507,58,Other,Liver,Stage Iv,5.7,Current,Regular,No,37.6,2022-09-21,Immunotherapy,3,26,Alive,Critical
ONC-00428,54,Male,Ovarian,Stage Ii,6.7,Current,Regular,No,26.0,Unknown,Combination Therapy,9,0,Alive,Critical
ONC-02588,46,Other,Lung,Stage Ii,2.4,Current,Regular,No,22.3,2018-06-07,Immunotherapy,7,3,Not Recorded,Medium
ONC-01408,65,Female,Colorectal,Stage I,2.4,Former,Regular,Yes,17.9,2020-02-15,Surgery,6,37,Alive,Not Recorded
ONC-06684,75,Female,Prostate,Stage I,0.3,Never,Regular,Yes,23.4,Unknown,Chemotherapy,12,1,Alive,Low
ONC-01791,55,Female,Prostate,Stage Ii,7.5,Never,Regular,Yes,12.0,2017-09-18,Palliative Care,10,16,Deceased,Critical
ONC-03321,82,Male,Prostate,Stage I,0.2,Never,Occasional,Yes,33.6,2022-12-12,Radiation Therapy,6,12,Deceased,Low
ONC-04131,63,Female,Pancreatic,Stage I,11.5,Never,Heavy,Yes,26.0,2023-12-22,Immunotherapy,6,12,Alive,Low
ONC-07498,68,Other,Prostate,Stage Iv,0.3,Former,Regular,No,19.0,2015-01-29,Palliative Care,10,5,Alive,Critical
ONC-00772,46,Other,Brain,Stage I,1.7,Never,Regular,No,29.6,2021-03-13,Immunotherapy,5,36,Alive,Medium
ONC-02897,58,Other,Pancreatic,Stage Iv,2.3,Never,Regular,Yes,20.9,2022-09-08,Combination Therapy,3,32,Alive,High
ONC-02029,79,Male,Prostate,Stage Ii,0.1,Never,Regular,Yes,24.6,2021-01-24,Radiation Therapy,9,15,Deceased,Low
ONC-04564,55,Male,Ovarian,Stage I,2.0,Former,Regular,No,32.0,2021-06-12,Palliative Care,6,14,Alive,Low
ONC-03105,77,Male,Pancreatic,Stage Iv,0.2,Never,Regular,Yes,27.9,Unknown,Chemotherapy,6,47,Alive,Medium
ONC-01651,40,Female,Skin (Melanoma),Stage Iv,0.1,Former,Heavy,No,26.0,Unknown,Surgery,9,4,Alive,Medium
ONC-04357,86,Other,Prostate,Stage Iv,1.2,Former,Occasional,Yes,19.5,2020-11-25,Radiation Therapy,7,5,Alive,Critical
ONC-06382,65,Male,Brain,Stage Iii,0.6,Former,Regular,No,17.5,2016-09-23,Chemotherapy,8,0,Deceased,Not Recorded
ONC-03077,47,Other,Pancreatic,Stage Iv,3.9,Current,Regular,No,20.0,2016-05-19,Radiation Therapy,2,6,Alive,Medium
ONC-06784,68,Female,Liver,Stage Iii,5.8,Never,Regular,No,25.4,2018-12-15,Palliative Care,4,1,Alive,Critical
ONC-02502,72,Other,Pancreatic,Stage Iv,5.6,Current,Regular,No,37.1,2021-11-07,Chemotherapy,6,25,Alive,Critical
ONC-02080,47,Male,Prostate,Stage Iii,1.4,Never,Regular,No,28.1,2021-08-30,Palliative Care,4,51,Alive,Medium
ONC-00036,62,Female,Prostate,Stage Iii,10.5,Current,Regular,Yes,25.3,2016-04-03,Surgery,6,12,Deceased,Medium
ONC-03853,57,Other,Liver,Stage Iv,8.6,Current,Regular,Yes,31.9,2015-07-02,Chemotherapy,9,1,Alive,High
ONC-07456,48,Male,Skin (Melanoma),Stage Ii,5.2,Never,Occasional,Yes,26.0,2019-09-08,Palliative Care,7,0,Alive,Medium
ONC-02203,55,Other,Colorectal,Stage Iv,0.3,Never,Regular,Yes,31.0,2017-05-28,Immunotherapy,9,13,Not Recorded,Low
ONC-02260,64,Other,Liver,Stage I,12.7,Never,Heavy,Yes,16.2,2018-01-31,Palliative Care,6,9,Alive,Not Recorded
ONC-00221,58,Male,Ovarian,Stage Iv,13.8,Current,Heavy,No,27.1,2017-02-28,Surgery,8,12,Alive,Critical
ONC-02971,41,Other,Brain,Stage Iv,7.0,Former,Regular,No,28.1,Unknown,Combination Therapy,1,14,Alive,Critical
ONC-06189,44,Female,Prostate,Stage Ii,2.4,Former,Regular,No,24.2,2024-02-28,Palliative Care,7,60,Alive,High
ONC-02803,79,Female,Prostate,Stage I,13.0,Current,Regular,No,27.6,2021-10-19,Combination Therapy,6,14,Alive,Low
ONC-02257,58,Female,Prostate,Stage Ii,0.8,Never,Heavy,Yes,20.8,2018-09-06,Combination Therapy,5,6,Not Recorded,Medium
ONC-04762,72,Male,Colorectal,Stage I,2.4,Never,Regular,Yes,26.0,2017-01-17,Immunotherapy,10,31,Alive,Low
ONC-03614,57,Other,Prostate,Stage Iii,0.9,Never,Regular,Yes,28.9,2015-08-16,Palliative Care,6,19,Alive,High
ONC-00193,74,Other,Brain,Stage Iv,2.8,Never,Regular,Yes,25.4,Unknown,Palliative Care,3,8,Deceased,Critical
ONC-01269,51,Other,Lung,Stage I,1.4,Current,Regular,Yes,28.6,Unknown,Palliative Care,6,36,Deceased,Low
ONC-00843,58,Other,Liver,Stage Iv,1.4,Never,Heavy,No,15.4,2022-09-23,Immunotherapy,2,2,Deceased,Critical
ONC-07114,58,Female,Skin (Melanoma),Stage Ii,0.2,Former,Occasional,No,28.3,2020-01-04,Palliative Care,6,12,Alive,High
ONC-03267,63,Female,Lung,Stage Iv,0.6,Former,Regular,Yes,24.4,2024-11-16,Palliative Care,5,19,Alive,Not Recorded
ONC-01605,51,Male,Prostate,Stage Iv,3.4,Never,Heavy,No,30.9,2015-10-02,Surgery,12,12,Alive,Low
ONC-02784,61,Male,Breast,Stage Iv,1.7,Never,Regular,Yes,22.8,2015-10-26,Palliative Care,8,36,Alive,Critical
ONC-05256,71,Other,Colorectal,Stage Iv,5.0,Former,Heavy,No,29.7,2016-08-15,Radiation Therapy,6,12,Alive,Not Recorded
ONC-05416,70,Other,Prostate,Stage I,2.0,Never,Regular,No,25.5,2015-03-21,Combination Therapy,11,21,Alive,Low
ONC-03341,58,Male,Prostate,Stage Ii,0.7,Current,Heavy,No,25.7,2017-03-12,Chemotherapy,6,1,Alive,Low
ONC-01037,58,Female,Brain,Stage Iii,0.9,Never,Heavy,Yes,29.0,Unknown,Surgery,6,25,Alive,Medium
ONC-00365,71,Male,Pancreatic,Stage Ii,3.2,Never,Regular,Yes,34.4,Unknown,Surgery,6,12,Alive,Low
ONC-07066,63,Male,Liver,Stage I,3.2,Current,Occasional,No,28.9,Unknown,Chemotherapy,6,12,Deceased,Low
ONC-07397,34,Other,Prostate,Stage Iv,2.3,Never,Occasional,Yes,22.3,2021-06-23,Palliative Care,5,3,Alive,Critical
ONC-01548,43,Other,Brain,Stage Ii,1.4,Never,Occasional,No,24.9,Unknown,Immunotherapy,6,12,Deceased,Medium
ONC-03173,63,Other,Prostate,Stage Iii,5.9,Never,Regular,Yes,28.4,2016-12-29,Radiation Therapy,3,12,Alive,High
ONC-00623,86,Male,Lung,Stage Iv,2.8,Former,Regular,No,31.1,Unknown,Immunotherapy,5,24,Alive,Critical
ONC-07029,58,Other,Lung,Stage I,5.4,Former,Occasional,No,30.9,2018-12-19,Combination Therapy,4,9,Alive,Not Recorded
ONC-05551,52,Female,Prostate,Stage Iii,11.1,Former,Regular,Yes,30.6,2024-10-15,Radiation Therapy,13,35,Not Recorded,High
ONC-02684,58,Male,Prostate,Stage Iv,0.5,Former,Occasional,No,18.6,2019-07-14,Radiation Therapy,6,10,Deceased,Critical
ONC-03081,41,Other,Blood (Leukemia),Stage Iv,2.2,Former,Regular,Yes,26.4,2024-08-26,Chemotherapy,5,55,Not Recorded,High
ONC-04329,58,Other,Prostate,Stage Ii,2.4,Current,Regular,Yes,21.0,2019-06-13,Chemotherapy,5,36,Alive,Medium
ONC-04143,54,Other,Colorectal,Stage Iv,0.7,Former,Regular,Yes,22.9,Unknown,Palliative Care,8,5,Alive,High
ONC-04451,61,Female,Colorectal,Stage Ii,2.0,Current,Occasional,No,26.3,2018-01-19,Palliative Care,6,12,Alive,Medium
ONC-01224,83,Other,Lung,Stage Iii,1.5,Former,Regular,No,20.3,2017-01-06,Palliative Care,6,5,Deceased,Critical
ONC-02725,58,Male,Breast,Stage Iv,2.0,Never,Regular,No,26.0,2016-03-31,Chemotherapy,9,12,Alive,Medium
ONC-03180,77,Other,Prostate,Stage Ii,2.4,Never,Regular,Yes,22.7,2019-08-17,Combination Therapy,7,9,Alive,Medium
ONC-06341,63,Other,Ovarian,Stage Iii,1.6,Current,Occasional,Yes,23.1,Unknown,Combination Therapy,4,11,Alive,Not Recorded
ONC-02420,77,Other,Brain,Stage Ii,1.5,Current,Regular,Yes,31.1,2017-01-10,Palliative Care,9,11,Alive,High
ONC-02748,42,Other,Skin (Melanoma),Stage Ii,1.7,Never,Regular,No,26.0,2015-11-24,Immunotherapy,1,30,Deceased,Low
ONC-01079,57,Other,Breast,Stage Ii,2.4,Current,Regular,No,28.2,2015-07-07,Surgery,6,2,Alive,Low
ONC-05396,57,Female,Skin (Melanoma),Stage Iv,4.0,Current,Regular,No,23.2,2020-04-23,Palliative Care,8,30,Alive,Medium
ONC-02128,53,Other,Colorectal,Stage Iii,2.4,Never,Heavy,No,26.0,Unknown,Chemotherapy,5,12,Alive,Medium
ONC-06729,44,Female,Liver,Stage Iii,20.0,Never,Regular,No,29.2,2015-06-22,Surgery,9,0,Not Recorded,Medium
ONC-07092,58,Other,Ovarian,Stage Iv,2.9,Current,Regular,No,24.9,2015-08-10,Chemotherapy,7,12,Deceased,High
ONC-02837,52,Other,Colorectal,Stage I,2.4,Never,Regular,Yes,20.6,2020-11-25,Combination Therapy,3,6,Alive,Low
ONC-07282,45,Female,Lung,Stage Iii,4.9,Former,Occasional,No,24.2,2015-02-09,Surgery,9,62,Not Recorded,Not Recorded
ONC-02702,37,Female,Lung,Stage I,9.7,Never,Occasional,No,20.4,2023-10-22,Combination Therapy,5,12,Not Recorded,Low
ONC-02283,62,Other,Skin (Melanoma),Stage I,5.9,Current,Regular,No,30.7,2017-04-21,Combination Therapy,9,13,Alive,Not Recorded
ONC-01915,57,Male,Skin (Melanoma),Stage Iv,2.5,Current,Regular,No,30.4,2017-03-25,Palliative Care,6,9,Deceased,Medium
ONC-05772,49,Other,Liver,Stage Iv,2.7,Never,Regular,No,27.7,2023-05-02,Combination Therapy,6,34,Deceased,Medium
ONC-00692,35,Female,Blood (Leukemia),Stage Iv,2.5,Never,Occasional,Yes,24.1,2021-12-16,Radiation Therapy,6,5,Deceased,Low
ONC-04284,36,Male,Brain,Stage Iii,0.3,Former,Regular,No,25.4,2015-04-16,Palliative Care,8,0,Not Recorded,Not Recorded
ONC-00520,46,Other,Brain,Stage Iv,3.4,Current,Regular,No,26.0,2020-05-26,Combination Therapy,7,12,Not Recorded,Critical
ONC-03266,56,Female,Lung,Stage Iv,2.8,Former,Regular,No,23.8,Unknown,Radiation Therapy,5,2,Not Recorded,Critical
ONC-05402,79,Male,Pancreatic,Stage I,8.6,Former,Regular,Yes,22.2,2017-01-06,Radiation Therapy,6,0,Not Recorded,Not Recorded
ONC-02177,70,Other,Skin (Melanoma),Stage Iv,13.1,Never,Regular,No,26.7,2017-04-08,Radiation Therapy,3,4,Alive,Critical
ONC-04798,61,Other,Liver,Stage Iv,6.0,Former,Regular,No,25.1,Unknown,Combination Therapy,6,6,Alive,Medium
ONC-06839,58,Male,Colorectal,Stage Iii,10.4,Never,Regular,No,19.6,2024-09-20,Immunotherapy,3,12,Deceased,High
ONC-06944,60,Other,Ovarian,Stage Ii,0.4,Never,Heavy,No,26.2,Unknown,Radiation Therapy,8,26,Alive,Medium
ONC-01878,58,Female,Prostate,Stage Iii,0.6,Current,Heavy,Yes,21.2,Unknown,Immunotherapy,5,26,Alive,Medium
ONC-06130,58,Other,Breast,Stage Iii,2.3,Never,Regular,Yes,33.9,2017-12-27,Immunotherapy,6,15,Alive,High
ONC-01665,63,Male,Brain,Stage Iii,9.3,Never,Regular,No,31.9,Unknown,Palliative Care,7,10,Alive,Critical
ONC-03294,51,Other,Liver,Stage Iv,4.0,Never,Heavy,Yes,29.8,2018-12-25,Palliative Care,4,12,Deceased,Low
ONC-03643,70,Other,Breast,Stage Iv,2.0,Current,Regular,No,31.6,2018-06-15,Combination Therapy,6,4,Deceased,Low
ONC-03108,58,Female,Ovarian,Stage Ii,18.4,Former,Regular,Yes,23.2,2016-03-31,Chemotherapy,6,16,Alive,Low
ONC-05163,46,Other,Colorectal,Stage Iv,2.0,Never,Regular,No,31.6,2019-09-29,Immunotherapy,4,25,Deceased,Medium
ONC-02512,71,Female,Breast,Stage Iv,1.1,Never,Regular,No,30.5,2021-11-26,Palliative Care,8,37,Alive,Low
ONC-05042,74,Female,Pancreatic,Stage Iii,0.8,Former,Occasional,No,23.8,Unknown,Radiation Therapy,7,18,Not Recorded,Medium
ONC-05986,55,Male,Brain,Stage Iv,3.2,Never,Regular,No,26.0,2018-01-28,Surgery,6,0,Alive,Not Recorded
ONC-05941,63,Male,Skin (Melanoma),Stage Iv,2.4,Current,Regular,Yes,25.3,Unknown,Radiation Therapy,6,17,Deceased,Medium
ONC-01756,47,Other,Prostate,Stage Iii,6.3,Never,Heavy,No,19.9,2020-07-04,Combination Therapy,10,8,Deceased,Medium
ONC-05705,58,Female,Ovarian,Stage Iii,6.8,Never,Regular,Yes,19.0,2022-11-26,Surgery,6,19,Deceased,Medium
ONC-03338,85,Male,Prostate,Stage Iv,0.1,Current,Occasional,No,32.1,2022-05-17,Surgery,6,1,Alive,Critical
ONC-06664,57,Male,Lung,Stage I,5.0,Former,Regular,No,26.0,2020-07-19,Surgery,5,5,Alive,Medium
ONC-03773,58,Other,Prostate,Stage Iv,1.5,Never,Heavy,Yes,27.7,2023-07-11,Chemotherapy,3,6,Deceased,Medium
ONC-01462,89,Other,Prostate,Stage I,0.3,Current,Regular,No,24.9,2020-05-06,Palliative Care,6,34,Alive,Not Recorded
ONC-00471,33,Male,Skin (Melanoma),Stage Ii,1.1,Former,Regular,No,29.0,2019-08-26,Radiation Therapy,6,9,Deceased,Low
ONC-03767,58,Other,Brain,Stage Ii,3.7,Never,Regular,No,24.3,2023-02-01,Radiation Therapy,10,0,Deceased,Low
ONC-00879,51,Male,Lung,Stage I,4.7,Never,Heavy,Yes,26.0,2017-10-20,Palliative Care,9,25,Alive,Critical
ONC-03247,41,Other,Breast,Stage Iv,1.4,Never,Occasional,No,29.8,Unknown,Palliative Care,4,6,Alive,Critical
ONC-02517,44,Female,Prostate,Stage I,1.2,Current,Regular,No,23.9,Unknown,Immunotherapy,7,41,Alive,Low
ONC-06031,58,Male,Prostate,Stage I,2.4,Former,Heavy,Yes,34.6,2022-06-08,Immunotherapy,4,29,Alive,Low
ONC-00089,58,Female,Pancreatic,Stage Iii,0.7,Current,Regular,No,27.0,2018-09-12,Immunotherapy,8,15,Alive,High
ONC-05888,58,Male,Lung,Stage Ii,0.3,Never,Regular,No,26.0,2016-01-10,Combination Therapy,4,8,Alive,High
ONC-01046,57,Male,Prostate,Stage Ii,2.4,Current,Occasional,Yes,24.0,Unknown,Surgery,4,21,Alive,Low
ONC-01406,78,Female,Liver,Stage Ii,8.9,Never,Regular,No,19.2,2016-12-18,Combination Therapy,11,2,Deceased,Low
ONC-01304,57,Male,Pancreatic,Stage I,0.5,Never,Regular,No,25.4,Unknown,Combination Therapy,5,3,Alive,Low
ONC-02800,57,Other,Colorectal,Stage Iii,3.1,Never,Regular,No,17.9,2020-10-10,Palliative Care,10,2,Not Recorded,Medium
ONC-01433,51,Other,Skin (Melanoma),Stage Ii,2.3,Current,Regular,Yes,24.0,2023-06-21,Immunotherapy,6,13,Not Recorded,High
ONC-05418,81,Male,Skin (Melanoma),Stage Ii,10.7,Never,Heavy,Yes,25.8,2017-01-29,Palliative Care,7,1,Alive,Not Recorded
ONC-06342,58,Other,Lung,Stage Ii,1.4,Never,Regular,Yes,26.0,2017-12-22,Chemotherapy,10,2,Alive,Medium
ONC-01785,45,Male,Liver,Stage I,2.4,Current,Regular,Yes,26.0,2020-10-29,Palliative Care,5,14,Alive,Low
ONC-01030,42,Other,Colorectal,Stage Iv,2.4,Never,Occasional,No,20.1,2024-08-02,Combination Therapy,3,6,Alive,High
ONC-03766,54,Female,Brain,Stage Iv,6.4,Current,Regular,No,26.7,Unknown,Chemotherapy,4,19,Deceased,High
ONC-00756,79,Female,Blood (Leukemia),Stage Ii,2.7,Former,Occasional,No,27.4,Unknown,Palliative Care,9,7,Deceased,Not Recorded
ONC-05542,77,Female,Prostate,Stage Ii,1.4,Current,Regular,Yes,25.5,Unknown,Combination Therapy,5,0,Alive,Low
ONC-03001,58,Other,Blood (Leukemia),Stage Ii,2.3,Former,Heavy,No,33.4,2015-11-10,Radiation Therapy,6,8,Deceased,Medium
ONC-06472,51,Other,Pancreatic,Stage Ii,0.2,Current,Regular,Yes,15.0,Unknown,Chemotherapy,8,12,Alive,High
ONC-00544,47,Other,Skin (Melanoma),Stage Iv,0.5,Never,Regular,Yes,30.8,2017-05-04,Palliative Care,8,2,Alive,Low
ONC-05338,58,Other,Brain,Stage I,2.9,Former,Regular,No,31.5,2016-10-24,Palliative Care,8,21,Alive,Low
ONC-06778,58,Other,Lung,Stage I,0.2,Never,Heavy,No,26.0,2016-04-12,Combination Therapy,3,18,Alive,Medium
ONC-04752,55,Male,Pancreatic,Stage Iii,2.4,Former,Regular,No,23.5,2016-06-14,Radiation Therapy,6,1,Not Recorded,Critical
ONC-00642,58,Male,Skin (Melanoma),Stage I,2.4,Never,Regular,No,18.7,2017-10-29,Palliative Care,5,6,Alive,Low
ONC-06383,69,Male,Brain,Stage I,0.2,Former,Regular,No,26.0,2018-09-04,Combination Therapy,6,12,Deceased,Low
ONC-01062,62,Other,Pancreatic,Stage Iii,2.4,Never,Regular,Yes,23.1,2023-09-21,Palliative Care,8,30,Alive,Critical
ONC-01261,58,Female,Colorectal,Stage Iv,0.2,Former,Regular,No,23.4,2019-05-23,Immunotherapy,2,28,Alive,Medium
ONC-06325,53,Female,Blood (Leukemia),Stage Iv,1.8,Never,Regular,No,33.6,2019-07-27,Surgery,5,14,Not Recorded,Medium
ONC-07493,48,Other,Breast,Stage Iv,0.2,Former,Regular,No,27.4,2022-05-02,Palliative Care,8,12,Deceased,Critical
ONC-07335,45,Female,Ovarian,Stage Iv,0.3,Former,Regular,Yes,25.8,2021-05-07,Palliative Care,9,0,Alive,Medium
ONC-00059,58,Other,Breast,Stage Iv,9.3,Former,Regular,No,26.0,2016-06-06,Combination Therapy,6,14,Alive,High
ONC-04289,58,Male,Breast,Stage Iv,1.1,Never,Heavy,No,32.0,2023-09-12,Surgery,5,0,Alive,Not Recorded
ONC-05895,58,Female,Liver,Stage Iii,1.2,Never,Occasional,Yes,12.1,Unknown,Chemotherapy,6,30,Alive,Critical
ONC-07103,44,Female,Blood (Leukemia),Stage Iv,0.9,Former,Heavy,No,24.2,2017-05-30,Palliative Care,6,19,Not Recorded,Low
ONC-02299,71,Other,Colorectal,Stage I,4.5,Never,Regular,No,18.6,2017-04-16,Combination Therapy,5,0,Deceased,Medium
ONC-02713,61,Male,Prostate,Stage Iv,0.7,Never,Regular,No,23.4,2016-01-12,Surgery,8,12,Alive,Critical
ONC-05317,38,Male,Blood (Leukemia),Stage Iii,0.6,Never,Heavy,No,28.7,Unknown,Palliative Care,2,19,Alive,Medium
ONC-05630,58,Other,Lung,Stage Ii,0.4,Former,Regular,No,25.8,2017-03-20,Radiation Therapy,8,22,Alive,Medium
ONC-02264,59,Other,Lung,Stage I,4.9,Never,Regular,Yes,17.9,Unknown,Combination Therapy,6,10,Alive,Low
ONC-01542,47,Other,Ovarian,Stage Iii,3.1,Current,Heavy,No,27.8,2019-11-18,Chemotherapy,7,62,Not Recorded,Not Recorded
ONC-03816,37,Other,Skin (Melanoma),Stage Ii,2.8,Never,Regular,No,30.7,Unknown,Combination Therapy,4,41,Not Recorded,Low
ONC-04661,58,Male,Liver,Stage I,0.1,Former,Heavy,Yes,26.0,2019-12-04,Palliative Care,6,12,Alive,Low
ONC-05850,58,Female,Lung,Stage Ii,6.1,Former,Regular,Yes,22.8,2016-01-31,Immunotherapy,7,12,Alive,Low
ONC-05727,56,Other,Pancreatic,Stage Iii,2.4,Never,Heavy,Yes,26.0,2015-11-25,Chemotherapy,6,39,Alive,Critical
ONC-05410,66,Male,Liver,Stage I,7.0,Current,Occasional,Yes,27.3,2017-08-19,Palliative Care,11,4,Not Recorded,Not Recorded
ONC-06004,58,Other,Pancreatic,Stage I,2.3,Former,Heavy,No,26.0,Unknown,Surgery,4,13,Deceased,Low
ONC-02754,65,Other,Liver,Stage Iv,0.7,Current,Regular,No,23.3,Unknown,Surgery,9,17,Alive,High
ONC-03122,60,Female,Blood (Leukemia),Stage Ii,1.4,Never,Regular,Yes,35.8,2019-07-31,Radiation Therapy,5,5,Not Recorded,Not Recorded
ONC-00172,65,Other,Lung,Stage Iii,4.7,Current,Regular,No,19.2,2016-06-30,Surgery,8,115,Alive,Not Recorded
ONC-07313,68,Other,Prostate,Stage Iii,4.2,Never,Heavy,No,27.5,2017-05-28,Palliative Care,7,12,Alive,Medium
ONC-06296,38,Other,Prostate,Stage Iii,1.8,Never,Heavy,No,28.4,2023-01-05,Surgery,5,4,Deceased,Medium
ONC-03681,70,Male,Blood (Leukemia),Stage Iii,5.1,Former,Regular,Yes,23.8,Unknown,Chemotherapy,6,13,Not Recorded,High
ONC-03070,43,Male,Brain,Stage Iv,2.4,Former,Heavy,No,19.4,Unknown,Surgery,9,12,Alive,Medium
ONC-04501,22,Female,Colorectal,Stage Iv,4.0,Current,Regular,Yes,26.0,2018-02-21,Radiation Therapy,4,12,Not Recorded,Not Recorded
ONC-06510,38,Other,Prostate,Stage Iv,1.0,Never,Regular,No,26.0,2022-07-20,Palliative Care,5,78,Not Recorded,Medium
ONC-02136,58,Female,Blood (Leukemia),Stage Ii,2.3,Never,Regular,No,24.7,2015-07-22,Palliative Care,6,9,Alive,Medium
ONC-07118,61,Other,Liver,Stage Iv,2.7,Never,Regular,No,19.0,2018-12-23,Palliative Care,4,36,Deceased,Critical
ONC-00333,81,Female,Ovarian,Stage Ii,1.3,Never,Regular,No,30.9,2022-06-06,Palliative Care,6,33,Alive,Medium
ONC-01277,40,Female,Ovarian,Stage Iv,0.9,Current,Regular,No,26.3,2020-03-04,Palliative Care,4,12,Alive,Critical
ONC-04778,51,Other,Liver,Stage Ii,2.4,Former,Occasional,No,17.3,2018-03-21,Palliative Care,8,12,Deceased,Not Recorded
ONC-06460,43,Other,Colorectal,Stage Iv,0.9,Former,Regular,No,25.7,Unknown,Combination Therapy,8,6,Alive,Critical
ONC-05435,58,Male,Colorectal,Stage I,2.4,Current,Regular,No,22.5,2017-08-01,Chemotherapy,10,19,Deceased,Medium
ONC-03368,31,Other,Breast,Stage Iv,1.2,Current,Heavy,Yes,27.5,2021-02-13,Radiation Therapy,6,1,Not Recorded,Medium
ONC-02519,40,Other,Brain,Stage I,0.6,Never,Regular,No,28.4,2023-05-30,Combination Therapy,3,6,Alive,Medium
ONC-04677,27,Male,Colorectal,Stage Iv,10.8,Never,Regular,Yes,31.9,2024-08-30,Palliative Care,6,7,Alive,Critical
ONC-01899,53,Female,Skin (Melanoma),Stage Iv,0.2,Current,Regular,No,26.8,2019-05-06,Radiation Therapy,6,1,Not Recorded,Medium
ONC-02870,46,Male,Brain,Stage Iii,0.6,Former,Regular,No,21.5,Unknown,Palliative Care,6,11,Alive,Critical
ONC-05558,58,Other,Pancreatic,Stage Ii,7.1,Never,Regular,No,31.1,2018-05-03,Surgery,10,11,Alive,Low
ONC-01871,51,Other,Prostate,Stage I,13.7,Never,Regular,No,26.8,Unknown,Combination Therapy,6,16,Alive,Low
ONC-07269,84,Other,Brain,Stage Iii,2.4,Current,Regular,No,17.6,2015-04-08,Combination Therapy,10,4,Alive,Medium
ONC-04850,58,Male,Pancreatic,Stage Ii,17.7,Never,Heavy,No,21.9,2020-07-23,Palliative Care,3,25,Alive,High
ONC-03005,71,Other,Skin (Melanoma),Stage Ii,6.5,Never,Regular,Yes,30.4,Unknown,Palliative Care,2,8,Alive,Medium
ONC-03901,51,Male,Pancreatic,Stage Iv,0.1,Former,Heavy,Yes,35.3,Unknown,Combination Therapy,7,12,Alive,Critical
ONC-03343,54,Male,Colorectal,Stage Iv,0.1,Former,Heavy,No,32.8,2015-11-03,Radiation Therapy,6,52,Alive,Not Recorded
ONC-01891,45,Female,Lung,Stage I,0.9,Former,Regular,Yes,23.8,2017-01-10,Palliative Care,2,12,Alive,Low
ONC-06807,63,Male,Pancreatic,Stage Ii,0.2,Never,Occasional,Yes,25.4,Unknown,Immunotherapy,5,45,Alive,Not Recorded
ONC-07208,58,Male,Blood (Leukemia),Stage Iv,1.4,Current,Heavy,Yes,26.0,2022-01-22,Surgery,4,30,Alive,High
ONC-07156,43,Other,Brain,Stage I,7.0,Former,Regular,Yes,24.7,2020-03-15,Combination Therapy,4,15,Alive,Not Recorded
ONC-00503,71,Female,Pancreatic,Stage I,1.0,Former,Regular,Yes,16.2,2022-07-24,Chemotherapy,5,12,Not Recorded,Medium
ONC-01362,58,Female,Skin (Melanoma),Stage I,0.2,Former,Regular,Yes,24.5,Unknown,Immunotherapy,10,12,Alive,Medium
ONC-02232,67,Male,Prostate,Stage Iv,0.9,Never,Regular,No,36.7,2017-08-24,Chemotherapy,6,25,Deceased,High
ONC-06548,51,Male,Blood (Leukemia),Stage Iv,2.9,Current,Heavy,No,20.9,2017-04-07,Surgery,10,22,Alive,Not Recorded
ONC-06976,74,Other,Brain,Stage I,10.1,Former,Heavy,No,26.0,Unknown,Radiation Therapy,4,12,Deceased,Low
ONC-04104,61,Other,Colorectal,Stage I,0.4,Former,Regular,No,27.3,2020-12-13,Radiation Therapy,5,0,Deceased,High
ONC-06627,47,Other,Skin (Melanoma),Stage Iv,0.7,Never,Regular,Yes,20.7,2022-05-25,Immunotherapy,4,8,Alive,High
ONC-04209,58,Male,Ovarian,Stage Ii,1.1,Never,Regular,No,22.8,2018-08-02,Immunotherapy,8,10,Not Recorded,High
ONC-06712,44,Female,Pancreatic,Stage Ii,6.4,Never,Regular,Yes,29.4,2020-02-13,Combination Therapy,14,12,Alive,Low
ONC-05211,15,Female,Prostate,Stage Iv,0.2,Never,Regular,Yes,19.6,2015-03-20,Palliative Care,6,13,Not Recorded,Medium
ONC-05123,79,Female,Liver,Stage Iv,3.9,Former,Regular,No,27.8,2015-07-31,Radiation Therapy,9,9,Alive,Critical
ONC-05980,49,Female,Breast,Stage Iv,2.2,Former,Heavy,No,24.4,2024-01-05,Chemotherapy,6,12,Deceased,Not Recorded
ONC-02711,55,Other,Brain,Stage I,1.9,Never,Regular,Yes,25.3,2018-08-19,Immunotherapy,5,3,Alive,Not Recorded
ONC-07322,58,Female,Prostate,Stage Ii,0.7,Current,Regular,No,21.0,2020-03-10,Chemotherapy,4,27,Alive,Not Recorded
ONC-05099,57,Female,Brain,Stage I,4.8,Current,Regular,Yes,26.0,2021-04-22,Palliative Care,3,66,Deceased,Low
ONC-01978,74,Other,Colorectal,Stage Iii,17.6,Never,Regular,Yes,30.7,Unknown,Chemotherapy,10,21,Deceased,High
ONC-02984,52,Other,Prostate,Stage Iii,1.3,Former,Regular,No,26.6,2020-02-26,Radiation Therapy,5,20,Alive,High
ONC-00171,74,Other,Ovarian,Stage I,2.4,Never,Heavy,No,22.8,2017-11-04,Palliative Care,6,27,Alive,Low
ONC-02296,74,Other,Blood (Leukemia),Stage Ii,2.1,Current,Occasional,Yes,22.2,2021-05-28,Radiation Therapy,6,24,Alive,Not Recorded
ONC-01960,58,Female,Breast,Stage Iv,0.2,Former,Occasional,No,35.5,2023-10-06,Palliative Care,5,11,Deceased,Critical
ONC-02804,71,Female,Prostate,Stage Iv,5.8,Never,Regular,No,26.0,2020-10-14,Immunotherapy,7,19,Alive,Critical
ONC-04489,58,Male,Prostate,Stage Iv,3.4,Never,Regular,Yes,31.6,2019-08-31,Palliative Care,5,7,Alive,Critical
ONC-07028,75,Female,Colorectal,Stage Ii,9.7,Never,Regular,Yes,29.1,2021-04-24,Palliative Care,6,0,Deceased,Medium
ONC-01065,52,Other,Liver,Stage Iv,2.0,Never,Heavy,No,23.2,2021-02-28,Immunotherapy,6,12,Alive,Medium
ONC-03401,33,Other,Ovarian,Stage Iv,2.4,Current,Heavy,No,21.9,2018-09-16,Palliative Care,11,12,Alive,Critical
ONC-04469,30,Female,Colorectal,Stage Iv,0.7,Never,Regular,Yes,21.7,2021-03-31,Chemotherapy,9,2,Alive,Medium
ONC-05422,60,Other,Brain,Stage Iv,2.4,Never,Regular,No,23.2,Unknown,Chemotherapy,8,12,Alive,High
ONC-04350,58,Other,Breast,Stage I,13.6,Former,Heavy,No,24.8,2022-03-24,Palliative Care,4,44,Alive,Medium
ONC-00321,58,Female,Breast,Stage Ii,1.4,Never,Regular,Yes,31.3,2019-03-04,Chemotherapy,5,12,Deceased,Medium
ONC-06551,48,Female,Ovarian,Stage I,2.5,Never,Regular,No,15.4,2016-08-18,Combination Therapy,4,31,Alive,Low
ONC-05951,58,Female,Breast,Stage Iii,2.7,Never,Heavy,Yes,29.7,2024-09-09,Chemotherapy,4,12,Alive,High
ONC-05158,58,Other,Prostate,Stage Iv,4.6,Never,Occasional,No,28.4,2022-06-05,Chemotherapy,4,12,Alive,Critical
ONC-04024,61,Other,Brain,Stage Iv,0.9,Former,Occasional,Yes,20.2,Unknown,Chemotherapy,6,0,Alive,Critical
ONC-06838,57,Female,Prostate,Stage I,3.7,Current,Regular,No,21.3,2019-05-13,Palliative Care,8,16,Alive,Low
ONC-05127,67,Other,Pancreatic,Stage Iv,1.2,Former,Regular,No,26.0,2017-02-13,Surgery,7,15,Not Recorded,High
ONC-00447,74,Male,Colorectal,Stage Iii,3.2,Never,Regular,Yes,33.5,2017-05-13,Palliative Care,6,12,Alive,High
ONC-07473,58,Other,Liver,Stage Ii,3.5,Never,Regular,No,23.0,2017-03-29,Surgery,6,17,Alive,Medium
ONC-00771,83,Male,Colorectal,Stage Iii,2.4,Former,Heavy,No,26.2,2024-03-18,Radiation Therapy,11,1,Not Recorded,Not Recorded
ONC-01240,71,Other,Breast,Stage Ii,1.8,Never,Regular,No,27.7,2018-12-22,Chemotherapy,6,3,Alive,Critical
ONC-00330,58,Other,Breast,Stage Ii,3.3,Current,Regular,No,27.6,2015-01-06,Palliative Care,5,5,Alive,Medium
ONC-07242,68,Other,Brain,Stage Iv,4.6,Never,Regular,Yes,23.6,2022-08-25,Chemotherapy,7,59,Deceased,Critical
ONC-01774,58,Female,Blood (Leukemia),Stage Ii,6.5,Never,Regular,Yes,13.9,2019-06-05,Palliative Care,4,12,Alive,High
ONC-03528,72,Other,Prostate,Stage I,5.6,Current,Regular,No,26.0,2019-02-12,Palliative Care,6,0,Alive,Medium
ONC-06950,65,Female,Pancreatic,Stage I,1.6,Never,Regular,No,21.3,2024-02-01,Surgery,4,6,Alive,Low
ONC-00346,43,Female,Liver,Stage Iv,3.3,Current,Occasional,Yes,25.0,2024-02-03,Radiation Therapy,6,12,Alive,Medium
ONC-02353,58,Other,Liver,Stage I,1.5,Current,Heavy,No,23.5,2024-03-28,Chemotherapy,5,9,Alive,Not Recorded
ONC-01265,71,Other,Blood (Leukemia),Stage Ii,2.4,Former,Regular,No,24.9,2023-12-27,Chemotherapy,7,12,Not Recorded,Critical
ONC-01094,48,Male,Prostate,Stage Iv,0.9,Former,Regular,No,25.2,2015-09-13,Palliative Care,6,28,Deceased,Medium
ONC-05354,58,Male,Brain,Stage Iii,0.1,Current,Regular,No,24.8,Unknown,Surgery,2,18,Alive,High
ONC-01784,68,Other,Prostate,Stage Ii,0.2,Never,Regular,Yes,26.0,2020-01-23,Radiation Therapy,4,60,Alive,Medium
ONC-05228,34,Male,Blood (Leukemia),Stage Ii,1.4,Former,Heavy,No,38.7,2022-03-25,Palliative Care,6,12,Deceased,Medium
ONC-04945,52,Female,Ovarian,Stage Ii,13.3,Current,Regular,Yes,26.0,Unknown,Combination Therapy,7,9,Deceased,Medium
ONC-04671,19,Other,Brain,Stage Iii,9.9,Former,Regular,Yes,34.8,Unknown,Palliative Care,4,7,Alive,Critical
ONC-05333,58,Other,Liver,Stage Iv,1.4,Former,Regular,Yes,24.6,2022-11-18,Palliative Care,9,5,Alive,Low
ONC-02120,41,Female,Prostate,Stage Iv,5.1,Never,Regular,No,28.2,2018-09-13,Immunotherapy,8,8,Not Recorded,Critical
ONC-02361,85,Male,Pancreatic,Stage I,4.6,Former,Regular,Yes,27.8,2023-09-27,Palliative Care,3,3,Not Recorded,High
ONC-02841,47,Other,Liver,Stage Iv,0.2,Never,Regular,Yes,27.5,Unknown,Palliative Care,6,23,Alive,High
ONC-03504,60,Other,Liver,Stage Iii,2.1,Current,Regular,Yes,19.2,2021-07-14,Palliative Care,7,7,Not Recorded,Medium
ONC-00867,25,Other,Blood (Leukemia),Stage Iii,1.5,Former,Regular,Yes,22.8,2022-04-01,Surgery,9,18,Not Recorded,Medium
ONC-01698,70,Female,Breast,Stage Ii,0.2,Never,Regular,No,24.2,2018-10-14,Palliative Care,6,12,Not Recorded,Low
ONC-00990,70,Female,Liver,Stage Iv,1.1,Never,Regular,Yes,24.7,2017-09-13,Immunotherapy,6,5,Alive,Medium
ONC-07080,65,Male,Colorectal,Stage Iv,0.7,Current,Regular,No,22.7,2023-01-15,Palliative Care,6,46,Alive,Medium
ONC-05345,65,Female,Colorectal,Stage Iii,2.4,Current,Regular,No,23.5,2020-10-13,Palliative Care,6,86,Deceased,Medium
ONC-03175,58,Female,Skin (Melanoma),Stage Ii,5.2,Never,Heavy,No,21.0,2016-11-05,Combination Therapy,5,15,Deceased,Medium
ONC-04060,69,Male,Lung,Stage I,0.8,Never,Regular,No,35.8,2018-07-13,Surgery,7,12,Alive,Low
ONC-07283,72,Male,Skin (Melanoma),Stage Iv,5.1,Current,Regular,Yes,23.5,Unknown,Palliative Care,6,10,Alive,Critical
ONC-00842,58,Male,Lung,Stage Iv,2.0,Former,Occasional,No,31.7,2015-11-16,Radiation Therapy,4,12,Alive,Low
ONC-00804,27,Female,Brain,Stage Ii,4.9,Never,Regular,No,24.2,Unknown,Palliative Care,6,12,Alive,Medium
ONC-02904,58,Other,Breast,Stage Iii,1.5,Never,Regular,No,15.7,2022-09-06,Palliative Care,8,12,Alive,Low
ONC-07146,58,Other,Brain,Stage Iv,2.4,Former,Regular,No,28.0,2017-02-03,Immunotherapy,8,4,Alive,High
ONC-03273,58,Female,Lung,Stage I,5.4,Former,Regular,No,23.8,2015-10-16,Combination Therapy,6,12,Alive,Low
ONC-00487,67,Other,Lung,Stage Ii,5.1,Former,Regular,Yes,28.9,Unknown,Chemotherapy,6,2,Not Recorded,Medium
ONC-04517,47,Other,Ovarian,Stage I,11.2,Current,Regular,Yes,24.8,2020-05-09,Palliative Care,6,25,Alive,Low
ONC-05835,36,Male,Lung,Stage Iv,0.5,Current,Regular,Yes,31.5,2019-11-14,Radiation Therapy,6,6,Alive,High
ONC-03494,69,Female,Prostate,Stage Iv,5.2,Never,Regular,Yes,31.3,2017-08-17,Radiation Therapy,11,93,Not Recorded,Critical
ONC-07306,41,Male,Prostate,Stage Ii,1.7,Never,Heavy,No,24.4,2017-12-12,Immunotherapy,6,22,Alive,Medium
ONC-00422,56,Other,Lung,Stage Iv,5.7,Current,Regular,Yes,23.7,2023-11-18,Combination Therapy,5,7,Not Recorded,High
ONC-00893,56,Male,Breast,Stage Iv,0.4,Current,Regular,Yes,35.4,Unknown,Palliative Care,4,3,Alive,High
ONC-00371,44,Female,Liver,Stage I,2.4,Never,Occasional,No,24.1,Unknown,Palliative Care,6,12,Deceased,Critical
ONC-03626,58,Other,Prostate,Stage Iii,7.1,Current,Occasional,No,26.1,2021-03-25,Immunotherapy,5,25,Alive,Not Recorded
ONC-02378,84,Other,Breast,Stage Iv,4.4,Former,Regular,Yes,28.4,2018-04-25,Radiation Therapy,3,4,Not Recorded,High
ONC-06159,58,Other,Skin (Melanoma),Stage Ii,5.5,Current,Regular,No,26.0,2024-01-03,Immunotherapy,1,75,Alive,Not Recorded
ONC-04648,40,Other,Liver,Stage Iv,2.4,Former,Regular,No,30.6,2017-10-19,Radiation Therapy,9,29,Alive,Low
ONC-01400,69,Female,Prostate,Stage Iv,2.2,Current,Regular,Yes,28.2,2021-12-29,Immunotherapy,6,32,Alive,Critical
ONC-01630,56,Other,Colorectal,Stage Ii,1.7,Never,Regular,No,26.3,2016-01-09,Combination Therapy,10,7,Deceased,High
ONC-03384,63,Male,Prostate,Stage Iii,3.2,Never,Regular,Yes,26.0,2019-07-15,Radiation Therapy,5,22,Alive,Not Recorded
ONC-03054,58,Other,Blood (Leukemia),Stage Iv,10.8,Never,Regular,No,27.3,2017-11-19,Radiation Therapy,3,35,Alive,Medium
ONC-00167,46,Female,Pancreatic,Stage Ii,11.1,Former,Regular,Yes,29.2,2015-03-19,Palliative Care,6,12,Alive,High
ONC-00783,58,Other,Prostate,Stage Iv,8.8,Never,Occasional,No,26.5,2018-03-25,Palliative Care,4,12,Alive,Medium
ONC-03151,58,Female,Pancreatic,Stage Iv,0.5,Never,Regular,No,26.8,Unknown,Surgery,6,4,Alive,Critical
ONC-05619,55,Other,Blood (Leukemia),Stage I,13.5,Never,Occasional,Yes,19.8,2024-06-21,Palliative Care,7,18,Not Recorded,High
ONC-06451,66,Male,Colorectal,Stage Iv,1.8,Never,Heavy,No,30.8,2022-04-20,Palliative Care,4,62,Alive,Low
ONC-05022,39,Female,Prostate,Stage I,3.2,Never,Regular,No,28.8,2024-04-05,Radiation Therapy,6,12,Deceased,Medium
ONC-03292,73,Female,Prostate,Stage Ii,0.9,Never,Regular,No,14.1,2015-10-04,Combination Therapy,7,13,Deceased,Medium
ONC-03637,63,Female,Liver,Stage Iii,5.6,Never,Regular,No,25.0,2016-11-14,Palliative Care,15,38,Not Recorded,High
ONC-06887,44,Other,Pancreatic,Stage Iv,2.0,Current,Heavy,Yes,33.8,2018-09-27,Immunotherapy,6,30,Deceased,High
ONC-01638,57,Male,Prostate,Stage Iii,0.3,Former,Heavy,No,22.1,Unknown,Surgery,4,5,Not Recorded,Medium
ONC-06821,64,Male,Prostate,Stage Ii,6.1,Current,Regular,No,24.9,2016-07-13,Chemotherapy,6,0,Alive,Low
ONC-00065,65,Other,Skin (Melanoma),Stage Iv,2.7,Never,Regular,Yes,32.2,Unknown,Palliative Care,5,40,Deceased,High
ONC-06416,32,Female,Lung,Stage Ii,1.8,Never,Heavy,No,35.7,Unknown,Combination Therapy,3,12,Alive,Low
ONC-03583,51,Other,Breast,Stage Iii,3.1,Never,Regular,Yes,36.5,2016-07-31,Surgery,8,0,Not Recorded,Medium
ONC-06333,62,Female,Blood (Leukemia),Stage Iii,11.3,Never,Regular,No,26.0,2020-05-29,Chemotherapy,1,12,Alive,High
ONC-01111,49,Other,Prostate,Stage Iii,1.4,Current,Regular,No,26.6,2016-11-29,Combination Therapy,6,25,Deceased,Critical
ONC-03443,58,Female,Prostate,Stage I,1.4,Former,Regular,No,35.8,Unknown,Chemotherapy,6,0,Alive,Low
ONC-00966,61,Male,Breast,Stage I,3.8,Never,Regular,No,20.4,2017-05-14,Combination Therapy,11,3,Deceased,Low
ONC-04902,58,Other,Pancreatic,Stage Iv,4.3,Never,Regular,Yes,31.4,2023-03-28,Surgery,9,8,Not Recorded,Critical
ONC-05849,84,Other,Lung,Stage I,1.9,Never,Regular,Yes,26.0,2024-03-09,Palliative Care,4,27,Alive,Low
ONC-02278,49,Female,Prostate,Stage Iv,0.7,Current,Regular,No,16.4,2016-04-20,Palliative Care,7,3,Not Recorded,Low
ONC-06899,67,Male,Skin (Melanoma),Stage Iv,4.5,Former,Regular,No,19.4,2024-10-21,Palliative Care,6,12,Deceased,High
ONC-07105,55,Female,Colorectal,Stage Ii,3.6,Never,Regular,No,26.0,2023-02-18,Chemotherapy,6,19,Deceased,High
ONC-03029,46,Other,Liver,Stage Iv,4.3,Never,Occasional,No,27.1,2020-07-26,Palliative Care,8,8,Deceased,Critical
ONC-01798,58,Other,Breast,Stage Iii,3.8,Never,Regular,Yes,22.0,2017-01-27,Chemotherapy,12,71,Alive,High
ONC-01459,49,Male,Colorectal,Stage Iv,7.1,Current,Occasional,No,28.2,2024-08-23,Palliative Care,7,18,Alive,High
ONC-00245,67,Other,Prostate,Stage I,1.2,Never,Regular,Yes,24.8,2017-02-09,Combination Therapy,4,11,Deceased,Low
ONC-03017,46,Other,Skin (Melanoma),Stage Iv,2.8,Never,Regular,Yes,29.2,2020-12-22,Surgery,9,10,Deceased,Low
ONC-02660,58,Male,Ovarian,Stage Iv,1.1,Current,Regular,No,31.5,2015-09-18,Palliative Care,6,16,Deceased,Low
ONC-06249,45,Other,Blood (Leukemia),Stage Iv,5.0,Never,Regular,No,28.8,2020-10-10,Chemotherapy,11,10,Alive,High
ONC-05643,40,Other,Brain,Stage Ii,0.5,Never,Regular,Yes,25.2,2015-09-12,Surgery,6,22,Alive,Low
ONC-00986,58,Female,Ovarian,Stage Iv,0.5,Never,Regular,No,24.6,2020-02-18,Palliative Care,5,22,Alive,Medium
ONC-06401,58,Male,Prostate,Stage Ii,0.6,Current,Regular,No,28.5,2018-03-06,Surgery,6,25,Alive,Low
ONC-03990,81,Male,Brain,Stage I,0.5,Current,Occasional,Yes,25.4,Unknown,Palliative Care,5,12,Deceased,Low
ONC-01532,79,Other,Ovarian,Stage Ii,0.1,Never,Occasional,Yes,26.0,2024-07-07,Radiation Therapy,4,1,Deceased,Medium
ONC-05460,56,Other,Lung,Stage Iv,1.0,Current,Regular,Yes,27.5,2015-12-15,Radiation Therapy,6,12,Deceased,Not Recorded
ONC-06919,81,Other,Prostate,Stage Iii,5.4,Former,Regular,Yes,29.5,2018-01-10,Radiation Therapy,4,3,Alive,Critical
ONC-01844,33,Male,Colorectal,Stage I,0.3,Former,Regular,No,27.2,2017-02-03,Palliative Care,7,12,Deceased,Low
ONC-00825,65,Other,Lung,Stage Ii,6.5,Former,Regular,No,35.9,2016-09-11,Palliative Care,6,25,Deceased,Medium
ONC-07343,53,Female,Ovarian,Stage Iv,4.7,Current,Regular,Yes,30.0,2023-02-01,Palliative Care,6,17,Deceased,Low
ONC-06546,84,Other,Pancreatic,Stage I,2.8,Former,Regular,Yes,23.6,2023-04-03,Palliative Care,7,12,Alive,Medium
ONC-02201,58,Other,Ovarian,Stage Iv,5.7,Current,Occasional,No,17.1,2024-06-12,Combination Therapy,2,1,Alive,High
ONC-03472,68,Male,Blood (Leukemia),Stage Iii,0.2,Never,Regular,No,22.2,Unknown,Surgery,5,30,Deceased,Not Recorded
ONC-04824,64,Female,Prostate,Stage Iv,0.1,Never,Regular,Yes,31.6,2017-05-13,Palliative Care,7,5,Alive,High
ONC-02107,55,Other,Ovarian,Stage Iv,0.6,Former,Occasional,No,20.5,2017-07-12,Palliative Care,9,41,Alive,Low
ONC-00639,33,Other,Prostate,Stage I,0.7,Current,Regular,No,24.2,2021-11-16,Surgery,6,19,Deceased,Low
ONC-04003,42,Female,Prostate,Stage Ii,4.2,Former,Regular,No,26.0,2016-10-05,Immunotherapy,6,12,Alive,High
ONC-01470,59,Other,Colorectal,Stage Iii,4.2,Never,Regular,No,30.6,Unknown,Surgery,6,31,Alive,Critical
ONC-04646,67,Male,Skin (Melanoma),Stage Ii,0.7,Never,Occasional,Yes,27.4,2023-02-21,Palliative Care,7,12,Deceased,Medium
ONC-05928,61,Other,Liver,Stage Ii,1.1,Never,Regular,Yes,23.4,Unknown,Radiation Therapy,9,3,Alive,Low
ONC-03426,37,Female,Liver,Stage Iv,9.9,Former,Regular,No,35.2,2016-03-03,Surgery,7,57,Alive,Critical
ONC-03496,58,Male,Breast,Stage I,3.9,Former,Regular,Yes,23.5,2022-08-29,Palliative Care,6,2,Not Recorded,Low
ONC-07026,41,Other,Lung,Stage I,4.6,Current,Regular,Yes,20.7,2020-04-20,Combination Therapy,3,12,Not Recorded,Low
ONC-04027,77,Male,Liver,Stage Iv,5.0,Former,Regular,No,35.5,2021-09-21,Palliative Care,8,37,Deceased,High
ONC-05420,70,Male,Prostate,Stage Iv,4.5,Never,Heavy,No,34.2,Unknown,Palliative Care,6,22,Deceased,High
ONC-03458,73,Female,Liver,Stage Iv,0.2,Current,Regular,No,25.5,2015-12-15,Surgery,6,12,Deceased,High
ONC-02285,58,Other,Lung,Stage Ii,2.4,Never,Regular,No,38.1,2017-03-01,Combination Therapy,5,66,Deceased,Medium
ONC-05799,61,Other,Breast,Stage Iv,5.1,Former,Regular,No,25.9,2024-11-13,Combination Therapy,6,6,Not Recorded,High
ONC-06849,47,Male,Prostate,Stage Ii,0.5,Former,Regular,No,25.2,2023-02-03,Combination Therapy,3,58,Alive,Not Recorded
ONC-04617,50,Female,Liver,Stage I,2.4,Current,Regular,Yes,28.6,Unknown,Immunotherapy,9,36,Alive,Low
ONC-04174,29,Other,Brain,Stage Iii,0.9,Never,Regular,No,26.0,2023-12-19,Palliative Care,5,17,Alive,High
ONC-02850,70,Other,Blood (Leukemia),Stage Ii,4.2,Current,Regular,No,29.5,Unknown,Palliative Care,5,22,Alive,Low
ONC-07008,49,Other,Blood (Leukemia),Stage Iii,3.6,Current,Regular,Yes,25.1,2019-12-05,Palliative Care,8,18,Deceased,Medium
ONC-06680,38,Female,Blood (Leukemia),Stage Ii,0.5,Current,Regular,Yes,21.9,Unknown,Chemotherapy,12,12,Alive,Medium
ONC-01748,78,Other,Prostate,Stage I,10.7,Never,Regular,No,21.0,2019-06-05,Palliative Care,5,59,Alive,Low
ONC-05948,45,Other,Prostate,Stage I,4.0,Former,Regular,Yes,28.8,Unknown,Radiation Therapy,7,0,Alive,Low
ONC-01500,31,Female,Breast,Stage Iv,5.0,Current,Heavy,No,22.5,2022-09-09,Combination Therapy,6,12,Alive,Low
ONC-03140,46,Other,Brain,Stage Ii,6.3,Current,Heavy,No,34.3,2017-06-13,Palliative Care,7,28,Alive,High
ONC-04423,70,Female,Prostate,Stage Iv,2.1,Never,Regular,No,26.4,2020-02-10,Chemotherapy,3,20,Alive,Critical
ONC-05116,56,Other,Colorectal,Stage I,3.8,Former,Regular,No,26.0,Unknown,Palliative Care,8,10,Alive,Low
ONC-00793,29,Male,Prostate,Stage I,2.4,Current,Heavy,No,29.8,Unknown,Immunotherapy,6,18,Alive,Low
ONC-00397,62,Female,Blood (Leukemia),Stage I,0.7,Never,Occasional,No,26.0,Unknown,Surgery,7,28,Alive,Low
ONC-03729,53,Male,Prostate,Stage I,0.4,Current,Occasional,Yes,29.1,2021-06-19,Chemotherapy,6,35,Not Recorded,High
ONC-05043,64,Male,Lung,Stage Iv,0.2,Former,Regular,Yes,20.5,2020-04-13,Chemotherapy,6,3,Deceased,Not Recorded
ONC-05159,72,Other,Brain,Stage Iv,3.1,Never,Regular,Yes,19.6,Unknown,Chemotherapy,5,12,Alive,Not Recorded
ONC-03993,60,Other,Ovarian,Stage I,4.5,Never,Regular,No,29.1,2019-10-20,Surgery,7,31,Alive,Low
ONC-04670,58,Other,Skin (Melanoma),Stage I,2.6,Current,Regular,Yes,22.3,2022-09-14,Palliative Care,6,1,Alive,Medium
ONC-01468,63,Female,Prostate,Stage Iv,6.8,Current,Heavy,Yes,33.7,2024-07-02,Palliative Care,9,40,Not Recorded,Critical
ONC-03699,65,Other,Prostate,Stage Iii,5.0,Former,Regular,Yes,31.1,2018-09-23,Palliative Care,5,9,Alive,Medium
ONC-06724,58,Male,Brain,Stage I,1.0,Former,Heavy,No,29.6,Unknown,Chemotherapy,5,28,Deceased,Not Recorded
ONC-02359,70,Female,Colorectal,Stage Iv,10.2,Current,Regular,Yes,26.3,2015-04-03,Immunotherapy,3,12,Not Recorded,High
ONC-03547,58,Female,Colorectal,Stage I,0.2,Never,Regular,Yes,26.0,Unknown,Combination Therapy,6,21,Alive,Low
ONC-05515,24,Other,Blood (Leukemia),Stage Iii,1.0,Current,Heavy,No,26.9,2015-11-21,Palliative Care,5,11,Deceased,Medium
ONC-05309,78,Other,Pancreatic,Stage I,3.1,Current,Regular,Yes,16.7,Unknown,Immunotherapy,7,12,Alive,Low
ONC-06631,58,Male,Brain,Stage Iv,2.4,Never,Heavy,No,20.0,Unknown,Chemotherapy,3,1,Deceased,Critical
ONC-03517,47,Other,Brain,Stage Iv,1.4,Former,Regular,Yes,23.5,2017-03-04,Radiation Therapy,4,6,Alive,High
ONC-05060,17,Male,Liver,Stage I,0.2,Never,Regular,No,19.9,2015-12-10,Palliative Care,7,12,Not Recorded,Medium
ONC-00529,58,Male,Pancreatic,Stage I,1.9,Never,Regular,No,26.5,2015-10-20,Combination Therapy,6,34,Alive,Not Recorded
ONC-04848,64,Other,Breast,Stage Iv,0.5,Current,Regular,Yes,31.2,2022-11-23,Palliative Care,10,5,Alive,Medium
ONC-00667,60,Male,Prostate,Stage I,2.4,Former,Regular,No,26.1,Unknown,Chemotherapy,10,0,Deceased,Low
ONC-03592,44,Other,Skin (Melanoma),Stage Iv,2.2,Never,Regular,No,28.1,2018-04-17,Palliative Care,3,6,Deceased,Not Recorded
ONC-01013,96,Male,Lung,Stage Ii,4.3,Current,Regular,No,26.9,2023-05-04,Radiation Therapy,6,32,Alive,High
ONC-03574,30,Male,Blood (Leukemia),Stage Iv,1.1,Current,Regular,No,20.3,2022-06-19,Surgery,6,12,Deceased,Critical
ONC-05647,70,Other,Lung,Stage I,5.3,Current,Regular,No,28.4,2018-10-23,Chemotherapy,4,12,Deceased,Low
ONC-00263,61,Female,Lung,Stage Iii,4.6,Never,Regular,No,26.0,2021-10-14,Combination Therapy,8,35,Deceased,Low
ONC-02766,58,Female,Lung,Stage I,0.4,Former,Regular,No,30.5,2018-10-24,Palliative Care,10,36,Alive,Medium
ONC-07432,58,Other,Breast,Stage Ii,1.9,Former,Occasional,Yes,28.2,2018-08-03,Surgery,6,7,Not Recorded,Medium
ONC-00424,58,Female,Blood (Leukemia),Stage Iv,1.4,Current,Regular,Yes,23.2,2016-02-04,Palliative Care,0,31,Alive,Critical
ONC-06128,45,Other,Prostate,Stage Ii,5.8,Former,Regular,No,26.9,2023-03-16,Chemotherapy,6,59,Alive,Low
ONC-06506,42,Other,Prostate,Stage Iv,4.4,Never,Regular,Yes,20.3,2023-02-13,Immunotherapy,6,12,Deceased,Critical
ONC-05390,59,Other,Liver,Stage Iv,3.3,Former,Occasional,Yes,30.6,2016-04-28,Surgery,6,7,Alive,Critical
ONC-05141,34,Other,Colorectal,Stage Iv,18.5,Never,Regular,No,20.7,2021-01-04,Radiation Therapy,7,0,Alive,Critical
ONC-01710,84,Male,Prostate,Stage I,2.7,Former,Regular,No,22.8,2024-12-17,Surgery,8,0,Alive,Low
ONC-01694,46,Other,Pancreatic,Stage Iv,12.5,Former,Regular,Yes,21.3,Unknown,Combination Therapy,9,3,Deceased,Medium
ONC-03450,71,Other,Prostate,Stage Iii,9.5,Never,Regular,Yes,28.0,2017-04-15,Radiation Therapy,5,2,Deceased,Medium
ONC-00033,62,Other,Skin (Melanoma),Stage I,0.3,Never,Regular,Yes,22.9,2017-12-19,Palliative Care,4,6,Deceased,Medium
ONC-02329,36,Female,Liver,Stage Ii,0.9,Never,Regular,No,27.5,2017-12-09,Palliative Care,7,29,Alive,Low
ONC-04314,25,Female,Prostate,Stage Iv,4.1,Never,Regular,No,25.8,2022-04-08,Chemotherapy,6,2,Alive,High
ONC-06503,49,Male,Brain,Stage Ii,2.4,Never,Occasional,Yes,26.4,2017-04-02,Palliative Care,6,1,Deceased,Medium
ONC-00324,59,Other,Prostate,Stage Iii,6.5,Never,Regular,Yes,21.8,2023-04-23,Combination Therapy,5,28,Not Recorded,High
ONC-02827,46,Other,Prostate,Stage Iv,2.4,Never,Occasional,No,27.3,Unknown,Combination Therapy,6,15,Alive,Low
ONC-02768,23,Male,Pancreatic,Stage I,4.0,Never,Regular,Yes,27.7,2016-06-24,Chemotherapy,7,16,Alive,Not Recorded
ONC-03265,40,Female,Liver,Stage Iv,19.4,Current,Regular,Yes,20.7,2018-01-25,Combination Therapy,6,12,Alive,Critical
ONC-00876,32,Female,Ovarian,Stage Iv,2.4,Never,Heavy,Yes,23.5,2024-07-29,Radiation Therapy,8,16,Alive,High
ONC-01577,60,Other,Colorectal,Stage Iv,0.5,Current,Regular,No,22.2,Unknown,Palliative Care,5,0,Alive,Critical
ONC-02541,73,Other,Prostate,Stage Iii,3.6,Former,Regular,No,34.3,2019-05-10,Combination Therapy,6,20,Alive,High
ONC-04061,50,Female,Pancreatic,Stage Iv,3.5,Never,Regular,No,34.6,2015-07-20,Palliative Care,5,6,Alive,Critical
ONC-03453,33,Male,Prostate,Stage I,5.4,Never,Occasional,No,32.2,Unknown,Palliative Care,2,17,Deceased,Medium
ONC-03056,63,Other,Pancreatic,Stage Iv,2.5,Never,Regular,Yes,23.6,2018-12-08,Palliative Care,6,47,Alive,High
ONC-05306,44,Male,Prostate,Stage Iv,1.2,Never,Occasional,Yes,26.0,2024-03-13,Radiation Therapy,6,5,Alive,Critical
ONC-00884,52,Other,Prostate,Stage Iv,0.1,Never,Regular,No,26.0,Unknown,Immunotherapy,3,4,Alive,Medium
ONC-04500,26,Female,Brain,Stage Ii,6.7,Former,Occasional,No,23.6,2019-08-11,Palliative Care,6,28,Deceased,Medium
ONC-01644,36,Female,Lung,Stage I,6.3,Never,Regular,No,31.7,2021-03-16,Radiation Therapy,6,22,Deceased,Medium
ONC-01165,63,Other,Brain,Stage I,3.5,Current,Regular,No,31.5,2016-03-27,Surgery,8,14,Alive,Not Recorded
ONC-06177,79,Other,Breast,Stage Iv,0.9,Never,Regular,No,36.1,Unknown,Palliative Care,5,5,Alive,High
ONC-02062,46,Female,Lung,Stage Iv,6.7,Never,Regular,Yes,19.1,2016-12-28,Combination Therapy,6,28,Alive,Low
ONC-00599,41,Other,Skin (Melanoma),Stage Iii,0.9,Never,Occasional,No,25.7,2016-03-23,Combination Therapy,6,48,Deceased,Not Recorded
ONC-03072,45,Other,Skin (Melanoma),Stage Iv,7.2,Never,Regular,No,30.7,2018-01-19,Immunotherapy,5,12,Alive,Medium
ONC-07147,38,Other,Breast,Stage Ii,0.8,Former,Regular,No,21.1,2024-07-05,Surgery,5,59,Alive,Not Recorded
ONC-00837,70,Other,Blood (Leukemia),Stage Ii,5.7,Current,Regular,Yes,18.4,Unknown,Palliative Care,2,12,Deceased,Low
ONC-06156,58,Other,Colorectal,Stage Iv,1.3,Current,Heavy,Yes,29.5,2020-04-14,Chemotherapy,13,12,Alive,High
ONC-05957,47,Other,Prostate,Stage Iv,0.5,Current,Regular,No,32.5,2022-01-08,Combination Therapy,6,30,Deceased,Low
ONC-07005,51,Other,Brain,Stage Iii,2.0,Current,Heavy,No,26.9,2018-10-19,Surgery,6,1,Deceased,High
ONC-07164,63,Female,Liver,Stage Iv,17.0,Current,Regular,No,22.7,2016-08-19,Combination Therapy,7,20,Alive,High
ONC-01112,70,Other,Colorectal,Stage Iv,3.6,Never,Regular,No,26.2,Unknown,Palliative Care,11,3,Alive,High
ONC-01877,58,Female,Lung,Stage Iv,0.3,Never,Heavy,No,26.3,2016-10-23,Palliative Care,5,19,Alive,Critical
ONC-03514,58,Female,Prostate,Stage Iv,10.8,Current,Heavy,No,20.9,Unknown,Chemotherapy,5,12,Alive,High
ONC-04539,66,Male,Breast,Stage Iv,11.9,Current,Regular,No,34.9,2021-12-20,Immunotherapy,5,23,Alive,Medium
ONC-03093,61,Male,Breast,Stage Iv,0.9,Never,Occasional,No,18.5,2023-09-27,Surgery,5,12,Not Recorded,Medium
ONC-05648,57,Female,Ovarian,Stage Iv,0.2,Never,Regular,No,17.3,2019-11-04,Palliative Care,4,9,Deceased,Critical
ONC-02676,81,Female,Prostate,Stage Ii,4.9,Never,Regular,No,26.0,2017-08-08,Palliative Care,7,19,Alive,High
ONC-02881,67,Other,Skin (Melanoma),Stage Iv,2.7,Current,Regular,No,26.0,2018-08-20,Surgery,8,18,Alive,Critical
ONC-05869,41,Other,Blood (Leukemia),Stage Iii,0.9,Current,Regular,Yes,17.7,Unknown,Surgery,4,9,Deceased,High
ONC-03999,58,Other,Prostate,Stage Iii,6.6,Current,Regular,No,33.3,2022-07-21,Chemotherapy,5,17,Deceased,Critical
ONC-04808,57,Other,Lung,Stage Iii,3.0,Never,Occasional,No,19.9,2024-01-20,Palliative Care,6,2,Deceased,Medium
ONC-03466,58,Other,Brain,Stage Iv,8.1,Never,Occasional,Yes,29.0,2017-06-12,Palliative Care,11,17,Alive,High
ONC-00253,79,Male,Breast,Stage I,8.8,Current,Regular,Yes,23.0,2019-08-17,Palliative Care,6,54,Deceased,Medium
ONC-05105,65,Female,Liver,Stage I,2.9,Current,Regular,Yes,24.3,2023-10-02,Palliative Care,8,5,Alive,Not Recorded
ONC-06931,69,Other,Breast,Stage Ii,2.4,Current,Regular,Yes,24.1,2020-03-08,Surgery,9,7,Deceased,Medium
ONC-06994,69,Other,Prostate,Stage Iii,3.5,Former,Regular,No,26.0,2016-12-29,Combination Therapy,4,11,Alive,Medium
ONC-05843,68,Male,Colorectal,Stage Iv,0.1,Current,Regular,Yes,21.6,2015-10-29,Palliative Care,10,12,Alive,High
ONC-06963,39,Female,Liver,Stage Iv,1.4,Former,Regular,Yes,28.4,Unknown,Surgery,5,7,Alive,Low
ONC-06964,52,Male,Blood (Leukemia),Stage Iv,3.9,Former,Regular,No,15.4,2020-09-22,Palliative Care,6,4,Alive,High
ONC-06214,60,Female,Brain,Stage Ii,2.2,Never,Heavy,No,35.8,2016-05-29,Palliative Care,6,19,Alive,Medium
ONC-07285,54,Male,Lung,Stage Iii,1.9,Current,Regular,Yes,19.1,Unknown,Immunotherapy,5,12,Alive,High
ONC-01840,81,Female,Breast,Stage Iv,4.3,Former,Regular,No,17.2,Unknown,Surgery,10,29,Alive,High
ONC-02161,58,Other,Lung,Stage Iv,0.2,Never,Heavy,No,28.6,2016-08-04,Immunotherapy,4,4,Not Recorded,Not Recorded
ONC-00935,61,Male,Colorectal,Stage Iii,9.3,Never,Regular,No,13.8,2015-04-25,Palliative Care,6,37,Alive,Critical
ONC-06830,53,Female,Skin (Melanoma),Stage Iii,7.9,Current,Regular,No,22.0,2021-06-29,Chemotherapy,5,12,Not Recorded,High
ONC-03165,69,Other,Blood (Leukemia),Stage Iv,0.5,Never,Occasional,No,29.9,2020-06-11,Surgery,8,12,Not Recorded,Critical
ONC-06576,90,Other,Prostate,Stage Iii,4.1,Former,Heavy,No,21.8,2022-06-13,Palliative Care,6,22,Deceased,Medium
ONC-06798,39,Male,Pancreatic,Stage Ii,2.4,Never,Regular,No,24.7,2024-04-28,Radiation Therapy,6,21,Alive,Medium
ONC-02331,70,Male,Colorectal,Stage Iii,0.1,Never,Regular,No,24.3,2016-10-15,Combination Therapy,4,6,Not Recorded,Not Recorded
ONC-07372,58,Other,Liver,Stage Iii,6.6,Never,Regular,No,26.5,2018-06-10,Chemotherapy,6,2,Alive,Critical
ONC-05457,63,Female,Lung,Stage Iv,1.3,Former,Occasional,No,21.8,Unknown,Radiation Therapy,6,26,Alive,Critical
ONC-02544,58,Male,Brain,Stage I,3.6,Current,Occasional,Yes,22.3,2016-08-09,Palliative Care,12,2,Not Recorded,Critical
ONC-04796,69,Female,Brain,Stage Iv,2.4,Never,Regular,Yes,23.9,2018-01-07,Surgery,5,18,Alive,Low
ONC-04031,74,Other,Skin (Melanoma),Stage Iii,4.5,Current,Occasional,No,18.5,2024-09-28,Surgery,7,12,Alive,Not Recorded
ONC-03616,60,Other,Prostate,Stage Iv,3.0,Current,Regular,No,26.0,2024-06-08,Radiation Therapy,7,12,Deceased,Medium
ONC-00886,62,Other,Brain,Stage I,1.5,Never,Heavy,No,29.7,2021-08-04,Chemotherapy,6,40,Alive,Not Recorded
ONC-06572,58,Other,Prostate,Stage Iv,6.1,Former,Regular,No,36.4,2022-05-13,Radiation Therapy,4,1,Alive,High
ONC-05774,58,Male,Colorectal,Stage Ii,0.1,Current,Regular,No,24.5,Unknown,Combination Therapy,6,0,Alive,High
ONC-06245,55,Other,Prostate,Stage I,1.5,Current,Heavy,No,20.8,2017-06-25,Radiation Therapy,4,12,Alive,Medium
ONC-00132,82,Other,Prostate,Stage I,3.4,Current,Regular,No,31.0,2019-08-10,Radiation Therapy,4,11,Deceased,Low
ONC-03128,50,Male,Skin (Melanoma),Stage Iv,2.4,Former,Regular,Yes,33.5,2023-07-14,Palliative Care,7,18,Alive,Not Recorded
ONC-04664,58,Female,Lung,Stage Iii,0.3,Former,Regular,Yes,25.9,2022-09-18,Palliative Care,5,5,Alive,Low
ONC-00100,70,Other,Prostate,Stage Iii,4.2,Never,Heavy,No,28.5,2023-02-07,Chemotherapy,5,20,Alive,Critical
ONC-04291,73,Male,Blood (Leukemia),Stage Iii,0.6,Current,Regular,No,24.9,2021-08-08,Palliative Care,6,12,Not Recorded,Medium
ONC-01218,67,Other,Brain,Stage Iv,5.1,Never,Regular,Yes,20.9,2021-03-16,Immunotherapy,7,12,Deceased,Critical
ONC-05826,58,Male,Liver,Stage Iii,7.6,Never,Regular,Yes,21.8,2019-03-27,Palliative Care,6,14,Alive,Medium
ONC-02590,69,Other,Liver,Stage Ii,7.6,Never,Regular,No,25.0,2016-09-23,Chemotherapy,7,3,Alive,High
ONC-02380,59,Other,Breast,Stage Iv,3.4,Never,Regular,No,26.0,2019-04-23,Radiation Therapy,4,9,Deceased,High
ONC-06690,61,Other,Prostate,Stage I,0.4,Never,Heavy,Yes,26.0,2016-12-28,Immunotherapy,8,47,Alive,Low
ONC-02510,42,Female,Prostate,Stage I,2.6,Never,Heavy,No,23.3,2021-12-24,Radiation Therapy,6,20,Alive,Low
ONC-00898,86,Other,Lung,Stage Iii,4.6,Former,Occasional,No,20.5,2024-01-29,Palliative Care,8,20,Alive,Critical
ONC-05102,39,Male,Pancreatic,Stage Iv,4.9,Current,Regular,No,25.8,2020-02-15,Surgery,6,19,Alive,Critical
ONC-03747,48,Other,Prostate,Stage Iv,0.1,Former,Regular,No,28.2,2024-01-05,Chemotherapy,4,13,Deceased,Low
ONC-00260,68,Male,Blood (Leukemia),Stage I,4.7,Never,Occasional,No,20.3,Unknown,Surgery,6,33,Deceased,Not Recorded
ONC-01002,62,Female,Liver,Stage Iv,0.8,Former,Occasional,No,26.0,2020-02-12,Palliative Care,4,15,Deceased,Low
ONC-02149,58,Other,Ovarian,Stage Iv,2.4,Former,Heavy,Yes,27.4,2021-03-24,Immunotherapy,9,15,Deceased,High
ONC-04592,58,Female,Brain,Stage Iv,10.0,Never,Regular,No,24.3,2015-03-30,Immunotherapy,5,39,Deceased,High
ONC-01955,79,Other,Liver,Stage I,2.4,Current,Heavy,Yes,28.4,2019-09-22,Radiation Therapy,9,27,Not Recorded,Not Recorded
ONC-06026,55,Other,Skin (Melanoma),Stage Iii,1.4,Never,Regular,Yes,32.3,Unknown,Chemotherapy,6,3,Alive,High
ONC-02015,45,Other,Lung,Stage Iv,0.3,Former,Regular,No,21.2,2015-09-27,Surgery,8,12,Deceased,Critical
ONC-04126,33,Female,Liver,Stage Iv,2.0,Never,Occasional,No,26.0,2018-11-02,Immunotherapy,11,13,Alive,Critical
ONC-00663,68,Male,Lung,Stage Iv,2.4,Never,Occasional,Yes,26.8,Unknown,Combination Therapy,2,97,Alive,Critical
ONC-03367,65,Other,Ovarian,Stage Iv,4.8,Current,Regular,No,26.4,2018-07-26,Immunotherapy,5,12,Alive,Low
ONC-06554,58,Female,Skin (Melanoma),Stage Ii,3.8,Current,Occasional,No,24.4,2015-10-25,Immunotherapy,5,12,Not Recorded,Low
ONC-06095,54,Other,Colorectal,Stage Iv,1.8,Current,Occasional,No,24.4,2020-03-30,Radiation Therapy,4,15,Not Recorded,Not Recorded
ONC-01919,37,Male,Brain,Stage Iv,0.8,Former,Regular,No,20.8,2023-05-26,Palliative Care,8,12,Alive,Critical
ONC-03100,50,Other,Lung,Stage Ii,4.2,Former,Heavy,Yes,27.8,2015-12-29,Chemotherapy,6,12,Alive,Not Recorded
ONC-05607,58,Female,Pancreatic,Stage I,2.6,Current,Regular,No,29.4,Unknown,Palliative Care,3,14,Alive,Low
ONC-03413,90,Male,Blood (Leukemia),Stage Iv,0.7,Never,Regular,No,27.5,2016-07-25,Surgery,6,5,Deceased,Low
ONC-06259,43,Other,Lung,Stage I,0.9,Former,Regular,No,18.2,2023-08-30,Combination Therapy,10,12,Alive,High
ONC-00872,58,Female,Colorectal,Stage Ii,2.8,Never,Regular,No,21.9,2022-11-23,Palliative Care,7,9,Not Recorded,Not Recorded
ONC-00355,49,Other,Prostate,Stage I,0.1,Former,Regular,Yes,25.5,2021-10-03,Radiation Therapy,6,12,Deceased,High
ONC-05210,49,Female,Brain,Stage Iv,4.5,Current,Regular,Yes,31.1,2015-06-03,Radiation Therapy,6,1,Not Recorded,Critical
ONC-05526,58,Other,Liver,Stage Ii,4.8,Current,Regular,No,30.0,2019-05-11,Combination Therapy,8,5,Alive,High
ONC-06914,57,Other,Prostate,Stage Ii,0.8,Current,Regular,No,24.0,Unknown,Combination Therapy,5,50,Alive,High
ONC-04151,37,Female,Skin (Melanoma),Stage Iv,2.4,Current,Regular,No,19.3,2016-05-04,Palliative Care,7,12,Alive,Critical
ONC-01597,45,Other,Lung,Stage Ii,1.0,Current,Regular,No,28.5,2019-04-05,Palliative Care,5,21,Not Recorded,Medium
ONC-05227,89,Female,Prostate,Stage Iv,4.1,Former,Regular,Yes,25.9,2018-02-17,Chemotherapy,6,0,Deceased,High
ONC-04046,58,Female,Colorectal,Stage Ii,1.6,Never,Heavy,No,27.9,2016-10-18,Radiation Therapy,6,1,Alive,Not Recorded
ONC-01032,34,Other,Colorectal,Stage I,2.0,Former,Regular,Yes,28.0,Unknown,Palliative Care,2,18,Alive,Medium
ONC-06126,50,Male,Prostate,Stage Ii,2.8,Never,Heavy,Yes,33.2,2020-07-14,Immunotherapy,6,25,Not Recorded,Low
ONC-01422,81,Other,Prostate,Stage I,4.1,Current,Regular,Yes,20.9,2017-01-16,Palliative Care,4,0,Alive,Medium
ONC-06124,38,Other,Brain,Stage Ii,1.2,Current,Regular,Yes,26.0,2020-09-23,Palliative Care,4,12,Deceased,Medium
ONC-02943,68,Male,Skin (Melanoma),Stage Iv,1.4,Never,Occasional,Yes,30.0,Unknown,Surgery,6,25,Alive,Critical
ONC-07091,64,Male,Ovarian,Stage Ii,2.6,Current,Regular,No,27.6,Unknown,Immunotherapy,6,12,Alive,High
ONC-00985,43,Female,Prostate,Stage Iii,1.1,Never,Regular,No,27.5,2022-10-23,Chemotherapy,10,32,Deceased,Not Recorded
ONC-00507,60,Other,Liver,Stage Iv,2.4,Never,Heavy,Yes,30.7,2016-12-24,Immunotherapy,8,12,Alive,Low
ONC-01278,45,Female,Ovarian,Stage I,4.6,Current,Regular,No,26.9,2016-06-05,Palliative Care,10,12,Alive,High
ONC-00142,41,Other,Prostate,Stage Ii,1.5,Never,Regular,No,22.4,2019-06-15,Palliative Care,6,12,Not Recorded,Medium
ONC-06907,66,Female,Breast,Stage Iv,2.4,Never,Regular,Yes,15.4,2022-10-08,Palliative Care,4,34,Alive,Low
ONC-04900,37,Female,Colorectal,Stage I,0.8,Never,Regular,No,29.2,Unknown,Chemotherapy,6,12,Deceased,Medium
ONC-02454,59,Female,Brain,Stage I,13.9,Never,Regular,No,29.6,2023-03-26,Palliative Care,7,85,Alive,Low
ONC-02535,64,Male,Prostate,Stage Ii,5.9,Never,Regular,Yes,20.1,2018-04-24,Immunotherapy,6,7,Deceased,Low
ONC-00455,78,Other,Blood (Leukemia),Stage Ii,0.3,Current,Occasional,No,17.8,2017-01-23,Chemotherapy,6,20,Alive,Medium
ONC-04627,66,Other,Lung,Stage Ii,0.1,Never,Regular,No,26.3,2019-01-03,Combination Therapy,6,12,Alive,Medium
ONC-05683,83,Female,Skin (Melanoma),Stage Ii,2.7,Never,Regular,Yes,17.1,2024-11-21,Surgery,6,23,Alive,Medium
ONC-00125,68,Female,Prostate,Stage I,0.1,Former,Regular,Yes,26.0,Unknown,Combination Therapy,5,2,Alive,Medium
ONC-06055,33,Male,Prostate,Stage Ii,2.2,Current,Regular,No,17.5,2018-09-11,Surgery,6,20,Not Recorded,High
ONC-05729,45,Female,Prostate,Stage Iv,0.3,Former,Regular,No,27.2,Unknown,Palliative Care,4,51,Alive,Medium
ONC-04149,65,Other,Ovarian,Stage I,6.0,Never,Regular,No,29.9,2019-02-03,Immunotherapy,6,3,Alive,Low
ONC-02957,59,Male,Prostate,Stage Iv,0.2,Current,Regular,Yes,22.1,2019-04-29,Surgery,6,15,Alive,Critical
ONC-02526,88,Other,Skin (Melanoma),Stage I,3.6,Never,Occasional,Yes,24.3,2015-11-30,Combination Therapy,7,2,Not Recorded,Low
ONC-04557,59,Female,Breast,Stage Ii,2.4,Current,Regular,No,25.1,2022-12-24,Palliative Care,7,22,Deceased,High
ONC-03734,34,Other,Prostate,Stage I,10.2,Never,Occasional,No,15.9,Unknown,Palliative Care,6,35,Alive,Medium
ONC-01230,77,Other,Liver,Stage Iii,7.7,Current,Regular,Yes,24.4,2019-02-17,Palliative Care,6,5,Alive,High
ONC-05320,63,Other,Breast,Stage Iii,0.7,Former,Heavy,No,31.7,2017-12-05,Palliative Care,6,12,Deceased,Medium
ONC-06586,69,Other,Breast,Stage Ii,2.7,Current,Regular,No,27.3,2023-10-02,Palliative Care,8,12,Alive,High
ONC-04733,49,Other,Brain,Stage Iv,0.6,Never,Regular,No,26.7,2022-04-13,Combination Therapy,2,12,Deceased,Medium
ONC-01107,41,Other,Liver,Stage I,1.6,Current,Regular,No,22.1,2020-08-23,Palliative Care,4,44,Not Recorded,Low
ONC-02569,64,Male,Blood (Leukemia),Stage Iii,3.1,Former,Regular,No,26.0,2018-08-18,Immunotherapy,9,15,Alive,Not Recorded
ONC-00536,52,Male,Ovarian,Stage I,7.3,Never,Regular,No,28.1,2023-03-23,Chemotherapy,6,7,Not Recorded,Low
ONC-01640,66,Other,Brain,Stage Ii,1.0,Former,Regular,Yes,26.0,2016-01-04,Palliative Care,11,51,Deceased,High
ONC-06432,70,Male,Ovarian,Stage Ii,1.3,Never,Regular,No,26.0,Unknown,Combination Therapy,4,17,Deceased,Medium
ONC-01726,72,Other,Pancreatic,Stage Iv,9.5,Former,Occasional,No,30.6,2024-05-31,Immunotherapy,6,4,Deceased,Medium
ONC-03544,47,Other,Pancreatic,Stage Ii,5.9,Current,Regular,Yes,26.0,2022-06-05,Chemotherapy,9,9,Deceased,Low
ONC-00906,58,Other,Lung,Stage Iii,1.6,Never,Regular,No,18.6,2020-09-29,Combination Therapy,4,46,Alive,High
ONC-00896,58,Male,Prostate,Stage I,5.6,Never,Regular,Yes,25.7,2017-06-15,Radiation Therapy,6,9,Deceased,High
ONC-00456,43,Other,Skin (Melanoma),Stage Ii,8.4,Current,Regular,No,22.8,Unknown,Combination Therapy,6,25,Alive,Low
ONC-06170,58,Other,Prostate,Stage I,0.6,Never,Regular,No,20.1,2024-10-13,Chemotherapy,5,11,Alive,Critical
ONC-06870,58,Other,Brain,Stage Iv,0.3,Never,Occasional,Yes,36.2,2015-12-07,Surgery,4,54,Alive,Not Recorded
ONC-06975,61,Other,Colorectal,Stage Iv,3.1,Never,Regular,Yes,27.5,2021-02-01,Palliative Care,8,12,Alive,Medium
ONC-01808,43,Female,Prostate,Stage Iv,4.1,Never,Regular,Yes,24.2,2024-05-07,Immunotherapy,4,12,Alive,Critical
ONC-01074,49,Female,Brain,Stage Iv,0.1,Never,Regular,Yes,32.4,2020-11-06,Immunotherapy,6,8,Deceased,High
ONC-07308,58,Other,Blood (Leukemia),Stage I,0.2,Former,Regular,No,24.5,2021-07-25,Radiation Therapy,11,29,Alive,Medium
ONC-02356,72,Female,Prostate,Stage I,0.3,Never,Regular,No,27.2,2023-07-18,Palliative Care,9,14,Alive,Medium
ONC-05942,82,Other,Skin (Melanoma),Stage Iv,3.1,Current,Regular,Yes,27.6,Unknown,Radiation Therapy,5,37,Not Recorded,Critical
ONC-05997,54,Other,Liver,Stage Iv,1.4,Never,Regular,No,27.1,Unknown,Palliative Care,7,9,Alive,Low
ONC-03814,58,Other,Prostate,Stage Ii,2.5,Never,Regular,No,31.6,2022-10-24,Radiation Therapy,5,8,Alive,Medium
ONC-00095,41,Other,Pancreatic,Stage Iv,16.6,Never,Heavy,Yes,27.9,2021-09-21,Combination Therapy,6,12,Deceased,High
ONC-04221,38,Other,Blood (Leukemia),Stage Iv,2.4,Never,Heavy,No,23.9,2021-01-02,Combination Therapy,6,25,Alive,Critical
ONC-01332,58,Other,Prostate,Stage Iii,6.9,Current,Heavy,No,34.6,2015-07-18,Immunotherapy,6,1,Alive,Medium
ONC-01568,45,Other,Prostate,Stage Iv,4.7,Current,Heavy,Yes,29.0,2017-01-27,Surgery,5,12,Alive,Not Recorded
ONC-07226,58,Other,Lung,Stage Iv,7.5,Former,Heavy,Yes,29.6,2017-10-04,Immunotherapy,6,10,Not Recorded,Critical
ONC-05365,74,Male,Prostate,Stage Iii,9.3,Former,Occasional,No,26.0,Unknown,Immunotherapy,8,49,Not Recorded,Medium
ONC-01797,58,Other,Ovarian,Stage Iii,2.3,Never,Occasional,Yes,18.3,2018-09-15,Combination Therapy,6,14,Alive,High
ONC-02610,58,Other,Ovarian,Stage Iv,10.7,Current,Occasional,No,24.7,2023-10-28,Palliative Care,11,3,Alive,Low
ONC-02344,61,Female,Brain,Stage I,1.8,Never,Regular,No,26.0,2016-03-21,Combination Therapy,7,28,Not Recorded,Medium
ONC-04928,39,Other,Pancreatic,Stage I,2.4,Never,Occasional,No,25.1,2015-10-25,Palliative Care,6,0,Alive,Not Recorded
ONC-02081,47,Other,Brain,Stage Iv,0.7,Current,Regular,Yes,27.0,2022-05-19,Palliative Care,4,12,Alive,Medium
ONC-04510,58,Male,Lung,Stage Iii,1.2,Current,Regular,Yes,15.5,2024-06-08,Palliative Care,8,6,Alive,Low
ONC-06725,84,Male,Pancreatic,Stage Ii,3.1,Never,Occasional,No,26.0,2017-03-27,Surgery,8,20,Alive,Low
ONC-01528,87,Female,Brain,Stage Iv,9.9,Current,Regular,Yes,28.6,2015-08-19,Palliative Care,9,24,Not Recorded,Critical
ONC-05552,71,Female,Prostate,Stage Iv,0.1,Former,Regular,Yes,19.8,2023-12-14,Radiation Therapy,3,3,Deceased,Not Recorded
ONC-06452,79,Female,Breast,Stage Ii,0.7,Former,Regular,Yes,30.2,2020-05-07,Palliative Care,5,2,Not Recorded,Low
ONC-04602,38,Other,Prostate,Stage Ii,1.5,Current,Regular,No,30.6,Unknown,Radiation Therapy,5,41,Deceased,Medium
ONC-02797,47,Female,Breast,Stage I,2.4,Former,Heavy,No,26.9,2020-04-30,Radiation Therapy,13,16,Deceased,Not Recorded
ONC-06221,67,Female,Blood (Leukemia),Stage Iv,0.2,Current,Occasional,Yes,25.0,Unknown,Immunotherapy,8,12,Alive,Medium
ONC-06097,47,Other,Ovarian,Stage Iii,3.4,Never,Regular,Yes,23.9,Unknown,Immunotherapy,6,5,Deceased,Medium
ONC-01663,58,Male,Pancreatic,Stage Iv,2.2,Current,Regular,Yes,31.2,2015-11-24,Palliative Care,5,6,Alive,Low
ONC-03717,25,Male,Prostate,Stage I,1.8,Never,Regular,No,23.4,2019-07-21,Radiation Therapy,2,6,Alive,Low
ONC-00299,74,Other,Skin (Melanoma),Stage Ii,4.8,Never,Occasional,No,33.6,2024-04-16,Chemotherapy,10,3,Not Recorded,Medium
ONC-03379,63,Female,Brain,Stage I,3.1,Never,Regular,No,20.0,Unknown,Palliative Care,6,0,Alive,Low
ONC-05075,73,Male,Ovarian,Stage Iv,0.4,Former,Regular,Yes,24.1,Unknown,Palliative Care,4,49,Alive,Medium
ONC-06980,58,Other,Prostate,Stage Iv,5.9,Current,Regular,Yes,30.1,2022-02-10,Surgery,7,12,Alive,High
ONC-04680,58,Other,Ovarian,Stage Iv,2.4,Never,Regular,Yes,24.6,2023-06-19,Surgery,6,12,Deceased,Critical
ONC-00711,44,Female,Prostate,Stage Iv,4.3,Current,Regular,No,25.4,2019-06-17,Palliative Care,5,0,Deceased,High
ONC-04764,73,Other,Ovarian,Stage Ii,0.8,Former,Regular,No,32.7,2015-08-27,Radiation Therapy,5,12,Deceased,High
ONC-06487,42,Other,Ovarian,Stage Iii,1.2,Former,Heavy,Yes,24.3,2021-01-11,Palliative Care,4,12,Deceased,Critical
ONC-05662,63,Female,Prostate,Stage Iv,2.8,Former,Regular,No,24.4,2017-06-21,Combination Therapy,2,10,Not Recorded,Low
ONC-05178,38,Other,Breast,Stage Iv,0.1,Never,Heavy,Yes,18.8,Unknown,Chemotherapy,7,12,Alive,Critical
ONC-07305,47,Male,Breast,Stage Iv,3.7,Never,Occasional,No,19.9,2018-01-08,Combination Therapy,3,2,Alive,Critical
ONC-00137,58,Male,Breast,Stage I,3.2,Former,Heavy,No,26.7,2018-10-28,Palliative Care,6,30,Alive,Medium
ONC-02740,45,Female,Brain,Stage I,1.9,Never,Regular,No,24.3,2020-07-12,Radiation Therapy,10,12,Alive,Not Recorded
ONC-00899,58,Male,Ovarian,Stage Iv,0.1,Never,Occasional,No,30.7,2023-11-30,Chemotherapy,6,39,Alive,Critical
ONC-04014,58,Other,Prostate,Stage Iv,1.9,Former,Occasional,No,28.2,2022-03-11,Palliative Care,2,5,Alive,Critical
ONC-05255,58,Male,Lung,Stage Ii,9.4,Current,Regular,No,32.3,2018-01-24,Surgery,6,7,Alive,Not Recorded
ONC-00849,48,Female,Pancreatic,Stage Iii,0.2,Current,Regular,Yes,28.5,2020-08-29,Palliative Care,8,19,Alive,Not Recorded
ONC-04045,57,Other,Prostate,Stage I,2.7,Current,Occasional,Yes,23.9,Unknown,Palliative Care,10,5,Alive,Not Recorded
ONC-06273,65,Other,Prostate,Stage I,4.9,Former,Regular,No,26.0,Unknown,Palliative Care,4,7,Alive,Medium
ONC-01399,45,Other,Liver,Stage Iii,1.7,Never,Regular,Yes,40.8,2017-01-14,Palliative Care,3,22,Alive,High
ONC-03800,58,Female,Blood (Leukemia),Stage Iv,2.1,Never,Regular,No,29.4,2023-12-29,Surgery,8,46,Alive,Low
ONC-00451,43,Other,Lung,Stage I,0.1,Never,Regular,Yes,27.0,2019-01-05,Combination Therapy,3,0,Alive,Not Recorded
ONC-03406,58,Female,Lung,Stage I,4.5,Never,Regular,Yes,20.3,2022-11-28,Chemotherapy,6,11,Deceased,Critical
ONC-01312,83,Female,Ovarian,Stage Ii,2.9,Current,Regular,No,26.0,Unknown,Immunotherapy,5,12,Alive,Medium
ONC-00323,44,Other,Brain,Stage Iv,0.7,Former,Regular,No,22.4,2024-08-20,Combination Therapy,7,31,Alive,Low
ONC-06134,58,Female,Prostate,Stage Ii,1.9,Never,Heavy,Yes,26.0,2019-05-28,Combination Therapy,5,12,Deceased,Low
ONC-04769,88,Male,Colorectal,Stage Iv,3.7,Never,Regular,No,24.6,2019-01-22,Palliative Care,10,54,Alive,Critical
ONC-03391,67,Female,Colorectal,Stage Iii,1.5,Never,Regular,Yes,30.9,2016-04-22,Surgery,5,18,Alive,Not Recorded
ONC-03986,73,Other,Skin (Melanoma),Stage I,1.1,Former,Regular,No,23.7,2024-08-03,Palliative Care,5,12,Not Recorded,Low
ONC-04234,71,Other,Blood (Leukemia),Stage Iv,13.1,Never,Regular,No,27.7,2020-03-27,Palliative Care,8,8,Alive,High
ONC-06953,64,Male,Lung,Stage Iv,2.9,Never,Regular,No,27.4,2015-10-28,Radiation Therapy,3,8,Deceased,Critical
ONC-03545,48,Female,Prostate,Stage Ii,0.2,Never,Occasional,No,26.0,2023-04-02,Immunotherapy,11,46,Alive,Medium
ONC-01777,41,Female,Blood (Leukemia),Stage Ii,2.4,Never,Regular,Yes,26.3,2023-05-31,Combination Therapy,5,1,Deceased,Low
ONC-00670,82,Male,Brain,Stage Iv,8.7,Former,Regular,No,29.1,2016-11-19,Palliative Care,2,22,Alive,Medium
ONC-06785,54,Female,Brain,Stage Ii,1.1,Never,Regular,No,26.7,Unknown,Chemotherapy,7,26,Alive,Not Recorded
ONC-06902,58,Female,Prostate,Stage Iv,2.4,Former,Regular,Yes,17.2,2019-01-30,Combination Therapy,4,14,Alive,Low
ONC-07095,46,Female,Prostate,Stage Iv,0.3,Never,Heavy,No,21.2,2024-01-12,Surgery,5,4,Deceased,High
ONC-04908,58,Other,Brain,Stage I,10.3,Former,Heavy,No,26.1,2023-07-30,Radiation Therapy,5,12,Alive,Low
ONC-04980,58,Female,Ovarian,Stage I,2.4,Current,Regular,Yes,21.3,2021-04-12,Palliative Care,10,12,Alive,Low
ONC-00735,58,Female,Lung,Stage Ii,1.4,Former,Occasional,Yes,23.5,2019-07-28,Palliative Care,3,12,Deceased,High
ONC-05706,44,Other,Prostate,Stage Iii,7.0,Never,Regular,No,31.3,2020-05-09,Palliative Care,8,1,Alive,Low
ONC-00515,47,Other,Pancreatic,Stage Iv,2.4,Never,Occasional,No,22.7,2023-05-05,Palliative Care,8,6,Deceased,High
ONC-00635,75,Female,Prostate,Stage I,4.4,Never,Heavy,Yes,36.0,2020-02-05,Combination Therapy,8,12,Alive,Low
ONC-03094,61,Male,Colorectal,Stage Iii,4.4,Current,Regular,No,24.6,2018-01-19,Chemotherapy,7,12,Alive,Critical
ONC-03804,30,Female,Skin (Melanoma),Stage Iv,8.8,Current,Regular,Yes,31.5,2024-08-03,Chemotherapy,8,12,Alive,Low
ONC-00282,33,Other,Prostate,Stage Iii,3.7,Never,Heavy,No,15.8,Unknown,Palliative Care,4,49,Alive,Medium
ONC-07220,62,Other,Skin (Melanoma),Stage Ii,3.2,Never,Occasional,Yes,21.5,2024-12-22,Radiation Therapy,3,33,Alive,Not Recorded
ONC-01214,54,Other,Colorectal,Stage Iv,0.5,Never,Regular,No,26.0,2024-05-18,Surgery,6,21,Alive,Critical
ONC-03587,74,Other,Liver,Stage Iv,0.3,Former,Regular,No,33.6,2024-04-13,Chemotherapy,7,24,Alive,Low
ONC-06315,64,Female,Brain,Stage Ii,6.4,Current,Regular,No,23.2,2020-11-07,Chemotherapy,7,12,Deceased,High
ONC-06465,51,Other,Prostate,Stage Iv,7.6,Current,Regular,No,30.5,2020-02-20,Palliative Care,6,7,Deceased,High
ONC-01212,81,Female,Prostate,Stage I,1.0,Never,Regular,No,17.9,2015-11-18,Chemotherapy,2,12,Deceased,Low
ONC-04545,58,Male,Lung,Stage Ii,3.1,Never,Regular,Yes,24.4,2024-11-06,Combination Therapy,5,12,Alive,Critical
ONC-07116,51,Other,Pancreatic,Stage I,2.4,Former,Occasional,No,24.1,Unknown,Palliative Care,3,45,Deceased,Low
ONC-06301,58,Female,Blood (Leukemia),Stage Iii,3.4,Former,Regular,No,26.9,2020-03-31,Chemotherapy,6,0,Alive,High
ONC-01415,46,Female,Breast,Stage Iv,2.7,Never,Occasional,No,22.9,2015-07-10,Combination Therapy,6,16,Alive,Low
ONC-00517,58,Male,Prostate,Stage I,0.9,Never,Heavy,No,23.9,2017-07-28,Chemotherapy,6,30,Deceased,Low
ONC-05681,63,Other,Brain,Stage Iv,5.1,Never,Regular,No,22.5,2023-07-24,Radiation Therapy,5,39,Alive,Not Recorded
ONC-02026,84,Female,Prostate,Stage Ii,0.5,Never,Occasional,No,21.8,2016-12-25,Radiation Therapy,6,7,Deceased,Critical
ONC-07263,65,Female,Skin (Melanoma),Stage Iv,1.8,Current,Regular,Yes,34.7,2018-09-25,Palliative Care,9,12,Alive,Medium
ONC-05572,63,Other,Brain,Stage I,9.9,Never,Regular,Yes,31.3,Unknown,Combination Therapy,6,16,Alive,Low
ONC-06848,50,Other,Skin (Melanoma),Stage Ii,2.0,Former,Heavy,No,21.9,Unknown,Palliative Care,8,35,Alive,Critical
ONC-01540,57,Other,Blood (Leukemia),Stage I,2.1,Never,Regular,Yes,30.3,Unknown,Surgery,7,65,Alive,Low
ONC-00439,78,Male,Blood (Leukemia),Stage Ii,5.7,Never,Heavy,Yes,29.6,2022-08-28,Surgery,4,33,Not Recorded,Not Recorded
ONC-00462,38,Other,Colorectal,Stage Iii,1.5,Never,Regular,Yes,25.5,2024-07-11,Combination Therapy,6,9,Alive,Not Recorded
ONC-00048,58,Female,Prostate,Stage Iii,1.5,Current,Regular,No,25.3,2023-11-26,Palliative Care,9,12,Alive,High
ONC-04019,57,Other,Pancreatic,Stage Iv,0.6,Current,Regular,No,16.9,Unknown,Surgery,12,2,Deceased,Critical
ONC-01162,43,Male,Prostate,Stage Iv,3.2,Never,Heavy,No,23.4,2017-04-25,Palliative Care,6,22,Alive,High
ONC-06639,31,Male,Colorectal,Stage Iv,2.6,Never,Regular,Yes,18.8,2023-08-16,Radiation Therapy,6,11,Deceased,High
ONC-06749,58,Other,Prostate,Stage I,3.7,Never,Heavy,No,22.7,2024-09-29,Immunotherapy,12,65,Alive,Low
ONC-05086,68,Female,Blood (Leukemia),Stage Iv,1.5,Never,Regular,Yes,28.9,Unknown,Combination Therapy,6,7,Alive,High
ONC-01866,58,Male,Lung,Stage Ii,2.3,Never,Regular,Yes,17.7,2017-02-18,Surgery,3,3,Alive,High
ONC-00093,53,Female,Breast,Stage Iv,2.4,Current,Regular,No,22.0,2016-01-17,Chemotherapy,2,6,Deceased,Medium
ONC-06646,68,Male,Lung,Stage Iv,0.2,Current,Regular,No,25.1,2021-02-01,Immunotherapy,6,12,Alive,Critical
ONC-07417,54,Male,Prostate,Stage I,0.6,Never,Heavy,No,19.1,Unknown,Palliative Care,8,8,Alive,Medium
ONC-05041,49,Female,Ovarian,Stage Ii,0.6,Never,Regular,Yes,32.2,2016-09-22,Immunotherapy,6,7,Deceased,Not Recorded
ONC-00796,43,Male,Brain,Stage Ii,10.0,Never,Heavy,No,33.4,2024-12-13,Palliative Care,5,30,Not Recorded,Medium
ONC-05477,84,Other,Colorectal,Stage I,6.6,Former,Regular,No,24.0,2024-04-30,Surgery,6,38,Alive,High
ONC-04134,55,Male,Brain,Stage Iv,3.8,Current,Regular,No,30.5,2019-11-25,Palliative Care,6,34,Alive,High
ONC-06457,64,Male,Liver,Stage Iii,1.1,Former,Regular,No,26.0,Unknown,Combination Therapy,6,14,Deceased,High
ONC-02342,75,Female,Liver,Stage Iii,0.9,Never,Occasional,No,22.4,2015-11-10,Palliative Care,11,11,Deceased,Critical
ONC-00288,58,Other,Blood (Leukemia),Stage Iii,2.5,Never,Regular,Yes,30.6,Unknown,Chemotherapy,1,3,Alive,Not Recorded
ONC-02374,61,Other,Colorectal,Stage Iii,2.4,Never,Regular,Yes,13.7,2018-08-27,Surgery,5,13,Deceased,Medium
ONC-07355,57,Other,Prostate,Stage Iv,0.7,Never,Regular,Yes,24.3,Unknown,Palliative Care,7,12,Alive,High
ONC-02708,54,Female,Liver,Stage Iv,0.8,Never,Regular,Yes,31.6,2024-10-28,Combination Therapy,4,14,Alive,Not Recorded
ONC-05094,32,Other,Blood (Leukemia),Stage Iii,2.4,Current,Regular,Yes,30.5,2017-09-09,Radiation Therapy,6,11,Alive,High
ONC-03117,58,Male,Prostate,Stage Iii,7.1,Current,Heavy,No,26.8,2016-05-20,Combination Therapy,6,3,Alive,Critical
ONC-07281,57,Other,Ovarian,Stage Iv,9.9,Never,Heavy,No,22.0,2015-08-22,Palliative Care,2,60,Alive,Medium
ONC-07190,37,Other,Breast,Stage Ii,3.0,Never,Regular,No,16.8,2022-07-17,Palliative Care,5,1,Deceased,Medium
ONC-04943,41,Other,Blood (Leukemia),Stage Iv,1.7,Never,Regular,No,28.4,2018-11-04,Immunotherapy,6,28,Alive,Critical
ONC-04801,50,Other,Brain,Stage Iv,3.7,Former,Heavy,Yes,26.0,Unknown,Radiation Therapy,4,9,Deceased,Critical
ONC-02584,55,Other,Lung,Stage Ii,0.3,Never,Occasional,Yes,23.5,2017-03-01,Palliative Care,4,21,Deceased,Medium
ONC-04876,66,Other,Liver,Stage Iii,0.1,Current,Regular,No,24.9,Unknown,Surgery,6,29,Deceased,Medium
ONC-06952,58,Female,Prostate,Stage Iv,4.3,Never,Regular,No,29.1,2024-04-08,Palliative Care,5,10,Deceased,Medium
ONC-04211,58,Other,Pancreatic,Stage I,7.0,Never,Regular,No,17.9,2022-06-06,Palliative Care,6,29,Alive,Low
ONC-07107,50,Female,Skin (Melanoma),Stage I,5.3,Never,Regular,Yes,18.1,Unknown,Palliative Care,4,5,Alive,Medium
ONC-03417,56,Male,Prostate,Stage Ii,6.5,Never,Heavy,No,26.0,2020-11-12,Palliative Care,6,21,Not Recorded,Medium
ONC-04988,93,Other,Skin (Melanoma),Stage Iv,1.7,Never,Regular,No,26.8,2016-02-27,Chemotherapy,2,13,Alive,Not Recorded
ONC-01507,58,Other,Liver,Stage Iv,1.4,Former,Occasional,No,35.4,2016-03-21,Combination Therapy,7,15,Alive,High
ONC-05784,58,Other,Ovarian,Stage Iv,5.3,Former,Occasional,No,21.3,2015-04-23,Palliative Care,7,4,Not Recorded,Medium
ONC-02456,58,Other,Prostate,Stage Iv,0.6,Never,Regular,Yes,26.1,2024-05-14,Surgery,7,1,Alive,Low
ONC-02664,66,Female,Prostate,Stage Iii,0.7,Never,Heavy,No,24.6,2021-08-12,Palliative Care,6,12,Not Recorded,Low
ONC-00155,57,Other,Brain,Stage Ii,0.4,Never,Regular,No,28.9,2018-06-24,Palliative Care,5,14,Not Recorded,Not Recorded
ONC-05996,65,Male,Ovarian,Stage Iv,1.1,Never,Regular,Yes,26.0,2021-03-05,Immunotherapy,8,12,Alive,Critical
ONC-01595,47,Female,Skin (Melanoma),Stage Iv,6.3,Current,Regular,No,15.0,Unknown,Combination Therapy,5,19,Not Recorded,Critical
ONC-05915,58,Male,Prostate,Stage I,1.7,Never,Heavy,No,33.9,2023-12-02,Palliative Care,3,3,Alive,Not Recorded
ONC-00014,58,Male,Skin (Melanoma),Stage Iv,0.2,Current,Regular,Yes,38.3,Unknown,Palliative Care,6,12,Not Recorded,High
ONC-01539,44,Male,Prostate,Stage Iv,18.4,Never,Regular,No,32.5,2024-10-04,Palliative Care,6,6,Not Recorded,Not Recorded
ONC-03746,90,Male,Pancreatic,Stage Iii,7.8,Never,Regular,Yes,28.3,Unknown,Palliative Care,8,23,Deceased,Medium
ONC-05490,48,Other,Breast,Stage I,1.0,Never,Regular,No,23.3,Unknown,Radiation Therapy,6,23,Alive,Critical
ONC-03490,41,Female,Pancreatic,Stage I,0.9,Never,Heavy,No,31.4,Unknown,Palliative Care,6,23,Alive,Low
ONC-06740,77,Female,Blood (Leukemia),Stage I,2.4,Never,Regular,No,21.7,Unknown,Chemotherapy,5,0,Not Recorded,Not Recorded
ONC-03702,81,Female,Pancreatic,Stage Iv,3.6,Never,Occasional,No,26.0,2018-03-08,Palliative Care,6,38,Alive,Critical
ONC-02024,68,Other,Skin (Melanoma),Stage Iv,2.4,Never,Heavy,No,24.7,2020-11-16,Chemotherapy,7,12,Alive,Critical
ONC-07252,72,Female,Prostate,Stage Iv,1.3,Never,Heavy,No,28.2,Unknown,Chemotherapy,3,0,Not Recorded,High
ONC-00901,58,Other,Ovarian,Stage Iii,8.3,Never,Regular,No,21.0,2024-10-15,Chemotherapy,7,27,Deceased,High
ONC-07364,58,Female,Pancreatic,Stage Iii,2.0,Never,Heavy,Yes,23.0,2023-03-10,Combination Therapy,9,12,Alive,Not Recorded
ONC-02482,80,Other,Breast,Stage I,2.0,Never,Regular,No,26.0,Unknown,Immunotherapy,6,3,Not Recorded,Low
ONC-07054,55,Male,Breast,Stage Iv,8.4,Never,Regular,No,23.0,Unknown,Chemotherapy,6,2,Alive,High
ONC-05028,58,Female,Prostate,Stage Ii,2.4,Never,Occasional,No,32.6,2021-02-05,Chemotherapy,4,9,Alive,Medium
ONC-06476,58,Other,Lung,Stage Iv,4.3,Never,Regular,No,29.2,2023-01-28,Palliative Care,7,12,Alive,Critical
ONC-01854,58,Male,Prostate,Stage Iv,0.8,Never,Regular,Yes,30.1,2020-02-14,Palliative Care,6,24,Alive,Low
ONC-03641,48,Other,Colorectal,Stage I,2.4,Never,Regular,No,24.3,2019-11-06,Palliative Care,6,4,Deceased,High
ONC-02195,66,Male,Liver,Stage Iv,7.9,Never,Regular,No,25.5,Unknown,Surgery,5,12,Alive,Low
ONC-04909,58,Male,Prostate,Stage Iv,7.6,Former,Occasional,No,24.7,2020-01-11,Immunotherapy,7,25,Alive,Low
ONC-00932,59,Male,Prostate,Stage I,2.2,Former,Regular,No,26.0,2016-11-20,Surgery,6,14,Not Recorded,Medium
ONC-00016,59,Male,Blood (Leukemia),Stage Iii,4.0,Current,Regular,Yes,26.0,Unknown,Immunotherapy,6,0,Deceased,Medium
ONC-00841,58,Female,Blood (Leukemia),Stage Ii,0.3,Former,Regular,Yes,28.3,2022-12-24,Immunotherapy,6,11,Deceased,Not Recorded
ONC-01118,72,Other,Brain,Stage I,1.6,Never,Regular,Yes,28.3,2018-03-02,Radiation Therapy,5,12,Deceased,Not Recorded
ONC-03711,75,Male,Blood (Leukemia),Stage Iv,2.4,Former,Occasional,No,18.7,Unknown,Palliative Care,7,0,Alive,Critical
ONC-04341,51,Other,Prostate,Stage Iv,0.3,Never,Occasional,No,32.7,2021-01-16,Chemotherapy,6,22,Not Recorded,High
ONC-05322,23,Male,Blood (Leukemia),Stage Iv,0.1,Never,Regular,Yes,26.0,2020-05-12,Surgery,2,12,Alive,Critical
ONC-00564,46,Other,Colorectal,Stage Ii,3.1,Current,Regular,Yes,30.4,Unknown,Surgery,6,23,Alive,Medium
ONC-03251,58,Female,Blood (Leukemia),Stage Iv,0.7,Never,Regular,No,26.0,2015-11-29,Surgery,15,6,Deceased,Critical
ONC-00835,58,Other,Prostate,Stage Iv,3.4,Former,Regular,No,16.5,2015-12-12,Surgery,7,2,Not Recorded,Critical
ONC-06180,39,Other,Ovarian,Stage I,5.2,Never,Heavy,Yes,30.5,Unknown,Surgery,6,9,Not Recorded,Low
ONC-03235,58,Other,Pancreatic,Stage Iv,0.4,Former,Regular,No,29.5,2016-09-28,Surgery,8,20,Alive,Not Recorded
ONC-01676,49,Other,Brain,Stage Iii,2.1,Never,Regular,No,19.0,Unknown,Immunotherapy,6,12,Alive,High
ONC-04271,55,Other,Skin (Melanoma),Stage Ii,3.8,Never,Occasional,Yes,15.2,2017-05-06,Palliative Care,6,7,Not Recorded,Medium
ONC-03080,55,Other,Blood (Leukemia),Stage Iii,2.4,Current,Heavy,No,28.7,Unknown,Immunotherapy,3,18,Alive,High
ONC-01635,68,Other,Breast,Stage Iv,3.0,Former,Occasional,No,30.0,2016-08-14,Palliative Care,7,6,Not Recorded,Not Recorded
ONC-00034,72,Other,Ovarian,Stage Ii,7.4,Never,Regular,No,33.3,2022-09-16,Palliative Care,6,23,Deceased,Low
ONC-05575,66,Male,Prostate,Stage Iv,4.8,Never,Heavy,No,36.9,2016-01-13,Palliative Care,6,3,Deceased,Low
ONC-03565,58,Other,Colorectal,Stage Ii,1.9,Never,Heavy,No,25.9,2015-01-06,Surgery,12,3,Deceased,Not Recorded
ONC-04775,70,Other,Breast,Stage I,4.0,Former,Regular,No,26.7,Unknown,Combination Therapy,6,12,Alive,Low
ONC-03288,73,Other,Breast,Stage Iv,2.4,Former,Heavy,No,34.0,2016-12-04,Radiation Therapy,6,12,Alive,Critical
ONC-05434,58,Female,Blood (Leukemia),Stage I,2.4,Current,Heavy,Yes,26.0,2022-07-15,Palliative Care,7,12,Not Recorded,High
ONC-01522,58,Other,Blood (Leukemia),Stage I,2.4,Never,Regular,No,20.3,2021-03-08,Surgery,5,9,Alive,Low
ONC-00991,43,Other,Brain,Stage Ii,0.5,Current,Regular,No,26.8,2024-09-12,Palliative Care,7,12,Alive,Medium
ONC-02640,66,Male,Ovarian,Stage Iv,10.2,Current,Regular,No,15.7,Unknown,Radiation Therapy,0,2,Deceased,Not Recorded
ONC-01735,61,Other,Liver,Stage Iv,1.1,Never,Occasional,Yes,26.0,2023-04-11,Chemotherapy,6,17,Alive,Low
ONC-02818,64,Other,Prostate,Stage Iii,1.6,Never,Regular,No,28.7,Unknown,Palliative Care,1,0,Deceased,Medium
ONC-03669,58,Male,Breast,Stage Iii,9.6,Never,Regular,Yes,26.0,2017-01-03,Palliative Care,5,1,Alive,Not Recorded
ONC-05790,47,Female,Brain,Stage I,1.2,Never,Regular,No,20.7,Unknown,Surgery,8,0,Not Recorded,Medium
ONC-03236,58,Other,Skin (Melanoma),Stage Ii,1.3,Former,Occasional,Yes,25.9,Unknown,Palliative Care,8,10,Alive,Not Recorded
ONC-04991,43,Female,Breast,Stage Iii,5.8,Former,Regular,No,23.8,2022-02-05,Radiation Therapy,6,12,Alive,Not Recorded
ONC-00730,58,Other,Liver,Stage I,13.9,Current,Regular,No,29.0,Unknown,Radiation Therapy,4,17,Alive,Low
ONC-03856,52,Male,Prostate,Stage Iv,1.5,Never,Occasional,Yes,29.4,Unknown,Chemotherapy,6,12,Not Recorded,Critical
ONC-01677,72,Other,Prostate,Stage Ii,3.5,Never,Regular,No,29.8,2021-10-20,Chemotherapy,13,4,Alive,Not Recorded
ONC-06999,58,Female,Ovarian,Stage Iv,2.2,Former,Regular,No,29.7,2022-03-18,Surgery,8,13,Alive,Not Recorded
ONC-06021,52,Male,Brain,Stage I,0.6,Never,Regular,No,26.0,2016-07-20,Surgery,4,1,Alive,Low
ONC-02785,70,Other,Skin (Melanoma),Stage Iv,1.6,Former,Regular,Yes,25.6,Unknown,Chemotherapy,6,17,Alive,Critical
ONC-00390,58,Other,Liver,Stage Iv,0.8,Never,Occasional,No,23.9,2023-02-23,Palliative Care,4,8,Alive,Not Recorded
ONC-00674,60,Male,Pancreatic,Stage Iv,3.7,Current,Regular,No,35.8,2023-01-16,Immunotherapy,6,12,Alive,High
ONC-00315,58,Female,Lung,Stage I,0.3,Never,Heavy,No,22.3,2019-02-05,Combination Therapy,6,12,Alive,Not Recorded
ONC-02586,61,Other,Pancreatic,Stage I,0.5,Never,Occasional,Yes,25.8,2017-04-19,Palliative Care,6,6,Alive,Not Recorded
ONC-01761,62,Other,Prostate,Stage Iv,3.6,Current,Regular,No,25.1,Unknown,Palliative Care,10,4,Alive,Critical
ONC-00308,68,Other,Colorectal,Stage Iv,9.3,Former,Regular,No,26.8,2022-10-13,Chemotherapy,6,7,Not Recorded,Low
ONC-06413,58,Female,Breast,Stage I,2.4,Never,Regular,No,28.0,2019-03-11,Radiation Therapy,3,0,Alive,Not Recorded
ONC-06186,80,Female,Lung,Stage Iv,9.7,Former,Regular,No,23.0,2021-05-16,Palliative Care,3,12,Deceased,Medium
ONC-01231,63,Male,Prostate,Stage Iv,0.3,Former,Regular,No,20.8,2019-04-01,Combination Therapy,4,12,Alive,Low
ONC-02493,63,Other,Prostate,Stage Iv,4.8,Former,Regular,Yes,27.7,2023-06-17,Radiation Therapy,7,12,Alive,Medium
ONC-05149,74,Other,Prostate,Stage Iv,5.7,Former,Regular,No,29.9,2017-10-28,Immunotherapy,10,43,Deceased,Low
ONC-05156,63,Female,Prostate,Stage Iii,1.6,Never,Regular,No,25.5,2023-04-12,Combination Therapy,6,12,Alive,Critical
ONC-07038,44,Other,Brain,Stage Iv,5.6,Never,Regular,No,25.3,2020-11-19,Combination Therapy,8,24,Alive,Critical
ONC-07437,53,Other,Lung,Stage Iii,2.4,Former,Regular,No,27.1,2019-08-19,Radiation Therapy,8,12,Alive,Not Recorded
ONC-06247,39,Male,Colorectal,Stage Iii,4.5,Never,Regular,Yes,20.2,2018-10-16,Palliative Care,6,14,Not Recorded,Medium
ONC-05425,84,Other,Breast,Stage Iv,2.4,Current,Regular,Yes,27.5,2019-03-30,Immunotherapy,6,6,Not Recorded,Critical
ONC-05685,58,Other,Prostate,Stage Iv,4.7,Never,Occasional,Yes,17.2,2021-11-05,Combination Therapy,9,10,Alive,Not Recorded
ONC-05977,92,Other,Ovarian,Stage Iii,1.1,Never,Regular,No,24.1,Unknown,Radiation Therapy,4,1,Not Recorded,Medium
ONC-00710,60,Male,Brain,Stage Iv,0.4,Former,Regular,Yes,24.8,Unknown,Palliative Care,6,5,Deceased,Medium
ONC-05927,85,Other,Prostate,Stage Ii,3.9,Never,Heavy,No,31.9,2015-11-10,Surgery,6,21,Alive,Medium
ONC-03430,37,Female,Prostate,Stage Iv,2.3,Former,Heavy,No,25.8,2015-04-29,Palliative Care,6,12,Alive,High
ONC-00561,58,Other,Colorectal,Stage Iv,2.4,Never,Occasional,Yes,23.4,2015-10-21,Palliative Care,7,84,Deceased,High
ONC-06529,66,Male,Brain,Stage Iii,2.0,Former,Regular,No,28.3,Unknown,Palliative Care,4,12,Deceased,High
ONC-01486,42,Other,Liver,Stage I,7.7,Never,Regular,No,21.1,2022-08-18,Palliative Care,6,12,Deceased,Low
ONC-05353,71,Female,Prostate,Stage Ii,4.3,Current,Regular,Yes,20.8,Unknown,Surgery,3,12,Deceased,Not Recorded
ONC-00001,65,Other,Lung,Stage I,4.6,Never,Regular,Yes,25.3,Unknown,Palliative Care,6,16,Deceased,Medium
ONC-07471,63,Other,Pancreatic,Stage Iv,0.8,Never,Regular,Yes,22.6,2016-06-17,Surgery,5,2,Deceased,Critical
ONC-01629,58,Female,Brain,Stage Iv,4.0,Never,Occasional,Yes,28.2,2021-03-17,Combination Therapy,6,13,Alive,Critical
ONC-01150,37,Other,Liver,Stage Iii,3.7,Former,Regular,Yes,34.8,2022-04-10,Palliative Care,3,95,Deceased,Not Recorded
ONC-07111,82,Other,Prostate,Stage Iv,0.1,Never,Regular,Yes,18.8,2018-03-04,Combination Therapy,6,49,Alive,High
ONC-04690,55,Other,Prostate,Stage Iv,4.6,Never,Regular,No,22.4,2018-09-11,Chemotherapy,5,12,Alive,Low
ONC-04055,28,Other,Liver,Stage Iv,5.4,Current,Regular,No,26.4,Unknown,Palliative Care,5,2,Alive,Critical
ONC-05573,60,Female,Ovarian,Stage Iii,1.3,Former,Regular,Yes,26.6,2024-11-10,Combination Therapy,6,12,Alive,Not Recorded
ONC-03578,58,Female,Blood (Leukemia),Stage I,1.3,Current,Regular,No,27.7,2016-03-27,Surgery,2,16,Not Recorded,Low
ONC-07198,58,Male,Pancreatic,Stage I,0.6,Never,Occasional,No,20.5,2016-03-26,Palliative Care,5,1,Alive,Not Recorded
ONC-06187,43,Male,Prostate,Stage I,2.4,Former,Regular,Yes,28.2,2024-04-22,Palliative Care,5,12,Deceased,Low
ONC-03740,33,Male,Ovarian,Stage I,0.3,Never,Regular,No,26.0,Unknown,Immunotherapy,9,15,Deceased,Not Recorded
ONC-01770,77,Other,Ovarian,Stage Iv,0.9,Never,Regular,No,18.5,2019-03-26,Palliative Care,4,45,Alive,Low
ONC-02659,69,Other,Prostate,Stage Iv,2.4,Never,Regular,Yes,20.0,2015-04-18,Chemotherapy,6,12,Deceased,Critical
ONC-02287,66,Male,Skin (Melanoma),Stage Iv,1.1,Never,Regular,Yes,18.7,Unknown,Palliative Care,6,56,Alive,Medium
ONC-00062,60,Other,Ovarian,Stage I,0.7,Never,Regular,No,26.0,2023-06-17,Surgery,6,1,Deceased,Critical
ONC-03584,67,Female,Liver,Stage I,0.1,Never,Regular,Yes,22.4,Unknown,Palliative Care,5,62,Deceased,Low
ONC-03883,52,Other,Prostate,Stage I,1.6,Never,Regular,Yes,20.4,2020-09-26,Immunotherapy,7,12,Deceased,High
ONC-06846,53,Female,Colorectal,Stage Ii,0.3,Never,Regular,Yes,34.0,2017-07-11,Palliative Care,7,7,Not Recorded,High
ONC-06516,58,Other,Skin (Melanoma),Stage Iii,1.9,Never,Regular,No,25.8,2023-07-17,Radiation Therapy,6,13,Alive,Medium
ONC-06498,67,Male,Colorectal,Stage Iv,0.1,Current,Heavy,No,30.5,Unknown,Combination Therapy,6,12,Alive,Medium
ONC-01929,76,Other,Breast,Stage Iv,6.9,Never,Regular,No,27.6,2017-12-01,Palliative Care,4,0,Alive,Not Recorded
ONC-00574,69,Other,Prostate,Stage Ii,7.7,Never,Heavy,No,26.0,Unknown,Palliative Care,6,11,Alive,Medium
ONC-06379,70,Male,Lung,Stage I,0.9,Never,Regular,Yes,27.4,Unknown,Surgery,4,14,Not Recorded,Not Recorded
ONC-05654,58,Female,Prostate,Stage I,6.7,Never,Regular,Yes,18.0,2015-02-08,Surgery,5,32,Not Recorded,Medium
ONC-03231,66,Other,Skin (Melanoma),Stage I,5.2,Former,Heavy,No,22.6,Unknown,Radiation Therapy,6,12,Alive,Low
ONC-00373,58,Male,Breast,Stage Iv,1.3,Never,Regular,Yes,26.0,2021-04-23,Surgery,9,1,Not Recorded,Medium
ONC-00319,45,Other,Prostate,Stage Iii,2.2,Never,Regular,Yes,25.9,2015-12-20,Immunotherapy,6,6,Alive,High
ONC-00317,78,Other,Liver,Stage Iii,2.4,Former,Heavy,No,20.3,2015-12-04,Palliative Care,6,12,Alive,Not Recorded
ONC-04755,58,Other,Skin (Melanoma),Stage Iii,0.3,Current,Regular,No,29.0,2015-09-28,Palliative Care,12,0,Alive,Critical
ONC-05446,58,Male,Ovarian,Stage Iv,3.4,Never,Regular,No,23.9,2024-12-19,Palliative Care,4,12,Alive,High
ONC-02304,43,Male,Breast,Stage Iv,2.4,Never,Regular,Yes,35.1,2016-08-04,Palliative Care,3,39,Deceased,Medium
ONC-01579,58,Male,Pancreatic,Stage Iv,2.4,Current,Regular,Yes,23.6,Unknown,Radiation Therapy,10,95,Deceased,High
ONC-02969,52,Other,Pancreatic,Stage Iv,3.5,Never,Regular,Yes,26.4,2015-01-19,Surgery,4,20,Deceased,High
ONC-07261,58,Other,Blood (Leukemia),Stage Ii,2.4,Never,Occasional,No,28.2,2020-09-25,Immunotherapy,6,3,Deceased,Medium
ONC-01713,28,Female,Lung,Stage I,0.4,Never,Heavy,No,26.0,Unknown,Combination Therapy,1,11,Not Recorded,Not Recorded
ONC-03307,62,Other,Liver,Stage Iv,1.5,Never,Regular,Yes,26.0,2017-10-15,Chemotherapy,6,16,Deceased,Critical
ONC-03197,58,Other,Prostate,Stage Iii,1.8,Never,Regular,No,26.7,2018-12-31,Radiation Therapy,10,18,Alive,Low
ONC-00739,58,Other,Blood (Leukemia),Stage Ii,0.8,Former,Regular,No,26.0,2019-11-30,Combination Therapy,3,6,Not Recorded,Low
ONC-02742,58,Male,Prostate,Stage Iii,4.0,Current,Heavy,Yes,26.0,Unknown,Surgery,5,3,Deceased,Medium
ONC-04266,65,Male,Skin (Melanoma),Stage Iv,10.0,Never,Regular,No,26.2,2017-03-01,Palliative Care,5,117,Alive,High
ONC-05946,53,Male,Prostate,Stage Iv,5.3,Former,Heavy,No,29.3,2024-08-02,Immunotherapy,6,31,Alive,Not Recorded
ONC-04503,75,Other,Colorectal,Stage Iv,2.2,Never,Regular,No,26.3,2023-08-04,Radiation Therapy,7,3,Deceased,Low
ONC-02218,55,Other,Pancreatic,Stage Iii,5.5,Current,Regular,No,35.9,2018-04-14,Combination Therapy,5,12,Not Recorded,Medium
ONC-01160,47,Female,Skin (Melanoma),Stage Iv,0.4,Never,Regular,No,26.0,Unknown,Radiation Therapy,3,7,Deceased,Not Recorded
ONC-05248,58,Female,Prostate,Stage Iii,0.1,Former,Regular,No,27.5,2023-06-22,Combination Therapy,5,12,Alive,Medium
ONC-01950,73,Female,Skin (Melanoma),Stage I,1.5,Never,Regular,No,25.7,2024-06-01,Radiation Therapy,6,27,Alive,Low
ONC-00745,58,Other,Blood (Leukemia),Stage Ii,5.0,Never,Regular,No,33.3,2023-11-22,Immunotherapy,3,2,Not Recorded,Medium
ONC-00188,58,Other,Lung,Stage I,2.6,Current,Heavy,No,26.0,Unknown,Palliative Care,8,22,Deceased,Low
ONC-03226,76,Other,Colorectal,Stage Iii,1.3,Never,Regular,Yes,25.3,2015-05-03,Combination Therapy,6,11,Alive,Medium
ONC-00402,67,Male,Blood (Leukemia),Stage Iv,0.7,Never,Heavy,Yes,26.6,Unknown,Palliative Care,6,11,Deceased,Not Recorded
ONC-00856,26,Male,Lung,Stage Iv,2.5,Never,Regular,Yes,26.4,2018-06-10,Immunotherapy,6,0,Alive,Low
ONC-00265,35,Other,Prostate,Stage Ii,4.3,Former,Regular,No,24.2,2023-12-13,Chemotherapy,6,30,Deceased,Not Recorded
ONC-06283,39,Other,Liver,Stage Iv,2.9,Former,Regular,No,26.0,2016-09-21,Palliative Care,3,29,Alive,High
ONC-02895,33,Other,Prostate,Stage Iv,6.6,Current,Regular,No,29.4,2015-03-06,Immunotherapy,6,71,Alive,High
ONC-07278,45,Female,Prostate,Stage Iii,0.7,Never,Regular,Yes,26.0,Unknown,Surgery,8,11,Deceased,High
ONC-01724,64,Male,Skin (Melanoma),Stage Iv,1.3,Never,Regular,No,26.2,2020-11-17,Radiation Therapy,6,3,Alive,Not Recorded
ONC-00223,58,Other,Prostate,Stage Iv,5.7,Former,Regular,No,19.1,2022-07-04,Surgery,2,5,Alive,Critical
ONC-06681,68,Female,Ovarian,Stage I,3.9,Current,Regular,Yes,29.3,2018-08-03,Immunotherapy,6,12,Not Recorded,Low
ONC-02367,58,Female,Pancreatic,Stage Iv,2.6,Current,Regular,Yes,28.3,Unknown,Palliative Care,5,14,Alive,Low
ONC-03617,78,Female,Lung,Stage Iii,0.2,Never,Regular,Yes,26.0,Unknown,Immunotherapy,5,4,Alive,Not Recorded
ONC-07202,58,Male,Breast,Stage Iv,1.0,Never,Occasional,Yes,26.0,Unknown,Palliative Care,10,25,Deceased,Critical
ONC-01819,65,Male,Blood (Leukemia),Stage Iv,2.6,Former,Regular,No,32.1,Unknown,Radiation Therapy,9,63,Alive,Not Recorded
ONC-01380,53,Male,Skin (Melanoma),Stage Iv,2.8,Never,Regular,No,23.0,2020-09-18,Immunotherapy,6,1,Alive,Medium
ONC-07329,47,Other,Lung,Stage I,2.4,Former,Regular,No,26.6,2020-08-28,Surgery,6,12,Alive,Medium
ONC-00468,62,Other,Blood (Leukemia),Stage I,1.2,Never,Regular,No,23.5,Unknown,Combination Therapy,6,12,Alive,Medium
ONC-05098,37,Female,Breast,Stage Iv,2.8,Never,Regular,No,26.3,2022-04-24,Palliative Care,6,5,Alive,Low
ONC-05857,41,Female,Brain,Stage Ii,2.4,Former,Regular,No,26.0,2017-10-10,Chemotherapy,4,2,Not Recorded,Low
ONC-03399,58,Male,Prostate,Stage Iv,5.0,Former,Occasional,No,37.3,2018-10-08,Combination Therapy,8,36,Not Recorded,Low
ONC-06164,66,Male,Prostate,Stage I,9.3,Never,Regular,No,29.1,2021-11-11,Radiation Therapy,5,12,Alive,Low
ONC-04108,27,Female,Prostate,Stage Iii,19.3,Never,Regular,No,25.8,Unknown,Immunotherapy,6,82,Alive,Medium
ONC-01488,58,Male,Liver,Stage Iv,1.2,Former,Regular,Yes,27.3,2022-01-10,Palliative Care,6,62,Not Recorded,High
ONC-00494,58,Female,Prostate,Stage Iii,0.1,Current,Heavy,Yes,21.8,2023-06-30,Palliative Care,7,16,Not Recorded,High
ONC-07234,58,Male,Liver,Stage Ii,2.4,Never,Heavy,Yes,26.8,2020-04-16,Surgery,6,11,Not Recorded,Medium
ONC-02460,84,Female,Prostate,Stage Iv,2.4,Current,Regular,No,25.7,2022-05-23,Radiation Therapy,5,3,Deceased,Not Recorded
ONC-01472,45,Female,Prostate,Stage I,3.1,Former,Regular,No,26.1,Unknown,Surgery,3,0,Deceased,Not Recorded
ONC-00550,74,Other,Prostate,Stage Iii,3.4,Former,Regular,Yes,15.0,2021-04-25,Palliative Care,6,19,Not Recorded,High
ONC-05678,42,Other,Blood (Leukemia),Stage Iv,0.6,Never,Regular,No,29.8,2015-08-28,Chemotherapy,6,28,Deceased,Critical
ONC-05536,55,Male,Prostate,Stage Iv,2.1,Never,Regular,No,34.1,2018-02-28,Combination Therapy,6,13,Alive,Medium
ONC-01701,49,Other,Prostate,Stage Ii,2.4,Former,Regular,No,20.9,2024-07-27,Immunotherapy,6,8,Deceased,Medium
ONC-00192,65,Female,Ovarian,Stage Iv,7.2,Current,Regular,Yes,26.9,Unknown,Combination Therapy,7,26,Alive,Not Recorded
ONC-02298,57,Other,Prostate,Stage Iii,1.9,Never,Regular,No,18.4,Unknown,Combination Therapy,8,45,Alive,Critical
ONC-04366,58,Female,Brain,Stage I,1.0,Never,Regular,No,23.8,2018-08-17,Palliative Care,11,9,Alive,Low
ONC-06065,41,Female,Prostate,Stage Iv,0.2,Former,Regular,Yes,26.8,2024-06-06,Palliative Care,6,8,Alive,Medium
ONC-04124,34,Male,Liver,Stage Iv,1.0,Never,Regular,Yes,32.9,2015-12-24,Palliative Care,6,0,Alive,Medium
ONC-02616,62,Male,Prostate,Stage Ii,6.1,Never,Regular,No,26.0,2024-11-29,Chemotherapy,4,12,Alive,Medium
ONC-05897,41,Male,Colorectal,Stage I,0.1,Never,Regular,No,22.2,2020-02-29,Palliative Care,6,12,Not Recorded,Low
ONC-00003,18,Other,Ovarian,Stage Iv,1.2,Former,Regular,Yes,26.0,2022-10-30,Immunotherapy,6,17,Not Recorded,High
ONC-05605,48,Other,Colorectal,Stage Ii,0.2,Current,Regular,Yes,21.9,Unknown,Palliative Care,5,12,Alive,Medium
ONC-05137,77,Other,Breast,Stage Iv,0.5,Never,Heavy,No,21.2,Unknown,Palliative Care,8,3,Alive,Low
ONC-04076,48,Male,Colorectal,Stage Ii,0.4,Never,Regular,Yes,30.8,2024-07-22,Palliative Care,6,3,Alive,High
ONC-02323,79,Male,Prostate,Stage Ii,2.4,Never,Regular,No,31.8,Unknown,Palliative Care,6,16,Alive,Critical
ONC-04355,58,Other,Liver,Stage Iv,1.8,Former,Occasional,No,32.7,2023-07-03,Palliative Care,4,12,Not Recorded,Critical
ONC-01847,58,Other,Liver,Stage Iii,2.4,Former,Regular,No,19.9,2024-07-14,Combination Therapy,7,29,Alive,Medium
ONC-01019,70,Other,Liver,Stage Iv,1.0,Current,Regular,No,24.9,Unknown,Palliative Care,4,4,Alive,High
ONC-04546,68,Male,Prostate,Stage Ii,1.0,Never,Regular,No,24.1,2020-06-13,Immunotherapy,8,12,Alive,Not Recorded
ONC-04765,38,Other,Pancreatic,Stage I,0.6,Current,Regular,No,28.5,Unknown,Palliative Care,6,8,Alive,Medium
ONC-03659,99,Other,Blood (Leukemia),Stage I,6.4,Never,Regular,No,26.0,2017-09-15,Immunotherapy,8,43,Alive,Medium
ONC-01349,63,Other,Prostate,Stage I,7.5,Never,Regular,No,34.0,2017-01-01,Chemotherapy,6,6,Deceased,Low
ONC-02625,58,Female,Breast,Stage Iv,1.3,Former,Regular,Yes,22.0,Unknown,Palliative Care,9,1,Alive,Low
ONC-07059,65,Other,Lung,Stage Iv,2.8,Never,Heavy,Yes,25.3,Unknown,Palliative Care,7,12,Not Recorded,High
ONC-00166,54,Other,Prostate,Stage I,5.6,Former,Occasional,Yes,21.7,Unknown,Radiation Therapy,6,12,Deceased,Medium
ONC-06605,56,Other,Prostate,Stage Ii,6.8,Former,Regular,No,18.2,2020-06-02,Palliative Care,5,3,Deceased,Not Recorded
ONC-02485,58,Other,Breast,Stage Iv,1.2,Never,Regular,Yes,20.9,2022-03-12,Palliative Care,7,29,Alive,Not Recorded
ONC-06635,58,Male,Lung,Stage Ii,2.4,Never,Regular,No,35.1,2019-11-29,Palliative Care,2,4,Alive,Low
ONC-02286,72,Other,Prostate,Stage Iv,3.6,Former,Occasional,No,24.7,2017-12-19,Chemotherapy,9,12,Deceased,Low
ONC-02048,60,Male,Prostate,Stage Iv,2.4,Current,Occasional,Yes,25.9,Unknown,Chemotherapy,6,14,Alive,Medium
ONC-04692,47,Other,Colorectal,Stage I,3.7,Former,Regular,Yes,26.0,Unknown,Palliative Care,6,9,Not Recorded,Medium
ONC-03945,55,Male,Pancreatic,Stage Iv,0.2,Never,Regular,Yes,27.4,Unknown,Palliative Care,7,23,Alive,Critical
ONC-06896,80,Other,Brain,Stage Iv,3.3,Never,Regular,No,21.1,2024-02-13,Palliative Care,5,11,Alive,Critical
ONC-02339,53,Other,Prostate,Stage Iii,2.0,Former,Occasional,No,26.4,Unknown,Chemotherapy,5,16,Not Recorded,Medium
ONC-05938,43,Male,Lung,Stage I,0.4,Never,Occasional,No,23.1,Unknown,Palliative Care,6,7,Deceased,Not Recorded
ONC-01817,70,Male,Prostate,Stage Iv,3.1,Never,Regular,Yes,18.9,Unknown,Chemotherapy,2,18,Alive,Low
ONC-04673,75,Female,Ovarian,Stage I,2.4,Current,Regular,Yes,20.8,Unknown,Immunotherapy,7,7,Deceased,Not Recorded
ONC-00038,51,Male,Breast,Stage Iii,6.0,Current,Regular,No,27.0,Unknown,Palliative Care,6,22,Deceased,Medium
ONC-02737,58,Other,Pancreatic,Stage Iv,1.8,Never,Regular,Yes,22.0,2015-12-15,Palliative Care,2,18,Alive,Not Recorded
ONC-07058,66,Male,Pancreatic,Stage Ii,5.1,Former,Regular,No,26.0,2016-08-03,Palliative Care,7,12,Alive,Not Recorded
ONC-00853,58,Other,Prostate,Stage Ii,1.2,Never,Regular,Yes,28.0,2015-03-19,Palliative Care,6,3,Deceased,High
ONC-06738,60,Female,Ovarian,Stage I,0.2,Never,Occasional,No,21.0,2023-07-17,Chemotherapy,6,12,Deceased,Medium
ONC-02096,58,Other,Prostate,Stage Iv,2.0,Never,Regular,No,29.5,2024-06-19,Palliative Care,7,16,Alive,Medium
ONC-03503,58,Male,Prostate,Stage I,1.0,Former,Regular,Yes,31.9,2019-09-03,Surgery,4,4,Alive,Not Recorded
ONC-02480,45,Female,Skin (Melanoma),Stage Ii,12.1,Current,Regular,Yes,26.0,Unknown,Palliative Care,4,12,Deceased,Medium
ONC-02153,58,Other,Pancreatic,Stage Iii,0.3,Never,Regular,Yes,30.3,2018-05-18,Palliative Care,7,2,Alive,Medium
ONC-04116,41,Other,Ovarian,Stage Iii,5.0,Current,Regular,Yes,28.3,Unknown,Chemotherapy,4,12,Alive,High
ONC-04726,47,Female,Ovarian,Stage Iii,8.0,Never,Regular,No,25.5,2017-11-02,Surgery,6,12,Not Recorded,Critical
ONC-07403,58,Other,Skin (Melanoma),Stage Iii,3.0,Never,Regular,No,21.5,Unknown,Chemotherapy,8,7,Deceased,Critical
ONC-05660,58,Male,Blood (Leukemia),Stage Iv,9.8,Never,Regular,No,26.0,2015-09-14,Immunotherapy,12,89,Alive,Critical
ONC-01543,60,Other,Breast,Stage Iii,0.5,Never,Heavy,No,22.8,2016-08-02,Palliative Care,9,28,Alive,Not Recorded
ONC-03510,40,Other,Colorectal,Stage Ii,2.8,Never,Regular,No,23.7,2019-08-06,Radiation Therapy,6,11,Not Recorded,High
ONC-00087,57,Male,Brain,Stage Iii,4.1,Current,Regular,No,34.9,Unknown,Surgery,6,10,Not Recorded,Low
ONC-05449,58,Female,Skin (Melanoma),Stage Iv,3.4,Never,Regular,Yes,26.0,Unknown,Palliative Care,6,3,Deceased,Critical
ONC-04904,50,Other,Skin (Melanoma),Stage I,4.1,Never,Regular,Yes,26.0,Unknown,Immunotherapy,8,6,Deceased,Not Recorded
ONC-02467,29,Other,Ovarian,Stage Iv,2.5,Former,Regular,No,25.9,Unknown,Chemotherapy,6,19,Alive,High
ONC-00302,66,Other,Lung,Stage Iv,0.9,Former,Regular,No,21.3,2017-06-11,Immunotherapy,6,16,Not Recorded,Critical
ONC-01000,55,Other,Prostate,Stage Iii,0.2,Never,Regular,Yes,16.9,Unknown,Surgery,3,30,Not Recorded,High
ONC-06721,90,Female,Brain,Stage Iv,7.9,Never,Regular,No,26.0,2018-12-30,Palliative Care,6,20,Alive,High
ONC-03130,58,Other,Liver,Stage Iv,9.6,Never,Regular,Yes,23.1,2019-05-08,Palliative Care,5,34,Alive,High
ONC-04543,37,Female,Lung,Stage I,1.9,Never,Heavy,Yes,26.0,Unknown,Immunotherapy,11,3,Not Recorded,Low
ONC-00028,65,Other,Prostate,Stage Iv,1.8,Never,Regular,Yes,26.0,2024-07-19,Chemotherapy,7,3,Alive,Not Recorded
ONC-00519,58,Male,Pancreatic,Stage Iii,2.4,Current,Occasional,No,26.0,2022-01-28,Palliative Care,8,3,Alive,High
ONC-04619,58,Female,Prostate,Stage Iv,2.2,Former,Occasional,No,26.0,2020-07-23,Palliative Care,4,48,Alive,Critical
ONC-01727,58,Female,Skin (Melanoma),Stage Ii,0.7,Never,Regular,Yes,23.8,2022-03-27,Immunotherapy,6,12,Alive,Medium
ONC-07277,42,Female,Prostate,Stage Iii,2.4,Former,Regular,Yes,21.7,2020-09-10,Palliative Care,9,12,Deceased,Not Recorded
ONC-05740,44,Female,Prostate,Stage Ii,2.4,Former,Regular,No,26.6,2015-11-08,Chemotherapy,2,5,Not Recorded,Not Recorded
ONC-04795,58,Male,Brain,Stage Iv,0.6,Former,Regular,No,29.3,2019-11-04,Immunotherapy,3,4,Alive,Medium
ONC-01086,34,Other,Prostate,Stage Iii,4.8,Never,Regular,No,27.0,2016-01-01,Surgery,6,13,Alive,Medium
ONC-06891,65,Female,Prostate,Stage Iii,12.3,Current,Regular,No,22.2,2015-03-16,Immunotherapy,6,24,Alive,Not Recorded
ONC-00917,58,Male,Brain,Stage Iv,3.1,Former,Regular,No,22.4,2017-02-10,Immunotherapy,6,16,Alive,Not Recorded
ONC-06872,38,Female,Prostate,Stage I,4.0,Never,Regular,No,24.5,2015-05-16,Palliative Care,7,21,Alive,Low
ONC-00135,58,Other,Liver,Stage I,2.7,Current,Regular,Yes,22.9,2017-01-08,Radiation Therapy,6,6,Deceased,Not Recorded
ONC-00450,17,Other,Colorectal,Stage Iii,0.3,Never,Heavy,No,22.9,Unknown,Surgery,5,2,Not Recorded,High
ONC-07040,58,Other,Pancreatic,Stage Iv,8.8,Never,Heavy,No,30.0,2019-07-23,Combination Therapy,4,12,Deceased,Low
ONC-04932,80,Other,Ovarian,Stage Iii,5.4,Never,Regular,Yes,23.1,2023-11-22,Chemotherapy,6,6,Not Recorded,Critical
ONC-06470,58,Other,Colorectal,Stage Iii,5.8,Never,Regular,No,28.6,2021-07-09,Palliative Care,1,6,Deceased,Medium
ONC-07149,78,Other,Skin (Melanoma),Stage Ii,2.4,Current,Regular,No,22.7,2022-04-28,Palliative Care,4,26,Alive,High
ONC-06723,32,Female,Blood (Leukemia),Stage Iv,0.4,Former,Regular,No,21.8,2015-07-24,Chemotherapy,4,15,Not Recorded,Critical
ONC-06736,60,Other,Lung,Stage Iv,4.0,Never,Regular,No,32.7,Unknown,Palliative Care,0,4,Alive,High
ONC-02728,56,Male,Prostate,Stage Iv,3.0,Current,Regular,Yes,21.0,2018-12-09,Palliative Care,8,12,Alive,Not Recorded
ONC-01654,51,Other,Colorectal,Stage Iv,2.4,Never,Occasional,Yes,32.2,2018-04-25,Palliative Care,5,1,Not Recorded,Medium
ONC-00775,58,Other,Lung,Stage Iv,0.8,Former,Heavy,Yes,21.8,Unknown,Chemotherapy,5,5,Not Recorded,High
ONC-06153,69,Other,Ovarian,Stage Iii,2.7,Current,Regular,No,21.1,Unknown,Radiation Therapy,2,7,Alive,Not Recorded
ONC-05825,26,Male,Prostate,Stage Iv,5.3,Never,Regular,Yes,26.0,Unknown,Surgery,6,19,Deceased,Critical
ONC-02531,64,Male,Colorectal,Stage Iv,2.4,Current,Regular,No,22.7,2020-06-19,Surgery,5,1,Not Recorded,High
ONC-04493,58,Female,Prostate,Stage Iv,2.4,Never,Regular,Yes,29.1,2015-08-09,Combination Therapy,2,5,Alive,Low
ONC-06141,58,Female,Prostate,Stage Iv,2.1,Current,Regular,Yes,26.0,2022-12-01,Immunotherapy,5,51,Deceased,High
ONC-01442,25,Female,Prostate,Stage I,5.5,Never,Heavy,Yes,26.0,2021-08-18,Immunotherapy,7,12,Not Recorded,Low
ONC-05751,69,Other,Skin (Melanoma),Stage Iv,0.6,Never,Regular,Yes,24.2,2021-01-25,Immunotherapy,6,11,Alive,Medium
ONC-07086,47,Female,Ovarian,Stage Ii,6.4,Current,Regular,No,21.0,Unknown,Palliative Care,5,15,Deceased,Not Recorded
ONC-07192,56,Female,Liver,Stage Iii,2.4,Former,Regular,No,27.5,2024-08-06,Immunotherapy,4,6,Not Recorded,High
ONC-00613,52,Male,Ovarian,Stage Iv,2.4,Current,Regular,No,36.4,2020-03-27,Surgery,7,12,Alive,Low
ONC-05325,99,Female,Skin (Melanoma),Stage Iv,10.0,Current,Regular,No,27.0,Unknown,Radiation Therapy,8,5,Alive,Medium
ONC-04960,84,Male,Colorectal,Stage Iii,2.4,Never,Regular,No,26.0,2017-03-07,Chemotherapy,1,29,Deceased,High
ONC-01623,58,Other,Brain,Stage Iv,9.0,Former,Regular,No,29.8,Unknown,Palliative Care,9,4,Deceased,Critical
ONC-03738,70,Other,Blood (Leukemia),Stage Ii,9.3,Never,Regular,No,22.1,2022-07-10,Palliative Care,3,12,Not Recorded,Low
ONC-01947,58,Male,Liver,Stage Iii,2.9,Current,Regular,No,26.0,2015-04-26,Combination Therapy,6,12,Alive,High
ONC-05787,58,Male,Blood (Leukemia),Stage Iv,0.4,Never,Regular,No,29.9,Unknown,Surgery,5,8,Deceased,High
ONC-00691,58,Female,Liver,Stage Ii,0.4,Never,Regular,No,24.3,2024-08-25,Palliative Care,3,22,Alive,High
ONC-03333,58,Female,Blood (Leukemia),Stage Iii,6.8,Never,Regular,No,27.1,2022-09-24,Immunotherapy,4,12,Alive,High
ONC-04566,61,Other,Blood (Leukemia),Stage Iii,0.6,Never,Occasional,No,28.2,Unknown,Combination Therapy,5,53,Deceased,Not Recorded
ONC-02801,51,Other,Prostate,Stage Iv,4.1,Never,Regular,Yes,26.0,2022-01-01,Palliative Care,9,11,Not Recorded,High
ONC-02576,75,Other,Liver,Stage Iv,7.3,Current,Regular,No,26.0,Unknown,Chemotherapy,5,19,Alive,High
ONC-06062,47,Other,Colorectal,Stage Iv,1.9,Current,Regular,No,29.3,2017-11-15,Immunotherapy,6,12,Alive,Not Recorded
ONC-05636,58,Other,Colorectal,Stage Iv,4.4,Never,Occasional,No,28.0,Unknown,Radiation Therapy,4,0,Deceased,Medium
ONC-00518,63,Male,Pancreatic,Stage Iv,2.1,Never,Regular,No,30.2,2024-08-25,Radiation Therapy,6,12,Deceased,Low
ONC-05532,58,Other,Ovarian,Stage I,4.4,Current,Regular,Yes,27.7,2023-01-31,Chemotherapy,6,6,Not Recorded,Medium
ONC-06620,38,Male,Prostate,Stage Ii,3.3,Never,Regular,Yes,25.3,2019-01-18,Radiation Therapy,8,12,Deceased,Medium
ONC-06338,58,Male,Pancreatic,Stage I,2.3,Current,Regular,Yes,20.4,2015-12-04,Palliative Care,11,12,Deceased,Medium
ONC-05341,58,Other,Brain,Stage I,1.9,Never,Regular,No,28.4,2023-01-20,Radiation Therapy,6,12,Alive,Low
ONC-00055,55,Female,Skin (Melanoma),Stage Iv,1.4,Never,Regular,No,26.0,2017-08-18,Radiation Therapy,7,4,Alive,Critical
ONC-00904,67,Female,Pancreatic,Stage Iv,0.1,Current,Regular,Yes,26.0,Unknown,Chemotherapy,8,15,Not Recorded,High
ONC-00696,49,Female,Breast,Stage I,1.6,Never,Regular,No,20.5,Unknown,Combination Therapy,6,0,Alive,Low
ONC-02889,71,Male,Prostate,Stage Ii,8.0,Never,Regular,No,23.6,Unknown,Chemotherapy,6,5,Deceased,Medium
ONC-04246,69,Other,Skin (Melanoma),Stage Ii,3.2,Never,Occasional,No,18.7,Unknown,Palliative Care,5,62,Alive,High
ONC-05383,54,Other,Brain,Stage Iii,2.8,Never,Regular,Yes,26.9,Unknown,Combination Therapy,6,1,Alive,Low
ONC-06168,58,Male,Prostate,Stage Ii,0.7,Former,Regular,Yes,22.2,Unknown,Immunotherapy,5,32,Alive,Not Recorded
ONC-02929,60,Male,Colorectal,Stage Iv,7.0,Former,Heavy,Yes,26.0,2024-07-05,Palliative Care,4,12,Alive,Low
ONC-02687,64,Other,Prostate,Stage Iii,1.2,Former,Heavy,No,25.2,2023-01-26,Radiation Therapy,6,3,Not Recorded,Medium
ONC-02543,56,Female,Prostate,Stage I,0.4,Former,Regular,Yes,23.2,2015-02-14,Chemotherapy,6,24,Not Recorded,Medium
ONC-00467,55,Other,Breast,Stage Iv,0.9,Former,Heavy,No,33.5,2024-11-19,Surgery,6,3,Not Recorded,Medium
ONC-01625,64,Other,Skin (Melanoma),Stage I,3.5,Former,Regular,No,17.0,Unknown,Palliative Care,10,11,Alive,Critical
ONC-01203,45,Male,Prostate,Stage I,2.4,Former,Regular,No,29.0,2016-06-14,Radiation Therapy,4,31,Deceased,Not Recorded
ONC-04738,59,Male,Brain,Stage Iv,2.4,Never,Regular,No,24.7,2019-10-27,Immunotherapy,4,6,Alive,Low
ONC-00163,54,Other,Prostate,Stage Iii,7.6,Former,Regular,No,24.6,2018-03-13,Palliative Care,12,18,Deceased,Low
ONC-04403,49,Female,Pancreatic,Stage Iv,2.4,Current,Regular,No,37.0,Unknown,Palliative Care,5,15,Not Recorded,High
ONC-03500,58,Other,Pancreatic,Stage Iii,2.2,Never,Regular,Yes,25.1,Unknown,Palliative Care,5,59,Alive,Critical
ONC-03346,58,Other,Skin (Melanoma),Stage Iii,0.6,Current,Regular,No,28.2,2023-12-18,Palliative Care,6,12,Alive,Critical
ONC-06072,58,Other,Colorectal,Stage I,2.4,Never,Heavy,Yes,30.8,2020-10-14,Palliative Care,5,14,Alive,High
ONC-04336,63,Other,Ovarian,Stage Iv,2.4,Never,Heavy,Yes,19.1,Unknown,Palliative Care,7,19,Deceased,Not Recorded
ONC-02658,39,Other,Blood (Leukemia),Stage Iv,2.6,Former,Regular,Yes,28.6,2022-03-03,Palliative Care,6,27,Alive,Not Recorded
ONC-03991,65,Female,Colorectal,Stage Ii,2.4,Former,Occasional,No,23.4,Unknown,Radiation Therapy,8,12,Not Recorded,High
ONC-01565,58,Other,Brain,Stage Iv,5.0,Former,Regular,No,23.6,2022-11-14,Surgery,6,13,Not Recorded,Low
ONC-05504,45,Other,Pancreatic,Stage I,6.4,Never,Regular,Yes,25.0,2019-06-12,Immunotherapy,3,12,Not Recorded,Low
ONC-05109,58,Other,Pancreatic,Stage Iv,1.4,Never,Occasional,No,37.4,2019-12-06,Chemotherapy,8,1,Alive,High
ONC-06042,55,Other,Prostate,Stage Iv,14.4,Never,Regular,Yes,26.0,2017-01-02,Chemotherapy,3,14,Deceased,Low
ONC-02382,55,Other,Colorectal,Stage I,4.1,Former,Regular,No,28.3,2020-08-23,Radiation Therapy,9,12,Deceased,Medium
ONC-05591,58,Female,Prostate,Stage Iii,0.8,Never,Regular,No,26.1,2015-04-04,Palliative Care,6,2,Deceased,Critical
ONC-07076,65,Other,Skin (Melanoma),Stage Iv,0.3,Never,Regular,No,25.4,Unknown,Combination Therapy,6,35,Deceased,Medium
ONC-00045,58,Other,Breast,Stage Ii,5.1,Never,Regular,No,26.2,2022-06-10,Surgery,6,52,Deceased,Medium
ONC-03377,58,Other,Prostate,Stage Ii,0.1,Current,Regular,No,26.7,2021-09-11,Palliative Care,6,39,Not Recorded,Medium
ONC-05121,68,Male,Blood (Leukemia),Stage Iii,3.1,Never,Regular,No,37.8,2017-10-05,Palliative Care,6,13,Alive,High
ONC-04077,58,Male,Colorectal,Stage Ii,0.2,Never,Regular,Yes,34.2,Unknown,Palliative Care,6,23,Alive,Low
ONC-00891,58,Male,Ovarian,Stage I,0.9,Never,Occasional,No,29.7,2018-10-30,Chemotherapy,6,12,Alive,Low
ONC-04245,42,Other,Pancreatic,Stage Ii,2.4,Never,Heavy,No,25.8,2015-08-18,Chemotherapy,6,5,Not Recorded,High
ONC-01197,58,Other,Pancreatic,Stage Iii,2.2,Never,Regular,No,26.0,2019-10-18,Palliative Care,5,12,Alive,Medium
ONC-06734,58,Other,Liver,Stage Iv,2.0,Never,Regular,Yes,27.2,2018-02-23,Palliative Care,4,13,Not Recorded,Critical
ONC-01120,39,Female,Pancreatic,Stage I,9.0,Former,Regular,No,24.4,Unknown,Chemotherapy,6,25,Not Recorded,Not Recorded
ONC-01787,67,Male,Prostate,Stage I,3.3,Never,Regular,Yes,26.7,2017-03-01,Surgery,7,27,Not Recorded,Low
ONC-06453,69,Male,Pancreatic,Stage Iv,5.9,Never,Occasional,No,26.0,Unknown,Palliative Care,9,1,Deceased,Critical
ONC-03278,53,Male,Liver,Stage I,1.0,Never,Occasional,Yes,17.1,2015-03-27,Immunotherapy,6,12,Not Recorded,Medium
ONC-01523,55,Other,Prostate,Stage I,0.2,Former,Heavy,No,28.8,Unknown,Immunotherapy,3,8,Alive,Medium
ONC-00769,50,Male,Colorectal,Stage Iv,2.4,Never,Occasional,No,28.3,2019-12-06,Immunotherapy,4,12,Not Recorded,High
ONC-04530,41,Other,Prostate,Stage Iii,9.9,Former,Regular,Yes,23.0,Unknown,Palliative Care,7,42,Not Recorded,Low
ONC-06607,58,Other,Skin (Melanoma),Stage I,2.4,Current,Regular,Yes,23.3,Unknown,Combination Therapy,6,12,Alive,Medium
ONC-02989,56,Other,Prostate,Stage Iii,2.4,Former,Regular,Yes,19.5,2022-07-28,Immunotherapy,7,40,Deceased,Critical
ONC-04886,80,Male,Breast,Stage I,2.4,Former,Regular,No,19.4,2022-03-26,Palliative Care,4,22,Not Recorded,Low
ONC-03447,58,Female,Prostate,Stage Ii,0.3,Never,Regular,Yes,26.0,Unknown,Radiation Therapy,8,0,Alive,Critical
ONC-01604,62,Other,Brain,Stage Iv,15.0,Never,Heavy,Yes,32.8,2022-12-11,Palliative Care,2,16,Deceased,Not Recorded
ONC-03279,68,Other,Prostate,Stage Iv,0.9,Former,Heavy,Yes,22.7,2022-02-26,Palliative Care,3,12,Alive,Not Recorded
ONC-05728,76,Other,Breast,Stage Iii,0.6,Never,Heavy,No,35.2,2016-01-13,Palliative Care,6,26,Alive,Not Recorded
ONC-00758,79,Female,Prostate,Stage I,6.2,Never,Heavy,No,26.0,Unknown,Radiation Therapy,6,3,Deceased,Not Recorded
ONC-01647,58,Female,Brain,Stage Iii,2.1,Never,Regular,No,26.0,2016-10-25,Palliative Care,4,12,Alive,High
ONC-04064,80,Other,Prostate,Stage Ii,1.2,Current,Regular,Yes,25.7,2016-05-24,Palliative Care,4,12,Deceased,Medium
ONC-03827,58,Other,Prostate,Stage Iii,2.4,Never,Occasional,No,21.9,Unknown,Surgery,11,2,Deceased,Not Recorded
ONC-05506,70,Female,Brain,Stage Iv,1.1,Never,Heavy,No,24.7,Unknown,Chemotherapy,6,12,Alive,High
ONC-02369,58,Other,Prostate,Stage Ii,6.1,Former,Regular,Yes,22.5,2017-03-20,Radiation Therapy,6,18,Alive,Medium
ONC-01541,73,Male,Prostate,Stage Ii,0.4,Never,Regular,No,26.0,2016-10-10,Radiation Therapy,6,15,Deceased,Low
ONC-03529,58,Female,Lung,Stage Ii,5.4,Current,Regular,No,25.9,Unknown,Chemotherapy,1,12,Alive,Not Recorded
ONC-06150,53,Male,Prostate,Stage Ii,7.4,Never,Regular,No,26.0,Unknown,Surgery,9,6,Alive,Low
ONC-03347,58,Male,Prostate,Stage I,2.4,Never,Regular,Yes,33.6,2020-05-10,Palliative Care,5,12,Deceased,Low
ONC-02783,58,Female,Prostate,Stage Iv,2.4,Never,Heavy,Yes,26.2,Unknown,Chemotherapy,5,5,Not Recorded,Critical
ONC-00258,58,Male,Prostate,Stage Ii,0.5,Former,Regular,No,26.0,2016-01-18,Immunotherapy,0,26,Alive,Critical
ONC-04885,47,Other,Liver,Stage Iii,4.5,Current,Occasional,No,30.5,2017-04-12,Palliative Care,6,12,Not Recorded,Medium
ONC-00194,62,Other,Prostate,Stage Ii,1.2,Current,Regular,No,27.0,2024-12-20,Palliative Care,6,35,Not Recorded,High
ONC-00569,93,Other,Blood (Leukemia),Stage I,0.1,Former,Occasional,No,24.3,2020-09-13,Palliative Care,6,12,Alive,Not Recorded
ONC-02004,58,Other,Ovarian,Stage Ii,0.6,Never,Regular,No,34.8,Unknown,Surgery,3,12,Deceased,Medium
ONC-06742,42,Other,Prostate,Stage Iii,2.4,Never,Regular,Yes,31.0,2022-07-09,Immunotherapy,7,38,Deceased,Not Recorded
ONC-02506,65,Other,Lung,Stage Iv,1.5,Never,Regular,No,27.2,Unknown,Combination Therapy,6,12,Alive,High
ONC-05408,62,Female,Liver,Stage Iv,2.6,Never,Regular,No,26.0,2020-05-25,Combination Therapy,6,2,Alive,Critical
ONC-01603,71,Female,Brain,Stage Iv,0.6,Never,Regular,Yes,26.0,2016-11-04,Palliative Care,5,56,Not Recorded,High
ONC-03040,89,Other,Prostate,Stage I,1.1,Current,Regular,No,28.9,2015-02-07,Radiation Therapy,6,12,Alive,Medium
ONC-05890,44,Male,Lung,Stage Iii,1.2,Never,Regular,No,29.9,Unknown,Palliative Care,6,0,Deceased,Medium
ONC-01771,68,Other,Skin (Melanoma),Stage Iii,0.1,Current,Regular,Yes,26.0,Unknown,Surgery,6,10,Alive,Not Recorded
ONC-07416,30,Other,Colorectal,Stage Iii,2.4,Former,Regular,Yes,27.9,2020-10-01,Palliative Care,6,12,Alive,Critical
ONC-01587,41,Other,Prostate,Stage I,3.3,Never,Regular,No,32.0,2017-11-09,Combination Therapy,6,0,Alive,Not Recorded
ONC-02103,53,Other,Colorectal,Stage Iv,3.9,Current,Regular,No,33.5,2016-11-04,Surgery,5,12,Alive,Not Recorded
ONC-00434,77,Other,Ovarian,Stage Iii,0.1,Never,Regular,Yes,26.0,2019-04-10,Chemotherapy,4,12,Alive,Not Recorded
ONC-01311,49,Male,Skin (Melanoma),Stage I,5.0,Never,Regular,No,18.9,2017-12-04,Palliative Care,6,18,Deceased,Low
ONC-00404,45,Other,Breast,Stage Iv,2.8,Never,Regular,Yes,20.7,Unknown,Surgery,3,15,Alive,Not Recorded
ONC-01711,58,Female,Prostate,Stage I,0.2,Never,Regular,No,31.5,2021-03-12,Palliative Care,4,12,Alive,Low
ONC-00981,26,Other,Pancreatic,Stage Iv,6.9,Never,Regular,No,26.0,2018-06-19,Combination Therapy,6,34,Deceased,Medium
ONC-03316,58,Female,Blood (Leukemia),Stage Ii,2.4,Current,Heavy,No,26.0,2020-03-11,Immunotherapy,9,12,Deceased,High
ONC-00594,71,Other,Prostate,Stage Iv,8.3,Current,Regular,Yes,22.7,Unknown,Combination Therapy,6,66,Not Recorded,High
ONC-00241,58,Female,Brain,Stage Ii,0.4,Current,Heavy,Yes,26.0,2018-11-11,Palliative Care,3,12,Not Recorded,Not Recorded
ONC-05235,58,Female,Ovarian,Stage Iii,2.4,Former,Regular,No,27.5,Unknown,Immunotherapy,10,22,Alive,Medium
ONC-00954,53,Other,Blood (Leukemia),Stage Iv,1.0,Current,Regular,No,21.6,Unknown,Palliative Care,9,12,Deceased,High
ONC-07239,48,Other,Skin (Melanoma),Stage Iv,7.2,Never,Regular,Yes,21.7,2021-01-03,Palliative Care,4,20,Deceased,Low
ONC-00977,60,Male,Liver,Stage Iv,1.2,Former,Regular,No,33.3,2015-12-26,Palliative Care,3,19,Alive,Not Recorded
ONC-04325,86,Other,Blood (Leukemia),Stage I,2.4,Never,Regular,No,26.0,Unknown,Palliative Care,9,12,Alive,Low
ONC-05503,56,Female,Prostate,Stage Iv,2.4,Former,Heavy,No,23.8,2022-06-12,Radiation Therapy,6,4,Not Recorded,Critical
ONC-07181,58,Male,Prostate,Stage Iii,12.4,Current,Occasional,No,28.8,2024-02-08,Chemotherapy,6,12,Alive,High
ONC-04275,49,Other,Pancreatic,Stage Iv,2.4,Current,Regular,No,21.3,2020-02-23,Combination Therapy,7,12,Alive,Not Recorded
ONC-03303,45,Other,Prostate,Stage Ii,3.0,Never,Regular,Yes,27.2,2017-05-09,Palliative Care,6,15,Not Recorded,Medium
ONC-04956,56,Female,Prostate,Stage Iv,0.5,Never,Regular,No,18.7,2019-04-04,Surgery,8,12,Not Recorded,Low
ONC-07131,51,Other,Prostate,Stage Iv,10.7,Never,Regular,No,25.3,2017-12-09,Immunotherapy,6,7,Alive,High
ONC-03228,85,Other,Prostate,Stage I,5.4,Never,Heavy,No,33.5,2018-01-16,Palliative Care,6,54,Deceased,Low
ONC-00239,54,Male,Colorectal,Stage Ii,1.8,Never,Regular,No,12.8,2024-02-24,Palliative Care,6,13,Alive,Not Recorded
ONC-04444,49,Female,Skin (Melanoma),Stage Iv,9.7,Never,Regular,No,27.6,Unknown,Palliative Care,9,20,Deceased,Low
ONC-03989,58,Female,Prostate,Stage Iv,1.9,Former,Regular,No,28.3,2023-11-01,Chemotherapy,6,17,Alive,Not Recorded
ONC-00939,55,Other,Lung,Stage Iii,3.1,Never,Regular,Yes,31.0,Unknown,Palliative Care,1,2,Deceased,Not Recorded
ONC-05546,69,Other,Prostate,Stage Iv,4.7,Never,Regular,Yes,25.8,2024-12-18,Palliative Care,6,12,Alive,Medium
ONC-05496,20,Female,Prostate,Stage Iii,12.2,Former,Regular,Yes,26.0,2016-09-29,Palliative Care,3,11,Not Recorded,Critical
ONC-02087,49,Other,Skin (Melanoma),Stage Iv,1.1,Current,Heavy,Yes,27.7,Unknown,Palliative Care,8,15,Not Recorded,Not Recorded
ONC-03138,58,Female,Colorectal,Stage Iii,5.0,Current,Regular,No,21.0,2021-07-03,Palliative Care,6,8,Alive,High
ONC-02312,58,Other,Pancreatic,Stage I,2.4,Current,Regular,No,20.2,2018-04-09,Combination Therapy,8,17,Not Recorded,High
ONC-03305,54,Other,Skin (Melanoma),Stage Ii,1.4,Former,Regular,No,26.0,Unknown,Palliative Care,7,8,Alive,High
ONC-02394,77,Other,Prostate,Stage Iv,0.5,Never,Regular,Yes,33.1,2023-07-17,Surgery,6,7,Deceased,High
ONC-02505,58,Other,Breast,Stage I,0.2,Former,Regular,No,33.5,Unknown,Palliative Care,4,39,Deceased,Medium
ONC-04903,58,Other,Pancreatic,Stage Iv,1.0,Never,Regular,No,24.5,2018-04-16,Radiation Therapy,9,10,Alive,Not Recorded
ONC-00617,58,Female,Brain,Stage Iv,1.0,Current,Regular,No,22.7,2015-07-27,Palliative Care,5,12,Alive,Low
ONC-00920,46,Other,Ovarian,Stage Iv,4.0,Current,Regular,Yes,33.7,2018-08-31,Palliative Care,9,12,Alive,Low
ONC-06789,58,Male,Prostate,Stage Iii,18.0,Never,Heavy,No,26.4,Unknown,Immunotherapy,7,0,Not Recorded,Medium
ONC-06158,76,Other,Prostate,Stage Ii,2.4,Current,Regular,No,20.9,Unknown,Palliative Care,7,12,Alive,Critical
ONC-01250,17,Female,Ovarian,Stage Ii,2.4,Never,Regular,No,26.0,2024-12-19,Immunotherapy,6,12,Alive,High
ONC-00611,50,Other,Pancreatic,Stage Iv,0.9,Never,Occasional,No,27.9,Unknown,Palliative Care,4,38,Not Recorded,Medium
ONC-05222,57,Other,Prostate,Stage Iii,0.6,Never,Regular,No,30.4,2019-02-27,Immunotherapy,6,12,Not Recorded,Low
ONC-05059,46,Other,Brain,Stage I,6.4,Current,Regular,No,25.7,2023-01-26,Palliative Care,6,12,Deceased,Not Recorded
ONC-00436,58,Male,Skin (Melanoma),Stage Ii,7.6,Former,Heavy,Yes,26.0,2021-11-28,Palliative Care,5,12,Not Recorded,Not Recorded
ONC-03099,73,Other,Blood (Leukemia),Stage Ii,11.6,Never,Occasional,No,30.5,Unknown,Combination Therapy,4,12,Deceased,High
ONC-00773,58,Other,Blood (Leukemia),Stage Iv,2.4,Former,Heavy,Yes,30.2,2019-05-29,Palliative Care,4,8,Alive,Low
ONC-05481,58,Other,Breast,Stage Ii,5.1,Former,Heavy,No,20.3,2017-09-09,Palliative Care,6,34,Alive,High
ONC-02835,68,Male,Blood (Leukemia),Stage Iv,3.7,Former,Regular,No,26.0,2022-04-23,Chemotherapy,13,2,Not Recorded,Medium
ONC-04716,58,Female,Prostate,Stage I,0.1,Never,Regular,No,25.4,2024-12-04,Palliative Care,12,30,Not Recorded,Low
ONC-05273,58,Other,Prostate,Stage Iii,0.4,Former,Regular,No,18.1,2020-08-27,Palliative Care,4,1,Alive,Medium
ONC-00227,33,Female,Colorectal,Stage Iv,0.9,Never,Heavy,No,26.0,2019-08-31,Palliative Care,6,5,Not Recorded,Critical
ONC-07244,63,Other,Lung,Stage Iv,4.6,Former,Heavy,Yes,22.9,Unknown,Palliative Care,6,5,Alive,Not Recorded
ONC-04458,59,Male,Prostate,Stage Iii,5.7,Never,Regular,No,22.9,2019-09-24,Palliative Care,6,10,Not Recorded,High
ONC-07441,58,Male,Prostate,Stage I,0.5,Former,Regular,No,22.5,2016-02-18,Chemotherapy,3,3,Not Recorded,Medium
ONC-01501,58,Female,Colorectal,Stage Iv,4.4,Current,Heavy,No,23.4,Unknown,Immunotherapy,4,12,Not Recorded,Critical
ONC-02470,67,Other,Breast,Stage Iii,6.1,Former,Regular,No,26.0,2022-08-28,Palliative Care,6,14,Not Recorded,High
ONC-00218,58,Other,Colorectal,Stage Iii,3.4,Never,Regular,Yes,35.8,2020-12-31,Palliative Care,4,4,Not Recorded,Medium
ONC-03036,33,Other,Liver,Stage Iii,2.4,Never,Regular,Yes,23.4,Unknown,Palliative Care,9,3,Not Recorded,Not Recorded
ONC-01213,42,Other,Prostate,Stage Ii,4.1,Never,Regular,No,26.0,2023-02-17,Chemotherapy,6,89,Not Recorded,Medium
ONC-02046,32,Other,Pancreatic,Stage Iv,0.9,Never,Regular,No,30.9,2017-06-11,Chemotherapy,2,12,Alive,Not Recorded
ONC-02914,58,Other,Ovarian,Stage Iii,9.4,Current,Regular,No,19.4,2023-12-15,Palliative Care,6,2,Alive,Not Recorded
ONC-05202,58,Other,Lung,Stage Ii,1.4,Never,Regular,Yes,21.8,Unknown,Palliative Care,4,12,Not Recorded,Low
ONC-01255,58,Other,Prostate,Stage Iv,15.2,Never,Regular,Yes,35.2,Unknown,Immunotherapy,6,39,Alive,High
ONC-02599,58,Other,Prostate,Stage Ii,0.3,Current,Regular,Yes,23.4,2016-12-11,Palliative Care,6,12,Deceased,Not Recorded
ONC-06884,58,Female,Lung,Stage I,2.6,Never,Regular,No,33.8,2023-02-23,Chemotherapy,6,12,Not Recorded,Medium
ONC-02715,58,Female,Brain,Stage Iv,6.7,Current,Regular,No,17.4,Unknown,Radiation Therapy,6,12,Deceased,Not Recorded
ONC-03689,73,Other,Prostate,Stage Iii,0.8,Former,Regular,Yes,17.8,2018-04-11,Palliative Care,7,10,Not Recorded,Not Recorded
ONC-06092,58,Female,Ovarian,Stage Iv,7.3,Never,Regular,No,38.0,2021-01-16,Palliative Care,6,12,Alive,Critical
ONC-01279,58,Male,Prostate,Stage Ii,2.4,Never,Heavy,No,26.0,2016-11-30,Palliative Care,10,27,Deceased,Low
ONC-06348,67,Other,Prostate,Stage Iv,1.1,Never,Regular,No,21.6,2015-06-10,Radiation Therapy,2,9,Not Recorded,High
ONC-04018,58,Other,Prostate,Stage Iii,0.4,Never,Regular,No,22.3,2016-06-29,Palliative Care,6,9,Not Recorded,Low
ONC-04308,58,Female,Prostate,Stage Iv,2.3,Current,Regular,No,16.4,2021-03-19,Palliative Care,6,9,Not Recorded,Critical
ONC-04554,58,Female,Pancreatic,Stage Ii,0.5,Former,Occasional,Yes,26.0,Unknown,Palliative Care,6,36,Not Recorded,Medium
ONC-01473,58,Male,Colorectal,Stage Iv,4.5,Former,Regular,No,26.0,Unknown,Radiation Therapy,6,2,Alive,High
ONC-02864,58,Other,Liver,Stage Iv,0.6,Current,Regular,No,30.5,2019-03-07,Chemotherapy,6,10,Not Recorded,Not Recorded
