patient_id,start_date,end_date,treatment_type,treatment_category,treatment_cycle,dose_intensity
P00001,0,13,chemotherapy,first_line,1,0.87
P00001,24,37,chemotherapy,first_line,2,0.99
P00001,46,53,chemotherapy,first_line,3,0.95
P00001,73,87,chemotherapy,first_line,4,0.92
P00001,85,97,chemotherapy,first_line,5,0.83
P00001,105,132,chemotherapy,first_line,6,0.83
P00001,131,153,chemotherapy,first_line,7,0.81
P00001,148,155,chemotherapy,first_line,8,0.97
P00001,172,183,chemotherapy,first_line,9,0.92
P00002,0,25,chemotherapy,first_line,1,0.94
P00002,27,34,chemotherapy,first_line,2,0.8
P00002,47,62,chemotherapy,first_line,3,0.99
P00002,70,89,chemotherapy,first_line,4,0.97
P00002,86,107,chemotherapy,first_line,5,0.84
P00002,107,129,chemotherapy,first_line,6,0.84
P00002,134,147,chemotherapy,first_line,7,0.84
P00002,149,166,chemotherapy,first_line,8,0.86
P00002,170,186,chemotherapy,first_line,9,0.9
P00003,4,27,targeted_therapy,first_line,1,0.89
P00003,22,45,targeted_therapy,first_line,2,0.86
P00003,43,68,targeted_therapy,first_line,3,0.92
P00003,79,89,targeted_therapy,first_line,4,0.83
P00003,86,105,targeted_therapy,first_line,5,0.86
P00003,116,129,targeted_therapy,first_line,6,0.87
P00003,133,150,targeted_therapy,first_line,7,0.89
P00003,155,173,targeted_therapy,first_line,8,0.96
P00003,170,179,targeted_therapy,first_line,9,0.84
P00004,5,24,chemotherapy,first_line,1,0.9
P00004,31,38,chemotherapy,first_line,2,0.92
P00004,42,65,chemotherapy,first_line,3,0.81
P00004,63,88,chemotherapy,first_line,4,0.92
P00004,84,97,chemotherapy,first_line,5,0.83
P00004,107,122,chemotherapy,first_line,6,0.81
P00004,126,153,chemotherapy,first_line,7,0.99
P00004,162,172,chemotherapy,first_line,8,0.99
P00005,1,26,targeted_therapy,first_line,1,0.96
P00005,23,45,targeted_therapy,first_line,2,0.86
P00005,42,67,targeted_therapy,first_line,3,0.82
P00005,65,85,targeted_therapy,first_line,4,0.94
P00005,90,102,targeted_therapy,first_line,5,0.89
P00005,106,132,targeted_therapy,first_line,6,0.82
P00005,144,152,targeted_therapy,first_line,7,0.9
P00005,170,177,targeted_therapy,first_line,9,0.81
P00006,0,26,combination_therapy,first_line,1,0.98
P00006,36,44,combination_therapy,first_line,2,0.85
P00006,43,50,combination_therapy,first_line,3,0.93
P00006,66,78,combination_therapy,first_line,4,0.86
P00006,85,107,combination_therapy,first_line,5,0.9
P00006,107,123,combination_therapy,first_line,6,0.91
P00006,129,152,combination_therapy,first_line,7,0.84
P00006,153,169,combination_therapy,first_line,8,0.99
P00006,176,183,combination_therapy,first_line,9,0.96
P00007,11,18,targeted_therapy,first_line,1,0.99
P00007,22,46,targeted_therapy,first_line,2,0.98
P00007,49,56,targeted_therapy,first_line,3,0.92
P00007,63,90,targeted_therapy,first_line,4,0.98
P00007,97,109,targeted_therapy,first_line,5,0.82
P00007,105,132,targeted_therapy,first_line,6,0.84
P00007,143,150,targeted_therapy,first_line,7,0.81
P00007,147,174,targeted_therapy,first_line,8,0.87
P00007,171,178,targeted_therapy,first_line,9,0.88
P00008,7,23,immunotherapy,first_line,1,0.85
P00008,24,47,immunotherapy,first_line,2,0.97
P00008,70,83,immunotherapy,first_line,4,0.87
P00008,93,110,immunotherapy,first_line,5,0.86
P00008,118,128,immunotherapy,first_line,6,0.91
P00008,132,149,immunotherapy,first_line,7,0.83
P00008,151,171,immunotherapy,first_line,8,0.96
P00008,168,186,immunotherapy,first_line,9,0.81
P00009,0,14,targeted_therapy,first_line,1,1.0
P00009,26,48,targeted_therapy,first_line,2,0.95
P00009,53,69,targeted_therapy,first_line,3,0.84
P00009,69,84,targeted_therapy,first_line,4,0.8
P00009,84,91,targeted_therapy,first_line,5,0.96
P00009,113,130,targeted_therapy,first_line,6,0.94
P00009,133,147,targeted_therapy,first_line,7,0.95
P00009,157,167,targeted_therapy,first_line,8,0.95
P00009,174,181,targeted_therapy,first_line,9,0.81
P00010,5,24,immunotherapy,first_line,1,0.87
P00010,21,43,immunotherapy,first_line,2,0.82
P00010,52,59,immunotherapy,first_line,3,0.97
P00010,79,89,immunotherapy,first_line,4,0.92
P00010,84,110,immunotherapy,first_line,5,0.87
P00010,105,132,immunotherapy,first_line,6,0.81
P00010,138,147,immunotherapy,first_line,7,0.86
P00010,147,163,immunotherapy,first_line,8,0.87
P00010,168,183,immunotherapy,first_line,9,0.95
P00011,2,25,targeted_therapy,first_line,1,0.93
P00011,22,40,targeted_therapy,first_line,2,0.98
P00011,43,69,targeted_therapy,first_line,3,0.89
P00011,64,90,targeted_therapy,first_line,4,0.82
P00011,89,107,targeted_therapy,first_line,5,0.94
P00011,110,132,targeted_therapy,first_line,6,0.95
P00011,130,151,targeted_therapy,first_line,7,0.91
P00011,152,164,targeted_therapy,first_line,8,0.95
P00012,10,23,targeted_therapy,first_line,1,0.9
P00012,22,39,targeted_therapy,first_line,2,0.9
P00012,42,69,targeted_therapy,first_line,3,0.89
P00012,66,84,targeted_therapy,first_line,4,0.81
P00012,89,107,targeted_therapy,first_line,5,0.82
P00012,118,130,targeted_therapy,first_line,6,0.81
P00012,137,144,targeted_therapy,first_line,7,0.93
P00012,150,172,targeted_therapy,first_line,8,0.86
P00012,173,186,targeted_therapy,first_line,9,0.9
P00013,1,25,immunotherapy,first_line,1,0.98
P00013,22,43,immunotherapy,first_line,2,0.85
P00013,57,67,immunotherapy,first_line,3,0.88
P00013,64,88,immunotherapy,first_line,4,0.95
P00013,91,111,immunotherapy,first_line,5,0.85
P00013,116,123,immunotherapy,first_line,6,0.82
P00013,139,151,immunotherapy,first_line,7,0.86
P00013,155,168,immunotherapy,first_line,8,0.83
P00013,170,181,immunotherapy,first_line,9,0.99
P00014,4,24,immunotherapy,first_line,1,0.96
P00014,24,43,immunotherapy,first_line,2,0.93
P00014,43,67,immunotherapy,first_line,3,0.97
P00014,64,71,immunotherapy,first_line,4,0.96
P00014,86,109,immunotherapy,first_line,5,0.84
P00014,116,124,immunotherapy,first_line,6,0.98
P00014,128,151,immunotherapy,first_line,7,0.91
P00014,155,173,immunotherapy,first_line,8,0.96
P00014,173,181,immunotherapy,first_line,9,0.98
P00015,0,23,immunotherapy,first_line,1,0.86
P00015,36,48,immunotherapy,first_line,2,0.82
P00015,67,87,immunotherapy,first_line,4,0.85
P00015,84,108,immunotherapy,first_line,5,0.89
P00015,105,122,immunotherapy,first_line,6,0.96
P00015,136,147,immunotherapy,first_line,7,0.97
P00015,151,158,immunotherapy,first_line,8,0.8
P00015,170,182,immunotherapy,first_line,9,0.9
P00016,10,25,combination_therapy,first_line,1,0.88
P00016,44,59,combination_therapy,first_line,3,0.84
P00016,75,90,combination_therapy,first_line,4,0.82
P00016,85,99,combination_therapy,first_line,5,0.87
P00016,115,131,combination_therapy,first_line,6,0.99
P00016,127,151,combination_therapy,first_line,7,0.86
P00016,153,164,combination_therapy,first_line,8,0.9
P00016,171,185,combination_therapy,first_line,9,0.94
P00017,7,26,combination_therapy,first_line,1,0.87
P00017,22,47,combination_therapy,first_line,2,0.99
P00017,49,69,combination_therapy,first_line,3,0.99
P00017,72,83,combination_therapy,first_line,4,0.85
P00017,88,111,combination_therapy,first_line,5,0.9
P00017,111,130,combination_therapy,first_line,6,0.86
P00017,133,146,combination_therapy,first_line,7,0.86
P00017,147,174,combination_therapy,first_line,8,0.81
P00017,172,179,combination_therapy,first_line,9,0.92
P00018,5,23,immunotherapy,first_line,1,0.9
P00018,24,48,immunotherapy,first_line,2,0.81
P00018,46,69,immunotherapy,first_line,3,0.86
P00018,63,89,immunotherapy,first_line,4,0.98
P00018,91,98,immunotherapy,first_line,5,0.85
P00018,118,129,immunotherapy,first_line,6,0.83
P00018,140,149,immunotherapy,first_line,7,0.9
P00018,150,174,immunotherapy,first_line,8,1.0
P00018,175,182,immunotherapy,first_line,9,0.85
P00019,1,23,chemotherapy,first_line,1,0.93
P00019,22,42,chemotherapy,first_line,2,0.95
P00019,52,62,chemotherapy,first_line,3,0.85
P00019,70,90,chemotherapy,first_line,4,0.95
P00019,96,109,chemotherapy,first_line,5,0.87
P00019,107,132,chemotherapy,first_line,6,0.93
P00019,127,144,chemotherapy,first_line,7,0.93
P00019,152,174,chemotherapy,first_line,8,0.91
P00019,170,178,chemotherapy,first_line,9,0.82
P00020,9,17,immunotherapy,first_line,1,0.97
P00020,25,44,immunotherapy,first_line,2,0.86
P00020,47,55,immunotherapy,first_line,3,0.84
P00020,69,90,immunotherapy,first_line,4,0.81
P00020,108,129,immunotherapy,first_line,6,0.92
P00020,130,151,immunotherapy,first_line,7,0.94
P00020,151,171,immunotherapy,first_line,8,0.8
P00020,168,176,immunotherapy,first_line,9,0.9
P00021,2,19,targeted_therapy,first_line,1,0.85
P00021,29,41,targeted_therapy,first_line,2,0.93
P00021,44,66,targeted_therapy,first_line,3,0.83
P00021,68,84,targeted_therapy,first_line,4,0.94
P00021,93,110,targeted_therapy,first_line,5,0.88
P00021,107,124,targeted_therapy,first_line,6,0.99
P00021,133,149,targeted_therapy,first_line,7,0.83
P00021,147,167,targeted_therapy,first_line,8,0.87
P00021,174,184,targeted_therapy,first_line,9,0.82
P00022,3,23,combination_therapy,first_line,1,0.98
P00022,27,48,combination_therapy,first_line,2,0.98
P00022,48,58,combination_therapy,first_line,3,0.85
P00022,65,89,combination_therapy,first_line,4,0.93
P00022,85,106,combination_therapy,first_line,5,0.96
P00022,109,126,combination_therapy,first_line,6,0.91
P00022,129,153,combination_therapy,first_line,7,0.91
P00022,147,172,combination_therapy,first_line,8,0.85
P00022,173,180,combination_therapy,first_line,9,0.82
P00023,9,26,targeted_therapy,first_line,1,0.98
P00023,22,46,targeted_therapy,first_line,2,0.98
P00023,48,68,targeted_therapy,first_line,3,0.93
P00023,69,85,targeted_therapy,first_line,4,0.87
P00023,103,110,targeted_therapy,first_line,5,0.87
P00023,107,126,targeted_therapy,first_line,6,0.95
P00023,131,152,targeted_therapy,first_line,7,0.98
P00023,148,173,targeted_therapy,first_line,8,0.98
P00023,169,183,targeted_therapy,first_line,9,0.96
P00024,2,26,immunotherapy,first_line,1,0.93
P00024,29,40,immunotherapy,first_line,2,0.82
P00024,55,67,immunotherapy,first_line,3,0.83
P00024,73,86,immunotherapy,first_line,4,0.98
P00024,95,108,immunotherapy,first_line,5,0.92
P00024,105,128,immunotherapy,first_line,6,0.8
P00024,129,145,immunotherapy,first_line,7,0.82
P00024,154,164,immunotherapy,first_line,8,0.93
P00025,6,13,targeted_therapy,first_line,1,0.8
P00025,28,47,targeted_therapy,first_line,2,0.83
P00025,47,67,targeted_therapy,first_line,3,0.91
P00025,63,80,targeted_therapy,first_line,4,0.94
P00025,85,109,targeted_therapy,first_line,5,0.93
P00025,108,128,targeted_therapy,first_line,6,0.84
P00025,127,152,targeted_therapy,first_line,7,0.94
P00025,150,174,targeted_therapy,first_line,8,0.85
P00025,171,178,targeted_therapy,first_line,9,0.87
P00026,14,25,chemotherapy,first_line,1,0.95
P00026,24,43,chemotherapy,first_line,2,0.93
P00026,45,53,chemotherapy,first_line,3,0.97
P00026,70,89,chemotherapy,first_line,4,0.93
P00026,86,111,chemotherapy,first_line,5,0.91
P00026,108,122,chemotherapy,first_line,6,0.82
P00026,126,151,chemotherapy,first_line,7,0.87
P00026,152,159,chemotherapy,first_line,8,0.85
P00026,170,182,chemotherapy,first_line,9,0.85
P00027,1,17,immunotherapy,first_line,1,0.99
P00027,22,45,immunotherapy,first_line,2,0.88
P00027,47,65,immunotherapy,first_line,3,0.98
P00027,65,89,immunotherapy,first_line,4,0.93
P00027,101,110,immunotherapy,first_line,5,0.96
P00027,105,126,immunotherapy,first_line,6,0.9
P00027,156,172,immunotherapy,first_line,8,0.92
P00027,172,186,immunotherapy,first_line,9,0.9
P00028,5,24,targeted_therapy,first_line,1,0.84
P00028,23,48,targeted_therapy,first_line,2,0.94
P00028,50,63,targeted_therapy,first_line,3,0.86
P00028,64,88,targeted_therapy,first_line,4,0.8
P00028,92,102,targeted_therapy,first_line,5,0.93
P00028,111,131,targeted_therapy,first_line,6,0.84
P00028,131,149,targeted_therapy,first_line,7,0.99
P00028,148,169,targeted_therapy,first_line,8,0.99
P00028,171,179,targeted_therapy,first_line,9,0.98
P00029,0,17,immunotherapy,first_line,1,0.87
P00029,23,46,immunotherapy,first_line,2,0.8
P00029,42,69,immunotherapy,first_line,3,0.99
P00029,65,87,immunotherapy,first_line,4,0.89
P00029,101,108,immunotherapy,first_line,5,0.99
P00029,107,130,immunotherapy,first_line,6,0.99
P00029,127,143,immunotherapy,first_line,7,0.97
P00029,151,172,immunotherapy,first_line,8,0.86
P00029,169,183,immunotherapy,first_line,9,0.88
P00030,0,22,chemotherapy,first_line,1,0.97
P00030,23,48,chemotherapy,first_line,2,0.86
P00030,42,69,chemotherapy,first_line,3,0.83
P00030,66,85,chemotherapy,first_line,4,0.91
P00030,85,103,chemotherapy,first_line,5,0.99
P00030,107,128,chemotherapy,first_line,6,0.94
P00030,128,138,chemotherapy,first_line,7,0.91
P00030,149,167,chemotherapy,first_line,8,0.82
P00031,4,16,immunotherapy,first_line,1,0.92
P00031,23,47,immunotherapy,first_line,2,1.0
P00031,56,63,immunotherapy,first_line,3,0.83
P00031,67,77,immunotherapy,first_line,4,0.9
P00031,89,108,immunotherapy,first_line,5,0.98
P00031,118,125,immunotherapy,first_line,6,0.95
P00031,132,152,immunotherapy,first_line,7,0.94
P00031,160,170,immunotherapy,first_line,8,0.94
P00031,168,183,immunotherapy,first_line,9,0.87
P00032,1,27,immunotherapy,first_line,1,0.86
P00032,22,30,immunotherapy,first_line,2,0.96
P00032,48,69,immunotherapy,first_line,3,0.96
P00032,69,83,immunotherapy,first_line,4,0.97
P00032,87,99,immunotherapy,first_line,5,0.98
P00032,105,120,immunotherapy,first_line,6,0.9
P00032,132,151,immunotherapy,first_line,7,0.9
P00032,147,168,immunotherapy,first_line,8,0.96
P00032,168,182,immunotherapy,first_line,9,0.93
P00033,18,27,combination_therapy,first_line,1,0.94
P00033,22,48,combination_therapy,first_line,2,0.96
P00033,51,67,combination_therapy,first_line,3,0.98
P00033,73,84,combination_therapy,first_line,4,0.87
P00033,99,106,combination_therapy,first_line,5,0.88
P00033,105,131,combination_therapy,first_line,6,0.82
P00033,129,143,combination_therapy,first_line,7,0.92
P00033,157,170,combination_therapy,first_line,8,0.81
P00033,172,186,combination_therapy,first_line,9,0.89
P00034,4,17,chemotherapy,first_line,1,0.91
P00034,23,46,chemotherapy,first_line,2,0.86
P00034,47,69,chemotherapy,first_line,3,0.92
P00034,64,89,chemotherapy,first_line,4,0.81
P00034,85,109,chemotherapy,first_line,5,0.81
P00034,115,130,chemotherapy,first_line,6,0.96
P00034,126,153,chemotherapy,first_line,7,0.87
P00034,154,165,chemotherapy,first_line,8,0.83
P00034,173,180,chemotherapy,first_line,9,0.9
P00035,15,22,chemotherapy,first_line,1,0.95
P00035,33,40,chemotherapy,first_line,2,0.84
P00035,44,66,chemotherapy,first_line,3,0.92
P00035,68,90,chemotherapy,first_line,4,0.82
P00035,99,110,chemotherapy,first_line,5,0.81
P00035,107,118,chemotherapy,first_line,6,0.91
P00035,129,146,chemotherapy,first_line,7,0.91
P00035,150,169,chemotherapy,first_line,8,0.93
P00035,168,186,chemotherapy,first_line,9,0.95
P00036,1,21,targeted_therapy,first_line,1,1.0
P00036,43,60,targeted_therapy,first_line,3,0.9
P00036,65,89,targeted_therapy,first_line,4,0.86
P00036,85,107,targeted_therapy,first_line,5,0.96
P00036,117,131,targeted_therapy,first_line,6,0.85
P00036,138,148,targeted_therapy,first_line,7,0.89
P00036,151,169,targeted_therapy,first_line,8,0.82
P00036,168,183,targeted_therapy,first_line,9,0.81
P00037,3,14,targeted_therapy,first_line,1,0.99
P00037,39,47,targeted_therapy,first_line,2,0.97
P00037,42,69,targeted_therapy,first_line,3,0.94
P00037,65,76,targeted_therapy,first_line,4,0.88
P00037,91,105,targeted_therapy,first_line,5,0.83
P00037,109,128,targeted_therapy,first_line,6,0.83
P00037,127,144,targeted_therapy,first_line,7,0.85
P00037,153,171,targeted_therapy,first_line,8,0.91
P00037,168,185,targeted_therapy,first_line,9,0.94
P00038,2,9,combination_therapy,first_line,1,0.93
P00038,21,40,combination_therapy,first_line,2,0.86
P00038,42,64,combination_therapy,first_line,3,0.99
P00038,72,88,combination_therapy,first_line,4,0.95
P00038,105,126,combination_therapy,first_line,6,0.91
P00038,132,147,combination_therapy,first_line,7,0.92
P00038,152,172,combination_therapy,first_line,8,0.88
P00038,169,185,combination_therapy,first_line,9,0.85
P00039,28,47,chemotherapy,first_line,2,0.87
P00039,56,66,chemotherapy,first_line,3,0.95
P00039,68,85,chemotherapy,first_line,4,0.8
P00039,94,108,chemotherapy,first_line,5,0.82
P00039,114,129,chemotherapy,first_line,6,0.81
P00039,127,153,chemotherapy,first_line,7,0.81
P00039,153,172,chemotherapy,first_line,8,0.97
P00039,173,183,chemotherapy,first_line,9,0.94
P00040,2,27,combination_therapy,first_line,1,0.89
P00040,21,46,combination_therapy,first_line,2,0.82
P00040,47,66,combination_therapy,first_line,3,0.9
P00040,65,88,combination_therapy,first_line,4,0.89
P00040,84,108,combination_therapy,first_line,5,0.83
P00040,107,132,combination_therapy,first_line,6,0.89
P00040,145,152,combination_therapy,first_line,7,0.88
P00040,154,163,combination_therapy,first_line,8,0.92
P00040,171,179,combination_therapy,first_line,9,0.93
P00041,0,25,combination_therapy,first_line,1,0.81
P00041,22,44,combination_therapy,first_line,2,0.87
P00041,45,68,combination_therapy,first_line,3,0.93
P00041,67,90,combination_therapy,first_line,4,0.9
P00041,101,111,combination_therapy,first_line,5,0.97
P00041,105,128,combination_therapy,first_line,6,0.93
P00041,133,149,combination_therapy,first_line,7,0.83
P00041,155,170,combination_therapy,first_line,8,0.81
P00041,174,186,combination_therapy,first_line,9,0.93
P00042,7,18,targeted_therapy,first_line,1,0.81
P00042,30,47,targeted_therapy,first_line,2,0.92
P00042,50,61,targeted_therapy,first_line,3,0.99
P00042,68,90,targeted_therapy,first_line,4,0.92
P00042,86,108,targeted_therapy,first_line,5,0.88
P00042,106,130,targeted_therapy,first_line,6,0.93
P00042,127,153,targeted_therapy,first_line,7,0.89
P00042,147,174,targeted_therapy,first_line,8,0.91
P00042,172,181,targeted_therapy,first_line,9,0.99
P00043,1,26,immunotherapy,first_line,1,0.88
P00043,32,39,immunotherapy,first_line,2,0.99
P00043,52,65,immunotherapy,first_line,3,0.98
P00043,65,86,immunotherapy,first_line,4,0.84
P00043,93,106,immunotherapy,first_line,5,0.81
P00043,118,125,immunotherapy,first_line,6,0.82
P00043,132,149,immunotherapy,first_line,7,0.8
P00043,151,167,immunotherapy,first_line,8,0.82
P00043,169,181,immunotherapy,first_line,9,0.94
P00044,0,26,targeted_therapy,first_line,1,0.81
P00044,24,42,targeted_therapy,first_line,2,0.86
P00044,46,60,targeted_therapy,first_line,3,0.97
P00044,68,84,targeted_therapy,first_line,4,0.8
P00044,96,108,targeted_therapy,first_line,5,0.96
P00044,106,128,targeted_therapy,first_line,6,0.86
P00044,129,136,targeted_therapy,first_line,7,0.82
P00044,152,170,targeted_therapy,first_line,8,0.94
P00044,170,182,targeted_therapy,first_line,9,0.93
P00045,3,25,chemotherapy,first_line,1,0.98
P00045,23,43,chemotherapy,first_line,2,0.95
P00045,53,64,chemotherapy,first_line,3,0.96
P00045,65,79,chemotherapy,first_line,4,0.86
P00045,85,109,chemotherapy,first_line,5,0.84
P00045,108,132,chemotherapy,first_line,6,0.95
P00045,128,153,chemotherapy,first_line,7,0.96
P00045,154,173,chemotherapy,first_line,8,1.0
P00045,172,183,chemotherapy,first_line,9,0.88
P00046,12,23,targeted_therapy,first_line,1,0.87
P00046,22,44,targeted_therapy,first_line,2,0.96
P00046,43,67,targeted_therapy,first_line,3,0.87
P00046,70,89,targeted_therapy,first_line,4,0.99
P00046,96,106,targeted_therapy,first_line,5,0.97
P00046,107,119,targeted_therapy,first_line,6,0.89
P00046,128,144,targeted_therapy,first_line,7,0.95
P00046,151,173,targeted_therapy,first_line,8,0.95
P00046,173,180,targeted_therapy,first_line,9,0.82
P00047,11,23,targeted_therapy,first_line,1,0.98
P00047,23,40,targeted_therapy,first_line,2,0.9
P00047,42,68,targeted_therapy,first_line,3,0.97
P00047,66,87,targeted_therapy,first_line,4,0.86
P00047,91,106,targeted_therapy,first_line,5,0.98
P00047,116,132,targeted_therapy,first_line,6,0.88
P00047,129,148,targeted_therapy,first_line,7,0.8
P00047,159,174,targeted_therapy,first_line,8,0.98
P00047,171,184,targeted_therapy,first_line,9,0.82
P00048,0,25,combination_therapy,first_line,1,0.86
P00048,34,48,combination_therapy,first_line,2,0.99
P00048,46,64,combination_therapy,first_line,3,0.99
P00048,63,86,combination_therapy,first_line,4,0.91
P00048,84,111,combination_therapy,first_line,5,0.93
P00048,116,131,combination_therapy,first_line,6,0.89
P00048,126,147,combination_therapy,first_line,7,0.86
P00048,153,169,combination_therapy,first_line,8,0.87
P00048,177,184,combination_therapy,first_line,9,0.93
P00049,5,26,combination_therapy,first_line,1,0.95
P00049,29,48,combination_therapy,first_line,2,0.96
P00049,44,65,combination_therapy,first_line,3,0.96
P00049,65,83,combination_therapy,first_line,4,0.82
P00049,90,109,combination_therapy,first_line,5,0.9
P00049,119,130,combination_therapy,first_line,6,0.81
P00049,127,153,combination_therapy,first_line,7,0.91
P00049,158,172,combination_therapy,first_line,8,0.89
P00049,178,185,combination_therapy,first_line,9,0.98
P00050,26,48,combination_therapy,first_line,2,0.87
P00050,42,66,combination_therapy,first_line,3,0.82
P00050,66,88,combination_therapy,first_line,4,0.83
P00050,92,109,combination_therapy,first_line,5,0.95
P00050,105,132,combination_therapy,first_line,6,0.92
P00050,127,151,combination_therapy,first_line,7,0.82
P00050,147,168,combination_therapy,first_line,8,0.82
P00050,168,182,combination_therapy,first_line,9,0.94
P00051,2,18,combination_therapy,first_line,1,0.81
P00051,21,33,combination_therapy,first_line,2,0.96
P00051,42,68,combination_therapy,first_line,3,0.94
P00051,68,85,combination_therapy,first_line,4,0.82
P00051,88,105,combination_therapy,first_line,5,0.82
P00051,108,130,combination_therapy,first_line,6,1.0
P00051,128,145,combination_therapy,first_line,7,0.87
P00051,149,174,combination_therapy,first_line,8,0.87
P00051,172,182,combination_therapy,first_line,9,0.96
P00052,0,26,immunotherapy,first_line,1,0.99
P00052,21,46,immunotherapy,first_line,2,1.0
P00052,43,65,immunotherapy,first_line,3,0.95
P00052,73,89,immunotherapy,first_line,4,0.88
P00052,86,103,immunotherapy,first_line,5,0.82
P00052,107,129,immunotherapy,first_line,6,0.96
P00052,130,152,immunotherapy,first_line,7,0.91
P00052,177,186,immunotherapy,first_line,9,0.88
P00053,5,26,targeted_therapy,first_line,1,0.98
P00053,24,48,targeted_therapy,first_line,2,0.82
P00053,51,61,targeted_therapy,first_line,3,0.9
P00053,63,90,targeted_therapy,first_line,4,0.8
P00053,93,104,targeted_therapy,first_line,5,0.89
P00053,109,119,targeted_therapy,first_line,6,0.81
P00053,141,153,targeted_therapy,first_line,7,0.82
P00053,165,174,targeted_therapy,first_line,8,0.82
P00053,171,183,targeted_therapy,first_line,9,0.93
P00054,0,13,immunotherapy,first_line,1,0.95
P00054,36,44,immunotherapy,first_line,2,0.92
P00054,43,64,immunotherapy,first_line,3,0.99
P00054,63,88,immunotherapy,first_line,4,0.87
P00054,85,109,immunotherapy,first_line,5,0.86
P00054,105,117,immunotherapy,first_line,6,0.97
P00054,131,152,immunotherapy,first_line,7,0.84
P00054,155,172,immunotherapy,first_line,8,0.99
P00054,170,177,immunotherapy,first_line,9,0.8
P00055,2,19,targeted_therapy,first_line,1,0.99
P00055,28,35,targeted_therapy,first_line,2,0.81
P00055,46,60,targeted_therapy,first_line,3,0.98
P00055,63,87,targeted_therapy,first_line,4,0.91
P00055,90,97,targeted_therapy,first_line,5,1.0
P00055,111,132,targeted_therapy,first_line,6,0.81
P00055,128,146,targeted_therapy,first_line,7,0.91
P00055,158,166,targeted_therapy,first_line,8,0.99
P00055,168,184,targeted_therapy,first_line,9,0.9
P00056,9,21,combination_therapy,first_line,1,0.93
P00056,23,32,combination_therapy,first_line,2,0.94
P00056,45,67,combination_therapy,first_line,3,0.89
P00056,69,90,combination_therapy,first_line,4,0.93
P00056,92,109,combination_therapy,first_line,5,0.92
P00056,107,124,combination_therapy,first_line,6,0.98
P00056,128,151,combination_therapy,first_line,7,0.81
P00056,147,171,combination_therapy,first_line,8,0.86
P00056,172,179,combination_therapy,first_line,9,0.99
P00057,4,27,targeted_therapy,first_line,1,0.98
P00057,26,47,targeted_therapy,first_line,2,0.89
P00057,47,64,targeted_therapy,first_line,3,0.92
P00057,66,86,targeted_therapy,first_line,4,0.86
P00057,90,105,targeted_therapy,first_line,5,0.84
P00057,118,130,targeted_therapy,first_line,6,0.89
P00057,126,148,targeted_therapy,first_line,7,0.87
P00057,163,172,targeted_therapy,first_line,8,0.92
P00057,176,183,targeted_therapy,first_line,9,0.82
P00058,17,24,targeted_therapy,first_line,1,0.99
P00058,23,48,targeted_therapy,first_line,2,1.0
P00058,44,58,targeted_therapy,first_line,3,0.94
P00058,63,85,targeted_therapy,first_line,4,0.91
P00058,89,96,targeted_therapy,first_line,5,0.86
P00058,108,129,targeted_therapy,first_line,6,0.96
P00058,131,153,targeted_therapy,first_line,7,0.94
P00058,159,171,targeted_therapy,first_line,8,0.83
P00058,169,186,targeted_therapy,first_line,9,0.98
P00059,10,26,chemotherapy,first_line,1,0.96
P00059,22,47,chemotherapy,first_line,2,0.99
P00059,43,66,chemotherapy,first_line,3,0.95
P00059,63,90,chemotherapy,first_line,4,0.92
P00059,84,108,chemotherapy,first_line,5,0.88
P00059,107,127,chemotherapy,first_line,6,0.99
P00059,128,153,chemotherapy,first_line,7,0.97
P00059,158,170,chemotherapy,first_line,8,0.81
P00059,168,186,chemotherapy,first_line,9,0.81
P00060,2,27,immunotherapy,first_line,1,0.88
P00060,22,48,immunotherapy,first_line,2,0.96
P00060,46,64,immunotherapy,first_line,3,1.0
P00060,80,87,immunotherapy,first_line,4,0.83
P00060,91,111,immunotherapy,first_line,5,0.92
P00060,111,118,immunotherapy,first_line,6,0.88
P00060,128,135,immunotherapy,first_line,7,0.99
P00060,147,172,immunotherapy,first_line,8,0.97
P00060,174,182,immunotherapy,first_line,9,0.97
P00062,1,25,immunotherapy,first_line,1,0.95
P00062,24,45,immunotherapy,first_line,2,0.99
P00062,42,68,immunotherapy,first_line,3,0.97
P00062,63,83,immunotherapy,first_line,4,0.85
P00062,86,106,immunotherapy,first_line,5,0.89
P00062,107,132,immunotherapy,first_line,6,0.83
P00062,132,139,immunotherapy,first_line,7,0.99
P00062,155,174,immunotherapy,first_line,8,0.92
P00062,174,182,immunotherapy,first_line,9,0.85
P00063,0,25,combination_therapy,first_line,1,0.93
P00063,22,31,combination_therapy,first_line,2,0.92
P00063,42,65,combination_therapy,first_line,3,0.87
P00063,67,85,combination_therapy,first_line,4,0.82
P00063,84,108,combination_therapy,first_line,5,0.93
P00063,106,127,combination_therapy,first_line,6,0.9
P00063,127,142,combination_therapy,first_line,7,0.95
P00063,150,174,combination_therapy,first_line,8,0.9
P00063,176,183,combination_therapy,first_line,9,0.97
P00064,3,25,targeted_therapy,first_line,1,0.91
P00064,22,43,targeted_therapy,first_line,2,0.91
P00064,42,69,targeted_therapy,first_line,3,0.98
P00064,69,85,targeted_therapy,first_line,4,0.88
P00064,84,103,targeted_therapy,first_line,5,0.83
P00064,105,119,targeted_therapy,first_line,6,0.81
P00064,126,153,targeted_therapy,first_line,7,0.95
P00064,158,169,targeted_therapy,first_line,8,0.92
P00065,3,16,targeted_therapy,first_line,1,0.94
P00065,21,47,targeted_therapy,first_line,2,0.84
P00065,52,63,targeted_therapy,first_line,3,0.83
P00065,66,88,targeted_therapy,first_line,4,0.8
P00065,87,109,targeted_therapy,first_line,5,0.87
P00065,124,132,targeted_therapy,first_line,6,0.92
P00065,127,148,targeted_therapy,first_line,7,0.88
P00065,147,167,targeted_therapy,first_line,8,0.89
P00065,173,183,targeted_therapy,first_line,9,0.98
P00066,1,27,immunotherapy,first_line,1,0.87
P00066,25,33,immunotherapy,first_line,2,0.9
P00066,44,62,immunotherapy,first_line,3,0.96
P00066,65,89,immunotherapy,first_line,4,0.88
P00066,95,107,immunotherapy,first_line,5,0.92
P00066,109,116,immunotherapy,first_line,6,0.97
P00066,132,153,immunotherapy,first_line,7,0.99
P00066,149,163,immunotherapy,first_line,8,0.83
P00066,173,184,immunotherapy,first_line,9,0.99
P00067,12,23,immunotherapy,first_line,1,0.9
P00067,22,46,immunotherapy,first_line,2,0.85
P00067,44,62,immunotherapy,first_line,3,0.89
P00067,67,90,immunotherapy,first_line,4,1.0
P00067,97,104,immunotherapy,first_line,5,0.9
P00067,114,132,immunotherapy,first_line,6,0.87
P00067,133,153,immunotherapy,first_line,7,0.93
P00067,155,174,immunotherapy,first_line,8,0.85
P00067,175,182,immunotherapy,first_line,9,0.82
P00068,6,20,targeted_therapy,first_line,1,0.83
P00068,29,47,targeted_therapy,first_line,2,0.83
P00068,42,60,targeted_therapy,first_line,3,0.83
P00068,64,83,targeted_therapy,first_line,4,0.83
P00068,87,111,targeted_therapy,first_line,5,0.93
P00068,106,131,targeted_therapy,first_line,6,0.84
P00068,131,148,targeted_therapy,first_line,7,0.87
P00068,158,169,targeted_therapy,first_line,8,0.98
P00068,169,180,targeted_therapy,first_line,9,0.89
P00069,15,22,chemotherapy,first_line,1,0.93
P00069,24,33,chemotherapy,first_line,2,0.83
P00069,47,68,chemotherapy,first_line,3,0.84
P00069,64,82,chemotherapy,first_line,4,0.81
P00069,85,111,chemotherapy,first_line,5,0.83
P00069,105,125,chemotherapy,first_line,6,0.86
P00069,126,144,chemotherapy,first_line,7,0.84
P00069,151,167,chemotherapy,first_line,8,0.82
P00069,168,175,chemotherapy,first_line,9,0.82
P00070,1,24,targeted_therapy,first_line,1,0.89
P00070,27,48,targeted_therapy,first_line,2,0.84
P00070,48,64,targeted_therapy,first_line,3,0.87
P00070,67,88,targeted_therapy,first_line,4,0.9
P00070,87,105,targeted_therapy,first_line,5,0.94
P00070,113,130,targeted_therapy,first_line,6,0.81
P00070,138,152,targeted_therapy,first_line,7,0.96
P00070,149,170,targeted_therapy,first_line,8,0.93
P00070,168,185,targeted_therapy,first_line,9,0.82
P00071,21,47,combination_therapy,first_line,2,0.97
P00071,44,56,combination_therapy,first_line,3,0.98
P00071,66,84,combination_therapy,first_line,4,0.81
P00071,89,110,combination_therapy,first_line,5,0.86
P00071,120,129,combination_therapy,first_line,6,0.96
P00071,128,153,combination_therapy,first_line,7,0.95
P00071,148,168,combination_therapy,first_line,8,0.84
P00072,0,24,targeted_therapy,first_line,1,0.84
P00072,24,46,targeted_therapy,first_line,2,0.87
P00072,44,56,targeted_therapy,first_line,3,0.9
P00072,63,70,targeted_therapy,first_line,4,0.92
P00072,89,109,targeted_therapy,first_line,5,0.87
P00072,105,129,targeted_therapy,first_line,6,0.89
P00072,128,150,targeted_therapy,first_line,7,0.95
P00072,159,166,targeted_therapy,first_line,8,0.81
P00072,169,176,targeted_therapy,first_line,9,0.85
P00073,7,14,chemotherapy,first_line,1,0.94
P00073,23,42,chemotherapy,first_line,2,0.98
P00073,42,64,chemotherapy,first_line,3,0.9
P00073,63,90,chemotherapy,first_line,4,0.91
P00073,86,109,chemotherapy,first_line,5,0.82
P00073,116,132,chemotherapy,first_line,6,0.89
P00073,126,148,chemotherapy,first_line,7,0.91
P00073,149,172,chemotherapy,first_line,8,0.85
P00073,173,180,chemotherapy,first_line,9,0.85
P00074,3,25,immunotherapy,first_line,1,0.88
P00074,22,44,immunotherapy,first_line,2,0.8
P00074,51,58,immunotherapy,first_line,3,0.86
P00074,72,85,immunotherapy,first_line,4,0.84
P00074,99,106,immunotherapy,first_line,5,0.87
P00074,106,123,immunotherapy,first_line,6,0.82
P00074,134,149,immunotherapy,first_line,7,0.98
P00074,147,160,immunotherapy,first_line,8,0.92
P00074,171,180,immunotherapy,first_line,9,0.94
P00075,11,21,combination_therapy,first_line,1,0.96
P00075,21,44,combination_therapy,first_line,2,0.9
P00075,54,64,combination_therapy,first_line,3,0.82
P00075,63,78,combination_therapy,first_line,4,0.91
P00075,86,107,combination_therapy,first_line,5,0.92
P00075,114,124,combination_therapy,first_line,6,0.95
P00075,129,150,combination_therapy,first_line,7,0.89
P00075,150,162,combination_therapy,first_line,8,0.83
P00075,173,180,combination_therapy,first_line,9,0.86
P00076,7,26,targeted_therapy,first_line,1,0.87
P00076,25,42,targeted_therapy,first_line,2,0.93
P00076,52,67,targeted_therapy,first_line,3,0.91
P00076,69,90,targeted_therapy,first_line,4,0.87
P00076,84,108,targeted_therapy,first_line,5,1.0
P00076,105,125,targeted_therapy,first_line,6,0.92
P00076,128,135,targeted_therapy,first_line,7,0.85
P00076,151,158,targeted_therapy,first_line,8,0.82
P00076,170,183,targeted_therapy,first_line,9,0.83
P00077,8,22,chemotherapy,first_line,1,0.85
P00077,21,48,chemotherapy,first_line,2,0.83
P00077,42,63,chemotherapy,first_line,3,0.84
P00077,74,89,chemotherapy,first_line,4,0.86
P00077,84,110,chemotherapy,first_line,5,0.83
P00077,114,127,chemotherapy,first_line,6,0.98
P00077,132,149,chemotherapy,first_line,7,0.82
P00077,147,174,chemotherapy,first_line,8,0.9
P00077,169,177,chemotherapy,first_line,9,0.88
P00078,5,26,targeted_therapy,first_line,1,1.0
P00078,25,48,targeted_therapy,first_line,2,0.82
P00078,47,60,targeted_therapy,first_line,3,0.88
P00078,88,95,targeted_therapy,first_line,5,0.99
P00078,110,132,targeted_therapy,first_line,6,0.97
P00078,130,149,targeted_therapy,first_line,7,0.96
P00078,147,174,targeted_therapy,first_line,8,0.85
P00078,176,183,targeted_therapy,first_line,9,0.83
P00079,1,23,immunotherapy,first_line,1,0.93
P00079,45,68,immunotherapy,first_line,3,0.99
P00079,67,83,immunotherapy,first_line,4,0.91
P00079,98,110,immunotherapy,first_line,5,0.91
P00079,121,128,immunotherapy,first_line,6,0.86
P00079,126,152,immunotherapy,first_line,7,0.95
P00079,153,172,immunotherapy,first_line,8,0.84
P00079,169,176,immunotherapy,first_line,9,0.86
P00080,6,26,combination_therapy,first_line,1,0.89
P00080,29,39,combination_therapy,first_line,2,0.9
P00080,46,56,combination_therapy,first_line,3,0.85
P00080,80,87,combination_therapy,first_line,4,0.82
P00080,91,108,combination_therapy,first_line,5,0.92
P00080,111,132,combination_therapy,first_line,6,0.86
P00080,129,151,combination_therapy,first_line,7,0.92
P00080,166,173,combination_therapy,first_line,8,0.83
P00080,170,183,combination_therapy,first_line,9,0.9
P00081,2,25,chemotherapy,first_line,1,0.91
P00081,35,46,chemotherapy,first_line,2,0.81
P00081,42,61,chemotherapy,first_line,3,0.87
P00081,70,89,chemotherapy,first_line,4,0.83
P00081,84,107,chemotherapy,first_line,5,0.81
P00081,107,131,chemotherapy,first_line,6,1.0
P00081,135,152,chemotherapy,first_line,7,0.86
P00081,154,173,chemotherapy,first_line,8,0.96
P00081,172,185,chemotherapy,first_line,9,0.85
P00082,11,25,chemotherapy,first_line,1,0.94
P00082,28,42,chemotherapy,first_line,2,0.95
P00082,53,65,chemotherapy,first_line,3,0.92
P00082,64,82,chemotherapy,first_line,4,0.89
P00082,92,99,chemotherapy,first_line,5,0.88
P00082,105,116,chemotherapy,first_line,6,0.87
P00082,128,153,chemotherapy,first_line,7,0.99
P00082,148,174,chemotherapy,first_line,8,0.97
P00082,168,185,chemotherapy,first_line,9,0.99
P00083,2,22,immunotherapy,first_line,1,0.82
P00083,26,34,immunotherapy,first_line,2,0.95
P00083,44,58,immunotherapy,first_line,3,0.99
P00083,64,88,immunotherapy,first_line,4,0.84
P00083,92,110,immunotherapy,first_line,5,0.81
P00083,111,123,immunotherapy,first_line,6,0.95
P00083,133,151,immunotherapy,first_line,7,0.91
P00083,154,173,immunotherapy,first_line,8,0.97
P00083,168,186,immunotherapy,first_line,9,0.83
P00084,4,25,combination_therapy,first_line,1,0.96
P00084,26,41,combination_therapy,first_line,2,0.84
P00084,43,65,combination_therapy,first_line,3,0.83
P00084,68,89,combination_therapy,first_line,4,0.83
P00084,90,98,combination_therapy,first_line,5,0.96
P00084,105,130,combination_therapy,first_line,6,0.93
P00084,126,144,combination_therapy,first_line,7,0.9
P00084,151,173,combination_therapy,first_line,8,0.87
P00084,177,184,combination_therapy,first_line,9,0.98
P00086,18,25,immunotherapy,first_line,1,0.98
P00086,21,40,immunotherapy,first_line,2,0.88
P00086,42,69,immunotherapy,first_line,3,0.91
P00086,65,89,immunotherapy,first_line,4,0.98
P00086,85,104,immunotherapy,first_line,5,0.92
P00086,105,119,immunotherapy,first_line,6,0.82
P00086,128,152,immunotherapy,first_line,7,0.99
P00086,164,171,immunotherapy,first_line,8,0.93
P00087,0,26,chemotherapy,first_line,1,0.87
P00087,26,40,chemotherapy,first_line,2,0.83
P00087,47,60,chemotherapy,first_line,3,0.96
P00087,66,89,chemotherapy,first_line,4,0.92
P00087,95,109,chemotherapy,first_line,5,0.91
P00087,119,128,chemotherapy,first_line,6,0.98
P00087,127,151,chemotherapy,first_line,7,0.96
P00087,147,172,chemotherapy,first_line,8,0.83
P00087,168,181,chemotherapy,first_line,9,0.86
P00088,2,14,chemotherapy,first_line,1,0.85
P00088,22,44,chemotherapy,first_line,2,0.95
P00088,56,63,chemotherapy,first_line,3,0.81
P00088,65,90,chemotherapy,first_line,4,0.91
P00088,84,104,chemotherapy,first_line,5,0.95
P00088,108,132,chemotherapy,first_line,6,0.98
P00088,129,144,chemotherapy,first_line,7,0.87
P00088,158,172,chemotherapy,first_line,8,0.96
P00088,179,186,chemotherapy,first_line,9,0.82
P00089,6,24,targeted_therapy,first_line,1,0.97
P00089,28,41,targeted_therapy,first_line,2,0.83
P00089,43,68,targeted_therapy,first_line,3,0.88
P00089,66,89,targeted_therapy,first_line,4,0.96
P00089,110,126,targeted_therapy,first_line,6,0.83
P00089,133,153,targeted_therapy,first_line,7,0.85
P00089,153,170,targeted_therapy,first_line,8,0.94
P00089,171,182,targeted_therapy,first_line,9,0.94
P00090,9,27,immunotherapy,first_line,1,0.93
P00090,25,48,immunotherapy,first_line,2,0.94
P00090,48,62,immunotherapy,first_line,3,0.91
P00090,87,111,immunotherapy,first_line,5,0.85
P00090,110,131,immunotherapy,first_line,6,0.87
P00090,126,144,immunotherapy,first_line,7,0.84
P00090,149,160,immunotherapy,first_line,8,0.98
P00090,168,180,immunotherapy,first_line,9,0.92
P00091,3,27,targeted_therapy,first_line,1,0.88
P00091,21,47,targeted_therapy,first_line,2,0.89
P00091,51,58,targeted_therapy,first_line,3,0.99
P00091,69,88,targeted_therapy,first_line,4,0.83
P00091,98,109,targeted_therapy,first_line,5,0.92
P00091,107,127,targeted_therapy,first_line,6,0.9
P00091,139,146,targeted_therapy,first_line,7,0.92
P00091,147,170,targeted_therapy,first_line,8,0.8
P00091,172,186,targeted_therapy,first_line,9,0.97
P00092,2,27,immunotherapy,first_line,1,0.99
P00092,28,38,immunotherapy,first_line,2,0.91
P00092,50,65,immunotherapy,first_line,3,0.94
P00092,66,85,immunotherapy,first_line,4,0.98
P00092,88,102,immunotherapy,first_line,5,0.94
P00092,107,127,immunotherapy,first_line,6,0.83
P00092,133,140,immunotherapy,first_line,7,0.92
P00092,155,173,immunotherapy,first_line,8,0.92
P00092,168,175,immunotherapy,first_line,9,0.88
P00093,1,24,targeted_therapy,first_line,1,0.95
P00093,29,44,targeted_therapy,first_line,2,0.99
P00093,47,65,targeted_therapy,first_line,3,0.99
P00093,72,79,targeted_therapy,first_line,4,0.89
P00093,97,104,targeted_therapy,first_line,5,0.82
P00093,105,128,targeted_therapy,first_line,6,1.0
P00093,129,152,targeted_therapy,first_line,7,0.97
P00093,148,170,targeted_therapy,first_line,8,0.82
P00093,175,182,targeted_therapy,first_line,9,0.98
P00094,7,14,targeted_therapy,first_line,1,0.97
P00094,30,40,targeted_therapy,first_line,2,0.9
P00094,45,67,targeted_therapy,first_line,3,0.92
P00094,64,83,targeted_therapy,first_line,4,0.88
P00094,89,108,targeted_therapy,first_line,5,0.81
P00094,134,145,targeted_therapy,first_line,7,0.87
P00094,149,165,targeted_therapy,first_line,8,0.96
P00094,169,179,targeted_therapy,first_line,9,0.8
P00095,0,21,immunotherapy,first_line,1,0.87
P00095,25,41,immunotherapy,first_line,2,0.88
P00095,42,63,immunotherapy,first_line,3,0.91
P00095,65,89,immunotherapy,first_line,4,0.98
P00095,88,106,immunotherapy,first_line,5,0.87
P00095,105,131,immunotherapy,first_line,6,0.87
P00095,127,153,immunotherapy,first_line,7,0.95
P00095,153,170,immunotherapy,first_line,8,0.89
P00095,174,186,immunotherapy,first_line,9,0.84
P00096,5,20,targeted_therapy,first_line,1,0.89
P00096,24,44,targeted_therapy,first_line,2,0.83
P00096,50,67,targeted_therapy,first_line,3,0.84
P00096,70,81,targeted_therapy,first_line,4,0.9
P00096,88,106,targeted_therapy,first_line,5,0.88
P00096,116,131,targeted_therapy,first_line,6,0.98
P00096,127,144,targeted_therapy,first_line,7,0.87
P00096,155,173,targeted_therapy,first_line,8,0.92
P00096,179,186,targeted_therapy,first_line,9,0.93
P00097,4,27,targeted_therapy,first_line,1,0.8
P00097,36,43,targeted_therapy,first_line,2,0.93
P00097,44,68,targeted_therapy,first_line,3,0.84
P00097,66,80,targeted_therapy,first_line,4,0.99
P00097,97,111,targeted_therapy,first_line,5,0.83
P00097,112,130,targeted_therapy,first_line,6,0.88
P00097,134,149,targeted_therapy,first_line,7,0.82
P00097,148,160,targeted_therapy,first_line,8,1.0
P00097,170,186,targeted_therapy,first_line,9,0.9
P00098,3,10,immunotherapy,first_line,1,0.92
P00098,25,47,immunotherapy,first_line,2,0.81
P00098,43,68,immunotherapy,first_line,3,0.95
P00098,65,89,immunotherapy,first_line,4,0.84
P00098,84,106,immunotherapy,first_line,5,0.98
P00098,118,130,immunotherapy,first_line,6,0.84
P00098,137,147,immunotherapy,first_line,7,0.84
P00098,150,173,immunotherapy,first_line,8,0.81
P00098,172,183,immunotherapy,first_line,9,0.89
P00099,0,26,chemotherapy,first_line,1,0.91
P00099,21,48,chemotherapy,first_line,2,0.81
P00099,44,54,chemotherapy,first_line,3,0.96
P00099,65,90,chemotherapy,first_line,4,0.89
P00099,86,110,chemotherapy,first_line,5,0.9
P00099,106,125,chemotherapy,first_line,6,0.89
P00099,127,149,chemotherapy,first_line,7,0.88
P00099,147,172,chemotherapy,first_line,8,0.91
P00099,172,185,chemotherapy,first_line,9,0.83
P00100,1,25,combination_therapy,first_line,1,0.84
P00100,21,40,combination_therapy,first_line,2,0.97
P00100,42,64,combination_therapy,first_line,3,0.99
P00100,73,90,combination_therapy,first_line,4,0.87
P00100,89,106,combination_therapy,first_line,5,0.85
P00100,106,132,combination_therapy,first_line,6,0.93
P00100,126,153,combination_therapy,first_line,7,0.88
P00100,147,164,combination_therapy,first_line,8,0.81
P00100,178,185,combination_therapy,first_line,9,0.83
P00101,11,18,targeted_therapy,first_line,1,0.94
P00101,26,48,targeted_therapy,first_line,2,0.93
P00101,42,68,targeted_therapy,first_line,3,0.81
P00101,64,83,targeted_therapy,first_line,4,0.84
P00101,86,111,targeted_therapy,first_line,5,0.85
P00101,113,132,targeted_therapy,first_line,6,0.93
P00101,138,152,targeted_therapy,first_line,7,0.8
P00101,148,168,targeted_therapy,first_line,8,0.82
P00101,173,182,targeted_therapy,first_line,9,0.96
P00102,30,37,chemotherapy,first_line,2,0.84
P00102,45,67,chemotherapy,first_line,3,0.93
P00102,66,90,chemotherapy,first_line,4,0.85
P00102,89,110,chemotherapy,first_line,5,0.82
P00102,110,132,chemotherapy,first_line,6,0.85
P00102,129,153,chemotherapy,first_line,7,0.94
P00102,148,163,chemotherapy,first_line,8,0.97
P00103,9,27,immunotherapy,first_line,1,0.97
P00103,31,48,immunotherapy,first_line,2,0.88
P00103,47,67,immunotherapy,first_line,3,0.93
P00103,74,87,immunotherapy,first_line,4,0.84
P00103,86,110,immunotherapy,first_line,5,0.86
P00103,110,132,immunotherapy,first_line,6,0.98
P00103,149,169,immunotherapy,first_line,8,0.8
P00103,168,181,immunotherapy,first_line,9,0.82
P00104,12,19,immunotherapy,first_line,1,0.84
P00104,22,47,immunotherapy,first_line,2,0.81
P00104,43,60,immunotherapy,first_line,3,0.84
P00104,65,89,immunotherapy,first_line,4,0.92
P00104,88,111,immunotherapy,first_line,5,0.88
P00104,107,129,immunotherapy,first_line,6,0.98
P00104,127,151,immunotherapy,first_line,7,0.96
P00104,149,173,immunotherapy,first_line,8,0.87
P00104,168,183,immunotherapy,first_line,9,0.85
P00105,13,20,immunotherapy,first_line,1,0.88
P00105,34,42,immunotherapy,first_line,2,0.92
P00105,42,69,immunotherapy,first_line,3,0.85
P00105,63,88,immunotherapy,first_line,4,0.92
P00105,88,108,immunotherapy,first_line,5,0.88
P00105,106,130,immunotherapy,first_line,6,0.91
P00105,127,151,immunotherapy,first_line,7,0.89
P00105,151,171,immunotherapy,first_line,8,0.86
P00105,176,186,immunotherapy,first_line,9,0.99
P00106,0,24,combination_therapy,first_line,1,0.95
P00106,24,48,combination_therapy,first_line,2,0.83
P00106,49,68,combination_therapy,first_line,3,0.97
P00106,71,85,combination_therapy,first_line,4,0.9
P00106,87,108,combination_therapy,first_line,5,0.98
P00106,108,128,combination_therapy,first_line,6,0.96
P00106,126,149,combination_therapy,first_line,7,0.89
P00106,162,174,combination_therapy,first_line,8,0.8
P00106,170,186,combination_therapy,first_line,9,0.85
P00107,33,47,combination_therapy,first_line,2,0.91
P00107,55,62,combination_therapy,first_line,3,0.93
P00107,71,88,combination_therapy,first_line,4,0.85
P00107,93,106,combination_therapy,first_line,5,0.83
P00107,106,126,combination_therapy,first_line,6,0.97
P00107,130,152,combination_therapy,first_line,7,1.0
P00107,148,173,combination_therapy,first_line,8,0.91
P00107,168,186,combination_therapy,first_line,9,0.83
P00108,8,24,immunotherapy,first_line,1,0.85
P00108,23,47,immunotherapy,first_line,2,0.8
P00108,51,66,immunotherapy,first_line,3,0.98
P00108,66,90,immunotherapy,first_line,4,0.82
P00108,84,109,immunotherapy,first_line,5,0.92
P00108,111,129,immunotherapy,first_line,6,0.85
P00108,127,142,immunotherapy,first_line,7,0.91
P00108,148,172,immunotherapy,first_line,8,0.93
P00108,172,179,immunotherapy,first_line,9,0.97
P00109,20,27,immunotherapy,first_line,1,0.84
P00109,21,47,immunotherapy,first_line,2,0.8
P00109,49,66,immunotherapy,first_line,3,0.83
P00109,70,88,immunotherapy,first_line,4,0.98
P00109,84,106,immunotherapy,first_line,5,0.97
P00109,109,129,immunotherapy,first_line,6,0.92
P00109,136,151,immunotherapy,first_line,7,0.92
P00109,147,160,immunotherapy,first_line,8,0.93
P00109,176,183,immunotherapy,first_line,9,0.84
P00110,1,25,targeted_therapy,first_line,1,0.98
P00110,24,43,targeted_therapy,first_line,2,0.88
P00110,48,55,targeted_therapy,first_line,3,0.88
P00110,76,84,targeted_therapy,first_line,4,0.9
P00110,95,105,targeted_therapy,first_line,5,0.81
P00110,106,126,targeted_therapy,first_line,6,0.83
P00110,126,143,targeted_therapy,first_line,7,0.95
P00110,153,173,targeted_therapy,first_line,8,0.82
P00110,172,184,targeted_therapy,first_line,9,0.92
P00111,4,25,immunotherapy,first_line,1,0.85
P00111,30,38,immunotherapy,first_line,2,0.88
P00111,53,66,immunotherapy,first_line,3,0.86
P00111,89,110,immunotherapy,first_line,5,0.87
P00111,106,130,immunotherapy,first_line,6,0.94
P00111,130,148,immunotherapy,first_line,7,0.86
P00111,152,169,immunotherapy,first_line,8,0.91
P00111,174,183,immunotherapy,first_line,9,0.9
P00112,3,23,targeted_therapy,first_line,1,0.93
P00112,26,46,targeted_therapy,first_line,2,0.99
P00112,56,69,targeted_therapy,first_line,3,0.95
P00112,70,89,targeted_therapy,first_line,4,0.84
P00112,86,103,targeted_therapy,first_line,5,0.81
P00112,115,122,targeted_therapy,first_line,6,0.85
P00112,126,150,targeted_therapy,first_line,7,0.92
P00112,147,170,targeted_therapy,first_line,8,0.81
P00112,174,185,targeted_therapy,first_line,9,0.9
P00113,0,27,immunotherapy,first_line,1,0.92
P00113,23,45,immunotherapy,first_line,2,0.87
P00113,44,59,immunotherapy,first_line,3,0.95
P00113,74,89,immunotherapy,first_line,4,0.82
P00113,91,101,immunotherapy,first_line,5,0.82
P00113,115,131,immunotherapy,first_line,6,0.95
P00113,129,138,immunotherapy,first_line,7,0.9
P00113,148,167,immunotherapy,first_line,8,0.94
P00114,3,26,combination_therapy,first_line,1,0.89
P00114,27,47,combination_therapy,first_line,2,0.85
P00114,43,68,combination_therapy,first_line,3,0.96
P00114,94,111,combination_therapy,first_line,5,0.96
P00114,106,113,combination_therapy,first_line,6,0.94
P00114,127,147,combination_therapy,first_line,7,0.85
P00114,150,172,combination_therapy,first_line,8,0.92
P00114,173,180,combination_therapy,first_line,9,0.87
P00115,3,26,combination_therapy,first_line,1,0.82
P00115,23,48,combination_therapy,first_line,2,0.98
P00115,42,69,combination_therapy,first_line,3,0.83
P00115,67,79,combination_therapy,first_line,4,0.99
P00115,85,92,combination_therapy,first_line,5,0.89
P00115,107,115,combination_therapy,first_line,6,0.84
P00115,128,149,combination_therapy,first_line,7,0.91
P00115,147,172,combination_therapy,first_line,8,0.97
P00115,175,182,combination_therapy,first_line,9,0.95
P00116,13,23,combination_therapy,first_line,1,0.96
P00116,37,48,combination_therapy,first_line,2,0.93
P00116,44,66,combination_therapy,first_line,3,0.94
P00116,75,87,combination_therapy,first_line,4,0.97
P00116,92,111,combination_therapy,first_line,5,0.85
P00116,109,128,combination_therapy,first_line,6,0.9
P00116,131,153,combination_therapy,first_line,7,0.84
P00116,147,170,combination_therapy,first_line,8,1.0
P00116,172,179,combination_therapy,first_line,9,0.99
P00117,4,26,chemotherapy,first_line,1,0.81
P00117,22,48,chemotherapy,first_line,2,0.94
P00117,51,69,chemotherapy,first_line,3,0.99
P00117,72,79,chemotherapy,first_line,4,0.84
P00117,87,109,chemotherapy,first_line,5,0.91
P00117,105,120,chemotherapy,first_line,6,0.98
P00117,131,153,chemotherapy,first_line,7,0.81
P00117,151,164,chemotherapy,first_line,8,0.94
P00118,8,22,immunotherapy,first_line,1,0.86
P00118,31,48,immunotherapy,first_line,2,0.98
P00118,45,64,immunotherapy,first_line,3,0.99
P00118,63,85,immunotherapy,first_line,4,0.99
P00118,98,105,immunotherapy,first_line,5,0.89
P00118,110,130,immunotherapy,first_line,6,0.97
P00118,135,151,immunotherapy,first_line,7,0.97
P00118,152,169,immunotherapy,first_line,8,0.86
P00118,169,179,immunotherapy,first_line,9,0.97
P00119,4,11,chemotherapy,first_line,1,0.81
P00119,22,34,chemotherapy,first_line,2,0.92
P00119,43,69,chemotherapy,first_line,3,0.85
P00119,66,88,chemotherapy,first_line,4,0.82
P00119,84,110,chemotherapy,first_line,5,0.82
P00119,107,126,chemotherapy,first_line,6,0.94
P00119,132,149,chemotherapy,first_line,7,0.87
P00119,155,172,chemotherapy,first_line,8,0.94
P00119,173,180,chemotherapy,first_line,9,0.81
P00120,1,22,chemotherapy,first_line,1,0.86
P00120,24,48,chemotherapy,first_line,2,0.91
P00120,48,69,chemotherapy,first_line,3,0.96
P00120,71,86,chemotherapy,first_line,4,0.86
P00120,84,97,chemotherapy,first_line,5,0.93
P00120,110,128,chemotherapy,first_line,6,0.98
P00120,130,151,chemotherapy,first_line,7,0.92
P00120,159,168,chemotherapy,first_line,8,0.85
P00120,179,186,chemotherapy,first_line,9,0.8
P00121,8,25,combination_therapy,first_line,1,0.97
P00121,24,44,combination_therapy,first_line,2,0.8
P00121,57,69,combination_therapy,first_line,3,0.97
P00121,67,88,combination_therapy,first_line,4,0.91
P00121,86,104,combination_therapy,first_line,5,0.99
P00121,107,132,combination_therapy,first_line,6,0.96
P00121,136,144,combination_therapy,first_line,7,1.0
P00121,147,167,combination_therapy,first_line,8,0.87
P00122,5,24,chemotherapy,first_line,1,0.95
P00122,22,47,chemotherapy,first_line,2,0.88
P00122,42,66,chemotherapy,first_line,3,0.9
P00122,63,75,chemotherapy,first_line,4,0.93
P00122,93,107,chemotherapy,first_line,5,0.97
P00122,112,130,chemotherapy,first_line,6,1.0
P00122,137,146,chemotherapy,first_line,7,0.95
P00122,164,173,chemotherapy,first_line,8,0.88
P00122,171,178,chemotherapy,first_line,9,0.88
P00123,9,24,immunotherapy,first_line,1,0.95
P00123,22,44,immunotherapy,first_line,2,0.85
P00123,56,67,immunotherapy,first_line,3,0.82
P00123,65,88,immunotherapy,first_line,4,0.87
P00123,95,102,immunotherapy,first_line,5,0.86
P00123,105,126,immunotherapy,first_line,6,0.86
P00123,141,150,immunotherapy,first_line,7,0.85
P00123,147,173,immunotherapy,first_line,8,0.81
P00123,170,184,immunotherapy,first_line,9,0.8
P00124,4,22,chemotherapy,first_line,1,1.0
P00124,21,40,chemotherapy,first_line,2,0.89
P00124,44,60,chemotherapy,first_line,3,0.88
P00124,64,71,chemotherapy,first_line,4,0.94
P00124,103,110,chemotherapy,first_line,5,0.84
P00124,105,130,chemotherapy,first_line,6,0.99
P00124,135,151,chemotherapy,first_line,7,0.96
P00124,148,172,chemotherapy,first_line,8,0.82
P00124,178,185,chemotherapy,first_line,9,0.88
P00125,34,41,combination_therapy,first_line,2,0.98
P00125,46,69,combination_therapy,first_line,3,0.99
P00125,65,89,combination_therapy,first_line,4,0.89
P00125,87,105,combination_therapy,first_line,5,0.92
P00125,105,132,combination_therapy,first_line,6,0.83
P00125,127,140,combination_therapy,first_line,7,1.0
P00125,152,159,combination_therapy,first_line,8,0.85
P00125,168,185,combination_therapy,first_line,9,0.99
P00126,4,23,immunotherapy,first_line,1,0.93
P00126,22,45,immunotherapy,first_line,2,0.92
P00126,43,69,immunotherapy,first_line,3,0.9
P00126,73,90,immunotherapy,first_line,4,0.85
P00126,93,107,immunotherapy,first_line,5,0.84
P00126,111,131,immunotherapy,first_line,6,0.84
P00126,129,149,immunotherapy,first_line,7,0.84
P00126,149,174,immunotherapy,first_line,8,0.96
P00126,169,178,immunotherapy,first_line,9,0.87
P00127,2,18,targeted_therapy,first_line,1,0.81
P00127,21,31,targeted_therapy,first_line,2,0.99
P00127,45,68,targeted_therapy,first_line,3,0.98
P00127,74,89,targeted_therapy,first_line,4,0.99
P00127,85,93,targeted_therapy,first_line,5,1.0
P00127,119,127,targeted_therapy,first_line,6,0.83
P00127,129,149,targeted_therapy,first_line,7,0.88
P00127,147,169,targeted_therapy,first_line,8,0.95
P00127,176,183,targeted_therapy,first_line,9,0.94
P00128,7,22,targeted_therapy,first_line,1,0.83
P00128,22,40,targeted_therapy,first_line,2,0.96
P00128,42,69,targeted_therapy,first_line,3,0.84
P00128,64,88,targeted_therapy,first_line,4,0.84
P00128,93,106,targeted_therapy,first_line,5,0.91
P00128,112,123,targeted_therapy,first_line,6,0.92
P00128,126,153,targeted_therapy,first_line,7,0.92
P00128,152,159,targeted_therapy,first_line,8,0.82
P00128,178,185,targeted_therapy,first_line,9,0.98
P00129,3,26,combination_therapy,first_line,1,0.85
P00129,26,40,combination_therapy,first_line,2,0.83
P00129,59,66,combination_therapy,first_line,3,0.98
P00129,79,86,combination_therapy,first_line,4,0.99
P00129,86,110,combination_therapy,first_line,5,0.97
P00129,105,126,combination_therapy,first_line,6,0.96
P00129,141,152,combination_therapy,first_line,7,0.93
P00129,149,167,combination_therapy,first_line,8,0.91
P00129,177,184,combination_therapy,first_line,9,0.82
P00130,9,23,combination_therapy,first_line,1,0.88
P00130,23,42,combination_therapy,first_line,2,0.87
P00130,46,64,combination_therapy,first_line,3,0.85
P00130,64,85,combination_therapy,first_line,4,0.94
P00130,90,107,combination_therapy,first_line,5,0.9
P00130,105,129,combination_therapy,first_line,6,0.82
P00130,142,149,combination_therapy,first_line,7,0.84
P00130,150,171,combination_therapy,first_line,8,0.94
P00130,169,176,combination_therapy,first_line,9,0.82
P00131,24,48,chemotherapy,first_line,2,0.97
P00131,45,60,chemotherapy,first_line,3,0.9
P00131,69,87,chemotherapy,first_line,4,0.9
P00131,91,107,chemotherapy,first_line,5,0.92
P00131,107,132,chemotherapy,first_line,6,0.96
P00131,132,151,chemotherapy,first_line,7,0.87
P00131,154,171,chemotherapy,first_line,8,0.94
P00131,177,184,chemotherapy,first_line,9,0.91
P00132,0,27,immunotherapy,first_line,1,0.85
P00132,24,31,immunotherapy,first_line,2,0.98
P00132,51,60,immunotherapy,first_line,3,0.96
P00132,66,90,immunotherapy,first_line,4,0.93
P00132,84,107,immunotherapy,first_line,5,0.97
P00132,106,129,immunotherapy,first_line,6,0.97
P00132,127,149,immunotherapy,first_line,7,0.94
P00132,147,164,immunotherapy,first_line,8,0.97
P00132,168,180,immunotherapy,first_line,9,0.94
P00133,8,25,targeted_therapy,first_line,1,0.94
P00133,21,42,targeted_therapy,first_line,2,0.92
P00133,47,66,targeted_therapy,first_line,3,0.95
P00133,80,88,targeted_therapy,first_line,4,0.83
P00133,105,130,targeted_therapy,first_line,6,0.98
P00133,135,149,targeted_therapy,first_line,7,0.97
P00133,156,170,targeted_therapy,first_line,8,0.81
P00133,170,182,targeted_therapy,first_line,9,0.97
P00134,0,21,combination_therapy,first_line,1,0.83
P00134,40,47,combination_therapy,first_line,2,0.87
P00134,42,67,combination_therapy,first_line,3,0.95
P00134,69,89,combination_therapy,first_line,4,0.83
P00134,84,98,combination_therapy,first_line,5,0.96
P00134,108,132,combination_therapy,first_line,6,0.97
P00134,129,149,combination_therapy,first_line,7,0.9
P00134,147,172,combination_therapy,first_line,8,0.8
P00134,168,179,combination_therapy,first_line,9,0.86
P00135,4,14,chemotherapy,first_line,1,0.92
P00135,32,39,chemotherapy,first_line,2,1.0
P00135,44,67,chemotherapy,first_line,3,0.93
P00135,64,89,chemotherapy,first_line,4,0.85
P00135,87,110,chemotherapy,first_line,5,0.93
P00135,105,124,chemotherapy,first_line,6,0.91
P00135,127,145,chemotherapy,first_line,7,0.96
P00135,147,173,chemotherapy,first_line,8,0.82
P00135,168,183,chemotherapy,first_line,9,0.95
P00136,1,19,immunotherapy,first_line,1,0.91
P00136,21,39,immunotherapy,first_line,2,0.99
P00136,51,61,immunotherapy,first_line,3,0.87
P00136,63,81,immunotherapy,first_line,4,0.93
P00136,96,108,immunotherapy,first_line,5,0.99
P00136,108,131,immunotherapy,first_line,6,0.82
P00136,126,145,immunotherapy,first_line,7,0.99
P00136,156,163,immunotherapy,first_line,8,0.94
P00136,178,185,immunotherapy,first_line,9,0.81
P00137,6,15,targeted_therapy,first_line,1,0.86
P00137,21,39,targeted_therapy,first_line,2,0.94
P00137,48,69,targeted_therapy,first_line,3,0.81
P00137,69,90,targeted_therapy,first_line,4,0.92
P00137,84,105,targeted_therapy,first_line,5,0.87
P00137,105,127,targeted_therapy,first_line,6,0.92
P00137,132,153,targeted_therapy,first_line,7,0.81
P00137,151,167,targeted_therapy,first_line,8,0.97
P00137,173,180,targeted_therapy,first_line,9,0.99
P00138,2,23,immunotherapy,first_line,1,0.99
P00138,23,37,immunotherapy,first_line,2,0.95
P00138,47,61,immunotherapy,first_line,3,0.83
P00138,80,90,immunotherapy,first_line,4,0.95
P00138,93,102,immunotherapy,first_line,5,0.8
P00138,106,132,immunotherapy,first_line,6,0.8
P00138,129,153,immunotherapy,first_line,7,0.86
P00138,153,172,immunotherapy,first_line,8,0.9
P00138,169,183,immunotherapy,first_line,9,0.95
P00139,0,13,immunotherapy,first_line,1,0.94
P00139,32,42,immunotherapy,first_line,2,0.89
P00139,42,58,immunotherapy,first_line,3,0.85
P00139,78,85,immunotherapy,first_line,4,1.0
P00139,84,107,immunotherapy,first_line,5,0.89
P00139,107,126,immunotherapy,first_line,6,0.89
P00139,141,150,immunotherapy,first_line,7,0.83
P00139,150,173,immunotherapy,first_line,8,0.96
P00139,174,181,immunotherapy,first_line,9,0.94
P00140,4,23,targeted_therapy,first_line,1,0.84
P00140,24,48,targeted_therapy,first_line,2,0.82
P00140,42,65,targeted_therapy,first_line,3,0.94
P00140,63,85,targeted_therapy,first_line,4,0.93
P00140,87,110,targeted_therapy,first_line,5,0.85
P00140,105,130,targeted_therapy,first_line,6,0.99
P00140,126,152,targeted_therapy,first_line,7,0.83
P00140,155,162,targeted_therapy,first_line,8,0.89
P00141,1,27,chemotherapy,first_line,1,0.99
P00141,27,47,chemotherapy,first_line,2,0.88
P00141,44,64,chemotherapy,first_line,3,0.93
P00141,65,85,chemotherapy,first_line,4,0.88
P00141,104,111,chemotherapy,first_line,5,0.85
P00141,105,127,chemotherapy,first_line,6,1.0
P00141,138,152,chemotherapy,first_line,7,0.88
P00141,148,166,chemotherapy,first_line,8,0.98
P00141,168,183,chemotherapy,first_line,9,0.85
P00142,11,26,immunotherapy,first_line,1,0.84
P00142,31,38,immunotherapy,first_line,2,0.81
P00142,45,54,immunotherapy,first_line,3,0.93
P00142,64,79,immunotherapy,first_line,4,0.87
P00142,94,110,immunotherapy,first_line,5,0.97
P00142,106,132,immunotherapy,first_line,6,0.89
P00142,131,152,immunotherapy,first_line,7,0.99
P00142,147,168,immunotherapy,first_line,8,0.84
P00142,179,186,immunotherapy,first_line,9,0.97
P00143,1,16,chemotherapy,first_line,1,0.96
P00143,26,33,chemotherapy,first_line,2,0.95
P00143,43,69,chemotherapy,first_line,3,0.97
P00143,65,72,chemotherapy,first_line,4,0.95
P00143,91,111,chemotherapy,first_line,5,0.93
P00143,114,129,chemotherapy,first_line,6,0.83
P00143,130,152,chemotherapy,first_line,7,0.81
P00143,150,173,chemotherapy,first_line,8,0.98
P00143,169,181,chemotherapy,first_line,9,0.92
P00144,0,19,chemotherapy,first_line,1,0.96
P00144,30,47,chemotherapy,first_line,2,0.9
P00144,42,67,chemotherapy,first_line,3,0.82
P00144,69,87,chemotherapy,first_line,4,0.83
P00144,88,109,chemotherapy,first_line,5,0.94
P00144,105,132,chemotherapy,first_line,6,0.89
P00144,142,151,chemotherapy,first_line,7,0.84
P00144,148,170,chemotherapy,first_line,8,0.9
P00144,169,180,chemotherapy,first_line,9,0.81
P00145,0,24,immunotherapy,first_line,1,0.92
P00145,28,45,immunotherapy,first_line,2,0.85
P00145,56,63,immunotherapy,first_line,3,0.96
P00145,67,88,immunotherapy,first_line,4,0.86
P00145,102,109,immunotherapy,first_line,5,0.89
P00145,112,131,immunotherapy,first_line,6,0.8
P00145,130,149,immunotherapy,first_line,7,0.81
P00145,174,181,immunotherapy,first_line,9,0.88
P00146,1,10,chemotherapy,first_line,1,0.9
P00146,22,40,chemotherapy,first_line,2,0.92
P00146,47,67,chemotherapy,first_line,3,0.86
P00146,64,87,chemotherapy,first_line,4,0.94
P00146,84,106,chemotherapy,first_line,5,0.97
P00146,107,132,chemotherapy,first_line,6,0.96
P00146,126,153,chemotherapy,first_line,7,0.81
P00146,151,173,chemotherapy,first_line,8,0.9
P00146,174,185,chemotherapy,first_line,9,0.82
P00147,7,26,chemotherapy,first_line,1,0.85
P00147,23,46,chemotherapy,first_line,2,1.0
P00147,45,59,chemotherapy,first_line,3,0.83
P00147,64,83,chemotherapy,first_line,4,0.9
P00147,85,110,chemotherapy,first_line,5,0.92
P00147,112,129,chemotherapy,first_line,6,0.94
P00147,144,151,chemotherapy,first_line,7,0.91
P00147,157,174,chemotherapy,first_line,8,0.8
P00147,177,186,chemotherapy,first_line,9,0.87
P00148,3,26,targeted_therapy,first_line,1,0.9
P00148,21,46,targeted_therapy,first_line,2,0.82
P00148,74,90,targeted_therapy,first_line,4,0.87
P00148,85,102,targeted_therapy,first_line,5,0.81
P00148,112,127,targeted_therapy,first_line,6,0.82
P00148,126,153,targeted_therapy,first_line,7,0.88
P00148,148,174,targeted_therapy,first_line,8,0.83
P00149,5,19,chemotherapy,first_line,1,0.91
P00149,32,42,chemotherapy,first_line,2,0.94
P00149,46,63,chemotherapy,first_line,3,0.96
P00149,68,87,chemotherapy,first_line,4,0.84
P00149,88,109,chemotherapy,first_line,5,0.83
P00149,107,128,chemotherapy,first_line,6,0.82
P00149,140,147,chemotherapy,first_line,7,0.93
P00149,158,174,chemotherapy,first_line,8,0.94
P00149,170,181,chemotherapy,first_line,9,0.81
P00150,2,27,combination_therapy,first_line,1,0.99
P00150,25,42,combination_therapy,first_line,2,0.81
P00150,42,64,combination_therapy,first_line,3,0.91
P00150,80,90,combination_therapy,first_line,4,0.94
P00150,84,104,combination_therapy,first_line,5,0.97
P00150,115,129,combination_therapy,first_line,6,0.94
P00150,134,151,combination_therapy,first_line,7,0.96
P00150,154,171,combination_therapy,first_line,8,0.87
P00150,176,185,combination_therapy,first_line,9,0.96
P00151,12,25,targeted_therapy,first_line,1,0.82
P00151,23,48,targeted_therapy,first_line,2,0.98
P00151,43,61,targeted_therapy,first_line,3,0.91
P00151,72,84,targeted_therapy,first_line,4,0.96
P00151,88,111,targeted_therapy,first_line,5,0.89
P00151,105,131,targeted_therapy,first_line,6,0.93
P00151,132,149,targeted_therapy,first_line,7,0.91
P00151,148,157,targeted_therapy,first_line,8,0.95
P00151,171,183,targeted_therapy,first_line,9,0.82
P00152,7,18,combination_therapy,first_line,1,0.81
P00152,22,44,combination_therapy,first_line,2,0.85
P00152,50,69,combination_therapy,first_line,3,0.83
P00152,75,89,combination_therapy,first_line,4,0.97
P00152,88,104,combination_therapy,first_line,5,0.84
P00152,113,120,combination_therapy,first_line,6,1.0
P00152,133,148,combination_therapy,first_line,7,0.87
P00152,152,174,combination_therapy,first_line,8,0.84
P00152,172,179,combination_therapy,first_line,9,0.96
P00153,5,27,combination_therapy,first_line,1,0.93
P00153,26,46,combination_therapy,first_line,2,0.9
P00153,45,65,combination_therapy,first_line,3,0.91
P00153,69,88,combination_therapy,first_line,4,0.94
P00153,84,91,combination_therapy,first_line,5,0.85
P00153,117,131,combination_therapy,first_line,6,1.0
P00153,128,151,combination_therapy,first_line,7,0.99
P00153,147,172,combination_therapy,first_line,8,0.93
P00153,173,186,combination_therapy,first_line,9,0.84
P00154,7,22,chemotherapy,first_line,1,0.94
P00154,24,33,chemotherapy,first_line,2,0.81
P00154,44,66,chemotherapy,first_line,3,0.81
P00154,65,88,chemotherapy,first_line,4,0.85
P00154,91,108,chemotherapy,first_line,5,0.89
P00154,105,120,chemotherapy,first_line,6,0.97
P00154,135,142,chemotherapy,first_line,7,0.95
P00154,153,162,chemotherapy,first_line,8,0.95
P00154,176,186,chemotherapy,first_line,9,0.89
P00155,6,27,combination_therapy,first_line,1,0.87
P00155,27,46,combination_therapy,first_line,2,0.87
P00155,43,64,combination_therapy,first_line,3,1.0
P00155,66,87,combination_therapy,first_line,4,0.81
P00155,87,111,combination_therapy,first_line,5,0.97
P00155,111,131,combination_therapy,first_line,6,0.92
P00155,127,144,combination_therapy,first_line,7,0.89
P00155,153,171,combination_therapy,first_line,8,0.95
P00155,171,181,combination_therapy,first_line,9,0.9
P00156,10,21,targeted_therapy,first_line,1,0.97
P00156,21,47,targeted_therapy,first_line,2,0.98
P00156,42,69,targeted_therapy,first_line,3,0.88
P00156,64,88,targeted_therapy,first_line,4,0.86
P00156,95,110,targeted_therapy,first_line,5,0.92
P00156,107,115,targeted_therapy,first_line,6,0.98
P00156,136,149,targeted_therapy,first_line,7,0.84
P00156,154,165,targeted_therapy,first_line,8,0.92
P00156,177,184,targeted_therapy,first_line,9,0.93
P00157,0,26,immunotherapy,first_line,1,0.95
P00157,23,45,immunotherapy,first_line,2,0.83
P00157,43,59,immunotherapy,first_line,3,0.94
P00157,64,90,immunotherapy,first_line,4,0.98
P00157,90,111,immunotherapy,first_line,5,0.84
P00157,114,121,immunotherapy,first_line,6,0.85
P00157,129,146,immunotherapy,first_line,7,0.99
P00157,147,166,immunotherapy,first_line,8,0.84
P00157,169,176,immunotherapy,first_line,9,0.97
P00158,0,7,chemotherapy,first_line,1,0.9
P00158,47,66,chemotherapy,first_line,3,0.85
P00158,64,87,chemotherapy,first_line,4,0.97
P00158,86,111,chemotherapy,first_line,5,0.89
P00158,108,128,chemotherapy,first_line,6,0.9
P00158,126,153,chemotherapy,first_line,7,0.87
P00158,151,170,chemotherapy,first_line,8,0.92
P00158,173,180,chemotherapy,first_line,9,0.83
P00159,21,45,combination_therapy,first_line,2,0.88
P00159,52,61,combination_therapy,first_line,3,0.99
P00159,68,89,combination_therapy,first_line,4,0.85
P00159,86,109,combination_therapy,first_line,5,0.93
P00159,109,126,combination_therapy,first_line,6,0.87
P00159,128,135,combination_therapy,first_line,7,0.95
P00159,157,172,combination_therapy,first_line,8,0.83
P00159,170,177,combination_therapy,first_line,9,0.99
P00160,1,25,combination_therapy,first_line,1,0.89
P00160,26,38,combination_therapy,first_line,2,0.85
P00160,42,69,combination_therapy,first_line,3,0.81
P00160,63,86,combination_therapy,first_line,4,0.83
P00160,93,107,combination_therapy,first_line,5,0.9
P00160,107,132,combination_therapy,first_line,6,0.87
P00160,126,138,combination_therapy,first_line,7,0.97
P00160,154,172,combination_therapy,first_line,8,0.89
P00160,171,182,combination_therapy,first_line,9,0.85
P00161,6,27,immunotherapy,first_line,1,0.92
P00161,30,45,immunotherapy,first_line,2,0.94
P00161,42,60,immunotherapy,first_line,3,0.83
P00161,64,79,immunotherapy,first_line,4,0.83
P00161,86,111,immunotherapy,first_line,5,0.81
P00161,115,132,immunotherapy,first_line,6,0.95
P00161,130,152,immunotherapy,first_line,7,0.93
P00161,149,172,immunotherapy,first_line,8,0.89
P00162,0,20,chemotherapy,first_line,1,0.97
P00162,29,46,chemotherapy,first_line,2,0.96
P00162,54,65,chemotherapy,first_line,3,0.92
P00162,67,90,chemotherapy,first_line,4,0.97
P00162,88,95,chemotherapy,first_line,5,0.84
P00162,122,129,chemotherapy,first_line,6,0.82
P00162,134,144,chemotherapy,first_line,7,0.85
P00162,156,174,chemotherapy,first_line,8,0.81
P00162,170,184,chemotherapy,first_line,9,0.91
P00163,6,23,chemotherapy,first_line,1,0.99
P00163,21,48,chemotherapy,first_line,2,0.81
P00163,51,68,chemotherapy,first_line,3,0.82
P00163,63,85,chemotherapy,first_line,4,0.89
P00163,86,104,chemotherapy,first_line,5,0.99
P00163,110,129,chemotherapy,first_line,6,0.86
P00163,128,135,chemotherapy,first_line,7,0.9
P00163,149,161,chemotherapy,first_line,8,0.81
P00163,175,185,chemotherapy,first_line,9,0.83
P00164,8,18,chemotherapy,first_line,1,1.0
P00164,22,46,chemotherapy,first_line,2,0.99
P00164,65,88,chemotherapy,first_line,4,0.8
P00164,85,99,chemotherapy,first_line,5,0.99
P00164,105,126,chemotherapy,first_line,6,0.93
P00164,151,160,chemotherapy,first_line,8,0.97
P00164,176,183,chemotherapy,first_line,9,0.89
P00165,0,25,targeted_therapy,first_line,1,0.9
P00165,24,31,targeted_therapy,first_line,2,0.9
P00165,62,69,targeted_therapy,first_line,3,0.93
P00165,66,88,targeted_therapy,first_line,4,0.83
P00165,88,107,targeted_therapy,first_line,5,0.81
P00165,107,121,targeted_therapy,first_line,6,0.86
P00165,130,153,targeted_therapy,first_line,7,0.94
P00165,151,158,targeted_therapy,first_line,8,0.84
P00166,7,27,immunotherapy,first_line,1,0.93
P00166,32,46,immunotherapy,first_line,2,0.99
P00166,43,59,immunotherapy,first_line,3,0.82
P00166,67,89,immunotherapy,first_line,4,0.93
P00166,88,106,immunotherapy,first_line,5,0.89
P00166,109,129,immunotherapy,first_line,6,0.97
P00166,126,146,immunotherapy,first_line,7,0.84
P00166,149,163,immunotherapy,first_line,8,0.94
P00166,172,179,immunotherapy,first_line,9,0.97
P00167,0,18,targeted_therapy,first_line,1,0.99
P00167,29,36,targeted_therapy,first_line,2,0.94
P00167,44,65,targeted_therapy,first_line,3,0.9
P00167,66,87,targeted_therapy,first_line,4,0.92
P00167,85,109,targeted_therapy,first_line,5,0.97
P00167,107,131,targeted_therapy,first_line,6,0.91
P00167,142,152,targeted_therapy,first_line,7,0.81
P00167,150,173,targeted_therapy,first_line,8,0.99
P00167,175,182,targeted_therapy,first_line,9,0.94
P00168,11,24,targeted_therapy,first_line,1,0.94
P00168,25,47,targeted_therapy,first_line,2,0.84
P00168,52,69,targeted_therapy,first_line,3,0.93
P00168,72,79,targeted_therapy,first_line,4,0.88
P00168,84,106,targeted_therapy,first_line,5,0.93
P00168,105,131,targeted_therapy,first_line,6,0.82
P00168,129,150,targeted_therapy,first_line,7,0.93
P00168,147,173,targeted_therapy,first_line,8,1.0
P00168,175,182,targeted_therapy,first_line,9,0.81
P00169,4,27,targeted_therapy,first_line,1,1.0
P00169,25,42,targeted_therapy,first_line,2,0.88
P00169,53,69,targeted_therapy,first_line,3,0.97
P00169,64,84,targeted_therapy,first_line,4,0.96
P00169,84,111,targeted_therapy,first_line,5,0.91
P00169,115,123,targeted_therapy,first_line,6,0.95
P00169,127,146,targeted_therapy,first_line,7,0.98
P00169,153,171,targeted_therapy,first_line,8,0.88
P00169,170,186,targeted_therapy,first_line,9,0.87
P00170,3,26,targeted_therapy,first_line,1,0.93
P00170,28,46,targeted_therapy,first_line,2,0.96
P00170,44,68,targeted_therapy,first_line,3,0.95
P00170,64,90,targeted_therapy,first_line,4,0.96
P00170,85,105,targeted_therapy,first_line,5,0.89
P00170,106,126,targeted_therapy,first_line,6,0.96
P00170,127,152,targeted_therapy,first_line,7,0.82
P00170,151,162,targeted_therapy,first_line,8,0.91
P00170,173,180,targeted_therapy,first_line,9,0.8
P00171,1,27,combination_therapy,first_line,1,0.86
P00171,24,48,combination_therapy,first_line,2,0.87
P00171,56,69,combination_therapy,first_line,3,0.88
P00171,65,82,combination_therapy,first_line,4,0.94
P00171,87,110,combination_therapy,first_line,5,0.88
P00171,111,118,combination_therapy,first_line,6,0.89
P00171,127,147,combination_therapy,first_line,7,0.85
P00171,151,173,combination_therapy,first_line,8,0.87
P00171,168,186,combination_therapy,first_line,9,0.85
P00172,3,26,targeted_therapy,first_line,1,0.81
P00172,22,41,targeted_therapy,first_line,2,0.92
P00172,48,68,targeted_therapy,first_line,3,0.93
P00172,80,87,targeted_therapy,first_line,4,0.92
P00172,85,99,targeted_therapy,first_line,5,0.89
P00172,114,127,targeted_therapy,first_line,6,0.88
P00172,131,151,targeted_therapy,first_line,7,0.97
P00172,149,169,targeted_therapy,first_line,8,0.9
P00172,168,175,targeted_therapy,first_line,9,0.9
P00173,2,25,chemotherapy,first_line,1,0.81
P00173,26,48,chemotherapy,first_line,2,0.87
P00173,43,64,chemotherapy,first_line,3,0.88
P00173,64,71,chemotherapy,first_line,4,0.88
P00173,86,106,chemotherapy,first_line,5,0.92
P00173,107,127,chemotherapy,first_line,6,0.91
P00173,143,150,chemotherapy,first_line,7,0.92
P00173,148,168,chemotherapy,first_line,8,0.95
P00173,173,181,chemotherapy,first_line,9,0.96
P00174,3,27,immunotherapy,first_line,1,0.94
P00174,21,46,immunotherapy,first_line,2,0.99
P00174,45,63,immunotherapy,first_line,3,0.8
P00174,66,89,immunotherapy,first_line,4,0.84
P00174,86,99,immunotherapy,first_line,5,0.8
P00174,112,132,immunotherapy,first_line,6,0.93
P00174,130,147,immunotherapy,first_line,7,0.98
P00174,151,174,immunotherapy,first_line,8,0.85
P00174,169,184,immunotherapy,first_line,9,0.99
P00175,11,25,immunotherapy,first_line,1,0.81
P00175,27,34,immunotherapy,first_line,2,0.99
P00175,49,62,immunotherapy,first_line,3,0.87
P00175,71,89,immunotherapy,first_line,4,0.82
P00175,98,105,immunotherapy,first_line,5,0.9
P00175,110,129,immunotherapy,first_line,6,0.85
P00175,137,153,immunotherapy,first_line,7,0.86
P00175,161,173,immunotherapy,first_line,8,0.86
P00175,173,181,immunotherapy,first_line,9,0.96
P00176,5,26,combination_therapy,first_line,1,0.91
P00176,22,46,combination_therapy,first_line,2,0.86
P00176,43,61,combination_therapy,first_line,3,0.92
P00176,64,84,combination_therapy,first_line,4,0.94
P00176,84,104,combination_therapy,first_line,5,0.85
P00176,109,122,combination_therapy,first_line,6,0.88
P00176,135,152,combination_therapy,first_line,7,0.82
P00176,148,170,combination_therapy,first_line,8,0.84
P00176,170,185,combination_therapy,first_line,9,0.94
P00177,2,17,chemotherapy,first_line,1,0.84
P00177,27,46,chemotherapy,first_line,2,0.91
P00177,56,63,chemotherapy,first_line,3,0.94
P00177,67,88,chemotherapy,first_line,4,0.82
P00177,93,104,chemotherapy,first_line,5,0.91
P00177,120,131,chemotherapy,first_line,6,0.85
P00177,128,141,chemotherapy,first_line,7,0.99
P00177,149,165,chemotherapy,first_line,8,0.9
P00177,168,175,chemotherapy,first_line,9,0.96
P00178,0,21,combination_therapy,first_line,1,0.91
P00178,32,48,combination_therapy,first_line,2,0.81
P00178,59,68,combination_therapy,first_line,3,0.93
P00178,68,90,combination_therapy,first_line,4,0.99
P00178,92,110,combination_therapy,first_line,5,0.92
P00178,106,126,combination_therapy,first_line,6,0.96
P00178,128,153,combination_therapy,first_line,7,0.98
P00178,150,171,combination_therapy,first_line,8,0.85
P00178,168,186,combination_therapy,first_line,9,0.84
P00179,1,21,immunotherapy,first_line,1,0.92
P00179,22,47,immunotherapy,first_line,2,0.88
P00179,50,65,immunotherapy,first_line,3,0.97
P00179,92,111,immunotherapy,first_line,5,0.98
P00179,106,113,immunotherapy,first_line,6,0.87
P00179,126,152,immunotherapy,first_line,7,0.85
P00179,151,172,immunotherapy,first_line,8,0.96
P00179,175,186,immunotherapy,first_line,9,0.85
P00180,2,23,chemotherapy,first_line,1,0.96
P00180,21,40,chemotherapy,first_line,2,0.88
P00180,46,67,chemotherapy,first_line,3,0.93
P00180,63,89,chemotherapy,first_line,4,0.82
P00180,86,108,chemotherapy,first_line,5,0.92
P00180,106,127,chemotherapy,first_line,6,0.89
P00180,139,153,chemotherapy,first_line,7,0.92
P00181,1,25,chemotherapy,first_line,1,0.83
P00181,21,46,chemotherapy,first_line,2,0.95
P00181,42,67,chemotherapy,first_line,3,0.97
P00181,67,83,chemotherapy,first_line,4,0.84
P00181,102,109,chemotherapy,first_line,5,0.82
P00181,111,118,chemotherapy,first_line,6,0.8
P00181,139,152,chemotherapy,first_line,7,0.93
P00181,175,185,chemotherapy,first_line,9,0.92
P00182,19,26,chemotherapy,first_line,1,0.91
P00182,30,43,chemotherapy,first_line,2,0.85
P00182,54,61,chemotherapy,first_line,3,0.88
P00182,63,87,chemotherapy,first_line,4,0.92
P00182,85,92,chemotherapy,first_line,5,0.9
P00182,112,129,chemotherapy,first_line,6,1.0
P00182,136,144,chemotherapy,first_line,7,0.83
P00182,147,162,chemotherapy,first_line,8,0.94
P00182,169,185,chemotherapy,first_line,9,0.88
P00183,2,18,immunotherapy,first_line,1,0.89
P00183,25,45,immunotherapy,first_line,2,0.94
P00183,43,67,immunotherapy,first_line,3,0.94
P00183,66,83,immunotherapy,first_line,4,1.0
P00183,87,110,immunotherapy,first_line,5,0.83
P00183,106,130,immunotherapy,first_line,6,0.82
P00183,126,151,immunotherapy,first_line,7,0.94
P00183,148,172,immunotherapy,first_line,8,0.92
P00183,169,178,immunotherapy,first_line,9,0.85
P00184,4,20,immunotherapy,first_line,1,0.82
P00184,27,43,immunotherapy,first_line,2,0.82
P00184,46,66,immunotherapy,first_line,3,0.98
P00184,64,85,immunotherapy,first_line,4,0.84
P00184,84,94,immunotherapy,first_line,5,0.86
P00184,111,132,immunotherapy,first_line,6,0.85
P00184,127,152,immunotherapy,first_line,7,0.87
P00184,149,172,immunotherapy,first_line,8,0.81
P00184,169,176,immunotherapy,first_line,9,0.9
P00185,5,20,targeted_therapy,first_line,1,0.81
P00185,21,47,targeted_therapy,first_line,2,0.96
P00185,52,68,targeted_therapy,first_line,3,0.85
P00185,65,87,targeted_therapy,first_line,4,0.91
P00185,86,105,targeted_therapy,first_line,5,0.98
P00185,105,113,targeted_therapy,first_line,6,0.93
P00185,130,148,targeted_therapy,first_line,7,0.91
P00185,155,170,targeted_therapy,first_line,8,0.86
P00185,176,184,targeted_therapy,first_line,9,0.87
P00186,3,22,chemotherapy,first_line,1,0.93
P00186,26,43,chemotherapy,first_line,2,1.0
P00186,56,63,chemotherapy,first_line,3,0.93
P00186,77,88,chemotherapy,first_line,4,0.91
P00186,87,110,chemotherapy,first_line,5,0.95
P00186,109,129,chemotherapy,first_line,6,0.89
P00186,127,153,chemotherapy,first_line,7,0.81
P00186,150,167,chemotherapy,first_line,8,0.91
P00186,172,179,chemotherapy,first_line,9,0.99
P00187,1,23,combination_therapy,first_line,1,0.84
P00187,21,44,combination_therapy,first_line,2,0.94
P00187,48,66,combination_therapy,first_line,3,0.84
P00187,65,89,combination_therapy,first_line,4,0.91
P00187,85,100,combination_therapy,first_line,5,0.82
P00187,105,132,combination_therapy,first_line,6,0.89
P00187,129,144,combination_therapy,first_line,7,0.95
P00187,149,157,combination_therapy,first_line,8,0.87
P00187,170,181,combination_therapy,first_line,9,0.93
P00188,3,20,combination_therapy,first_line,1,0.96
P00188,21,46,combination_therapy,first_line,2,0.99
P00188,42,69,combination_therapy,first_line,3,0.85
P00188,64,79,combination_therapy,first_line,4,0.88
P00188,90,97,combination_therapy,first_line,5,0.83
P00188,115,132,combination_therapy,first_line,6,1.0
P00188,133,150,combination_therapy,first_line,7,0.99
P00188,151,170,combination_therapy,first_line,8,0.91
P00188,169,185,combination_therapy,first_line,9,0.97
P00189,0,27,chemotherapy,first_line,1,0.9
P00189,30,45,chemotherapy,first_line,2,0.92
P00189,43,68,chemotherapy,first_line,3,0.82
P00189,63,84,chemotherapy,first_line,4,0.95
P00189,88,110,chemotherapy,first_line,5,0.83
P00189,105,116,chemotherapy,first_line,6,0.97
P00189,143,150,chemotherapy,first_line,7,0.96
P00189,147,173,chemotherapy,first_line,8,0.94
P00189,168,184,chemotherapy,first_line,9,0.81
P00191,2,20,combination_therapy,first_line,1,0.92
P00191,22,45,combination_therapy,first_line,2,0.9
P00191,58,68,combination_therapy,first_line,3,0.98
P00191,63,88,combination_therapy,first_line,4,0.9
P00191,85,110,combination_therapy,first_line,5,1.0
P00191,107,117,combination_therapy,first_line,6,0.97
P00191,134,145,combination_therapy,first_line,7,0.84
P00191,152,172,combination_therapy,first_line,8,0.99
P00191,170,184,combination_therapy,first_line,9,0.82
P00192,4,27,immunotherapy,first_line,1,0.96
P00192,23,41,immunotherapy,first_line,2,0.88
P00192,44,69,immunotherapy,first_line,3,0.98
P00192,73,81,immunotherapy,first_line,4,0.97
P00192,87,111,immunotherapy,first_line,5,0.96
P00192,105,128,immunotherapy,first_line,6,0.96
P00192,128,150,immunotherapy,first_line,7,0.86
P00192,165,172,immunotherapy,first_line,8,0.82
P00192,169,176,immunotherapy,first_line,9,0.88
P00193,3,19,immunotherapy,first_line,1,0.83
P00193,21,45,immunotherapy,first_line,2,0.94
P00193,45,69,immunotherapy,first_line,3,0.87
P00193,69,90,immunotherapy,first_line,4,1.0
P00193,86,108,immunotherapy,first_line,5,0.93
P00193,105,130,immunotherapy,first_line,6,0.96
P00193,129,150,immunotherapy,first_line,7,0.83
P00193,149,163,immunotherapy,first_line,8,0.97
P00193,168,175,immunotherapy,first_line,9,0.98
P00194,7,23,combination_therapy,first_line,1,0.9
P00194,26,43,combination_therapy,first_line,2,0.92
P00194,42,67,combination_therapy,first_line,3,0.95
P00194,63,70,combination_therapy,first_line,4,0.83
P00194,84,100,combination_therapy,first_line,5,0.9
P00194,108,124,combination_therapy,first_line,6,0.88
P00194,135,152,combination_therapy,first_line,7,0.83
P00194,153,168,combination_therapy,first_line,8,0.87
P00194,169,186,combination_therapy,first_line,9,0.81
P00195,7,19,combination_therapy,first_line,1,0.81
P00195,26,37,combination_therapy,first_line,2,0.83
P00195,49,66,combination_therapy,first_line,3,0.99
P00195,66,84,combination_therapy,first_line,4,0.91
P00195,99,106,combination_therapy,first_line,5,0.99
P00195,105,127,combination_therapy,first_line,6,0.89
P00195,126,141,combination_therapy,first_line,7,0.86
P00195,147,172,combination_therapy,first_line,8,0.9
P00195,170,184,combination_therapy,first_line,9,0.89
P00196,7,24,targeted_therapy,first_line,1,0.82
P00196,27,34,targeted_therapy,first_line,2,0.93
P00196,46,60,targeted_therapy,first_line,3,0.84
P00196,67,89,targeted_therapy,first_line,4,0.92
P00196,85,111,targeted_therapy,first_line,5,0.93
P00196,117,129,targeted_therapy,first_line,6,0.83
P00196,154,163,targeted_therapy,first_line,8,0.81
P00196,168,181,targeted_therapy,first_line,9,0.96
P00197,7,26,chemotherapy,first_line,1,0.89
P00197,29,48,chemotherapy,first_line,2,0.81
P00197,51,58,chemotherapy,first_line,3,1.0
P00197,71,78,chemotherapy,first_line,4,0.81
P00197,94,111,chemotherapy,first_line,5,0.94
P00197,105,128,chemotherapy,first_line,6,1.0
P00197,126,153,chemotherapy,first_line,7,0.85
P00197,151,169,chemotherapy,first_line,8,0.83
P00197,168,183,chemotherapy,first_line,9,0.82
P00198,1,26,targeted_therapy,first_line,1,0.86
P00198,31,46,targeted_therapy,first_line,2,0.82
P00198,45,67,targeted_therapy,first_line,3,0.94
P00198,64,85,targeted_therapy,first_line,4,0.81
P00198,84,91,targeted_therapy,first_line,5,0.9
P00198,109,130,targeted_therapy,first_line,6,1.0
P00198,131,149,targeted_therapy,first_line,7,0.96
P00198,152,173,targeted_therapy,first_line,8,0.92
P00198,176,183,targeted_therapy,first_line,9,0.86
P00199,0,26,immunotherapy,first_line,1,0.92
P00199,22,41,immunotherapy,first_line,2,0.91
P00199,42,57,immunotherapy,first_line,3,0.89
P00199,67,81,immunotherapy,first_line,4,0.83
P00199,100,109,immunotherapy,first_line,5,0.98
P00199,111,125,immunotherapy,first_line,6,0.89
P00199,133,140,immunotherapy,first_line,7,0.84
P00199,159,171,immunotherapy,first_line,8,0.87
P00199,175,182,immunotherapy,first_line,9,0.88
P00200,0,26,combination_therapy,first_line,1,0.97
P00200,24,40,combination_therapy,first_line,2,0.95
P00200,49,62,combination_therapy,first_line,3,0.95
P00200,64,88,combination_therapy,first_line,4,0.8
P00200,87,111,combination_therapy,first_line,5,0.88
P00200,106,132,combination_therapy,first_line,6,0.9
P00200,128,149,combination_therapy,first_line,7,0.8
P00200,148,174,combination_therapy,first_line,8,0.85
P00200,169,184,combination_therapy,first_line,9,0.95
P00201,15,26,immunotherapy,first_line,1,0.83
P00201,34,41,immunotherapy,first_line,2,0.91
P00201,60,67,immunotherapy,first_line,3,0.84
P00201,63,90,immunotherapy,first_line,4,0.8
P00201,98,110,immunotherapy,first_line,5,0.85
P00201,108,130,immunotherapy,first_line,6,1.0
P00201,127,136,immunotherapy,first_line,7,0.96
P00201,147,166,immunotherapy,first_line,8,0.99
P00201,169,182,immunotherapy,first_line,9,0.9
P00202,8,19,immunotherapy,first_line,1,0.82
P00202,25,46,immunotherapy,first_line,2,0.91
P00202,45,64,immunotherapy,first_line,3,0.89
P00202,69,87,immunotherapy,first_line,4,0.97
P00202,88,108,immunotherapy,first_line,5,0.82
P00202,105,130,immunotherapy,first_line,6,0.9
P00202,131,149,immunotherapy,first_line,7,0.83
P00202,151,167,immunotherapy,first_line,8,0.86
P00202,177,184,immunotherapy,first_line,9,0.95
P00203,16,27,chemotherapy,first_line,1,0.9
P00203,21,36,chemotherapy,first_line,2,0.88
P00203,46,67,chemotherapy,first_line,3,0.88
P00203,72,86,chemotherapy,first_line,4,0.89
P00203,84,108,chemotherapy,first_line,5,0.96
P00203,107,129,chemotherapy,first_line,6,0.98
P00203,126,149,chemotherapy,first_line,7,0.99
P00203,149,168,chemotherapy,first_line,8,0.96
P00204,0,25,targeted_therapy,first_line,1,0.86
P00204,27,43,targeted_therapy,first_line,2,0.94
P00204,42,66,targeted_therapy,first_line,3,0.89
P00204,63,79,targeted_therapy,first_line,4,0.85
P00204,91,106,targeted_therapy,first_line,5,0.97
P00204,112,123,targeted_therapy,first_line,6,0.81
P00204,130,141,targeted_therapy,first_line,7,0.98
P00204,150,157,targeted_therapy,first_line,8,0.89
P00204,169,182,targeted_therapy,first_line,9,0.93
P00205,2,24,chemotherapy,first_line,1,0.93
P00205,28,47,chemotherapy,first_line,2,0.98
P00205,44,59,chemotherapy,first_line,3,0.93
P00205,70,90,chemotherapy,first_line,4,0.92
P00205,86,103,chemotherapy,first_line,5,0.81
P00205,106,131,chemotherapy,first_line,6,0.9
P00205,134,153,chemotherapy,first_line,7,0.83
P00205,159,173,chemotherapy,first_line,8,0.95
P00205,178,186,chemotherapy,first_line,9,0.9
P00206,31,46,chemotherapy,first_line,2,0.94
P00206,43,66,chemotherapy,first_line,3,0.81
P00206,68,83,chemotherapy,first_line,4,0.82
P00206,90,109,chemotherapy,first_line,5,0.94
P00206,111,132,chemotherapy,first_line,6,0.81
P00206,127,150,chemotherapy,first_line,7,0.81
P00206,148,159,chemotherapy,first_line,8,0.8
P00206,178,185,chemotherapy,first_line,9,0.99
P00207,11,26,targeted_therapy,first_line,1,0.95
P00207,40,47,targeted_therapy,first_line,2,0.87
P00207,42,63,targeted_therapy,first_line,3,0.86
P00207,69,90,targeted_therapy,first_line,4,0.87
P00207,84,111,targeted_therapy,first_line,5,0.95
P00207,109,125,targeted_therapy,first_line,6,0.93
P00207,139,146,targeted_therapy,first_line,7,0.84
P00207,147,172,targeted_therapy,first_line,8,0.83
P00207,170,178,targeted_therapy,first_line,9,0.82
P00208,15,27,combination_therapy,first_line,1,0.93
P00208,24,47,combination_therapy,first_line,2,0.95
P00208,42,68,combination_therapy,first_line,3,0.85
P00208,65,88,combination_therapy,first_line,4,0.8
P00208,85,109,combination_therapy,first_line,5,0.82
P00208,111,132,combination_therapy,first_line,6,0.99
P00208,133,149,combination_therapy,first_line,7,0.86
P00208,152,160,combination_therapy,first_line,8,0.95
P00208,169,176,combination_therapy,first_line,9,0.92
P00209,10,17,immunotherapy,first_line,1,0.88
P00209,26,43,immunotherapy,first_line,2,0.84
P00209,42,63,immunotherapy,first_line,3,0.82
P00209,63,82,immunotherapy,first_line,4,0.92
P00209,89,110,immunotherapy,first_line,5,0.95
P00209,109,125,immunotherapy,first_line,6,0.93
P00209,129,151,immunotherapy,first_line,7,0.91
P00209,160,170,immunotherapy,first_line,8,0.81
P00209,169,185,immunotherapy,first_line,9,0.99
P00210,2,17,immunotherapy,first_line,1,0.96
P00210,23,48,immunotherapy,first_line,2,0.86
P00210,62,69,immunotherapy,first_line,3,1.0
P00210,67,88,immunotherapy,first_line,4,0.92
P00210,85,111,immunotherapy,first_line,5,0.92
P00210,113,131,immunotherapy,first_line,6,0.95
P00210,126,153,immunotherapy,first_line,7,0.96
P00210,149,174,immunotherapy,first_line,8,0.93
P00210,171,185,immunotherapy,first_line,9,0.83
P00211,6,24,combination_therapy,first_line,1,0.87
P00211,36,46,combination_therapy,first_line,2,0.99
P00211,51,66,combination_therapy,first_line,3,0.84
P00211,64,89,combination_therapy,first_line,4,0.87
P00211,85,110,combination_therapy,first_line,5,0.89
P00211,108,128,combination_therapy,first_line,6,0.89
P00211,126,153,combination_therapy,first_line,7,0.92
P00211,166,173,combination_therapy,first_line,8,0.99
P00211,168,183,combination_therapy,first_line,9,0.85
P00212,3,10,chemotherapy,first_line,1,0.82
P00212,22,43,chemotherapy,first_line,2,0.84
P00212,42,68,chemotherapy,first_line,3,0.98
P00212,67,79,chemotherapy,first_line,4,0.93
P00212,85,108,chemotherapy,first_line,5,0.86
P00212,108,129,chemotherapy,first_line,6,0.96
P00212,129,143,chemotherapy,first_line,7,0.97
P00212,147,171,chemotherapy,first_line,8,0.97
P00212,170,177,chemotherapy,first_line,9,0.98
P00213,10,26,immunotherapy,first_line,1,0.85
P00213,25,47,immunotherapy,first_line,2,0.95
P00213,55,67,immunotherapy,first_line,3,0.89
P00213,70,86,immunotherapy,first_line,4,0.97
P00213,91,98,immunotherapy,first_line,5,0.95
P00213,111,129,immunotherapy,first_line,6,0.96
P00213,126,153,immunotherapy,first_line,7,0.93
P00213,148,174,immunotherapy,first_line,8,0.84
P00213,168,175,immunotherapy,first_line,9,0.91
P00214,3,25,chemotherapy,first_line,1,1.0
P00214,22,37,chemotherapy,first_line,2,0.99
P00214,44,66,chemotherapy,first_line,3,0.81
P00214,70,87,chemotherapy,first_line,4,0.83
P00214,87,110,chemotherapy,first_line,5,0.83
P00214,112,126,chemotherapy,first_line,6,0.95
P00214,129,152,chemotherapy,first_line,7,0.96
P00214,150,171,chemotherapy,first_line,8,0.84
P00214,169,184,chemotherapy,first_line,9,0.9
P00215,5,27,targeted_therapy,first_line,1,0.97
P00215,21,47,targeted_therapy,first_line,2,0.95
P00215,51,64,targeted_therapy,first_line,3,0.91
P00215,66,89,targeted_therapy,first_line,4,0.92
P00215,97,104,targeted_therapy,first_line,5,0.9
P00215,107,132,targeted_therapy,first_line,6,0.86
P00215,128,149,targeted_therapy,first_line,7,0.91
P00215,158,173,targeted_therapy,first_line,8,0.94
P00215,170,184,targeted_therapy,first_line,9,0.97
P00216,1,21,chemotherapy,first_line,1,0.93
P00216,46,59,chemotherapy,first_line,3,0.95
P00216,64,88,chemotherapy,first_line,4,0.83
P00216,93,107,chemotherapy,first_line,5,0.89
P00216,105,125,chemotherapy,first_line,6,0.8
P00216,128,150,chemotherapy,first_line,7,0.85
P00216,147,174,chemotherapy,first_line,8,0.95
P00216,179,186,chemotherapy,first_line,9,1.0
P00217,13,22,immunotherapy,first_line,1,0.82
P00217,24,43,immunotherapy,first_line,2,0.88
P00217,56,68,immunotherapy,first_line,3,0.96
P00217,63,87,immunotherapy,first_line,4,0.84
P00217,87,110,immunotherapy,first_line,5,0.91
P00217,114,130,immunotherapy,first_line,6,0.95
P00217,126,137,immunotherapy,first_line,7,0.92
P00217,150,172,immunotherapy,first_line,8,0.84
P00217,169,177,immunotherapy,first_line,9,0.87
P00218,5,25,chemotherapy,first_line,1,0.96
P00218,34,42,chemotherapy,first_line,2,0.91
P00218,44,66,chemotherapy,first_line,3,0.8
P00218,73,90,chemotherapy,first_line,4,0.95
P00218,85,98,chemotherapy,first_line,5,0.81
P00218,106,130,chemotherapy,first_line,6,0.95
P00218,130,150,chemotherapy,first_line,7,0.84
P00218,157,174,chemotherapy,first_line,8,0.99
P00218,176,183,chemotherapy,first_line,9,0.87
P00219,2,27,chemotherapy,first_line,1,0.87
P00219,34,44,chemotherapy,first_line,2,0.83
P00219,52,66,chemotherapy,first_line,3,0.86
P00219,69,88,chemotherapy,first_line,4,0.98
P00219,84,108,chemotherapy,first_line,5,1.0
P00219,105,130,chemotherapy,first_line,6,0.87
P00219,127,144,chemotherapy,first_line,7,0.89
P00219,147,170,chemotherapy,first_line,8,0.94
P00220,5,23,immunotherapy,first_line,1,0.98
P00220,22,47,immunotherapy,first_line,2,0.92
P00220,53,60,immunotherapy,first_line,3,0.88
P00220,71,81,immunotherapy,first_line,4,0.88
P00220,85,106,immunotherapy,first_line,5,0.94
P00220,109,128,immunotherapy,first_line,6,0.8
P00220,133,152,immunotherapy,first_line,7,0.92
P00220,150,173,immunotherapy,first_line,8,0.87
P00220,172,183,immunotherapy,first_line,9,0.96
P00221,1,27,immunotherapy,first_line,1,0.82
P00221,25,44,immunotherapy,first_line,2,0.92
P00221,42,69,immunotherapy,first_line,3,0.9
P00221,64,83,immunotherapy,first_line,4,0.93
P00221,93,107,immunotherapy,first_line,5,0.81
P00221,122,130,immunotherapy,first_line,6,0.92
P00221,128,152,immunotherapy,first_line,7,0.91
P00221,156,166,immunotherapy,first_line,8,0.91
P00221,170,177,immunotherapy,first_line,9,0.92
P00222,19,26,chemotherapy,first_line,1,0.94
P00222,23,40,chemotherapy,first_line,2,0.96
P00222,42,59,chemotherapy,first_line,3,0.85
P00222,73,90,chemotherapy,first_line,4,0.97
P00222,91,106,chemotherapy,first_line,5,0.9
P00222,107,132,chemotherapy,first_line,6,0.82
P00222,134,153,chemotherapy,first_line,7,0.81
P00222,147,172,chemotherapy,first_line,8,0.87
P00222,173,180,chemotherapy,first_line,9,0.96
P00223,15,24,chemotherapy,first_line,1,0.94
P00223,31,46,chemotherapy,first_line,2,0.96
P00223,48,65,chemotherapy,first_line,3,0.9
P00223,69,90,chemotherapy,first_line,4,0.89
P00223,85,100,chemotherapy,first_line,5,0.83
P00223,105,128,chemotherapy,first_line,6,0.87
P00223,126,153,chemotherapy,first_line,7,0.89
P00223,149,174,chemotherapy,first_line,8,0.82
P00223,170,183,chemotherapy,first_line,9,0.84
P00224,8,26,combination_therapy,first_line,1,0.92
P00224,25,45,combination_therapy,first_line,2,0.95
P00224,44,69,combination_therapy,first_line,3,1.0
P00224,65,88,combination_therapy,first_line,4,0.99
P00224,85,110,combination_therapy,first_line,5,0.93
P00224,109,116,combination_therapy,first_line,6,0.88
P00224,131,150,combination_therapy,first_line,7,0.93
P00224,151,172,combination_therapy,first_line,8,0.96
P00224,169,179,combination_therapy,first_line,9,0.82
P00225,0,19,combination_therapy,first_line,1,0.88
P00225,33,40,combination_therapy,first_line,2,0.97
P00225,51,59,combination_therapy,first_line,3,0.88
P00225,64,83,combination_therapy,first_line,4,0.91
P00225,86,108,combination_therapy,first_line,5,0.92
P00225,119,132,combination_therapy,first_line,6,0.84
P00225,131,150,combination_therapy,first_line,7,0.87
P00225,150,170,combination_therapy,first_line,8,0.87
P00225,168,179,combination_therapy,first_line,9,0.81
P00226,6,23,immunotherapy,first_line,1,0.8
P00226,40,47,immunotherapy,first_line,2,0.97
P00226,46,63,immunotherapy,first_line,3,0.85
P00226,66,84,immunotherapy,first_line,4,0.9
P00226,100,107,immunotherapy,first_line,5,0.86
P00226,119,131,immunotherapy,first_line,6,0.99
P00226,126,141,immunotherapy,first_line,7,0.85
P00226,153,173,immunotherapy,first_line,8,0.89
P00226,170,179,immunotherapy,first_line,9,0.97
P00227,8,25,combination_therapy,first_line,1,0.97
P00227,41,48,combination_therapy,first_line,2,0.84
P00227,50,69,combination_therapy,first_line,3,0.96
P00227,70,90,combination_therapy,first_line,4,0.89
P00227,85,105,combination_therapy,first_line,5,0.9
P00227,106,131,combination_therapy,first_line,6,0.83
P00227,127,151,combination_therapy,first_line,7,0.82
P00227,148,173,combination_therapy,first_line,8,0.95
P00227,168,175,combination_therapy,first_line,9,0.9
P00228,11,19,chemotherapy,first_line,1,0.89
P00228,23,46,chemotherapy,first_line,2,0.95
P00228,46,60,chemotherapy,first_line,3,0.95
P00228,65,90,chemotherapy,first_line,4,0.83
P00228,91,103,chemotherapy,first_line,5,0.92
P00228,105,130,chemotherapy,first_line,6,0.83
P00228,156,172,chemotherapy,first_line,8,0.95
P00228,170,186,chemotherapy,first_line,9,0.93
P00229,6,15,immunotherapy,first_line,1,0.99
P00229,22,46,immunotherapy,first_line,2,0.81
P00229,46,67,immunotherapy,first_line,3,0.81
P00229,69,90,immunotherapy,first_line,4,0.86
P00229,95,111,immunotherapy,first_line,5,0.85
P00229,105,127,immunotherapy,first_line,6,0.85
P00229,126,133,immunotherapy,first_line,7,0.98
P00229,150,174,immunotherapy,first_line,8,0.85
P00229,169,181,immunotherapy,first_line,9,0.85
P00230,0,22,chemotherapy,first_line,1,0.95
P00230,21,48,chemotherapy,first_line,2,0.89
P00230,44,69,chemotherapy,first_line,3,0.96
P00230,68,88,chemotherapy,first_line,4,0.81
P00230,88,97,chemotherapy,first_line,5,0.9
P00230,123,131,chemotherapy,first_line,6,0.81
P00230,126,149,chemotherapy,first_line,7,0.81
P00230,150,160,chemotherapy,first_line,8,0.98
P00230,170,182,chemotherapy,first_line,9,0.83
P00231,3,20,combination_therapy,first_line,1,0.91
P00231,22,48,combination_therapy,first_line,2,0.88
P00231,45,66,combination_therapy,first_line,3,0.87
P00231,91,107,combination_therapy,first_line,5,0.98
P00231,117,132,combination_therapy,first_line,6,0.8
P00231,134,146,combination_therapy,first_line,7,0.93
P00231,168,183,combination_therapy,first_line,9,0.99
P00232,1,20,targeted_therapy,first_line,1,0.91
P00232,32,46,targeted_therapy,first_line,2,0.99
P00232,47,55,targeted_therapy,first_line,3,0.81
P00232,65,77,targeted_therapy,first_line,4,0.88
P00232,92,99,targeted_therapy,first_line,5,0.85
P00232,108,125,targeted_therapy,first_line,6,0.95
P00232,126,153,targeted_therapy,first_line,7,1.0
P00232,147,173,targeted_therapy,first_line,8,0.85
P00232,171,178,targeted_therapy,first_line,9,0.93
P00233,2,21,chemotherapy,first_line,1,0.84
P00233,22,44,chemotherapy,first_line,2,0.91
P00233,44,69,chemotherapy,first_line,3,0.89
P00233,70,87,chemotherapy,first_line,4,0.99
P00233,95,107,chemotherapy,first_line,5,0.92
P00233,114,126,chemotherapy,first_line,6,0.87
P00233,130,137,chemotherapy,first_line,7,0.82
P00233,148,170,chemotherapy,first_line,8,0.83
P00233,173,182,chemotherapy,first_line,9,0.85
P00234,2,27,targeted_therapy,first_line,1,0.85
P00234,40,47,targeted_therapy,first_line,2,0.97
P00234,61,68,targeted_therapy,first_line,3,0.91
P00234,69,88,targeted_therapy,first_line,4,0.9
P00234,88,107,targeted_therapy,first_line,5,0.82
P00234,105,132,targeted_therapy,first_line,6,0.97
P00234,129,142,targeted_therapy,first_line,7,0.94
P00234,155,174,targeted_therapy,first_line,8,0.81
P00234,174,181,targeted_therapy,first_line,9,0.94
P00235,0,27,chemotherapy,first_line,1,0.91
P00235,23,45,chemotherapy,first_line,2,0.82
P00235,48,69,chemotherapy,first_line,3,0.89
P00235,65,90,chemotherapy,first_line,4,0.9
P00235,92,99,chemotherapy,first_line,5,0.83
P00235,109,120,chemotherapy,first_line,6,0.99
P00235,130,153,chemotherapy,first_line,7,0.97
P00235,149,174,chemotherapy,first_line,8,0.93
P00235,172,186,chemotherapy,first_line,9,0.89
P00236,4,23,chemotherapy,first_line,1,0.88
P00236,31,40,chemotherapy,first_line,2,0.93
P00236,53,66,chemotherapy,first_line,3,0.91
P00236,67,89,chemotherapy,first_line,4,0.81
P00236,86,110,chemotherapy,first_line,5,0.9
P00236,107,127,chemotherapy,first_line,6,0.96
P00236,129,152,chemotherapy,first_line,7,0.89
P00236,151,173,chemotherapy,first_line,8,0.81
P00236,169,182,chemotherapy,first_line,9,0.96
P00237,0,20,combination_therapy,first_line,1,0.84
P00237,21,43,combination_therapy,first_line,2,0.85
P00237,42,65,combination_therapy,first_line,3,0.83
P00237,64,90,combination_therapy,first_line,4,0.87
P00237,89,103,combination_therapy,first_line,5,0.95
P00237,105,123,combination_therapy,first_line,6,0.9
P00237,126,147,combination_therapy,first_line,7,0.84
P00237,152,173,combination_therapy,first_line,8,0.98
P00237,173,182,combination_therapy,first_line,9,0.98
P00238,11,23,chemotherapy,first_line,1,0.97
P00238,37,45,chemotherapy,first_line,2,0.85
P00238,42,68,chemotherapy,first_line,3,0.89
P00238,66,83,chemotherapy,first_line,4,1.0
P00238,88,111,chemotherapy,first_line,5,0.95
P00238,119,132,chemotherapy,first_line,6,0.81
P00238,128,150,chemotherapy,first_line,7,0.81
P00238,150,174,chemotherapy,first_line,8,0.89
P00238,176,185,chemotherapy,first_line,9,0.98
P00239,6,14,immunotherapy,first_line,1,0.91
P00239,24,38,immunotherapy,first_line,2,0.9
P00239,49,68,immunotherapy,first_line,3,0.82
P00239,64,88,immunotherapy,first_line,4,0.93
P00239,88,106,immunotherapy,first_line,5,0.96
P00239,116,124,immunotherapy,first_line,6,0.88
P00239,126,151,immunotherapy,first_line,7,0.96
P00239,166,173,immunotherapy,first_line,8,0.99
P00239,174,181,immunotherapy,first_line,9,0.84
P00240,14,21,combination_therapy,first_line,1,0.9
P00240,24,36,combination_therapy,first_line,2,0.86
P00240,43,69,combination_therapy,first_line,3,0.96
P00240,66,87,combination_therapy,first_line,4,0.92
P00240,93,101,combination_therapy,first_line,5,0.93
P00240,110,126,combination_therapy,first_line,6,0.96
P00240,131,149,combination_therapy,first_line,7,0.88
P00240,149,157,combination_therapy,first_line,8,0.98
P00240,173,186,combination_therapy,first_line,9,0.91
P00241,24,43,targeted_therapy,first_line,2,0.83
P00241,47,63,targeted_therapy,first_line,3,0.94
P00241,65,77,targeted_therapy,first_line,4,0.96
P00241,87,102,targeted_therapy,first_line,5,0.86
P00241,120,131,targeted_therapy,first_line,6,0.97
P00241,131,153,targeted_therapy,first_line,7,0.98
P00241,150,174,targeted_therapy,first_line,8,0.86
P00241,169,181,targeted_therapy,first_line,9,1.0
P00242,6,24,immunotherapy,first_line,1,0.83
P00242,23,34,immunotherapy,first_line,2,0.84
P00242,61,68,immunotherapy,first_line,3,0.84
P00242,66,82,immunotherapy,first_line,4,0.98
P00242,101,108,immunotherapy,first_line,5,0.93
P00242,120,132,immunotherapy,first_line,6,0.83
P00242,126,148,immunotherapy,first_line,7,0.89
P00242,147,172,immunotherapy,first_line,8,0.92
P00242,169,182,immunotherapy,first_line,9,0.82
P00243,4,18,chemotherapy,first_line,1,0.98
P00243,24,47,chemotherapy,first_line,2,0.96
P00243,72,82,chemotherapy,first_line,4,0.9
P00243,87,104,chemotherapy,first_line,5,0.99
P00243,106,132,chemotherapy,first_line,6,0.88
P00243,127,153,chemotherapy,first_line,7,1.0
P00243,160,170,chemotherapy,first_line,8,0.93
P00243,169,183,chemotherapy,first_line,9,0.93
P00244,5,24,targeted_therapy,first_line,1,0.83
P00244,21,38,targeted_therapy,first_line,2,0.98
P00244,46,64,targeted_therapy,first_line,3,0.89
P00244,69,88,targeted_therapy,first_line,4,0.83
P00244,92,111,targeted_therapy,first_line,5,0.8
P00244,105,132,targeted_therapy,first_line,6,0.91
P00244,133,152,targeted_therapy,first_line,7,0.91
P00244,148,168,targeted_therapy,first_line,8,0.94
P00244,170,186,targeted_therapy,first_line,9,0.98
P00245,0,17,targeted_therapy,first_line,1,0.82
P00245,25,47,targeted_therapy,first_line,2,0.95
P00245,55,62,targeted_therapy,first_line,3,0.84
P00245,68,79,targeted_therapy,first_line,4,0.97
P00245,85,101,targeted_therapy,first_line,5,0.96
P00245,108,123,targeted_therapy,first_line,6,0.91
P00245,138,152,targeted_therapy,first_line,7,0.94
P00245,148,171,targeted_therapy,first_line,8,0.86
P00245,169,185,targeted_therapy,first_line,9,0.89
P00246,2,26,combination_therapy,first_line,1,0.96
P00246,22,29,combination_therapy,first_line,2,0.89
P00246,42,67,combination_therapy,first_line,3,0.87
P00246,73,85,combination_therapy,first_line,4,0.9
P00246,88,110,combination_therapy,first_line,5,0.97
P00246,105,127,combination_therapy,first_line,6,0.87
P00246,126,142,combination_therapy,first_line,7,0.83
P00246,171,183,combination_therapy,first_line,9,0.94
P00247,2,21,immunotherapy,first_line,1,0.97
P00247,23,47,immunotherapy,first_line,2,0.82
P00247,46,68,immunotherapy,first_line,3,0.85
P00247,74,90,immunotherapy,first_line,4,0.83
P00247,90,106,immunotherapy,first_line,5,0.87
P00247,106,132,immunotherapy,first_line,6,0.89
P00247,131,150,immunotherapy,first_line,7,0.95
P00247,147,174,immunotherapy,first_line,8,0.93
P00247,168,175,immunotherapy,first_line,9,0.92
P00248,2,22,immunotherapy,first_line,1,0.87
P00248,30,45,immunotherapy,first_line,2,0.97
P00248,52,67,immunotherapy,first_line,3,0.89
P00248,63,90,immunotherapy,first_line,4,1.0
P00248,88,111,immunotherapy,first_line,5,0.93
P00248,112,131,immunotherapy,first_line,6,0.83
P00248,128,147,immunotherapy,first_line,7,0.94
P00248,148,172,immunotherapy,first_line,8,0.87
P00248,168,175,immunotherapy,first_line,9,0.94
P00249,1,24,targeted_therapy,first_line,1,0.81
P00249,34,45,targeted_therapy,first_line,2,0.83
P00249,48,68,targeted_therapy,first_line,3,0.97
P00249,63,89,targeted_therapy,first_line,4,0.85
P00249,100,107,targeted_therapy,first_line,5,0.97
P00249,113,132,targeted_therapy,first_line,6,0.86
P00249,131,151,targeted_therapy,first_line,7,0.93
P00249,151,168,targeted_therapy,first_line,8,0.94
P00249,171,184,targeted_therapy,first_line,9,0.9
P00250,12,21,immunotherapy,first_line,1,0.86
P00250,31,45,immunotherapy,first_line,2,0.84
P00250,44,68,immunotherapy,first_line,3,0.81
P00250,71,87,immunotherapy,first_line,4,0.86
P00250,92,111,immunotherapy,first_line,5,0.93
P00250,105,132,immunotherapy,first_line,6,0.99
P00250,130,149,immunotherapy,first_line,7,0.97
P00250,150,173,immunotherapy,first_line,8,0.95
P00250,171,181,immunotherapy,first_line,9,0.96
P00251,0,26,chemotherapy,first_line,1,0.93
P00251,27,43,chemotherapy,first_line,2,0.85
P00251,42,55,chemotherapy,first_line,3,0.98
P00251,65,88,chemotherapy,first_line,4,0.93
P00251,89,111,chemotherapy,first_line,5,0.91
P00251,106,129,chemotherapy,first_line,6,0.82
P00251,130,147,chemotherapy,first_line,7,0.89
P00251,150,171,chemotherapy,first_line,8,0.89
P00251,172,182,chemotherapy,first_line,9,0.97
P00252,1,16,immunotherapy,first_line,1,0.91
P00252,21,38,immunotherapy,first_line,2,0.88
P00252,46,67,immunotherapy,first_line,3,1.0
P00252,66,83,immunotherapy,first_line,4,0.82
P00252,94,110,immunotherapy,first_line,5,0.88
P00252,114,131,immunotherapy,first_line,6,0.81
P00252,128,150,immunotherapy,first_line,7,0.95
P00252,156,173,immunotherapy,first_line,8,0.98
P00252,175,182,immunotherapy,first_line,9,0.86
P00253,2,26,targeted_therapy,first_line,1,0.97
P00253,29,48,targeted_therapy,first_line,2,0.86
P00253,51,68,targeted_therapy,first_line,3,0.98
P00253,67,88,targeted_therapy,first_line,4,0.95
P00253,86,110,targeted_therapy,first_line,5,0.96
P00253,109,125,targeted_therapy,first_line,6,0.8
P00253,135,152,targeted_therapy,first_line,7,0.99
P00253,148,173,targeted_therapy,first_line,8,0.95
P00253,168,182,targeted_therapy,first_line,9,0.86
P00254,2,26,chemotherapy,first_line,1,0.97
P00254,29,38,chemotherapy,first_line,2,0.86
P00254,43,69,chemotherapy,first_line,3,0.97
P00254,64,90,chemotherapy,first_line,4,0.82
P00254,85,110,chemotherapy,first_line,5,0.94
P00254,109,127,chemotherapy,first_line,6,0.91
P00254,130,143,chemotherapy,first_line,7,0.82
P00254,149,162,chemotherapy,first_line,8,0.85
P00254,171,186,chemotherapy,first_line,9,0.8
P00255,12,24,chemotherapy,first_line,1,0.89
P00255,24,43,chemotherapy,first_line,2,0.86
P00255,43,50,chemotherapy,first_line,3,0.92
P00255,68,90,chemotherapy,first_line,4,0.86
P00255,84,110,chemotherapy,first_line,5,0.86
P00255,105,131,chemotherapy,first_line,6,0.95
P00255,127,153,chemotherapy,first_line,7,0.81
P00255,151,170,chemotherapy,first_line,8,0.98
P00255,168,185,chemotherapy,first_line,9,0.97
P00256,2,26,chemotherapy,first_line,1,0.93
P00256,27,46,chemotherapy,first_line,2,0.92
P00256,44,67,chemotherapy,first_line,3,0.98
P00256,66,90,chemotherapy,first_line,4,0.84
P00256,96,111,chemotherapy,first_line,5,0.82
P00256,109,131,chemotherapy,first_line,6,0.85
P00256,126,150,chemotherapy,first_line,7,0.96
P00256,153,171,chemotherapy,first_line,8,0.81
P00257,2,27,combination_therapy,first_line,1,0.92
P00257,50,68,combination_therapy,first_line,3,1.0
P00257,64,90,combination_therapy,first_line,4,0.97
P00257,89,101,combination_therapy,first_line,5,0.9
P00257,114,124,combination_therapy,first_line,6,0.81
P00257,131,142,combination_therapy,first_line,7,0.97
P00257,159,173,combination_therapy,first_line,8,0.92
P00257,170,182,combination_therapy,first_line,9,0.82
P00258,2,9,chemotherapy,first_line,1,0.82
P00258,25,48,chemotherapy,first_line,2,0.98
P00258,42,60,chemotherapy,first_line,3,0.93
P00258,66,86,chemotherapy,first_line,4,0.97
P00258,86,108,chemotherapy,first_line,5,0.98
P00258,109,127,chemotherapy,first_line,6,0.91
P00258,126,152,chemotherapy,first_line,7,0.9
P00258,150,171,chemotherapy,first_line,8,0.89
P00258,168,181,chemotherapy,first_line,9,0.86
P00259,8,27,chemotherapy,first_line,1,0.89
P00259,23,42,chemotherapy,first_line,2,0.95
P00259,54,68,chemotherapy,first_line,3,0.92
P00259,63,88,chemotherapy,first_line,4,0.98
P00259,85,109,chemotherapy,first_line,5,0.89
P00259,107,129,chemotherapy,first_line,6,0.92
P00259,126,146,chemotherapy,first_line,7,0.93
P00259,155,173,chemotherapy,first_line,8,0.92
P00259,169,186,chemotherapy,first_line,9,0.94
P00260,4,20,immunotherapy,first_line,1,0.85
P00260,22,42,immunotherapy,first_line,2,0.9
P00260,46,68,immunotherapy,first_line,3,0.82
P00260,63,78,immunotherapy,first_line,4,0.88
P00260,87,108,immunotherapy,first_line,5,0.9
P00260,106,126,immunotherapy,first_line,6,0.93
P00260,136,148,immunotherapy,first_line,7,0.99
P00260,159,171,immunotherapy,first_line,8,0.92
P00260,171,178,immunotherapy,first_line,9,0.95
P00261,2,24,chemotherapy,first_line,1,0.9
P00261,23,46,chemotherapy,first_line,2,0.93
P00261,45,62,chemotherapy,first_line,3,0.81
P00261,65,87,chemotherapy,first_line,4,0.85
P00261,96,111,chemotherapy,first_line,5,0.87
P00261,109,117,chemotherapy,first_line,6,0.89
P00261,130,152,chemotherapy,first_line,7,0.81
P00261,166,173,chemotherapy,first_line,8,0.83
P00261,169,184,chemotherapy,first_line,9,0.86
P00262,0,17,combination_therapy,first_line,1,0.99
P00262,29,48,combination_therapy,first_line,2,0.87
P00262,44,65,combination_therapy,first_line,3,0.9
P00262,65,78,combination_therapy,first_line,4,0.84
P00262,87,111,combination_therapy,first_line,5,0.92
P00262,107,124,combination_therapy,first_line,6,0.86
P00262,126,148,combination_therapy,first_line,7,0.84
P00262,147,172,combination_therapy,first_line,8,0.9
P00262,174,184,combination_therapy,first_line,9,0.8
P00263,5,27,combination_therapy,first_line,1,0.8
P00263,28,41,combination_therapy,first_line,2,0.84
P00263,43,59,combination_therapy,first_line,3,0.81
P00263,73,84,combination_therapy,first_line,4,0.82
P00263,91,111,combination_therapy,first_line,5,0.87
P00263,105,128,combination_therapy,first_line,6,0.96
P00263,133,144,combination_therapy,first_line,7,0.91
P00263,152,159,combination_therapy,first_line,8,0.9
P00263,168,186,combination_therapy,first_line,9,0.86
P00264,6,27,targeted_therapy,first_line,1,0.99
P00264,21,47,targeted_therapy,first_line,2,0.88
P00264,42,68,targeted_therapy,first_line,3,0.82
P00264,77,88,targeted_therapy,first_line,4,0.92
P00264,101,108,targeted_therapy,first_line,5,0.82
P00264,109,132,targeted_therapy,first_line,6,0.87
P00264,129,151,targeted_therapy,first_line,7,0.9
P00264,148,170,targeted_therapy,first_line,8,0.97
P00264,168,182,targeted_therapy,first_line,9,0.9
P00265,2,26,chemotherapy,first_line,1,0.94
P00265,30,48,chemotherapy,first_line,2,1.0
P00265,44,66,chemotherapy,first_line,3,0.83
P00265,63,80,chemotherapy,first_line,4,0.85
P00265,92,110,chemotherapy,first_line,5,0.88
P00265,105,127,chemotherapy,first_line,6,0.88
P00265,139,149,chemotherapy,first_line,7,0.88
P00265,147,170,chemotherapy,first_line,8,0.98
P00265,178,185,chemotherapy,first_line,9,0.94
P00266,0,7,chemotherapy,first_line,1,0.92
P00266,42,67,chemotherapy,first_line,3,0.86
P00266,66,82,chemotherapy,first_line,4,0.96
P00266,94,101,chemotherapy,first_line,5,0.99
P00266,107,132,chemotherapy,first_line,6,0.96
P00266,128,150,chemotherapy,first_line,7,0.8
P00266,148,167,chemotherapy,first_line,8,0.93
P00267,9,26,chemotherapy,first_line,1,0.81
P00267,27,47,chemotherapy,first_line,2,0.85
P00267,43,63,chemotherapy,first_line,3,0.81
P00267,82,89,chemotherapy,first_line,4,0.92
P00267,87,108,chemotherapy,first_line,5,0.94
P00267,108,125,chemotherapy,first_line,6,0.82
P00267,131,138,chemotherapy,first_line,7,0.88
P00267,148,166,chemotherapy,first_line,8,0.89
P00267,171,178,chemotherapy,first_line,9,0.87
P00268,9,27,immunotherapy,first_line,1,0.82
P00268,23,36,immunotherapy,first_line,2,0.88
P00268,50,57,immunotherapy,first_line,3,0.95
P00268,63,89,immunotherapy,first_line,4,0.81
P00268,101,109,immunotherapy,first_line,5,0.82
P00268,114,131,immunotherapy,first_line,6,0.87
P00268,129,136,immunotherapy,first_line,7,0.99
P00268,152,168,immunotherapy,first_line,8,0.93
P00268,172,183,immunotherapy,first_line,9,0.94
P00269,3,10,immunotherapy,first_line,1,0.87
P00269,29,47,immunotherapy,first_line,2,0.92
P00269,45,55,immunotherapy,first_line,3,0.8
P00269,63,86,immunotherapy,first_line,4,0.93
P00269,88,108,immunotherapy,first_line,5,0.98
P00269,112,131,immunotherapy,first_line,6,0.92
P00269,132,142,immunotherapy,first_line,7,0.97
P00269,148,170,immunotherapy,first_line,8,0.94
P00269,171,186,immunotherapy,first_line,9,0.82
P00270,4,23,chemotherapy,first_line,1,0.98
P00270,22,41,chemotherapy,first_line,2,0.81
P00270,51,60,chemotherapy,first_line,3,0.91
P00270,74,85,chemotherapy,first_line,4,0.83
P00270,87,110,chemotherapy,first_line,5,0.8
P00270,124,132,chemotherapy,first_line,6,0.88
P00270,132,149,chemotherapy,first_line,7,0.86
P00270,152,171,chemotherapy,first_line,8,0.9
P00271,0,25,immunotherapy,first_line,1,0.92
P00271,21,41,immunotherapy,first_line,2,0.81
P00271,42,66,immunotherapy,first_line,3,0.82
P00271,78,85,immunotherapy,first_line,4,0.91
P00271,92,101,immunotherapy,first_line,5,0.87
P00271,110,128,immunotherapy,first_line,6,0.95
P00271,138,150,immunotherapy,first_line,7,0.93
P00271,150,173,immunotherapy,first_line,8,0.97
P00271,168,175,immunotherapy,first_line,9,0.94
P00272,7,27,immunotherapy,first_line,1,0.89
P00272,24,46,immunotherapy,first_line,2,0.93
P00272,46,69,immunotherapy,first_line,3,0.86
P00272,64,88,immunotherapy,first_line,4,0.86
P00272,91,103,immunotherapy,first_line,5,0.96
P00272,106,120,immunotherapy,first_line,6,0.89
P00272,126,151,immunotherapy,first_line,7,0.96
P00272,151,174,immunotherapy,first_line,8,0.96
P00272,169,178,immunotherapy,first_line,9,0.97
P00273,9,27,combination_therapy,first_line,1,0.98
P00273,33,43,combination_therapy,first_line,2,0.89
P00273,42,69,combination_therapy,first_line,3,0.86
P00273,79,88,combination_therapy,first_line,4,0.92
P00273,89,107,combination_therapy,first_line,5,0.87
P00273,106,125,combination_therapy,first_line,6,0.92
P00273,127,143,combination_therapy,first_line,7,0.94
P00273,161,173,combination_therapy,first_line,8,0.94
P00273,170,185,combination_therapy,first_line,9,0.87
P00274,0,27,immunotherapy,first_line,1,0.83
P00274,40,47,immunotherapy,first_line,2,0.89
P00274,43,67,immunotherapy,first_line,3,0.83
P00274,65,72,immunotherapy,first_line,4,0.98
P00274,89,100,immunotherapy,first_line,5,0.87
P00274,105,129,immunotherapy,first_line,6,0.83
P00274,126,152,immunotherapy,first_line,7,0.81
P00274,149,173,immunotherapy,first_line,8,0.93
P00275,1,16,chemotherapy,first_line,1,0.93
P00275,30,37,chemotherapy,first_line,2,0.87
P00275,42,54,chemotherapy,first_line,3,0.81
P00275,68,90,chemotherapy,first_line,4,0.88
P00275,85,95,chemotherapy,first_line,5,0.86
P00275,107,132,chemotherapy,first_line,6,0.94
P00275,128,135,chemotherapy,first_line,7,0.92
P00275,149,167,chemotherapy,first_line,8,0.87
P00275,170,186,chemotherapy,first_line,9,0.84
P00276,0,25,combination_therapy,first_line,1,1.0
P00276,21,40,combination_therapy,first_line,2,0.89
P00276,45,55,combination_therapy,first_line,3,0.94
P00276,68,87,combination_therapy,first_line,4,0.83
P00276,86,93,combination_therapy,first_line,5,0.9
P00276,107,127,combination_therapy,first_line,6,0.81
P00276,127,145,combination_therapy,first_line,7,0.9
P00276,151,172,combination_therapy,first_line,8,0.99
P00276,177,184,combination_therapy,first_line,9,0.88
P00278,18,27,combination_therapy,first_line,1,0.98
P00278,38,45,combination_therapy,first_line,2,0.82
P00278,48,68,combination_therapy,first_line,3,0.99
P00278,63,70,combination_therapy,first_line,4,0.86
P00278,90,109,combination_therapy,first_line,5,0.98
P00278,106,132,combination_therapy,first_line,6,0.92
P00278,131,153,combination_therapy,first_line,7,0.97
P00278,148,174,combination_therapy,first_line,8,1.0
P00278,170,185,combination_therapy,first_line,9,0.86
P00279,0,27,immunotherapy,first_line,1,0.99
P00279,21,29,immunotherapy,first_line,2,0.88
P00279,68,76,immunotherapy,first_line,4,0.88
P00279,86,108,immunotherapy,first_line,5,0.87
P00279,109,131,immunotherapy,first_line,6,0.91
P00279,126,151,immunotherapy,first_line,7,0.83
P00279,153,162,immunotherapy,first_line,8,0.91
P00279,169,183,immunotherapy,first_line,9,0.91
P00280,0,24,combination_therapy,first_line,1,0.95
P00280,39,46,combination_therapy,first_line,2,0.97
P00280,45,67,combination_therapy,first_line,3,0.89
P00280,70,86,combination_therapy,first_line,4,0.86
P00280,88,104,combination_therapy,first_line,5,0.85
P00280,127,153,combination_therapy,first_line,7,0.84
P00280,152,174,combination_therapy,first_line,8,0.81
P00281,1,17,chemotherapy,first_line,1,0.87
P00281,21,48,chemotherapy,first_line,2,0.85
P00281,45,69,chemotherapy,first_line,3,0.99
P00281,68,88,chemotherapy,first_line,4,0.91
P00281,84,104,chemotherapy,first_line,5,0.87
P00281,107,117,chemotherapy,first_line,6,0.92
P00281,131,153,chemotherapy,first_line,7,0.83
P00281,149,161,chemotherapy,first_line,8,0.89
P00281,168,186,chemotherapy,first_line,9,0.93
P00282,0,23,chemotherapy,first_line,1,0.9
P00282,24,42,chemotherapy,first_line,2,0.88
P00282,44,66,chemotherapy,first_line,3,1.0
P00282,63,90,chemotherapy,first_line,4,0.98
P00282,97,104,chemotherapy,first_line,5,0.92
P00282,105,121,chemotherapy,first_line,6,0.91
P00282,139,153,chemotherapy,first_line,7,0.92
P00282,159,168,chemotherapy,first_line,8,0.84
P00282,174,185,chemotherapy,first_line,9,0.88
P00283,2,27,immunotherapy,first_line,1,0.81
P00283,28,43,immunotherapy,first_line,2,0.9
P00283,46,69,immunotherapy,first_line,3,0.91
P00283,67,87,immunotherapy,first_line,4,0.85
P00283,93,111,immunotherapy,first_line,5,0.99
P00283,112,122,immunotherapy,first_line,6,0.98
P00283,135,153,immunotherapy,first_line,7,0.94
P00283,152,174,immunotherapy,first_line,8,0.91
P00284,2,27,targeted_therapy,first_line,1,0.97
P00284,25,43,targeted_therapy,first_line,2,0.83
P00284,50,63,targeted_therapy,first_line,3,0.96
P00284,68,84,targeted_therapy,first_line,4,0.82
P00284,91,109,targeted_therapy,first_line,5,0.96
P00284,109,131,targeted_therapy,first_line,6,0.86
P00284,131,145,targeted_therapy,first_line,7,0.98
P00284,158,169,targeted_therapy,first_line,8,0.99
P00284,170,177,targeted_therapy,first_line,9,0.83
P00285,1,23,targeted_therapy,first_line,1,0.89
P00285,21,47,targeted_therapy,first_line,2,1.0
P00285,46,54,targeted_therapy,first_line,3,0.9
P00285,69,86,targeted_therapy,first_line,4,0.97
P00285,86,110,targeted_therapy,first_line,5,0.92
P00285,107,114,targeted_therapy,first_line,6,0.88
P00285,132,152,targeted_therapy,first_line,7,0.86
P00285,158,174,targeted_therapy,first_line,8,0.84
P00285,173,185,targeted_therapy,first_line,9,0.95
P00286,0,27,immunotherapy,first_line,1,0.88
P00286,24,38,immunotherapy,first_line,2,0.9
P00286,45,62,immunotherapy,first_line,3,0.9
P00286,71,83,immunotherapy,first_line,4,0.92
P00286,85,110,immunotherapy,first_line,5,0.97
P00286,111,129,immunotherapy,first_line,6,1.0
P00286,131,144,immunotherapy,first_line,7,0.88
P00286,153,171,immunotherapy,first_line,8,0.97
P00286,171,178,immunotherapy,first_line,9,0.95
P00287,0,27,combination_therapy,first_line,1,0.91
P00287,22,40,combination_therapy,first_line,2,0.99
P00287,51,69,combination_therapy,first_line,3,0.84
P00287,67,89,combination_therapy,first_line,4,0.82
P00287,92,104,combination_therapy,first_line,5,0.97
P00287,112,120,combination_therapy,first_line,6,0.89
P00287,126,152,combination_therapy,first_line,7,0.97
P00287,150,166,combination_therapy,first_line,8,0.98
P00287,174,186,combination_therapy,first_line,9,0.81
P00288,4,11,combination_therapy,first_line,1,0.98
P00288,21,43,combination_therapy,first_line,2,0.89
P00288,46,69,combination_therapy,first_line,3,0.9
P00288,63,76,combination_therapy,first_line,4,0.93
P00288,84,91,combination_therapy,first_line,5,0.99
P00288,106,128,combination_therapy,first_line,6,0.8
P00288,126,134,combination_therapy,first_line,7,0.9
P00288,152,174,combination_therapy,first_line,8,0.94
P00288,179,186,combination_therapy,first_line,9,0.94
P00289,6,27,combination_therapy,first_line,1,0.94
P00289,22,32,combination_therapy,first_line,2,0.83
P00289,43,65,combination_therapy,first_line,3,0.86
P00289,83,90,combination_therapy,first_line,4,0.87
P00289,87,111,combination_therapy,first_line,5,0.96
P00289,115,130,combination_therapy,first_line,6,0.86
P00289,142,149,combination_therapy,first_line,7,0.84
P00289,151,174,combination_therapy,first_line,8,0.99
P00289,172,182,combination_therapy,first_line,9,0.8
P00290,6,20,chemotherapy,first_line,1,1.0
P00290,21,34,chemotherapy,first_line,2,0.94
P00290,47,67,chemotherapy,first_line,3,0.97
P00290,67,88,chemotherapy,first_line,4,0.86
P00290,84,109,chemotherapy,first_line,5,0.8
P00290,106,124,chemotherapy,first_line,6,0.95
P00290,126,151,chemotherapy,first_line,7,0.97
P00290,150,172,chemotherapy,first_line,8,0.95
P00290,171,178,chemotherapy,first_line,9,0.83
P00291,1,25,targeted_therapy,first_line,1,0.95
P00291,28,43,targeted_therapy,first_line,2,0.95
P00291,43,69,targeted_therapy,first_line,3,0.93
P00291,65,87,targeted_therapy,first_line,4,0.95
P00291,91,109,targeted_therapy,first_line,5,0.97
P00291,110,117,targeted_therapy,first_line,6,0.92
P00291,126,153,targeted_therapy,first_line,7,0.82
P00291,150,173,targeted_therapy,first_line,8,0.9
P00291,175,183,targeted_therapy,first_line,9,0.82
P00292,4,19,combination_therapy,first_line,1,0.88
P00292,26,48,combination_therapy,first_line,2,0.88
P00292,46,63,combination_therapy,first_line,3,0.81
P00292,69,88,combination_therapy,first_line,4,0.87
P00292,89,105,combination_therapy,first_line,5,0.82
P00292,107,126,combination_therapy,first_line,6,0.96
P00292,128,141,combination_therapy,first_line,7,0.99
P00292,149,171,combination_therapy,first_line,8,0.81
P00292,168,185,combination_therapy,first_line,9,0.99
P00293,5,21,chemotherapy,first_line,1,0.9
P00293,31,48,chemotherapy,first_line,2,0.86
P00293,42,65,chemotherapy,first_line,3,0.82
P00293,74,88,chemotherapy,first_line,4,0.9
P00293,84,107,chemotherapy,first_line,5,0.96
P00293,119,128,chemotherapy,first_line,6,0.94
P00293,126,151,chemotherapy,first_line,7,0.81
P00293,155,167,chemotherapy,first_line,8,0.81
P00293,174,181,chemotherapy,first_line,9,0.88
P00294,12,21,immunotherapy,first_line,1,0.86
P00294,31,45,immunotherapy,first_line,2,0.85
P00294,42,65,immunotherapy,first_line,3,0.86
P00294,70,82,immunotherapy,first_line,4,0.96
P00294,86,110,immunotherapy,first_line,5,0.99
P00294,112,123,immunotherapy,first_line,6,0.88
P00294,134,148,immunotherapy,first_line,7,0.98
P00294,147,173,immunotherapy,first_line,8,0.86
P00294,173,181,immunotherapy,first_line,9,0.9
P00295,1,27,targeted_therapy,first_line,1,0.85
P00295,32,46,targeted_therapy,first_line,2,0.93
P00295,49,59,targeted_therapy,first_line,3,1.0
P00295,69,90,targeted_therapy,first_line,4,0.92
P00295,84,110,targeted_therapy,first_line,5,0.87
P00295,117,129,targeted_therapy,first_line,6,0.93
P00295,127,142,targeted_therapy,first_line,7,0.82
P00295,162,174,targeted_therapy,first_line,8,0.98
P00295,171,178,targeted_therapy,first_line,9,0.9
P00296,0,24,chemotherapy,first_line,1,0.89
P00296,22,33,chemotherapy,first_line,2,0.92
P00296,43,59,chemotherapy,first_line,3,0.92
P00296,66,88,chemotherapy,first_line,4,0.81
P00296,85,110,chemotherapy,first_line,5,0.94
P00296,116,130,chemotherapy,first_line,6,0.85
P00296,145,152,chemotherapy,first_line,7,0.94
P00296,152,163,chemotherapy,first_line,8,0.96
P00296,171,186,chemotherapy,first_line,9,0.96
P00297,1,24,combination_therapy,first_line,1,0.91
P00297,24,36,combination_therapy,first_line,2,0.9
P00297,42,54,combination_therapy,first_line,3,0.83
P00297,63,86,combination_therapy,first_line,4,0.96
P00297,88,104,combination_therapy,first_line,5,0.85
P00297,106,129,combination_therapy,first_line,6,0.9
P00297,130,152,combination_therapy,first_line,7,0.86
P00297,148,163,combination_therapy,first_line,8,0.83
P00297,170,185,combination_therapy,first_line,9,0.93
P00298,24,48,combination_therapy,first_line,2,0.81
P00298,48,69,combination_therapy,first_line,3,0.95
P00298,67,79,combination_therapy,first_line,4,0.86
P00298,103,110,combination_therapy,first_line,5,0.8
P00298,119,131,combination_therapy,first_line,6,0.9
P00298,130,149,combination_therapy,first_line,7,0.81
P00298,155,174,combination_therapy,first_line,8,0.86
P00298,171,185,combination_therapy,first_line,9,0.94
P00299,0,13,targeted_therapy,first_line,1,0.81
P00299,36,43,targeted_therapy,first_line,2,0.97
P00299,46,63,targeted_therapy,first_line,3,0.8
P00299,68,78,targeted_therapy,first_line,4,0.85
P00299,87,109,targeted_therapy,first_line,5,0.95
P00299,109,121,targeted_therapy,first_line,6,0.86
P00299,132,148,targeted_therapy,first_line,7,0.82
P00299,151,173,targeted_therapy,first_line,8,0.87
P00300,3,22,targeted_therapy,first_line,1,0.85
P00300,31,48,targeted_therapy,first_line,2,0.97
P00300,46,69,targeted_therapy,first_line,3,0.86
P00300,66,81,targeted_therapy,first_line,4,0.96
P00300,87,99,targeted_therapy,first_line,5,0.98
P00300,111,121,targeted_therapy,first_line,6,0.89
P00300,147,171,targeted_therapy,first_line,8,0.98
P00300,176,183,targeted_therapy,first_line,9,0.88
P00301,2,27,chemotherapy,first_line,1,0.99
P00301,41,48,chemotherapy,first_line,2,0.82
P00301,49,64,chemotherapy,first_line,3,0.94
P00301,71,89,chemotherapy,first_line,4,0.9
P00301,84,105,chemotherapy,first_line,5,0.88
P00301,105,128,chemotherapy,first_line,6,0.93
P00301,126,150,chemotherapy,first_line,7,0.94
P00301,152,173,chemotherapy,first_line,8,0.8
P00302,13,23,combination_therapy,first_line,1,0.83
P00302,25,32,combination_therapy,first_line,2,0.94
P00302,43,63,combination_therapy,first_line,3,0.93
P00302,68,89,combination_therapy,first_line,4,0.99
P00302,93,110,combination_therapy,first_line,5,0.95
P00302,112,132,combination_therapy,first_line,6,0.99
P00302,129,150,combination_therapy,first_line,7,0.94
P00302,149,172,combination_therapy,first_line,8,0.86
P00302,175,182,combination_therapy,first_line,9,0.82
P00303,2,26,targeted_therapy,first_line,1,0.96
P00303,27,34,targeted_therapy,first_line,2,0.93
P00303,43,69,targeted_therapy,first_line,3,0.81
P00303,68,86,targeted_therapy,first_line,4,0.87
P00303,84,107,targeted_therapy,first_line,5,0.99
P00303,105,130,targeted_therapy,first_line,6,0.9
P00303,130,143,targeted_therapy,first_line,7,0.89
P00303,168,184,targeted_therapy,first_line,9,0.89
P00304,2,18,targeted_therapy,first_line,1,0.84
P00304,27,48,targeted_therapy,first_line,2,0.87
P00304,42,68,targeted_therapy,first_line,3,0.87
P00304,63,89,targeted_therapy,first_line,4,0.81
P00304,96,104,targeted_therapy,first_line,5,0.95
P00304,122,132,targeted_therapy,first_line,6,0.88
P00304,130,148,targeted_therapy,first_line,7,0.96
P00304,147,166,targeted_therapy,first_line,8,0.97
P00304,171,185,targeted_therapy,first_line,9,0.84
P00305,2,25,chemotherapy,first_line,1,0.93
P00305,28,48,chemotherapy,first_line,2,0.89
P00305,54,69,chemotherapy,first_line,3,0.98
P00305,69,86,chemotherapy,first_line,4,0.84
P00305,90,107,chemotherapy,first_line,5,0.94
P00305,109,125,chemotherapy,first_line,6,0.92
P00305,130,148,chemotherapy,first_line,7,0.86
P00305,148,162,chemotherapy,first_line,8,0.83
P00305,172,179,chemotherapy,first_line,9,0.93
P00306,2,24,immunotherapy,first_line,1,0.95
P00306,35,48,immunotherapy,first_line,2,0.86
P00306,43,61,immunotherapy,first_line,3,0.93
P00306,78,85,immunotherapy,first_line,4,0.88
P00306,86,111,immunotherapy,first_line,5,0.94
P00306,107,122,immunotherapy,first_line,6,0.84
P00306,127,153,immunotherapy,first_line,7,0.98
P00306,158,174,immunotherapy,first_line,8,0.86
P00306,169,181,immunotherapy,first_line,9,0.87
P00307,10,25,immunotherapy,first_line,1,0.81
P00307,21,46,immunotherapy,first_line,2,0.82
P00307,46,54,immunotherapy,first_line,3,0.9
P00307,63,85,immunotherapy,first_line,4,0.85
P00307,91,111,immunotherapy,first_line,5,0.97
P00307,108,129,immunotherapy,first_line,6,0.8
P00307,126,150,immunotherapy,first_line,7,0.88
P00307,157,164,immunotherapy,first_line,8,0.87
P00307,171,186,immunotherapy,first_line,9,0.8
P00308,9,26,combination_therapy,first_line,1,0.82
P00308,31,39,combination_therapy,first_line,2,0.88
P00308,42,66,combination_therapy,first_line,3,0.9
P00308,78,86,combination_therapy,first_line,4,0.88
P00308,95,110,combination_therapy,first_line,5,0.91
P00308,106,130,combination_therapy,first_line,6,0.92
P00308,129,152,combination_therapy,first_line,7,0.8
P00308,152,165,combination_therapy,first_line,8,0.89
P00308,174,186,combination_therapy,first_line,9,0.99
P00309,5,25,combination_therapy,first_line,1,0.9
P00309,28,46,combination_therapy,first_line,2,0.94
P00309,52,65,combination_therapy,first_line,3,0.86
P00309,75,85,combination_therapy,first_line,4,0.95
P00309,93,108,combination_therapy,first_line,5,0.95
P00309,113,132,combination_therapy,first_line,6,0.9
P00309,129,146,combination_therapy,first_line,7,1.0
P00309,150,174,combination_therapy,first_line,8,0.83
P00309,177,185,combination_therapy,first_line,9,0.8
P00310,3,17,chemotherapy,first_line,1,0.95
P00310,30,46,chemotherapy,first_line,2,0.96
P00310,43,69,chemotherapy,first_line,3,0.82
P00310,63,86,chemotherapy,first_line,4,0.85
P00310,87,111,chemotherapy,first_line,5,0.8
P00310,108,120,chemotherapy,first_line,6,0.86
P00310,132,153,chemotherapy,first_line,7,0.95
P00310,154,161,chemotherapy,first_line,8,0.9
P00310,170,180,chemotherapy,first_line,9,0.87
P00311,3,27,immunotherapy,first_line,1,0.87
P00311,27,34,immunotherapy,first_line,2,0.8
P00311,47,63,immunotherapy,first_line,3,0.86
P00311,63,75,immunotherapy,first_line,4,0.93
P00311,86,99,immunotherapy,first_line,5,0.99
P00311,105,132,immunotherapy,first_line,6,0.97
P00311,147,163,immunotherapy,first_line,8,0.8
P00311,170,182,immunotherapy,first_line,9,0.98
P00312,0,22,immunotherapy,first_line,1,0.96
P00312,31,39,immunotherapy,first_line,2,0.96
P00312,53,69,immunotherapy,first_line,3,0.89
P00312,63,90,immunotherapy,first_line,4,0.88
P00312,96,103,immunotherapy,first_line,5,0.86
P00312,110,130,immunotherapy,first_line,6,0.81
P00312,139,151,immunotherapy,first_line,7,0.85
P00312,158,166,immunotherapy,first_line,8,0.85
P00312,174,182,immunotherapy,first_line,9,0.9
P00313,6,25,targeted_therapy,first_line,1,0.95
P00313,22,38,targeted_therapy,first_line,2,0.89
P00313,42,69,targeted_therapy,first_line,3,0.81
P00313,65,81,targeted_therapy,first_line,4,0.99
P00313,99,106,targeted_therapy,first_line,5,0.99
P00313,107,132,targeted_therapy,first_line,6,0.96
P00313,128,135,targeted_therapy,first_line,7,1.0
P00313,147,169,targeted_therapy,first_line,8,0.91
P00313,176,183,targeted_therapy,first_line,9,0.99
P00314,15,22,combination_therapy,first_line,1,0.82
P00314,21,47,combination_therapy,first_line,2,0.87
P00314,42,62,combination_therapy,first_line,3,0.85
P00314,63,90,combination_therapy,first_line,4,0.84
P00314,84,106,combination_therapy,first_line,5,0.83
P00314,115,131,combination_therapy,first_line,6,0.92
P00314,129,153,combination_therapy,first_line,7,0.96
P00314,147,169,combination_therapy,first_line,8,0.92
P00315,4,21,immunotherapy,first_line,1,0.83
P00315,37,47,immunotherapy,first_line,2,0.96
P00315,42,64,immunotherapy,first_line,3,0.93
P00315,80,87,immunotherapy,first_line,4,0.88
P00315,85,103,immunotherapy,first_line,5,0.93
P00315,115,128,immunotherapy,first_line,6,0.85
P00315,132,139,immunotherapy,first_line,7,0.87
P00315,147,173,immunotherapy,first_line,8,0.98
P00315,171,178,immunotherapy,first_line,9,0.86
P00316,3,18,immunotherapy,first_line,1,0.89
P00316,39,46,immunotherapy,first_line,2,0.98
P00316,44,64,immunotherapy,first_line,3,0.94
P00316,64,83,immunotherapy,first_line,4,0.81
P00316,85,111,immunotherapy,first_line,5,0.83
P00316,115,127,immunotherapy,first_line,6,0.8
P00316,129,153,immunotherapy,first_line,7,0.93
P00316,163,170,immunotherapy,first_line,8,0.89
P00316,175,182,immunotherapy,first_line,9,0.83
P00317,2,9,targeted_therapy,first_line,1,0.99
P00317,36,47,targeted_therapy,first_line,2,0.91
P00317,42,61,targeted_therapy,first_line,3,0.85
P00317,65,75,targeted_therapy,first_line,4,0.9
P00317,97,111,targeted_therapy,first_line,5,0.94
P00317,108,131,targeted_therapy,first_line,6,0.82
P00317,131,148,targeted_therapy,first_line,7,0.85
P00317,151,171,targeted_therapy,first_line,8,0.96
P00317,168,183,targeted_therapy,first_line,9,0.89
P00318,9,21,immunotherapy,first_line,1,0.91
P00318,22,42,immunotherapy,first_line,2,0.89
P00318,46,65,immunotherapy,first_line,3,0.81
P00318,71,87,immunotherapy,first_line,4,0.83
P00318,86,107,immunotherapy,first_line,5,0.89
P00318,105,123,immunotherapy,first_line,6,0.84
P00318,135,151,immunotherapy,first_line,7,0.81
P00318,157,167,immunotherapy,first_line,8,0.97
P00318,170,183,immunotherapy,first_line,9,1.0
P00319,1,16,chemotherapy,first_line,1,0.96
P00319,23,32,chemotherapy,first_line,2,0.97
P00319,42,65,chemotherapy,first_line,3,0.85
P00319,63,86,chemotherapy,first_line,4,0.99
P00319,88,108,chemotherapy,first_line,5,0.84
P00319,115,132,chemotherapy,first_line,6,0.99
P00319,128,153,chemotherapy,first_line,7,1.0
P00319,165,172,chemotherapy,first_line,8,0.94
P00319,169,180,chemotherapy,first_line,9,1.0
P00320,6,26,combination_therapy,first_line,1,0.91
P00320,34,46,combination_therapy,first_line,2,0.85
P00320,48,66,combination_therapy,first_line,3,0.89
P00320,64,84,combination_therapy,first_line,4,0.92
P00320,91,110,combination_therapy,first_line,5,0.81
P00320,105,132,combination_therapy,first_line,6,0.92
P00320,145,152,combination_therapy,first_line,7,1.0
P00320,153,172,combination_therapy,first_line,8,0.84
P00320,179,186,combination_therapy,first_line,9,0.96
P00321,9,24,chemotherapy,first_line,1,0.98
P00321,27,45,chemotherapy,first_line,2,0.99
P00321,44,67,chemotherapy,first_line,3,0.99
P00321,73,85,chemotherapy,first_line,4,0.9
P00321,88,95,chemotherapy,first_line,5,1.0
P00321,105,132,chemotherapy,first_line,6,0.95
P00321,127,146,chemotherapy,first_line,7,0.83
P00321,156,167,chemotherapy,first_line,8,0.9
P00321,171,185,chemotherapy,first_line,9,0.94
P00322,2,27,chemotherapy,first_line,1,0.85
P00322,21,47,chemotherapy,first_line,2,0.93
P00322,47,67,chemotherapy,first_line,3,0.93
P00322,63,84,chemotherapy,first_line,4,0.83
P00322,86,107,chemotherapy,first_line,5,0.91
P00322,110,129,chemotherapy,first_line,6,0.95
P00322,142,150,chemotherapy,first_line,7,0.9
P00322,151,171,chemotherapy,first_line,8,0.8
P00323,2,26,chemotherapy,first_line,1,0.8
P00323,30,46,chemotherapy,first_line,2,0.87
P00323,46,66,chemotherapy,first_line,3,0.99
P00323,75,89,chemotherapy,first_line,4,0.85
P00323,88,104,chemotherapy,first_line,5,0.93
P00323,113,120,chemotherapy,first_line,6,0.84
P00323,127,152,chemotherapy,first_line,7,0.86
P00323,151,170,chemotherapy,first_line,8,0.97
P00323,172,184,chemotherapy,first_line,9,0.95
P00324,11,26,combination_therapy,first_line,1,0.82
P00324,26,42,combination_therapy,first_line,2,0.89
P00324,42,65,combination_therapy,first_line,3,0.81
P00324,65,72,combination_therapy,first_line,4,0.9
P00324,87,111,combination_therapy,first_line,5,0.93
P00324,110,127,combination_therapy,first_line,6,0.82
P00324,130,152,combination_therapy,first_line,7,0.86
P00324,152,173,combination_therapy,first_line,8,0.88
P00324,169,176,combination_therapy,first_line,9,0.98
P00325,1,20,immunotherapy,first_line,1,1.0
P00325,35,42,immunotherapy,first_line,2,0.81
P00325,45,69,immunotherapy,first_line,3,0.95
P00325,66,78,immunotherapy,first_line,4,0.87
P00325,84,101,immunotherapy,first_line,5,0.88
P00325,110,132,immunotherapy,first_line,6,0.95
P00325,139,153,immunotherapy,first_line,7,0.98
P00325,149,168,immunotherapy,first_line,8,0.99
P00325,169,186,immunotherapy,first_line,9,0.92
P00326,11,24,combination_therapy,first_line,1,0.87
P00326,36,43,combination_therapy,first_line,2,0.96
P00326,48,69,combination_therapy,first_line,3,0.85
P00326,66,89,combination_therapy,first_line,4,0.91
P00326,91,108,combination_therapy,first_line,5,0.87
P00326,108,132,combination_therapy,first_line,6,0.93
P00326,127,144,combination_therapy,first_line,7,0.85
P00326,151,174,combination_therapy,first_line,8,0.84
P00326,178,185,combination_therapy,first_line,9,0.98
P00327,0,26,combination_therapy,first_line,1,0.82
P00327,24,48,combination_therapy,first_line,2,0.9
P00327,42,69,combination_therapy,first_line,3,0.84
P00327,65,72,combination_therapy,first_line,4,0.81
P00327,92,105,combination_therapy,first_line,5,0.81
P00327,106,129,combination_therapy,first_line,6,0.84
P00327,127,134,combination_therapy,first_line,7,0.97
P00327,149,165,combination_therapy,first_line,8,0.86
P00327,173,181,combination_therapy,first_line,9,0.99
P00328,0,26,chemotherapy,first_line,1,0.92
P00328,25,39,chemotherapy,first_line,2,0.89
P00328,46,63,chemotherapy,first_line,3,0.92
P00328,65,79,chemotherapy,first_line,4,0.9
P00328,89,111,chemotherapy,first_line,5,0.95
P00328,118,130,chemotherapy,first_line,6,0.86
P00328,130,148,chemotherapy,first_line,7,0.87
P00328,156,174,chemotherapy,first_line,8,0.98
P00328,171,178,chemotherapy,first_line,9,0.99
P00329,12,26,combination_therapy,first_line,1,0.98
P00329,21,38,combination_therapy,first_line,2,0.88
P00329,42,59,combination_therapy,first_line,3,0.96
P00329,78,85,combination_therapy,first_line,4,0.9
P00329,84,110,combination_therapy,first_line,5,0.9
P00329,110,127,combination_therapy,first_line,6,0.84
P00329,126,152,combination_therapy,first_line,7,0.92
P00329,152,166,combination_therapy,first_line,8,0.84
P00329,171,184,combination_therapy,first_line,9,0.87
P00330,9,16,targeted_therapy,first_line,1,0.97
P00330,27,46,targeted_therapy,first_line,2,0.84
P00330,44,66,targeted_therapy,first_line,3,0.81
P00330,74,85,targeted_therapy,first_line,4,0.81
P00330,90,110,targeted_therapy,first_line,5,0.99
P00330,108,129,targeted_therapy,first_line,6,0.9
P00330,131,146,targeted_therapy,first_line,7,0.88
P00330,152,172,targeted_therapy,first_line,8,0.96
P00330,168,186,targeted_therapy,first_line,9,0.97
P00331,46,69,immunotherapy,first_line,3,0.87
P00331,63,85,immunotherapy,first_line,4,0.94
P00331,91,108,immunotherapy,first_line,5,0.95
P00331,107,121,immunotherapy,first_line,6,0.93
P00331,131,150,immunotherapy,first_line,7,0.83
P00331,155,172,immunotherapy,first_line,8,0.98
P00331,178,185,immunotherapy,first_line,9,0.91
P00332,10,27,combination_therapy,first_line,1,0.86
P00332,29,47,combination_therapy,first_line,2,0.89
P00332,46,53,combination_therapy,first_line,3,0.81
P00332,63,82,combination_therapy,first_line,4,0.83
P00332,98,106,combination_therapy,first_line,5,0.95
P00332,108,125,combination_therapy,first_line,6,0.8
P00332,126,148,combination_therapy,first_line,7,0.88
P00332,147,172,combination_therapy,first_line,8,0.9
P00332,174,183,combination_therapy,first_line,9,0.81
P00333,8,27,targeted_therapy,first_line,1,0.99
P00333,21,47,targeted_therapy,first_line,2,0.85
P00333,53,64,targeted_therapy,first_line,3,0.86
P00333,63,81,targeted_therapy,first_line,4,0.86
P00333,96,110,targeted_therapy,first_line,5,0.85
P00333,117,125,targeted_therapy,first_line,6,0.8
P00333,129,149,targeted_therapy,first_line,7,0.95
P00333,152,174,targeted_therapy,first_line,8,0.99
P00333,171,185,targeted_therapy,first_line,9,0.84
P00334,8,27,immunotherapy,first_line,1,0.93
P00334,22,48,immunotherapy,first_line,2,0.95
P00334,46,69,immunotherapy,first_line,3,0.97
P00334,66,78,immunotherapy,first_line,4,0.88
P00334,93,106,immunotherapy,first_line,5,0.86
P00334,131,149,immunotherapy,first_line,7,0.87
P00334,150,174,immunotherapy,first_line,8,0.94
P00334,170,183,immunotherapy,first_line,9,0.96
P00335,2,24,combination_therapy,first_line,1,0.84
P00335,22,42,combination_therapy,first_line,2,0.87
P00335,42,64,combination_therapy,first_line,3,0.98
P00335,66,73,combination_therapy,first_line,4,0.96
P00335,105,112,combination_therapy,first_line,6,1.0
P00335,127,145,combination_therapy,first_line,7,0.95
P00335,148,173,combination_therapy,first_line,8,0.88
P00335,168,180,combination_therapy,first_line,9,0.92
P00336,4,25,targeted_therapy,first_line,1,0.93
P00336,22,30,targeted_therapy,first_line,2,0.82
P00336,45,67,targeted_therapy,first_line,3,0.91
P00336,67,88,targeted_therapy,first_line,4,0.94
P00336,84,108,targeted_therapy,first_line,5,0.83
P00336,108,127,targeted_therapy,first_line,6,0.96
P00336,144,151,targeted_therapy,first_line,7,0.92
P00336,158,165,targeted_therapy,first_line,8,0.99
P00336,176,183,targeted_therapy,first_line,9,0.81
P00337,12,24,targeted_therapy,first_line,1,0.85
P00337,25,43,targeted_therapy,first_line,2,0.92
P00337,43,63,targeted_therapy,first_line,3,0.86
P00337,70,90,targeted_therapy,first_line,4,0.94
P00337,89,111,targeted_therapy,first_line,5,0.95
P00337,120,132,targeted_therapy,first_line,6,0.82
P00337,128,151,targeted_therapy,first_line,7,0.9
P00337,153,170,targeted_therapy,first_line,8,0.9
P00337,170,185,targeted_therapy,first_line,9,0.87
P00338,0,23,targeted_therapy,first_line,1,0.99
P00338,23,46,targeted_therapy,first_line,2,0.97
P00338,53,60,targeted_therapy,first_line,3,0.94
P00338,63,90,targeted_therapy,first_line,4,0.94
P00338,84,101,targeted_therapy,first_line,5,0.89
P00338,111,131,targeted_therapy,first_line,6,0.98
P00338,143,150,targeted_therapy,first_line,7,0.94
P00338,153,173,targeted_therapy,first_line,8,0.95
P00338,169,179,targeted_therapy,first_line,9,0.97
P00339,3,27,targeted_therapy,first_line,1,0.85
P00339,22,43,targeted_therapy,first_line,2,0.96
P00339,45,69,targeted_therapy,first_line,3,0.84
P00339,82,90,targeted_therapy,first_line,4,0.87
P00339,86,104,targeted_therapy,first_line,5,0.87
P00339,107,114,targeted_therapy,first_line,6,1.0
P00339,128,143,targeted_therapy,first_line,7,0.97
P00339,149,172,targeted_therapy,first_line,8,0.94
P00339,177,184,targeted_therapy,first_line,9,0.95
P00340,6,25,immunotherapy,first_line,1,0.91
P00340,29,48,immunotherapy,first_line,2,0.99
P00340,51,58,immunotherapy,first_line,3,0.9
P00340,63,87,immunotherapy,first_line,4,0.88
P00340,84,105,immunotherapy,first_line,5,0.83
P00340,108,127,immunotherapy,first_line,6,0.96
P00340,128,145,immunotherapy,first_line,7,0.95
P00340,147,172,immunotherapy,first_line,8,0.88
P00340,168,182,immunotherapy,first_line,9,0.81
P00341,12,27,combination_therapy,first_line,1,0.97
P00341,25,48,combination_therapy,first_line,2,0.8
P00341,46,68,combination_therapy,first_line,3,0.94
P00341,77,86,combination_therapy,first_line,4,0.99
P00341,87,109,combination_therapy,first_line,5,0.89
P00341,111,125,combination_therapy,first_line,6,0.85
P00341,128,153,combination_therapy,first_line,7,0.94
P00341,149,170,combination_therapy,first_line,8,0.96
P00341,170,177,combination_therapy,first_line,9,0.91
P00342,4,25,immunotherapy,first_line,1,0.99
P00342,22,44,immunotherapy,first_line,2,0.81
P00342,50,60,immunotherapy,first_line,3,0.9
P00342,70,90,immunotherapy,first_line,4,0.94
P00342,91,98,immunotherapy,first_line,5,0.97
P00342,106,130,immunotherapy,first_line,6,0.84
P00342,132,150,immunotherapy,first_line,7,0.96
P00342,150,174,immunotherapy,first_line,8,0.91
P00343,14,21,immunotherapy,first_line,1,0.88
P00343,23,40,immunotherapy,first_line,2,0.83
P00343,52,68,immunotherapy,first_line,3,0.97
P00343,67,88,immunotherapy,first_line,4,0.83
P00343,85,108,immunotherapy,first_line,5,0.86
P00343,106,126,immunotherapy,first_line,6,0.86
P00343,128,135,immunotherapy,first_line,7,0.97
P00343,156,169,immunotherapy,first_line,8,0.93
P00343,168,185,immunotherapy,first_line,9,0.96
P00344,0,26,chemotherapy,first_line,1,0.85
P00344,34,41,chemotherapy,first_line,2,0.92
P00344,47,66,chemotherapy,first_line,3,0.91
P00344,63,87,chemotherapy,first_line,4,0.97
P00344,86,108,chemotherapy,first_line,5,0.98
P00344,122,129,chemotherapy,first_line,6,0.8
P00344,130,150,chemotherapy,first_line,7,0.93
P00344,148,165,chemotherapy,first_line,8,0.81
P00344,170,184,chemotherapy,first_line,9,0.91
P00345,2,22,targeted_therapy,first_line,1,0.86
P00345,32,48,targeted_therapy,first_line,2,0.86
P00345,42,66,targeted_therapy,first_line,3,0.87
P00345,65,90,targeted_therapy,first_line,4,0.92
P00345,93,105,targeted_therapy,first_line,5,0.87
P00345,111,122,targeted_therapy,first_line,6,0.95
P00345,132,143,targeted_therapy,first_line,7,0.88
P00345,149,163,targeted_therapy,first_line,8,0.81
P00345,173,185,targeted_therapy,first_line,9,0.96
P00346,1,22,combination_therapy,first_line,1,0.86
P00346,32,39,combination_therapy,first_line,2,0.89
P00346,44,64,combination_therapy,first_line,3,0.94
P00346,65,72,combination_therapy,first_line,4,0.87
P00346,86,111,combination_therapy,first_line,5,0.81
P00346,110,128,combination_therapy,first_line,6,0.87
P00346,129,152,combination_therapy,first_line,7,0.99
P00346,148,172,combination_therapy,first_line,8,0.93
P00346,169,186,combination_therapy,first_line,9,0.93
P00347,2,26,chemotherapy,first_line,1,0.93
P00347,31,38,chemotherapy,first_line,2,0.84
P00347,42,49,chemotherapy,first_line,3,0.88
P00347,66,86,chemotherapy,first_line,4,0.95
P00347,99,108,chemotherapy,first_line,5,0.82
P00347,107,128,chemotherapy,first_line,6,0.86
P00347,137,148,chemotherapy,first_line,7,0.86
P00347,151,161,chemotherapy,first_line,8,0.89
P00347,177,186,chemotherapy,first_line,9,1.0
P00348,0,19,chemotherapy,first_line,1,0.81
P00348,28,41,chemotherapy,first_line,2,0.9
P00348,43,63,chemotherapy,first_line,3,0.84
P00348,66,86,chemotherapy,first_line,4,0.99
P00348,84,107,chemotherapy,first_line,5,0.82
P00348,119,129,chemotherapy,first_line,6,0.88
P00348,138,145,chemotherapy,first_line,7,0.95
P00348,149,174,chemotherapy,first_line,8,0.94
P00348,169,180,chemotherapy,first_line,9,0.88
P00349,3,24,combination_therapy,first_line,1,0.87
P00349,36,43,combination_therapy,first_line,2,0.88
P00349,42,59,combination_therapy,first_line,3,0.85
P00349,63,90,combination_therapy,first_line,4,0.84
P00349,90,105,combination_therapy,first_line,5,0.9
P00349,109,130,combination_therapy,first_line,6,0.85
P00349,129,143,combination_therapy,first_line,7,0.86
P00349,149,172,combination_therapy,first_line,8,0.93
P00349,170,177,combination_therapy,first_line,9,0.99
P00350,2,27,immunotherapy,first_line,1,0.92
P00350,23,44,immunotherapy,first_line,2,0.82
P00350,55,65,immunotherapy,first_line,3,0.82
P00350,70,85,immunotherapy,first_line,4,0.99
P00350,86,109,immunotherapy,first_line,5,0.86
P00350,112,124,immunotherapy,first_line,6,0.82
P00350,134,141,immunotherapy,first_line,7,0.92
P00350,161,168,immunotherapy,first_line,8,0.92
P00350,168,184,immunotherapy,first_line,9,0.93
P00351,0,25,targeted_therapy,first_line,1,0.85
P00351,25,46,targeted_therapy,first_line,2,0.8
P00351,42,69,targeted_therapy,first_line,3,0.99
P00351,66,90,targeted_therapy,first_line,4,0.85
P00351,86,110,targeted_therapy,first_line,5,0.94
P00351,109,130,targeted_therapy,first_line,6,0.94
P00351,138,145,targeted_therapy,first_line,7,0.92
P00351,151,174,targeted_therapy,first_line,8,0.86
P00351,172,179,targeted_therapy,first_line,9,0.85
P00352,3,24,chemotherapy,first_line,1,0.92
P00352,22,48,chemotherapy,first_line,2,0.97
P00352,45,63,chemotherapy,first_line,3,0.99
P00352,67,80,chemotherapy,first_line,4,0.82
P00352,86,109,chemotherapy,first_line,5,0.83
P00352,105,127,chemotherapy,first_line,6,0.99
P00352,130,139,chemotherapy,first_line,7,0.95
P00352,156,172,chemotherapy,first_line,8,0.98
P00353,5,22,immunotherapy,first_line,1,0.84
P00353,28,35,immunotherapy,first_line,2,0.92
P00353,49,65,immunotherapy,first_line,3,0.94
P00353,65,74,immunotherapy,first_line,4,0.94
P00353,99,110,immunotherapy,first_line,5,0.88
P00353,108,130,immunotherapy,first_line,6,0.8
P00353,130,153,immunotherapy,first_line,7,0.92
P00353,148,168,immunotherapy,first_line,8,0.85
P00353,170,186,immunotherapy,first_line,9,0.89
P00354,1,23,targeted_therapy,first_line,1,0.99
P00354,29,45,targeted_therapy,first_line,2,0.88
P00354,42,69,targeted_therapy,first_line,3,0.97
P00354,64,87,targeted_therapy,first_line,4,0.84
P00354,85,101,targeted_therapy,first_line,5,0.93
P00354,105,130,targeted_therapy,first_line,6,1.0
P00354,130,153,targeted_therapy,first_line,7,0.82
P00354,153,174,targeted_therapy,first_line,8,0.8
P00355,0,21,immunotherapy,first_line,1,0.89
P00355,24,40,immunotherapy,first_line,2,0.82
P00355,42,68,immunotherapy,first_line,3,0.95
P00355,69,88,immunotherapy,first_line,4,0.98
P00355,90,108,immunotherapy,first_line,5,0.89
P00355,105,117,immunotherapy,first_line,6,0.85
P00355,147,171,immunotherapy,first_line,8,0.89
P00356,0,16,combination_therapy,first_line,1,0.94
P00356,24,38,combination_therapy,first_line,2,0.8
P00356,53,69,combination_therapy,first_line,3,0.92
P00356,66,87,combination_therapy,first_line,4,0.92
P00356,86,106,combination_therapy,first_line,5,0.93
P00356,108,132,combination_therapy,first_line,6,0.85
P00356,126,151,combination_therapy,first_line,7,0.94
P00356,148,171,combination_therapy,first_line,8,0.82
P00357,3,17,combination_therapy,first_line,1,0.84
P00357,23,46,combination_therapy,first_line,2,0.98
P00357,49,56,combination_therapy,first_line,3,0.95
P00357,63,90,combination_therapy,first_line,4,0.8
P00357,85,109,combination_therapy,first_line,5,0.85
P00357,110,131,combination_therapy,first_line,6,0.84
P00357,131,151,combination_therapy,first_line,7,0.85
P00357,149,174,combination_therapy,first_line,8,0.85
P00357,172,179,combination_therapy,first_line,9,0.81
P00358,4,21,immunotherapy,first_line,1,0.89
P00358,22,47,immunotherapy,first_line,2,0.95
P00358,48,59,immunotherapy,first_line,3,0.92
P00358,66,87,immunotherapy,first_line,4,0.93
P00358,89,110,immunotherapy,first_line,5,0.82
P00358,113,131,immunotherapy,first_line,6,0.99
P00358,130,153,immunotherapy,first_line,7,0.97
P00358,147,169,immunotherapy,first_line,8,0.96
P00358,169,186,immunotherapy,first_line,9,0.96
P00359,6,24,targeted_therapy,first_line,1,0.99
P00359,22,44,targeted_therapy,first_line,2,0.91
P00359,43,60,targeted_therapy,first_line,3,0.84
P00359,68,75,targeted_therapy,first_line,4,0.92
P00359,89,111,targeted_therapy,first_line,5,0.95
P00359,106,131,targeted_therapy,first_line,6,0.95
P00359,126,151,targeted_therapy,first_line,7,0.9
P00359,153,172,targeted_therapy,first_line,8,0.81
P00359,179,186,targeted_therapy,first_line,9,0.87
P00360,0,27,combination_therapy,first_line,1,0.98
P00360,24,48,combination_therapy,first_line,2,0.92
P00360,54,61,combination_therapy,first_line,3,0.91
P00360,77,88,combination_therapy,first_line,4,0.85
P00360,87,111,combination_therapy,first_line,5,0.87
P00360,105,132,combination_therapy,first_line,6,0.98
P00360,130,149,combination_therapy,first_line,7,0.93
P00360,147,168,combination_therapy,first_line,8,0.96
P00360,172,179,combination_therapy,first_line,9,0.89
P00361,5,26,chemotherapy,first_line,1,0.93
P00361,21,46,chemotherapy,first_line,2,0.85
P00361,44,69,chemotherapy,first_line,3,0.94
P00361,66,79,chemotherapy,first_line,4,0.89
P00361,91,107,chemotherapy,first_line,5,0.89
P00361,110,126,chemotherapy,first_line,6,0.93
P00361,134,150,chemotherapy,first_line,7,0.99
P00361,149,167,chemotherapy,first_line,8,0.81
P00361,168,184,chemotherapy,first_line,9,0.96
P00362,1,16,targeted_therapy,first_line,1,0.86
P00362,40,47,targeted_therapy,first_line,2,0.89
P00362,43,61,targeted_therapy,first_line,3,0.8
P00362,67,89,targeted_therapy,first_line,4,0.86
P00362,84,110,targeted_therapy,first_line,5,0.9
P00362,109,124,targeted_therapy,first_line,6,0.81
P00362,126,152,targeted_therapy,first_line,7,0.9
P00362,150,174,targeted_therapy,first_line,8,0.99
P00362,174,186,targeted_therapy,first_line,9,0.82
P00363,1,26,immunotherapy,first_line,1,0.95
P00363,23,40,immunotherapy,first_line,2,0.88
P00363,44,68,immunotherapy,first_line,3,0.93
P00363,65,90,immunotherapy,first_line,4,0.85
P00363,84,104,immunotherapy,first_line,5,0.83
P00363,110,129,immunotherapy,first_line,6,0.83
P00363,137,151,immunotherapy,first_line,7,0.81
P00363,147,173,immunotherapy,first_line,8,0.84
P00363,172,184,immunotherapy,first_line,9,0.93
P00364,5,14,targeted_therapy,first_line,1,0.98
P00364,23,47,targeted_therapy,first_line,2,0.96
P00364,53,68,targeted_therapy,first_line,3,0.94
P00364,68,90,targeted_therapy,first_line,4,0.82
P00364,93,105,targeted_therapy,first_line,5,0.86
P00364,108,131,targeted_therapy,first_line,6,0.86
P00364,128,148,targeted_therapy,first_line,7,0.85
P00364,161,174,targeted_therapy,first_line,8,0.9
P00364,170,177,targeted_therapy,first_line,9,0.91
P00365,5,14,chemotherapy,first_line,1,0.87
P00365,26,41,chemotherapy,first_line,2,0.87
P00365,44,61,chemotherapy,first_line,3,0.97
P00365,66,80,chemotherapy,first_line,4,0.96
P00365,84,102,chemotherapy,first_line,5,0.86
P00365,110,131,chemotherapy,first_line,6,0.98
P00365,131,148,chemotherapy,first_line,7,0.99
P00365,157,167,chemotherapy,first_line,8,0.87
P00365,169,176,chemotherapy,first_line,9,0.87
P00366,33,40,immunotherapy,first_line,2,0.9
P00366,42,68,immunotherapy,first_line,3,0.99
P00366,77,90,immunotherapy,first_line,4,0.98
P00366,84,94,immunotherapy,first_line,5,0.82
P00366,107,125,immunotherapy,first_line,6,0.88
P00366,128,151,immunotherapy,first_line,7,0.91
P00366,147,174,immunotherapy,first_line,8,0.9
P00366,175,185,immunotherapy,first_line,9,0.84
P00367,1,24,combination_therapy,first_line,1,0.97
P00367,21,48,combination_therapy,first_line,2,0.94
P00367,71,84,combination_therapy,first_line,4,0.97
P00367,85,108,combination_therapy,first_line,5,0.97
P00367,114,122,combination_therapy,first_line,6,0.95
P00367,132,151,combination_therapy,first_line,7,0.89
P00367,151,174,combination_therapy,first_line,8,0.92
P00367,172,186,combination_therapy,first_line,9,0.83
P00368,1,26,combination_therapy,first_line,1,0.93
P00368,23,46,combination_therapy,first_line,2,0.84
P00368,49,67,combination_therapy,first_line,3,0.94
P00368,64,90,combination_therapy,first_line,4,0.85
P00368,85,107,combination_therapy,first_line,5,0.82
P00368,111,118,combination_therapy,first_line,6,0.83
P00368,131,151,combination_therapy,first_line,7,0.8
P00368,166,173,combination_therapy,first_line,8,0.94
P00369,1,21,immunotherapy,first_line,1,0.95
P00369,27,48,immunotherapy,first_line,2,0.9
P00369,46,68,immunotherapy,first_line,3,0.83
P00369,79,89,immunotherapy,first_line,4,0.82
P00369,91,102,immunotherapy,first_line,5,0.8
P00369,108,128,immunotherapy,first_line,6,0.83
P00369,132,139,immunotherapy,first_line,7,0.98
P00369,152,166,immunotherapy,first_line,8,0.85
P00369,174,181,immunotherapy,first_line,9,0.87
P00370,6,27,targeted_therapy,first_line,1,0.82
P00370,21,38,targeted_therapy,first_line,2,0.84
P00370,55,66,targeted_therapy,first_line,3,0.9
P00370,72,90,targeted_therapy,first_line,4,0.92
P00370,88,110,targeted_therapy,first_line,5,0.85
P00370,111,128,targeted_therapy,first_line,6,0.81
P00370,128,149,targeted_therapy,first_line,7,0.88
P00370,152,174,targeted_therapy,first_line,8,0.85
P00371,0,25,immunotherapy,first_line,1,0.84
P00371,24,47,immunotherapy,first_line,2,0.99
P00371,46,69,immunotherapy,first_line,3,0.92
P00371,64,81,immunotherapy,first_line,4,0.91
P00371,87,108,immunotherapy,first_line,5,0.88
P00371,109,131,immunotherapy,first_line,6,0.89
P00371,128,146,immunotherapy,first_line,7,0.91
P00371,170,186,immunotherapy,first_line,9,0.94
P00372,7,27,combination_therapy,first_line,1,0.94
P00372,21,42,combination_therapy,first_line,2,0.83
P00372,51,69,combination_therapy,first_line,3,0.9
P00372,67,87,combination_therapy,first_line,4,0.88
P00372,90,105,combination_therapy,first_line,5,0.97
P00372,106,131,combination_therapy,first_line,6,0.93
P00372,133,152,combination_therapy,first_line,7,0.91
P00372,150,174,combination_therapy,first_line,8,0.82
P00372,172,179,combination_therapy,first_line,9,0.92
P00373,4,21,combination_therapy,first_line,1,0.82
P00373,26,33,combination_therapy,first_line,2,0.87
P00373,44,68,combination_therapy,first_line,3,0.83
P00373,69,89,combination_therapy,first_line,4,0.94
P00373,90,110,combination_therapy,first_line,5,0.84
P00373,105,112,combination_therapy,first_line,6,0.88
P00373,142,149,combination_therapy,first_line,7,0.98
P00373,148,173,combination_therapy,first_line,8,0.84
P00373,170,183,combination_therapy,first_line,9,0.9
P00374,8,15,combination_therapy,first_line,1,0.88
P00374,26,48,combination_therapy,first_line,2,0.8
P00374,44,69,combination_therapy,first_line,3,0.96
P00374,65,80,combination_therapy,first_line,4,0.81
P00374,93,109,combination_therapy,first_line,5,0.89
P00374,106,132,combination_therapy,first_line,6,0.91
P00374,128,142,combination_therapy,first_line,7,0.93
P00374,149,173,combination_therapy,first_line,8,0.94
P00374,174,184,combination_therapy,first_line,9,0.85
P00375,0,16,targeted_therapy,first_line,1,0.8
P00375,25,46,targeted_therapy,first_line,2,0.94
P00375,42,56,targeted_therapy,first_line,3,0.91
P00375,64,79,targeted_therapy,first_line,4,0.97
P00375,84,111,targeted_therapy,first_line,5,0.96
P00375,106,125,targeted_therapy,first_line,6,0.97
P00375,129,152,targeted_therapy,first_line,7,0.9
P00375,150,173,targeted_therapy,first_line,8,0.87
P00375,169,176,targeted_therapy,first_line,9,0.96
P00376,10,27,immunotherapy,first_line,1,0.89
P00376,25,45,immunotherapy,first_line,2,0.84
P00376,50,67,immunotherapy,first_line,3,0.97
P00376,64,88,immunotherapy,first_line,4,0.98
P00376,86,111,immunotherapy,first_line,5,0.89
P00376,110,117,immunotherapy,first_line,6,0.82
P00376,135,151,immunotherapy,first_line,7,0.88
P00376,149,169,immunotherapy,first_line,8,0.96
P00376,172,184,immunotherapy,first_line,9,0.98
P00377,2,25,immunotherapy,first_line,1,0.84
P00377,27,45,immunotherapy,first_line,2,0.81
P00377,42,67,immunotherapy,first_line,3,0.98
P00377,64,82,immunotherapy,first_line,4,0.88
P00377,88,106,immunotherapy,first_line,5,0.91
P00377,106,113,immunotherapy,first_line,6,0.99
P00377,127,150,immunotherapy,first_line,7,0.81
P00377,166,173,immunotherapy,first_line,8,0.93
P00377,169,186,immunotherapy,first_line,9,0.81
P00378,6,25,immunotherapy,first_line,1,0.88
P00378,22,42,immunotherapy,first_line,2,0.96
P00378,44,69,immunotherapy,first_line,3,0.89
P00378,70,80,immunotherapy,first_line,4,1.0
P00378,98,105,immunotherapy,first_line,5,0.91
P00378,111,126,immunotherapy,first_line,6,0.86
P00378,126,149,immunotherapy,first_line,7,0.84
P00378,147,173,immunotherapy,first_line,8,0.87
P00378,168,175,immunotherapy,first_line,9,0.87
P00379,5,18,combination_therapy,first_line,1,0.81
P00379,23,45,combination_therapy,first_line,2,0.87
P00379,48,67,combination_therapy,first_line,3,0.89
P00379,63,85,combination_therapy,first_line,4,0.94
P00379,89,109,combination_therapy,first_line,5,0.93
P00379,109,130,combination_therapy,first_line,6,0.94
P00379,128,136,combination_therapy,first_line,7,0.8
P00379,152,168,combination_therapy,first_line,8,0.84
P00379,169,185,combination_therapy,first_line,9,0.93
P00380,4,22,combination_therapy,first_line,1,0.9
P00380,38,45,combination_therapy,first_line,2,0.8
P00380,57,64,combination_therapy,first_line,3,0.96
P00380,70,80,combination_therapy,first_line,4,0.95
P00380,85,106,combination_therapy,first_line,5,0.91
P00380,105,127,combination_therapy,first_line,6,0.81
P00380,131,150,combination_therapy,first_line,7,0.95
P00380,149,173,combination_therapy,first_line,8,0.92
P00380,170,180,combination_therapy,first_line,9,0.96
P00381,3,17,chemotherapy,first_line,1,0.95
P00381,30,48,chemotherapy,first_line,2,0.96
P00381,56,66,chemotherapy,first_line,3,0.9
P00381,64,90,chemotherapy,first_line,4,0.83
P00381,88,108,chemotherapy,first_line,5,0.93
P00381,105,131,chemotherapy,first_line,6,0.92
P00381,131,147,chemotherapy,first_line,7,0.95
P00381,149,174,chemotherapy,first_line,8,0.83
P00382,5,26,combination_therapy,first_line,1,0.84
P00382,21,46,combination_therapy,first_line,2,0.98
P00382,46,53,combination_therapy,first_line,3,0.95
P00382,64,80,combination_therapy,first_line,4,0.98
P00382,86,97,combination_therapy,first_line,5,0.95
P00382,110,132,combination_therapy,first_line,6,0.92
P00382,126,143,combination_therapy,first_line,7,0.93
P00382,159,168,combination_therapy,first_line,8,0.98
P00382,176,183,combination_therapy,first_line,9,0.92
P00383,0,21,immunotherapy,first_line,1,0.93
P00383,24,43,immunotherapy,first_line,2,0.83
P00383,44,67,immunotherapy,first_line,3,0.89
P00383,65,85,immunotherapy,first_line,4,0.94
P00383,85,110,immunotherapy,first_line,5,0.85
P00383,106,130,immunotherapy,first_line,6,0.84
P00383,126,152,immunotherapy,first_line,7,0.86
P00383,150,171,immunotherapy,first_line,8,0.85
P00383,171,185,immunotherapy,first_line,9,0.84
P00384,1,22,combination_therapy,first_line,1,0.88
P00384,44,60,combination_therapy,first_line,3,0.98
P00384,64,76,combination_therapy,first_line,4,0.9
P00384,88,106,combination_therapy,first_line,5,0.84
P00384,105,125,combination_therapy,first_line,6,0.82
P00384,127,153,combination_therapy,first_line,7,0.94
P00384,149,174,combination_therapy,first_line,8,0.88
P00384,170,185,combination_therapy,first_line,9,0.96
P00385,3,22,immunotherapy,first_line,1,0.93
P00385,24,47,immunotherapy,first_line,2,0.96
P00385,44,68,immunotherapy,first_line,3,0.85
P00385,63,90,immunotherapy,first_line,4,0.94
P00385,84,108,immunotherapy,first_line,5,0.85
P00385,117,124,immunotherapy,first_line,6,0.99
P00385,128,144,immunotherapy,first_line,7,0.93
P00385,153,172,immunotherapy,first_line,8,0.86
P00385,169,179,immunotherapy,first_line,9,0.85
P00386,4,20,combination_therapy,first_line,1,0.84
P00386,28,46,combination_therapy,first_line,2,0.94
P00386,54,68,combination_therapy,first_line,3,0.84
P00386,63,87,combination_therapy,first_line,4,0.92
P00386,115,122,combination_therapy,first_line,6,0.85
P00386,128,149,combination_therapy,first_line,7,0.93
P00386,147,165,combination_therapy,first_line,8,0.96
P00386,169,185,combination_therapy,first_line,9,0.96
P00387,0,24,chemotherapy,first_line,1,0.95
P00387,23,47,chemotherapy,first_line,2,0.84
P00387,47,66,chemotherapy,first_line,3,0.82
P00387,67,88,chemotherapy,first_line,4,0.94
P00387,84,100,chemotherapy,first_line,5,0.87
P00387,107,129,chemotherapy,first_line,6,0.89
P00387,131,150,chemotherapy,first_line,7,0.81
P00387,161,168,chemotherapy,first_line,8,0.85
P00387,168,184,chemotherapy,first_line,9,0.81
P00388,2,24,immunotherapy,first_line,1,0.98
P00388,41,48,immunotherapy,first_line,2,0.85
P00388,48,62,immunotherapy,first_line,3,0.91
P00388,63,88,immunotherapy,first_line,4,0.81
P00388,91,111,immunotherapy,first_line,5,0.93
P00388,110,131,immunotherapy,first_line,6,0.86
P00388,130,143,immunotherapy,first_line,7,0.98
P00388,161,168,immunotherapy,first_line,8,0.98
P00388,171,180,immunotherapy,first_line,9,0.87
P00389,6,18,combination_therapy,first_line,1,0.98
P00389,23,48,combination_therapy,first_line,2,1.0
P00389,48,69,combination_therapy,first_line,3,0.97
P00389,64,89,combination_therapy,first_line,4,0.97
P00389,84,102,combination_therapy,first_line,5,0.85
P00389,111,126,combination_therapy,first_line,6,0.92
P00389,129,147,combination_therapy,first_line,7,0.81
P00389,155,169,combination_therapy,first_line,8,0.82
P00389,178,185,combination_therapy,first_line,9,1.0
P00390,1,26,targeted_therapy,first_line,1,0.87
P00390,21,45,targeted_therapy,first_line,2,0.95
P00390,44,57,targeted_therapy,first_line,3,0.96
P00390,64,90,targeted_therapy,first_line,4,0.97
P00390,84,102,targeted_therapy,first_line,5,1.0
P00390,116,130,targeted_therapy,first_line,6,0.85
P00390,139,151,targeted_therapy,first_line,7,0.81
P00390,149,165,targeted_therapy,first_line,8,0.88
P00390,174,183,targeted_therapy,first_line,9,0.83
P00391,3,10,combination_therapy,first_line,1,0.8
P00391,25,46,combination_therapy,first_line,2,0.87
P00391,51,61,combination_therapy,first_line,3,0.96
P00391,83,90,combination_therapy,first_line,4,0.91
P00391,86,104,combination_therapy,first_line,5,0.86
P00391,106,126,combination_therapy,first_line,6,0.93
P00391,127,149,combination_therapy,first_line,7,0.85
P00391,150,171,combination_therapy,first_line,8,0.8
P00391,174,182,combination_therapy,first_line,9,0.95
P00392,18,26,targeted_therapy,first_line,1,0.92
P00392,32,39,targeted_therapy,first_line,2,0.95
P00392,42,68,targeted_therapy,first_line,3,0.81
P00392,67,85,targeted_therapy,first_line,4,0.97
P00392,86,106,targeted_therapy,first_line,5,0.92
P00392,110,117,targeted_therapy,first_line,6,0.91
P00392,131,151,targeted_therapy,first_line,7,0.92
P00392,161,173,targeted_therapy,first_line,8,0.97
P00392,168,182,targeted_therapy,first_line,9,0.92
P00393,1,8,chemotherapy,first_line,1,0.92
P00393,21,48,chemotherapy,first_line,2,1.0
P00393,46,64,chemotherapy,first_line,3,0.95
P00393,64,84,chemotherapy,first_line,4,0.89
P00393,87,109,chemotherapy,first_line,5,0.94
P00393,108,131,chemotherapy,first_line,6,0.88
P00393,133,151,chemotherapy,first_line,7,0.85
P00393,148,155,chemotherapy,first_line,8,0.92
P00393,172,185,chemotherapy,first_line,9,0.99
P00394,6,13,chemotherapy,first_line,1,0.99
P00394,22,47,chemotherapy,first_line,2,0.87
P00394,43,69,chemotherapy,first_line,3,0.91
P00394,69,88,chemotherapy,first_line,4,0.84
P00394,84,111,chemotherapy,first_line,5,1.0
P00394,107,114,chemotherapy,first_line,6,1.0
P00394,134,153,chemotherapy,first_line,7,0.93
P00394,148,169,chemotherapy,first_line,8,0.96
P00394,171,185,chemotherapy,first_line,9,0.94
P00395,4,25,combination_therapy,first_line,1,0.92
P00395,32,47,combination_therapy,first_line,2,0.81
P00395,43,50,combination_therapy,first_line,3,0.89
P00395,70,90,combination_therapy,first_line,4,0.93
P00395,85,99,combination_therapy,first_line,5,0.94
P00395,107,130,combination_therapy,first_line,6,0.87
P00395,131,148,combination_therapy,first_line,7,0.99
P00395,147,171,combination_therapy,first_line,8,0.83
P00395,169,183,combination_therapy,first_line,9,0.9
P00396,3,25,immunotherapy,first_line,1,0.94
P00396,21,46,immunotherapy,first_line,2,0.94
P00396,48,68,immunotherapy,first_line,3,0.93
P00396,76,83,immunotherapy,first_line,4,0.86
P00396,85,111,immunotherapy,first_line,5,0.83
P00396,109,132,immunotherapy,first_line,6,0.93
P00396,132,150,immunotherapy,first_line,7,0.92
P00396,149,172,immunotherapy,first_line,8,0.84
P00396,170,177,immunotherapy,first_line,9,0.94
P00397,0,20,chemotherapy,first_line,1,0.89
P00397,26,46,chemotherapy,first_line,2,0.93
P00397,45,69,chemotherapy,first_line,3,0.97
P00397,72,90,chemotherapy,first_line,4,0.83
P00397,89,100,chemotherapy,first_line,5,0.8
P00397,105,126,chemotherapy,first_line,6,0.96
P00397,128,143,chemotherapy,first_line,7,0.92
P00397,152,173,chemotherapy,first_line,8,0.94
P00397,175,185,chemotherapy,first_line,9,0.97
P00398,8,18,immunotherapy,first_line,1,0.96
P00398,24,44,immunotherapy,first_line,2,0.99
P00398,44,68,immunotherapy,first_line,3,0.91
P00398,66,88,immunotherapy,first_line,4,0.9
P00398,90,110,immunotherapy,first_line,5,0.88
P00398,105,126,immunotherapy,first_line,6,0.83
P00398,126,153,immunotherapy,first_line,7,0.91
P00398,152,173,immunotherapy,first_line,8,0.86
P00399,0,26,combination_therapy,first_line,1,0.98
P00399,21,44,combination_therapy,first_line,2,0.92
P00399,42,66,combination_therapy,first_line,3,0.92
P00399,65,77,combination_therapy,first_line,4,0.87
P00399,96,103,combination_therapy,first_line,5,0.81
P00399,111,122,combination_therapy,first_line,6,0.81
P00399,126,141,combination_therapy,first_line,7,0.88
P00399,163,172,combination_therapy,first_line,8,0.82
P00399,171,179,combination_therapy,first_line,9,0.92
P00400,9,16,chemotherapy,first_line,1,0.98
P00400,21,37,chemotherapy,first_line,2,0.98
P00400,43,69,chemotherapy,first_line,3,0.93
P00400,64,85,chemotherapy,first_line,4,0.84
P00400,84,105,chemotherapy,first_line,5,0.97
P00400,114,130,chemotherapy,first_line,6,0.98
P00400,127,147,chemotherapy,first_line,7,0.84
P00400,151,174,chemotherapy,first_line,8,0.95
P00400,177,185,chemotherapy,first_line,9,0.86
P00401,25,44,targeted_therapy,first_line,2,0.96
P00401,43,65,targeted_therapy,first_line,3,1.0
P00401,63,85,targeted_therapy,first_line,4,0.81
P00401,85,101,targeted_therapy,first_line,5,0.98
P00401,105,125,targeted_therapy,first_line,6,0.92
P00401,132,148,targeted_therapy,first_line,7,0.99
P00401,151,164,targeted_therapy,first_line,8,0.89
P00401,169,180,targeted_therapy,first_line,9,0.97
P00402,14,25,chemotherapy,first_line,1,0.81
P00402,21,47,chemotherapy,first_line,2,0.87
P00402,42,59,chemotherapy,first_line,3,0.81
P00402,72,79,chemotherapy,first_line,4,1.0
P00402,91,110,chemotherapy,first_line,5,0.96
P00402,109,124,chemotherapy,first_line,6,0.97
P00402,128,152,chemotherapy,first_line,7,0.99
P00402,151,167,chemotherapy,first_line,8,0.82
P00402,170,177,chemotherapy,first_line,9,0.88
P00403,9,19,targeted_therapy,first_line,1,0.81
P00403,21,48,targeted_therapy,first_line,2,0.84
P00403,48,66,targeted_therapy,first_line,3,0.85
P00403,72,87,targeted_therapy,first_line,4,0.89
P00403,90,103,targeted_therapy,first_line,5,0.85
P00403,110,132,targeted_therapy,first_line,6,0.82
P00403,127,152,targeted_therapy,first_line,7,0.83
P00403,175,186,targeted_therapy,first_line,9,0.83
P00404,10,22,targeted_therapy,first_line,1,0.99
P00404,25,38,targeted_therapy,first_line,2,0.95
P00404,42,64,targeted_therapy,first_line,3,0.99
P00404,66,86,targeted_therapy,first_line,4,0.89
P00404,95,107,targeted_therapy,first_line,5,0.86
P00404,108,125,targeted_therapy,first_line,6,0.96
P00404,138,145,targeted_therapy,first_line,7,0.87
P00404,150,170,targeted_therapy,first_line,8,0.86
P00404,179,186,targeted_therapy,first_line,9,0.85
P00405,0,26,immunotherapy,first_line,1,0.83
P00405,22,40,immunotherapy,first_line,2,0.85
P00405,47,62,immunotherapy,first_line,3,0.87
P00405,65,85,immunotherapy,first_line,4,0.93
P00405,84,103,immunotherapy,first_line,5,0.81
P00405,116,132,immunotherapy,first_line,6,0.84
P00405,129,153,immunotherapy,first_line,7,0.96
P00405,157,164,immunotherapy,first_line,8,0.83
P00405,170,185,immunotherapy,first_line,9,0.87
P00406,1,25,targeted_therapy,first_line,1,0.97
P00406,24,46,targeted_therapy,first_line,2,0.83
P00406,48,65,targeted_therapy,first_line,3,0.82
P00406,63,88,targeted_therapy,first_line,4,0.9
P00406,88,104,targeted_therapy,first_line,5,0.86
P00406,112,119,targeted_therapy,first_line,6,0.91
P00406,128,153,targeted_therapy,first_line,7,0.96
P00406,153,174,targeted_therapy,first_line,8,0.83
P00406,174,181,targeted_therapy,first_line,9,0.92
P00407,0,27,chemotherapy,first_line,1,0.9
P00407,25,45,chemotherapy,first_line,2,0.83
P00407,46,61,chemotherapy,first_line,3,0.92
P00407,66,85,chemotherapy,first_line,4,0.85
P00407,91,110,chemotherapy,first_line,5,0.9
P00407,109,130,chemotherapy,first_line,6,0.82
P00407,137,153,chemotherapy,first_line,7,0.89
P00407,156,167,chemotherapy,first_line,8,0.86
P00407,169,185,chemotherapy,first_line,9,0.96
P00408,10,17,targeted_therapy,first_line,1,0.81
P00408,21,47,targeted_therapy,first_line,2,0.88
P00408,48,63,targeted_therapy,first_line,3,0.89
P00408,65,85,targeted_therapy,first_line,4,0.95
P00408,84,99,targeted_therapy,first_line,5,0.91
P00408,106,116,targeted_therapy,first_line,6,0.93
P00408,129,146,targeted_therapy,first_line,7,0.96
P00408,154,165,targeted_therapy,first_line,8,0.97
P00408,169,176,targeted_therapy,first_line,9,0.86
P00409,0,17,combination_therapy,first_line,1,0.91
P00409,24,47,combination_therapy,first_line,2,0.97
P00409,44,69,combination_therapy,first_line,3,1.0
P00409,68,87,combination_therapy,first_line,4,0.98
P00409,84,111,combination_therapy,first_line,5,0.87
P00409,106,132,combination_therapy,first_line,6,0.84
P00409,126,152,combination_therapy,first_line,7,0.9
P00409,148,167,combination_therapy,first_line,8,0.95
P00409,173,181,combination_therapy,first_line,9,0.9
P00410,0,24,immunotherapy,first_line,1,0.9
P00410,22,46,immunotherapy,first_line,2,0.97
P00410,43,68,immunotherapy,first_line,3,0.87
P00410,69,87,immunotherapy,first_line,4,0.97
P00410,86,96,immunotherapy,first_line,5,0.88
P00410,109,126,immunotherapy,first_line,6,0.87
P00410,130,143,immunotherapy,first_line,7,0.89
P00410,147,170,immunotherapy,first_line,8,0.95
P00410,177,186,immunotherapy,first_line,9,0.83
P00411,1,8,immunotherapy,first_line,1,0.84
P00411,22,47,immunotherapy,first_line,2,0.99
P00411,42,69,immunotherapy,first_line,3,0.84
P00411,81,88,immunotherapy,first_line,4,0.91
P00411,94,107,immunotherapy,first_line,5,0.92
P00411,106,124,immunotherapy,first_line,6,0.9
P00411,127,147,immunotherapy,first_line,7,0.93
P00411,154,174,immunotherapy,first_line,8,0.85
P00411,174,181,immunotherapy,first_line,9,0.91
P00412,11,25,combination_therapy,first_line,1,0.87
P00412,24,34,combination_therapy,first_line,2,0.93
P00412,42,66,combination_therapy,first_line,3,0.83
P00412,70,87,combination_therapy,first_line,4,0.91
P00412,84,111,combination_therapy,first_line,5,0.84
P00412,105,130,combination_therapy,first_line,6,0.86
P00412,127,147,combination_therapy,first_line,7,0.84
P00412,154,161,combination_therapy,first_line,8,0.84
P00412,172,182,combination_therapy,first_line,9,0.97
P00413,2,22,targeted_therapy,first_line,1,0.86
P00413,21,43,targeted_therapy,first_line,2,0.99
P00413,42,54,targeted_therapy,first_line,3,0.99
P00413,65,84,targeted_therapy,first_line,4,0.91
P00413,90,111,targeted_therapy,first_line,5,0.83
P00413,106,127,targeted_therapy,first_line,6,0.87
P00413,126,152,targeted_therapy,first_line,7,0.96
P00413,147,170,targeted_therapy,first_line,8,0.87
P00413,168,175,targeted_therapy,first_line,9,0.82
P00414,26,48,combination_therapy,first_line,2,0.91
P00414,48,69,combination_therapy,first_line,3,0.97
P00414,65,74,combination_therapy,first_line,4,0.96
P00414,90,109,combination_therapy,first_line,5,0.84
P00414,106,128,combination_therapy,first_line,6,0.93
P00414,146,153,combination_therapy,first_line,7,0.84
P00414,151,174,combination_therapy,first_line,8,0.84
P00414,171,178,combination_therapy,first_line,9,0.97
P00415,5,24,combination_therapy,first_line,1,0.85
P00415,23,47,combination_therapy,first_line,2,0.85
P00415,56,69,combination_therapy,first_line,3,0.8
P00415,86,108,combination_therapy,first_line,5,0.97
P00415,105,131,combination_therapy,first_line,6,0.96
P00415,126,137,combination_therapy,first_line,7,0.93
P00415,148,172,combination_therapy,first_line,8,0.95
P00415,176,185,combination_therapy,first_line,9,0.83
P00416,8,18,immunotherapy,first_line,1,0.89
P00416,24,48,immunotherapy,first_line,2,0.87
P00416,42,61,immunotherapy,first_line,3,0.82
P00416,70,88,immunotherapy,first_line,4,0.9
P00416,86,103,immunotherapy,first_line,5,0.98
P00416,108,126,immunotherapy,first_line,6,0.81
P00416,138,150,immunotherapy,first_line,7,0.86
P00416,152,163,immunotherapy,first_line,8,0.84
P00416,168,183,immunotherapy,first_line,9,0.85
P00417,2,25,combination_therapy,first_line,1,0.98
P00417,24,34,combination_therapy,first_line,2,0.89
P00417,43,55,combination_therapy,first_line,3,0.89
P00417,67,90,combination_therapy,first_line,4,0.95
P00417,88,109,combination_therapy,first_line,5,0.83
P00417,113,130,combination_therapy,first_line,6,0.9
P00417,126,148,combination_therapy,first_line,7,0.89
P00417,148,166,combination_therapy,first_line,8,0.92
P00417,168,186,combination_therapy,first_line,9,1.0
P00418,7,27,targeted_therapy,first_line,1,0.95
P00418,28,43,targeted_therapy,first_line,2,0.88
P00418,43,63,targeted_therapy,first_line,3,0.97
P00418,77,84,targeted_therapy,first_line,4,0.83
P00418,93,105,targeted_therapy,first_line,5,0.81
P00418,107,128,targeted_therapy,first_line,6,0.84
P00418,140,153,targeted_therapy,first_line,7,0.87
P00418,147,168,targeted_therapy,first_line,8,0.9
P00419,1,15,combination_therapy,first_line,1,0.92
P00419,22,41,combination_therapy,first_line,2,0.98
P00419,47,62,combination_therapy,first_line,3,0.9
P00419,66,73,combination_therapy,first_line,4,0.9
P00419,86,100,combination_therapy,first_line,5,0.81
P00419,107,114,combination_therapy,first_line,6,0.81
P00419,128,153,combination_therapy,first_line,7,0.91
P00419,157,174,combination_therapy,first_line,8,0.89
P00419,179,186,combination_therapy,first_line,9,0.97
P00420,7,25,targeted_therapy,first_line,1,0.83
P00420,21,42,targeted_therapy,first_line,2,0.8
P00420,47,66,targeted_therapy,first_line,3,0.89
P00420,65,82,targeted_therapy,first_line,4,0.85
P00420,94,101,targeted_therapy,first_line,5,0.81
P00420,111,125,targeted_therapy,first_line,6,0.94
P00420,128,152,targeted_therapy,first_line,7,0.82
P00420,151,174,targeted_therapy,first_line,8,0.92
P00421,5,23,chemotherapy,first_line,1,0.86
P00421,27,44,chemotherapy,first_line,2,0.83
P00421,58,65,chemotherapy,first_line,3,0.88
P00421,74,85,chemotherapy,first_line,4,0.96
P00421,84,111,chemotherapy,first_line,5,0.88
P00421,125,132,chemotherapy,first_line,6,0.95
P00421,132,153,chemotherapy,first_line,7,0.83
P00421,149,172,chemotherapy,first_line,8,0.95
P00421,171,178,chemotherapy,first_line,9,0.85
P00422,2,26,immunotherapy,first_line,1,0.94
P00422,34,44,immunotherapy,first_line,2,0.91
P00422,43,57,immunotherapy,first_line,3,0.99
P00422,68,87,immunotherapy,first_line,4,0.88
P00422,92,109,immunotherapy,first_line,5,0.81
P00422,106,132,immunotherapy,first_line,6,0.8
P00422,127,134,immunotherapy,first_line,7,0.97
P00422,147,154,immunotherapy,first_line,8,0.9
P00422,169,184,immunotherapy,first_line,9,0.96
P00423,0,27,targeted_therapy,first_line,1,0.85
P00423,24,47,targeted_therapy,first_line,2,0.87
P00423,49,59,targeted_therapy,first_line,3,0.81
P00423,65,85,targeted_therapy,first_line,4,0.99
P00423,89,110,targeted_therapy,first_line,5,0.93
P00423,105,127,targeted_therapy,first_line,6,0.99
P00423,126,142,targeted_therapy,first_line,7,0.85
P00423,152,166,targeted_therapy,first_line,8,0.92
P00423,169,181,targeted_therapy,first_line,9,0.94
P00424,0,16,targeted_therapy,first_line,1,0.86
P00424,27,38,targeted_therapy,first_line,2,0.97
P00424,53,69,targeted_therapy,first_line,3,0.99
P00424,63,73,targeted_therapy,first_line,4,0.98
P00424,87,105,targeted_therapy,first_line,5,0.95
P00424,114,131,targeted_therapy,first_line,6,0.86
P00424,132,143,targeted_therapy,first_line,7,0.86
P00424,155,170,targeted_therapy,first_line,8,0.99
P00424,170,185,targeted_therapy,first_line,9,0.8
P00425,4,15,combination_therapy,first_line,1,0.94
P00425,34,41,combination_therapy,first_line,2,0.94
P00425,42,68,combination_therapy,first_line,3,0.92
P00425,65,90,combination_therapy,first_line,4,1.0
P00425,101,108,combination_therapy,first_line,5,0.86
P00425,111,125,combination_therapy,first_line,6,0.87
P00425,126,144,combination_therapy,first_line,7,0.82
P00425,160,172,combination_therapy,first_line,8,0.89
P00425,171,184,combination_therapy,first_line,9,0.85
P00426,1,25,combination_therapy,first_line,1,0.87
P00426,21,44,combination_therapy,first_line,2,0.97
P00426,42,65,combination_therapy,first_line,3,0.99
P00426,81,88,combination_therapy,first_line,4,0.84
P00426,84,93,combination_therapy,first_line,5,0.87
P00426,113,130,combination_therapy,first_line,6,0.99
P00426,127,148,combination_therapy,first_line,7,0.81
P00426,150,169,combination_therapy,first_line,8,0.82
P00426,172,179,combination_therapy,first_line,9,0.83
P00427,5,22,chemotherapy,first_line,1,0.92
P00427,33,41,chemotherapy,first_line,2,0.83
P00427,44,65,chemotherapy,first_line,3,0.99
P00427,70,89,chemotherapy,first_line,4,0.89
P00427,84,100,chemotherapy,first_line,5,0.9
P00427,108,119,chemotherapy,first_line,6,0.85
P00427,136,153,chemotherapy,first_line,7,0.89
P00427,147,166,chemotherapy,first_line,8,0.93
P00427,176,183,chemotherapy,first_line,9,0.95
P00428,1,24,combination_therapy,first_line,1,0.95
P00428,26,48,combination_therapy,first_line,2,0.92
P00428,70,84,combination_therapy,first_line,4,0.98
P00428,87,110,combination_therapy,first_line,5,0.96
P00428,116,123,combination_therapy,first_line,6,0.95
P00428,126,147,combination_therapy,first_line,7,0.81
P00428,149,172,combination_therapy,first_line,8,0.8
P00428,173,183,combination_therapy,first_line,9,0.84
P00429,3,24,combination_therapy,first_line,1,0.93
P00429,21,47,combination_therapy,first_line,2,0.88
P00429,50,57,combination_therapy,first_line,3,0.88
P00429,63,85,combination_therapy,first_line,4,0.98
P00429,86,97,combination_therapy,first_line,5,0.98
P00429,109,121,combination_therapy,first_line,6,0.98
P00429,134,149,combination_therapy,first_line,7,0.86
P00429,147,168,combination_therapy,first_line,8,0.94
P00429,173,180,combination_therapy,first_line,9,0.85
P00430,0,26,chemotherapy,first_line,1,0.84
P00430,22,45,chemotherapy,first_line,2,0.84
P00430,44,62,chemotherapy,first_line,3,0.87
P00430,66,77,chemotherapy,first_line,4,0.89
P00430,86,107,chemotherapy,first_line,5,0.97
P00430,118,125,chemotherapy,first_line,6,0.82
P00430,128,150,chemotherapy,first_line,7,0.95
P00430,147,173,chemotherapy,first_line,8,0.91
P00431,3,14,targeted_therapy,first_line,1,0.86
P00431,30,45,targeted_therapy,first_line,2,0.9
P00431,46,66,targeted_therapy,first_line,3,0.86
P00431,74,90,targeted_therapy,first_line,4,0.92
P00431,90,111,targeted_therapy,first_line,5,0.89
P00431,113,132,targeted_therapy,first_line,6,0.83
P00431,126,152,targeted_therapy,first_line,7,0.82
P00431,152,171,targeted_therapy,first_line,8,0.91
P00431,173,183,targeted_therapy,first_line,9,0.98
P00432,5,24,immunotherapy,first_line,1,0.87
P00432,25,47,immunotherapy,first_line,2,0.95
P00432,43,68,immunotherapy,first_line,3,0.93
P00432,64,87,immunotherapy,first_line,4,0.99
P00432,94,110,immunotherapy,first_line,5,0.96
P00432,113,124,immunotherapy,first_line,6,0.91
P00432,126,151,immunotherapy,first_line,7,0.93
P00432,159,174,immunotherapy,first_line,8,0.98
P00433,9,27,targeted_therapy,first_line,1,0.88
P00433,21,47,targeted_therapy,first_line,2,0.87
P00433,47,69,targeted_therapy,first_line,3,0.8
P00433,73,90,targeted_therapy,first_line,4,0.97
P00433,85,94,targeted_therapy,first_line,5,0.96
P00433,108,128,targeted_therapy,first_line,6,0.82
P00433,128,144,targeted_therapy,first_line,7,0.92
P00433,154,161,targeted_therapy,first_line,8,0.89
P00433,174,181,targeted_therapy,first_line,9,0.82
P00434,9,18,immunotherapy,first_line,1,1.0
P00434,29,36,immunotherapy,first_line,2,0.84
P00434,45,62,immunotherapy,first_line,3,0.81
P00434,66,88,immunotherapy,first_line,4,0.92
P00434,87,102,immunotherapy,first_line,5,0.95
P00434,109,130,immunotherapy,first_line,6,0.81
P00434,126,151,immunotherapy,first_line,7,0.93
P00434,160,169,immunotherapy,first_line,8,0.91
P00434,174,181,immunotherapy,first_line,9,0.82
P00435,10,26,targeted_therapy,first_line,1,0.83
P00435,31,48,targeted_therapy,first_line,2,0.91
P00435,57,64,targeted_therapy,first_line,3,0.86
P00435,71,90,targeted_therapy,first_line,4,0.99
P00435,103,110,targeted_therapy,first_line,5,0.96
P00435,112,130,targeted_therapy,first_line,6,1.0
P00435,127,152,targeted_therapy,first_line,7,0.85
P00435,151,170,targeted_therapy,first_line,8,0.99
P00435,173,184,targeted_therapy,first_line,9,0.89
P00436,8,20,combination_therapy,first_line,1,0.87
P00436,24,48,combination_therapy,first_line,2,0.81
P00436,42,69,combination_therapy,first_line,3,0.81
P00436,66,82,combination_therapy,first_line,4,0.94
P00436,92,110,combination_therapy,first_line,5,0.89
P00436,112,130,combination_therapy,first_line,6,0.85
P00436,129,147,combination_therapy,first_line,7,0.92
P00436,149,169,combination_therapy,first_line,8,0.85
P00437,5,26,immunotherapy,first_line,1,0.92
P00437,21,42,immunotherapy,first_line,2,0.87
P00437,46,68,immunotherapy,first_line,3,0.96
P00437,70,86,immunotherapy,first_line,4,0.96
P00437,85,109,immunotherapy,first_line,5,0.9
P00437,114,131,immunotherapy,first_line,6,0.87
P00437,133,150,immunotherapy,first_line,7,0.87
P00437,157,169,immunotherapy,first_line,8,0.96
P00437,168,185,immunotherapy,first_line,9,0.87
P00438,5,20,targeted_therapy,first_line,1,0.84
P00438,21,44,targeted_therapy,first_line,2,0.82
P00438,42,69,targeted_therapy,first_line,3,0.89
P00438,68,83,targeted_therapy,first_line,4,0.9
P00438,94,106,targeted_therapy,first_line,5,0.97
P00438,112,126,targeted_therapy,first_line,6,0.84
P00438,138,145,targeted_therapy,first_line,7,0.88
P00438,150,172,targeted_therapy,first_line,8,0.96
P00438,169,184,targeted_therapy,first_line,9,0.96
P00439,2,25,chemotherapy,first_line,1,0.88
P00439,24,31,chemotherapy,first_line,2,0.89
P00439,45,68,chemotherapy,first_line,3,0.86
P00439,69,85,chemotherapy,first_line,4,0.99
P00439,97,110,chemotherapy,first_line,5,0.82
P00439,114,130,chemotherapy,first_line,6,0.99
P00439,127,145,chemotherapy,first_line,7,0.94
P00439,158,167,chemotherapy,first_line,8,0.91
P00439,176,184,chemotherapy,first_line,9,0.81
P00440,0,22,immunotherapy,first_line,1,0.9
P00440,30,43,immunotherapy,first_line,2,0.88
P00440,44,55,immunotherapy,first_line,3,0.83
P00440,64,89,immunotherapy,first_line,4,0.93
P00440,89,109,immunotherapy,first_line,5,0.99
P00440,108,121,immunotherapy,first_line,6,0.91
P00440,141,153,immunotherapy,first_line,7,0.94
P00440,150,173,immunotherapy,first_line,8,0.81
P00440,173,180,immunotherapy,first_line,9,0.88
P00441,1,26,targeted_therapy,first_line,1,0.82
P00441,21,46,targeted_therapy,first_line,2,0.92
P00441,42,54,targeted_therapy,first_line,3,0.99
P00441,63,79,targeted_therapy,first_line,4,0.93
P00441,107,116,targeted_therapy,first_line,6,0.82
P00441,128,149,targeted_therapy,first_line,7,0.87
P00441,150,170,targeted_therapy,first_line,8,0.91
P00442,1,22,chemotherapy,first_line,1,0.88
P00442,25,46,chemotherapy,first_line,2,0.97
P00442,45,64,chemotherapy,first_line,3,0.96
P00442,70,90,chemotherapy,first_line,4,0.92
P00442,87,111,chemotherapy,first_line,5,0.87
P00442,120,130,chemotherapy,first_line,6,0.85
P00442,135,149,chemotherapy,first_line,7,0.82
P00442,149,174,chemotherapy,first_line,8,0.87
P00442,169,178,chemotherapy,first_line,9,0.88
P00443,0,27,immunotherapy,first_line,1,0.94
P00443,23,48,immunotherapy,first_line,2,0.93
P00443,46,68,immunotherapy,first_line,3,0.81
P00443,64,80,immunotherapy,first_line,4,0.88
P00443,84,109,immunotherapy,first_line,5,0.84
P00443,125,132,immunotherapy,first_line,6,0.83
P00443,143,152,immunotherapy,first_line,7,0.97
P00443,151,166,immunotherapy,first_line,8,0.81
P00443,170,183,immunotherapy,first_line,9,0.88
P00444,9,26,targeted_therapy,first_line,1,0.83
P00444,26,33,targeted_therapy,first_line,2,0.98
P00444,48,63,targeted_therapy,first_line,3,0.91
P00444,67,90,targeted_therapy,first_line,4,0.85
P00444,84,106,targeted_therapy,first_line,5,0.9
P00444,115,132,targeted_therapy,first_line,6,0.95
P00444,135,151,targeted_therapy,first_line,7,0.99
P00444,150,159,targeted_therapy,first_line,8,0.84
P00444,175,182,targeted_therapy,first_line,9,0.98
P00445,7,24,targeted_therapy,first_line,1,0.99
P00445,24,48,targeted_therapy,first_line,2,0.98
P00445,42,62,targeted_therapy,first_line,3,0.93
P00445,66,89,targeted_therapy,first_line,4,0.93
P00445,84,102,targeted_therapy,first_line,5,0.88
P00445,109,127,targeted_therapy,first_line,6,0.95
P00445,128,143,targeted_therapy,first_line,7,0.91
P00445,160,171,targeted_therapy,first_line,8,0.94
P00445,168,177,targeted_therapy,first_line,9,0.89
P00446,0,24,immunotherapy,first_line,1,0.95
P00446,58,65,immunotherapy,first_line,3,0.96
P00446,63,90,immunotherapy,first_line,4,0.83
P00446,88,110,immunotherapy,first_line,5,0.97
P00446,107,130,immunotherapy,first_line,6,0.91
P00446,127,145,immunotherapy,first_line,7,0.97
P00446,147,160,immunotherapy,first_line,8,0.89
P00447,2,18,immunotherapy,first_line,1,0.88
P00447,22,29,immunotherapy,first_line,2,0.98
P00447,42,61,immunotherapy,first_line,3,0.85
P00447,65,85,immunotherapy,first_line,4,0.97
P00447,87,109,immunotherapy,first_line,5,0.9
P00447,105,131,immunotherapy,first_line,6,0.9
P00447,128,151,immunotherapy,first_line,7,0.86
P00447,149,167,immunotherapy,first_line,8,0.91
P00447,168,175,immunotherapy,first_line,9,0.87
P00448,1,22,combination_therapy,first_line,1,0.81
P00448,23,38,combination_therapy,first_line,2,0.85
P00448,42,63,combination_therapy,first_line,3,0.8
P00448,64,89,combination_therapy,first_line,4,1.0
P00448,87,105,combination_therapy,first_line,5,0.99
P00448,107,119,combination_therapy,first_line,6,0.88
P00448,128,153,combination_therapy,first_line,7,0.95
P00448,150,173,combination_therapy,first_line,8,0.87
P00448,170,181,combination_therapy,first_line,9,0.93
P00449,5,22,combination_therapy,first_line,1,0.96
P00449,23,46,combination_therapy,first_line,2,0.99
P00449,45,64,combination_therapy,first_line,3,0.88
P00449,65,84,combination_therapy,first_line,4,0.96
P00449,90,109,combination_therapy,first_line,5,0.85
P00449,111,129,combination_therapy,first_line,6,1.0
P00449,144,151,combination_therapy,first_line,7,0.81
P00449,149,156,combination_therapy,first_line,8,0.92
P00449,172,179,combination_therapy,first_line,9,0.93
P00450,5,26,immunotherapy,first_line,1,0.94
P00450,26,42,immunotherapy,first_line,2,0.82
P00450,48,67,immunotherapy,first_line,3,0.99
P00450,65,88,immunotherapy,first_line,4,0.84
P00450,84,109,immunotherapy,first_line,5,0.92
P00450,124,131,immunotherapy,first_line,6,0.84
P00450,130,149,immunotherapy,first_line,7,0.86
P00450,151,174,immunotherapy,first_line,8,0.91
P00450,169,182,immunotherapy,first_line,9,0.88
P00451,2,21,targeted_therapy,first_line,1,0.83
P00451,22,48,targeted_therapy,first_line,2,0.83
P00451,48,58,targeted_therapy,first_line,3,0.88
P00451,66,87,targeted_therapy,first_line,4,0.95
P00451,87,105,targeted_therapy,first_line,5,0.98
P00451,108,127,targeted_therapy,first_line,6,0.82
P00451,140,147,targeted_therapy,first_line,7,0.88
P00451,155,171,targeted_therapy,first_line,8,0.82
P00452,2,27,combination_therapy,first_line,1,0.8
P00452,23,34,combination_therapy,first_line,2,0.93
P00452,51,65,combination_therapy,first_line,3,0.92
P00452,66,76,combination_therapy,first_line,4,0.83
P00452,88,110,combination_therapy,first_line,5,0.85
P00452,109,129,combination_therapy,first_line,6,0.8
P00452,130,137,combination_therapy,first_line,7,0.97
P00452,159,174,combination_therapy,first_line,8,0.99
P00452,172,182,combination_therapy,first_line,9,0.83
P00453,1,20,targeted_therapy,first_line,1,0.85
P00453,21,47,targeted_therapy,first_line,2,0.97
P00453,48,69,targeted_therapy,first_line,3,0.99
P00453,63,80,targeted_therapy,first_line,4,0.88
P00453,84,111,targeted_therapy,first_line,5,0.81
P00453,112,126,targeted_therapy,first_line,6,0.81
P00453,126,139,targeted_therapy,first_line,7,0.91
P00453,149,172,targeted_therapy,first_line,8,0.88
P00454,4,27,immunotherapy,first_line,1,0.81
P00454,22,35,immunotherapy,first_line,2,0.92
P00454,43,67,immunotherapy,first_line,3,0.8
P00454,68,78,immunotherapy,first_line,4,0.96
P00454,93,104,immunotherapy,first_line,5,0.86
P00454,108,126,immunotherapy,first_line,6,0.81
P00454,126,147,immunotherapy,first_line,7,0.92
P00454,150,170,immunotherapy,first_line,8,0.88
P00454,177,185,immunotherapy,first_line,9,0.99
P00455,5,26,combination_therapy,first_line,1,0.91
P00455,22,47,combination_therapy,first_line,2,0.86
P00455,45,67,combination_therapy,first_line,3,0.94
P00455,73,90,combination_therapy,first_line,4,0.85
P00455,94,101,combination_therapy,first_line,5,0.98
P00455,109,129,combination_therapy,first_line,6,0.87
P00455,130,148,combination_therapy,first_line,7,0.91
P00455,147,166,combination_therapy,first_line,8,0.81
P00455,168,184,combination_therapy,first_line,9,0.89
P00456,0,21,chemotherapy,first_line,1,0.97
P00456,26,46,chemotherapy,first_line,2,0.96
P00456,42,66,chemotherapy,first_line,3,0.84
P00456,64,90,chemotherapy,first_line,4,0.85
P00456,85,105,chemotherapy,first_line,5,0.96
P00456,106,126,chemotherapy,first_line,6,0.99
P00456,136,149,chemotherapy,first_line,7,0.82
P00456,157,169,chemotherapy,first_line,8,0.89
P00456,175,182,chemotherapy,first_line,9,0.87
P00457,9,25,immunotherapy,first_line,1,0.97
P00457,23,47,immunotherapy,first_line,2,0.82
P00457,47,69,immunotherapy,first_line,3,0.84
P00457,73,89,immunotherapy,first_line,4,0.95
P00457,87,103,immunotherapy,first_line,5,0.81
P00457,107,114,immunotherapy,first_line,6,0.9
P00457,130,146,immunotherapy,first_line,7,0.89
P00457,158,174,immunotherapy,first_line,8,0.87
P00457,171,182,immunotherapy,first_line,9,0.88
P00458,3,20,combination_therapy,first_line,1,0.91
P00458,21,44,combination_therapy,first_line,2,0.83
P00458,49,66,combination_therapy,first_line,3,0.91
P00458,64,89,combination_therapy,first_line,4,0.96
P00458,86,105,combination_therapy,first_line,5,0.95
P00458,124,132,combination_therapy,first_line,6,0.83
P00458,137,153,combination_therapy,first_line,7,0.83
P00458,147,172,combination_therapy,first_line,8,0.85
P00458,169,186,combination_therapy,first_line,9,0.87
P00459,5,22,immunotherapy,first_line,1,0.88
P00459,23,43,immunotherapy,first_line,2,0.94
P00459,46,58,immunotherapy,first_line,3,0.81
P00459,64,86,immunotherapy,first_line,4,0.81
P00459,87,111,immunotherapy,first_line,5,0.88
P00459,105,114,immunotherapy,first_line,6,0.94
P00459,130,151,immunotherapy,first_line,7,0.84
P00459,153,170,immunotherapy,first_line,8,0.93
P00459,171,178,immunotherapy,first_line,9,0.85
P00460,0,26,targeted_therapy,first_line,1,0.98
P00460,25,46,targeted_therapy,first_line,2,0.98
P00460,42,65,targeted_therapy,first_line,3,0.86
P00460,67,88,targeted_therapy,first_line,4,0.85
P00460,85,110,targeted_therapy,first_line,5,0.88
P00460,118,128,targeted_therapy,first_line,6,0.85
P00460,129,152,targeted_therapy,first_line,7,0.93
P00460,165,172,targeted_therapy,first_line,8,0.97
P00460,178,185,targeted_therapy,first_line,9,0.93
P00461,0,20,combination_therapy,first_line,1,0.96
P00461,21,45,combination_therapy,first_line,2,0.88
P00461,54,61,combination_therapy,first_line,3,0.83
P00461,73,89,combination_therapy,first_line,4,0.95
P00461,92,107,combination_therapy,first_line,5,0.87
P00461,108,125,combination_therapy,first_line,6,0.93
P00461,128,151,combination_therapy,first_line,7,0.85
P00461,150,173,combination_therapy,first_line,8,0.82
P00462,4,26,targeted_therapy,first_line,1,1.0
P00462,25,40,targeted_therapy,first_line,2,0.83
P00462,50,66,targeted_therapy,first_line,3,1.0
P00462,86,108,targeted_therapy,first_line,5,1.0
P00462,127,152,targeted_therapy,first_line,7,0.96
P00462,150,170,targeted_therapy,first_line,8,0.93
P00462,169,176,targeted_therapy,first_line,9,0.92
P00463,7,14,immunotherapy,first_line,1,0.97
P00463,22,48,immunotherapy,first_line,2,0.86
P00463,43,58,immunotherapy,first_line,3,0.89
P00463,65,89,immunotherapy,first_line,4,0.92
P00463,85,109,immunotherapy,first_line,5,0.88
P00463,114,131,immunotherapy,first_line,6,0.89
P00463,129,136,immunotherapy,first_line,7,0.87
P00463,149,161,immunotherapy,first_line,8,0.91
P00463,170,179,immunotherapy,first_line,9,0.97
P00464,0,20,immunotherapy,first_line,1,0.84
P00464,28,45,immunotherapy,first_line,2,0.99
P00464,50,68,immunotherapy,first_line,3,0.94
P00464,64,85,immunotherapy,first_line,4,0.96
P00464,88,107,immunotherapy,first_line,5,0.91
P00464,118,125,immunotherapy,first_line,6,0.96
P00464,129,141,immunotherapy,first_line,7,0.8
P00464,149,173,immunotherapy,first_line,8,0.96
P00464,176,183,immunotherapy,first_line,9,0.81
P00465,2,19,chemotherapy,first_line,1,0.98
P00465,22,47,chemotherapy,first_line,2,1.0
P00465,42,63,chemotherapy,first_line,3,0.86
P00465,71,89,chemotherapy,first_line,4,0.84
P00465,87,109,chemotherapy,first_line,5,0.95
P00465,106,131,chemotherapy,first_line,6,0.85
P00465,126,145,chemotherapy,first_line,7,0.97
P00465,150,172,chemotherapy,first_line,8,0.82
P00465,169,184,chemotherapy,first_line,9,0.83
P00466,0,24,immunotherapy,first_line,1,1.0
P00466,26,45,immunotherapy,first_line,2,0.93
P00466,46,61,immunotherapy,first_line,3,0.97
P00466,77,88,immunotherapy,first_line,4,0.86
P00466,86,110,immunotherapy,first_line,5,0.94
P00466,108,127,immunotherapy,first_line,6,0.92
P00466,132,143,immunotherapy,first_line,7,0.92
P00466,148,172,immunotherapy,first_line,8,0.94
P00466,169,176,immunotherapy,first_line,9,0.92
P00467,1,27,immunotherapy,first_line,1,0.89
P00467,24,31,immunotherapy,first_line,2,0.86
P00467,57,67,immunotherapy,first_line,3,0.95
P00467,63,84,immunotherapy,first_line,4,0.85
P00467,94,109,immunotherapy,first_line,5,0.94
P00467,106,126,immunotherapy,first_line,6,0.85
P00467,139,151,immunotherapy,first_line,7,0.93
P00467,148,174,immunotherapy,first_line,8,0.95
P00467,173,180,immunotherapy,first_line,9,0.84
P00468,2,13,combination_therapy,first_line,1,0.81
P00468,21,39,combination_therapy,first_line,2,0.83
P00468,50,63,combination_therapy,first_line,3,0.92
P00468,69,77,combination_therapy,first_line,4,0.97
P00468,84,111,combination_therapy,first_line,5,0.81
P00468,111,121,combination_therapy,first_line,6,0.95
P00468,126,142,combination_therapy,first_line,7,0.87
P00468,150,163,combination_therapy,first_line,8,0.9
P00468,168,175,combination_therapy,first_line,9,0.99
P00469,0,20,targeted_therapy,first_line,1,0.87
P00469,23,43,targeted_therapy,first_line,2,0.89
P00469,49,61,targeted_therapy,first_line,3,0.8
P00469,68,90,targeted_therapy,first_line,4,0.82
P00469,107,132,targeted_therapy,first_line,6,0.85
P00469,131,146,targeted_therapy,first_line,7,0.81
P00469,150,171,targeted_therapy,first_line,8,0.93
P00469,168,179,targeted_therapy,first_line,9,0.89
P00470,1,27,targeted_therapy,first_line,1,0.91
P00470,29,48,targeted_therapy,first_line,2,0.83
P00470,49,56,targeted_therapy,first_line,3,0.86
P00470,69,83,targeted_therapy,first_line,4,0.93
P00470,89,103,targeted_therapy,first_line,5,0.99
P00470,109,116,targeted_therapy,first_line,6,0.81
P00470,126,150,targeted_therapy,first_line,7,0.98
P00470,151,173,targeted_therapy,first_line,8,0.92
P00470,168,182,targeted_therapy,first_line,9,0.91
P00471,0,22,chemotherapy,first_line,1,0.9
P00471,21,34,chemotherapy,first_line,2,0.81
P00471,42,64,chemotherapy,first_line,3,0.82
P00471,66,89,chemotherapy,first_line,4,0.92
P00471,85,109,chemotherapy,first_line,5,0.87
P00471,114,132,chemotherapy,first_line,6,0.98
P00471,141,148,chemotherapy,first_line,7,0.88
P00471,148,170,chemotherapy,first_line,8,0.83
P00471,168,186,chemotherapy,first_line,9,0.94
P00472,5,23,immunotherapy,first_line,1,0.86
P00472,22,40,immunotherapy,first_line,2,0.91
P00472,43,66,immunotherapy,first_line,3,0.94
P00472,66,89,immunotherapy,first_line,4,0.98
P00472,95,109,immunotherapy,first_line,5,0.96
P00472,112,128,immunotherapy,first_line,6,0.94
P00472,127,147,immunotherapy,first_line,7,0.94
P00472,167,174,immunotherapy,first_line,8,0.99
P00472,171,181,immunotherapy,first_line,9,0.86
P00473,17,24,chemotherapy,first_line,1,0.8
P00473,24,38,chemotherapy,first_line,2,0.85
P00473,48,67,chemotherapy,first_line,3,0.84
P00473,63,88,chemotherapy,first_line,4,0.93
P00473,91,108,chemotherapy,first_line,5,0.93
P00473,105,112,chemotherapy,first_line,6,0.92
P00473,127,151,chemotherapy,first_line,7,0.8
P00473,147,167,chemotherapy,first_line,8,0.95
P00473,178,185,chemotherapy,first_line,9,0.86
P00474,6,23,immunotherapy,first_line,1,0.93
P00474,26,46,immunotherapy,first_line,2,0.91
P00474,44,68,immunotherapy,first_line,3,0.87
P00474,67,90,immunotherapy,first_line,4,0.83
P00474,97,105,immunotherapy,first_line,5,0.82
P00474,116,126,immunotherapy,first_line,6,0.97
P00474,126,139,immunotherapy,first_line,7,0.98
P00474,151,172,immunotherapy,first_line,8,0.93
P00474,168,184,immunotherapy,first_line,9,0.82
P00475,5,21,combination_therapy,first_line,1,0.88
P00475,22,45,combination_therapy,first_line,2,0.95
P00475,45,69,combination_therapy,first_line,3,0.96
P00475,63,88,combination_therapy,first_line,4,0.82
P00475,87,94,combination_therapy,first_line,5,0.8
P00475,108,130,combination_therapy,first_line,6,0.94
P00475,128,148,combination_therapy,first_line,7,0.87
P00475,148,171,combination_therapy,first_line,8,0.85
P00475,169,179,combination_therapy,first_line,9,0.8
P00476,5,24,targeted_therapy,first_line,1,0.91
P00476,40,47,targeted_therapy,first_line,2,0.97
P00476,59,67,targeted_therapy,first_line,3,0.99
P00476,63,80,targeted_therapy,first_line,4,0.91
P00476,85,110,targeted_therapy,first_line,5,0.9
P00476,120,132,targeted_therapy,first_line,6,0.82
P00476,127,150,targeted_therapy,first_line,7,0.91
P00476,149,170,targeted_therapy,first_line,8,0.88
P00476,168,179,targeted_therapy,first_line,9,0.92
P00477,14,21,chemotherapy,first_line,1,0.88
P00477,29,44,chemotherapy,first_line,2,0.85
P00477,47,67,chemotherapy,first_line,3,0.82
P00477,65,87,chemotherapy,first_line,4,0.86
P00477,88,110,chemotherapy,first_line,5,0.82
P00477,107,126,chemotherapy,first_line,6,0.84
P00477,129,136,chemotherapy,first_line,7,1.0
P00477,149,173,chemotherapy,first_line,8,0.89
P00477,168,185,chemotherapy,first_line,9,0.91
P00478,6,27,chemotherapy,first_line,1,0.97
P00478,23,47,chemotherapy,first_line,2,1.0
P00478,44,69,chemotherapy,first_line,3,0.92
P00478,80,89,chemotherapy,first_line,4,0.96
P00478,84,98,chemotherapy,first_line,5,0.87
P00478,120,127,chemotherapy,first_line,6,0.86
P00478,128,151,chemotherapy,first_line,7,0.88
P00478,148,173,chemotherapy,first_line,8,0.93
P00478,178,185,chemotherapy,first_line,9,0.94
P00479,3,16,combination_therapy,first_line,1,0.86
P00479,24,34,combination_therapy,first_line,2,0.83
P00479,42,50,combination_therapy,first_line,3,0.93
P00479,67,87,combination_therapy,first_line,4,0.83
P00479,84,110,combination_therapy,first_line,5,0.92
P00479,107,130,combination_therapy,first_line,6,0.94
P00479,132,145,combination_therapy,first_line,7,0.94
P00479,149,167,combination_therapy,first_line,8,0.95
P00479,168,184,combination_therapy,first_line,9,0.97
P00480,16,25,combination_therapy,first_line,1,0.9
P00480,21,33,combination_therapy,first_line,2,0.95
P00480,44,68,combination_therapy,first_line,3,0.92
P00480,65,75,combination_therapy,first_line,4,0.84
P00480,85,108,combination_therapy,first_line,5,0.81
P00480,106,129,combination_therapy,first_line,6,0.86
P00480,127,147,combination_therapy,first_line,7,0.89
P00480,149,165,combination_therapy,first_line,8,0.92
P00480,169,186,combination_therapy,first_line,9,0.97
P00481,6,13,combination_therapy,first_line,1,0.84
P00481,28,48,combination_therapy,first_line,2,0.83
P00481,47,65,combination_therapy,first_line,3,0.99
P00481,63,88,combination_therapy,first_line,4,0.82
P00481,84,91,combination_therapy,first_line,5,0.9
P00481,109,131,combination_therapy,first_line,6,0.92
P00481,158,174,combination_therapy,first_line,8,0.91
P00481,173,180,combination_therapy,first_line,9,0.82
P00482,0,15,combination_therapy,first_line,1,0.81
P00482,24,43,combination_therapy,first_line,2,0.82
P00482,50,68,combination_therapy,first_line,3,0.92
P00482,72,85,combination_therapy,first_line,4,0.91
P00482,86,102,combination_therapy,first_line,5,0.85
P00482,118,127,combination_therapy,first_line,6,0.93
P00482,136,147,combination_therapy,first_line,7,0.96
P00482,152,172,combination_therapy,first_line,8,0.81
P00482,169,186,combination_therapy,first_line,9,0.9
P00483,1,8,immunotherapy,first_line,1,0.94
P00483,21,46,immunotherapy,first_line,2,0.85
P00483,51,68,immunotherapy,first_line,3,0.86
P00483,64,86,immunotherapy,first_line,4,0.92
P00483,85,104,immunotherapy,first_line,5,0.98
P00483,110,119,immunotherapy,first_line,6,0.96
P00483,129,152,immunotherapy,first_line,7,0.92
P00483,148,160,immunotherapy,first_line,8,0.95
P00483,172,184,immunotherapy,first_line,9,0.87
P00484,2,9,targeted_therapy,first_line,1,0.93
P00484,21,46,targeted_therapy,first_line,2,0.89
P00484,54,66,targeted_therapy,first_line,3,0.84
P00484,69,86,targeted_therapy,first_line,4,0.94
P00484,91,102,targeted_therapy,first_line,5,0.91
P00484,106,130,targeted_therapy,first_line,6,0.87
P00484,127,151,targeted_therapy,first_line,7,0.98
P00484,147,172,targeted_therapy,first_line,8,0.8
P00484,170,185,targeted_therapy,first_line,9,0.86
P00485,10,18,immunotherapy,first_line,1,0.81
P00485,22,41,immunotherapy,first_line,2,0.95
P00485,44,66,immunotherapy,first_line,3,0.94
P00485,68,86,immunotherapy,first_line,4,0.87
P00485,87,108,immunotherapy,first_line,5,0.94
P00485,105,132,immunotherapy,first_line,6,0.88
P00485,126,148,immunotherapy,first_line,7,0.95
P00485,161,168,immunotherapy,first_line,8,0.89
P00485,169,179,immunotherapy,first_line,9,0.88
P00486,4,24,targeted_therapy,first_line,1,0.99
P00486,28,38,targeted_therapy,first_line,2,0.85
P00486,51,58,targeted_therapy,first_line,3,0.82
P00486,65,73,targeted_therapy,first_line,4,0.92
P00486,93,111,targeted_therapy,first_line,5,0.99
P00486,111,125,targeted_therapy,first_line,6,0.88
P00486,131,147,targeted_therapy,first_line,7,0.81
P00486,148,174,targeted_therapy,first_line,8,0.87
P00486,171,184,targeted_therapy,first_line,9,0.9
P00487,8,21,immunotherapy,first_line,1,0.83
P00487,27,48,immunotherapy,first_line,2,0.93
P00487,46,64,immunotherapy,first_line,3,1.0
P00487,68,86,immunotherapy,first_line,4,0.89
P00487,89,111,immunotherapy,first_line,5,0.87
P00487,106,129,immunotherapy,first_line,6,0.88
P00487,127,150,immunotherapy,first_line,7,0.82
P00487,159,172,immunotherapy,first_line,8,0.98
P00487,170,179,immunotherapy,first_line,9,0.88
P00488,13,25,chemotherapy,first_line,1,0.88
P00488,25,36,chemotherapy,first_line,2,0.93
P00488,48,67,chemotherapy,first_line,3,0.89
P00488,71,82,chemotherapy,first_line,4,0.93
P00488,90,107,chemotherapy,first_line,5,0.81
P00488,113,132,chemotherapy,first_line,6,0.96
P00488,131,152,chemotherapy,first_line,7,0.99
P00488,168,179,chemotherapy,first_line,9,0.93
P00489,5,16,chemotherapy,first_line,1,0.99
P00489,21,39,chemotherapy,first_line,2,0.83
P00489,46,66,chemotherapy,first_line,3,0.9
P00489,66,83,chemotherapy,first_line,4,0.92
P00489,87,105,chemotherapy,first_line,5,0.92
P00489,117,131,chemotherapy,first_line,6,0.88
P00489,131,146,chemotherapy,first_line,7,0.87
P00489,158,169,chemotherapy,first_line,8,0.83
P00489,169,181,chemotherapy,first_line,9,0.88
P00490,2,27,immunotherapy,first_line,1,0.83
P00490,24,39,immunotherapy,first_line,2,0.95
P00490,60,69,immunotherapy,first_line,3,0.84
P00490,69,89,immunotherapy,first_line,4,0.81
P00490,86,105,immunotherapy,first_line,5,0.91
P00490,111,132,immunotherapy,first_line,6,0.92
P00490,133,149,immunotherapy,first_line,7,0.97
P00490,147,173,immunotherapy,first_line,8,0.92
P00490,172,179,immunotherapy,first_line,9,0.87
P00491,13,20,chemotherapy,first_line,1,0.96
P00491,24,48,chemotherapy,first_line,2,0.91
P00491,44,69,chemotherapy,first_line,3,0.82
P00491,63,89,chemotherapy,first_line,4,0.91
P00491,96,109,chemotherapy,first_line,5,0.98
P00491,106,129,chemotherapy,first_line,6,0.88
P00491,130,153,chemotherapy,first_line,7,0.86
P00491,150,173,chemotherapy,first_line,8,0.83
P00492,11,27,chemotherapy,first_line,1,0.83
P00492,21,40,chemotherapy,first_line,2,0.89
P00492,42,67,chemotherapy,first_line,3,0.92
P00492,87,109,chemotherapy,first_line,5,0.82
P00492,121,128,chemotherapy,first_line,6,0.99
P00492,127,153,chemotherapy,first_line,7,0.95
P00492,151,166,chemotherapy,first_line,8,0.92
P00492,168,183,chemotherapy,first_line,9,0.97
P00493,1,26,immunotherapy,first_line,1,0.82
P00493,23,45,immunotherapy,first_line,2,0.9
P00493,42,65,immunotherapy,first_line,3,0.93
P00493,67,88,immunotherapy,first_line,4,0.97
P00493,86,110,immunotherapy,first_line,5,0.96
P00493,109,120,immunotherapy,first_line,6,0.86
P00493,127,137,immunotherapy,first_line,7,0.99
P00493,150,171,immunotherapy,first_line,8,0.82
P00493,176,183,immunotherapy,first_line,9,0.98
P00494,0,22,targeted_therapy,first_line,1,0.99
P00494,27,48,targeted_therapy,first_line,2,0.84
P00494,47,58,targeted_therapy,first_line,3,0.94
P00494,82,89,targeted_therapy,first_line,4,0.81
P00494,84,110,targeted_therapy,first_line,5,0.88
P00494,116,127,targeted_therapy,first_line,6,0.9
P00494,126,153,targeted_therapy,first_line,7,0.92
P00494,153,171,targeted_therapy,first_line,8,0.99
P00494,168,175,targeted_therapy,first_line,9,0.93
P00495,1,26,targeted_therapy,first_line,1,0.9
P00495,23,47,targeted_therapy,first_line,2,0.96
P00495,52,69,targeted_therapy,first_line,3,0.99
P00495,74,88,targeted_therapy,first_line,4,0.8
P00495,87,109,targeted_therapy,first_line,5,1.0
P00495,110,117,targeted_therapy,first_line,6,0.82
P00495,131,153,targeted_therapy,first_line,7,0.96
P00495,147,174,targeted_therapy,first_line,8,0.86
P00495,168,185,targeted_therapy,first_line,9,0.83
P00496,1,25,combination_therapy,first_line,1,0.89
P00496,30,47,combination_therapy,first_line,2,0.93
P00496,53,68,combination_therapy,first_line,3,0.88
P00496,65,85,combination_therapy,first_line,4,0.81
P00496,93,104,combination_therapy,first_line,5,0.92
P00496,116,125,combination_therapy,first_line,6,0.98
P00496,130,151,combination_therapy,first_line,7,0.88
P00496,149,167,combination_therapy,first_line,8,0.84
P00496,170,178,combination_therapy,first_line,9,0.89
P00497,3,20,targeted_therapy,first_line,1,0.81
P00497,28,43,targeted_therapy,first_line,2,0.96
P00497,42,58,targeted_therapy,first_line,3,0.97
P00497,66,87,targeted_therapy,first_line,4,0.92
P00497,90,111,targeted_therapy,first_line,5,0.87
P00497,121,131,targeted_therapy,first_line,6,0.96
P00497,134,141,targeted_therapy,first_line,7,0.91
P00497,151,170,targeted_therapy,first_line,8,0.97
P00497,177,184,targeted_therapy,first_line,9,0.93
P00498,2,23,chemotherapy,first_line,1,0.96
P00498,24,47,chemotherapy,first_line,2,0.92
P00498,46,63,chemotherapy,first_line,3,0.88
P00498,68,81,chemotherapy,first_line,4,0.99
P00498,91,109,chemotherapy,first_line,5,0.91
P00498,106,126,chemotherapy,first_line,6,0.92
P00498,128,148,chemotherapy,first_line,7,0.84
P00498,150,167,chemotherapy,first_line,8,0.93
P00498,169,176,chemotherapy,first_line,9,0.91
P00499,9,21,immunotherapy,first_line,1,0.84
P00499,27,44,immunotherapy,first_line,2,0.81
P00499,47,54,immunotherapy,first_line,3,0.92
P00499,67,85,immunotherapy,first_line,4,0.95
P00499,84,105,immunotherapy,first_line,5,0.9
P00499,106,132,immunotherapy,first_line,6,0.85
P00499,126,150,immunotherapy,first_line,7,0.93
P00499,166,173,immunotherapy,first_line,8,0.82
P00499,169,185,immunotherapy,first_line,9,0.89
P00500,5,20,combination_therapy,first_line,1,0.83
P00500,21,47,combination_therapy,first_line,2,0.84
P00500,61,68,combination_therapy,first_line,3,0.84
P00500,78,85,combination_therapy,first_line,4,0.88
P00500,88,102,combination_therapy,first_line,5,0.81
P00500,105,127,combination_therapy,first_line,6,0.88
P00500,130,138,combination_therapy,first_line,7,0.9
P00500,147,173,combination_therapy,first_line,8,0.9
P00500,168,182,combination_therapy,first_line,9,0.88
P00501,2,15,targeted_therapy,first_line,1,0.97
P00501,24,46,targeted_therapy,first_line,2,0.83
P00501,52,66,targeted_therapy,first_line,3,0.9
P00501,69,89,targeted_therapy,first_line,4,0.81
P00501,93,111,targeted_therapy,first_line,5,0.81
P00501,109,126,targeted_therapy,first_line,6,0.91
P00501,127,145,targeted_therapy,first_line,7,0.91
P00501,163,174,targeted_therapy,first_line,8,0.98
P00501,168,175,targeted_therapy,first_line,9,0.91
P00502,9,21,targeted_therapy,first_line,1,0.99
P00502,24,42,targeted_therapy,first_line,2,0.81
P00502,44,69,targeted_therapy,first_line,3,0.82
P00502,67,86,targeted_therapy,first_line,4,0.81
P00502,97,111,targeted_therapy,first_line,5,0.84
P00502,105,131,targeted_therapy,first_line,6,0.91
P00502,133,146,targeted_therapy,first_line,7,0.93
P00502,149,166,targeted_therapy,first_line,8,0.81
P00502,168,185,targeted_therapy,first_line,9,0.99
P00503,5,21,chemotherapy,first_line,1,0.97
P00503,21,45,chemotherapy,first_line,2,0.86
P00503,75,88,chemotherapy,first_line,4,0.82
P00503,84,105,chemotherapy,first_line,5,0.83
P00503,113,132,chemotherapy,first_line,6,0.83
P00503,138,147,chemotherapy,first_line,7,0.82
P00503,151,174,chemotherapy,first_line,8,0.9
P00503,171,182,chemotherapy,first_line,9,0.85
P00504,1,21,targeted_therapy,first_line,1,0.87
P00504,41,48,targeted_therapy,first_line,2,1.0
P00504,59,68,targeted_therapy,first_line,3,0.94
P00504,66,88,targeted_therapy,first_line,4,0.99
P00504,84,98,targeted_therapy,first_line,5,0.83
P00504,108,125,targeted_therapy,first_line,6,0.88
P00504,131,152,targeted_therapy,first_line,7,0.91
P00504,153,171,targeted_therapy,first_line,8,0.82
P00504,174,181,targeted_therapy,first_line,9,0.8
P00505,1,25,chemotherapy,first_line,1,0.93
P00505,25,47,chemotherapy,first_line,2,0.93
P00505,43,69,chemotherapy,first_line,3,0.88
P00505,65,88,chemotherapy,first_line,4,0.9
P00505,94,107,chemotherapy,first_line,5,0.88
P00505,106,129,chemotherapy,first_line,6,0.8
P00505,126,143,chemotherapy,first_line,7,0.87
P00505,149,163,chemotherapy,first_line,8,0.84
P00506,3,26,chemotherapy,first_line,1,0.82
P00506,23,43,chemotherapy,first_line,2,0.99
P00506,53,69,chemotherapy,first_line,3,0.92
P00506,69,82,chemotherapy,first_line,4,0.95
P00506,88,100,chemotherapy,first_line,5,0.86
P00506,112,128,chemotherapy,first_line,6,0.88
P00506,127,149,chemotherapy,first_line,7,0.85
P00506,162,170,chemotherapy,first_line,8,0.82
P00506,170,184,chemotherapy,first_line,9,0.84
P00507,9,26,chemotherapy,first_line,1,0.96
P00507,25,47,chemotherapy,first_line,2,0.94
P00507,43,63,chemotherapy,first_line,3,0.91
P00507,78,89,chemotherapy,first_line,4,0.9
P00507,87,94,chemotherapy,first_line,5,0.98
P00507,110,117,chemotherapy,first_line,6,0.81
P00507,128,150,chemotherapy,first_line,7,0.86
P00507,151,174,chemotherapy,first_line,8,0.87
P00507,171,185,chemotherapy,first_line,9,0.96
P00508,6,25,immunotherapy,first_line,1,1.0
P00508,28,41,immunotherapy,first_line,2,0.85
P00508,43,68,immunotherapy,first_line,3,0.97
P00508,66,85,immunotherapy,first_line,4,0.97
P00508,84,111,immunotherapy,first_line,5,0.84
P00508,106,129,immunotherapy,first_line,6,0.88
P00508,126,151,immunotherapy,first_line,7,0.88
P00508,149,173,immunotherapy,first_line,8,1.0
P00508,178,185,immunotherapy,first_line,9,0.84
P00509,30,44,immunotherapy,first_line,2,0.96
P00509,44,51,immunotherapy,first_line,3,0.87
P00509,70,88,immunotherapy,first_line,4,0.95
P00509,88,110,immunotherapy,first_line,5,0.88
P00509,109,120,immunotherapy,first_line,6,0.92
P00509,130,152,immunotherapy,first_line,7,0.97
P00509,149,166,immunotherapy,first_line,8,0.96
P00509,171,179,immunotherapy,first_line,9,0.97
P00510,2,23,targeted_therapy,first_line,1,0.81
P00510,24,46,targeted_therapy,first_line,2,0.94
P00510,45,64,targeted_therapy,first_line,3,0.83
P00510,70,86,targeted_therapy,first_line,4,0.88
P00510,90,105,targeted_therapy,first_line,5,0.91
P00510,110,132,targeted_therapy,first_line,6,0.88
P00510,126,152,targeted_therapy,first_line,7,0.9
P00510,150,174,targeted_therapy,first_line,8,1.0
P00511,5,17,immunotherapy,first_line,1,0.83
P00511,21,36,immunotherapy,first_line,2,0.94
P00511,46,66,immunotherapy,first_line,3,0.88
P00511,83,90,immunotherapy,first_line,4,0.83
P00511,102,109,immunotherapy,first_line,5,0.83
P00511,132,149,immunotherapy,first_line,7,0.99
P00511,149,170,immunotherapy,first_line,8,0.98
P00511,169,184,immunotherapy,first_line,9,0.98
P00512,7,24,combination_therapy,first_line,1,1.0
P00512,21,41,combination_therapy,first_line,2,0.84
P00512,43,65,combination_therapy,first_line,3,0.87
P00512,65,86,combination_therapy,first_line,4,0.93
P00512,84,107,combination_therapy,first_line,5,0.9
P00512,106,121,combination_therapy,first_line,6,0.88
P00512,127,151,combination_therapy,first_line,7,0.87
P00512,154,164,combination_therapy,first_line,8,0.92
P00512,170,180,combination_therapy,first_line,9,0.92
P00513,2,26,chemotherapy,first_line,1,0.83
P00513,24,41,chemotherapy,first_line,2,0.89
P00513,42,69,chemotherapy,first_line,3,0.91
P00513,69,82,chemotherapy,first_line,4,0.91
P00513,92,100,chemotherapy,first_line,5,0.84
P00513,105,123,chemotherapy,first_line,6,0.95
P00513,130,143,chemotherapy,first_line,7,0.81
P00513,149,161,chemotherapy,first_line,8,0.87
P00513,168,183,chemotherapy,first_line,9,0.96
P00514,1,25,immunotherapy,first_line,1,0.91
P00514,22,48,immunotherapy,first_line,2,0.85
P00514,44,65,immunotherapy,first_line,3,0.94
P00514,64,90,immunotherapy,first_line,4,0.91
P00514,102,109,immunotherapy,first_line,5,0.96
P00514,112,119,immunotherapy,first_line,6,0.95
P00514,126,152,immunotherapy,first_line,7,0.92
P00514,171,182,immunotherapy,first_line,9,0.9
P00515,0,20,targeted_therapy,first_line,1,0.83
P00515,25,43,targeted_therapy,first_line,2,0.85
P00515,42,68,targeted_therapy,first_line,3,0.88
P00515,64,80,targeted_therapy,first_line,4,0.92
P00515,87,104,targeted_therapy,first_line,5,0.9
P00515,106,130,targeted_therapy,first_line,6,0.86
P00515,129,137,targeted_therapy,first_line,7,0.8
P00515,151,172,targeted_therapy,first_line,8,0.9
P00515,168,178,targeted_therapy,first_line,9,0.86
P00516,4,24,chemotherapy,first_line,1,0.95
P00516,35,42,chemotherapy,first_line,2,0.8
P00516,42,69,chemotherapy,first_line,3,0.92
P00516,65,76,chemotherapy,first_line,4,0.99
P00516,92,104,chemotherapy,first_line,5,0.83
P00516,105,132,chemotherapy,first_line,6,0.89
P00516,126,142,chemotherapy,first_line,7,0.82
P00516,155,163,chemotherapy,first_line,8,0.93
P00516,174,181,chemotherapy,first_line,9,0.91
P00517,1,24,chemotherapy,first_line,1,0.88
P00517,21,43,chemotherapy,first_line,2,0.9
P00517,50,65,chemotherapy,first_line,3,0.98
P00517,69,88,chemotherapy,first_line,4,0.84
P00517,94,110,chemotherapy,first_line,5,0.8
P00517,105,128,chemotherapy,first_line,6,0.97
P00517,127,149,chemotherapy,first_line,7,0.92
P00517,149,159,chemotherapy,first_line,8,0.98
P00517,172,181,chemotherapy,first_line,9,0.92
P00518,1,20,immunotherapy,first_line,1,0.96
P00518,32,39,immunotherapy,first_line,2,0.89
P00518,42,60,immunotherapy,first_line,3,0.95
P00518,72,90,immunotherapy,first_line,4,0.98
P00518,84,105,immunotherapy,first_line,5,0.91
P00518,106,131,immunotherapy,first_line,6,0.84
P00518,130,152,immunotherapy,first_line,7,0.85
P00518,150,173,immunotherapy,first_line,8,0.84
P00518,170,177,immunotherapy,first_line,9,0.85
P00519,7,21,targeted_therapy,first_line,1,0.86
P00519,22,42,targeted_therapy,first_line,2,0.91
P00519,45,69,targeted_therapy,first_line,3,0.92
P00519,64,71,targeted_therapy,first_line,4,0.89
P00519,86,111,targeted_therapy,first_line,5,0.92
P00519,105,131,targeted_therapy,first_line,6,0.82
P00519,133,150,targeted_therapy,first_line,7,0.82
P00519,152,174,targeted_therapy,first_line,8,0.83
P00519,178,185,targeted_therapy,first_line,9,0.9
P00520,4,26,immunotherapy,first_line,1,0.84
P00520,21,36,immunotherapy,first_line,2,0.86
P00520,47,54,immunotherapy,first_line,3,0.88
P00520,66,86,immunotherapy,first_line,4,0.96
P00520,86,111,immunotherapy,first_line,5,0.8
P00520,107,131,immunotherapy,first_line,6,0.93
P00520,139,153,immunotherapy,first_line,7,0.93
P00520,147,169,immunotherapy,first_line,8,0.96
P00520,173,180,immunotherapy,first_line,9,0.99
P00521,0,24,combination_therapy,first_line,1,0.8
P00521,24,46,combination_therapy,first_line,2,0.83
P00521,53,60,combination_therapy,first_line,3,0.98
P00521,64,87,combination_therapy,first_line,4,0.89
P00521,86,95,combination_therapy,first_line,5,0.91
P00521,105,129,combination_therapy,first_line,6,0.93
P00521,128,150,combination_therapy,first_line,7,0.94
P00521,151,165,combination_therapy,first_line,8,0.99
P00521,168,181,combination_therapy,first_line,9,1.0
P00522,7,14,immunotherapy,first_line,1,0.94
P00522,24,38,immunotherapy,first_line,2,0.86
P00522,46,66,immunotherapy,first_line,3,0.98
P00522,68,82,immunotherapy,first_line,4,0.81
P00522,85,101,immunotherapy,first_line,5,0.85
P00522,105,121,immunotherapy,first_line,6,0.98
P00522,126,151,immunotherapy,first_line,7,0.85
P00522,150,171,immunotherapy,first_line,8,0.84
P00522,170,180,immunotherapy,first_line,9,0.83
P00523,1,24,targeted_therapy,first_line,1,0.97
P00523,21,45,targeted_therapy,first_line,2,0.9
P00523,44,60,targeted_therapy,first_line,3,0.93
P00523,66,77,targeted_therapy,first_line,4,0.85
P00523,86,111,targeted_therapy,first_line,5,0.95
P00523,111,118,targeted_therapy,first_line,6,0.95
P00523,126,152,targeted_therapy,first_line,7,0.86
P00523,150,168,targeted_therapy,first_line,8,0.88
P00523,175,182,targeted_therapy,first_line,9,0.84
P00524,4,24,immunotherapy,first_line,1,1.0
P00524,23,46,immunotherapy,first_line,2,0.93
P00524,44,66,immunotherapy,first_line,3,0.99
P00524,64,71,immunotherapy,first_line,4,0.86
P00524,85,105,immunotherapy,first_line,5,0.96
P00524,111,130,immunotherapy,first_line,6,0.95
P00524,137,152,immunotherapy,first_line,7,0.94
P00524,153,172,immunotherapy,first_line,8,0.99
P00524,170,185,immunotherapy,first_line,9,0.88
P00525,0,24,chemotherapy,first_line,1,0.83
P00525,23,37,chemotherapy,first_line,2,0.93
P00525,52,67,chemotherapy,first_line,3,0.95
P00525,65,86,chemotherapy,first_line,4,0.92
P00525,91,111,chemotherapy,first_line,5,0.84
P00525,124,131,chemotherapy,first_line,6,0.9
P00525,128,151,chemotherapy,first_line,7,0.86
P00525,149,174,chemotherapy,first_line,8,0.89
P00526,10,23,immunotherapy,first_line,1,0.93
P00526,27,45,immunotherapy,first_line,2,0.95
P00526,54,61,immunotherapy,first_line,3,0.85
P00526,63,84,immunotherapy,first_line,4,0.88
P00526,84,107,immunotherapy,first_line,5,0.85
P00526,108,120,immunotherapy,first_line,6,0.84
P00526,134,151,immunotherapy,first_line,7,0.96
P00526,152,171,immunotherapy,first_line,8,0.98
P00526,169,186,immunotherapy,first_line,9,0.87
P00527,9,25,chemotherapy,first_line,1,0.95
P00527,45,60,chemotherapy,first_line,3,0.98
P00527,75,90,chemotherapy,first_line,4,0.97
P00527,85,111,chemotherapy,first_line,5,0.84
P00527,111,132,chemotherapy,first_line,6,0.99
P00527,129,153,chemotherapy,first_line,7,0.88
P00527,148,171,chemotherapy,first_line,8,0.87
P00528,2,27,combination_therapy,first_line,1,0.81
P00528,22,39,combination_therapy,first_line,2,0.9
P00528,46,68,combination_therapy,first_line,3,0.82
P00528,68,85,combination_therapy,first_line,4,0.85
P00528,86,110,combination_therapy,first_line,5,0.86
P00528,105,127,combination_therapy,first_line,6,0.96
P00528,128,147,combination_therapy,first_line,7,0.98
P00528,150,160,combination_therapy,first_line,8,0.86
P00529,14,22,immunotherapy,first_line,1,0.97
P00529,26,48,immunotherapy,first_line,2,0.97
P00529,58,67,immunotherapy,first_line,3,0.95
P00529,73,82,immunotherapy,first_line,4,0.83
P00529,86,111,immunotherapy,first_line,5,0.94
P00529,109,126,immunotherapy,first_line,6,0.99
P00529,127,134,immunotherapy,first_line,7,0.94
P00529,149,172,immunotherapy,first_line,8,0.87
P00529,179,186,immunotherapy,first_line,9,0.9
P00530,1,26,chemotherapy,first_line,1,0.93
P00530,30,46,chemotherapy,first_line,2,0.9
P00530,46,68,chemotherapy,first_line,3,0.82
P00530,78,90,chemotherapy,first_line,4,0.86
P00530,91,98,chemotherapy,first_line,5,0.96
P00530,109,132,chemotherapy,first_line,6,0.97
P00530,127,153,chemotherapy,first_line,7,0.83
P00530,155,172,chemotherapy,first_line,8,0.99
P00530,174,181,chemotherapy,first_line,9,0.87
P00531,20,27,targeted_therapy,first_line,1,0.93
P00531,29,42,targeted_therapy,first_line,2,0.95
P00531,42,59,targeted_therapy,first_line,3,0.96
P00531,65,85,targeted_therapy,first_line,4,0.99
P00531,84,108,targeted_therapy,first_line,5,0.86
P00531,112,119,targeted_therapy,first_line,6,0.97
P00531,131,151,targeted_therapy,first_line,7,0.83
P00531,149,174,targeted_therapy,first_line,8,0.94
P00531,170,186,targeted_therapy,first_line,9,0.95
P00532,12,23,combination_therapy,first_line,1,0.94
P00532,29,48,combination_therapy,first_line,2,0.85
P00532,44,69,combination_therapy,first_line,3,0.97
P00532,66,88,combination_therapy,first_line,4,0.83
P00532,96,104,combination_therapy,first_line,5,0.81
P00532,109,131,combination_therapy,first_line,6,0.94
P00532,126,139,combination_therapy,first_line,7,0.9
P00532,158,167,combination_therapy,first_line,8,0.97
P00532,173,186,combination_therapy,first_line,9,0.88
P00533,0,21,combination_therapy,first_line,1,0.83
P00533,23,48,combination_therapy,first_line,2,0.97
P00533,46,68,combination_therapy,first_line,3,0.91
P00533,63,79,combination_therapy,first_line,4,0.84
P00533,96,103,combination_therapy,first_line,5,0.94
P00533,117,124,combination_therapy,first_line,6,0.9
P00533,127,146,combination_therapy,first_line,7,0.92
P00533,162,174,combination_therapy,first_line,8,0.89
P00535,16,26,immunotherapy,first_line,1,0.95
P00535,22,36,immunotherapy,first_line,2,0.82
P00535,61,68,immunotherapy,first_line,3,0.88
P00535,75,88,immunotherapy,first_line,4,0.98
P00535,88,105,immunotherapy,first_line,5,0.81
P00535,105,132,immunotherapy,first_line,6,0.99
P00535,126,148,immunotherapy,first_line,7,0.94
P00535,149,169,immunotherapy,first_line,8,0.93
P00535,172,183,immunotherapy,first_line,9,0.85
P00536,3,25,targeted_therapy,first_line,1,0.85
P00536,28,41,targeted_therapy,first_line,2,0.99
P00536,44,68,targeted_therapy,first_line,3,0.86
P00536,72,89,targeted_therapy,first_line,4,0.96
P00536,91,108,targeted_therapy,first_line,5,0.88
P00536,118,125,targeted_therapy,first_line,6,0.83
P00536,131,141,targeted_therapy,first_line,7,0.8
P00536,150,172,targeted_therapy,first_line,8,0.91
P00536,174,185,targeted_therapy,first_line,9,1.0
P00537,1,24,chemotherapy,first_line,1,0.87
P00537,29,42,chemotherapy,first_line,2,0.87
P00537,49,59,chemotherapy,first_line,3,0.87
P00537,69,79,chemotherapy,first_line,4,0.9
P00537,93,102,chemotherapy,first_line,5,0.89
P00537,111,129,chemotherapy,first_line,6,0.98
P00537,127,150,chemotherapy,first_line,7,0.9
P00537,152,173,chemotherapy,first_line,8,0.9
P00537,177,184,chemotherapy,first_line,9,0.83
P00538,3,22,immunotherapy,first_line,1,1.0
P00538,24,46,immunotherapy,first_line,2,0.85
P00538,46,69,immunotherapy,first_line,3,0.81
P00538,63,84,immunotherapy,first_line,4,0.93
P00538,86,111,immunotherapy,first_line,5,0.92
P00538,108,128,immunotherapy,first_line,6,0.88
P00538,126,151,immunotherapy,first_line,7,0.88
P00538,151,168,immunotherapy,first_line,8,0.96
P00538,172,179,immunotherapy,first_line,9,0.84
P00539,14,27,immunotherapy,first_line,1,0.96
P00539,22,47,immunotherapy,first_line,2,0.93
P00539,46,67,immunotherapy,first_line,3,0.88
P00539,70,86,immunotherapy,first_line,4,0.89
P00539,88,109,immunotherapy,first_line,5,0.85
P00539,109,121,immunotherapy,first_line,6,0.95
P00539,127,151,immunotherapy,first_line,7,0.9
P00539,147,167,immunotherapy,first_line,8,0.86
P00539,170,185,immunotherapy,first_line,9,0.92
P00540,10,17,chemotherapy,first_line,1,1.0
P00540,21,30,chemotherapy,first_line,2,0.89
P00540,44,58,chemotherapy,first_line,3,0.98
P00540,63,89,chemotherapy,first_line,4,0.87
P00540,87,111,chemotherapy,first_line,5,0.81
P00540,113,120,chemotherapy,first_line,6,0.84
P00540,127,135,chemotherapy,first_line,7,0.88
P00540,147,173,chemotherapy,first_line,8,0.84
P00540,174,185,chemotherapy,first_line,9,0.8
P00541,5,12,immunotherapy,first_line,1,0.98
P00541,27,45,immunotherapy,first_line,2,0.97
P00541,47,56,immunotherapy,first_line,3,0.95
P00541,63,82,immunotherapy,first_line,4,0.83
P00541,84,107,immunotherapy,first_line,5,0.82
P00541,106,131,immunotherapy,first_line,6,0.81
P00541,131,150,immunotherapy,first_line,7,0.94
P00541,151,170,immunotherapy,first_line,8,0.99
P00541,170,177,immunotherapy,first_line,9,0.89
P00542,4,24,chemotherapy,first_line,1,0.82
P00542,27,39,chemotherapy,first_line,2,0.9
P00542,47,62,chemotherapy,first_line,3,0.87
P00542,68,83,chemotherapy,first_line,4,0.87
P00542,88,106,chemotherapy,first_line,5,0.92
P00542,114,121,chemotherapy,first_line,6,0.94
P00542,127,152,chemotherapy,first_line,7,0.82
P00542,151,172,chemotherapy,first_line,8,0.81
P00542,174,181,chemotherapy,first_line,9,1.0
P00543,6,13,targeted_therapy,first_line,1,0.85
P00543,25,48,targeted_therapy,first_line,2,0.81
P00543,53,63,targeted_therapy,first_line,3,0.84
P00543,81,88,targeted_therapy,first_line,4,0.81
P00543,98,111,targeted_therapy,first_line,5,0.88
P00543,108,132,targeted_therapy,first_line,6,0.96
P00543,130,146,targeted_therapy,first_line,7,0.87
P00543,147,156,targeted_therapy,first_line,8,0.89
P00544,3,17,immunotherapy,first_line,1,0.94
P00544,23,40,immunotherapy,first_line,2,0.9
P00544,45,65,immunotherapy,first_line,3,0.97
P00544,67,84,immunotherapy,first_line,4,0.97
P00544,88,111,immunotherapy,first_line,5,0.8
P00544,105,121,immunotherapy,first_line,6,0.96
P00544,128,146,immunotherapy,first_line,7,0.89
P00544,148,171,immunotherapy,first_line,8,1.0
P00545,4,15,chemotherapy,first_line,1,0.9
P00545,30,45,chemotherapy,first_line,2,1.0
P00545,43,69,chemotherapy,first_line,3,0.95
P00545,76,84,chemotherapy,first_line,4,0.85
P00545,84,107,chemotherapy,first_line,5,0.91
P00545,109,128,chemotherapy,first_line,6,1.0
P00545,126,151,chemotherapy,first_line,7,0.97
P00545,148,163,chemotherapy,first_line,8,0.82
P00545,169,181,chemotherapy,first_line,9,0.94
P00546,5,27,combination_therapy,first_line,1,0.87
P00546,27,42,combination_therapy,first_line,2,0.8
P00546,52,59,combination_therapy,first_line,3,0.88
P00546,63,90,combination_therapy,first_line,4,0.85
P00546,93,110,combination_therapy,first_line,5,0.96
P00546,110,129,combination_therapy,first_line,6,0.87
P00546,132,149,combination_therapy,first_line,7,0.97
P00546,149,173,combination_therapy,first_line,8,0.8
P00546,179,186,combination_therapy,first_line,9,0.86
P00547,6,22,targeted_therapy,first_line,1,0.85
P00547,21,41,targeted_therapy,first_line,2,0.85
P00547,51,60,targeted_therapy,first_line,3,0.81
P00547,65,72,targeted_therapy,first_line,4,0.84
P00547,98,105,targeted_therapy,first_line,5,0.91
P00547,106,122,targeted_therapy,first_line,6,0.86
P00547,126,152,targeted_therapy,first_line,7,0.88
P00547,151,172,targeted_therapy,first_line,8,0.88
P00547,168,186,targeted_therapy,first_line,9,0.98
P00548,5,27,immunotherapy,first_line,1,0.98
P00548,26,33,immunotherapy,first_line,2,0.9
P00548,51,67,immunotherapy,first_line,3,0.87
P00548,63,90,immunotherapy,first_line,4,0.82
P00548,84,110,immunotherapy,first_line,5,0.99
P00548,116,125,immunotherapy,first_line,6,0.81
P00548,130,142,immunotherapy,first_line,7,0.86
P00548,149,166,immunotherapy,first_line,8,0.86
P00548,170,184,immunotherapy,first_line,9,0.86
P00549,7,25,immunotherapy,first_line,1,0.83
P00549,23,30,immunotherapy,first_line,2,0.96
P00549,52,69,immunotherapy,first_line,3,0.82
P00549,63,90,immunotherapy,first_line,4,0.93
P00549,112,129,immunotherapy,first_line,6,0.82
P00549,129,152,immunotherapy,first_line,7,0.81
P00549,157,174,immunotherapy,first_line,8,0.98
P00549,173,183,immunotherapy,first_line,9,0.84
P00550,9,22,immunotherapy,first_line,1,0.96
P00550,25,40,immunotherapy,first_line,2,0.91
P00550,55,69,immunotherapy,first_line,3,0.82
P00550,63,89,immunotherapy,first_line,4,0.99
P00550,88,109,immunotherapy,first_line,5,0.85
P00550,113,128,immunotherapy,first_line,6,0.97
P00550,127,144,immunotherapy,first_line,7,0.83
P00550,148,167,immunotherapy,first_line,8,0.97
P00550,176,186,immunotherapy,first_line,9,0.8
P00551,21,48,chemotherapy,first_line,2,0.9
P00551,52,66,chemotherapy,first_line,3,0.95
P00551,65,86,chemotherapy,first_line,4,0.99
P00551,86,101,chemotherapy,first_line,5,0.98
P00551,112,129,chemotherapy,first_line,6,0.96
P00551,129,153,chemotherapy,first_line,7,0.98
P00551,163,174,chemotherapy,first_line,8,0.84
P00551,168,184,chemotherapy,first_line,9,0.86
P00552,1,23,chemotherapy,first_line,1,0.86
P00552,24,48,chemotherapy,first_line,2,0.88
P00552,68,86,chemotherapy,first_line,4,0.88
P00552,86,109,chemotherapy,first_line,5,0.91
P00552,108,129,chemotherapy,first_line,6,0.83
P00552,130,142,chemotherapy,first_line,7,0.94
P00552,159,174,chemotherapy,first_line,8,0.83
P00552,168,175,chemotherapy,first_line,9,0.86
P00553,8,16,targeted_therapy,first_line,1,0.9
P00553,22,29,targeted_therapy,first_line,2,0.96
P00553,42,58,targeted_therapy,first_line,3,0.95
P00553,65,90,targeted_therapy,first_line,4,0.93
P00553,90,110,targeted_therapy,first_line,5,0.83
P00553,107,125,targeted_therapy,first_line,6,0.91
P00553,130,150,targeted_therapy,first_line,7,0.82
P00553,151,167,targeted_therapy,first_line,8,0.88
P00553,169,186,targeted_therapy,first_line,9,0.88
P00554,2,18,immunotherapy,first_line,1,0.81
P00554,22,47,immunotherapy,first_line,2,0.85
P00554,43,69,immunotherapy,first_line,3,0.99
P00554,67,86,immunotherapy,first_line,4,0.99
P00554,90,109,immunotherapy,first_line,5,0.87
P00554,107,129,immunotherapy,first_line,6,0.81
P00554,136,143,immunotherapy,first_line,7,0.84
P00554,147,172,immunotherapy,first_line,8,0.88
P00555,21,48,chemotherapy,first_line,2,0.99
P00555,44,52,chemotherapy,first_line,3,0.83
P00555,68,89,chemotherapy,first_line,4,0.95
P00555,87,100,chemotherapy,first_line,5,0.82
P00555,113,126,chemotherapy,first_line,6,1.0
P00555,132,153,chemotherapy,first_line,7,0.88
P00555,153,173,chemotherapy,first_line,8,0.96
P00555,170,184,chemotherapy,first_line,9,0.87
P00556,8,27,targeted_therapy,first_line,1,0.93
P00556,23,35,targeted_therapy,first_line,2,0.84
P00556,43,65,targeted_therapy,first_line,3,0.83
P00556,64,81,targeted_therapy,first_line,4,0.99
P00556,86,102,targeted_therapy,first_line,5,0.98
P00556,111,128,targeted_therapy,first_line,6,0.98
P00556,140,148,targeted_therapy,first_line,7,0.93
P00556,158,173,targeted_therapy,first_line,8,0.96
P00556,168,180,targeted_therapy,first_line,9,0.81
P00557,0,25,combination_therapy,first_line,1,0.87
P00557,27,47,combination_therapy,first_line,2,0.86
P00557,45,67,combination_therapy,first_line,3,0.93
P00557,73,90,combination_therapy,first_line,4,0.87
P00557,86,110,combination_therapy,first_line,5,0.83
P00557,107,132,combination_therapy,first_line,6,0.92
P00557,128,150,combination_therapy,first_line,7,0.96
P00557,152,173,combination_therapy,first_line,8,0.88
P00557,169,183,combination_therapy,first_line,9,0.83
P00558,5,12,immunotherapy,first_line,1,0.84
P00558,23,45,immunotherapy,first_line,2,0.85
P00558,53,67,immunotherapy,first_line,3,0.86
P00558,67,80,immunotherapy,first_line,4,0.93
P00558,89,109,immunotherapy,first_line,5,0.92
P00558,105,116,immunotherapy,first_line,6,0.94
P00558,132,150,immunotherapy,first_line,7,0.87
P00558,152,174,immunotherapy,first_line,8,0.96
P00558,168,175,immunotherapy,first_line,9,0.84
P00559,4,15,targeted_therapy,first_line,1,0.89
P00559,29,45,targeted_therapy,first_line,2,0.96
P00559,47,69,targeted_therapy,first_line,3,0.84
P00559,70,87,targeted_therapy,first_line,4,0.82
P00559,87,104,targeted_therapy,first_line,5,0.98
P00559,118,132,targeted_therapy,first_line,6,0.87
P00559,147,170,targeted_therapy,first_line,8,0.94
P00559,170,182,targeted_therapy,first_line,9,0.81
P00560,4,18,combination_therapy,first_line,1,0.94
P00560,34,45,combination_therapy,first_line,2,0.86
P00560,43,64,combination_therapy,first_line,3,0.81
P00560,64,90,combination_therapy,first_line,4,0.92
P00560,98,105,combination_therapy,first_line,5,0.85
P00560,121,132,combination_therapy,first_line,6,0.88
P00560,130,152,combination_therapy,first_line,7,0.82
P00560,148,173,combination_therapy,first_line,8,0.83
P00560,177,186,combination_therapy,first_line,9,0.86
P00561,0,23,immunotherapy,first_line,1,0.82
P00561,22,44,immunotherapy,first_line,2,0.98
P00561,43,59,immunotherapy,first_line,3,0.8
P00561,65,85,immunotherapy,first_line,4,0.9
P00561,92,109,immunotherapy,first_line,5,0.82
P00561,114,130,immunotherapy,first_line,6,0.86
P00561,134,147,immunotherapy,first_line,7,0.99
P00561,154,173,immunotherapy,first_line,8,0.83
P00561,171,184,immunotherapy,first_line,9,0.99
P00562,3,12,immunotherapy,first_line,1,0.84
P00562,23,48,immunotherapy,first_line,2,0.95
P00562,46,64,immunotherapy,first_line,3,0.91
P00562,69,85,immunotherapy,first_line,4,0.98
P00562,91,104,immunotherapy,first_line,5,0.91
P00562,109,130,immunotherapy,first_line,6,0.91
P00562,127,151,immunotherapy,first_line,7,0.84
P00562,151,161,immunotherapy,first_line,8,0.83
P00562,170,180,immunotherapy,first_line,9,0.98
P00563,2,24,immunotherapy,first_line,1,0.87
P00563,23,41,immunotherapy,first_line,2,0.87
P00563,42,69,immunotherapy,first_line,3,0.95
P00563,69,85,immunotherapy,first_line,4,0.87
P00563,88,103,immunotherapy,first_line,5,0.99
P00563,106,128,immunotherapy,first_line,6,0.95
P00563,129,149,immunotherapy,first_line,7,0.92
P00563,166,174,immunotherapy,first_line,8,0.98
P00563,177,184,immunotherapy,first_line,9,0.81
P00564,0,26,targeted_therapy,first_line,1,0.85
P00564,23,43,targeted_therapy,first_line,2,0.89
P00564,42,53,targeted_therapy,first_line,3,0.85
P00564,63,85,targeted_therapy,first_line,4,0.95
P00564,85,111,targeted_therapy,first_line,5,0.98
P00564,109,125,targeted_therapy,first_line,6,0.88
P00564,141,148,targeted_therapy,first_line,7,0.87
P00564,152,171,targeted_therapy,first_line,8,0.99
P00564,169,184,targeted_therapy,first_line,9,0.89
P00565,1,25,combination_therapy,first_line,1,0.9
P00565,21,39,combination_therapy,first_line,2,0.87
P00565,43,58,combination_therapy,first_line,3,0.98
P00565,73,83,combination_therapy,first_line,4,0.91
P00565,88,109,combination_therapy,first_line,5,0.95
P00565,116,128,combination_therapy,first_line,6,0.96
P00565,128,151,combination_therapy,first_line,7,0.87
P00565,147,171,combination_therapy,first_line,8,0.89
P00565,177,186,combination_therapy,first_line,9,0.97
P00566,2,10,immunotherapy,first_line,1,0.87
P00566,23,48,immunotherapy,first_line,2,0.96
P00566,52,69,immunotherapy,first_line,3,0.99
P00566,71,88,immunotherapy,first_line,4,0.92
P00566,84,109,immunotherapy,first_line,5,0.95
P00566,146,153,immunotherapy,first_line,7,0.96
P00566,148,169,immunotherapy,first_line,8,0.97
P00566,176,184,immunotherapy,first_line,9,0.88
P00567,1,26,combination_therapy,first_line,1,0.81
P00567,21,28,combination_therapy,first_line,2,0.88
P00567,49,69,combination_therapy,first_line,3,0.93
P00567,73,88,combination_therapy,first_line,4,0.89
P00567,91,98,combination_therapy,first_line,5,0.95
P00567,107,125,combination_therapy,first_line,6,0.87
P00567,140,149,combination_therapy,first_line,7,0.93
P00567,149,163,combination_therapy,first_line,8,0.84
P00567,173,180,combination_therapy,first_line,9,0.95
P00568,1,22,targeted_therapy,first_line,1,0.91
P00568,21,48,targeted_therapy,first_line,2,0.84
P00568,42,69,targeted_therapy,first_line,3,0.86
P00568,69,85,targeted_therapy,first_line,4,0.95
P00568,85,111,targeted_therapy,first_line,5,0.9
P00568,113,128,targeted_therapy,first_line,6,0.84
P00568,127,149,targeted_therapy,first_line,7,0.99
P00568,147,163,targeted_therapy,first_line,8,0.94
P00568,169,179,targeted_therapy,first_line,9,0.99
P00569,0,22,combination_therapy,first_line,1,0.89
P00569,28,37,combination_therapy,first_line,2,0.9
P00569,45,63,combination_therapy,first_line,3,0.98
P00569,71,85,combination_therapy,first_line,4,0.91
P00569,86,111,combination_therapy,first_line,5,0.94
P00569,117,132,combination_therapy,first_line,6,0.85
P00569,135,149,combination_therapy,first_line,7,0.89
P00569,174,181,combination_therapy,first_line,9,0.82
P00570,7,27,combination_therapy,first_line,1,0.84
P00570,29,46,combination_therapy,first_line,2,0.8
P00570,48,55,combination_therapy,first_line,3,0.81
P00570,68,90,combination_therapy,first_line,4,1.0
P00570,87,109,combination_therapy,first_line,5,0.85
P00570,109,126,combination_therapy,first_line,6,0.93
P00570,126,152,combination_therapy,first_line,7,0.97
P00570,153,172,combination_therapy,first_line,8,0.91
P00570,176,183,combination_therapy,first_line,9,0.83
P00571,6,27,chemotherapy,first_line,1,0.95
P00571,21,42,chemotherapy,first_line,2,0.92
P00571,44,69,chemotherapy,first_line,3,0.95
P00571,64,87,chemotherapy,first_line,4,0.95
P00571,89,110,chemotherapy,first_line,5,1.0
P00571,105,131,chemotherapy,first_line,6,0.91
P00571,131,150,chemotherapy,first_line,7,0.87
P00571,152,163,chemotherapy,first_line,8,0.93
P00571,176,186,chemotherapy,first_line,9,0.81
P00572,0,27,combination_therapy,first_line,1,0.98
P00572,22,46,combination_therapy,first_line,2,0.82
P00572,43,63,combination_therapy,first_line,3,0.87
P00572,69,89,combination_therapy,first_line,4,0.96
P00572,84,105,combination_therapy,first_line,5,0.92
P00572,108,131,combination_therapy,first_line,6,0.88
P00572,131,144,combination_therapy,first_line,7,0.89
P00572,147,163,combination_therapy,first_line,8,0.97
P00572,169,176,combination_therapy,first_line,9,0.87
P00573,1,25,chemotherapy,first_line,1,0.97
P00573,22,43,chemotherapy,first_line,2,0.82
P00573,44,69,chemotherapy,first_line,3,0.96
P00573,66,73,chemotherapy,first_line,4,0.97
P00573,95,111,chemotherapy,first_line,5,0.84
P00573,106,129,chemotherapy,first_line,6,0.89
P00573,134,148,chemotherapy,first_line,7,0.83
P00573,147,173,chemotherapy,first_line,8,0.94
P00573,171,183,chemotherapy,first_line,9,0.91
P00574,0,15,chemotherapy,first_line,1,0.93
P00574,41,48,chemotherapy,first_line,2,0.84
P00574,47,66,chemotherapy,first_line,3,0.84
P00574,65,81,chemotherapy,first_line,4,0.81
P00574,88,109,chemotherapy,first_line,5,0.86
P00574,108,128,chemotherapy,first_line,6,0.91
P00574,132,152,chemotherapy,first_line,7,0.97
P00574,149,172,chemotherapy,first_line,8,0.93
P00574,169,176,chemotherapy,first_line,9,0.89
P00575,11,18,targeted_therapy,first_line,1,0.99
P00575,25,41,targeted_therapy,first_line,2,0.94
P00575,45,69,targeted_therapy,first_line,3,0.99
P00575,69,76,targeted_therapy,first_line,4,0.91
P00575,84,102,targeted_therapy,first_line,5,0.85
P00575,110,130,targeted_therapy,first_line,6,0.81
P00575,129,142,targeted_therapy,first_line,7,0.95
P00575,147,168,targeted_therapy,first_line,8,0.82
P00575,169,186,targeted_therapy,first_line,9,0.86
P00576,1,22,immunotherapy,first_line,1,0.91
P00576,28,48,immunotherapy,first_line,2,0.91
P00576,56,68,immunotherapy,first_line,3,0.92
P00576,68,87,immunotherapy,first_line,4,0.83
P00576,84,107,immunotherapy,first_line,5,0.88
P00576,109,128,immunotherapy,first_line,6,0.92
P00576,126,144,immunotherapy,first_line,7,0.99
P00576,154,168,immunotherapy,first_line,8,0.95
P00576,170,179,immunotherapy,first_line,9,0.98
P00577,4,24,chemotherapy,first_line,1,0.95
P00577,26,43,chemotherapy,first_line,2,0.92
P00577,42,66,chemotherapy,first_line,3,0.84
P00577,71,86,chemotherapy,first_line,4,0.93
P00577,85,101,chemotherapy,first_line,5,0.92
P00577,114,132,chemotherapy,first_line,6,0.92
P00577,140,147,chemotherapy,first_line,7,0.9
P00577,150,170,chemotherapy,first_line,8,0.91
P00577,173,180,chemotherapy,first_line,9,0.87
P00578,3,24,immunotherapy,first_line,1,0.9
P00578,28,35,immunotherapy,first_line,2,0.84
P00578,44,53,immunotherapy,first_line,3,0.96
P00578,70,80,immunotherapy,first_line,4,0.84
P00578,92,110,immunotherapy,first_line,5,0.82
P00578,110,131,immunotherapy,first_line,6,0.89
P00578,126,153,immunotherapy,first_line,7,0.93
P00578,150,171,immunotherapy,first_line,8,0.89
P00578,172,185,immunotherapy,first_line,9,0.86
P00579,3,26,combination_therapy,first_line,1,0.91
P00579,25,36,combination_therapy,first_line,2,0.87
P00579,48,64,combination_therapy,first_line,3,0.99
P00579,64,87,combination_therapy,first_line,4,0.98
P00579,94,108,combination_therapy,first_line,5,0.9
P00579,110,125,combination_therapy,first_line,6,0.87
P00579,137,151,combination_therapy,first_line,7,0.95
P00579,148,173,combination_therapy,first_line,8,0.81
P00579,170,183,combination_therapy,first_line,9,0.89
P00580,4,20,chemotherapy,first_line,1,0.87
P00580,25,47,chemotherapy,first_line,2,0.98
P00580,46,69,chemotherapy,first_line,3,0.8
P00580,64,90,chemotherapy,first_line,4,0.91
P00580,87,110,chemotherapy,first_line,5,0.95
P00580,120,127,chemotherapy,first_line,6,0.9
P00580,127,150,chemotherapy,first_line,7,0.82
P00580,156,172,chemotherapy,first_line,8,0.99
P00580,168,182,chemotherapy,first_line,9,0.9
P00581,3,11,chemotherapy,first_line,1,0.92
P00581,27,41,chemotherapy,first_line,2,0.85
P00581,45,69,chemotherapy,first_line,3,0.9
P00581,63,89,chemotherapy,first_line,4,0.89
P00581,107,119,chemotherapy,first_line,6,0.81
P00581,129,148,chemotherapy,first_line,7,0.82
P00581,149,170,chemotherapy,first_line,8,0.97
P00581,168,186,chemotherapy,first_line,9,0.85
P00582,3,25,immunotherapy,first_line,1,0.84
P00582,24,32,immunotherapy,first_line,2,0.9
P00582,46,62,immunotherapy,first_line,3,0.95
P00582,65,90,immunotherapy,first_line,4,0.81
P00582,85,111,immunotherapy,first_line,5,0.92
P00582,118,131,immunotherapy,first_line,6,0.82
P00582,128,148,immunotherapy,first_line,7,0.81
P00582,147,174,immunotherapy,first_line,8,0.81
P00583,3,27,chemotherapy,first_line,1,0.97
P00583,47,67,chemotherapy,first_line,3,0.82
P00583,67,88,chemotherapy,first_line,4,0.81
P00583,85,92,chemotherapy,first_line,5,0.89
P00583,106,125,chemotherapy,first_line,6,0.97
P00583,129,146,chemotherapy,first_line,7,0.85
P00583,158,171,chemotherapy,first_line,8,0.88
P00583,169,183,chemotherapy,first_line,9,0.81
P00584,1,22,chemotherapy,first_line,1,0.89
P00584,29,46,chemotherapy,first_line,2,0.92
P00584,47,60,chemotherapy,first_line,3,0.91
P00584,67,88,chemotherapy,first_line,4,0.87
P00584,92,106,chemotherapy,first_line,5,0.86
P00584,110,131,chemotherapy,first_line,6,0.82
P00584,134,151,chemotherapy,first_line,7,0.87
P00584,148,174,chemotherapy,first_line,8,0.82
P00585,4,21,targeted_therapy,first_line,1,0.95
P00585,67,83,targeted_therapy,first_line,4,0.99
P00585,86,106,targeted_therapy,first_line,5,0.99
P00585,105,132,targeted_therapy,first_line,6,0.97
P00585,126,150,targeted_therapy,first_line,7,0.92
P00585,149,173,targeted_therapy,first_line,8,0.94
P00585,172,184,targeted_therapy,first_line,9,0.86
P00586,0,14,combination_therapy,first_line,1,0.93
P00586,29,47,combination_therapy,first_line,2,0.89
P00586,51,69,combination_therapy,first_line,3,0.9
P00586,66,85,combination_therapy,first_line,4,0.95
P00586,85,103,combination_therapy,first_line,5,0.86
P00586,130,152,combination_therapy,first_line,7,0.86
P00586,150,170,combination_therapy,first_line,8,0.98
P00586,168,178,combination_therapy,first_line,9,0.81
P00587,8,15,chemotherapy,first_line,1,0.9
P00587,23,42,chemotherapy,first_line,2,0.98
P00587,52,66,chemotherapy,first_line,3,0.92
P00587,67,90,chemotherapy,first_line,4,0.91
P00587,84,111,chemotherapy,first_line,5,0.85
P00587,110,132,chemotherapy,first_line,6,0.87
P00587,131,147,chemotherapy,first_line,7,0.97
P00587,164,171,chemotherapy,first_line,8,0.91
P00587,179,186,chemotherapy,first_line,9,0.9
P00588,4,27,chemotherapy,first_line,1,0.82
P00588,22,38,chemotherapy,first_line,2,0.8
P00588,42,66,chemotherapy,first_line,3,0.99
P00588,65,86,chemotherapy,first_line,4,0.88
P00588,99,110,chemotherapy,first_line,5,0.92
P00588,110,132,chemotherapy,first_line,6,0.82
P00588,128,148,chemotherapy,first_line,7,0.94
P00588,152,172,chemotherapy,first_line,8,0.99
P00588,169,186,chemotherapy,first_line,9,0.92
P00589,3,25,combination_therapy,first_line,1,0.83
P00589,23,43,combination_therapy,first_line,2,0.92
P00589,44,62,combination_therapy,first_line,3,0.95
P00589,67,85,combination_therapy,first_line,4,0.88
P00589,84,111,combination_therapy,first_line,5,0.98
P00589,108,132,combination_therapy,first_line,6,0.93
P00589,126,144,combination_therapy,first_line,7,0.98
P00589,147,168,combination_therapy,first_line,8,0.92
P00589,172,184,combination_therapy,first_line,9,0.83
P00590,5,25,chemotherapy,first_line,1,0.86
P00590,21,37,chemotherapy,first_line,2,0.84
P00590,43,61,chemotherapy,first_line,3,0.98
P00590,63,81,chemotherapy,first_line,4,0.95
P00590,88,108,chemotherapy,first_line,5,0.94
P00590,109,132,chemotherapy,first_line,6,0.86
P00590,131,143,chemotherapy,first_line,7,0.84
P00590,152,166,chemotherapy,first_line,8,0.95
P00590,177,184,chemotherapy,first_line,9,0.89
P00591,2,25,immunotherapy,first_line,1,0.85
P00591,21,45,immunotherapy,first_line,2,0.92
P00591,45,62,immunotherapy,first_line,3,0.81
P00591,69,87,immunotherapy,first_line,4,0.87
P00591,88,108,immunotherapy,first_line,5,0.89
P00591,108,132,immunotherapy,first_line,6,0.83
P00591,133,147,immunotherapy,first_line,7,1.0
P00591,147,171,immunotherapy,first_line,8,0.84
P00592,0,24,targeted_therapy,first_line,1,0.83
P00592,22,33,targeted_therapy,first_line,2,0.84
P00592,49,63,targeted_therapy,first_line,3,0.95
P00592,64,90,targeted_therapy,first_line,4,0.89
P00592,89,105,targeted_therapy,first_line,5,0.91
P00592,113,130,targeted_therapy,first_line,6,0.8
P00592,128,141,targeted_therapy,first_line,7,0.81
P00592,150,159,targeted_therapy,first_line,8,0.89
P00592,173,182,targeted_therapy,first_line,9,0.96
P00593,5,16,immunotherapy,first_line,1,0.98
P00593,24,48,immunotherapy,first_line,2,0.82
P00593,49,66,immunotherapy,first_line,3,0.91
P00593,67,86,immunotherapy,first_line,4,0.98
P00593,86,111,immunotherapy,first_line,5,0.88
P00593,106,131,immunotherapy,first_line,6,0.97
P00593,126,145,immunotherapy,first_line,7,0.83
P00593,151,169,immunotherapy,first_line,8,0.99
P00593,168,175,immunotherapy,first_line,9,0.95
P00594,1,22,chemotherapy,first_line,1,0.99
P00594,21,39,chemotherapy,first_line,2,0.94
P00594,53,69,chemotherapy,first_line,3,0.87
P00594,78,85,chemotherapy,first_line,4,0.99
P00594,85,105,chemotherapy,first_line,5,0.86
P00594,107,120,chemotherapy,first_line,6,0.87
P00594,129,152,chemotherapy,first_line,7,0.94
P00594,147,174,chemotherapy,first_line,8,0.95
P00595,3,22,combination_therapy,first_line,1,0.99
P00595,21,43,combination_therapy,first_line,2,0.84
P00595,49,68,combination_therapy,first_line,3,0.96
P00595,63,82,combination_therapy,first_line,4,0.95
P00595,105,123,combination_therapy,first_line,6,0.81
P00595,130,151,combination_therapy,first_line,7,0.88
P00595,154,173,combination_therapy,first_line,8,0.86
P00595,175,182,combination_therapy,first_line,9,0.86
P00596,7,25,combination_therapy,first_line,1,1.0
P00596,25,32,combination_therapy,first_line,2,0.93
P00596,44,65,combination_therapy,first_line,3,0.94
P00596,71,88,combination_therapy,first_line,4,1.0
P00596,88,108,combination_therapy,first_line,5,0.88
P00596,105,119,combination_therapy,first_line,6,0.96
P00596,142,153,combination_therapy,first_line,7,0.89
P00596,151,168,combination_therapy,first_line,8,0.97
P00596,168,179,combination_therapy,first_line,9,0.84
P00597,0,27,chemotherapy,first_line,1,0.99
P00597,40,47,chemotherapy,first_line,2,0.84
P00597,48,60,chemotherapy,first_line,3,0.87
P00597,72,88,chemotherapy,first_line,4,0.95
P00597,86,101,chemotherapy,first_line,5,0.88
P00597,109,116,chemotherapy,first_line,6,0.92
P00597,127,152,chemotherapy,first_line,7,0.89
P00597,147,173,chemotherapy,first_line,8,0.95
P00597,169,176,chemotherapy,first_line,9,0.85
P00598,3,20,targeted_therapy,first_line,1,0.81
P00598,25,48,targeted_therapy,first_line,2,0.86
P00598,55,64,targeted_therapy,first_line,3,0.89
P00598,68,89,targeted_therapy,first_line,4,0.83
P00598,86,110,targeted_therapy,first_line,5,0.87
P00598,111,124,targeted_therapy,first_line,6,0.88
P00598,127,152,targeted_therapy,first_line,7,0.81
P00598,161,174,targeted_therapy,first_line,8,0.92
P00598,172,181,targeted_therapy,first_line,9,0.98
P00599,10,26,targeted_therapy,first_line,1,0.83
P00599,31,41,targeted_therapy,first_line,2,0.92
P00599,42,61,targeted_therapy,first_line,3,0.93
P00599,87,107,targeted_therapy,first_line,5,0.88
P00599,106,130,targeted_therapy,first_line,6,0.94
P00599,133,147,targeted_therapy,first_line,7,0.88
P00599,151,158,targeted_therapy,first_line,8,0.9
P00599,171,181,targeted_therapy,first_line,9,0.8
P00600,5,18,immunotherapy,first_line,1,0.94
P00600,22,42,immunotherapy,first_line,2,0.93
P00600,43,69,immunotherapy,first_line,3,0.81
P00600,67,89,immunotherapy,first_line,4,0.87
P00600,89,105,immunotherapy,first_line,5,1.0
P00600,105,127,immunotherapy,first_line,6,0.88
P00600,132,151,immunotherapy,first_line,7,0.9
P00600,152,168,immunotherapy,first_line,8,0.98
P00600,170,177,immunotherapy,first_line,9,0.94
P00601,4,11,immunotherapy,first_line,1,0.92
P00601,23,46,immunotherapy,first_line,2,0.96
P00601,53,67,immunotherapy,first_line,3,0.97
P00601,66,89,immunotherapy,first_line,4,0.89
P00601,85,106,immunotherapy,first_line,5,0.9
P00601,110,124,immunotherapy,first_line,6,0.88
P00601,128,147,immunotherapy,first_line,7,0.99
P00601,150,171,immunotherapy,first_line,8,0.94
P00602,5,27,combination_therapy,first_line,1,0.82
P00602,25,32,combination_therapy,first_line,2,0.97
P00602,42,62,combination_therapy,first_line,3,0.9
P00602,67,89,combination_therapy,first_line,4,0.81
P00602,84,110,combination_therapy,first_line,5,0.91
P00602,110,130,combination_therapy,first_line,6,0.88
P00602,128,152,combination_therapy,first_line,7,0.98
P00602,148,171,combination_therapy,first_line,8,0.84
P00602,169,180,combination_therapy,first_line,9,0.97
P00603,12,20,chemotherapy,first_line,1,0.91
P00603,22,48,chemotherapy,first_line,2,0.81
P00603,44,58,chemotherapy,first_line,3,0.99
P00603,68,90,chemotherapy,first_line,4,0.9
P00603,90,102,chemotherapy,first_line,5,0.86
P00603,117,124,chemotherapy,first_line,6,0.89
P00603,129,152,chemotherapy,first_line,7,0.97
P00603,149,165,chemotherapy,first_line,8,0.86
P00603,169,185,chemotherapy,first_line,9,0.84
P00604,2,26,chemotherapy,first_line,1,0.83
P00604,23,48,chemotherapy,first_line,2,0.86
P00604,61,68,chemotherapy,first_line,3,0.96
P00604,73,89,chemotherapy,first_line,4,0.89
P00604,84,105,chemotherapy,first_line,5,0.85
P00604,120,132,chemotherapy,first_line,6,0.83
P00604,128,152,chemotherapy,first_line,7,0.87
P00604,147,172,chemotherapy,first_line,8,0.99
P00604,170,180,chemotherapy,first_line,9,0.87
P00605,0,27,chemotherapy,first_line,1,1.0
P00605,21,35,chemotherapy,first_line,2,0.9
P00605,68,82,chemotherapy,first_line,4,0.84
P00605,84,111,chemotherapy,first_line,5,0.98
P00605,119,127,chemotherapy,first_line,6,0.89
P00605,129,150,chemotherapy,first_line,7,0.94
P00605,147,172,chemotherapy,first_line,8,1.0
P00606,6,13,chemotherapy,first_line,1,0.81
P00606,31,44,chemotherapy,first_line,2,0.82
P00606,44,69,chemotherapy,first_line,3,0.94
P00606,69,84,chemotherapy,first_line,4,0.86
P00606,86,104,chemotherapy,first_line,5,0.84
P00606,106,131,chemotherapy,first_line,6,0.81
P00606,130,137,chemotherapy,first_line,7,0.8
P00606,148,174,chemotherapy,first_line,8,0.95
P00606,172,180,chemotherapy,first_line,9,0.83
P00607,7,17,combination_therapy,first_line,1,0.89
P00607,24,42,combination_therapy,first_line,2,0.92
P00607,44,68,combination_therapy,first_line,3,0.89
P00607,66,90,combination_therapy,first_line,4,0.81
P00607,85,110,combination_therapy,first_line,5,0.96
P00607,117,125,combination_therapy,first_line,6,0.8
P00607,129,146,combination_therapy,first_line,7,0.95
P00607,153,168,combination_therapy,first_line,8,0.98
P00607,170,184,combination_therapy,first_line,9,0.89
P00608,5,23,chemotherapy,first_line,1,0.91
P00608,33,41,chemotherapy,first_line,2,0.9
P00608,42,65,chemotherapy,first_line,3,0.88
P00608,64,79,chemotherapy,first_line,4,0.98
P00608,88,108,chemotherapy,first_line,5,0.98
P00608,113,130,chemotherapy,first_line,6,0.87
P00608,130,141,chemotherapy,first_line,7,0.92
P00608,148,155,chemotherapy,first_line,8,0.99
P00608,168,186,chemotherapy,first_line,9,0.99
P00609,6,26,chemotherapy,first_line,1,0.9
P00609,25,48,chemotherapy,first_line,2,0.89
P00609,60,67,chemotherapy,first_line,3,0.86
P00609,83,90,chemotherapy,first_line,4,0.99
P00609,90,109,chemotherapy,first_line,5,0.83
P00609,106,126,chemotherapy,first_line,6,0.92
P00609,133,152,chemotherapy,first_line,7,0.86
P00609,149,172,chemotherapy,first_line,8,0.86
P00609,169,180,chemotherapy,first_line,9,0.88
P00610,8,23,combination_therapy,first_line,1,1.0
P00610,25,32,combination_therapy,first_line,2,0.81
P00610,45,69,combination_therapy,first_line,3,0.92
P00610,67,87,combination_therapy,first_line,4,0.82
P00610,94,101,combination_therapy,first_line,5,0.83
P00610,107,130,combination_therapy,first_line,6,0.89
P00610,129,140,combination_therapy,first_line,7,0.9
P00610,159,169,combination_therapy,first_line,8,0.85
P00610,172,185,combination_therapy,first_line,9,0.86
P00611,0,25,combination_therapy,first_line,1,0.82
P00611,26,41,combination_therapy,first_line,2,0.86
P00611,45,69,combination_therapy,first_line,3,0.99
P00611,71,78,combination_therapy,first_line,4,0.99
P00611,98,109,combination_therapy,first_line,5,0.87
P00611,123,131,combination_therapy,first_line,6,0.91
P00611,135,151,combination_therapy,first_line,7,0.98
P00611,150,170,combination_therapy,first_line,8,0.8
P00612,4,26,combination_therapy,first_line,1,0.96
P00612,27,34,combination_therapy,first_line,2,0.99
P00612,43,69,combination_therapy,first_line,3,0.82
P00612,67,83,combination_therapy,first_line,4,0.83
P00612,96,107,combination_therapy,first_line,5,0.99
P00612,108,131,combination_therapy,first_line,6,0.91
P00612,136,153,combination_therapy,first_line,7,0.8
P00612,149,167,combination_therapy,first_line,8,0.85
P00612,169,178,combination_therapy,first_line,9,0.89
P00613,11,18,targeted_therapy,first_line,1,0.94
P00613,24,44,targeted_therapy,first_line,2,0.95
P00613,43,60,targeted_therapy,first_line,3,1.0
P00613,66,88,targeted_therapy,first_line,4,0.86
P00613,86,110,targeted_therapy,first_line,5,0.91
P00613,107,126,targeted_therapy,first_line,6,0.91
P00613,127,152,targeted_therapy,first_line,7,0.88
P00613,149,156,targeted_therapy,first_line,8,0.83
P00613,177,184,targeted_therapy,first_line,9,1.0
P00614,0,26,targeted_therapy,first_line,1,0.97
P00614,23,37,targeted_therapy,first_line,2,0.9
P00614,47,67,targeted_therapy,first_line,3,0.92
P00614,66,82,targeted_therapy,first_line,4,0.85
P00614,86,111,targeted_therapy,first_line,5,0.91
P00614,110,124,targeted_therapy,first_line,6,0.94
P00614,136,152,targeted_therapy,first_line,7,0.9
P00614,156,173,targeted_therapy,first_line,8,1.0
P00614,169,186,targeted_therapy,first_line,9,0.92
P00615,2,27,immunotherapy,first_line,1,0.87
P00615,32,47,immunotherapy,first_line,2,0.95
P00615,58,65,immunotherapy,first_line,3,0.83
P00615,65,89,immunotherapy,first_line,4,0.88
P00615,84,110,immunotherapy,first_line,5,0.87
P00615,106,127,immunotherapy,first_line,6,0.89
P00615,126,140,immunotherapy,first_line,7,0.96
P00615,150,174,immunotherapy,first_line,8,0.9
P00615,169,186,immunotherapy,first_line,9,0.96
P00616,0,25,immunotherapy,first_line,1,0.92
P00616,22,46,immunotherapy,first_line,2,0.87
P00616,42,60,immunotherapy,first_line,3,0.96
P00616,92,111,immunotherapy,first_line,5,0.85
P00616,106,132,immunotherapy,first_line,6,0.84
P00616,129,148,immunotherapy,first_line,7,0.9
P00616,151,160,immunotherapy,first_line,8,0.85
P00616,169,184,immunotherapy,first_line,9,0.8
P00617,7,15,immunotherapy,first_line,1,0.93
P00617,43,63,immunotherapy,first_line,3,0.9
P00617,69,86,immunotherapy,first_line,4,0.89
P00617,87,110,immunotherapy,first_line,5,0.99
P00617,124,131,immunotherapy,first_line,6,0.91
P00617,135,150,immunotherapy,first_line,7,0.97
P00617,150,170,immunotherapy,first_line,8,0.83
P00617,173,180,immunotherapy,first_line,9,0.91
P00618,13,25,chemotherapy,first_line,1,0.97
P00618,23,47,chemotherapy,first_line,2,0.92
P00618,47,69,chemotherapy,first_line,3,0.94
P00618,63,88,chemotherapy,first_line,4,0.87
P00618,87,110,chemotherapy,first_line,5,0.82
P00618,109,126,chemotherapy,first_line,6,0.89
P00618,137,153,chemotherapy,first_line,7,0.88
P00618,156,174,chemotherapy,first_line,8,0.97
P00618,170,183,chemotherapy,first_line,9,0.85
P00619,5,27,chemotherapy,first_line,1,0.99
P00619,22,47,chemotherapy,first_line,2,0.99
P00619,43,66,chemotherapy,first_line,3,0.85
P00619,74,90,chemotherapy,first_line,4,0.87
P00619,91,99,chemotherapy,first_line,5,0.98
P00619,109,130,chemotherapy,first_line,6,0.99
P00619,126,153,chemotherapy,first_line,7,0.89
P00619,152,170,chemotherapy,first_line,8,0.86
P00619,173,180,chemotherapy,first_line,9,0.91
P00620,0,17,targeted_therapy,first_line,1,0.94
P00620,21,41,targeted_therapy,first_line,2,0.85
P00620,47,69,targeted_therapy,first_line,3,0.95
P00620,66,81,targeted_therapy,first_line,4,0.81
P00620,100,110,targeted_therapy,first_line,5,0.81
P00620,117,125,targeted_therapy,first_line,6,0.88
P00620,127,145,targeted_therapy,first_line,7,0.87
P00620,148,163,targeted_therapy,first_line,8,0.86
P00620,171,179,targeted_therapy,first_line,9,0.9
P00621,2,26,chemotherapy,first_line,1,0.86
P00621,24,46,chemotherapy,first_line,2,0.84
P00621,45,69,chemotherapy,first_line,3,0.86
P00621,69,88,chemotherapy,first_line,4,0.99
P00621,91,111,chemotherapy,first_line,5,0.88
P00621,111,125,chemotherapy,first_line,6,0.89
P00621,127,145,chemotherapy,first_line,7,0.92
P00621,154,174,chemotherapy,first_line,8,1.0
P00621,169,183,chemotherapy,first_line,9,0.85
P00622,0,21,targeted_therapy,first_line,1,0.94
P00622,34,46,targeted_therapy,first_line,2,0.94
P00622,48,68,targeted_therapy,first_line,3,0.92
P00622,89,111,targeted_therapy,first_line,5,0.82
P00622,111,126,targeted_therapy,first_line,6,0.94
P00622,133,150,targeted_therapy,first_line,7,0.81
P00622,147,167,targeted_therapy,first_line,8,0.92
P00622,175,182,targeted_therapy,first_line,9,0.95
P00623,7,21,chemotherapy,first_line,1,0.84
P00623,27,42,chemotherapy,first_line,2,0.97
P00623,45,67,chemotherapy,first_line,3,0.81
P00623,66,81,chemotherapy,first_line,4,0.97
P00623,86,103,chemotherapy,first_line,5,0.89
P00623,106,132,chemotherapy,first_line,6,0.84
P00623,128,135,chemotherapy,first_line,7,0.83
P00623,148,169,chemotherapy,first_line,8,0.99
P00623,173,180,chemotherapy,first_line,9,0.81
P00624,6,19,immunotherapy,first_line,1,0.84
P00624,22,47,immunotherapy,first_line,2,0.87
P00624,43,66,immunotherapy,first_line,3,0.92
P00624,73,82,immunotherapy,first_line,4,0.91
P00624,101,108,immunotherapy,first_line,5,0.83
P00624,111,122,immunotherapy,first_line,6,0.86
P00624,130,149,immunotherapy,first_line,7,0.85
P00624,172,185,immunotherapy,first_line,9,0.84
P00625,5,26,immunotherapy,first_line,1,0.88
P00625,47,68,immunotherapy,first_line,3,0.94
P00625,71,86,immunotherapy,first_line,4,0.84
P00625,89,111,immunotherapy,first_line,5,0.87
P00625,106,132,immunotherapy,first_line,6,0.88
P00625,128,142,immunotherapy,first_line,7,1.0
P00625,148,168,immunotherapy,first_line,8,0.99
P00625,174,181,immunotherapy,first_line,9,0.96
P00626,1,16,chemotherapy,first_line,1,0.85
P00626,23,43,chemotherapy,first_line,2,0.81
P00626,42,62,chemotherapy,first_line,3,0.86
P00626,64,90,chemotherapy,first_line,4,0.85
P00626,86,111,chemotherapy,first_line,5,0.9
P00626,124,132,chemotherapy,first_line,6,0.96
P00626,150,174,chemotherapy,first_line,8,0.97
P00626,168,185,chemotherapy,first_line,9,0.97
P00627,6,26,chemotherapy,first_line,1,0.87
P00627,21,48,chemotherapy,first_line,2,0.94
P00627,45,59,chemotherapy,first_line,3,0.86
P00627,66,86,chemotherapy,first_line,4,0.81
P00627,85,110,chemotherapy,first_line,5,0.94
P00627,112,129,chemotherapy,first_line,6,0.8
P00627,133,145,chemotherapy,first_line,7,0.88
P00627,149,173,chemotherapy,first_line,8,0.87
P00628,5,15,immunotherapy,first_line,1,0.94
P00628,29,36,immunotherapy,first_line,2,0.95
P00628,46,56,immunotherapy,first_line,3,0.86
P00628,64,83,immunotherapy,first_line,4,0.96
P00628,86,109,immunotherapy,first_line,5,0.86
P00628,112,126,immunotherapy,first_line,6,0.89
P00628,128,152,immunotherapy,first_line,7,0.95
P00628,156,167,immunotherapy,first_line,8,0.94
P00628,169,179,immunotherapy,first_line,9,1.0
P00629,11,18,immunotherapy,first_line,1,0.85
P00629,25,44,immunotherapy,first_line,2,0.93
P00629,50,65,immunotherapy,first_line,3,0.92
P00629,66,90,immunotherapy,first_line,4,0.98
P00629,91,110,immunotherapy,first_line,5,0.83
P00629,111,127,immunotherapy,first_line,6,0.95
P00629,139,152,immunotherapy,first_line,7,0.91
P00629,148,171,immunotherapy,first_line,8,0.85
P00629,179,186,immunotherapy,first_line,9,0.89
P00630,2,25,chemotherapy,first_line,1,0.87
P00630,26,47,chemotherapy,first_line,2,0.92
P00630,56,68,chemotherapy,first_line,3,0.98
P00630,71,90,chemotherapy,first_line,4,0.91
P00630,85,111,chemotherapy,first_line,5,0.93
P00630,113,130,chemotherapy,first_line,6,0.9
P00630,144,152,chemotherapy,first_line,7,0.81
P00630,156,163,chemotherapy,first_line,8,0.85
P00630,168,182,chemotherapy,first_line,9,0.9
P00631,8,23,chemotherapy,first_line,1,0.86
P00631,21,42,chemotherapy,first_line,2,0.84
P00631,55,66,chemotherapy,first_line,3,0.9
P00631,68,87,chemotherapy,first_line,4,0.86
P00631,84,102,chemotherapy,first_line,5,0.85
P00631,110,131,chemotherapy,first_line,6,0.89
P00631,129,150,chemotherapy,first_line,7,0.83
P00631,164,171,chemotherapy,first_line,8,0.99
P00631,169,185,chemotherapy,first_line,9,0.97
P00632,2,20,chemotherapy,first_line,1,0.94
P00632,21,47,chemotherapy,first_line,2,0.82
P00632,44,58,chemotherapy,first_line,3,0.96
P00632,74,86,chemotherapy,first_line,4,0.96
P00632,84,110,chemotherapy,first_line,5,0.95
P00632,108,130,chemotherapy,first_line,6,0.82
P00632,133,151,chemotherapy,first_line,7,0.93
P00632,150,171,chemotherapy,first_line,8,0.97
P00632,170,185,chemotherapy,first_line,9,0.92
P00633,4,26,immunotherapy,first_line,1,0.93
P00633,24,41,immunotherapy,first_line,2,0.89
P00633,43,67,immunotherapy,first_line,3,0.91
P00633,66,85,immunotherapy,first_line,4,0.81
P00633,91,103,immunotherapy,first_line,5,0.93
P00633,105,130,immunotherapy,first_line,6,0.82
P00633,131,150,immunotherapy,first_line,7,0.89
P00633,147,174,immunotherapy,first_line,8,0.86
P00634,14,25,immunotherapy,first_line,1,0.91
P00634,27,46,immunotherapy,first_line,2,0.83
P00634,46,68,immunotherapy,first_line,3,0.94
P00634,63,88,immunotherapy,first_line,4,0.96
P00634,84,94,immunotherapy,first_line,5,0.83
P00634,107,127,immunotherapy,first_line,6,0.82
P00634,126,152,immunotherapy,first_line,7,0.83
P00634,147,162,immunotherapy,first_line,8,0.98
P00635,0,26,immunotherapy,first_line,1,0.91
P00635,26,47,immunotherapy,first_line,2,0.89
P00635,44,66,immunotherapy,first_line,3,0.82
P00635,67,90,immunotherapy,first_line,4,0.93
P00635,94,110,immunotherapy,first_line,5,0.97
P00635,106,123,immunotherapy,first_line,6,0.97
P00635,127,152,immunotherapy,first_line,7,0.93
P00635,158,171,immunotherapy,first_line,8,0.82
P00635,179,186,immunotherapy,first_line,9,0.82
P00636,0,18,chemotherapy,first_line,1,0.81
P00636,24,36,chemotherapy,first_line,2,0.85
P00636,44,65,chemotherapy,first_line,3,0.83
P00636,71,89,chemotherapy,first_line,4,0.85
P00636,85,109,chemotherapy,first_line,5,0.88
P00636,107,130,chemotherapy,first_line,6,0.99
P00636,127,146,chemotherapy,first_line,7,0.92
P00636,147,173,chemotherapy,first_line,8,0.97
P00636,170,177,chemotherapy,first_line,9,0.94
P00637,0,24,combination_therapy,first_line,1,0.82
P00637,26,48,combination_therapy,first_line,2,0.95
P00637,43,69,combination_therapy,first_line,3,0.86
P00637,64,72,combination_therapy,first_line,4,0.93
P00637,101,110,combination_therapy,first_line,5,0.87
P00637,120,127,combination_therapy,first_line,6,1.0
P00637,127,152,combination_therapy,first_line,7,0.85
P00637,151,174,combination_therapy,first_line,8,0.86
P00637,172,181,combination_therapy,first_line,9,0.99
P00638,0,27,immunotherapy,first_line,1,0.8
P00638,23,43,immunotherapy,first_line,2,0.94
P00638,45,62,immunotherapy,first_line,3,0.95
P00638,68,83,immunotherapy,first_line,4,0.97
P00638,86,108,immunotherapy,first_line,5,0.99
P00638,112,127,immunotherapy,first_line,6,1.0
P00638,127,146,immunotherapy,first_line,7,0.81
P00638,149,169,immunotherapy,first_line,8,0.96
P00638,170,177,immunotherapy,first_line,9,0.93
P00639,5,25,immunotherapy,first_line,1,0.93
P00639,25,40,immunotherapy,first_line,2,0.83
P00639,55,68,immunotherapy,first_line,3,0.93
P00639,66,90,immunotherapy,first_line,4,1.0
P00639,88,110,immunotherapy,first_line,5,0.98
P00639,105,129,immunotherapy,first_line,6,0.89
P00639,132,147,immunotherapy,first_line,7,0.81
P00639,147,168,immunotherapy,first_line,8,0.87
P00639,168,183,immunotherapy,first_line,9,0.97
P00640,0,13,targeted_therapy,first_line,1,0.94
P00640,26,35,targeted_therapy,first_line,2,0.89
P00640,47,67,targeted_therapy,first_line,3,0.81
P00640,64,89,targeted_therapy,first_line,4,0.89
P00640,90,111,targeted_therapy,first_line,5,0.89
P00640,105,125,targeted_therapy,first_line,6,0.99
P00640,128,150,targeted_therapy,first_line,7,0.93
P00640,163,173,targeted_therapy,first_line,8,0.86
P00640,172,182,targeted_therapy,first_line,9,0.91
P00641,11,26,targeted_therapy,first_line,1,0.81
P00641,21,38,targeted_therapy,first_line,2,0.99
P00641,46,61,targeted_therapy,first_line,3,0.87
P00641,65,81,targeted_therapy,first_line,4,0.9
P00641,91,98,targeted_therapy,first_line,5,0.87
P00641,108,132,targeted_therapy,first_line,6,0.94
P00641,128,152,targeted_therapy,first_line,7,0.93
P00641,157,171,targeted_therapy,first_line,8,0.94
P00641,177,185,targeted_therapy,first_line,9,0.85
P00642,2,26,chemotherapy,first_line,1,0.86
P00642,24,48,chemotherapy,first_line,2,0.83
P00642,52,59,chemotherapy,first_line,3,0.93
P00642,67,89,chemotherapy,first_line,4,0.81
P00642,86,108,chemotherapy,first_line,5,0.92
P00642,107,131,chemotherapy,first_line,6,0.97
P00642,132,149,chemotherapy,first_line,7,0.98
P00642,151,174,chemotherapy,first_line,8,0.89
P00642,171,178,chemotherapy,first_line,9,0.89
P00643,12,22,immunotherapy,first_line,1,0.82
P00643,34,45,immunotherapy,first_line,2,0.93
P00643,42,69,immunotherapy,first_line,3,0.96
P00643,78,85,immunotherapy,first_line,4,0.85
P00643,84,111,immunotherapy,first_line,5,0.88
P00643,117,124,immunotherapy,first_line,6,0.97
P00643,138,150,immunotherapy,first_line,7,0.98
P00643,147,164,immunotherapy,first_line,8,0.85
P00643,169,182,immunotherapy,first_line,9,0.91
P00644,9,21,chemotherapy,first_line,1,0.84
P00644,29,48,chemotherapy,first_line,2,0.82
P00644,42,59,chemotherapy,first_line,3,0.98
P00644,65,72,chemotherapy,first_line,4,0.96
P00644,85,93,chemotherapy,first_line,5,0.95
P00644,110,128,chemotherapy,first_line,6,0.81
P00644,126,153,chemotherapy,first_line,7,0.97
P00644,166,173,chemotherapy,first_line,8,0.89
P00644,171,184,chemotherapy,first_line,9,0.87
P00645,6,24,chemotherapy,first_line,1,0.91
P00645,27,48,chemotherapy,first_line,2,0.82
P00645,48,69,chemotherapy,first_line,3,0.95
P00645,69,83,chemotherapy,first_line,4,0.92
P00645,85,109,chemotherapy,first_line,5,0.84
P00645,107,121,chemotherapy,first_line,6,0.84
P00645,128,151,chemotherapy,first_line,7,0.84
P00645,173,186,chemotherapy,first_line,9,0.81
P00646,16,27,targeted_therapy,first_line,1,0.92
P00646,31,45,targeted_therapy,first_line,2,0.97
P00646,49,63,targeted_therapy,first_line,3,0.8
P00646,68,76,targeted_therapy,first_line,4,0.81
P00646,85,102,targeted_therapy,first_line,5,0.91
P00646,114,129,targeted_therapy,first_line,6,0.96
P00646,127,143,targeted_therapy,first_line,7,0.87
P00646,151,174,targeted_therapy,first_line,8,0.87
P00646,174,181,targeted_therapy,first_line,9,0.92
P00647,1,27,immunotherapy,first_line,1,0.85
P00647,22,29,immunotherapy,first_line,2,0.81
P00647,46,66,immunotherapy,first_line,3,0.95
P00647,63,87,immunotherapy,first_line,4,0.93
P00647,87,97,immunotherapy,first_line,5,0.92
P00647,107,123,immunotherapy,first_line,6,0.95
P00647,129,153,immunotherapy,first_line,7,0.94
P00647,150,170,immunotherapy,first_line,8,0.84
P00647,171,185,immunotherapy,first_line,9,0.87
P00648,1,8,immunotherapy,first_line,1,0.83
P00648,23,41,immunotherapy,first_line,2,0.83
P00648,42,69,immunotherapy,first_line,3,0.94
P00648,64,87,immunotherapy,first_line,4,0.97
P00648,89,108,immunotherapy,first_line,5,0.99
P00648,109,129,immunotherapy,first_line,6,0.93
P00648,130,148,immunotherapy,first_line,7,0.84
P00648,167,174,immunotherapy,first_line,8,0.82
P00648,170,177,immunotherapy,first_line,9,0.96
P00649,2,27,combination_therapy,first_line,1,0.92
P00649,22,48,combination_therapy,first_line,2,0.92
P00649,53,69,combination_therapy,first_line,3,0.96
P00649,67,90,combination_therapy,first_line,4,0.94
P00649,87,108,combination_therapy,first_line,5,0.97
P00649,122,129,combination_therapy,first_line,6,0.81
P00649,129,152,combination_therapy,first_line,7,0.95
P00649,151,170,combination_therapy,first_line,8,0.97
P00649,170,178,combination_therapy,first_line,9,0.86
P00650,3,27,targeted_therapy,first_line,1,0.93
P00650,26,45,targeted_therapy,first_line,2,0.86
P00650,42,67,targeted_therapy,first_line,3,0.99
P00650,66,85,targeted_therapy,first_line,4,0.81
P00650,84,105,targeted_therapy,first_line,5,0.92
P00650,107,127,targeted_therapy,first_line,6,0.83
P00650,126,153,targeted_therapy,first_line,7,0.94
P00650,154,173,targeted_therapy,first_line,8,0.84
P00650,171,183,targeted_therapy,first_line,9,0.85
P00651,8,22,combination_therapy,first_line,1,0.9
P00651,21,28,combination_therapy,first_line,2,0.98
P00651,54,66,combination_therapy,first_line,3,0.84
P00651,64,88,combination_therapy,first_line,4,0.83
P00651,85,110,combination_therapy,first_line,5,0.95
P00651,106,126,combination_therapy,first_line,6,0.9
P00651,129,147,combination_therapy,first_line,7,0.98
P00651,147,174,combination_therapy,first_line,8,0.83
P00651,175,184,combination_therapy,first_line,9,0.93
P00652,13,26,targeted_therapy,first_line,1,0.85
P00652,39,46,targeted_therapy,first_line,2,0.83
P00652,55,69,targeted_therapy,first_line,3,0.94
P00652,64,85,targeted_therapy,first_line,4,0.92
P00652,87,111,targeted_therapy,first_line,5,0.95
P00652,113,124,targeted_therapy,first_line,6,0.86
P00652,135,142,targeted_therapy,first_line,7,0.89
P00652,149,169,targeted_therapy,first_line,8,0.88
P00652,178,185,targeted_therapy,first_line,9,1.0
P00653,1,24,chemotherapy,first_line,1,0.86
P00653,27,46,chemotherapy,first_line,2,0.86
P00653,43,57,chemotherapy,first_line,3,0.87
P00653,69,76,chemotherapy,first_line,4,0.91
P00653,98,109,chemotherapy,first_line,5,0.85
P00653,118,132,chemotherapy,first_line,6,0.98
P00653,141,150,chemotherapy,first_line,7,0.85
P00653,147,174,chemotherapy,first_line,8,0.98
P00653,168,179,chemotherapy,first_line,9,0.82
P00654,22,42,chemotherapy,first_line,2,0.93
P00654,43,68,chemotherapy,first_line,3,0.98
P00654,66,87,chemotherapy,first_line,4,0.83
P00654,89,106,chemotherapy,first_line,5,0.99
P00654,107,115,chemotherapy,first_line,6,0.89
P00654,134,143,chemotherapy,first_line,7,0.99
P00654,147,171,chemotherapy,first_line,8,0.94
P00654,176,183,chemotherapy,first_line,9,0.86
P00655,10,19,chemotherapy,first_line,1,0.84
P00655,32,43,chemotherapy,first_line,2,0.86
P00655,47,65,chemotherapy,first_line,3,0.82
P00655,72,90,chemotherapy,first_line,4,0.83
P00655,85,104,chemotherapy,first_line,5,0.82
P00655,108,124,chemotherapy,first_line,6,0.88
P00655,128,145,chemotherapy,first_line,7,0.96
P00655,155,170,chemotherapy,first_line,8,0.83
P00655,168,185,chemotherapy,first_line,9,0.83
P00656,3,20,targeted_therapy,first_line,1,0.93
P00656,23,44,targeted_therapy,first_line,2,0.84
P00656,46,69,targeted_therapy,first_line,3,0.82
P00656,75,88,targeted_therapy,first_line,4,0.83
P00656,87,111,targeted_therapy,first_line,5,0.98
P00656,113,132,targeted_therapy,first_line,6,0.96
P00656,131,152,targeted_therapy,first_line,7,0.87
P00656,150,167,targeted_therapy,first_line,8,0.93
P00656,174,183,targeted_therapy,first_line,9,0.91
P00657,1,22,immunotherapy,first_line,1,0.94
P00657,22,41,immunotherapy,first_line,2,0.94
P00657,46,69,immunotherapy,first_line,3,0.93
P00657,64,89,immunotherapy,first_line,4,0.85
P00657,93,109,immunotherapy,first_line,5,0.81
P00657,118,130,immunotherapy,first_line,6,0.89
P00657,128,149,immunotherapy,first_line,7,0.98
P00657,148,161,immunotherapy,first_line,8,0.91
P00657,178,185,immunotherapy,first_line,9,0.97
P00658,7,20,chemotherapy,first_line,1,1.0
P00658,22,44,chemotherapy,first_line,2,0.83
P00658,42,66,chemotherapy,first_line,3,0.94
P00658,69,85,chemotherapy,first_line,4,0.93
P00658,107,132,chemotherapy,first_line,6,1.0
P00658,126,145,chemotherapy,first_line,7,1.0
P00658,153,170,chemotherapy,first_line,8,0.94
P00658,174,181,chemotherapy,first_line,9,0.85
P00659,0,27,immunotherapy,first_line,1,0.96
P00659,23,39,immunotherapy,first_line,2,0.82
P00659,44,63,immunotherapy,first_line,3,0.96
P00659,68,87,immunotherapy,first_line,4,0.98
P00659,87,106,immunotherapy,first_line,5,0.88
P00659,124,131,immunotherapy,first_line,6,0.93
P00659,126,136,immunotherapy,first_line,7,0.89
P00659,149,171,immunotherapy,first_line,8,0.89
P00659,168,183,immunotherapy,first_line,9,0.86
P00660,1,20,immunotherapy,first_line,1,0.95
P00660,30,37,immunotherapy,first_line,2,0.99
P00660,59,67,immunotherapy,first_line,3,0.99
P00660,64,88,immunotherapy,first_line,4,0.83
P00660,85,110,immunotherapy,first_line,5,0.97
P00660,107,114,immunotherapy,first_line,6,0.95
P00660,130,151,immunotherapy,first_line,7,0.85
P00660,149,167,immunotherapy,first_line,8,0.81
P00661,4,25,targeted_therapy,first_line,1,0.85
P00661,31,48,targeted_therapy,first_line,2,0.98
P00661,42,66,targeted_therapy,first_line,3,0.93
P00661,70,87,targeted_therapy,first_line,4,0.94
P00661,86,111,targeted_therapy,first_line,5,0.85
P00661,111,131,targeted_therapy,first_line,6,0.94
P00661,132,150,targeted_therapy,first_line,7,0.81
P00661,147,174,targeted_therapy,first_line,8,0.88
P00661,172,183,targeted_therapy,first_line,9,0.93
P00662,8,24,targeted_therapy,first_line,1,0.83
P00662,23,45,targeted_therapy,first_line,2,0.96
P00662,47,66,targeted_therapy,first_line,3,0.85
P00662,66,80,targeted_therapy,first_line,4,0.93
P00662,91,98,targeted_therapy,first_line,5,0.88
P00662,109,126,targeted_therapy,first_line,6,0.92
P00662,128,153,targeted_therapy,first_line,7,0.82
P00662,148,162,targeted_therapy,first_line,8,0.8
P00663,10,27,immunotherapy,first_line,1,0.98
P00663,24,46,immunotherapy,first_line,2,0.85
P00663,42,69,immunotherapy,first_line,3,0.96
P00663,70,86,immunotherapy,first_line,4,1.0
P00663,85,108,immunotherapy,first_line,5,0.84
P00663,108,131,immunotherapy,first_line,6,0.85
P00663,130,152,immunotherapy,first_line,7,0.93
P00663,160,168,immunotherapy,first_line,8,0.99
P00664,2,23,combination_therapy,first_line,1,0.98
P00664,28,45,combination_therapy,first_line,2,0.9
P00664,51,61,combination_therapy,first_line,3,0.96
P00664,71,78,combination_therapy,first_line,4,0.83
P00664,88,111,combination_therapy,first_line,5,1.0
P00664,116,130,combination_therapy,first_line,6,0.99
P00664,145,152,combination_therapy,first_line,7,0.83
P00664,148,174,combination_therapy,first_line,8,0.86
P00664,168,185,combination_therapy,first_line,9,0.82
P00665,9,16,combination_therapy,first_line,1,0.85
P00665,24,44,combination_therapy,first_line,2,0.96
P00665,48,62,combination_therapy,first_line,3,0.88
P00665,65,87,combination_therapy,first_line,4,0.82
P00665,84,109,combination_therapy,first_line,5,0.87
P00665,105,116,combination_therapy,first_line,6,1.0
P00665,126,135,combination_therapy,first_line,7,0.93
P00665,154,173,combination_therapy,first_line,8,0.88
P00665,168,182,combination_therapy,first_line,9,0.83
P00666,0,19,combination_therapy,first_line,1,1.0
P00666,33,44,combination_therapy,first_line,2,0.96
P00666,50,69,combination_therapy,first_line,3,0.86
P00666,76,87,combination_therapy,first_line,4,0.81
P00666,88,104,combination_therapy,first_line,5,0.81
P00666,105,117,combination_therapy,first_line,6,0.82
P00666,126,152,combination_therapy,first_line,7,0.92
P00666,149,173,combination_therapy,first_line,8,0.99
P00666,168,185,combination_therapy,first_line,9,0.9
P00667,2,27,combination_therapy,first_line,1,0.97
P00667,33,40,combination_therapy,first_line,2,0.89
P00667,44,69,combination_therapy,first_line,3,0.94
P00667,70,90,combination_therapy,first_line,4,0.95
P00667,90,107,combination_therapy,first_line,5,0.83
P00667,110,126,combination_therapy,first_line,6,0.87
P00667,126,148,combination_therapy,first_line,7,0.93
P00667,166,173,combination_therapy,first_line,8,0.81
P00667,171,185,combination_therapy,first_line,9,0.87
P00668,0,24,immunotherapy,first_line,1,0.91
P00668,38,47,immunotherapy,first_line,2,1.0
P00668,44,63,immunotherapy,first_line,3,0.89
P00668,66,73,immunotherapy,first_line,4,0.96
P00668,92,111,immunotherapy,first_line,5,0.89
P00668,105,123,immunotherapy,first_line,6,0.96
P00668,126,143,immunotherapy,first_line,7,0.92
P00668,147,172,immunotherapy,first_line,8,0.98
P00668,169,179,immunotherapy,first_line,9,0.88
P00669,1,16,combination_therapy,first_line,1,0.92
P00669,31,48,combination_therapy,first_line,2,0.93
P00669,50,65,combination_therapy,first_line,3,0.88
P00669,72,88,combination_therapy,first_line,4,0.83
P00669,90,111,combination_therapy,first_line,5,0.82
P00669,106,130,combination_therapy,first_line,6,0.8
P00669,135,153,combination_therapy,first_line,7,0.97
P00669,153,171,combination_therapy,first_line,8,0.85
P00669,169,185,combination_therapy,first_line,9,0.84
P00670,4,27,combination_therapy,first_line,1,0.95
P00670,30,48,combination_therapy,first_line,2,0.86
P00670,45,61,combination_therapy,first_line,3,0.9
P00670,65,89,combination_therapy,first_line,4,0.83
P00670,93,110,combination_therapy,first_line,5,0.99
P00670,116,132,combination_therapy,first_line,6,0.97
P00670,128,152,combination_therapy,first_line,7,0.97
P00670,149,172,combination_therapy,first_line,8,0.88
P00670,168,178,combination_therapy,first_line,9,0.95
P00671,2,19,immunotherapy,first_line,1,0.83
P00671,28,47,immunotherapy,first_line,2,0.8
P00671,43,63,immunotherapy,first_line,3,0.8
P00671,65,78,immunotherapy,first_line,4,0.92
P00671,85,108,immunotherapy,first_line,5,0.89
P00671,109,129,immunotherapy,first_line,6,0.9
P00671,129,152,immunotherapy,first_line,7,0.8
P00671,147,168,immunotherapy,first_line,8,0.88
P00671,173,182,immunotherapy,first_line,9,0.94
P00672,0,21,chemotherapy,first_line,1,0.89
P00672,28,47,chemotherapy,first_line,2,0.95
P00672,63,84,chemotherapy,first_line,4,0.85
P00672,91,111,chemotherapy,first_line,5,0.96
P00672,105,131,chemotherapy,first_line,6,0.92
P00672,126,150,chemotherapy,first_line,7,0.84
P00672,153,171,chemotherapy,first_line,8,0.85
P00672,169,183,chemotherapy,first_line,9,0.93
P00673,11,26,immunotherapy,first_line,1,0.97
P00673,21,32,immunotherapy,first_line,2,0.88
P00673,42,68,immunotherapy,first_line,3,0.85
P00673,71,90,immunotherapy,first_line,4,0.97
P00673,89,111,immunotherapy,first_line,5,0.93
P00673,114,121,immunotherapy,first_line,6,0.89
P00673,134,153,immunotherapy,first_line,7,0.9
P00673,150,173,immunotherapy,first_line,8,0.84
P00673,174,184,immunotherapy,first_line,9,0.93
P00674,6,27,targeted_therapy,first_line,1,0.87
P00674,22,42,targeted_therapy,first_line,2,1.0
P00674,42,60,targeted_therapy,first_line,3,0.9
P00674,66,90,targeted_therapy,first_line,4,0.9
P00674,84,102,targeted_therapy,first_line,5,0.91
P00674,106,125,targeted_therapy,first_line,6,0.98
P00674,128,153,targeted_therapy,first_line,7,0.96
P00674,155,169,targeted_therapy,first_line,8,0.89
P00674,172,182,targeted_therapy,first_line,9,0.94
P00675,3,22,immunotherapy,first_line,1,0.92
P00675,22,47,immunotherapy,first_line,2,0.9
P00675,42,69,immunotherapy,first_line,3,0.84
P00675,67,78,immunotherapy,first_line,4,0.89
P00675,85,108,immunotherapy,first_line,5,0.85
P00675,115,132,immunotherapy,first_line,6,0.98
P00675,143,151,immunotherapy,first_line,7,0.87
P00675,156,174,immunotherapy,first_line,8,0.99
P00676,6,13,targeted_therapy,first_line,1,0.91
P00676,31,46,targeted_therapy,first_line,2,0.93
P00676,43,65,targeted_therapy,first_line,3,0.91
P00676,73,82,targeted_therapy,first_line,4,0.83
P00676,85,101,targeted_therapy,first_line,5,0.88
P00676,107,132,targeted_therapy,first_line,6,0.82
P00676,133,152,targeted_therapy,first_line,7,0.92
P00676,148,171,targeted_therapy,first_line,8,0.89
P00676,168,175,targeted_therapy,first_line,9,0.96
P00677,2,9,targeted_therapy,first_line,1,0.84
P00677,27,46,targeted_therapy,first_line,2,0.83
P00677,54,68,targeted_therapy,first_line,3,0.88
P00677,75,86,targeted_therapy,first_line,4,0.99
P00677,87,106,targeted_therapy,first_line,5,0.94
P00677,111,130,targeted_therapy,first_line,6,0.88
P00677,129,152,targeted_therapy,first_line,7,0.9
P00677,160,167,targeted_therapy,first_line,8,0.82
P00677,174,186,targeted_therapy,first_line,9,1.0
P00678,2,25,chemotherapy,first_line,1,0.93
P00678,24,31,chemotherapy,first_line,2,0.86
P00678,42,67,chemotherapy,first_line,3,0.92
P00678,67,87,chemotherapy,first_line,4,0.82
P00678,85,107,chemotherapy,first_line,5,0.99
P00678,116,127,chemotherapy,first_line,6,0.83
P00678,127,152,chemotherapy,first_line,7,0.93
P00678,154,174,chemotherapy,first_line,8,0.85
P00678,169,183,chemotherapy,first_line,9,0.94
P00679,0,25,chemotherapy,first_line,1,0.96
P00679,21,46,chemotherapy,first_line,2,0.93
P00679,46,68,chemotherapy,first_line,3,0.92
P00679,63,78,chemotherapy,first_line,4,0.98
P00679,84,93,chemotherapy,first_line,5,0.82
P00679,108,131,chemotherapy,first_line,6,0.87
P00679,129,152,chemotherapy,first_line,7,0.85
P00679,147,166,chemotherapy,first_line,8,1.0
P00679,172,186,chemotherapy,first_line,9,0.88
P00680,3,26,combination_therapy,first_line,1,0.95
P00680,29,47,combination_therapy,first_line,2,0.94
P00680,49,69,combination_therapy,first_line,3,0.84
P00680,80,87,combination_therapy,first_line,4,0.85
P00680,84,104,combination_therapy,first_line,5,0.86
P00680,105,121,combination_therapy,first_line,6,0.88
P00680,127,149,combination_therapy,first_line,7,0.85
P00680,149,174,combination_therapy,first_line,8,0.8
P00680,170,181,combination_therapy,first_line,9,0.98
P00681,8,18,immunotherapy,first_line,1,0.99
P00681,33,45,immunotherapy,first_line,2,0.87
P00681,43,65,immunotherapy,first_line,3,0.87
P00681,63,89,immunotherapy,first_line,4,0.8
P00681,113,128,immunotherapy,first_line,6,0.94
P00681,130,153,immunotherapy,first_line,7,0.97
P00681,159,173,immunotherapy,first_line,8,0.83
P00681,177,184,immunotherapy,first_line,9,0.83
P00682,21,32,targeted_therapy,first_line,2,0.96
P00682,48,68,targeted_therapy,first_line,3,0.92
P00682,66,87,targeted_therapy,first_line,4,0.81
P00682,86,109,targeted_therapy,first_line,5,0.92
P00682,109,127,targeted_therapy,first_line,6,0.86
P00682,127,142,targeted_therapy,first_line,7,0.87
P00682,149,156,targeted_therapy,first_line,8,0.95
P00682,168,181,targeted_therapy,first_line,9,0.96
P00683,2,19,immunotherapy,first_line,1,0.88
P00683,21,46,immunotherapy,first_line,2,0.99
P00683,57,65,immunotherapy,first_line,3,0.88
P00683,68,88,immunotherapy,first_line,4,0.95
P00683,89,108,immunotherapy,first_line,5,0.9
P00683,110,122,immunotherapy,first_line,6,0.98
P00683,133,153,immunotherapy,first_line,7,0.98
P00683,157,173,immunotherapy,first_line,8,0.82
P00683,175,183,immunotherapy,first_line,9,0.99
P00684,4,16,chemotherapy,first_line,1,0.97
P00684,22,46,chemotherapy,first_line,2,0.96
P00684,47,68,chemotherapy,first_line,3,0.84
P00684,68,89,chemotherapy,first_line,4,0.96
P00684,111,132,chemotherapy,first_line,6,0.97
P00684,127,152,chemotherapy,first_line,7,0.86
P00684,153,167,chemotherapy,first_line,8,0.99
P00684,175,182,chemotherapy,first_line,9,0.81
P00685,0,26,combination_therapy,first_line,1,0.83
P00685,26,47,combination_therapy,first_line,2,0.91
P00685,52,66,combination_therapy,first_line,3,0.92
P00685,65,90,combination_therapy,first_line,4,0.93
P00685,92,106,combination_therapy,first_line,5,0.8
P00685,109,130,combination_therapy,first_line,6,0.99
P00685,126,148,combination_therapy,first_line,7,0.81
P00685,148,155,combination_therapy,first_line,8,0.83
P00685,173,186,combination_therapy,first_line,9,0.8
P00686,0,26,combination_therapy,first_line,1,0.91
P00686,31,42,combination_therapy,first_line,2,0.99
P00686,43,61,combination_therapy,first_line,3,0.93
P00686,66,88,combination_therapy,first_line,4,0.96
P00686,86,109,combination_therapy,first_line,5,0.8
P00686,120,127,combination_therapy,first_line,6,0.91
P00686,134,143,combination_therapy,first_line,7,0.89
P00686,148,168,combination_therapy,first_line,8,0.9
P00686,170,183,combination_therapy,first_line,9,0.81
P00687,18,25,targeted_therapy,first_line,1,0.94
P00687,26,38,targeted_therapy,first_line,2,0.9
P00687,50,58,targeted_therapy,first_line,3,0.95
P00687,63,88,targeted_therapy,first_line,4,0.9
P00687,85,111,targeted_therapy,first_line,5,0.83
P00687,105,126,targeted_therapy,first_line,6,0.93
P00687,132,153,targeted_therapy,first_line,7,0.83
P00687,153,165,targeted_therapy,first_line,8,0.97
P00687,171,184,targeted_therapy,first_line,9,0.92
P00688,3,25,immunotherapy,first_line,1,0.83
P00688,27,42,immunotherapy,first_line,2,0.99
P00688,43,65,immunotherapy,first_line,3,0.9
P00688,67,88,immunotherapy,first_line,4,0.81
P00688,91,98,immunotherapy,first_line,5,0.93
P00688,107,131,immunotherapy,first_line,6,0.85
P00688,138,145,immunotherapy,first_line,7,0.96
P00688,149,165,immunotherapy,first_line,8,0.96
P00688,171,186,immunotherapy,first_line,9,1.0
P00689,4,25,immunotherapy,first_line,1,0.9
P00689,23,30,immunotherapy,first_line,2,0.89
P00689,52,66,immunotherapy,first_line,3,0.95
P00689,67,90,immunotherapy,first_line,4,0.83
P00689,93,103,immunotherapy,first_line,5,0.91
P00689,112,132,immunotherapy,first_line,6,0.91
P00689,128,148,immunotherapy,first_line,7,0.82
P00689,153,162,immunotherapy,first_line,8,0.88
P00689,171,184,immunotherapy,first_line,9,0.97
P00690,4,26,targeted_therapy,first_line,1,0.97
P00690,23,35,targeted_therapy,first_line,2,0.82
P00690,55,67,targeted_therapy,first_line,3,0.82
P00690,64,89,targeted_therapy,first_line,4,0.85
P00690,84,100,targeted_therapy,first_line,5,0.97
P00690,110,127,targeted_therapy,first_line,6,0.83
P00690,136,150,targeted_therapy,first_line,7,0.94
P00690,148,173,targeted_therapy,first_line,8,0.82
P00690,171,186,targeted_therapy,first_line,9,0.92
P00691,6,19,immunotherapy,first_line,1,0.87
P00691,24,45,immunotherapy,first_line,2,0.96
P00691,42,59,immunotherapy,first_line,3,0.85
P00691,64,84,immunotherapy,first_line,4,0.93
P00691,84,107,immunotherapy,first_line,5,0.85
P00691,107,129,immunotherapy,first_line,6,0.94
P00691,128,148,immunotherapy,first_line,7,0.97
P00691,148,164,immunotherapy,first_line,8,0.83
P00691,172,179,immunotherapy,first_line,9,0.97
P00692,2,23,chemotherapy,first_line,1,0.92
P00692,22,46,chemotherapy,first_line,2,0.83
P00692,42,65,chemotherapy,first_line,3,0.89
P00692,68,82,chemotherapy,first_line,4,0.83
P00692,89,102,chemotherapy,first_line,5,0.94
P00692,119,126,chemotherapy,first_line,6,0.95
P00692,127,153,chemotherapy,first_line,7,0.82
P00692,164,171,chemotherapy,first_line,8,0.9
P00692,174,181,chemotherapy,first_line,9,0.96
P00693,7,27,targeted_therapy,first_line,1,0.99
P00693,25,48,targeted_therapy,first_line,2,0.9
P00693,43,66,targeted_therapy,first_line,3,0.99
P00693,66,79,targeted_therapy,first_line,4,0.91
P00693,91,107,targeted_therapy,first_line,5,0.88
P00693,115,132,targeted_therapy,first_line,6,0.97
P00693,126,150,targeted_therapy,first_line,7,0.9
P00693,154,161,targeted_therapy,first_line,8,0.89
P00693,171,178,targeted_therapy,first_line,9,0.9
P00694,7,14,combination_therapy,first_line,1,0.97
P00694,31,47,combination_therapy,first_line,2,0.97
P00694,43,63,combination_therapy,first_line,3,0.88
P00694,65,88,combination_therapy,first_line,4,0.87
P00694,84,97,combination_therapy,first_line,5,0.9
P00694,126,146,combination_therapy,first_line,7,0.91
P00694,155,171,combination_therapy,first_line,8,0.85
P00694,169,186,combination_therapy,first_line,9,0.96
P00695,1,27,targeted_therapy,first_line,1,0.9
P00695,26,48,targeted_therapy,first_line,2,0.87
P00695,62,69,targeted_therapy,first_line,3,0.82
P00695,67,79,targeted_therapy,first_line,4,0.85
P00695,87,105,targeted_therapy,first_line,5,0.99
P00695,107,122,targeted_therapy,first_line,6,0.86
P00695,130,149,targeted_therapy,first_line,7,0.83
P00695,156,166,targeted_therapy,first_line,8,0.89
P00696,0,19,combination_therapy,first_line,1,0.86
P00696,22,48,combination_therapy,first_line,2,0.81
P00696,45,65,combination_therapy,first_line,3,0.86
P00696,64,84,combination_therapy,first_line,4,0.91
P00696,86,106,combination_therapy,first_line,5,0.91
P00696,114,129,combination_therapy,first_line,6,0.87
P00696,137,152,combination_therapy,first_line,7,0.89
P00696,159,166,combination_therapy,first_line,8,0.99
P00696,168,178,combination_therapy,first_line,9,0.88
P00697,6,19,targeted_therapy,first_line,1,0.85
P00697,25,44,targeted_therapy,first_line,2,0.85
P00697,46,58,targeted_therapy,first_line,3,0.89
P00697,66,89,targeted_therapy,first_line,4,0.95
P00697,108,128,targeted_therapy,first_line,6,0.84
P00697,136,146,targeted_therapy,first_line,7,0.94
P00697,149,174,targeted_therapy,first_line,8,0.8
P00697,172,183,targeted_therapy,first_line,9,0.88
P00698,3,27,targeted_therapy,first_line,1,0.96
P00698,22,45,targeted_therapy,first_line,2,0.87
P00698,60,67,targeted_therapy,first_line,3,0.91
P00698,64,89,targeted_therapy,first_line,4,0.84
P00698,87,98,targeted_therapy,first_line,5,0.95
P00698,107,124,targeted_therapy,first_line,6,0.81
P00698,126,149,targeted_therapy,first_line,7,0.97
P00698,158,173,targeted_therapy,first_line,8,0.84
P00698,177,184,targeted_therapy,first_line,9,0.97
P00699,10,19,targeted_therapy,first_line,1,0.87
P00699,21,47,targeted_therapy,first_line,2,0.94
P00699,46,67,targeted_therapy,first_line,3,0.86
P00699,67,90,targeted_therapy,first_line,4,0.98
P00699,88,106,targeted_therapy,first_line,5,0.83
P00699,108,131,targeted_therapy,first_line,6,0.84
P00699,126,142,targeted_therapy,first_line,7,0.9
P00699,147,173,targeted_therapy,first_line,8,0.82
P00699,171,178,targeted_therapy,first_line,9,0.84
P00700,0,25,immunotherapy,first_line,1,0.99
P00700,21,48,immunotherapy,first_line,2,1.0
P00700,42,67,immunotherapy,first_line,3,0.88
P00700,67,74,immunotherapy,first_line,4,0.98
P00700,87,106,immunotherapy,first_line,5,0.91
P00700,108,128,immunotherapy,first_line,6,0.85
P00700,135,152,immunotherapy,first_line,7,0.94
P00700,149,164,immunotherapy,first_line,8,0.93
P00700,172,184,immunotherapy,first_line,9,1.0
P00701,15,26,chemotherapy,first_line,1,0.85
P00701,21,48,chemotherapy,first_line,2,0.93
P00701,44,57,chemotherapy,first_line,3,0.81
P00701,75,86,chemotherapy,first_line,4,0.82
P00701,84,106,chemotherapy,first_line,5,0.8
P00701,110,118,chemotherapy,first_line,6,1.0
P00701,133,149,chemotherapy,first_line,7,0.96
P00701,148,172,chemotherapy,first_line,8,0.96
P00701,173,180,chemotherapy,first_line,9,0.9
P00703,5,22,chemotherapy,first_line,1,0.88
P00703,28,45,chemotherapy,first_line,2,0.99
P00703,47,67,chemotherapy,first_line,3,0.93
P00703,67,90,chemotherapy,first_line,4,0.96
P00703,99,106,chemotherapy,first_line,5,0.89
P00703,105,127,chemotherapy,first_line,6,0.87
P00703,129,147,chemotherapy,first_line,7,0.82
P00703,157,167,chemotherapy,first_line,8,0.98
P00703,173,180,chemotherapy,first_line,9,0.96
P00704,3,26,immunotherapy,first_line,1,0.83
P00704,30,39,immunotherapy,first_line,2,0.9
P00704,44,64,immunotherapy,first_line,3,0.9
P00704,65,85,immunotherapy,first_line,4,0.93
P00704,87,110,immunotherapy,first_line,5,0.99
P00704,111,130,immunotherapy,first_line,6,0.92
P00704,126,137,immunotherapy,first_line,7,0.91
P00704,147,172,immunotherapy,first_line,8,0.81
P00705,0,26,combination_therapy,first_line,1,0.81
P00705,35,44,combination_therapy,first_line,2,0.84
P00705,46,68,combination_therapy,first_line,3,0.81
P00705,69,88,combination_therapy,first_line,4,0.95
P00705,87,110,combination_therapy,first_line,5,0.94
P00705,111,132,combination_therapy,first_line,6,0.83
P00705,133,152,combination_therapy,first_line,7,0.97
P00705,164,173,combination_therapy,first_line,8,0.83
P00706,1,22,targeted_therapy,first_line,1,0.86
P00706,27,34,targeted_therapy,first_line,2,0.85
P00706,42,64,targeted_therapy,first_line,3,0.87
P00706,63,89,targeted_therapy,first_line,4,0.85
P00706,94,101,targeted_therapy,first_line,5,0.9
P00706,107,132,targeted_therapy,first_line,6,0.88
P00706,128,146,targeted_therapy,first_line,7,1.0
P00706,167,174,targeted_therapy,first_line,8,0.81
P00706,170,184,targeted_therapy,first_line,9,0.83
P00707,17,24,chemotherapy,first_line,1,0.81
P00707,24,31,chemotherapy,first_line,2,0.93
P00707,43,67,chemotherapy,first_line,3,0.81
P00707,69,90,chemotherapy,first_line,4,0.97
P00707,96,103,chemotherapy,first_line,5,0.9
P00707,128,151,chemotherapy,first_line,7,0.91
P00707,147,170,chemotherapy,first_line,8,0.91
P00707,168,186,chemotherapy,first_line,9,0.83
P00708,2,27,combination_therapy,first_line,1,0.84
P00708,30,47,combination_therapy,first_line,2,0.86
P00708,55,69,combination_therapy,first_line,3,0.92
P00708,74,88,combination_therapy,first_line,4,0.84
P00708,95,109,combination_therapy,first_line,5,0.82
P00708,107,120,combination_therapy,first_line,6,0.99
P00708,133,146,combination_therapy,first_line,7,0.8
P00708,153,160,combination_therapy,first_line,8,0.96
P00708,171,179,combination_therapy,first_line,9,0.96
P00709,0,23,combination_therapy,first_line,1,0.86
P00709,29,48,combination_therapy,first_line,2,0.83
P00709,45,63,combination_therapy,first_line,3,0.83
P00709,65,90,combination_therapy,first_line,4,0.94
P00709,88,108,combination_therapy,first_line,5,0.93
P00709,116,131,combination_therapy,first_line,6,0.96
P00709,127,149,combination_therapy,first_line,7,0.99
P00709,149,174,combination_therapy,first_line,8,0.94
P00710,4,20,targeted_therapy,first_line,1,0.83
P00710,21,47,targeted_therapy,first_line,2,0.85
P00710,44,61,targeted_therapy,first_line,3,0.97
P00710,63,79,targeted_therapy,first_line,4,0.84
P00710,90,110,targeted_therapy,first_line,5,0.81
P00710,110,126,targeted_therapy,first_line,6,0.94
P00710,126,147,targeted_therapy,first_line,7,0.88
P00710,155,170,targeted_therapy,first_line,8,0.98
P00710,176,183,targeted_therapy,first_line,9,0.93
P00711,0,26,immunotherapy,first_line,1,0.82
P00711,32,48,immunotherapy,first_line,2,0.99
P00711,50,57,immunotherapy,first_line,3,0.85
P00711,72,84,immunotherapy,first_line,4,0.87
P00711,85,109,immunotherapy,first_line,5,0.88
P00711,107,129,immunotherapy,first_line,6,0.81
P00711,127,145,immunotherapy,first_line,7,0.9
P00711,150,171,immunotherapy,first_line,8,0.82
P00711,176,186,immunotherapy,first_line,9,0.88
P00712,7,24,targeted_therapy,first_line,1,0.87
P00712,34,45,targeted_therapy,first_line,2,0.95
P00712,47,55,targeted_therapy,first_line,3,0.96
P00712,64,87,targeted_therapy,first_line,4,0.83
P00712,87,110,targeted_therapy,first_line,5,0.87
P00712,109,124,targeted_therapy,first_line,6,0.87
P00712,129,148,targeted_therapy,first_line,7,0.83
P00712,156,173,targeted_therapy,first_line,8,0.96
P00712,169,181,targeted_therapy,first_line,9,0.94
P00713,4,27,combination_therapy,first_line,1,0.84
P00713,26,46,combination_therapy,first_line,2,0.87
P00713,45,68,combination_therapy,first_line,3,0.82
P00713,65,87,combination_therapy,first_line,4,0.93
P00713,84,108,combination_therapy,first_line,5,0.82
P00713,116,125,combination_therapy,first_line,6,1.0
P00713,126,150,combination_therapy,first_line,7,0.96
P00713,148,165,combination_therapy,first_line,8,0.88
P00713,176,183,combination_therapy,first_line,9,0.92
P00714,14,25,immunotherapy,first_line,1,0.98
P00714,23,48,immunotherapy,first_line,2,0.91
P00714,42,57,immunotherapy,first_line,3,0.83
P00714,65,87,immunotherapy,first_line,4,0.88
P00714,89,110,immunotherapy,first_line,5,0.97
P00714,111,129,immunotherapy,first_line,6,0.93
P00714,142,153,immunotherapy,first_line,7,0.93
P00714,147,171,immunotherapy,first_line,8,0.97
P00714,169,185,immunotherapy,first_line,9,0.98
P00715,11,24,combination_therapy,first_line,1,0.98
P00715,24,46,combination_therapy,first_line,2,0.82
P00715,60,67,combination_therapy,first_line,3,0.91
P00715,65,86,combination_therapy,first_line,4,0.95
P00715,90,105,combination_therapy,first_line,5,0.95
P00715,119,126,combination_therapy,first_line,6,0.92
P00715,130,150,combination_therapy,first_line,7,0.83
P00715,147,170,combination_therapy,first_line,8,0.96
P00715,168,185,combination_therapy,first_line,9,0.94
P00716,3,20,combination_therapy,first_line,1,0.82
P00716,28,42,combination_therapy,first_line,2,0.89
P00716,45,61,combination_therapy,first_line,3,0.83
P00716,77,84,combination_therapy,first_line,4,0.87
P00716,85,111,combination_therapy,first_line,5,0.8
P00716,106,130,combination_therapy,first_line,6,0.88
P00716,137,144,combination_therapy,first_line,7,0.91
P00716,153,174,combination_therapy,first_line,8,0.92
P00716,173,186,combination_therapy,first_line,9,0.93
P00717,1,20,combination_therapy,first_line,1,0.97
P00717,32,48,combination_therapy,first_line,2,0.84
P00717,42,68,combination_therapy,first_line,3,0.82
P00717,72,89,combination_therapy,first_line,4,0.97
P00717,88,110,combination_therapy,first_line,5,0.83
P00717,115,130,combination_therapy,first_line,6,0.99
P00717,137,152,combination_therapy,first_line,7,0.97
P00717,157,165,combination_therapy,first_line,8,0.9
P00717,171,181,combination_therapy,first_line,9,1.0
P00718,0,25,chemotherapy,first_line,1,0.82
P00718,38,45,chemotherapy,first_line,2,0.86
P00718,42,67,chemotherapy,first_line,3,0.93
P00718,64,90,chemotherapy,first_line,4,0.87
P00718,90,110,chemotherapy,first_line,5,0.99
P00718,106,132,chemotherapy,first_line,6,0.81
P00718,130,149,chemotherapy,first_line,7,0.91
P00718,154,174,chemotherapy,first_line,8,0.92
P00718,171,178,chemotherapy,first_line,9,0.93
P00719,2,23,immunotherapy,first_line,1,0.85
P00719,21,31,immunotherapy,first_line,2,0.87
P00719,42,69,immunotherapy,first_line,3,0.97
P00719,68,86,immunotherapy,first_line,4,0.84
P00719,86,105,immunotherapy,first_line,5,0.97
P00719,111,131,immunotherapy,first_line,6,0.91
P00719,128,145,immunotherapy,first_line,7,0.95
P00719,148,167,immunotherapy,first_line,8,0.94
P00719,172,185,immunotherapy,first_line,9,0.84
P00720,0,19,combination_therapy,first_line,1,0.91
P00720,28,48,combination_therapy,first_line,2,0.97
P00720,44,69,combination_therapy,first_line,3,0.89
P00720,63,88,combination_therapy,first_line,4,0.99
P00720,87,107,combination_therapy,first_line,5,0.89
P00720,107,120,combination_therapy,first_line,6,0.83
P00720,128,151,combination_therapy,first_line,7,0.88
P00720,151,167,combination_therapy,first_line,8,0.99
P00720,169,176,combination_therapy,first_line,9,0.86
P00721,0,27,combination_therapy,first_line,1,0.97
P00721,31,42,combination_therapy,first_line,2,0.98
P00721,42,60,combination_therapy,first_line,3,0.87
P00721,71,82,combination_therapy,first_line,4,0.82
P00721,91,105,combination_therapy,first_line,5,0.94
P00721,112,125,combination_therapy,first_line,6,0.86
P00721,126,152,combination_therapy,first_line,7,0.96
P00721,155,167,combination_therapy,first_line,8,0.89
P00721,168,186,combination_therapy,first_line,9,0.9
P00722,10,23,targeted_therapy,first_line,1,0.96
P00722,40,48,targeted_therapy,first_line,2,0.88
P00722,62,69,targeted_therapy,first_line,3,0.89
P00722,63,88,targeted_therapy,first_line,4,0.88
P00722,84,110,targeted_therapy,first_line,5,0.87
P00722,106,116,targeted_therapy,first_line,6,0.91
P00722,127,153,targeted_therapy,first_line,7,0.96
P00722,148,173,targeted_therapy,first_line,8,0.87
P00722,169,183,targeted_therapy,first_line,9,0.9
P00723,13,20,combination_therapy,first_line,1,0.93
P00723,26,40,combination_therapy,first_line,2,0.85
P00723,43,65,combination_therapy,first_line,3,0.86
P00723,63,81,combination_therapy,first_line,4,0.99
P00723,85,111,combination_therapy,first_line,5,0.94
P00723,117,124,combination_therapy,first_line,6,0.92
P00723,132,142,combination_therapy,first_line,7,0.93
P00723,156,174,combination_therapy,first_line,8,0.81
P00723,168,186,combination_therapy,first_line,9,0.92
P00724,0,25,targeted_therapy,first_line,1,0.9
P00724,21,47,targeted_therapy,first_line,2,0.91
P00724,48,61,targeted_therapy,first_line,3,0.87
P00724,66,87,targeted_therapy,first_line,4,0.82
P00724,84,107,targeted_therapy,first_line,5,0.84
P00724,105,130,targeted_therapy,first_line,6,0.99
P00724,127,152,targeted_therapy,first_line,7,0.88
P00724,148,156,targeted_therapy,first_line,8,0.89
P00725,14,21,targeted_therapy,first_line,1,0.81
P00725,29,36,targeted_therapy,first_line,2,0.81
P00725,43,68,targeted_therapy,first_line,3,0.94
P00725,63,87,targeted_therapy,first_line,4,0.91
P00725,84,111,targeted_therapy,first_line,5,0.9
P00725,111,130,targeted_therapy,first_line,6,0.85
P00725,129,148,targeted_therapy,first_line,7,0.95
P00725,156,174,targeted_therapy,first_line,8,0.83
P00725,175,183,targeted_therapy,first_line,9,0.84
P00726,3,17,immunotherapy,first_line,1,0.89
P00726,29,48,immunotherapy,first_line,2,0.86
P00726,50,65,immunotherapy,first_line,3,0.85
P00726,69,86,immunotherapy,first_line,4,0.93
P00726,86,103,immunotherapy,first_line,5,0.93
P00726,110,123,immunotherapy,first_line,6,0.96
P00726,133,143,immunotherapy,first_line,7,0.88
P00726,158,171,immunotherapy,first_line,8,0.81
P00726,173,185,immunotherapy,first_line,9,0.85
P00727,5,24,chemotherapy,first_line,1,1.0
P00727,28,40,chemotherapy,first_line,2,0.92
P00727,59,66,chemotherapy,first_line,3,0.94
P00727,64,90,chemotherapy,first_line,4,0.8
P00727,94,101,chemotherapy,first_line,5,0.9
P00727,105,122,chemotherapy,first_line,6,0.81
P00727,132,153,chemotherapy,first_line,7,0.91
P00727,151,172,chemotherapy,first_line,8,0.98
P00727,170,184,chemotherapy,first_line,9,0.99
P00728,14,25,chemotherapy,first_line,1,0.91
P00728,22,37,chemotherapy,first_line,2,0.89
P00728,43,59,chemotherapy,first_line,3,0.99
P00728,63,90,chemotherapy,first_line,4,0.93
P00728,85,110,chemotherapy,first_line,5,0.81
P00728,109,129,chemotherapy,first_line,6,0.89
P00728,137,150,chemotherapy,first_line,7,0.85
P00728,148,174,chemotherapy,first_line,8,0.89
P00728,171,179,chemotherapy,first_line,9,0.89
P00729,1,27,targeted_therapy,first_line,1,0.92
P00729,26,44,targeted_therapy,first_line,2,0.87
P00729,49,63,targeted_therapy,first_line,3,0.83
P00729,66,85,targeted_therapy,first_line,4,0.9
P00729,94,103,targeted_therapy,first_line,5,0.97
P00729,122,129,targeted_therapy,first_line,6,0.93
P00729,127,144,targeted_therapy,first_line,7,0.87
P00729,156,174,targeted_therapy,first_line,8,0.99
P00729,174,186,targeted_therapy,first_line,9,0.98
P00730,0,22,chemotherapy,first_line,1,0.84
P00730,24,46,chemotherapy,first_line,2,0.81
P00730,44,66,chemotherapy,first_line,3,0.95
P00730,64,74,chemotherapy,first_line,4,0.97
P00730,95,102,chemotherapy,first_line,5,0.99
P00730,107,120,chemotherapy,first_line,6,0.98
P00730,126,148,chemotherapy,first_line,7,0.92
P00730,147,169,chemotherapy,first_line,8,0.91
P00730,168,186,chemotherapy,first_line,9,0.81
P00731,7,14,immunotherapy,first_line,1,0.85
P00731,27,39,immunotherapy,first_line,2,0.89
P00731,62,69,immunotherapy,first_line,3,0.93
P00731,67,82,immunotherapy,first_line,4,0.91
P00731,86,106,immunotherapy,first_line,5,0.95
P00731,105,130,immunotherapy,first_line,6,0.86
P00731,128,153,immunotherapy,first_line,7,0.91
P00731,153,173,immunotherapy,first_line,8,0.82
P00731,174,184,immunotherapy,first_line,9,0.88
P00732,1,17,immunotherapy,first_line,1,0.95
P00732,21,41,immunotherapy,first_line,2,0.94
P00732,48,69,immunotherapy,first_line,3,1.0
P00732,70,87,immunotherapy,first_line,4,0.86
P00732,84,108,immunotherapy,first_line,5,0.9
P00732,131,149,immunotherapy,first_line,7,0.87
P00732,149,172,immunotherapy,first_line,8,0.89
P00732,173,180,immunotherapy,first_line,9,0.97
P00733,12,19,chemotherapy,first_line,1,0.94
P00733,22,46,chemotherapy,first_line,2,0.98
P00733,46,69,chemotherapy,first_line,3,0.84
P00733,83,90,chemotherapy,first_line,4,0.97
P00733,91,105,chemotherapy,first_line,5,0.81
P00733,110,132,chemotherapy,first_line,6,0.98
P00733,129,145,chemotherapy,first_line,7,0.87
P00733,147,154,chemotherapy,first_line,8,0.86
P00733,168,186,chemotherapy,first_line,9,0.9
P00734,0,21,targeted_therapy,first_line,1,0.99
P00734,25,46,targeted_therapy,first_line,2,0.81
P00734,48,68,targeted_therapy,first_line,3,0.87
P00734,66,90,targeted_therapy,first_line,4,0.97
P00734,86,100,targeted_therapy,first_line,5,0.88
P00734,105,112,targeted_therapy,first_line,6,0.84
P00734,129,152,targeted_therapy,first_line,7,0.88
P00734,148,166,targeted_therapy,first_line,8,0.88
P00734,168,185,targeted_therapy,first_line,9,0.98
P00735,0,24,combination_therapy,first_line,1,0.95
P00735,34,47,combination_therapy,first_line,2,0.9
P00735,48,67,combination_therapy,first_line,3,1.0
P00735,66,83,combination_therapy,first_line,4,0.89
P00735,86,109,combination_therapy,first_line,5,0.81
P00735,106,125,combination_therapy,first_line,6,0.85
P00735,133,153,combination_therapy,first_line,7,0.89
P00735,149,174,combination_therapy,first_line,8,0.83
P00735,172,179,combination_therapy,first_line,9,0.99
P00736,9,24,combination_therapy,first_line,1,0.95
P00736,21,44,combination_therapy,first_line,2,0.85
P00736,46,57,combination_therapy,first_line,3,0.92
P00736,64,87,combination_therapy,first_line,4,0.94
P00736,87,99,combination_therapy,first_line,5,0.99
P00736,107,130,combination_therapy,first_line,6,0.98
P00736,131,153,combination_therapy,first_line,7,0.9
P00736,151,172,combination_therapy,first_line,8,0.95
P00736,175,182,combination_therapy,first_line,9,0.91
P00737,0,26,targeted_therapy,first_line,1,0.91
P00737,26,33,targeted_therapy,first_line,2,0.82
P00737,45,68,targeted_therapy,first_line,3,0.83
P00737,64,84,targeted_therapy,first_line,4,0.91
P00737,87,108,targeted_therapy,first_line,5,0.85
P00737,122,132,targeted_therapy,first_line,6,0.8
P00737,127,152,targeted_therapy,first_line,7,0.94
P00737,149,173,targeted_therapy,first_line,8,0.81
P00737,178,185,targeted_therapy,first_line,9,0.92
P00738,11,18,targeted_therapy,first_line,1,0.91
P00738,25,46,targeted_therapy,first_line,2,0.99
P00738,42,54,targeted_therapy,first_line,3,0.9
P00738,66,88,targeted_therapy,first_line,4,0.81
P00738,86,111,targeted_therapy,first_line,5,0.91
P00738,110,121,targeted_therapy,first_line,6,0.97
P00738,134,152,targeted_therapy,first_line,7,1.0
P00738,149,169,targeted_therapy,first_line,8,0.89
P00738,170,177,targeted_therapy,first_line,9,0.86
P00739,0,24,chemotherapy,first_line,1,0.98
P00739,23,42,chemotherapy,first_line,2,0.84
P00739,63,89,chemotherapy,first_line,4,0.92
P00739,94,110,chemotherapy,first_line,5,0.88
P00739,110,132,chemotherapy,first_line,6,0.81
P00739,133,148,chemotherapy,first_line,7,0.87
P00739,149,171,chemotherapy,first_line,8,0.85
P00740,12,23,targeted_therapy,first_line,1,0.94
P00740,21,31,targeted_therapy,first_line,2,0.99
P00740,42,68,targeted_therapy,first_line,3,0.85
P00740,76,90,targeted_therapy,first_line,4,0.96
P00740,84,101,targeted_therapy,first_line,5,0.81
P00740,106,130,targeted_therapy,first_line,6,0.91
P00740,127,142,targeted_therapy,first_line,7,0.81
P00740,164,171,targeted_therapy,first_line,8,0.99
P00740,170,180,targeted_therapy,first_line,9,0.95
P00741,7,26,chemotherapy,first_line,1,0.93
P00741,23,43,chemotherapy,first_line,2,0.96
P00741,85,108,chemotherapy,first_line,5,0.93
P00741,113,129,chemotherapy,first_line,6,0.99
P00741,127,150,chemotherapy,first_line,7,0.94
P00741,157,174,chemotherapy,first_line,8,0.98
P00741,170,181,chemotherapy,first_line,9,0.9
P00742,7,27,chemotherapy,first_line,1,0.82
P00742,24,33,chemotherapy,first_line,2,0.91
P00742,46,69,chemotherapy,first_line,3,0.83
P00742,73,88,chemotherapy,first_line,4,0.92
P00742,89,106,chemotherapy,first_line,5,0.9
P00742,108,132,chemotherapy,first_line,6,0.92
P00742,129,136,chemotherapy,first_line,7,0.8
P00742,148,170,chemotherapy,first_line,8,0.84
P00742,168,177,chemotherapy,first_line,9,0.9
P00743,1,13,chemotherapy,first_line,1,0.99
P00743,40,47,chemotherapy,first_line,2,0.88
P00743,42,64,chemotherapy,first_line,3,0.88
P00743,66,90,chemotherapy,first_line,4,0.94
P00743,86,109,chemotherapy,first_line,5,0.92
P00743,113,129,chemotherapy,first_line,6,0.86
P00743,138,151,chemotherapy,first_line,7,0.88
P00743,152,167,chemotherapy,first_line,8,0.84
P00743,176,183,chemotherapy,first_line,9,0.99
P00744,12,24,targeted_therapy,first_line,1,0.83
P00744,29,40,targeted_therapy,first_line,2,0.87
P00744,50,68,targeted_therapy,first_line,3,0.81
P00744,70,90,targeted_therapy,first_line,4,0.84
P00744,84,110,targeted_therapy,first_line,5,0.96
P00744,105,130,targeted_therapy,first_line,6,0.84
P00744,135,153,targeted_therapy,first_line,7,0.82
P00744,154,161,targeted_therapy,first_line,8,0.89
P00745,6,26,immunotherapy,first_line,1,0.8
P00745,25,46,immunotherapy,first_line,2,0.82
P00745,54,69,immunotherapy,first_line,3,0.96
P00745,63,85,immunotherapy,first_line,4,0.95
P00745,97,104,immunotherapy,first_line,5,0.98
P00745,105,119,immunotherapy,first_line,6,0.97
P00745,131,145,immunotherapy,first_line,7,0.94
P00745,150,164,immunotherapy,first_line,8,0.81
P00745,170,177,immunotherapy,first_line,9,0.96
P00746,0,21,combination_therapy,first_line,1,0.97
P00746,21,47,combination_therapy,first_line,2,0.96
P00746,45,67,combination_therapy,first_line,3,0.9
P00746,65,73,combination_therapy,first_line,4,0.85
P00746,113,132,combination_therapy,first_line,6,0.97
P00746,128,152,combination_therapy,first_line,7,0.95
P00746,148,168,combination_therapy,first_line,8,1.0
P00746,176,185,combination_therapy,first_line,9,0.83
P00747,4,22,combination_therapy,first_line,1,0.85
P00747,22,43,combination_therapy,first_line,2,0.84
P00747,48,61,combination_therapy,first_line,3,0.96
P00747,70,85,combination_therapy,first_line,4,0.84
P00747,84,109,combination_therapy,first_line,5,0.81
P00747,114,131,combination_therapy,first_line,6,1.0
P00747,135,149,combination_therapy,first_line,7,0.8
P00747,152,163,combination_therapy,first_line,8,0.97
P00747,170,185,combination_therapy,first_line,9,0.87
P00748,0,25,immunotherapy,first_line,1,0.97
P00748,43,66,immunotherapy,first_line,3,0.91
P00748,71,78,immunotherapy,first_line,4,0.98
P00748,91,107,immunotherapy,first_line,5,0.99
P00748,126,137,immunotherapy,first_line,7,0.8
P00748,151,172,immunotherapy,first_line,8,0.82
P00748,169,179,immunotherapy,first_line,9,0.85
P00749,0,26,immunotherapy,first_line,1,0.93
P00749,32,48,immunotherapy,first_line,2,0.98
P00749,42,69,immunotherapy,first_line,3,0.89
P00749,70,89,immunotherapy,first_line,4,0.92
P00749,86,110,immunotherapy,first_line,5,0.84
P00749,107,129,immunotherapy,first_line,6,0.96
P00749,128,150,immunotherapy,first_line,7,0.99
P00749,148,172,immunotherapy,first_line,8,0.85
P00750,15,22,immunotherapy,first_line,1,0.9
P00750,21,45,immunotherapy,first_line,2,0.82
P00750,54,68,immunotherapy,first_line,3,0.91
P00750,67,83,immunotherapy,first_line,4,0.9
P00750,85,107,immunotherapy,first_line,5,0.83
P00750,105,131,immunotherapy,first_line,6,0.89
P00750,133,153,immunotherapy,first_line,7,0.87
P00750,148,169,immunotherapy,first_line,8,0.9
P00750,169,177,immunotherapy,first_line,9,0.92
P00751,5,26,targeted_therapy,first_line,1,0.8
P00751,29,44,targeted_therapy,first_line,2,0.95
P00751,52,66,targeted_therapy,first_line,3,0.94
P00751,70,89,targeted_therapy,first_line,4,0.87
P00751,96,107,targeted_therapy,first_line,5,0.81
P00751,107,130,targeted_therapy,first_line,6,0.95
P00751,134,152,targeted_therapy,first_line,7,0.99
P00751,149,156,targeted_therapy,first_line,8,0.85
P00751,175,184,targeted_therapy,first_line,9,0.86
P00752,6,26,chemotherapy,first_line,1,0.84
P00752,25,48,chemotherapy,first_line,2,0.92
P00752,55,62,chemotherapy,first_line,3,0.83
P00752,64,89,chemotherapy,first_line,4,0.87
P00752,86,111,chemotherapy,first_line,5,0.94
P00752,105,128,chemotherapy,first_line,6,0.91
P00752,135,142,chemotherapy,first_line,7,0.88
P00752,150,173,chemotherapy,first_line,8,0.88
P00752,173,180,chemotherapy,first_line,9,0.91
P00753,0,16,targeted_therapy,first_line,1,0.8
P00753,44,64,targeted_therapy,first_line,3,0.82
P00753,67,86,targeted_therapy,first_line,4,0.98
P00753,85,111,targeted_therapy,first_line,5,0.82
P00753,105,132,targeted_therapy,first_line,6,0.94
P00753,132,139,targeted_therapy,first_line,7,0.98
P00753,150,174,targeted_therapy,first_line,8,0.85
P00753,168,179,targeted_therapy,first_line,9,0.87
P00754,11,18,immunotherapy,first_line,1,0.91
P00754,27,48,immunotherapy,first_line,2,0.98
P00754,45,66,immunotherapy,first_line,3,0.99
P00754,73,89,immunotherapy,first_line,4,0.95
P00754,88,109,immunotherapy,first_line,5,0.82
P00754,106,128,immunotherapy,first_line,6,0.93
P00754,126,152,immunotherapy,first_line,7,0.88
P00754,152,167,immunotherapy,first_line,8,0.89
P00754,170,186,immunotherapy,first_line,9,0.81
P00755,1,10,chemotherapy,first_line,1,0.84
P00755,32,47,chemotherapy,first_line,2,0.96
P00755,49,61,chemotherapy,first_line,3,0.89
P00755,65,89,chemotherapy,first_line,4,0.86
P00755,85,111,chemotherapy,first_line,5,0.88
P00755,106,119,chemotherapy,first_line,6,0.97
P00755,129,152,chemotherapy,first_line,7,0.95
P00755,148,170,chemotherapy,first_line,8,0.85
P00756,0,27,immunotherapy,first_line,1,0.82
P00756,21,47,immunotherapy,first_line,2,0.85
P00756,43,55,immunotherapy,first_line,3,0.98
P00756,72,87,immunotherapy,first_line,4,0.92
P00756,84,110,immunotherapy,first_line,5,0.91
P00756,105,129,immunotherapy,first_line,6,0.92
P00756,132,151,immunotherapy,first_line,7,0.87
P00756,149,174,immunotherapy,first_line,8,0.96
P00757,1,25,chemotherapy,first_line,1,0.9
P00757,29,45,chemotherapy,first_line,2,0.82
P00757,44,65,chemotherapy,first_line,3,0.83
P00757,82,89,chemotherapy,first_line,4,0.91
P00757,87,111,chemotherapy,first_line,5,0.99
P00757,122,129,chemotherapy,first_line,6,0.86
P00757,136,148,chemotherapy,first_line,7,0.97
P00757,147,171,chemotherapy,first_line,8,0.95
P00757,170,181,chemotherapy,first_line,9,0.85
P00758,5,19,targeted_therapy,first_line,1,0.81
P00758,21,37,targeted_therapy,first_line,2,0.82
P00758,42,68,targeted_therapy,first_line,3,0.95
P00758,69,88,targeted_therapy,first_line,4,0.84
P00758,88,111,targeted_therapy,first_line,5,0.87
P00758,107,129,targeted_therapy,first_line,6,0.9
P00758,147,172,targeted_therapy,first_line,8,0.95
P00759,4,25,combination_therapy,first_line,1,0.82
P00759,23,45,combination_therapy,first_line,2,0.88
P00759,48,55,combination_therapy,first_line,3,0.9
P00759,63,84,combination_therapy,first_line,4,0.91
P00759,88,105,combination_therapy,first_line,5,0.96
P00759,112,130,combination_therapy,first_line,6,0.83
P00759,143,150,combination_therapy,first_line,7,0.96
P00759,147,173,combination_therapy,first_line,8,0.94
P00759,168,179,combination_therapy,first_line,9,0.91
P00760,14,22,targeted_therapy,first_line,1,0.94
P00760,21,47,targeted_therapy,first_line,2,0.88
P00760,46,60,targeted_therapy,first_line,3,0.83
P00760,63,72,targeted_therapy,first_line,4,0.93
P00760,107,131,targeted_therapy,first_line,6,0.9
P00760,127,140,targeted_therapy,first_line,7,0.93
P00760,152,167,targeted_therapy,first_line,8,0.87
P00760,174,184,targeted_therapy,first_line,9,0.98
P00761,6,18,immunotherapy,first_line,1,0.92
P00761,24,46,immunotherapy,first_line,2,0.82
P00761,42,62,immunotherapy,first_line,3,0.89
P00761,65,90,immunotherapy,first_line,4,0.95
P00761,87,111,immunotherapy,first_line,5,0.96
P00761,109,132,immunotherapy,first_line,6,0.9
P00761,127,151,immunotherapy,first_line,7,0.98
P00761,152,165,immunotherapy,first_line,8,0.85
P00761,170,180,immunotherapy,first_line,9,0.88
P00762,12,26,combination_therapy,first_line,1,0.98
P00762,22,48,combination_therapy,first_line,2,0.98
P00762,53,69,combination_therapy,first_line,3,0.94
P00762,64,90,combination_therapy,first_line,4,0.97
P00762,102,111,combination_therapy,first_line,5,0.82
P00762,113,131,combination_therapy,first_line,6,0.97
P00762,128,152,combination_therapy,first_line,7,0.86
P00762,148,161,combination_therapy,first_line,8,0.84
P00762,171,183,combination_therapy,first_line,9,0.85
P00763,2,12,immunotherapy,first_line,1,0.88
P00763,22,47,immunotherapy,first_line,2,0.85
P00763,42,61,immunotherapy,first_line,3,0.86
P00763,69,87,immunotherapy,first_line,4,0.83
P00763,84,96,immunotherapy,first_line,5,0.86
P00763,109,131,immunotherapy,first_line,6,0.91
P00763,150,172,immunotherapy,first_line,8,0.89
P00763,174,185,immunotherapy,first_line,9,0.87
P00764,4,21,chemotherapy,first_line,1,0.95
P00764,21,42,chemotherapy,first_line,2,0.98
P00764,50,60,chemotherapy,first_line,3,0.95
P00764,66,86,chemotherapy,first_line,4,0.87
P00764,84,105,chemotherapy,first_line,5,0.95
P00764,105,125,chemotherapy,first_line,6,0.83
P00764,127,147,chemotherapy,first_line,7,0.83
P00764,169,183,chemotherapy,first_line,9,0.87
P00765,1,27,combination_therapy,first_line,1,0.96
P00765,22,29,combination_therapy,first_line,2,0.85
P00765,52,64,combination_therapy,first_line,3,0.81
P00765,64,88,combination_therapy,first_line,4,0.83
P00765,93,110,combination_therapy,first_line,5,0.97
P00765,111,131,combination_therapy,first_line,6,0.93
P00765,133,151,combination_therapy,first_line,7,0.85
P00765,147,170,combination_therapy,first_line,8,0.91
P00765,168,186,combination_therapy,first_line,9,0.91
P00766,2,21,chemotherapy,first_line,1,0.93
P00766,24,44,chemotherapy,first_line,2,0.85
P00766,48,65,chemotherapy,first_line,3,0.97
P00766,65,88,chemotherapy,first_line,4,0.86
P00766,87,107,chemotherapy,first_line,5,0.94
P00766,106,129,chemotherapy,first_line,6,0.8
P00766,126,152,chemotherapy,first_line,7,0.87
P00766,154,164,chemotherapy,first_line,8,0.87
P00766,174,181,chemotherapy,first_line,9,0.91
P00767,0,25,immunotherapy,first_line,1,0.81
P00767,21,31,immunotherapy,first_line,2,0.96
P00767,62,69,immunotherapy,first_line,3,0.84
P00767,63,76,immunotherapy,first_line,4,0.94
P00767,88,105,immunotherapy,first_line,5,0.96
P00767,105,130,immunotherapy,first_line,6,0.91
P00767,131,153,immunotherapy,first_line,7,0.95
P00767,158,173,immunotherapy,first_line,8,0.93
P00767,168,180,immunotherapy,first_line,9,0.87
P00768,2,22,chemotherapy,first_line,1,0.96
P00768,22,43,chemotherapy,first_line,2,0.86
P00768,44,68,chemotherapy,first_line,3,0.91
P00768,65,76,chemotherapy,first_line,4,0.95
P00768,93,108,chemotherapy,first_line,5,0.88
P00768,105,128,chemotherapy,first_line,6,0.86
P00768,132,148,chemotherapy,first_line,7,0.89
P00768,150,174,chemotherapy,first_line,8,0.96
P00768,172,179,chemotherapy,first_line,9,0.99
P00769,4,17,immunotherapy,first_line,1,0.91
P00769,54,68,immunotherapy,first_line,3,0.93
P00769,64,83,immunotherapy,first_line,4,0.98
P00769,88,106,immunotherapy,first_line,5,0.82
P00769,107,123,immunotherapy,first_line,6,0.85
P00769,135,151,immunotherapy,first_line,7,0.94
P00769,149,161,immunotherapy,first_line,8,0.96
P00769,170,180,immunotherapy,first_line,9,0.97
P00770,2,21,targeted_therapy,first_line,1,0.88
P00770,21,43,targeted_therapy,first_line,2,0.82
P00770,43,59,targeted_therapy,first_line,3,0.89
P00770,67,78,targeted_therapy,first_line,4,0.85
P00770,87,108,targeted_therapy,first_line,5,0.86
P00770,116,127,targeted_therapy,first_line,6,0.95
P00770,132,153,targeted_therapy,first_line,7,0.82
P00770,148,172,targeted_therapy,first_line,8,0.97
P00770,168,177,targeted_therapy,first_line,9,0.89
P00771,4,20,targeted_therapy,first_line,1,0.92
P00771,30,47,targeted_therapy,first_line,2,0.82
P00771,42,69,targeted_therapy,first_line,3,0.87
P00771,66,86,targeted_therapy,first_line,4,0.82
P00771,89,108,targeted_therapy,first_line,5,0.99
P00771,107,114,targeted_therapy,first_line,6,0.96
P00771,129,153,targeted_therapy,first_line,7,0.89
P00771,149,173,targeted_therapy,first_line,8,0.84
P00772,6,26,chemotherapy,first_line,1,0.99
P00772,22,47,chemotherapy,first_line,2,0.87
P00772,50,66,chemotherapy,first_line,3,0.83
P00772,66,90,chemotherapy,first_line,4,0.91
P00772,94,108,chemotherapy,first_line,5,0.99
P00772,114,129,chemotherapy,first_line,6,0.8
P00772,126,151,chemotherapy,first_line,7,0.85
P00772,149,173,chemotherapy,first_line,8,0.99
P00772,170,184,chemotherapy,first_line,9,0.83
P00773,5,27,immunotherapy,first_line,1,0.82
P00773,35,42,immunotherapy,first_line,2,0.91
P00773,46,68,immunotherapy,first_line,3,0.97
P00773,71,79,immunotherapy,first_line,4,0.9
P00773,87,106,immunotherapy,first_line,5,1.0
P00773,106,132,immunotherapy,first_line,6,0.94
P00773,129,136,immunotherapy,first_line,7,0.81
P00773,151,174,immunotherapy,first_line,8,1.0
P00773,177,184,immunotherapy,first_line,9,0.88
P00774,6,21,immunotherapy,first_line,1,0.86
P00774,26,46,immunotherapy,first_line,2,0.91
P00774,48,68,immunotherapy,first_line,3,0.86
P00774,68,81,immunotherapy,first_line,4,0.82
P00774,87,94,immunotherapy,first_line,5,0.8
P00774,106,129,immunotherapy,first_line,6,0.89
P00774,133,153,immunotherapy,first_line,7,0.97
P00774,159,169,immunotherapy,first_line,8,0.91
P00774,170,183,immunotherapy,first_line,9,1.0
P00775,0,27,combination_therapy,first_line,1,0.86
P00775,26,45,combination_therapy,first_line,2,0.86
P00775,46,67,combination_therapy,first_line,3,0.83
P00775,63,87,combination_therapy,first_line,4,0.83
P00775,96,107,combination_therapy,first_line,5,0.86
P00775,110,129,combination_therapy,first_line,6,0.96
P00775,130,150,combination_therapy,first_line,7,0.98
P00775,151,160,combination_therapy,first_line,8,1.0
P00775,176,183,combination_therapy,first_line,9,0.85
P00776,4,27,combination_therapy,first_line,1,0.98
P00776,50,66,combination_therapy,first_line,3,0.87
P00776,69,89,combination_therapy,first_line,4,0.82
P00776,86,109,combination_therapy,first_line,5,0.97
P00776,113,124,combination_therapy,first_line,6,0.93
P00776,126,149,combination_therapy,first_line,7,0.83
P00776,149,174,combination_therapy,first_line,8,0.89
P00776,168,184,combination_therapy,first_line,9,0.86
P00777,11,27,combination_therapy,first_line,1,0.95
P00777,23,48,combination_therapy,first_line,2,0.89
P00777,45,69,combination_therapy,first_line,3,1.0
P00777,67,88,combination_therapy,first_line,4,0.81
P00777,93,109,combination_therapy,first_line,5,0.87
P00777,109,131,combination_therapy,first_line,6,0.9
P00777,146,153,combination_therapy,first_line,7,0.9
P00777,151,161,combination_therapy,first_line,8,0.86
P00777,168,186,combination_therapy,first_line,9,0.95
P00778,18,27,immunotherapy,first_line,1,0.97
P00778,21,47,immunotherapy,first_line,2,0.99
P00778,49,63,immunotherapy,first_line,3,0.96
P00778,71,90,immunotherapy,first_line,4,0.97
P00778,86,111,immunotherapy,first_line,5,0.91
P00778,114,129,immunotherapy,first_line,6,0.97
P00778,132,150,immunotherapy,first_line,7,0.86
P00778,147,174,immunotherapy,first_line,8,0.88
P00778,168,186,immunotherapy,first_line,9,0.86
P00779,3,10,combination_therapy,first_line,1,0.89
P00779,21,48,combination_therapy,first_line,2,0.86
P00779,42,68,combination_therapy,first_line,3,0.99
P00779,72,90,combination_therapy,first_line,4,0.86
P00779,94,108,combination_therapy,first_line,5,0.82
P00779,110,125,combination_therapy,first_line,6,0.91
P00779,133,147,combination_therapy,first_line,7,0.81
P00779,157,172,combination_therapy,first_line,8,0.82
P00779,168,184,combination_therapy,first_line,9,0.84
P00780,11,27,targeted_therapy,first_line,1,0.89
P00780,26,47,targeted_therapy,first_line,2,0.89
P00780,51,58,targeted_therapy,first_line,3,0.96
P00780,65,89,targeted_therapy,first_line,4,0.95
P00780,85,110,targeted_therapy,first_line,5,0.89
P00780,117,131,targeted_therapy,first_line,6,0.87
P00780,127,134,targeted_therapy,first_line,7,0.86
P00780,147,156,targeted_therapy,first_line,8,0.95
P00780,168,185,targeted_therapy,first_line,9,0.81
P00781,26,46,combination_therapy,first_line,2,0.8
P00781,48,65,combination_therapy,first_line,3,0.96
P00781,64,90,combination_therapy,first_line,4,0.9
P00781,85,104,combination_therapy,first_line,5,0.83
P00781,105,127,combination_therapy,first_line,6,0.85
P00781,126,151,combination_therapy,first_line,7,0.99
P00781,149,161,combination_therapy,first_line,8,0.97
P00781,177,186,combination_therapy,first_line,9,0.94
P00782,1,25,targeted_therapy,first_line,1,0.9
P00782,27,45,targeted_therapy,first_line,2,0.9
P00782,48,66,targeted_therapy,first_line,3,1.0
P00782,63,87,targeted_therapy,first_line,4,0.99
P00782,86,111,targeted_therapy,first_line,5,0.84
P00782,107,131,targeted_therapy,first_line,6,0.96
P00782,129,152,targeted_therapy,first_line,7,0.84
P00782,162,173,targeted_therapy,first_line,8,0.84
P00782,174,182,targeted_therapy,first_line,9,0.94
P00783,13,26,chemotherapy,first_line,1,0.88
P00783,23,48,chemotherapy,first_line,2,0.99
P00783,48,55,chemotherapy,first_line,3,0.82
P00783,66,83,chemotherapy,first_line,4,0.9
P00783,87,110,chemotherapy,first_line,5,0.98
P00783,109,125,chemotherapy,first_line,6,0.98
P00783,135,148,chemotherapy,first_line,7,0.83
P00783,151,167,chemotherapy,first_line,8,0.87
P00783,168,184,chemotherapy,first_line,9,0.92
P00784,0,25,chemotherapy,first_line,1,0.83
P00784,21,46,chemotherapy,first_line,2,0.99
P00784,43,67,chemotherapy,first_line,3,0.98
P00784,63,88,chemotherapy,first_line,4,0.83
P00784,90,102,chemotherapy,first_line,5,0.82
P00784,121,130,chemotherapy,first_line,6,0.82
P00784,127,149,chemotherapy,first_line,7,0.98
P00784,155,174,chemotherapy,first_line,8,0.84
P00784,170,177,chemotherapy,first_line,9,0.88
P00785,4,20,immunotherapy,first_line,1,0.89
P00785,22,43,immunotherapy,first_line,2,0.92
P00785,42,61,immunotherapy,first_line,3,0.81
P00785,67,81,immunotherapy,first_line,4,0.85
P00785,90,110,immunotherapy,first_line,5,0.99
P00785,107,132,immunotherapy,first_line,6,0.98
P00785,140,152,immunotherapy,first_line,7,0.96
P00785,154,172,immunotherapy,first_line,8,0.8
P00785,175,183,immunotherapy,first_line,9,0.87
P00786,3,18,chemotherapy,first_line,1,0.93
P00786,24,48,chemotherapy,first_line,2,0.86
P00786,45,68,chemotherapy,first_line,3,0.98
P00786,71,88,chemotherapy,first_line,4,0.93
P00786,84,110,chemotherapy,first_line,5,0.81
P00786,105,132,chemotherapy,first_line,6,0.98
P00786,129,151,chemotherapy,first_line,7,0.99
P00786,152,173,chemotherapy,first_line,8,0.82
P00787,9,26,immunotherapy,first_line,1,0.91
P00787,24,45,immunotherapy,first_line,2,0.86
P00787,48,61,immunotherapy,first_line,3,0.88
P00787,66,89,immunotherapy,first_line,4,0.84
P00787,87,109,immunotherapy,first_line,5,0.92
P00787,123,132,immunotherapy,first_line,6,0.99
P00787,126,153,immunotherapy,first_line,7,0.9
P00787,147,169,immunotherapy,first_line,8,0.82
P00787,178,186,immunotherapy,first_line,9,0.92
P00788,0,27,combination_therapy,first_line,1,0.87
P00788,22,47,combination_therapy,first_line,2,0.97
P00788,46,67,combination_therapy,first_line,3,0.89
P00788,73,81,combination_therapy,first_line,4,0.84
P00788,93,109,combination_therapy,first_line,5,0.84
P00788,115,127,combination_therapy,first_line,6,0.95
P00788,142,153,combination_therapy,first_line,7,0.85
P00788,150,165,combination_therapy,first_line,8,0.95
P00788,174,184,combination_therapy,first_line,9,0.84
P00789,2,17,combination_therapy,first_line,1,0.86
P00789,45,69,combination_therapy,first_line,3,0.89
P00789,71,86,combination_therapy,first_line,4,0.99
P00789,100,110,combination_therapy,first_line,5,0.99
P00789,107,127,combination_therapy,first_line,6,0.84
P00789,127,152,combination_therapy,first_line,7,0.87
P00789,147,170,combination_therapy,first_line,8,0.83
P00789,173,184,combination_therapy,first_line,9,0.9
P00790,2,20,chemotherapy,first_line,1,0.89
P00790,21,46,chemotherapy,first_line,2,0.98
P00790,52,64,chemotherapy,first_line,3,0.99
P00790,67,89,chemotherapy,first_line,4,0.88
P00790,95,105,chemotherapy,first_line,5,0.9
P00790,108,130,chemotherapy,first_line,6,0.98
P00790,140,152,chemotherapy,first_line,7,0.96
P00790,160,172,chemotherapy,first_line,8,0.8
P00790,173,184,chemotherapy,first_line,9,0.86
P00791,2,22,chemotherapy,first_line,1,0.88
P00791,32,39,chemotherapy,first_line,2,0.85
P00791,51,58,chemotherapy,first_line,3,0.84
P00791,64,86,chemotherapy,first_line,4,0.81
P00791,85,110,chemotherapy,first_line,5,0.93
P00791,106,127,chemotherapy,first_line,6,0.85
P00791,130,141,chemotherapy,first_line,7,0.81
P00791,151,174,chemotherapy,first_line,8,0.85
P00791,171,183,chemotherapy,first_line,9,0.96
P00792,6,27,chemotherapy,first_line,1,0.97
P00792,22,48,chemotherapy,first_line,2,0.9
P00792,47,65,chemotherapy,first_line,3,0.88
P00792,66,81,chemotherapy,first_line,4,1.0
P00792,85,111,chemotherapy,first_line,5,0.84
P00792,109,130,chemotherapy,first_line,6,0.84
P00792,126,152,chemotherapy,first_line,7,0.86
P00792,149,170,chemotherapy,first_line,8,0.83
P00792,171,181,chemotherapy,first_line,9,0.88
P00793,7,18,immunotherapy,first_line,1,0.98
P00793,37,48,immunotherapy,first_line,2,0.92
P00793,42,69,immunotherapy,first_line,3,0.88
P00793,79,88,immunotherapy,first_line,4,0.99
P00793,85,110,immunotherapy,first_line,5,0.81
P00793,115,131,immunotherapy,first_line,6,0.84
P00793,130,147,immunotherapy,first_line,7,0.91
P00793,151,170,immunotherapy,first_line,8,0.92
P00793,168,183,immunotherapy,first_line,9,0.81
P00794,10,26,targeted_therapy,first_line,1,0.88
P00794,22,47,targeted_therapy,first_line,2,0.93
P00794,43,67,targeted_therapy,first_line,3,0.94
P00794,70,85,targeted_therapy,first_line,4,0.93
P00794,86,108,targeted_therapy,first_line,5,0.86
P00794,114,126,targeted_therapy,first_line,6,0.82
P00794,138,151,targeted_therapy,first_line,7,0.89
P00794,148,164,targeted_therapy,first_line,8,0.83
P00794,177,184,targeted_therapy,first_line,9,0.99
P00795,1,27,chemotherapy,first_line,1,0.9
P00795,32,45,chemotherapy,first_line,2,0.86
P00795,44,65,chemotherapy,first_line,3,0.95
P00795,78,85,chemotherapy,first_line,4,0.9
P00795,86,111,chemotherapy,first_line,5,0.86
P00795,105,127,chemotherapy,first_line,6,0.96
P00795,134,152,chemotherapy,first_line,7,0.97
P00795,149,163,chemotherapy,first_line,8,0.93
P00795,173,185,chemotherapy,first_line,9,0.81
P00796,2,25,targeted_therapy,first_line,1,0.91
P00796,22,43,targeted_therapy,first_line,2,0.95
P00796,42,52,targeted_therapy,first_line,3,0.83
P00796,64,87,targeted_therapy,first_line,4,0.85
P00796,96,110,targeted_therapy,first_line,5,0.98
P00796,108,130,targeted_therapy,first_line,6,0.8
P00796,126,147,targeted_therapy,first_line,7,0.95
P00796,155,169,targeted_therapy,first_line,8,0.89
P00796,168,175,targeted_therapy,first_line,9,0.89
P00797,2,23,targeted_therapy,first_line,1,0.8
P00797,24,40,targeted_therapy,first_line,2,0.96
P00797,42,63,targeted_therapy,first_line,3,0.87
P00797,67,88,targeted_therapy,first_line,4,0.91
P00797,84,111,targeted_therapy,first_line,5,0.94
P00797,105,119,targeted_therapy,first_line,6,0.94
P00797,131,149,targeted_therapy,first_line,7,0.99
P00797,162,171,targeted_therapy,first_line,8,0.91
P00797,168,185,targeted_therapy,first_line,9,0.88
P00798,3,25,combination_therapy,first_line,1,0.99
P00798,21,34,combination_therapy,first_line,2,0.93
P00798,54,66,combination_therapy,first_line,3,0.86
P00798,85,111,combination_therapy,first_line,5,0.83
P00798,112,127,combination_therapy,first_line,6,0.97
P00798,140,152,combination_therapy,first_line,7,0.87
P00798,154,171,combination_therapy,first_line,8,0.93
P00798,168,186,combination_therapy,first_line,9,0.89
P00799,0,25,immunotherapy,first_line,1,0.84
P00799,26,48,immunotherapy,first_line,2,0.92
P00799,42,68,immunotherapy,first_line,3,0.81
P00799,64,89,immunotherapy,first_line,4,0.88
P00799,90,109,immunotherapy,first_line,5,0.91
P00799,109,116,immunotherapy,first_line,6,0.89
P00799,143,151,immunotherapy,first_line,7,0.95
P00799,150,174,immunotherapy,first_line,8,0.97
P00800,2,23,combination_therapy,first_line,1,0.95
P00800,25,48,combination_therapy,first_line,2,0.81
P00800,42,68,combination_therapy,first_line,3,0.84
P00800,66,87,combination_therapy,first_line,4,0.91
P00800,96,109,combination_therapy,first_line,5,0.99
P00800,105,131,combination_therapy,first_line,6,0.97
P00800,144,153,combination_therapy,first_line,7,0.97
P00800,147,155,combination_therapy,first_line,8,0.86
P00800,174,181,combination_therapy,first_line,9,0.89
P00801,9,16,targeted_therapy,first_line,1,0.89
P00801,29,44,targeted_therapy,first_line,2,0.83
P00801,43,54,targeted_therapy,first_line,3,0.81
P00801,66,88,targeted_therapy,first_line,4,0.99
P00801,85,110,targeted_therapy,first_line,5,0.85
P00801,105,130,targeted_therapy,first_line,6,0.85
P00801,146,153,targeted_therapy,first_line,7,0.82
P00801,151,162,targeted_therapy,first_line,8,0.99
P00802,1,26,immunotherapy,first_line,1,0.92
P00802,25,47,immunotherapy,first_line,2,0.93
P00802,42,68,immunotherapy,first_line,3,0.98
P00802,67,83,immunotherapy,first_line,4,0.87
P00802,85,107,immunotherapy,first_line,5,0.92
P00802,106,123,immunotherapy,first_line,6,0.81
P00802,128,146,immunotherapy,first_line,7,0.84
P00802,149,174,immunotherapy,first_line,8,0.97
P00802,174,181,immunotherapy,first_line,9,0.95
P00803,1,22,immunotherapy,first_line,1,0.87
P00803,21,46,immunotherapy,first_line,2,0.88
P00803,54,65,immunotherapy,first_line,3,0.91
P00803,68,88,immunotherapy,first_line,4,0.8
P00803,96,110,immunotherapy,first_line,5,0.85
P00803,105,131,immunotherapy,first_line,6,0.84
P00803,129,153,immunotherapy,first_line,7,0.85
P00803,148,172,immunotherapy,first_line,8,0.96
P00804,4,23,immunotherapy,first_line,1,0.86
P00804,26,46,immunotherapy,first_line,2,0.84
P00804,42,64,immunotherapy,first_line,3,0.9
P00804,65,82,immunotherapy,first_line,4,0.97
P00804,92,107,immunotherapy,first_line,5,0.85
P00804,106,132,immunotherapy,first_line,6,0.82
P00804,129,149,immunotherapy,first_line,7,0.87
P00804,153,160,immunotherapy,first_line,8,0.95
P00804,170,183,immunotherapy,first_line,9,0.91
P00805,2,26,chemotherapy,first_line,1,0.96
P00805,21,43,chemotherapy,first_line,2,0.99
P00805,74,82,chemotherapy,first_line,4,0.96
P00805,96,109,chemotherapy,first_line,5,0.92
P00805,112,122,chemotherapy,first_line,6,0.9
P00805,135,151,chemotherapy,first_line,7,0.81
P00805,151,167,chemotherapy,first_line,8,1.0
P00805,168,181,chemotherapy,first_line,9,0.88
P00806,12,25,chemotherapy,first_line,1,0.83
P00806,30,38,chemotherapy,first_line,2,0.93
P00806,44,59,chemotherapy,first_line,3,0.86
P00806,66,90,chemotherapy,first_line,4,0.92
P00806,97,104,chemotherapy,first_line,5,0.92
P00806,106,132,chemotherapy,first_line,6,0.89
P00806,138,152,chemotherapy,first_line,7,0.97
P00806,152,159,chemotherapy,first_line,8,0.85
P00806,172,185,chemotherapy,first_line,9,0.89
P00807,13,23,immunotherapy,first_line,1,0.91
P00807,27,48,immunotherapy,first_line,2,0.93
P00807,43,68,immunotherapy,first_line,3,0.96
P00807,64,89,immunotherapy,first_line,4,0.88
P00807,85,110,immunotherapy,first_line,5,0.93
P00807,112,126,immunotherapy,first_line,6,0.83
P00807,126,150,immunotherapy,first_line,7,0.99
P00807,162,174,immunotherapy,first_line,8,0.88
P00808,18,25,targeted_therapy,first_line,1,0.95
P00808,24,43,targeted_therapy,first_line,2,0.8
P00808,56,67,targeted_therapy,first_line,3,0.84
P00808,64,88,targeted_therapy,first_line,4,0.9
P00808,87,111,targeted_therapy,first_line,5,0.98
P00808,116,123,targeted_therapy,first_line,6,0.91
P00808,127,143,targeted_therapy,first_line,7,0.99
P00808,153,173,targeted_therapy,first_line,8,0.9
P00808,168,184,targeted_therapy,first_line,9,0.9
P00809,4,26,chemotherapy,first_line,1,0.82
P00809,32,48,chemotherapy,first_line,2,0.96
P00809,44,69,chemotherapy,first_line,3,0.85
P00809,63,83,chemotherapy,first_line,4,0.98
P00809,86,110,chemotherapy,first_line,5,0.98
P00809,115,132,chemotherapy,first_line,6,0.99
P00809,127,153,chemotherapy,first_line,7,0.9
P00809,153,168,chemotherapy,first_line,8,0.94
P00809,172,186,chemotherapy,first_line,9,0.96
P00810,4,24,targeted_therapy,first_line,1,0.83
P00810,22,38,targeted_therapy,first_line,2,0.92
P00810,45,67,targeted_therapy,first_line,3,0.81
P00810,65,80,targeted_therapy,first_line,4,0.9
P00810,89,108,targeted_therapy,first_line,5,0.83
P00810,110,130,targeted_therapy,first_line,6,0.84
P00810,130,151,targeted_therapy,first_line,7,0.87
P00810,151,174,targeted_therapy,first_line,8,0.89
P00810,171,184,targeted_therapy,first_line,9,0.92
P00811,3,22,targeted_therapy,first_line,1,0.81
P00811,31,47,targeted_therapy,first_line,2,0.9
P00811,43,57,targeted_therapy,first_line,3,0.84
P00811,68,88,targeted_therapy,first_line,4,0.91
P00811,97,111,targeted_therapy,first_line,5,0.93
P00811,106,127,targeted_therapy,first_line,6,0.91
P00811,139,148,targeted_therapy,first_line,7,0.95
P00811,149,163,targeted_therapy,first_line,8,0.87
P00811,172,184,targeted_therapy,first_line,9,0.95
P00812,1,24,immunotherapy,first_line,1,0.89
P00812,21,46,immunotherapy,first_line,2,0.9
P00812,51,61,immunotherapy,first_line,3,0.93
P00812,68,90,immunotherapy,first_line,4,0.8
P00812,84,105,immunotherapy,first_line,5,0.93
P00812,121,128,immunotherapy,first_line,6,0.92
P00812,129,149,immunotherapy,first_line,7,0.86
P00812,147,164,immunotherapy,first_line,8,0.82
P00813,6,27,targeted_therapy,first_line,1,0.82
P00813,26,46,targeted_therapy,first_line,2,0.98
P00813,49,66,targeted_therapy,first_line,3,0.94
P00813,67,88,targeted_therapy,first_line,4,0.83
P00813,85,110,targeted_therapy,first_line,5,0.87
P00813,112,125,targeted_therapy,first_line,6,0.92
P00813,128,147,targeted_therapy,first_line,7,0.97
P00813,147,169,targeted_therapy,first_line,8,0.81
P00813,173,182,targeted_therapy,first_line,9,0.85
P00814,0,25,combination_therapy,first_line,1,0.98
P00814,22,39,combination_therapy,first_line,2,0.8
P00814,44,63,combination_therapy,first_line,3,0.84
P00814,64,90,combination_therapy,first_line,4,0.99
P00814,84,110,combination_therapy,first_line,5,0.92
P00814,112,120,combination_therapy,first_line,6,0.85
P00814,153,172,combination_therapy,first_line,8,0.81
P00814,171,184,combination_therapy,first_line,9,0.81
P00815,2,26,chemotherapy,first_line,1,0.85
P00815,25,32,chemotherapy,first_line,2,0.98
P00815,46,69,chemotherapy,first_line,3,0.88
P00815,64,86,chemotherapy,first_line,4,0.94
P00815,86,108,chemotherapy,first_line,5,0.98
P00815,109,120,chemotherapy,first_line,6,0.88
P00815,127,150,chemotherapy,first_line,7,0.84
P00815,147,174,chemotherapy,first_line,8,0.9
P00816,1,21,immunotherapy,first_line,1,0.98
P00816,22,45,immunotherapy,first_line,2,0.96
P00816,43,64,immunotherapy,first_line,3,0.81
P00816,66,90,immunotherapy,first_line,4,0.94
P00816,89,109,immunotherapy,first_line,5,0.91
P00816,111,132,immunotherapy,first_line,6,0.98
P00816,131,145,immunotherapy,first_line,7,0.82
P00816,169,182,immunotherapy,first_line,9,0.91
P00817,0,22,immunotherapy,first_line,1,0.98
P00817,31,46,immunotherapy,first_line,2,0.88
P00817,44,69,immunotherapy,first_line,3,0.9
P00817,66,73,immunotherapy,first_line,4,0.81
P00817,84,105,immunotherapy,first_line,5,0.86
P00817,107,129,immunotherapy,first_line,6,0.86
P00817,132,148,immunotherapy,first_line,7,0.99
P00817,147,163,immunotherapy,first_line,8,0.86
P00817,169,184,immunotherapy,first_line,9,0.89
P00818,0,25,immunotherapy,first_line,1,0.93
P00818,21,43,immunotherapy,first_line,2,0.83
P00818,42,63,immunotherapy,first_line,3,0.9
P00818,70,86,immunotherapy,first_line,4,0.95
P00818,84,110,immunotherapy,first_line,5,0.97
P00818,121,130,immunotherapy,first_line,6,0.93
P00818,126,146,immunotherapy,first_line,7,0.93
P00818,149,156,immunotherapy,first_line,8,0.83
P00818,168,186,immunotherapy,first_line,9,0.99
P00819,3,25,combination_therapy,first_line,1,0.83
P00819,21,48,combination_therapy,first_line,2,0.95
P00819,48,67,combination_therapy,first_line,3,0.85
P00819,63,89,combination_therapy,first_line,4,0.99
P00819,89,99,combination_therapy,first_line,5,0.94
P00819,105,120,combination_therapy,first_line,6,0.95
P00819,128,150,combination_therapy,first_line,7,0.84
P00819,147,169,combination_therapy,first_line,8,0.89
P00819,172,186,combination_therapy,first_line,9,0.92
P00820,4,16,targeted_therapy,first_line,1,0.95
P00820,34,48,targeted_therapy,first_line,2,0.82
P00820,42,52,targeted_therapy,first_line,3,0.99
P00820,70,89,targeted_therapy,first_line,4,0.98
P00820,89,106,targeted_therapy,first_line,5,0.85
P00820,105,131,targeted_therapy,first_line,6,0.96
P00820,129,145,targeted_therapy,first_line,7,0.9
P00820,148,173,targeted_therapy,first_line,8,0.89
P00820,169,184,targeted_therapy,first_line,9,0.86
P00821,8,19,immunotherapy,first_line,1,0.92
P00821,26,44,immunotherapy,first_line,2,0.95
P00821,48,64,immunotherapy,first_line,3,0.88
P00821,66,90,immunotherapy,first_line,4,0.93
P00821,85,109,immunotherapy,first_line,5,0.94
P00821,107,132,immunotherapy,first_line,6,0.94
P00821,135,144,immunotherapy,first_line,7,0.81
P00821,148,169,immunotherapy,first_line,8,0.97
P00822,0,26,targeted_therapy,first_line,1,0.89
P00822,24,42,targeted_therapy,first_line,2,0.85
P00822,42,69,targeted_therapy,first_line,3,0.85
P00822,73,80,targeted_therapy,first_line,4,0.9
P00822,84,111,targeted_therapy,first_line,5,0.98
P00822,111,130,targeted_therapy,first_line,6,0.88
P00822,126,142,targeted_therapy,first_line,7,0.95
P00822,148,163,targeted_therapy,first_line,8,0.82
P00822,173,186,targeted_therapy,first_line,9,0.9
P00823,1,22,chemotherapy,first_line,1,1.0
P00823,50,63,chemotherapy,first_line,3,0.95
P00823,66,89,chemotherapy,first_line,4,0.84
P00823,86,106,chemotherapy,first_line,5,0.9
P00823,105,127,chemotherapy,first_line,6,0.85
P00823,130,153,chemotherapy,first_line,7,0.88
P00823,155,174,chemotherapy,first_line,8,0.96
P00823,171,178,chemotherapy,first_line,9,0.95
P00824,2,24,chemotherapy,first_line,1,0.85
P00824,33,47,chemotherapy,first_line,2,0.98
P00824,62,69,chemotherapy,first_line,3,0.92
P00824,63,88,chemotherapy,first_line,4,0.88
P00824,86,109,chemotherapy,first_line,5,0.9
P00824,109,132,chemotherapy,first_line,6,0.92
P00824,131,153,chemotherapy,first_line,7,0.91
P00824,151,163,chemotherapy,first_line,8,0.9
P00825,1,25,combination_therapy,first_line,1,0.9
P00825,22,43,combination_therapy,first_line,2,0.84
P00825,43,64,combination_therapy,first_line,3,0.96
P00825,65,90,combination_therapy,first_line,4,0.91
P00825,84,110,combination_therapy,first_line,5,0.83
P00825,107,130,combination_therapy,first_line,6,0.95
P00825,133,152,combination_therapy,first_line,7,0.99
P00825,151,174,combination_therapy,first_line,8,0.99
P00825,175,182,combination_therapy,first_line,9,0.87
P00826,0,27,chemotherapy,first_line,1,0.83
P00826,34,48,chemotherapy,first_line,2,0.9
P00826,42,69,chemotherapy,first_line,3,0.82
P00826,65,88,chemotherapy,first_line,4,0.99
P00826,91,111,chemotherapy,first_line,5,0.84
P00826,107,122,chemotherapy,first_line,6,0.85
P00826,129,145,chemotherapy,first_line,7,0.88
P00826,158,172,chemotherapy,first_line,8,0.88
P00826,173,180,chemotherapy,first_line,9,0.96
P00827,6,24,immunotherapy,first_line,1,0.89
P00827,30,45,immunotherapy,first_line,2,0.83
P00827,47,62,immunotherapy,first_line,3,0.85
P00827,75,86,immunotherapy,first_line,4,0.9
P00827,90,110,immunotherapy,first_line,5,0.83
P00827,107,124,immunotherapy,first_line,6,0.92
P00827,128,148,immunotherapy,first_line,7,0.91
P00827,154,171,immunotherapy,first_line,8,0.94
P00827,173,186,immunotherapy,first_line,9,0.99
P00829,4,25,chemotherapy,first_line,1,0.82
P00829,23,38,chemotherapy,first_line,2,0.99
P00829,52,69,chemotherapy,first_line,3,0.88
P00829,75,90,chemotherapy,first_line,4,0.8
P00829,89,108,chemotherapy,first_line,5,0.89
P00829,117,126,chemotherapy,first_line,6,0.81
P00829,137,151,chemotherapy,first_line,7,0.91
P00829,149,170,chemotherapy,first_line,8,0.87
P00830,12,23,immunotherapy,first_line,1,0.89
P00830,22,44,immunotherapy,first_line,2,0.92
P00830,55,62,immunotherapy,first_line,3,0.97
P00830,81,88,immunotherapy,first_line,4,0.93
P00830,85,108,immunotherapy,first_line,5,0.89
P00830,108,121,immunotherapy,first_line,6,0.96
P00830,127,152,immunotherapy,first_line,7,0.98
P00830,147,170,immunotherapy,first_line,8,0.82
P00830,171,178,immunotherapy,first_line,9,0.91
P00831,1,20,combination_therapy,first_line,1,0.86
P00831,21,47,combination_therapy,first_line,2,0.81
P00831,45,59,combination_therapy,first_line,3,0.93
P00831,67,89,combination_therapy,first_line,4,0.97
P00831,90,110,combination_therapy,first_line,5,0.83
P00831,106,130,combination_therapy,first_line,6,0.96
P00831,130,151,combination_therapy,first_line,7,0.97
P00831,149,172,combination_therapy,first_line,8,0.98
P00832,2,27,targeted_therapy,first_line,1,0.85
P00832,26,35,targeted_therapy,first_line,2,0.98
P00832,43,65,targeted_therapy,first_line,3,0.86
P00832,64,89,targeted_therapy,first_line,4,0.91
P00832,89,102,targeted_therapy,first_line,5,0.81
P00832,110,127,targeted_therapy,first_line,6,0.81
P00832,130,153,targeted_therapy,first_line,7,0.94
P00832,161,169,targeted_therapy,first_line,8,0.89
P00832,170,185,targeted_therapy,first_line,9,0.85
P00833,5,25,immunotherapy,first_line,1,0.84
P00833,34,44,immunotherapy,first_line,2,0.93
P00833,46,61,immunotherapy,first_line,3,0.8
P00833,65,86,immunotherapy,first_line,4,0.96
P00833,85,111,immunotherapy,first_line,5,0.82
P00833,110,120,immunotherapy,first_line,6,0.84
P00833,127,144,immunotherapy,first_line,7,0.88
P00833,151,166,immunotherapy,first_line,8,0.9
P00833,175,185,immunotherapy,first_line,9,0.87
P00834,1,18,combination_therapy,first_line,1,0.86
P00834,39,46,combination_therapy,first_line,2,0.99
P00834,55,69,combination_therapy,first_line,3,0.93
P00834,69,89,combination_therapy,first_line,4,0.8
P00834,101,108,combination_therapy,first_line,5,0.89
P00834,108,130,combination_therapy,first_line,6,0.98
P00834,126,133,combination_therapy,first_line,7,0.86
P00834,150,159,combination_therapy,first_line,8,0.82
P00834,171,178,combination_therapy,first_line,9,0.95
P00835,6,25,combination_therapy,first_line,1,0.92
P00835,21,45,combination_therapy,first_line,2,0.91
P00835,42,62,combination_therapy,first_line,3,0.81
P00835,63,81,combination_therapy,first_line,4,0.83
P00835,93,109,combination_therapy,first_line,5,0.92
P00835,107,130,combination_therapy,first_line,6,0.84
P00835,127,153,combination_therapy,first_line,7,0.9
P00835,148,173,combination_therapy,first_line,8,0.91
P00835,172,179,combination_therapy,first_line,9,0.86
P00836,10,23,immunotherapy,first_line,1,0.99
P00836,26,48,immunotherapy,first_line,2,0.97
P00836,43,50,immunotherapy,first_line,3,0.94
P00836,65,89,immunotherapy,first_line,4,0.82
P00836,94,101,immunotherapy,first_line,5,0.82
P00836,107,129,immunotherapy,first_line,6,0.9
P00836,131,147,immunotherapy,first_line,7,0.83
P00836,150,170,immunotherapy,first_line,8,1.0
P00836,174,181,immunotherapy,first_line,9,0.83
P00837,6,22,combination_therapy,first_line,1,0.9
P00837,22,44,combination_therapy,first_line,2,0.87
P00837,49,66,combination_therapy,first_line,3,0.93
P00837,63,78,combination_therapy,first_line,4,0.83
P00837,94,104,combination_therapy,first_line,5,0.89
P00837,109,128,combination_therapy,first_line,6,0.85
P00837,131,149,combination_therapy,first_line,7,0.98
P00837,147,167,combination_therapy,first_line,8,0.81
P00837,173,185,combination_therapy,first_line,9,0.98
P00838,3,25,immunotherapy,first_line,1,0.97
P00838,32,46,immunotherapy,first_line,2,0.86
P00838,42,67,immunotherapy,first_line,3,0.96
P00838,66,90,immunotherapy,first_line,4,0.81
P00838,92,108,immunotherapy,first_line,5,0.99
P00838,105,131,immunotherapy,first_line,6,0.91
P00838,126,148,immunotherapy,first_line,7,0.86
P00838,156,168,immunotherapy,first_line,8,0.87
P00838,169,186,immunotherapy,first_line,9,0.81
P00839,0,22,combination_therapy,first_line,1,1.0
P00839,21,29,combination_therapy,first_line,2,0.81
P00839,43,65,combination_therapy,first_line,3,0.93
P00839,67,88,combination_therapy,first_line,4,0.89
P00839,91,109,combination_therapy,first_line,5,0.99
P00839,107,129,combination_therapy,first_line,6,0.85
P00839,128,148,combination_therapy,first_line,7,0.91
P00839,155,170,combination_therapy,first_line,8,0.9
P00839,170,184,combination_therapy,first_line,9,0.94
P00840,4,16,immunotherapy,first_line,1,0.81
P00840,24,48,immunotherapy,first_line,2,0.84
P00840,64,86,immunotherapy,first_line,4,0.84
P00840,85,111,immunotherapy,first_line,5,0.95
P00840,105,124,immunotherapy,first_line,6,0.84
P00840,136,150,immunotherapy,first_line,7,0.91
P00840,152,173,immunotherapy,first_line,8,0.84
P00840,168,186,immunotherapy,first_line,9,0.97
P00841,3,26,targeted_therapy,first_line,1,0.99
P00841,24,41,targeted_therapy,first_line,2,0.9
P00841,42,68,targeted_therapy,first_line,3,0.87
P00841,65,83,targeted_therapy,first_line,4,0.85
P00841,88,104,targeted_therapy,first_line,5,0.81
P00841,108,131,targeted_therapy,first_line,6,0.85
P00841,128,140,targeted_therapy,first_line,7,0.93
P00841,152,174,targeted_therapy,first_line,8,0.91
P00841,177,184,targeted_therapy,first_line,9,0.99
P00842,5,21,targeted_therapy,first_line,1,0.88
P00842,24,41,targeted_therapy,first_line,2,0.94
P00842,45,66,targeted_therapy,first_line,3,0.9
P00842,64,90,targeted_therapy,first_line,4,0.9
P00842,84,109,targeted_therapy,first_line,5,0.85
P00842,109,122,targeted_therapy,first_line,6,0.89
P00842,126,146,targeted_therapy,first_line,7,0.89
P00842,147,161,targeted_therapy,first_line,8,0.94
P00842,168,184,targeted_therapy,first_line,9,0.99
P00843,9,20,immunotherapy,first_line,1,0.87
P00843,27,39,immunotherapy,first_line,2,0.81
P00843,53,67,immunotherapy,first_line,3,0.9
P00843,67,84,immunotherapy,first_line,4,0.91
P00843,87,109,immunotherapy,first_line,5,0.83
P00843,108,127,immunotherapy,first_line,6,0.95
P00843,139,148,immunotherapy,first_line,7,1.0
P00843,150,160,immunotherapy,first_line,8,0.99
P00843,170,177,immunotherapy,first_line,9,0.84
P00844,0,26,chemotherapy,first_line,1,0.98
P00844,33,47,chemotherapy,first_line,2,0.94
P00844,48,68,chemotherapy,first_line,3,0.89
P00844,65,89,chemotherapy,first_line,4,0.91
P00844,98,105,chemotherapy,first_line,5,0.97
P00844,110,131,chemotherapy,first_line,6,0.9
P00844,130,150,chemotherapy,first_line,7,0.87
P00844,147,161,chemotherapy,first_line,8,0.9
P00844,176,183,chemotherapy,first_line,9,0.92
P00845,16,25,immunotherapy,first_line,1,0.84
P00845,22,45,immunotherapy,first_line,2,0.98
P00845,55,67,immunotherapy,first_line,3,0.93
P00845,63,79,immunotherapy,first_line,4,0.93
P00845,85,92,immunotherapy,first_line,5,0.82
P00845,108,132,immunotherapy,first_line,6,0.92
P00845,126,151,immunotherapy,first_line,7,0.82
P00845,157,170,immunotherapy,first_line,8,0.82
P00845,168,181,immunotherapy,first_line,9,0.91
P00846,3,27,combination_therapy,first_line,1,0.88
P00846,47,66,combination_therapy,first_line,3,0.92
P00846,80,90,combination_therapy,first_line,4,0.82
P00846,101,109,combination_therapy,first_line,5,0.89
P00846,105,132,combination_therapy,first_line,6,0.83
P00846,134,146,combination_therapy,first_line,7,1.0
P00846,150,173,combination_therapy,first_line,8,0.91
P00846,169,184,combination_therapy,first_line,9,0.94
P00847,2,27,targeted_therapy,first_line,1,0.87
P00847,28,42,targeted_therapy,first_line,2,0.82
P00847,52,66,targeted_therapy,first_line,3,1.0
P00847,65,72,targeted_therapy,first_line,4,0.86
P00847,84,109,targeted_therapy,first_line,5,0.88
P00847,115,126,targeted_therapy,first_line,6,0.93
P00847,127,134,targeted_therapy,first_line,7,0.8
P00847,148,174,targeted_therapy,first_line,8,0.96
P00847,170,182,targeted_therapy,first_line,9,0.91
P00848,3,21,immunotherapy,first_line,1,0.86
P00848,31,38,immunotherapy,first_line,2,0.81
P00848,47,66,immunotherapy,first_line,3,0.83
P00848,64,88,immunotherapy,first_line,4,0.98
P00848,90,108,immunotherapy,first_line,5,0.94
P00848,112,130,immunotherapy,first_line,6,0.85
P00848,133,146,immunotherapy,first_line,7,0.81
P00848,148,171,immunotherapy,first_line,8,0.94
P00848,170,183,immunotherapy,first_line,9,0.91
P00849,18,27,targeted_therapy,first_line,1,0.88
P00849,24,42,targeted_therapy,first_line,2,0.87
P00849,43,64,targeted_therapy,first_line,3,0.84
P00849,64,88,targeted_therapy,first_line,4,0.93
P00849,89,106,targeted_therapy,first_line,5,0.99
P00849,108,125,targeted_therapy,first_line,6,0.84
P00849,126,148,targeted_therapy,first_line,7,0.92
P00849,148,173,targeted_therapy,first_line,8,0.88
P00850,0,21,targeted_therapy,first_line,1,0.89
P00850,39,47,targeted_therapy,first_line,2,0.85
P00850,48,57,targeted_therapy,first_line,3,0.97
P00850,66,77,targeted_therapy,first_line,4,0.9
P00850,86,110,targeted_therapy,first_line,5,0.91
P00850,106,130,targeted_therapy,first_line,6,0.86
P00850,134,152,targeted_therapy,first_line,7,0.84
P00850,152,166,targeted_therapy,first_line,8,0.82
P00850,173,182,targeted_therapy,first_line,9,0.94
P00851,1,23,immunotherapy,first_line,1,0.84
P00851,21,34,immunotherapy,first_line,2,0.94
P00851,43,69,immunotherapy,first_line,3,0.88
P00851,69,83,immunotherapy,first_line,4,0.88
P00851,93,100,immunotherapy,first_line,5,0.89
P00851,107,131,immunotherapy,first_line,6,0.87
P00851,127,152,immunotherapy,first_line,7,0.82
P00851,148,161,immunotherapy,first_line,8,0.86
P00851,169,184,immunotherapy,first_line,9,0.93
P00852,12,23,immunotherapy,first_line,1,0.93
P00852,25,41,immunotherapy,first_line,2,0.86
P00852,46,65,immunotherapy,first_line,3,0.89
P00852,63,85,immunotherapy,first_line,4,0.84
P00852,87,102,immunotherapy,first_line,5,0.84
P00852,109,130,immunotherapy,first_line,6,0.8
P00852,138,151,immunotherapy,first_line,7,0.98
P00852,162,173,immunotherapy,first_line,8,0.84
P00852,169,186,immunotherapy,first_line,9,0.85
P00853,1,11,combination_therapy,first_line,1,0.86
P00853,24,48,combination_therapy,first_line,2,0.83
P00853,48,68,combination_therapy,first_line,3,0.93
P00853,64,87,combination_therapy,first_line,4,0.82
P00853,104,111,combination_therapy,first_line,5,0.83
P00853,114,123,combination_therapy,first_line,6,0.93
P00853,126,148,combination_therapy,first_line,7,0.87
P00853,148,167,combination_therapy,first_line,8,0.94
P00853,168,186,combination_therapy,first_line,9,0.91
P00854,4,11,targeted_therapy,first_line,1,0.85
P00854,21,34,targeted_therapy,first_line,2,0.93
P00854,46,63,targeted_therapy,first_line,3,0.82
P00854,67,76,targeted_therapy,first_line,4,0.91
P00854,91,98,targeted_therapy,first_line,5,0.89
P00854,107,131,targeted_therapy,first_line,6,0.85
P00854,127,146,targeted_therapy,first_line,7,0.92
P00854,150,170,targeted_therapy,first_line,8,0.97
P00854,174,186,targeted_therapy,first_line,9,1.0
P00855,0,19,targeted_therapy,first_line,1,0.92
P00855,28,46,targeted_therapy,first_line,2,0.88
P00855,47,68,targeted_therapy,first_line,3,0.85
P00855,67,90,targeted_therapy,first_line,4,0.85
P00855,91,104,targeted_therapy,first_line,5,0.9
P00855,126,153,targeted_therapy,first_line,7,0.87
P00855,152,159,targeted_therapy,first_line,8,0.98
P00855,169,186,targeted_therapy,first_line,9,0.87
P00856,3,24,chemotherapy,first_line,1,0.87
P00856,27,44,chemotherapy,first_line,2,0.88
P00856,42,63,chemotherapy,first_line,3,0.97
P00856,65,90,chemotherapy,first_line,4,0.93
P00856,85,110,chemotherapy,first_line,5,0.92
P00856,136,153,chemotherapy,first_line,7,0.87
P00856,150,167,chemotherapy,first_line,8,0.96
P00857,5,27,combination_therapy,first_line,1,0.81
P00857,29,47,combination_therapy,first_line,2,0.97
P00857,43,67,combination_therapy,first_line,3,0.9
P00857,66,89,combination_therapy,first_line,4,0.88
P00857,92,99,combination_therapy,first_line,5,0.9
P00857,106,128,combination_therapy,first_line,6,0.93
P00857,127,137,combination_therapy,first_line,7,0.8
P00857,151,173,combination_therapy,first_line,8,0.97
P00857,172,179,combination_therapy,first_line,9,0.89
P00858,1,16,immunotherapy,first_line,1,0.87
P00858,29,40,immunotherapy,first_line,2,0.83
P00858,45,59,immunotherapy,first_line,3,0.89
P00858,71,88,immunotherapy,first_line,4,0.9
P00858,86,108,immunotherapy,first_line,5,0.88
P00858,108,129,immunotherapy,first_line,6,0.94
P00858,132,149,immunotherapy,first_line,7,0.88
P00858,164,172,immunotherapy,first_line,8,0.99
P00858,170,182,immunotherapy,first_line,9,0.92
P00859,5,12,targeted_therapy,first_line,1,0.96
P00859,23,45,targeted_therapy,first_line,2,0.82
P00859,44,69,targeted_therapy,first_line,3,0.88
P00859,77,89,targeted_therapy,first_line,4,0.87
P00859,85,111,targeted_therapy,first_line,5,0.91
P00859,105,129,targeted_therapy,first_line,6,0.97
P00859,127,149,targeted_therapy,first_line,7,0.82
P00859,148,173,targeted_therapy,first_line,8,0.81
P00859,168,181,targeted_therapy,first_line,9,0.97
P00860,1,15,targeted_therapy,first_line,1,0.84
P00860,23,46,targeted_therapy,first_line,2,0.93
P00860,51,68,targeted_therapy,first_line,3,0.91
P00860,96,104,targeted_therapy,first_line,5,0.97
P00860,121,128,targeted_therapy,first_line,6,0.83
P00860,131,148,targeted_therapy,first_line,7,0.83
P00860,159,171,targeted_therapy,first_line,8,0.91
P00860,168,185,targeted_therapy,first_line,9,0.99
P00861,5,19,combination_therapy,first_line,1,0.88
P00861,28,41,combination_therapy,first_line,2,0.87
P00861,43,65,combination_therapy,first_line,3,0.92
P00861,66,87,combination_therapy,first_line,4,0.99
P00861,84,106,combination_therapy,first_line,5,0.97
P00861,105,126,combination_therapy,first_line,6,1.0
P00861,127,142,combination_therapy,first_line,7,0.8
P00861,166,173,combination_therapy,first_line,8,0.82
P00861,172,179,combination_therapy,first_line,9,0.92
P00862,3,23,chemotherapy,first_line,1,0.96
P00862,26,41,chemotherapy,first_line,2,0.86
P00862,42,67,chemotherapy,first_line,3,0.85
P00862,71,79,chemotherapy,first_line,4,0.96
P00862,87,110,chemotherapy,first_line,5,0.81
P00862,116,123,chemotherapy,first_line,6,0.87
P00862,134,147,chemotherapy,first_line,7,0.9
P00862,158,165,chemotherapy,first_line,8,0.91
P00862,174,182,chemotherapy,first_line,9,0.95
P00863,1,20,targeted_therapy,first_line,1,0.87
P00863,24,45,targeted_therapy,first_line,2,0.92
P00863,51,65,targeted_therapy,first_line,3,0.92
P00863,71,78,targeted_therapy,first_line,4,0.91
P00863,84,103,targeted_therapy,first_line,5,0.93
P00863,106,122,targeted_therapy,first_line,6,0.85
P00863,133,150,targeted_therapy,first_line,7,0.82
P00863,159,170,targeted_therapy,first_line,8,0.82
P00863,172,181,targeted_therapy,first_line,9,0.84
P00864,8,24,targeted_therapy,first_line,1,0.9
P00864,23,45,targeted_therapy,first_line,2,0.97
P00864,51,58,targeted_therapy,first_line,3,0.94
P00864,63,87,targeted_therapy,first_line,4,0.96
P00864,85,97,targeted_therapy,first_line,5,0.87
P00864,112,130,targeted_therapy,first_line,6,0.88
P00864,129,149,targeted_therapy,first_line,7,0.88
P00864,147,172,targeted_therapy,first_line,8,0.84
P00864,170,186,targeted_therapy,first_line,9,0.81
P00865,1,18,immunotherapy,first_line,1,0.92
P00865,31,46,immunotherapy,first_line,2,1.0
P00865,44,66,immunotherapy,first_line,3,0.83
P00865,68,75,immunotherapy,first_line,4,0.81
P00865,88,104,immunotherapy,first_line,5,0.96
P00865,105,128,immunotherapy,first_line,6,0.85
P00865,167,174,immunotherapy,first_line,8,0.97
P00865,169,184,immunotherapy,first_line,9,0.94
P00866,0,25,immunotherapy,first_line,1,0.99
P00866,32,39,immunotherapy,first_line,2,0.88
P00866,50,57,immunotherapy,first_line,3,0.93
P00866,78,85,immunotherapy,first_line,4,0.89
P00866,90,110,immunotherapy,first_line,5,0.93
P00866,105,127,immunotherapy,first_line,6,0.89
P00866,127,151,immunotherapy,first_line,7,0.84
P00866,149,173,immunotherapy,first_line,8,0.9
P00866,175,185,immunotherapy,first_line,9,0.91
P00867,2,9,combination_therapy,first_line,1,0.96
P00867,28,47,combination_therapy,first_line,2,0.95
P00867,43,63,combination_therapy,first_line,3,0.93
P00867,64,84,combination_therapy,first_line,4,0.82
P00867,84,110,combination_therapy,first_line,5,0.94
P00867,112,129,combination_therapy,first_line,6,0.9
P00867,126,133,combination_therapy,first_line,7,0.98
P00867,157,172,combination_therapy,first_line,8,0.98
P00867,174,185,combination_therapy,first_line,9,0.81
P00868,7,19,immunotherapy,first_line,1,0.96
P00868,25,47,immunotherapy,first_line,2,0.81
P00868,45,60,immunotherapy,first_line,3,0.87
P00868,63,82,immunotherapy,first_line,4,0.91
P00868,87,110,immunotherapy,first_line,5,0.83
P00868,125,132,immunotherapy,first_line,6,0.95
P00868,136,152,immunotherapy,first_line,7,0.8
P00868,147,174,immunotherapy,first_line,8,0.83
P00869,0,19,chemotherapy,first_line,1,0.92
P00869,26,35,chemotherapy,first_line,2,0.94
P00869,43,64,chemotherapy,first_line,3,0.98
P00869,65,73,chemotherapy,first_line,4,0.94
P00869,84,111,chemotherapy,first_line,5,0.93
P00869,105,123,chemotherapy,first_line,6,0.88
P00869,143,152,chemotherapy,first_line,7,0.8
P00869,149,172,chemotherapy,first_line,8,0.82
P00869,172,185,chemotherapy,first_line,9,0.91
P00870,2,21,chemotherapy,first_line,1,0.94
P00870,22,48,chemotherapy,first_line,2,0.88
P00870,43,69,chemotherapy,first_line,3,0.95
P00870,71,87,chemotherapy,first_line,4,0.9
P00870,85,111,chemotherapy,first_line,5,0.81
P00870,143,152,chemotherapy,first_line,7,0.84
P00870,166,174,chemotherapy,first_line,8,0.97
P00870,179,186,chemotherapy,first_line,9,0.94
P00871,3,27,immunotherapy,first_line,1,0.98
P00871,24,35,immunotherapy,first_line,2,0.82
P00871,44,66,immunotherapy,first_line,3,1.0
P00871,81,88,immunotherapy,first_line,4,0.84
P00871,84,110,immunotherapy,first_line,5,0.8
P00871,108,127,immunotherapy,first_line,6,1.0
P00871,128,149,immunotherapy,first_line,7,0.86
P00871,148,174,immunotherapy,first_line,8,0.93
P00871,169,183,immunotherapy,first_line,9,0.84
P00872,8,22,targeted_therapy,first_line,1,0.92
P00872,27,46,targeted_therapy,first_line,2,0.98
P00872,42,65,targeted_therapy,first_line,3,0.86
P00872,74,88,targeted_therapy,first_line,4,0.93
P00872,98,109,targeted_therapy,first_line,5,0.84
P00872,128,148,targeted_therapy,first_line,7,0.92
P00872,150,165,targeted_therapy,first_line,8,0.87
P00872,168,186,targeted_therapy,first_line,9,0.84
P00873,4,26,targeted_therapy,first_line,1,0.86
P00873,28,44,targeted_therapy,first_line,2,0.84
P00873,42,64,targeted_therapy,first_line,3,0.98
P00873,68,84,targeted_therapy,first_line,4,0.88
P00873,90,101,targeted_therapy,first_line,5,0.85
P00873,112,132,targeted_therapy,first_line,6,0.89
P00873,131,144,targeted_therapy,first_line,7,0.86
P00873,150,167,targeted_therapy,first_line,8,0.95
P00873,168,186,targeted_therapy,first_line,9,0.99
P00874,8,26,chemotherapy,first_line,1,0.89
P00874,25,48,chemotherapy,first_line,2,0.97
P00874,43,69,chemotherapy,first_line,3,0.91
P00874,71,83,chemotherapy,first_line,4,0.83
P00874,91,107,chemotherapy,first_line,5,0.94
P00874,105,129,chemotherapy,first_line,6,0.9
P00874,127,140,chemotherapy,first_line,7,0.93
P00874,147,174,chemotherapy,first_line,8,0.98
P00874,170,186,chemotherapy,first_line,9,0.89
P00875,0,27,chemotherapy,first_line,1,0.98
P00875,21,48,chemotherapy,first_line,2,0.95
P00875,53,67,chemotherapy,first_line,3,0.9
P00875,67,84,chemotherapy,first_line,4,0.92
P00875,86,107,chemotherapy,first_line,5,0.87
P00875,112,128,chemotherapy,first_line,6,1.0
P00875,132,152,chemotherapy,first_line,7,0.93
P00875,149,169,chemotherapy,first_line,8,0.81
P00875,169,180,chemotherapy,first_line,9,0.87
P00876,0,25,chemotherapy,first_line,1,0.92
P00876,23,39,chemotherapy,first_line,2,0.81
P00876,46,65,chemotherapy,first_line,3,0.8
P00876,68,86,chemotherapy,first_line,4,0.89
P00876,85,111,chemotherapy,first_line,5,0.87
P00876,127,140,chemotherapy,first_line,7,0.89
P00876,149,165,chemotherapy,first_line,8,0.85
P00876,168,186,chemotherapy,first_line,9,0.83
P00878,12,19,targeted_therapy,first_line,1,0.81
P00878,26,47,targeted_therapy,first_line,2,0.96
P00878,44,66,targeted_therapy,first_line,3,0.95
P00878,66,88,targeted_therapy,first_line,4,0.95
P00878,109,128,targeted_therapy,first_line,6,0.94
P00878,129,137,targeted_therapy,first_line,7,0.93
P00878,147,170,targeted_therapy,first_line,8,0.9
P00878,170,185,targeted_therapy,first_line,9,0.93
P00879,12,24,combination_therapy,first_line,1,0.81
P00879,23,46,combination_therapy,first_line,2,0.92
P00879,42,63,combination_therapy,first_line,3,0.96
P00879,65,82,combination_therapy,first_line,4,0.9
P00879,87,108,combination_therapy,first_line,5,0.87
P00879,108,123,combination_therapy,first_line,6,0.86
P00879,147,173,combination_therapy,first_line,8,0.93
P00879,170,182,combination_therapy,first_line,9,0.94
P00880,2,27,immunotherapy,first_line,1,0.97
P00880,22,48,immunotherapy,first_line,2,0.87
P00880,42,68,immunotherapy,first_line,3,0.95
P00880,64,90,immunotherapy,first_line,4,0.91
P00880,87,94,immunotherapy,first_line,5,0.98
P00880,115,131,immunotherapy,first_line,6,0.91
P00880,143,150,immunotherapy,first_line,7,0.9
P00880,149,165,immunotherapy,first_line,8,0.92
P00880,179,186,immunotherapy,first_line,9,0.95
P00881,3,26,targeted_therapy,first_line,1,0.99
P00881,23,46,targeted_therapy,first_line,2,0.81
P00881,55,62,targeted_therapy,first_line,3,0.81
P00881,69,84,targeted_therapy,first_line,4,0.99
P00881,87,109,targeted_therapy,first_line,5,0.91
P00881,107,131,targeted_therapy,first_line,6,0.92
P00881,130,152,targeted_therapy,first_line,7,0.9
P00881,155,162,targeted_therapy,first_line,8,0.82
P00881,168,181,targeted_therapy,first_line,9,0.95
P00882,2,16,combination_therapy,first_line,1,0.95
P00882,26,48,combination_therapy,first_line,2,0.86
P00882,52,69,combination_therapy,first_line,3,0.86
P00882,64,71,combination_therapy,first_line,4,0.97
P00882,86,103,combination_therapy,first_line,5,0.81
P00882,109,132,combination_therapy,first_line,6,0.98
P00882,134,144,combination_therapy,first_line,7,0.85
P00882,148,171,combination_therapy,first_line,8,0.92
P00882,170,177,combination_therapy,first_line,9,0.99
P00883,2,23,combination_therapy,first_line,1,0.94
P00883,24,46,combination_therapy,first_line,2,0.88
P00883,47,61,combination_therapy,first_line,3,0.94
P00883,74,87,combination_therapy,first_line,4,0.87
P00883,91,111,combination_therapy,first_line,5,0.86
P00883,125,132,combination_therapy,first_line,6,1.0
P00883,127,151,combination_therapy,first_line,7,0.95
P00883,152,170,combination_therapy,first_line,8,0.93
P00883,169,183,combination_therapy,first_line,9,0.87
P00884,2,22,targeted_therapy,first_line,1,0.81
P00884,25,43,targeted_therapy,first_line,2,0.81
P00884,49,67,targeted_therapy,first_line,3,0.91
P00884,63,88,targeted_therapy,first_line,4,0.95
P00884,87,110,targeted_therapy,first_line,5,0.91
P00884,109,132,targeted_therapy,first_line,6,0.97
P00884,126,149,targeted_therapy,first_line,7,0.81
P00884,149,163,targeted_therapy,first_line,8,0.87
P00884,168,177,targeted_therapy,first_line,9,0.85
P00885,0,26,combination_therapy,first_line,1,0.89
P00885,29,40,combination_therapy,first_line,2,0.81
P00885,55,62,combination_therapy,first_line,3,0.99
P00885,65,82,combination_therapy,first_line,4,0.84
P00885,96,103,combination_therapy,first_line,5,0.98
P00885,107,132,combination_therapy,first_line,6,0.89
P00885,130,152,combination_therapy,first_line,7,1.0
P00885,153,169,combination_therapy,first_line,8,0.91
P00885,179,186,combination_therapy,first_line,9,0.99
P00886,5,20,targeted_therapy,first_line,1,0.8
P00886,29,46,targeted_therapy,first_line,2,0.95
P00886,42,68,targeted_therapy,first_line,3,0.98
P00886,63,85,targeted_therapy,first_line,4,0.83
P00886,89,110,targeted_therapy,first_line,5,0.82
P00886,116,131,targeted_therapy,first_line,6,0.88
P00886,143,152,targeted_therapy,first_line,7,0.99
P00886,151,160,targeted_therapy,first_line,8,0.91
P00886,176,183,targeted_therapy,first_line,9,0.91
P00887,5,26,combination_therapy,first_line,1,0.83
P00887,21,48,combination_therapy,first_line,2,0.8
P00887,45,66,combination_therapy,first_line,3,0.96
P00887,63,84,combination_therapy,first_line,4,0.82
P00887,86,107,combination_therapy,first_line,5,0.93
P00887,107,129,combination_therapy,first_line,6,0.98
P00887,133,149,combination_therapy,first_line,7,0.84
P00887,150,170,combination_therapy,first_line,8,0.93
P00887,172,181,combination_therapy,first_line,9,0.82
P00888,4,17,immunotherapy,first_line,1,0.92
P00888,27,34,immunotherapy,first_line,2,0.83
P00888,43,68,immunotherapy,first_line,3,0.95
P00888,63,90,immunotherapy,first_line,4,0.86
P00888,92,110,immunotherapy,first_line,5,0.89
P00888,110,123,immunotherapy,first_line,6,0.92
P00888,128,138,immunotherapy,first_line,7,0.83
P00888,165,174,immunotherapy,first_line,8,0.95
P00888,168,182,immunotherapy,first_line,9,0.86
P00889,5,22,chemotherapy,first_line,1,0.93
P00889,21,47,chemotherapy,first_line,2,0.83
P00889,46,58,chemotherapy,first_line,3,0.94
P00889,76,89,chemotherapy,first_line,4,0.83
P00889,87,111,chemotherapy,first_line,5,0.89
P00889,105,124,chemotherapy,first_line,6,0.85
P00889,159,169,chemotherapy,first_line,8,0.95
P00889,171,178,chemotherapy,first_line,9,0.85
P00890,1,23,combination_therapy,first_line,1,0.98
P00890,22,44,combination_therapy,first_line,2,0.98
P00890,48,63,combination_therapy,first_line,3,0.84
P00890,76,90,combination_therapy,first_line,4,0.92
P00890,87,110,combination_therapy,first_line,5,0.82
P00890,106,113,combination_therapy,first_line,6,0.88
P00890,127,151,combination_therapy,first_line,7,0.94
P00890,148,169,combination_therapy,first_line,8,0.93
P00890,172,185,combination_therapy,first_line,9,0.92
P00891,0,18,immunotherapy,first_line,1,0.86
P00891,29,45,immunotherapy,first_line,2,0.88
P00891,54,68,immunotherapy,first_line,3,0.82
P00891,71,90,immunotherapy,first_line,4,0.94
P00891,84,91,immunotherapy,first_line,5,0.9
P00891,109,132,immunotherapy,first_line,6,0.94
P00891,128,149,immunotherapy,first_line,7,0.85
P00891,148,172,immunotherapy,first_line,8,0.86
P00891,173,186,immunotherapy,first_line,9,0.87
P00892,10,26,combination_therapy,first_line,1,0.81
P00892,24,48,combination_therapy,first_line,2,0.87
P00892,42,68,combination_therapy,first_line,3,0.96
P00892,68,85,combination_therapy,first_line,4,0.98
P00892,84,107,combination_therapy,first_line,5,0.9
P00892,122,129,combination_therapy,first_line,6,0.89
P00892,129,153,combination_therapy,first_line,7,0.81
P00892,157,164,combination_therapy,first_line,8,0.98
P00892,172,181,combination_therapy,first_line,9,0.8
P00893,2,24,combination_therapy,first_line,1,0.99
P00893,22,48,combination_therapy,first_line,2,0.9
P00893,43,65,combination_therapy,first_line,3,0.87
P00893,68,75,combination_therapy,first_line,4,0.98
P00893,91,110,combination_therapy,first_line,5,0.8
P00893,118,125,combination_therapy,first_line,6,0.92
P00893,126,153,combination_therapy,first_line,7,0.91
P00893,157,164,combination_therapy,first_line,8,0.84
P00893,168,175,combination_therapy,first_line,9,0.89
P00894,36,47,combination_therapy,first_line,2,0.93
P00894,47,57,combination_therapy,first_line,3,0.95
P00894,65,89,combination_therapy,first_line,4,0.8
P00894,93,109,combination_therapy,first_line,5,0.99
P00894,110,130,combination_therapy,first_line,6,0.83
P00894,128,151,combination_therapy,first_line,7,0.85
P00894,150,169,combination_therapy,first_line,8,0.85
P00894,172,184,combination_therapy,first_line,9,0.81
P00895,8,23,combination_therapy,first_line,1,0.82
P00895,24,46,combination_therapy,first_line,2,1.0
P00895,45,68,combination_therapy,first_line,3,0.86
P00895,73,86,combination_therapy,first_line,4,0.82
P00895,86,109,combination_therapy,first_line,5,0.82
P00895,105,131,combination_therapy,first_line,6,0.94
P00895,126,152,combination_therapy,first_line,7,0.97
P00895,158,166,combination_therapy,first_line,8,0.85
P00895,171,186,combination_therapy,first_line,9,0.8
P00896,5,21,immunotherapy,first_line,1,0.84
P00896,28,48,immunotherapy,first_line,2,0.81
P00896,51,68,immunotherapy,first_line,3,0.82
P00896,71,78,immunotherapy,first_line,4,0.89
P00896,86,93,immunotherapy,first_line,5,0.85
P00896,111,126,immunotherapy,first_line,6,0.9
P00896,129,153,immunotherapy,first_line,7,0.85
P00896,149,172,immunotherapy,first_line,8,0.99
P00896,172,184,immunotherapy,first_line,9,0.98
P00897,0,27,chemotherapy,first_line,1,0.91
P00897,26,42,chemotherapy,first_line,2,0.87
P00897,48,68,chemotherapy,first_line,3,0.88
P00897,81,88,chemotherapy,first_line,4,0.88
P00897,92,106,chemotherapy,first_line,5,0.95
P00897,116,131,chemotherapy,first_line,6,0.89
P00897,128,152,chemotherapy,first_line,7,0.97
P00897,154,174,chemotherapy,first_line,8,0.99
P00897,175,183,chemotherapy,first_line,9,0.87
P00898,19,27,combination_therapy,first_line,1,0.91
P00898,32,48,combination_therapy,first_line,2,0.82
P00898,46,66,combination_therapy,first_line,3,0.84
P00898,66,88,combination_therapy,first_line,4,0.88
P00898,92,111,combination_therapy,first_line,5,0.84
P00898,105,130,combination_therapy,first_line,6,0.98
P00898,130,148,combination_therapy,first_line,7,0.83
P00898,151,173,combination_therapy,first_line,8,0.89
P00899,2,27,immunotherapy,first_line,1,0.92
P00899,24,31,immunotherapy,first_line,2,0.94
P00899,46,64,immunotherapy,first_line,3,0.88
P00899,64,81,immunotherapy,first_line,4,0.97
P00899,84,110,immunotherapy,first_line,5,0.91
P00899,122,131,immunotherapy,first_line,6,0.89
P00899,136,143,immunotherapy,first_line,7,0.81
P00899,150,166,immunotherapy,first_line,8,0.89
P00899,174,181,immunotherapy,first_line,9,0.96
P00900,3,26,combination_therapy,first_line,1,0.92
P00900,24,48,combination_therapy,first_line,2,0.97
P00900,44,59,combination_therapy,first_line,3,0.9
P00900,63,87,combination_therapy,first_line,4,0.82
P00900,85,96,combination_therapy,first_line,5,0.8
P00900,106,113,combination_therapy,first_line,6,0.86
P00900,133,152,combination_therapy,first_line,7,0.94
P00900,147,161,combination_therapy,first_line,8,0.96
P00900,170,185,combination_therapy,first_line,9,0.86
P00901,14,21,targeted_therapy,first_line,1,0.9
P00901,21,47,targeted_therapy,first_line,2,0.88
P00901,47,69,targeted_therapy,first_line,3,0.88
P00901,75,82,targeted_therapy,first_line,4,0.85
P00901,88,106,targeted_therapy,first_line,5,0.83
P00901,106,132,targeted_therapy,first_line,6,0.84
P00901,133,151,targeted_therapy,first_line,7,0.81
P00901,148,164,targeted_therapy,first_line,8,0.84
P00901,174,183,targeted_therapy,first_line,9,0.8
P00902,2,9,combination_therapy,first_line,1,0.93
P00902,21,44,combination_therapy,first_line,2,0.86
P00902,44,68,combination_therapy,first_line,3,0.99
P00902,63,87,combination_therapy,first_line,4,0.84
P00902,86,102,combination_therapy,first_line,5,0.87
P00902,107,129,combination_therapy,first_line,6,0.87
P00902,127,153,combination_therapy,first_line,7,0.8
P00902,153,170,combination_therapy,first_line,8,0.97
P00903,2,22,chemotherapy,first_line,1,0.81
P00903,34,48,chemotherapy,first_line,2,0.99
P00903,44,62,chemotherapy,first_line,3,0.98
P00903,64,85,chemotherapy,first_line,4,0.91
P00903,97,109,chemotherapy,first_line,5,0.91
P00903,116,130,chemotherapy,first_line,6,0.93
P00903,126,153,chemotherapy,first_line,7,0.88
P00903,147,163,chemotherapy,first_line,8,0.93
P00904,0,15,combination_therapy,first_line,1,0.81
P00904,21,47,combination_therapy,first_line,2,0.81
P00904,43,50,combination_therapy,first_line,3,0.89
P00904,67,82,combination_therapy,first_line,4,0.91
P00904,88,107,combination_therapy,first_line,5,0.98
P00904,109,116,combination_therapy,first_line,6,0.82
P00904,131,150,combination_therapy,first_line,7,0.96
P00904,152,166,combination_therapy,first_line,8,0.84
P00904,168,184,combination_therapy,first_line,9,0.88
P00905,2,23,chemotherapy,first_line,1,0.86
P00905,23,47,chemotherapy,first_line,2,0.88
P00905,49,68,chemotherapy,first_line,3,0.83
P00905,66,83,chemotherapy,first_line,4,0.9
P00905,85,101,chemotherapy,first_line,5,0.96
P00905,110,123,chemotherapy,first_line,6,0.89
P00905,133,153,chemotherapy,first_line,7,0.9
P00905,154,171,chemotherapy,first_line,8,0.97
P00905,175,185,chemotherapy,first_line,9,0.94
P00906,0,18,combination_therapy,first_line,1,0.9
P00906,22,39,combination_therapy,first_line,2,0.85
P00906,44,66,combination_therapy,first_line,3,0.98
P00906,75,87,combination_therapy,first_line,4,0.92
P00906,86,111,combination_therapy,first_line,5,0.84
P00906,109,120,combination_therapy,first_line,6,0.85
P00906,126,148,combination_therapy,first_line,7,0.96
P00906,147,155,combination_therapy,first_line,8,0.81
P00906,168,176,combination_therapy,first_line,9,1.0
P00907,2,19,immunotherapy,first_line,1,0.83
P00907,30,41,immunotherapy,first_line,2,0.96
P00907,45,63,immunotherapy,first_line,3,0.88
P00907,65,89,immunotherapy,first_line,4,0.9
P00907,104,111,immunotherapy,first_line,5,0.98
P00907,116,127,immunotherapy,first_line,6,0.88
P00907,127,140,immunotherapy,first_line,7,0.91
P00907,147,171,immunotherapy,first_line,8,0.81
P00907,171,183,immunotherapy,first_line,9,0.8
P00908,5,12,immunotherapy,first_line,1,0.85
P00908,22,32,immunotherapy,first_line,2,0.94
P00908,42,56,immunotherapy,first_line,3,0.82
P00908,64,82,immunotherapy,first_line,4,0.82
P00908,94,110,immunotherapy,first_line,5,0.88
P00908,105,124,immunotherapy,first_line,6,0.93
P00908,127,151,immunotherapy,first_line,7,0.94
P00908,149,162,immunotherapy,first_line,8,0.84
P00908,169,182,immunotherapy,first_line,9,0.82
P00909,0,20,combination_therapy,first_line,1,0.99
P00909,23,46,combination_therapy,first_line,2,0.85
P00909,48,62,combination_therapy,first_line,3,0.97
P00909,64,75,combination_therapy,first_line,4,0.97
P00909,89,102,combination_therapy,first_line,5,0.95
P00909,117,130,combination_therapy,first_line,6,0.83
P00909,129,153,combination_therapy,first_line,7,0.96
P00909,149,170,combination_therapy,first_line,8,0.95
P00910,13,25,immunotherapy,first_line,1,0.92
P00910,27,34,immunotherapy,first_line,2,0.87
P00910,44,63,immunotherapy,first_line,3,0.85
P00910,65,88,immunotherapy,first_line,4,0.82
P00910,88,111,immunotherapy,first_line,5,0.9
P00910,109,125,immunotherapy,first_line,6,0.92
P00910,143,150,immunotherapy,first_line,7,0.87
P00910,160,174,immunotherapy,first_line,8,0.9
P00910,179,186,immunotherapy,first_line,9,0.87
P00911,5,21,targeted_therapy,first_line,1,0.93
P00911,27,42,targeted_therapy,first_line,2,0.98
P00911,46,66,targeted_therapy,first_line,3,0.83
P00911,67,87,targeted_therapy,first_line,4,0.88
P00911,93,110,targeted_therapy,first_line,5,0.83
P00911,112,119,targeted_therapy,first_line,6,0.92
P00911,129,153,targeted_therapy,first_line,7,0.95
P00911,158,173,targeted_therapy,first_line,8,0.99
P00911,168,184,targeted_therapy,first_line,9,0.86
P00912,1,8,chemotherapy,first_line,1,0.99
P00912,31,41,chemotherapy,first_line,2,0.81
P00912,44,60,chemotherapy,first_line,3,0.92
P00912,63,80,chemotherapy,first_line,4,0.81
P00912,84,108,chemotherapy,first_line,5,0.98
P00912,105,128,chemotherapy,first_line,6,0.91
P00912,127,153,chemotherapy,first_line,7,0.93
P00912,148,173,chemotherapy,first_line,8,0.97
P00913,0,25,chemotherapy,first_line,1,0.83
P00913,27,48,chemotherapy,first_line,2,0.81
P00913,43,66,chemotherapy,first_line,3,0.98
P00913,66,73,chemotherapy,first_line,4,0.86
P00913,87,110,chemotherapy,first_line,5,0.83
P00913,105,130,chemotherapy,first_line,6,0.89
P00913,134,147,chemotherapy,first_line,7,0.92
P00913,152,163,chemotherapy,first_line,8,0.81
P00913,173,182,chemotherapy,first_line,9,0.85
P00914,2,23,immunotherapy,first_line,1,0.81
P00914,24,48,immunotherapy,first_line,2,0.88
P00914,53,60,immunotherapy,first_line,3,0.98
P00914,68,87,immunotherapy,first_line,4,1.0
P00914,87,110,immunotherapy,first_line,5,0.93
P00914,108,125,immunotherapy,first_line,6,0.83
P00914,131,147,immunotherapy,first_line,7,0.98
P00914,157,170,immunotherapy,first_line,8,0.9
P00914,177,185,immunotherapy,first_line,9,0.83
P00915,0,15,targeted_therapy,first_line,1,0.98
P00915,22,29,targeted_therapy,first_line,2,0.95
P00915,43,62,targeted_therapy,first_line,3,0.95
P00915,65,87,targeted_therapy,first_line,4,0.94
P00915,90,110,targeted_therapy,first_line,5,0.84
P00915,131,153,targeted_therapy,first_line,7,0.84
P00915,149,166,targeted_therapy,first_line,8,0.94
P00915,174,186,targeted_therapy,first_line,9,0.84
P00916,0,26,immunotherapy,first_line,1,0.89
P00916,43,67,immunotherapy,first_line,3,0.96
P00916,65,87,immunotherapy,first_line,4,0.96
P00916,87,108,immunotherapy,first_line,5,0.89
P00916,121,128,immunotherapy,first_line,6,0.96
P00916,135,149,immunotherapy,first_line,7,0.97
P00916,150,164,immunotherapy,first_line,8,0.93
P00917,5,12,targeted_therapy,first_line,1,0.85
P00917,43,60,targeted_therapy,first_line,3,0.85
P00917,64,89,targeted_therapy,first_line,4,0.86
P00917,87,110,targeted_therapy,first_line,5,0.82
P00917,106,129,targeted_therapy,first_line,6,0.85
P00917,142,153,targeted_therapy,first_line,7,0.84
P00917,152,170,targeted_therapy,first_line,8,0.89
P00917,179,186,targeted_therapy,first_line,9,0.98
P00918,0,26,combination_therapy,first_line,1,0.82
P00918,36,46,combination_therapy,first_line,2,0.94
P00918,43,65,combination_therapy,first_line,3,0.94
P00918,69,88,combination_therapy,first_line,4,0.82
P00918,93,109,combination_therapy,first_line,5,0.98
P00918,108,130,combination_therapy,first_line,6,0.91
P00918,131,145,combination_therapy,first_line,7,0.87
P00918,154,161,combination_therapy,first_line,8,0.95
P00918,175,183,combination_therapy,first_line,9,0.85
P00919,34,41,chemotherapy,first_line,2,0.94
P00919,43,66,chemotherapy,first_line,3,0.81
P00919,68,90,chemotherapy,first_line,4,0.97
P00919,91,103,chemotherapy,first_line,5,0.89
P00919,105,128,chemotherapy,first_line,6,0.93
P00919,126,150,chemotherapy,first_line,7,0.84
P00919,149,167,chemotherapy,first_line,8,0.94
P00919,169,178,chemotherapy,first_line,9,0.95
P00920,0,21,chemotherapy,first_line,1,0.89
P00920,21,44,chemotherapy,first_line,2,0.92
P00920,43,63,chemotherapy,first_line,3,0.89
P00920,73,88,chemotherapy,first_line,4,0.98
P00920,85,110,chemotherapy,first_line,5,0.9
P00920,112,124,chemotherapy,first_line,6,0.97
P00920,146,153,chemotherapy,first_line,7,0.96
P00920,147,171,chemotherapy,first_line,8,0.88
P00920,176,183,chemotherapy,first_line,9,0.85
P00921,1,16,targeted_therapy,first_line,1,0.88
P00921,27,43,targeted_therapy,first_line,2,0.97
P00921,46,64,targeted_therapy,first_line,3,0.85
P00921,67,82,targeted_therapy,first_line,4,0.9
P00921,85,108,targeted_therapy,first_line,5,0.96
P00921,109,130,targeted_therapy,first_line,6,0.87
P00921,126,144,targeted_therapy,first_line,7,0.93
P00921,149,170,targeted_therapy,first_line,8,0.85
P00921,171,183,targeted_therapy,first_line,9,0.82
P00922,6,22,chemotherapy,first_line,1,0.96
P00922,23,46,chemotherapy,first_line,2,0.82
P00922,50,69,chemotherapy,first_line,3,0.85
P00922,63,82,chemotherapy,first_line,4,0.97
P00922,88,102,chemotherapy,first_line,5,0.87
P00922,105,118,chemotherapy,first_line,6,0.99
P00922,127,149,chemotherapy,first_line,7,1.0
P00922,172,185,chemotherapy,first_line,9,0.85
P00923,4,26,chemotherapy,first_line,1,0.81
P00923,29,42,chemotherapy,first_line,2,0.94
P00923,64,86,chemotherapy,first_line,4,0.89
P00923,84,102,chemotherapy,first_line,5,0.82
P00923,111,132,chemotherapy,first_line,6,0.94
P00923,131,152,chemotherapy,first_line,7,0.81
P00923,156,163,chemotherapy,first_line,8,0.97
P00923,175,186,chemotherapy,first_line,9,0.83
P00924,7,14,combination_therapy,first_line,1,0.83
P00924,21,44,combination_therapy,first_line,2,0.84
P00924,53,67,combination_therapy,first_line,3,0.99
P00924,66,78,combination_therapy,first_line,4,0.94
P00924,85,109,combination_therapy,first_line,5,0.96
P00924,109,131,combination_therapy,first_line,6,0.88
P00924,131,150,combination_therapy,first_line,7,0.87
P00924,153,174,combination_therapy,first_line,8,0.85
P00925,0,24,chemotherapy,first_line,1,0.9
P00925,25,48,chemotherapy,first_line,2,0.91
P00925,42,62,chemotherapy,first_line,3,0.93
P00925,63,90,chemotherapy,first_line,4,0.85
P00925,85,107,chemotherapy,first_line,5,0.99
P00925,112,126,chemotherapy,first_line,6,0.83
P00925,131,147,chemotherapy,first_line,7,0.99
P00925,147,174,chemotherapy,first_line,8,0.8
P00925,173,180,chemotherapy,first_line,9,0.9
P00926,14,27,combination_therapy,first_line,1,0.87
P00926,23,46,combination_therapy,first_line,2,0.89
P00926,42,63,combination_therapy,first_line,3,0.91
P00926,63,90,combination_therapy,first_line,4,0.89
P00926,97,111,combination_therapy,first_line,5,0.88
P00926,111,121,combination_therapy,first_line,6,0.95
P00926,141,151,combination_therapy,first_line,7,0.94
P00926,147,171,combination_therapy,first_line,8,0.97
P00926,174,186,combination_therapy,first_line,9,0.85
P00927,3,10,immunotherapy,first_line,1,0.92
P00927,24,48,immunotherapy,first_line,2,0.92
P00927,48,57,immunotherapy,first_line,3,0.87
P00927,85,101,immunotherapy,first_line,5,0.9
P00927,107,124,immunotherapy,first_line,6,0.86
P00927,138,153,immunotherapy,first_line,7,0.83
P00927,151,170,immunotherapy,first_line,8,0.84
P00927,174,186,immunotherapy,first_line,9,0.82
P00928,6,26,chemotherapy,first_line,1,0.94
P00928,23,36,chemotherapy,first_line,2,0.93
P00928,43,62,chemotherapy,first_line,3,0.99
P00928,73,89,chemotherapy,first_line,4,0.95
P00928,102,110,chemotherapy,first_line,5,0.81
P00928,107,131,chemotherapy,first_line,6,0.98
P00928,128,136,chemotherapy,first_line,7,0.97
P00928,147,166,chemotherapy,first_line,8,0.89
P00928,173,185,chemotherapy,first_line,9,0.92
P00929,8,23,targeted_therapy,first_line,1,1.0
P00929,21,35,targeted_therapy,first_line,2,0.91
P00929,44,69,targeted_therapy,first_line,3,0.98
P00929,69,86,targeted_therapy,first_line,4,0.82
P00929,86,97,targeted_therapy,first_line,5,0.84
P00929,106,117,targeted_therapy,first_line,6,0.89
P00929,128,135,targeted_therapy,first_line,7,0.92
P00929,149,156,targeted_therapy,first_line,8,0.96
P00929,172,186,targeted_therapy,first_line,9,1.0
P00930,2,27,combination_therapy,first_line,1,0.88
P00930,21,45,combination_therapy,first_line,2,0.81
P00930,42,66,combination_therapy,first_line,3,0.96
P00930,69,87,combination_therapy,first_line,4,0.92
P00930,87,105,combination_therapy,first_line,5,0.84
P00930,112,119,combination_therapy,first_line,6,0.9
P00930,127,145,combination_therapy,first_line,7,0.95
P00930,153,167,combination_therapy,first_line,8,0.95
P00930,174,185,combination_therapy,first_line,9,0.9
P00931,3,25,chemotherapy,first_line,1,0.86
P00931,26,42,chemotherapy,first_line,2,0.99
P00931,42,69,chemotherapy,first_line,3,0.93
P00931,75,85,chemotherapy,first_line,4,0.88
P00931,84,111,chemotherapy,first_line,5,0.86
P00931,113,128,chemotherapy,first_line,6,0.95
P00931,135,145,chemotherapy,first_line,7,0.85
P00931,152,174,chemotherapy,first_line,8,0.83
P00931,168,182,chemotherapy,first_line,9,0.91
P00932,5,22,immunotherapy,first_line,1,0.86
P00932,35,45,immunotherapy,first_line,2,0.93
P00932,53,61,immunotherapy,first_line,3,0.82
P00932,77,84,immunotherapy,first_line,4,0.93
P00932,90,109,immunotherapy,first_line,5,0.86
P00932,106,118,immunotherapy,first_line,6,0.8
P00932,129,152,immunotherapy,first_line,7,0.83
P00932,147,160,immunotherapy,first_line,8,0.99
P00932,168,186,immunotherapy,first_line,9,0.97
P00933,3,10,targeted_therapy,first_line,1,0.85
P00933,22,41,targeted_therapy,first_line,2,0.96
P00933,50,57,targeted_therapy,first_line,3,0.92
P00933,68,87,targeted_therapy,first_line,4,0.99
P00933,89,108,targeted_therapy,first_line,5,0.87
P00933,107,126,targeted_therapy,first_line,6,0.94
P00933,129,142,targeted_therapy,first_line,7,0.81
P00933,147,159,targeted_therapy,first_line,8,0.88
P00933,168,183,targeted_therapy,first_line,9,0.99
P00934,9,16,combination_therapy,first_line,1,0.91
P00934,22,42,combination_therapy,first_line,2,0.86
P00934,49,61,combination_therapy,first_line,3,0.82
P00934,63,82,combination_therapy,first_line,4,0.94
P00934,84,111,combination_therapy,first_line,5,0.93
P00934,105,127,combination_therapy,first_line,6,0.87
P00934,126,146,combination_therapy,first_line,7,0.99
P00934,156,164,combination_therapy,first_line,8,0.8
P00934,179,186,combination_therapy,first_line,9,0.86
P00935,2,21,chemotherapy,first_line,1,0.98
P00935,39,47,chemotherapy,first_line,2,0.86
P00935,47,69,chemotherapy,first_line,3,0.85
P00935,63,90,chemotherapy,first_line,4,0.91
P00935,84,109,chemotherapy,first_line,5,0.96
P00935,106,131,chemotherapy,first_line,6,0.82
P00935,130,151,chemotherapy,first_line,7,0.99
P00935,153,165,chemotherapy,first_line,8,0.96
P00935,171,179,chemotherapy,first_line,9,0.84
P00936,6,27,immunotherapy,first_line,1,0.94
P00936,21,38,immunotherapy,first_line,2,0.88
P00936,42,69,immunotherapy,first_line,3,0.88
P00936,70,77,immunotherapy,first_line,4,0.96
P00936,85,105,immunotherapy,first_line,5,0.99
P00936,117,132,immunotherapy,first_line,6,0.83
P00936,132,146,immunotherapy,first_line,7,0.88
P00936,149,172,immunotherapy,first_line,8,0.9
P00936,175,184,immunotherapy,first_line,9,0.88
P00937,0,19,immunotherapy,first_line,1,0.87
P00937,36,47,immunotherapy,first_line,2,0.81
P00937,51,68,immunotherapy,first_line,3,0.94
P00937,86,109,immunotherapy,first_line,5,0.89
P00937,109,130,immunotherapy,first_line,6,0.84
P00937,129,149,immunotherapy,first_line,7,0.96
P00937,152,171,immunotherapy,first_line,8,0.96
P00937,168,186,immunotherapy,first_line,9,0.9
P00938,3,21,immunotherapy,first_line,1,0.86
P00938,35,44,immunotherapy,first_line,2,0.93
P00938,47,67,immunotherapy,first_line,3,0.86
P00938,69,88,immunotherapy,first_line,4,0.85
P00938,86,100,immunotherapy,first_line,5,0.95
P00938,108,130,immunotherapy,first_line,6,0.81
P00938,130,151,immunotherapy,first_line,7,0.82
P00938,151,161,immunotherapy,first_line,8,0.8
P00938,170,185,immunotherapy,first_line,9,0.83
P00939,3,13,targeted_therapy,first_line,1,0.81
P00939,28,48,targeted_therapy,first_line,2,1.0
P00939,47,68,targeted_therapy,first_line,3,0.86
P00939,71,87,targeted_therapy,first_line,4,0.83
P00939,90,110,targeted_therapy,first_line,5,0.85
P00939,106,123,targeted_therapy,first_line,6,0.99
P00939,126,147,targeted_therapy,first_line,7,0.9
P00939,155,173,targeted_therapy,first_line,8,0.87
P00940,2,24,chemotherapy,first_line,1,0.97
P00940,22,46,chemotherapy,first_line,2,0.88
P00940,46,69,chemotherapy,first_line,3,0.87
P00940,64,80,chemotherapy,first_line,4,0.84
P00940,97,111,chemotherapy,first_line,5,0.88
P00940,112,132,chemotherapy,first_line,6,0.86
P00940,135,153,chemotherapy,first_line,7,0.94
P00940,148,170,chemotherapy,first_line,8,0.86
P00940,175,184,chemotherapy,first_line,9,0.92
P00941,8,24,targeted_therapy,first_line,1,0.81
P00941,26,47,targeted_therapy,first_line,2,0.84
P00941,43,65,targeted_therapy,first_line,3,0.88
P00941,63,80,targeted_therapy,first_line,4,0.99
P00941,85,103,targeted_therapy,first_line,5,0.88
P00941,105,132,targeted_therapy,first_line,6,0.93
P00941,130,145,targeted_therapy,first_line,7,0.85
P00941,151,172,targeted_therapy,first_line,8,0.83
P00942,4,26,chemotherapy,first_line,1,0.81
P00942,22,48,chemotherapy,first_line,2,0.86
P00942,50,63,chemotherapy,first_line,3,0.83
P00942,63,80,chemotherapy,first_line,4,0.83
P00942,87,94,chemotherapy,first_line,5,0.95
P00942,127,153,chemotherapy,first_line,7,0.8
P00942,148,166,chemotherapy,first_line,8,0.91
P00942,169,180,chemotherapy,first_line,9,0.88
P00943,14,23,immunotherapy,first_line,1,0.9
P00943,31,48,immunotherapy,first_line,2,0.91
P00943,47,69,immunotherapy,first_line,3,0.86
P00943,65,86,immunotherapy,first_line,4,0.86
P00943,84,102,immunotherapy,first_line,5,0.95
P00943,112,129,immunotherapy,first_line,6,0.97
P00943,131,151,immunotherapy,first_line,7,0.84
P00943,152,172,immunotherapy,first_line,8,0.82
P00943,168,175,immunotherapy,first_line,9,0.98
P00944,6,27,combination_therapy,first_line,1,0.87
P00944,21,43,combination_therapy,first_line,2,0.91
P00944,46,68,combination_therapy,first_line,3,0.87
P00944,76,85,combination_therapy,first_line,4,0.83
P00944,85,110,combination_therapy,first_line,5,0.92
P00944,105,130,combination_therapy,first_line,6,0.91
P00944,126,140,combination_therapy,first_line,7,0.84
P00944,153,174,combination_therapy,first_line,8,0.89
P00945,3,23,targeted_therapy,first_line,1,0.96
P00945,29,43,targeted_therapy,first_line,2,0.92
P00945,43,68,targeted_therapy,first_line,3,0.82
P00945,67,77,targeted_therapy,first_line,4,0.91
P00945,85,106,targeted_therapy,first_line,5,0.94
P00945,109,130,targeted_therapy,first_line,6,0.96
P00945,127,152,targeted_therapy,first_line,7,0.93
P00945,151,174,targeted_therapy,first_line,8,0.83
P00945,172,184,targeted_therapy,first_line,9,0.94
P00946,0,26,combination_therapy,first_line,1,0.94
P00946,24,43,combination_therapy,first_line,2,0.8
P00946,43,61,combination_therapy,first_line,3,0.88
P00946,65,81,combination_therapy,first_line,4,0.87
P00946,87,106,combination_therapy,first_line,5,0.93
P00946,115,129,combination_therapy,first_line,6,0.84
P00946,133,151,combination_therapy,first_line,7,0.92
P00946,153,167,combination_therapy,first_line,8,0.98
P00946,171,186,combination_therapy,first_line,9,0.96
P00947,5,17,immunotherapy,first_line,1,0.98
P00947,28,47,immunotherapy,first_line,2,1.0
P00947,44,69,immunotherapy,first_line,3,0.8
P00947,63,86,immunotherapy,first_line,4,0.92
P00947,95,102,immunotherapy,first_line,5,0.88
P00947,113,132,immunotherapy,first_line,6,0.97
P00947,129,136,immunotherapy,first_line,7,0.85
P00947,165,172,immunotherapy,first_line,8,1.0
P00947,172,185,immunotherapy,first_line,9,0.92
P00948,2,24,targeted_therapy,first_line,1,0.96
P00948,33,48,targeted_therapy,first_line,2,0.82
P00948,45,68,targeted_therapy,first_line,3,0.84
P00948,66,86,targeted_therapy,first_line,4,0.95
P00948,86,110,targeted_therapy,first_line,5,0.8
P00948,109,130,targeted_therapy,first_line,6,0.96
P00948,129,147,targeted_therapy,first_line,7,0.8
P00948,151,166,targeted_therapy,first_line,8,0.93
P00948,169,183,targeted_therapy,first_line,9,0.87
P00949,23,36,chemotherapy,first_line,2,0.92
P00949,43,59,chemotherapy,first_line,3,0.94
P00949,70,90,chemotherapy,first_line,4,0.87
P00949,88,109,chemotherapy,first_line,5,0.82
P00949,107,121,chemotherapy,first_line,6,0.81
P00949,126,153,chemotherapy,first_line,7,0.92
P00949,155,169,chemotherapy,first_line,8,0.9
P00949,170,186,chemotherapy,first_line,9,0.95
P00950,10,27,combination_therapy,first_line,1,0.9
P00950,43,65,combination_therapy,first_line,3,0.88
P00950,64,89,combination_therapy,first_line,4,0.88
P00950,91,110,combination_therapy,first_line,5,0.81
P00950,112,130,combination_therapy,first_line,6,0.87
P00950,129,147,combination_therapy,first_line,7,1.0
P00950,150,173,combination_therapy,first_line,8,0.97
P00950,177,184,combination_therapy,first_line,9,0.87
P00951,7,26,combination_therapy,first_line,1,0.92
P00951,21,48,combination_therapy,first_line,2,0.97
P00951,47,69,combination_therapy,first_line,3,0.89
P00951,64,85,combination_therapy,first_line,4,0.8
P00951,84,106,combination_therapy,first_line,5,0.81
P00951,119,130,combination_therapy,first_line,6,0.9
P00951,126,136,combination_therapy,first_line,7,0.99
P00951,170,185,combination_therapy,first_line,9,0.94
P00952,1,17,chemotherapy,first_line,1,0.81
P00952,24,41,chemotherapy,first_line,2,0.84
P00952,63,82,chemotherapy,first_line,4,0.95
P00952,90,101,chemotherapy,first_line,5,0.97
P00952,107,123,chemotherapy,first_line,6,0.92
P00952,129,148,chemotherapy,first_line,7,0.93
P00952,158,171,chemotherapy,first_line,8,0.81
P00952,169,186,chemotherapy,first_line,9,0.97
P00953,2,20,targeted_therapy,first_line,1,0.96
P00953,36,46,targeted_therapy,first_line,2,0.85
P00953,43,68,targeted_therapy,first_line,3,0.94
P00953,71,82,targeted_therapy,first_line,4,0.84
P00953,87,109,targeted_therapy,first_line,5,0.81
P00953,111,131,targeted_therapy,first_line,6,0.84
P00953,135,146,targeted_therapy,first_line,7,0.84
P00953,147,169,targeted_therapy,first_line,8,0.87
P00953,173,180,targeted_therapy,first_line,9,0.88
P00954,21,47,targeted_therapy,first_line,2,0.9
P00954,43,65,targeted_therapy,first_line,3,0.9
P00954,66,75,targeted_therapy,first_line,4,0.85
P00954,85,102,targeted_therapy,first_line,5,0.81
P00954,106,131,targeted_therapy,first_line,6,0.92
P00954,126,153,targeted_therapy,first_line,7,0.88
P00954,147,172,targeted_therapy,first_line,8,0.86
P00955,0,27,chemotherapy,first_line,1,0.97
P00955,21,47,chemotherapy,first_line,2,0.95
P00955,57,67,chemotherapy,first_line,3,0.97
P00955,66,90,chemotherapy,first_line,4,0.9
P00955,85,92,chemotherapy,first_line,5,0.83
P00955,116,128,chemotherapy,first_line,6,0.94
P00955,149,170,chemotherapy,first_line,8,0.84
P00955,174,186,chemotherapy,first_line,9,0.89
P00956,0,20,immunotherapy,first_line,1,0.81
P00956,28,38,immunotherapy,first_line,2,0.97
P00956,45,60,immunotherapy,first_line,3,0.83
P00956,67,77,immunotherapy,first_line,4,0.98
P00956,89,106,immunotherapy,first_line,5,0.97
P00956,107,126,immunotherapy,first_line,6,0.89
P00956,139,149,immunotherapy,first_line,7,0.95
P00956,162,173,immunotherapy,first_line,8,0.92
P00957,7,19,chemotherapy,first_line,1,0.96
P00957,24,48,chemotherapy,first_line,2,0.89
P00957,43,68,chemotherapy,first_line,3,0.96
P00957,70,85,chemotherapy,first_line,4,0.89
P00957,90,100,chemotherapy,first_line,5,0.99
P00957,120,127,chemotherapy,first_line,6,0.9
P00957,126,152,chemotherapy,first_line,7,0.89
P00957,150,173,chemotherapy,first_line,8,0.96
P00957,172,186,chemotherapy,first_line,9,0.96
P00958,4,22,immunotherapy,first_line,1,0.91
P00958,24,44,immunotherapy,first_line,2,0.84
P00958,47,61,immunotherapy,first_line,3,0.89
P00958,78,90,immunotherapy,first_line,4,0.99
P00958,101,108,immunotherapy,first_line,5,0.95
P00958,108,129,immunotherapy,first_line,6,0.96
P00958,131,142,immunotherapy,first_line,7,0.81
P00958,148,171,immunotherapy,first_line,8,0.89
P00958,174,181,immunotherapy,first_line,9,0.93
P00959,7,22,combination_therapy,first_line,1,0.97
P00959,27,41,combination_therapy,first_line,2,0.81
P00959,52,69,combination_therapy,first_line,3,0.97
P00959,73,84,combination_therapy,first_line,4,0.91
P00959,86,110,combination_therapy,first_line,5,0.84
P00959,105,131,combination_therapy,first_line,6,0.86
P00959,132,152,combination_therapy,first_line,7,0.86
P00959,151,173,combination_therapy,first_line,8,0.91
P00959,174,183,combination_therapy,first_line,9,0.81
P00960,9,26,chemotherapy,first_line,1,0.83
P00960,24,42,chemotherapy,first_line,2,0.96
P00960,68,83,chemotherapy,first_line,4,0.83
P00960,100,108,chemotherapy,first_line,5,0.85
P00960,113,129,chemotherapy,first_line,6,0.89
P00960,126,144,chemotherapy,first_line,7,0.9
P00960,147,172,chemotherapy,first_line,8,0.95
P00960,169,184,chemotherapy,first_line,9,0.89
P00962,5,27,combination_therapy,first_line,1,0.83
P00962,37,46,combination_therapy,first_line,2,0.85
P00962,58,65,combination_therapy,first_line,3,0.92
P00962,70,90,combination_therapy,first_line,4,0.88
P00962,84,103,combination_therapy,first_line,5,0.9
P00962,118,126,combination_therapy,first_line,6,0.83
P00962,127,147,combination_therapy,first_line,7,0.93
P00962,149,173,combination_therapy,first_line,8,0.97
P00963,6,22,combination_therapy,first_line,1,0.85
P00963,43,50,combination_therapy,first_line,3,0.9
P00963,64,86,combination_therapy,first_line,4,1.0
P00963,89,108,combination_therapy,first_line,5,0.87
P00963,114,131,combination_therapy,first_line,6,0.92
P00963,127,153,combination_therapy,first_line,7,0.82
P00963,148,174,combination_therapy,first_line,8,0.92
P00963,175,185,combination_therapy,first_line,9,0.82
P00964,8,21,combination_therapy,first_line,1,0.99
P00964,23,47,combination_therapy,first_line,2,0.94
P00964,45,62,combination_therapy,first_line,3,0.96
P00964,70,85,combination_therapy,first_line,4,0.94
P00964,85,106,combination_therapy,first_line,5,0.92
P00964,117,124,combination_therapy,first_line,6,0.89
P00964,126,148,combination_therapy,first_line,7,0.97
P00964,151,169,combination_therapy,first_line,8,0.99
P00964,170,186,combination_therapy,first_line,9,0.9
P00965,5,15,targeted_therapy,first_line,1,0.99
P00965,22,30,targeted_therapy,first_line,2,0.92
P00965,48,65,targeted_therapy,first_line,3,0.91
P00965,64,89,targeted_therapy,first_line,4,0.89
P00965,86,108,targeted_therapy,first_line,5,0.84
P00965,107,121,targeted_therapy,first_line,6,0.8
P00965,132,149,targeted_therapy,first_line,7,0.85
P00965,152,171,targeted_therapy,first_line,8,0.9
P00965,168,185,targeted_therapy,first_line,9,0.88
P00966,5,13,combination_therapy,first_line,1,0.89
P00966,21,46,combination_therapy,first_line,2,1.0
P00966,47,63,combination_therapy,first_line,3,0.87
P00966,66,78,combination_therapy,first_line,4,0.89
P00966,84,98,combination_therapy,first_line,5,0.83
P00966,107,115,combination_therapy,first_line,6,0.81
P00966,126,152,combination_therapy,first_line,7,0.96
P00966,150,162,combination_therapy,first_line,8,0.91
P00966,175,182,combination_therapy,first_line,9,0.95
P00967,0,21,combination_therapy,first_line,1,0.83
P00967,21,36,combination_therapy,first_line,2,0.91
P00967,42,50,combination_therapy,first_line,3,0.85
P00967,68,89,combination_therapy,first_line,4,0.85
P00967,93,111,combination_therapy,first_line,5,0.8
P00967,111,131,combination_therapy,first_line,6,0.83
P00967,129,142,combination_therapy,first_line,7,0.86
P00967,155,168,combination_therapy,first_line,8,0.82
P00967,170,179,combination_therapy,first_line,9,1.0
P00968,6,26,targeted_therapy,first_line,1,0.86
P00968,26,33,targeted_therapy,first_line,2,0.83
P00968,45,66,targeted_therapy,first_line,3,0.84
P00968,76,84,targeted_therapy,first_line,4,0.92
P00968,85,109,targeted_therapy,first_line,5,0.81
P00968,111,125,targeted_therapy,first_line,6,0.97
P00968,129,152,targeted_therapy,first_line,7,0.99
P00968,148,163,targeted_therapy,first_line,8,0.85
P00968,174,186,targeted_therapy,first_line,9,0.89
P00969,5,18,combination_therapy,first_line,1,0.8
P00969,22,42,combination_therapy,first_line,2,0.93
P00969,47,69,combination_therapy,first_line,3,0.88
P00969,67,74,combination_therapy,first_line,4,0.85
P00969,85,104,combination_therapy,first_line,5,0.84
P00969,117,131,combination_therapy,first_line,6,0.93
P00969,126,151,combination_therapy,first_line,7,0.88
P00969,147,174,combination_therapy,first_line,8,0.84
P00969,174,181,combination_therapy,first_line,9,0.94
P00970,0,16,chemotherapy,first_line,1,0.91
P00970,29,46,chemotherapy,first_line,2,0.97
P00970,45,65,chemotherapy,first_line,3,0.82
P00970,66,78,chemotherapy,first_line,4,0.96
P00970,85,99,chemotherapy,first_line,5,0.93
P00970,108,132,chemotherapy,first_line,6,0.82
P00970,128,153,chemotherapy,first_line,7,0.94
P00970,160,173,chemotherapy,first_line,8,0.89
P00970,169,181,chemotherapy,first_line,9,0.99
P00971,3,24,combination_therapy,first_line,1,0.83
P00971,31,47,combination_therapy,first_line,2,0.93
P00971,48,62,combination_therapy,first_line,3,0.88
P00971,63,88,combination_therapy,first_line,4,0.99
P00971,86,105,combination_therapy,first_line,5,0.87
P00971,111,123,combination_therapy,first_line,6,0.99
P00971,132,139,combination_therapy,first_line,7,0.98
P00971,159,173,combination_therapy,first_line,8,0.85
P00971,175,186,combination_therapy,first_line,9,0.96
P00972,0,27,chemotherapy,first_line,1,1.0
P00972,24,39,chemotherapy,first_line,2,0.85
P00972,46,68,chemotherapy,first_line,3,0.89
P00972,77,85,chemotherapy,first_line,4,0.9
P00972,85,103,chemotherapy,first_line,5,0.86
P00972,105,132,chemotherapy,first_line,6,0.8
P00972,126,145,chemotherapy,first_line,7,0.84
P00972,156,166,chemotherapy,first_line,8,0.86
P00972,173,180,chemotherapy,first_line,9,0.89
P00973,2,27,targeted_therapy,first_line,1,0.83
P00973,21,45,targeted_therapy,first_line,2,0.97
P00973,63,88,targeted_therapy,first_line,4,0.94
P00973,84,111,targeted_therapy,first_line,5,0.82
P00973,119,130,targeted_therapy,first_line,6,0.93
P00973,128,143,targeted_therapy,first_line,7,0.93
P00973,154,162,targeted_therapy,first_line,8,0.99
P00973,171,184,targeted_therapy,first_line,9,0.8
P00974,4,22,chemotherapy,first_line,1,0.85
P00974,27,48,chemotherapy,first_line,2,0.99
P00974,43,63,chemotherapy,first_line,3,0.99
P00974,65,85,chemotherapy,first_line,4,0.94
P00974,85,110,chemotherapy,first_line,5,0.95
P00974,117,130,chemotherapy,first_line,6,0.82
P00974,126,145,chemotherapy,first_line,7,0.9
P00974,147,170,chemotherapy,first_line,8,0.85
P00974,169,183,chemotherapy,first_line,9,0.84
P00975,0,25,chemotherapy,first_line,1,0.96
P00975,28,46,chemotherapy,first_line,2,0.83
P00975,43,63,chemotherapy,first_line,3,0.89
P00975,67,89,chemotherapy,first_line,4,0.99
P00975,107,131,chemotherapy,first_line,6,0.84
P00975,130,153,chemotherapy,first_line,7,1.0
P00975,159,166,chemotherapy,first_line,8,1.0
P00975,168,182,chemotherapy,first_line,9,0.91
P00976,2,26,targeted_therapy,first_line,1,0.83
P00976,22,38,targeted_therapy,first_line,2,0.86
P00976,61,68,targeted_therapy,first_line,3,0.88
P00976,82,90,targeted_therapy,first_line,4,0.86
P00976,98,111,targeted_therapy,first_line,5,0.86
P00976,106,126,targeted_therapy,first_line,6,0.99
P00976,134,149,targeted_therapy,first_line,7,0.83
P00976,147,173,targeted_therapy,first_line,8,0.95
P00976,173,186,targeted_therapy,first_line,9,0.8
P00977,8,26,chemotherapy,first_line,1,0.92
P00977,29,47,chemotherapy,first_line,2,0.98
P00977,58,65,chemotherapy,first_line,3,0.86
P00977,65,90,chemotherapy,first_line,4,0.84
P00977,85,110,chemotherapy,first_line,5,0.93
P00977,112,132,chemotherapy,first_line,6,0.94
P00977,140,148,chemotherapy,first_line,7,0.94
P00977,148,174,chemotherapy,first_line,8,0.86
P00977,171,183,chemotherapy,first_line,9,0.85
P00978,7,14,chemotherapy,first_line,1,0.99
P00978,26,44,chemotherapy,first_line,2,0.98
P00978,43,57,chemotherapy,first_line,3,0.89
P00978,71,87,chemotherapy,first_line,4,0.97
P00978,99,108,chemotherapy,first_line,5,0.89
P00978,109,132,chemotherapy,first_line,6,0.88
P00978,139,150,chemotherapy,first_line,7,0.83
P00978,155,173,chemotherapy,first_line,8,0.89
P00978,176,183,chemotherapy,first_line,9,0.91
P00979,20,27,targeted_therapy,first_line,1,0.8
P00979,24,31,targeted_therapy,first_line,2,0.89
P00979,43,68,targeted_therapy,first_line,3,0.96
P00979,69,90,targeted_therapy,first_line,4,0.94
P00979,96,111,targeted_therapy,first_line,5,0.93
P00979,106,123,targeted_therapy,first_line,6,0.98
P00979,132,153,targeted_therapy,first_line,7,0.8
P00979,160,167,targeted_therapy,first_line,8,0.91
P00979,169,176,targeted_therapy,first_line,9,0.96
P00980,9,24,targeted_therapy,first_line,1,0.91
P00980,25,45,targeted_therapy,first_line,2,0.86
P00980,47,63,targeted_therapy,first_line,3,0.83
P00980,66,86,targeted_therapy,first_line,4,0.98
P00980,85,111,targeted_therapy,first_line,5,0.89
P00980,112,131,targeted_therapy,first_line,6,0.98
P00980,131,141,targeted_therapy,first_line,7,0.92
P00980,152,171,targeted_therapy,first_line,8,0.93
P00980,171,178,targeted_therapy,first_line,9,0.96
P00981,12,27,immunotherapy,first_line,1,0.93
P00981,21,45,immunotherapy,first_line,2,0.88
P00981,48,65,immunotherapy,first_line,3,0.9
P00981,63,86,immunotherapy,first_line,4,0.96
P00981,84,106,immunotherapy,first_line,5,0.87
P00981,105,132,immunotherapy,first_line,6,0.88
P00981,142,149,immunotherapy,first_line,7,0.82
P00981,160,167,immunotherapy,first_line,8,0.98
P00981,172,184,immunotherapy,first_line,9,0.82
P00982,0,23,combination_therapy,first_line,1,0.93
P00982,35,42,combination_therapy,first_line,2,0.88
P00982,52,67,combination_therapy,first_line,3,0.88
P00982,63,88,combination_therapy,first_line,4,0.94
P00982,86,111,combination_therapy,first_line,5,0.81
P00982,108,130,combination_therapy,first_line,6,0.92
P00982,132,139,combination_therapy,first_line,7,0.95
P00982,157,172,combination_therapy,first_line,8,0.97
P00982,171,183,combination_therapy,first_line,9,0.83
P00983,1,8,chemotherapy,first_line,1,0.98
P00983,24,48,chemotherapy,first_line,2,0.93
P00983,48,65,chemotherapy,first_line,3,0.98
P00983,71,87,chemotherapy,first_line,4,0.9
P00983,116,132,chemotherapy,first_line,6,0.91
P00983,128,153,chemotherapy,first_line,7,0.98
P00983,147,174,chemotherapy,first_line,8,0.98
P00983,168,184,chemotherapy,first_line,9,0.89
P00984,8,18,targeted_therapy,first_line,1,0.85
P00984,24,47,targeted_therapy,first_line,2,0.88
P00984,48,67,targeted_therapy,first_line,3,0.88
P00984,63,88,targeted_therapy,first_line,4,0.86
P00984,97,108,targeted_therapy,first_line,5,0.85
P00984,108,129,targeted_therapy,first_line,6,0.97
P00984,129,141,targeted_therapy,first_line,7,0.81
P00984,161,168,targeted_therapy,first_line,8,0.94
P00984,172,184,targeted_therapy,first_line,9,0.83
P00985,6,13,combination_therapy,first_line,1,0.87
P00985,21,45,combination_therapy,first_line,2,0.81
P00985,42,68,combination_therapy,first_line,3,0.85
P00985,66,85,combination_therapy,first_line,4,0.95
P00985,92,104,combination_therapy,first_line,5,0.98
P00985,108,132,combination_therapy,first_line,6,0.84
P00985,141,151,combination_therapy,first_line,7,0.89
P00985,147,162,combination_therapy,first_line,8,0.89
P00985,170,185,combination_therapy,first_line,9,0.97
P00986,11,23,chemotherapy,first_line,1,0.95
P00986,25,43,chemotherapy,first_line,2,0.9
P00986,42,69,chemotherapy,first_line,3,0.93
P00986,67,74,chemotherapy,first_line,4,0.97
P00986,90,109,chemotherapy,first_line,5,0.8
P00986,119,132,chemotherapy,first_line,6,0.88
P00986,133,152,chemotherapy,first_line,7,0.98
P00986,148,173,chemotherapy,first_line,8,0.95
P00986,170,180,chemotherapy,first_line,9,0.91
P00987,4,27,targeted_therapy,first_line,1,0.91
P00987,37,48,targeted_therapy,first_line,2,0.87
P00987,43,67,targeted_therapy,first_line,3,0.9
P00987,67,88,targeted_therapy,first_line,4,0.93
P00987,93,111,targeted_therapy,first_line,5,0.88
P00987,110,132,targeted_therapy,first_line,6,0.94
P00987,143,150,targeted_therapy,first_line,7,0.97
P00987,152,169,targeted_therapy,first_line,8,0.83
P00987,178,185,targeted_therapy,first_line,9,0.89
P00988,6,21,targeted_therapy,first_line,1,0.88
P00988,21,42,targeted_therapy,first_line,2,0.94
P00988,52,61,targeted_therapy,first_line,3,0.85
P00988,65,75,targeted_therapy,first_line,4,0.93
P00988,84,111,targeted_therapy,first_line,5,0.98
P00988,105,128,targeted_therapy,first_line,6,0.88
P00988,140,149,targeted_therapy,first_line,7,0.98
P00988,148,170,targeted_therapy,first_line,8,1.0
P00988,179,186,targeted_therapy,first_line,9,0.82
P00989,0,27,combination_therapy,first_line,1,0.85
P00989,23,44,combination_therapy,first_line,2,0.99
P00989,64,88,combination_therapy,first_line,4,0.99
P00989,94,110,combination_therapy,first_line,5,0.82
P00989,109,130,combination_therapy,first_line,6,0.8
P00989,130,140,combination_therapy,first_line,7,0.83
P00989,151,158,combination_therapy,first_line,8,1.0
P00990,0,24,targeted_therapy,first_line,1,0.84
P00990,22,46,targeted_therapy,first_line,2,0.9
P00990,47,69,targeted_therapy,first_line,3,0.97
P00990,63,90,targeted_therapy,first_line,4,0.8
P00990,84,109,targeted_therapy,first_line,5,0.92
P00990,105,128,targeted_therapy,first_line,6,0.86
P00990,126,146,targeted_therapy,first_line,7,0.97
P00990,152,167,targeted_therapy,first_line,8,0.86
P00991,2,26,targeted_therapy,first_line,1,0.94
P00991,21,48,targeted_therapy,first_line,2,0.93
P00991,42,69,targeted_therapy,first_line,3,0.84
P00991,68,90,targeted_therapy,first_line,4,0.81
P00991,88,104,targeted_therapy,first_line,5,0.88
P00991,108,132,targeted_therapy,first_line,6,0.86
P00991,144,151,targeted_therapy,first_line,7,0.96
P00991,160,172,targeted_therapy,first_line,8,0.96
P00992,6,23,immunotherapy,first_line,1,0.89
P00992,21,46,immunotherapy,first_line,2,0.92
P00992,47,65,immunotherapy,first_line,3,0.92
P00992,64,89,immunotherapy,first_line,4,0.97
P00992,106,132,immunotherapy,first_line,6,0.89
P00992,130,146,immunotherapy,first_line,7,0.86
P00992,160,172,immunotherapy,first_line,8,0.85
P00992,173,180,immunotherapy,first_line,9,0.91
P00993,7,26,immunotherapy,first_line,1,0.89
P00993,22,40,immunotherapy,first_line,2,0.89
P00993,49,64,immunotherapy,first_line,3,0.82
P00993,72,88,immunotherapy,first_line,4,0.94
P00993,84,93,immunotherapy,first_line,5,0.84
P00993,112,128,immunotherapy,first_line,6,0.84
P00993,134,141,immunotherapy,first_line,7,0.88
P00993,148,170,immunotherapy,first_line,8,0.85
P00993,173,180,immunotherapy,first_line,9,0.92
P00994,3,26,targeted_therapy,first_line,1,0.87
P00994,27,48,targeted_therapy,first_line,2,0.89
P00994,45,61,targeted_therapy,first_line,3,0.91
P00994,72,79,targeted_therapy,first_line,4,0.84
P00994,87,111,targeted_therapy,first_line,5,0.83
P00994,110,131,targeted_therapy,first_line,6,0.98
P00994,126,143,targeted_therapy,first_line,7,0.89
P00994,148,164,targeted_therapy,first_line,8,0.88
P00995,1,23,combination_therapy,first_line,1,0.81
P00995,26,45,combination_therapy,first_line,2,0.9
P00995,55,62,combination_therapy,first_line,3,0.91
P00995,66,85,combination_therapy,first_line,4,0.91
P00995,86,110,combination_therapy,first_line,5,0.94
P00995,115,131,combination_therapy,first_line,6,0.84
P00995,127,149,combination_therapy,first_line,7,0.85
P00995,147,167,combination_therapy,first_line,8,0.96
P00995,173,180,combination_therapy,first_line,9,0.99
P00996,4,25,targeted_therapy,first_line,1,0.83
P00996,30,44,targeted_therapy,first_line,2,0.9
P00996,48,67,targeted_therapy,first_line,3,0.84
P00996,71,90,targeted_therapy,first_line,4,0.81
P00996,88,106,targeted_therapy,first_line,5,0.87
P00996,106,121,targeted_therapy,first_line,6,0.83
P00996,132,144,targeted_therapy,first_line,7,0.94
P00996,161,174,targeted_therapy,first_line,8,0.91
P00997,6,27,chemotherapy,first_line,1,0.83
P00997,21,42,chemotherapy,first_line,2,0.8
P00997,42,66,chemotherapy,first_line,3,0.96
P00997,81,88,chemotherapy,first_line,4,0.84
P00997,85,95,chemotherapy,first_line,5,0.92
P00997,117,131,chemotherapy,first_line,6,0.87
P00997,128,143,chemotherapy,first_line,7,0.92
P00997,152,173,chemotherapy,first_line,8,0.86
P00997,168,182,chemotherapy,first_line,9,0.82
P00998,1,25,immunotherapy,first_line,1,0.84
P00998,34,41,immunotherapy,first_line,2,0.84
P00998,42,65,immunotherapy,first_line,3,0.89
P00998,66,86,immunotherapy,first_line,4,0.93
P00998,84,100,immunotherapy,first_line,5,0.85
P00998,109,129,immunotherapy,first_line,6,0.8
P00998,126,151,immunotherapy,first_line,7,0.9
P00998,150,168,immunotherapy,first_line,8,0.92
P00998,169,184,immunotherapy,first_line,9,0.99
P00999,6,23,targeted_therapy,first_line,1,0.92
P00999,22,41,targeted_therapy,first_line,2,0.89
P00999,61,68,targeted_therapy,first_line,3,0.91
P00999,64,89,targeted_therapy,first_line,4,0.99
P00999,84,104,targeted_therapy,first_line,5,0.97
P00999,113,130,targeted_therapy,first_line,6,0.86
P00999,129,150,targeted_therapy,first_line,7,0.85
P00999,147,173,targeted_therapy,first_line,8,0.85
P01000,2,21,combination_therapy,first_line,1,0.9
P01000,26,41,combination_therapy,first_line,2,0.95
P01000,43,56,combination_therapy,first_line,3,0.9
P01000,68,87,combination_therapy,first_line,4,0.81
P01000,90,109,combination_therapy,first_line,5,0.94
P01000,105,129,combination_therapy,first_line,6,0.96
P01000,128,145,combination_therapy,first_line,7,0.86
P01000,158,172,combination_therapy,first_line,8,0.93
P01000,168,178,combination_therapy,first_line,9,0.89
P01001,6,25,immunotherapy,first_line,1,0.98
P01001,35,45,immunotherapy,first_line,2,0.97
P01001,57,69,immunotherapy,first_line,3,0.91
P01001,63,90,immunotherapy,first_line,4,0.94
P01001,86,105,immunotherapy,first_line,5,0.98
P01001,105,128,immunotherapy,first_line,6,0.9
P01001,139,148,immunotherapy,first_line,7,0.86
P01001,152,165,immunotherapy,first_line,8,0.95
P01001,176,183,immunotherapy,first_line,9,0.84
P01002,1,23,chemotherapy,first_line,1,0.88
P01002,23,44,chemotherapy,first_line,2,0.97
P01002,43,68,chemotherapy,first_line,3,0.94
P01002,63,70,chemotherapy,first_line,4,0.88
P01002,86,111,chemotherapy,first_line,5,0.84
P01002,109,128,chemotherapy,first_line,6,0.87
P01002,126,150,chemotherapy,first_line,7,0.86
P01002,148,157,chemotherapy,first_line,8,0.84
P01003,3,24,chemotherapy,first_line,1,0.95
P01003,22,45,chemotherapy,first_line,2,0.85
P01003,44,51,chemotherapy,first_line,3,0.89
P01003,68,90,chemotherapy,first_line,4,0.88
P01003,85,109,chemotherapy,first_line,5,1.0
P01003,108,123,chemotherapy,first_line,6,0.88
P01003,129,147,chemotherapy,first_line,7,0.82
P01003,151,160,chemotherapy,first_line,8,0.82
P01003,168,175,chemotherapy,first_line,9,0.92
P01004,28,46,targeted_therapy,first_line,2,0.92
P01004,47,58,targeted_therapy,first_line,3,0.88
P01004,81,88,targeted_therapy,first_line,4,0.89
P01004,89,110,targeted_therapy,first_line,5,0.81
P01004,116,128,targeted_therapy,first_line,6,0.9
P01004,130,152,targeted_therapy,first_line,7,0.9
P01004,153,167,targeted_therapy,first_line,8,0.83
P01004,173,183,targeted_therapy,first_line,9,0.82
P01005,0,27,immunotherapy,first_line,1,0.82
P01005,39,47,immunotherapy,first_line,2,0.82
P01005,50,63,immunotherapy,first_line,3,0.92
P01005,69,84,immunotherapy,first_line,4,0.84
P01005,88,111,immunotherapy,first_line,5,0.85
P01005,105,129,immunotherapy,first_line,6,0.83
P01005,133,150,immunotherapy,first_line,7,0.99
P01005,151,164,immunotherapy,first_line,8,0.97
P01005,179,186,immunotherapy,first_line,9,0.85
P01006,12,24,chemotherapy,first_line,1,0.87
P01006,21,44,chemotherapy,first_line,2,0.84
P01006,53,62,chemotherapy,first_line,3,0.9
P01006,64,89,chemotherapy,first_line,4,0.8
P01006,84,94,chemotherapy,first_line,5,0.93
P01006,107,131,chemotherapy,first_line,6,0.9
P01006,127,149,chemotherapy,first_line,7,0.98
P01006,162,169,chemotherapy,first_line,8,0.83
P01007,11,21,immunotherapy,first_line,1,0.96
P01007,30,45,immunotherapy,first_line,2,0.96
P01007,46,67,immunotherapy,first_line,3,0.83
P01007,64,88,immunotherapy,first_line,4,0.88
P01007,86,95,immunotherapy,first_line,5,0.83
P01007,107,128,immunotherapy,first_line,6,0.85
P01007,126,153,immunotherapy,first_line,7,0.85
P01007,149,169,immunotherapy,first_line,8,0.91
P01007,178,186,immunotherapy,first_line,9,0.88
P01008,10,23,combination_therapy,first_line,1,0.99
P01008,22,35,combination_therapy,first_line,2,0.83
P01008,42,57,combination_therapy,first_line,3,0.99
P01008,63,88,combination_therapy,first_line,4,0.85
P01008,98,109,combination_therapy,first_line,5,0.95
P01008,118,132,combination_therapy,first_line,6,0.87
P01008,126,135,combination_therapy,first_line,7,0.83
P01008,156,174,combination_therapy,first_line,8,0.97
P01008,170,181,combination_therapy,first_line,9,0.86
P01009,0,26,chemotherapy,first_line,1,0.93
P01009,26,43,chemotherapy,first_line,2,0.91
P01009,45,69,chemotherapy,first_line,3,0.89
P01009,66,81,chemotherapy,first_line,4,0.9
P01009,84,111,chemotherapy,first_line,5,0.95
P01009,116,131,chemotherapy,first_line,6,0.82
P01009,130,149,chemotherapy,first_line,7,0.93
P01009,153,169,chemotherapy,first_line,8,0.98
P01009,172,185,chemotherapy,first_line,9,0.81
P01010,7,22,targeted_therapy,first_line,1,0.83
P01010,25,42,targeted_therapy,first_line,2,0.94
P01010,43,67,targeted_therapy,first_line,3,0.89
P01010,71,88,targeted_therapy,first_line,4,0.88
P01010,85,107,targeted_therapy,first_line,5,0.83
P01010,128,143,targeted_therapy,first_line,7,0.9
P01010,157,167,targeted_therapy,first_line,8,0.83
P01010,172,180,targeted_therapy,first_line,9,0.9
P01011,7,27,chemotherapy,first_line,1,0.95
P01011,23,36,chemotherapy,first_line,2,0.85
P01011,52,63,chemotherapy,first_line,3,0.9
P01011,73,81,chemotherapy,first_line,4,1.0
P01011,88,108,chemotherapy,first_line,5,0.94
P01011,109,124,chemotherapy,first_line,6,0.97
P01011,136,152,chemotherapy,first_line,7,0.88
P01011,148,170,chemotherapy,first_line,8,0.95
P01011,172,179,chemotherapy,first_line,9,0.81
P01012,1,24,combination_therapy,first_line,1,0.82
P01012,21,48,combination_therapy,first_line,2,0.84
P01012,42,68,combination_therapy,first_line,3,0.88
P01012,69,89,combination_therapy,first_line,4,0.97
P01012,91,109,combination_therapy,first_line,5,0.87
P01012,108,130,combination_therapy,first_line,6,0.93
P01012,132,153,combination_therapy,first_line,7,0.94
P01012,148,168,combination_therapy,first_line,8,0.92
P01012,169,176,combination_therapy,first_line,9,0.87
P01013,2,26,combination_therapy,first_line,1,0.92
P01013,27,46,combination_therapy,first_line,2,0.87
P01013,51,68,combination_therapy,first_line,3,0.82
P01013,64,84,combination_therapy,first_line,4,1.0
P01013,87,107,combination_therapy,first_line,5,0.83
P01013,110,117,combination_therapy,first_line,6,0.81
P01013,126,148,combination_therapy,first_line,7,0.98
P01013,153,169,combination_therapy,first_line,8,0.86
P01013,168,177,combination_therapy,first_line,9,0.93
P01014,5,24,combination_therapy,first_line,1,0.87
P01014,22,48,combination_therapy,first_line,2,0.88
P01014,52,65,combination_therapy,first_line,3,0.85
P01014,80,89,combination_therapy,first_line,4,0.87
P01014,88,111,combination_therapy,first_line,5,0.88
P01014,108,129,combination_therapy,first_line,6,0.94
P01014,129,150,combination_therapy,first_line,7,0.9
P01014,155,162,combination_therapy,first_line,8,0.99
P01014,170,177,combination_therapy,first_line,9,0.81
P01015,13,26,targeted_therapy,first_line,1,0.9
P01015,22,47,targeted_therapy,first_line,2,0.92
P01015,47,68,targeted_therapy,first_line,3,0.98
P01015,76,83,targeted_therapy,first_line,4,0.81
P01015,86,103,targeted_therapy,first_line,5,0.91
P01015,116,126,targeted_therapy,first_line,6,0.97
P01015,127,153,targeted_therapy,first_line,7,0.85
P01015,154,171,targeted_therapy,first_line,8,0.98
P01015,170,181,targeted_therapy,first_line,9,0.8
P01016,11,18,chemotherapy,first_line,1,0.95
P01016,21,32,chemotherapy,first_line,2,0.99
P01016,46,65,chemotherapy,first_line,3,0.93
P01016,72,86,chemotherapy,first_line,4,0.89
P01016,87,110,chemotherapy,first_line,5,0.81
P01016,113,122,chemotherapy,first_line,6,0.98
P01016,133,150,chemotherapy,first_line,7,0.89
P01016,152,159,chemotherapy,first_line,8,0.81
P01016,174,182,chemotherapy,first_line,9,0.94
P01017,2,24,immunotherapy,first_line,1,0.9
P01017,22,40,immunotherapy,first_line,2,0.82
P01017,43,63,immunotherapy,first_line,3,0.84
P01017,66,85,immunotherapy,first_line,4,0.81
P01017,86,107,immunotherapy,first_line,5,0.91
P01017,105,126,immunotherapy,first_line,6,0.92
P01017,128,152,immunotherapy,first_line,7,0.9
P01017,152,172,immunotherapy,first_line,8,0.96
P01017,170,184,immunotherapy,first_line,9,0.97
P01018,10,19,combination_therapy,first_line,1,0.92
P01018,23,46,combination_therapy,first_line,2,0.8
P01018,48,65,combination_therapy,first_line,3,0.94
P01018,63,83,combination_therapy,first_line,4,0.88
P01018,84,109,combination_therapy,first_line,5,0.91
P01018,107,127,combination_therapy,first_line,6,0.93
P01018,127,151,combination_therapy,first_line,7,0.87
P01018,148,173,combination_therapy,first_line,8,0.98
P01019,0,23,combination_therapy,first_line,1,0.83
P01019,23,46,combination_therapy,first_line,2,0.93
P01019,47,69,combination_therapy,first_line,3,0.8
P01019,67,85,combination_therapy,first_line,4,0.98
P01019,84,111,combination_therapy,first_line,5,0.82
P01019,105,128,combination_therapy,first_line,6,0.82
P01019,135,142,combination_therapy,first_line,7,0.87
P01019,155,167,combination_therapy,first_line,8,0.87
P01019,168,183,combination_therapy,first_line,9,0.84
P01020,7,23,chemotherapy,first_line,1,0.92
P01020,25,48,chemotherapy,first_line,2,0.89
P01020,42,66,chemotherapy,first_line,3,0.81
P01020,64,80,chemotherapy,first_line,4,0.86
P01020,90,97,chemotherapy,first_line,5,0.96
P01020,107,130,chemotherapy,first_line,6,0.94
P01020,126,153,chemotherapy,first_line,7,0.94
P01020,156,164,chemotherapy,first_line,8,0.94
P01020,173,181,chemotherapy,first_line,9,0.86
P01021,14,25,combination_therapy,first_line,1,0.82
P01021,24,31,combination_therapy,first_line,2,0.85
P01021,49,63,combination_therapy,first_line,3,0.97
P01021,64,90,combination_therapy,first_line,4,1.0
P01021,90,98,combination_therapy,first_line,5,0.9
P01021,105,126,combination_therapy,first_line,6,0.8
P01021,127,153,combination_therapy,first_line,7,0.83
P01021,151,170,combination_therapy,first_line,8,0.86
P01021,172,181,combination_therapy,first_line,9,0.92
P01022,7,21,targeted_therapy,first_line,1,0.82
P01022,26,48,targeted_therapy,first_line,2,0.99
P01022,43,58,targeted_therapy,first_line,3,0.87
P01022,63,80,targeted_therapy,first_line,4,0.98
P01022,86,111,targeted_therapy,first_line,5,0.96
P01022,109,122,targeted_therapy,first_line,6,0.95
P01022,131,153,targeted_therapy,first_line,7,0.92
P01022,148,165,targeted_therapy,first_line,8,0.93
P01022,168,181,targeted_therapy,first_line,9,0.93
P01023,0,23,combination_therapy,first_line,1,0.93
P01023,23,41,combination_therapy,first_line,2,0.91
P01023,45,65,combination_therapy,first_line,3,1.0
P01023,66,89,combination_therapy,first_line,4,0.95
P01023,92,108,combination_therapy,first_line,5,0.96
P01023,108,126,combination_therapy,first_line,6,0.97
P01023,131,152,combination_therapy,first_line,7,0.84
P01023,166,173,combination_therapy,first_line,8,0.82
P01023,171,178,combination_therapy,first_line,9,0.9
P01024,22,46,immunotherapy,first_line,2,0.9
P01024,44,65,immunotherapy,first_line,3,0.97
P01024,66,83,immunotherapy,first_line,4,0.89
P01024,89,110,immunotherapy,first_line,5,0.91
P01024,108,129,immunotherapy,first_line,6,0.91
P01024,133,143,immunotherapy,first_line,7,0.81
P01024,147,173,immunotherapy,first_line,8,0.92
P01024,174,186,immunotherapy,first_line,9,0.97
P01025,1,20,immunotherapy,first_line,1,0.83
P01025,23,46,immunotherapy,first_line,2,0.92
P01025,44,64,immunotherapy,first_line,3,0.92
P01025,63,80,immunotherapy,first_line,4,0.83
P01025,86,106,immunotherapy,first_line,5,0.82
P01025,105,131,immunotherapy,first_line,6,1.0
P01025,126,147,immunotherapy,first_line,7,0.88
P01025,155,171,immunotherapy,first_line,8,0.85
P01025,168,175,immunotherapy,first_line,9,0.83
P01026,1,26,combination_therapy,first_line,1,0.93
P01026,22,47,combination_therapy,first_line,2,0.92
P01026,43,68,combination_therapy,first_line,3,0.93
P01026,74,88,combination_therapy,first_line,4,0.82
P01026,84,98,combination_therapy,first_line,5,0.98
P01026,105,122,combination_therapy,first_line,6,0.88
P01026,131,145,combination_therapy,first_line,7,0.86
P01026,159,169,combination_therapy,first_line,8,0.89
P01026,171,185,combination_therapy,first_line,9,0.88
P01027,2,27,combination_therapy,first_line,1,0.97
P01027,27,36,combination_therapy,first_line,2,0.99
P01027,52,68,combination_therapy,first_line,3,0.86
P01027,63,83,combination_therapy,first_line,4,0.97
P01027,89,103,combination_therapy,first_line,5,0.96
P01027,111,121,combination_therapy,first_line,6,0.99
P01027,140,151,combination_therapy,first_line,7,0.85
P01027,152,174,combination_therapy,first_line,8,0.92
P01027,169,182,combination_therapy,first_line,9,0.85
P01028,7,22,chemotherapy,first_line,1,0.96
P01028,22,45,chemotherapy,first_line,2,0.8
P01028,43,59,chemotherapy,first_line,3,0.91
P01028,73,84,chemotherapy,first_line,4,0.87
P01028,108,130,chemotherapy,first_line,6,0.86
P01028,145,152,chemotherapy,first_line,7,0.93
P01028,148,170,chemotherapy,first_line,8,0.97
P01028,168,186,chemotherapy,first_line,9,0.92
P01029,1,25,targeted_therapy,first_line,1,0.97
P01029,24,38,targeted_therapy,first_line,2,0.85
P01029,45,68,targeted_therapy,first_line,3,0.9
P01029,104,111,targeted_therapy,first_line,5,0.89
P01029,107,130,targeted_therapy,first_line,6,0.8
P01029,128,146,targeted_therapy,first_line,7,0.91
P01029,149,173,targeted_therapy,first_line,8,0.93
P01029,178,185,targeted_therapy,first_line,9,0.92
P01030,3,25,immunotherapy,first_line,1,0.95
P01030,30,40,immunotherapy,first_line,2,0.91
P01030,42,68,immunotherapy,first_line,3,0.81
P01030,70,87,immunotherapy,first_line,4,0.82
P01030,85,108,immunotherapy,first_line,5,0.92
P01030,110,120,immunotherapy,first_line,6,0.85
P01030,127,153,immunotherapy,first_line,7,0.82
P01030,151,158,immunotherapy,first_line,8,0.89
P01030,168,176,immunotherapy,first_line,9,0.91
P01031,1,24,targeted_therapy,first_line,1,0.87
P01031,22,36,targeted_therapy,first_line,2,0.94
P01031,44,69,targeted_therapy,first_line,3,0.93
P01031,78,87,targeted_therapy,first_line,4,0.87
P01031,89,106,targeted_therapy,first_line,5,0.95
P01031,113,128,targeted_therapy,first_line,6,0.93
P01031,131,138,targeted_therapy,first_line,7,0.93
P01031,153,168,targeted_therapy,first_line,8,0.91
P01032,6,21,combination_therapy,first_line,1,0.8
P01032,21,48,combination_therapy,first_line,2,0.94
P01032,47,67,combination_therapy,first_line,3,0.88
P01032,64,90,combination_therapy,first_line,4,0.99
P01032,91,108,combination_therapy,first_line,5,0.96
P01032,109,132,combination_therapy,first_line,6,0.92
P01032,129,138,combination_therapy,first_line,7,0.85
P01032,153,174,combination_therapy,first_line,8,0.84
P01032,169,183,combination_therapy,first_line,9,0.87
P01033,9,21,targeted_therapy,first_line,1,0.9
P01033,27,48,targeted_therapy,first_line,2,0.86
P01033,50,66,targeted_therapy,first_line,3,0.9
P01033,65,89,targeted_therapy,first_line,4,0.83
P01033,96,111,targeted_therapy,first_line,5,1.0
P01033,107,131,targeted_therapy,first_line,6,0.82
P01033,138,153,targeted_therapy,first_line,7,0.99
P01033,149,166,targeted_therapy,first_line,8,0.98
P01033,169,182,targeted_therapy,first_line,9,0.91
P01034,3,26,targeted_therapy,first_line,1,0.94
P01034,21,48,targeted_therapy,first_line,2,0.89
P01034,53,60,targeted_therapy,first_line,3,0.93
P01034,68,89,targeted_therapy,first_line,4,0.87
P01034,84,99,targeted_therapy,first_line,5,0.86
P01034,105,132,targeted_therapy,first_line,6,0.92
P01034,155,166,targeted_therapy,first_line,8,0.9
P01034,174,182,targeted_therapy,first_line,9,0.92
P01035,6,22,immunotherapy,first_line,1,0.86
P01035,24,41,immunotherapy,first_line,2,0.87
P01035,56,66,immunotherapy,first_line,3,0.82
P01035,74,83,immunotherapy,first_line,4,0.81
P01035,85,107,immunotherapy,first_line,5,0.85
P01035,107,130,immunotherapy,first_line,6,0.81
P01035,130,152,immunotherapy,first_line,7,0.82
P01035,150,161,immunotherapy,first_line,8,0.96
P01035,172,184,immunotherapy,first_line,9,0.81
P01036,20,27,targeted_therapy,first_line,1,0.93
P01036,21,43,targeted_therapy,first_line,2,0.85
P01036,52,69,targeted_therapy,first_line,3,0.97
P01036,64,88,targeted_therapy,first_line,4,0.9
P01036,93,111,targeted_therapy,first_line,5,0.86
P01036,108,115,targeted_therapy,first_line,6,0.9
P01036,137,151,targeted_therapy,first_line,7,0.88
P01036,150,173,targeted_therapy,first_line,8,0.91
P01036,172,179,targeted_therapy,first_line,9,0.82
P01037,11,27,chemotherapy,first_line,1,1.0
P01037,27,48,chemotherapy,first_line,2,0.89
P01037,48,64,chemotherapy,first_line,3,0.87
P01037,67,88,chemotherapy,first_line,4,0.94
P01037,87,108,chemotherapy,first_line,5,0.87
P01037,112,122,chemotherapy,first_line,6,0.97
P01037,134,145,chemotherapy,first_line,7,0.89
P01037,155,172,chemotherapy,first_line,8,0.94
P01037,174,186,chemotherapy,first_line,9,0.82
P01038,18,25,chemotherapy,first_line,1,0.97
P01038,29,41,chemotherapy,first_line,2,0.95
P01038,46,69,chemotherapy,first_line,3,0.84
P01038,65,89,chemotherapy,first_line,4,0.83
P01038,84,106,chemotherapy,first_line,5,0.86
P01038,110,123,chemotherapy,first_line,6,1.0
P01038,129,139,chemotherapy,first_line,7,0.85
P01038,153,160,chemotherapy,first_line,8,0.89
P01038,170,182,chemotherapy,first_line,9,0.81
P01039,4,26,immunotherapy,first_line,1,0.88
P01039,21,46,immunotherapy,first_line,2,0.91
P01039,42,58,immunotherapy,first_line,3,0.99
P01039,64,71,immunotherapy,first_line,4,0.9
P01039,85,106,immunotherapy,first_line,5,0.96
P01039,112,123,immunotherapy,first_line,6,0.91
P01039,143,153,immunotherapy,first_line,7,0.81
P01039,150,174,immunotherapy,first_line,8,0.86
P01039,170,185,immunotherapy,first_line,9,0.92
P01040,12,19,chemotherapy,first_line,1,0.99
P01040,21,42,chemotherapy,first_line,2,0.97
P01040,49,64,chemotherapy,first_line,3,0.85
P01040,77,90,chemotherapy,first_line,4,0.84
P01040,84,91,chemotherapy,first_line,5,0.84
P01040,108,132,chemotherapy,first_line,6,0.98
P01040,133,143,chemotherapy,first_line,7,0.97
P01040,147,174,chemotherapy,first_line,8,0.95
P01040,170,183,chemotherapy,first_line,9,0.88
P01041,1,19,immunotherapy,first_line,1,0.9
P01041,25,48,immunotherapy,first_line,2,0.89
P01041,46,65,immunotherapy,first_line,3,0.85
P01041,67,74,immunotherapy,first_line,4,0.9
P01041,86,109,immunotherapy,first_line,5,0.81
P01041,106,129,immunotherapy,first_line,6,0.83
P01041,129,153,immunotherapy,first_line,7,0.98
P01041,152,170,immunotherapy,first_line,8,0.95
P01041,175,182,immunotherapy,first_line,9,0.88
P01043,6,27,combination_therapy,first_line,1,0.87
P01043,29,45,combination_therapy,first_line,2,0.95
P01043,42,64,combination_therapy,first_line,3,0.87
P01043,70,90,combination_therapy,first_line,4,0.83
P01043,89,106,combination_therapy,first_line,5,0.88
P01043,107,127,combination_therapy,first_line,6,1.0
P01043,126,140,combination_therapy,first_line,7,0.85
P01043,154,171,combination_therapy,first_line,8,0.92
P01044,2,25,chemotherapy,first_line,1,0.89
P01044,25,42,chemotherapy,first_line,2,0.81
P01044,66,90,chemotherapy,first_line,4,0.9
P01044,86,111,chemotherapy,first_line,5,0.94
P01044,119,130,chemotherapy,first_line,6,0.9
P01044,127,149,chemotherapy,first_line,7,0.97
P01044,150,168,chemotherapy,first_line,8,0.86
P01044,169,183,chemotherapy,first_line,9,0.82
P01045,6,19,targeted_therapy,first_line,1,0.99
P01045,29,48,targeted_therapy,first_line,2,0.88
P01045,44,63,targeted_therapy,first_line,3,0.92
P01045,66,90,targeted_therapy,first_line,4,0.96
P01045,85,110,targeted_therapy,first_line,5,0.86
P01045,112,126,targeted_therapy,first_line,6,0.94
P01045,129,143,targeted_therapy,first_line,7,0.83
P01045,151,158,targeted_therapy,first_line,8,0.86
P01045,169,186,targeted_therapy,first_line,9,0.83
P01046,2,26,targeted_therapy,first_line,1,0.96
P01046,21,47,targeted_therapy,first_line,2,0.84
P01046,42,68,targeted_therapy,first_line,3,0.94
P01046,63,87,targeted_therapy,first_line,4,0.99
P01046,85,92,targeted_therapy,first_line,5,0.91
P01046,105,120,targeted_therapy,first_line,6,0.91
P01046,129,150,targeted_therapy,first_line,7,0.89
P01046,148,157,targeted_therapy,first_line,8,0.87
P01046,174,185,targeted_therapy,first_line,9,0.9
P01047,1,21,chemotherapy,first_line,1,0.92
P01047,65,90,chemotherapy,first_line,4,1.0
P01047,87,108,chemotherapy,first_line,5,0.99
P01047,107,127,chemotherapy,first_line,6,0.97
P01047,128,148,chemotherapy,first_line,7,0.98
P01047,158,171,chemotherapy,first_line,8,0.89
P01047,171,186,chemotherapy,first_line,9,0.93
P01048,5,25,immunotherapy,first_line,1,0.98
P01048,32,48,immunotherapy,first_line,2,0.88
P01048,47,65,immunotherapy,first_line,3,0.99
P01048,73,85,immunotherapy,first_line,4,0.88
P01048,89,101,immunotherapy,first_line,5,0.92
P01048,106,128,immunotherapy,first_line,6,0.94
P01048,136,151,immunotherapy,first_line,7,0.99
P01048,150,173,immunotherapy,first_line,8,0.85
P01048,173,180,immunotherapy,first_line,9,0.95
P01049,3,26,combination_therapy,first_line,1,0.9
P01049,28,47,combination_therapy,first_line,2,0.85
P01049,49,68,combination_therapy,first_line,3,0.96
P01049,67,82,combination_therapy,first_line,4,0.91
P01049,85,92,combination_therapy,first_line,5,0.93
P01049,110,131,combination_therapy,first_line,6,0.86
P01049,126,152,combination_therapy,first_line,7,0.9
P01049,149,174,combination_therapy,first_line,8,0.92
P01049,171,179,combination_therapy,first_line,9,0.88
P01050,2,24,combination_therapy,first_line,1,0.84
P01050,30,47,combination_therapy,first_line,2,0.99
P01050,44,64,combination_therapy,first_line,3,0.9
P01050,69,77,combination_therapy,first_line,4,0.95
P01050,93,108,combination_therapy,first_line,5,0.88
P01050,109,132,combination_therapy,first_line,6,0.87
P01050,129,153,combination_therapy,first_line,7,0.88
P01050,152,174,combination_therapy,first_line,8,0.88
P01050,174,181,combination_therapy,first_line,9,0.91
P01051,28,48,targeted_therapy,first_line,2,0.91
P01051,47,69,targeted_therapy,first_line,3,0.9
P01051,69,89,targeted_therapy,first_line,4,0.83
P01051,94,102,targeted_therapy,first_line,5,0.9
P01051,106,131,targeted_therapy,first_line,6,0.83
P01051,131,138,targeted_therapy,first_line,7,0.83
P01051,150,174,targeted_therapy,first_line,8,0.99
P01051,169,184,targeted_therapy,first_line,9,0.92
P01052,8,19,chemotherapy,first_line,1,0.93
P01052,26,44,chemotherapy,first_line,2,0.88
P01052,43,69,chemotherapy,first_line,3,0.98
P01052,69,90,chemotherapy,first_line,4,0.93
P01052,86,111,chemotherapy,first_line,5,0.95
P01052,106,127,chemotherapy,first_line,6,0.87
P01052,128,151,chemotherapy,first_line,7,0.99
P01052,150,159,chemotherapy,first_line,8,0.96
P01052,169,182,chemotherapy,first_line,9,0.97
P01053,0,27,immunotherapy,first_line,1,0.83
P01053,23,47,immunotherapy,first_line,2,0.85
P01053,43,64,immunotherapy,first_line,3,0.86
P01053,63,87,immunotherapy,first_line,4,0.85
P01053,88,111,immunotherapy,first_line,5,0.97
P01053,105,127,immunotherapy,first_line,6,0.81
P01053,131,148,immunotherapy,first_line,7,0.82
P01053,157,173,immunotherapy,first_line,8,0.85
P01053,178,185,immunotherapy,first_line,9,0.84
P01054,8,24,immunotherapy,first_line,1,0.85
P01054,23,35,immunotherapy,first_line,2,0.96
P01054,42,60,immunotherapy,first_line,3,0.91
P01054,65,81,immunotherapy,first_line,4,0.8
P01054,91,111,immunotherapy,first_line,5,0.89
P01054,109,122,immunotherapy,first_line,6,0.88
P01054,136,150,immunotherapy,first_line,7,0.82
P01054,153,172,immunotherapy,first_line,8,0.94
P01054,170,186,immunotherapy,first_line,9,0.94
P01056,13,24,chemotherapy,first_line,1,0.96
P01056,25,45,chemotherapy,first_line,2,0.97
P01056,44,58,chemotherapy,first_line,3,0.82
P01056,72,90,chemotherapy,first_line,4,0.95
P01056,91,100,chemotherapy,first_line,5,0.99
P01056,117,132,chemotherapy,first_line,6,0.94
P01056,127,145,chemotherapy,first_line,7,0.91
P01056,154,174,chemotherapy,first_line,8,0.99
P01056,168,179,chemotherapy,first_line,9,0.89
P01057,9,16,targeted_therapy,first_line,1,0.92
P01057,36,45,targeted_therapy,first_line,2,0.9
P01057,44,68,targeted_therapy,first_line,3,0.99
P01057,63,89,targeted_therapy,first_line,4,0.82
P01057,84,110,targeted_therapy,first_line,5,0.9
P01057,105,122,targeted_therapy,first_line,6,0.94
P01057,130,149,targeted_therapy,first_line,7,0.96
P01057,147,173,targeted_therapy,first_line,8,0.92
P01057,168,183,targeted_therapy,first_line,9,0.98
P01058,3,26,combination_therapy,first_line,1,0.99
P01058,24,31,combination_therapy,first_line,2,0.81
P01058,46,69,combination_therapy,first_line,3,0.88
P01058,80,89,combination_therapy,first_line,4,0.8
P01058,93,110,combination_therapy,first_line,5,0.87
P01058,106,128,combination_therapy,first_line,6,0.91
P01058,128,152,combination_therapy,first_line,7,0.98
P01058,158,165,combination_therapy,first_line,8,0.97
P01058,173,184,combination_therapy,first_line,9,0.83
P01059,0,25,immunotherapy,first_line,1,0.82
P01059,21,48,immunotherapy,first_line,2,0.92
P01059,48,67,immunotherapy,first_line,3,0.91
P01059,68,85,immunotherapy,first_line,4,0.85
P01059,91,98,immunotherapy,first_line,5,0.98
P01059,105,132,immunotherapy,first_line,6,0.99
P01059,126,144,immunotherapy,first_line,7,0.88
P01059,148,172,immunotherapy,first_line,8,0.98
P01059,176,183,immunotherapy,first_line,9,0.88
P01060,4,21,targeted_therapy,first_line,1,0.95
P01060,22,45,targeted_therapy,first_line,2,0.9
P01060,44,55,targeted_therapy,first_line,3,0.82
P01060,73,87,targeted_therapy,first_line,4,0.99
P01060,87,107,targeted_therapy,first_line,5,0.89
P01060,108,132,targeted_therapy,first_line,6,0.95
P01060,132,150,targeted_therapy,first_line,7,0.87
P01060,154,172,targeted_therapy,first_line,8,0.8
P01060,170,180,targeted_therapy,first_line,9,0.82
P01061,11,26,targeted_therapy,first_line,1,0.9
P01061,22,43,targeted_therapy,first_line,2,0.94
P01061,42,63,targeted_therapy,first_line,3,0.87
P01061,64,90,targeted_therapy,first_line,4,0.94
P01061,89,103,targeted_therapy,first_line,5,0.94
P01061,119,127,targeted_therapy,first_line,6,0.94
P01061,126,147,targeted_therapy,first_line,7,0.9
P01061,153,174,targeted_therapy,first_line,8,0.98
P01061,169,180,targeted_therapy,first_line,9,0.9
P01062,1,27,immunotherapy,first_line,1,0.89
P01062,22,43,immunotherapy,first_line,2,0.84
P01062,49,65,immunotherapy,first_line,3,0.86
P01062,65,89,immunotherapy,first_line,4,0.81
P01062,85,108,immunotherapy,first_line,5,0.93
P01062,110,118,immunotherapy,first_line,6,0.85
P01062,130,152,immunotherapy,first_line,7,0.86
P01062,157,164,immunotherapy,first_line,8,0.95
P01062,177,184,immunotherapy,first_line,9,0.87
P01063,0,20,immunotherapy,first_line,1,0.85
P01063,34,48,immunotherapy,first_line,2,0.83
P01063,43,68,immunotherapy,first_line,3,0.95
P01063,65,83,immunotherapy,first_line,4,0.83
P01063,91,108,immunotherapy,first_line,5,0.89
P01063,105,127,immunotherapy,first_line,6,0.9
P01063,127,151,immunotherapy,first_line,7,0.94
P01063,147,171,immunotherapy,first_line,8,0.93
P01063,177,184,immunotherapy,first_line,9,0.96
P01064,4,26,chemotherapy,first_line,1,0.81
P01064,22,40,chemotherapy,first_line,2,0.86
P01064,47,61,chemotherapy,first_line,3,0.86
P01064,68,75,chemotherapy,first_line,4,0.83
P01064,88,96,chemotherapy,first_line,5,0.86
P01064,108,115,chemotherapy,first_line,6,0.86
P01064,128,151,chemotherapy,first_line,7,0.9
P01064,150,174,chemotherapy,first_line,8,0.93
P01064,173,181,chemotherapy,first_line,9,0.88
P01065,0,21,combination_therapy,first_line,1,0.94
P01065,21,46,combination_therapy,first_line,2,0.87
P01065,43,69,combination_therapy,first_line,3,0.86
P01065,64,84,combination_therapy,first_line,4,0.91
P01065,86,107,combination_therapy,first_line,5,0.8
P01065,105,127,combination_therapy,first_line,6,0.82
P01065,134,152,combination_therapy,first_line,7,0.88
P01065,155,167,combination_therapy,first_line,8,0.99
P01065,174,185,combination_therapy,first_line,9,0.94
P01066,1,20,immunotherapy,first_line,1,0.82
P01066,23,41,immunotherapy,first_line,2,0.97
P01066,42,64,immunotherapy,first_line,3,0.95
P01066,68,88,immunotherapy,first_line,4,0.92
P01066,88,111,immunotherapy,first_line,5,0.96
P01066,108,130,immunotherapy,first_line,6,0.88
P01066,135,151,immunotherapy,first_line,7,0.84
P01066,154,174,immunotherapy,first_line,8,0.9
P01067,4,24,targeted_therapy,first_line,1,0.91
P01067,28,43,targeted_therapy,first_line,2,0.91
P01067,46,68,targeted_therapy,first_line,3,0.91
P01067,67,84,targeted_therapy,first_line,4,0.99
P01067,84,109,targeted_therapy,first_line,5,0.98
P01067,111,131,targeted_therapy,first_line,6,0.98
P01067,135,153,targeted_therapy,first_line,7,0.96
P01067,149,174,targeted_therapy,first_line,8,0.99
P01068,1,26,targeted_therapy,first_line,1,0.82
P01068,22,36,targeted_therapy,first_line,2,0.85
P01068,43,68,targeted_therapy,first_line,3,0.9
P01068,65,89,targeted_therapy,first_line,4,0.97
P01068,95,110,targeted_therapy,first_line,5,0.9
P01068,107,132,targeted_therapy,first_line,6,0.95
P01068,130,153,targeted_therapy,first_line,7,0.83
P01068,154,170,targeted_therapy,first_line,8,0.85
P01068,174,183,targeted_therapy,first_line,9,0.95
P01069,0,26,targeted_therapy,first_line,1,0.83
P01069,26,35,targeted_therapy,first_line,2,0.87
P01069,47,67,targeted_therapy,first_line,3,0.85
P01069,80,87,targeted_therapy,first_line,4,0.87
P01069,86,106,targeted_therapy,first_line,5,0.94
P01069,110,129,targeted_therapy,first_line,6,0.87
P01069,142,149,targeted_therapy,first_line,7,0.91
P01069,148,171,targeted_therapy,first_line,8,0.82
P01069,172,179,targeted_therapy,first_line,9,0.96
P01070,1,26,immunotherapy,first_line,1,0.87
P01070,21,48,immunotherapy,first_line,2,0.93
P01070,58,65,immunotherapy,first_line,3,0.95
P01070,66,82,immunotherapy,first_line,4,0.84
P01070,90,98,immunotherapy,first_line,5,0.98
P01070,105,130,immunotherapy,first_line,6,0.92
P01070,129,146,immunotherapy,first_line,7,0.89
P01070,157,170,immunotherapy,first_line,8,0.84
P01070,170,183,immunotherapy,first_line,9,0.99
P01071,9,16,immunotherapy,first_line,1,0.95
P01071,23,45,immunotherapy,first_line,2,0.84
P01071,45,69,immunotherapy,first_line,3,0.87
P01071,63,86,immunotherapy,first_line,4,0.96
P01071,88,106,immunotherapy,first_line,5,0.94
P01071,106,130,immunotherapy,first_line,6,0.95
P01071,126,149,immunotherapy,first_line,7,0.89
P01071,148,169,immunotherapy,first_line,8,0.94
P01071,169,186,immunotherapy,first_line,9,0.88
P01072,5,21,immunotherapy,first_line,1,0.84
P01072,23,45,immunotherapy,first_line,2,0.93
P01072,42,69,immunotherapy,first_line,3,1.0
P01072,63,83,immunotherapy,first_line,4,0.86
P01072,93,103,immunotherapy,first_line,5,0.89
P01072,109,116,immunotherapy,first_line,6,0.93
P01072,135,142,immunotherapy,first_line,7,0.91
P01072,151,168,immunotherapy,first_line,8,0.97
P01072,171,178,immunotherapy,first_line,9,0.95
P01073,7,17,immunotherapy,first_line,1,0.81
P01073,24,46,immunotherapy,first_line,2,1.0
P01073,42,62,immunotherapy,first_line,3,0.95
P01073,66,77,immunotherapy,first_line,4,0.97
P01073,92,99,immunotherapy,first_line,5,0.93
P01073,105,131,immunotherapy,first_line,6,0.97
P01073,134,147,immunotherapy,first_line,7,0.82
P01073,148,173,immunotherapy,first_line,8,0.87
P01073,171,178,immunotherapy,first_line,9,0.98
P01074,1,22,chemotherapy,first_line,1,0.84
P01074,26,38,chemotherapy,first_line,2,0.82
P01074,42,50,chemotherapy,first_line,3,0.96
P01074,69,90,chemotherapy,first_line,4,0.97
P01074,87,111,chemotherapy,first_line,5,0.83
P01074,109,131,chemotherapy,first_line,6,0.97
P01074,137,144,chemotherapy,first_line,7,0.94
P01074,151,170,chemotherapy,first_line,8,0.9
P01074,168,185,chemotherapy,first_line,9,0.97
P01075,0,25,chemotherapy,first_line,1,0.88
P01075,31,42,chemotherapy,first_line,2,0.84
P01075,44,68,chemotherapy,first_line,3,0.86
P01075,63,85,chemotherapy,first_line,4,0.9
P01075,84,106,chemotherapy,first_line,5,0.91
P01075,107,130,chemotherapy,first_line,6,0.96
P01075,129,143,chemotherapy,first_line,7,0.96
P01075,147,171,chemotherapy,first_line,8,0.92
P01075,168,183,chemotherapy,first_line,9,0.96
P01076,3,17,targeted_therapy,first_line,1,0.84
P01076,25,43,targeted_therapy,first_line,2,0.81
P01076,45,59,targeted_therapy,first_line,3,0.97
P01076,63,70,targeted_therapy,first_line,4,0.82
P01076,92,110,targeted_therapy,first_line,5,0.85
P01076,106,113,targeted_therapy,first_line,6,0.94
P01076,131,150,targeted_therapy,first_line,7,0.88
P01076,150,174,targeted_therapy,first_line,8,0.98
P01076,169,181,targeted_therapy,first_line,9,0.86
P01077,0,16,chemotherapy,first_line,1,0.8
P01077,27,48,chemotherapy,first_line,2,0.86
P01077,57,64,chemotherapy,first_line,3,0.92
P01077,69,88,chemotherapy,first_line,4,0.88
P01077,84,110,chemotherapy,first_line,5,0.91
P01077,107,129,chemotherapy,first_line,6,0.98
P01077,128,150,chemotherapy,first_line,7,0.98
P01078,1,23,combination_therapy,first_line,1,0.85
P01078,45,60,combination_therapy,first_line,3,0.89
P01078,64,86,combination_therapy,first_line,4,0.91
P01078,85,108,combination_therapy,first_line,5,0.99
P01078,113,131,combination_therapy,first_line,6,1.0
P01078,130,147,combination_therapy,first_line,7,0.85
P01078,151,172,combination_therapy,first_line,8,0.95
P01078,173,180,combination_therapy,first_line,9,0.88
P01079,13,20,combination_therapy,first_line,1,0.8
P01079,28,37,combination_therapy,first_line,2,0.8
P01079,45,68,combination_therapy,first_line,3,0.89
P01079,66,87,combination_therapy,first_line,4,0.9
P01079,86,101,combination_therapy,first_line,5,0.8
P01079,112,119,combination_therapy,first_line,6,0.94
P01079,131,152,combination_therapy,first_line,7,0.86
P01079,147,171,combination_therapy,first_line,8,0.91
P01079,170,179,combination_therapy,first_line,9,0.86
P01080,4,11,chemotherapy,first_line,1,0.83
P01080,23,47,chemotherapy,first_line,2,0.88
P01080,45,62,chemotherapy,first_line,3,0.85
P01080,64,90,chemotherapy,first_line,4,0.91
P01080,95,110,chemotherapy,first_line,5,0.84
P01080,108,126,chemotherapy,first_line,6,0.9
P01080,127,150,chemotherapy,first_line,7,0.83
P01080,153,167,chemotherapy,first_line,8,0.93
P01080,172,179,chemotherapy,first_line,9,0.95
P01081,2,27,immunotherapy,first_line,1,0.82
P01081,23,47,immunotherapy,first_line,2,0.89
P01081,43,67,immunotherapy,first_line,3,0.81
P01081,80,87,immunotherapy,first_line,4,0.92
P01081,87,97,immunotherapy,first_line,5,0.85
P01081,106,130,immunotherapy,first_line,6,0.91
P01081,128,152,immunotherapy,first_line,7,0.9
P01081,147,164,immunotherapy,first_line,8,0.98
P01081,170,186,immunotherapy,first_line,9,0.91
P01082,3,23,targeted_therapy,first_line,1,0.92
P01082,23,47,targeted_therapy,first_line,2,0.88
P01082,73,89,targeted_therapy,first_line,4,0.99
P01082,89,103,targeted_therapy,first_line,5,0.96
P01082,106,131,targeted_therapy,first_line,6,0.86
P01082,127,146,targeted_therapy,first_line,7,0.97
P01082,150,170,targeted_therapy,first_line,8,0.89
P01082,168,181,targeted_therapy,first_line,9,0.97
P01083,6,24,targeted_therapy,first_line,1,0.96
P01083,22,46,targeted_therapy,first_line,2,0.84
P01083,58,69,targeted_therapy,first_line,3,0.94
P01083,66,85,targeted_therapy,first_line,4,0.86
P01083,89,111,targeted_therapy,first_line,5,0.86
P01083,106,132,targeted_therapy,first_line,6,0.86
P01083,127,151,targeted_therapy,first_line,7,0.95
P01083,149,172,targeted_therapy,first_line,8,0.85
P01083,168,183,targeted_therapy,first_line,9,0.8
P01084,0,18,immunotherapy,first_line,1,0.94
P01084,33,46,immunotherapy,first_line,2,0.83
P01084,42,63,immunotherapy,first_line,3,0.82
P01084,64,89,immunotherapy,first_line,4,0.85
P01084,89,109,immunotherapy,first_line,5,0.88
P01084,105,129,immunotherapy,first_line,6,0.9
P01084,130,142,immunotherapy,first_line,7,0.81
P01084,151,162,immunotherapy,first_line,8,0.99
P01084,173,186,immunotherapy,first_line,9,0.94
P01085,9,21,combination_therapy,first_line,1,0.86
P01085,25,45,combination_therapy,first_line,2,0.86
P01085,58,68,combination_therapy,first_line,3,0.89
P01085,65,90,combination_therapy,first_line,4,0.93
P01085,87,98,combination_therapy,first_line,5,0.83
P01085,105,126,combination_therapy,first_line,6,0.84
P01085,128,151,combination_therapy,first_line,7,0.97
P01085,159,173,combination_therapy,first_line,8,0.85
P01085,168,182,combination_therapy,first_line,9,0.88
P01086,4,27,combination_therapy,first_line,1,0.97
P01086,25,48,combination_therapy,first_line,2,0.93
P01086,53,60,combination_therapy,first_line,3,0.87
P01086,65,86,combination_therapy,first_line,4,0.94
P01086,110,129,combination_therapy,first_line,6,0.8
P01086,128,142,combination_therapy,first_line,7,0.95
P01086,157,164,combination_therapy,first_line,8,0.9
P01086,168,175,combination_therapy,first_line,9,0.96
P01087,6,26,combination_therapy,first_line,1,0.99
P01087,25,48,combination_therapy,first_line,2,0.99
P01087,57,64,combination_therapy,first_line,3,0.98
P01087,64,85,combination_therapy,first_line,4,0.9
P01087,84,108,combination_therapy,first_line,5,0.87
P01087,106,131,combination_therapy,first_line,6,0.89
P01087,130,152,combination_therapy,first_line,7,0.94
P01087,151,172,combination_therapy,first_line,8,0.98
P01087,168,183,combination_therapy,first_line,9,0.84
P01088,0,26,targeted_therapy,first_line,1,0.98
P01088,32,43,targeted_therapy,first_line,2,0.96
P01088,47,68,targeted_therapy,first_line,3,1.0
P01088,72,86,targeted_therapy,first_line,4,0.98
P01088,84,106,targeted_therapy,first_line,5,0.86
P01088,105,130,targeted_therapy,first_line,6,0.82
P01088,132,143,targeted_therapy,first_line,7,0.82
P01088,158,171,targeted_therapy,first_line,8,0.86
P01088,176,184,targeted_therapy,first_line,9,0.92
P01089,2,22,targeted_therapy,first_line,1,0.96
P01089,23,46,targeted_therapy,first_line,2,0.98
P01089,49,68,targeted_therapy,first_line,3,0.92
P01089,65,72,targeted_therapy,first_line,4,0.8
P01089,90,110,targeted_therapy,first_line,5,0.84
P01089,111,129,targeted_therapy,first_line,6,0.82
P01089,130,153,targeted_therapy,first_line,7,0.87
P01089,149,161,targeted_therapy,first_line,8,0.9
P01089,173,183,targeted_therapy,first_line,9,0.81
P01090,2,24,combination_therapy,first_line,1,0.87
P01090,22,48,combination_therapy,first_line,2,0.84
P01090,48,66,combination_therapy,first_line,3,0.93
P01090,67,78,combination_therapy,first_line,4,0.89
P01090,88,107,combination_therapy,first_line,5,0.9
P01090,106,128,combination_therapy,first_line,6,0.89
P01090,126,151,combination_therapy,first_line,7,0.99
P01090,151,163,combination_therapy,first_line,8,0.84
P01090,168,177,combination_therapy,first_line,9,0.9
P01091,7,26,combination_therapy,first_line,1,0.95
P01091,22,47,combination_therapy,first_line,2,0.91
P01091,45,62,combination_therapy,first_line,3,0.99
P01091,70,87,combination_therapy,first_line,4,0.88
P01091,86,103,combination_therapy,first_line,5,0.89
P01091,106,119,combination_therapy,first_line,6,0.82
P01091,126,138,combination_therapy,first_line,7,0.92
P01091,151,172,combination_therapy,first_line,8,0.86
P01091,173,182,combination_therapy,first_line,9,0.83
P01092,9,22,chemotherapy,first_line,1,0.91
P01092,28,45,chemotherapy,first_line,2,0.91
P01092,44,69,chemotherapy,first_line,3,0.82
P01092,64,87,chemotherapy,first_line,4,0.94
P01092,85,106,chemotherapy,first_line,5,0.92
P01092,108,128,chemotherapy,first_line,6,0.84
P01092,127,134,chemotherapy,first_line,7,0.89
P01092,165,172,chemotherapy,first_line,8,0.94
P01092,170,177,chemotherapy,first_line,9,0.91
P01093,3,25,targeted_therapy,first_line,1,0.88
P01093,25,47,targeted_therapy,first_line,2,0.86
P01093,42,49,targeted_therapy,first_line,3,0.92
P01093,66,89,targeted_therapy,first_line,4,0.99
P01093,86,108,targeted_therapy,first_line,5,0.93
P01093,116,127,targeted_therapy,first_line,6,0.81
P01093,147,174,targeted_therapy,first_line,8,0.89
P01093,176,185,targeted_therapy,first_line,9,0.98
P01094,6,21,immunotherapy,first_line,1,0.82
P01094,28,39,immunotherapy,first_line,2,1.0
P01094,46,69,immunotherapy,first_line,3,0.99
P01094,66,87,immunotherapy,first_line,4,0.82
P01094,84,103,immunotherapy,first_line,5,0.99
P01094,107,129,immunotherapy,first_line,6,0.87
P01094,135,152,immunotherapy,first_line,7,0.97
P01094,162,172,immunotherapy,first_line,8,0.88
P01094,173,180,immunotherapy,first_line,9,0.89
P01095,15,26,immunotherapy,first_line,1,0.93
P01095,27,48,immunotherapy,first_line,2,0.95
P01095,45,63,immunotherapy,first_line,3,0.81
P01095,63,90,immunotherapy,first_line,4,0.92
P01095,97,104,immunotherapy,first_line,5,0.84
P01095,106,132,immunotherapy,first_line,6,0.87
P01095,131,153,immunotherapy,first_line,7,0.87
P01095,147,168,immunotherapy,first_line,8,0.89
P01096,6,27,combination_therapy,first_line,1,0.87
P01096,21,38,combination_therapy,first_line,2,0.82
P01096,44,67,combination_therapy,first_line,3,0.83
P01096,68,86,combination_therapy,first_line,4,0.81
P01096,85,108,combination_therapy,first_line,5,0.89
P01096,109,124,combination_therapy,first_line,6,0.99
P01096,131,148,combination_therapy,first_line,7,0.82
P01096,148,174,combination_therapy,first_line,8,0.99
P01096,170,177,combination_therapy,first_line,9,0.95
P01097,3,27,chemotherapy,first_line,1,0.93
P01097,22,42,chemotherapy,first_line,2,0.93
P01097,44,68,chemotherapy,first_line,3,0.97
P01097,66,88,chemotherapy,first_line,4,0.82
P01097,84,110,chemotherapy,first_line,5,0.9
P01097,106,131,chemotherapy,first_line,6,0.94
P01097,130,145,chemotherapy,first_line,7,0.92
P01097,148,165,chemotherapy,first_line,8,0.97
P01097,174,181,chemotherapy,first_line,9,0.81
P01098,3,23,combination_therapy,first_line,1,0.94
P01098,21,44,combination_therapy,first_line,2,0.91
P01098,43,61,combination_therapy,first_line,3,0.88
P01098,76,85,combination_therapy,first_line,4,0.87
P01098,86,109,combination_therapy,first_line,5,0.92
P01098,112,125,combination_therapy,first_line,6,0.98
P01098,132,152,combination_therapy,first_line,7,0.9
P01098,156,170,combination_therapy,first_line,8,0.96
P01098,176,184,combination_therapy,first_line,9,0.88
P01099,9,24,combination_therapy,first_line,1,0.82
P01099,21,48,combination_therapy,first_line,2,0.81
P01099,42,65,combination_therapy,first_line,3,0.81
P01099,71,81,combination_therapy,first_line,4,0.88
P01099,84,105,combination_therapy,first_line,5,0.87
P01099,106,124,combination_therapy,first_line,6,0.94
P01099,131,149,combination_therapy,first_line,7,0.95
P01099,150,164,combination_therapy,first_line,8,0.81
P01099,171,180,combination_therapy,first_line,9,0.84
P01100,18,25,targeted_therapy,first_line,1,0.85
P01100,27,43,targeted_therapy,first_line,2,0.91
P01100,57,69,targeted_therapy,first_line,3,0.83
P01100,64,85,targeted_therapy,first_line,4,0.83
P01100,89,106,targeted_therapy,first_line,5,0.99
P01100,107,129,targeted_therapy,first_line,6,0.96
P01100,128,145,targeted_therapy,first_line,7,0.84
P01100,153,169,targeted_therapy,first_line,8,0.88
P01100,168,185,targeted_therapy,first_line,9,0.87
P01101,8,15,combination_therapy,first_line,1,0.96
P01101,21,44,combination_therapy,first_line,2,0.9
P01101,43,66,combination_therapy,first_line,3,0.83
P01101,63,86,combination_therapy,first_line,4,0.95
P01101,85,100,combination_therapy,first_line,5,0.88
P01101,112,126,combination_therapy,first_line,6,0.85
P01101,128,151,combination_therapy,first_line,7,0.88
P01101,150,174,combination_therapy,first_line,8,0.9
P01101,172,185,combination_therapy,first_line,9,0.87
P01102,2,22,targeted_therapy,first_line,1,0.85
P01102,35,42,targeted_therapy,first_line,2,0.88
P01102,42,67,targeted_therapy,first_line,3,0.8
P01102,64,88,targeted_therapy,first_line,4,0.95
P01102,85,109,targeted_therapy,first_line,5,0.83
P01102,111,129,targeted_therapy,first_line,6,0.81
P01102,126,153,targeted_therapy,first_line,7,0.93
P01102,154,173,targeted_therapy,first_line,8,0.95
P01102,168,186,targeted_therapy,first_line,9,0.96
P01103,3,14,targeted_therapy,first_line,1,0.9
P01103,23,47,targeted_therapy,first_line,2,0.84
P01103,45,66,targeted_therapy,first_line,3,0.95
P01103,64,88,targeted_therapy,first_line,4,0.94
P01103,86,109,targeted_therapy,first_line,5,0.85
P01103,114,128,targeted_therapy,first_line,6,0.98
P01103,138,153,targeted_therapy,first_line,7,0.82
P01103,150,172,targeted_therapy,first_line,8,1.0
P01103,177,184,targeted_therapy,first_line,9,0.97
P01104,15,26,immunotherapy,first_line,1,0.94
P01104,21,48,immunotherapy,first_line,2,0.99
P01104,53,65,immunotherapy,first_line,3,0.94
P01104,66,86,immunotherapy,first_line,4,0.84
P01104,91,100,immunotherapy,first_line,5,0.89
P01104,107,123,immunotherapy,first_line,6,0.81
P01104,126,145,immunotherapy,first_line,7,0.88
P01104,153,165,immunotherapy,first_line,8,0.95
P01104,171,178,immunotherapy,first_line,9,0.88
P01105,8,22,combination_therapy,first_line,1,0.87
P01105,27,47,combination_therapy,first_line,2,0.92
P01105,49,68,combination_therapy,first_line,3,0.97
P01105,68,90,combination_therapy,first_line,4,0.81
P01105,84,111,combination_therapy,first_line,5,0.88
P01105,109,126,combination_therapy,first_line,6,0.83
P01105,137,146,combination_therapy,first_line,7,0.94
P01105,150,165,combination_therapy,first_line,8,0.82
P01105,170,183,combination_therapy,first_line,9,0.93
P01106,2,16,immunotherapy,first_line,1,0.86
P01106,28,47,immunotherapy,first_line,2,0.84
P01106,44,60,immunotherapy,first_line,3,0.99
P01106,71,88,immunotherapy,first_line,4,0.8
P01106,89,109,immunotherapy,first_line,5,0.89
P01106,112,119,immunotherapy,first_line,6,0.8
P01106,128,149,immunotherapy,first_line,7,0.9
P01106,149,170,immunotherapy,first_line,8,0.9
P01107,2,26,combination_therapy,first_line,1,0.86
P01107,25,32,combination_therapy,first_line,2,0.83
P01107,45,65,combination_therapy,first_line,3,0.88
P01107,72,84,combination_therapy,first_line,4,0.93
P01107,87,106,combination_therapy,first_line,5,0.96
P01107,109,116,combination_therapy,first_line,6,0.91
P01107,127,141,combination_therapy,first_line,7,0.92
P01107,150,174,combination_therapy,first_line,8,0.84
P01107,168,186,combination_therapy,first_line,9,0.86
P01108,7,26,combination_therapy,first_line,1,0.83
P01108,24,47,combination_therapy,first_line,2,0.85
P01108,44,67,combination_therapy,first_line,3,0.84
P01108,65,86,combination_therapy,first_line,4,0.9
P01108,90,109,combination_therapy,first_line,5,0.91
P01108,106,128,combination_therapy,first_line,6,0.99
P01108,128,150,combination_therapy,first_line,7,0.84
P01108,148,155,combination_therapy,first_line,8,0.93
P01108,168,180,combination_therapy,first_line,9,0.96
P01109,5,25,combination_therapy,first_line,1,0.91
P01109,22,48,combination_therapy,first_line,2,0.85
P01109,44,63,combination_therapy,first_line,3,0.85
P01109,65,85,combination_therapy,first_line,4,0.81
P01109,86,111,combination_therapy,first_line,5,0.86
P01109,105,127,combination_therapy,first_line,6,0.95
P01109,131,138,combination_therapy,first_line,7,0.81
P01109,157,174,combination_therapy,first_line,8,0.84
P01109,170,185,combination_therapy,first_line,9,0.94
P01110,6,16,targeted_therapy,first_line,1,0.96
P01110,21,47,targeted_therapy,first_line,2,0.89
P01110,46,68,targeted_therapy,first_line,3,0.94
P01110,64,86,targeted_therapy,first_line,4,0.88
P01110,86,97,targeted_therapy,first_line,5,0.83
P01110,105,131,targeted_therapy,first_line,6,0.88
P01110,126,150,targeted_therapy,first_line,7,0.92
P01110,156,173,targeted_therapy,first_line,8,0.99
P01110,173,184,targeted_therapy,first_line,9,0.81
P01111,7,25,combination_therapy,first_line,1,0.9
P01111,25,48,combination_therapy,first_line,2,0.87
P01111,49,62,combination_therapy,first_line,3,0.9
P01111,76,87,combination_therapy,first_line,4,0.8
P01111,87,109,combination_therapy,first_line,5,0.86
P01111,106,131,combination_therapy,first_line,6,0.96
P01111,129,153,combination_therapy,first_line,7,0.91
P01111,147,172,combination_therapy,first_line,8,0.89
P01111,170,185,combination_therapy,first_line,9,0.86
P01112,3,27,chemotherapy,first_line,1,0.86
P01112,22,47,chemotherapy,first_line,2,0.88
P01112,49,63,chemotherapy,first_line,3,0.97
P01112,64,81,chemotherapy,first_line,4,0.99
P01112,85,106,chemotherapy,first_line,5,0.89
P01112,105,125,chemotherapy,first_line,6,0.88
P01112,135,153,chemotherapy,first_line,7,0.97
P01112,150,164,chemotherapy,first_line,8,0.89
P01112,173,183,chemotherapy,first_line,9,0.91
P01113,13,26,chemotherapy,first_line,1,0.85
P01113,21,48,chemotherapy,first_line,2,0.95
P01113,54,69,chemotherapy,first_line,3,0.91
P01113,64,85,chemotherapy,first_line,4,0.96
P01113,88,108,chemotherapy,first_line,5,0.96
P01113,114,126,chemotherapy,first_line,6,0.84
P01113,135,152,chemotherapy,first_line,7,0.94
P01113,151,158,chemotherapy,first_line,8,0.96
P01113,171,178,chemotherapy,first_line,9,0.87
P01114,4,16,immunotherapy,first_line,1,0.83
P01114,21,44,immunotherapy,first_line,2,0.8
P01114,45,65,immunotherapy,first_line,3,0.89
P01114,83,90,immunotherapy,first_line,4,0.87
P01114,105,128,immunotherapy,first_line,6,0.91
P01114,126,149,immunotherapy,first_line,7,0.84
P01114,149,169,immunotherapy,first_line,8,0.97
P01114,171,186,immunotherapy,first_line,9,0.85
P01115,9,27,immunotherapy,first_line,1,0.85
P01115,22,32,immunotherapy,first_line,2,0.9
P01115,42,63,immunotherapy,first_line,3,0.9
P01115,65,89,immunotherapy,first_line,4,0.84
P01115,98,111,immunotherapy,first_line,5,0.85
P01115,108,132,immunotherapy,first_line,6,0.83
P01115,129,148,immunotherapy,first_line,7,0.94
P01115,149,173,immunotherapy,first_line,8,0.95
P01115,170,181,immunotherapy,first_line,9,0.89
P01116,3,27,immunotherapy,first_line,1,0.94
P01116,25,48,immunotherapy,first_line,2,0.95
P01116,43,68,immunotherapy,first_line,3,0.83
P01116,63,86,immunotherapy,first_line,4,0.99
P01116,92,107,immunotherapy,first_line,5,0.96
P01116,120,132,immunotherapy,first_line,6,0.84
P01116,128,153,immunotherapy,first_line,7,0.84
P01116,153,167,immunotherapy,first_line,8,0.83
P01116,179,186,immunotherapy,first_line,9,0.83
P01117,8,24,combination_therapy,first_line,1,0.95
P01117,21,45,combination_therapy,first_line,2,0.89
P01117,49,68,combination_therapy,first_line,3,0.96
P01117,63,89,combination_therapy,first_line,4,0.95
P01117,90,109,combination_therapy,first_line,5,0.92
P01117,110,127,combination_therapy,first_line,6,0.94
P01117,130,150,combination_therapy,first_line,7,0.8
P01117,157,167,combination_therapy,first_line,8,0.86
P01117,177,184,combination_therapy,first_line,9,0.93
P01118,12,27,combination_therapy,first_line,1,0.8
P01118,40,47,combination_therapy,first_line,2,0.81
P01118,48,69,combination_therapy,first_line,3,0.97
P01118,71,85,combination_therapy,first_line,4,0.94
P01118,101,108,combination_therapy,first_line,5,0.85
P01118,107,131,combination_therapy,first_line,6,0.94
P01118,126,143,combination_therapy,first_line,7,0.96
P01118,147,174,combination_therapy,first_line,8,0.86
P01118,169,183,combination_therapy,first_line,9,0.81
P01119,0,27,targeted_therapy,first_line,1,0.99
P01119,23,47,targeted_therapy,first_line,2,0.87
P01119,44,69,targeted_therapy,first_line,3,0.82
P01119,65,88,targeted_therapy,first_line,4,0.9
P01119,87,110,targeted_therapy,first_line,5,0.95
P01119,110,124,targeted_therapy,first_line,6,0.84
P01119,128,140,targeted_therapy,first_line,7,0.85
P01119,148,171,targeted_therapy,first_line,8,0.85
P01120,11,25,immunotherapy,first_line,1,1.0
P01120,21,44,immunotherapy,first_line,2,0.84
P01120,45,55,immunotherapy,first_line,3,0.92
P01120,65,84,immunotherapy,first_line,4,0.99
P01120,99,109,immunotherapy,first_line,5,0.83
P01120,106,129,immunotherapy,first_line,6,0.99
P01120,128,144,immunotherapy,first_line,7,0.99
P01120,166,173,immunotherapy,first_line,8,0.98
P01120,169,186,immunotherapy,first_line,9,0.84
P01121,3,27,combination_therapy,first_line,1,0.93
P01121,25,48,combination_therapy,first_line,2,0.95
P01121,82,89,combination_therapy,first_line,4,1.0
P01121,88,110,combination_therapy,first_line,5,0.84
P01121,110,130,combination_therapy,first_line,6,0.95
P01121,127,148,combination_therapy,first_line,7,0.87
P01121,166,173,combination_therapy,first_line,8,0.84
P01121,173,184,combination_therapy,first_line,9,0.88
P01122,11,22,immunotherapy,first_line,1,0.96
P01122,22,45,immunotherapy,first_line,2,0.89
P01122,45,69,immunotherapy,first_line,3,0.91
P01122,66,88,immunotherapy,first_line,4,1.0
P01122,90,102,immunotherapy,first_line,5,0.88
P01122,112,126,immunotherapy,first_line,6,0.92
P01122,132,151,immunotherapy,first_line,7,0.87
P01122,149,168,immunotherapy,first_line,8,0.88
P01122,172,184,immunotherapy,first_line,9,0.94
P01123,5,23,targeted_therapy,first_line,1,0.99
P01123,33,46,targeted_therapy,first_line,2,0.91
P01123,57,66,targeted_therapy,first_line,3,0.95
P01123,63,88,targeted_therapy,first_line,4,0.82
P01123,91,105,targeted_therapy,first_line,5,0.84
P01123,106,132,targeted_therapy,first_line,6,0.9
P01123,126,149,targeted_therapy,first_line,7,0.8
P01123,148,166,targeted_therapy,first_line,8,0.85
P01123,179,186,targeted_therapy,first_line,9,0.9
P01124,0,18,immunotherapy,first_line,1,0.8
P01124,21,42,immunotherapy,first_line,2,0.85
P01124,43,68,immunotherapy,first_line,3,0.9
P01124,77,90,immunotherapy,first_line,4,0.91
P01124,84,110,immunotherapy,first_line,5,0.99
P01124,109,130,immunotherapy,first_line,6,0.93
P01124,130,151,immunotherapy,first_line,7,0.88
P01124,151,174,immunotherapy,first_line,8,0.99
P01124,169,182,immunotherapy,first_line,9,0.96
P01125,1,26,immunotherapy,first_line,1,0.84
P01125,21,43,immunotherapy,first_line,2,0.83
P01125,43,62,immunotherapy,first_line,3,0.94
P01125,71,84,immunotherapy,first_line,4,0.91
P01125,90,111,immunotherapy,first_line,5,0.96
P01125,124,131,immunotherapy,first_line,6,0.95
P01125,132,149,immunotherapy,first_line,7,0.93
P01125,151,168,immunotherapy,first_line,8,1.0
P01125,168,181,immunotherapy,first_line,9,0.91
P01126,5,24,chemotherapy,first_line,1,0.82
P01126,23,47,chemotherapy,first_line,2,0.97
P01126,43,66,chemotherapy,first_line,3,0.85
P01126,70,90,chemotherapy,first_line,4,0.96
P01126,89,111,chemotherapy,first_line,5,0.99
P01126,110,131,chemotherapy,first_line,6,0.94
P01126,129,146,chemotherapy,first_line,7,0.92
P01126,148,173,chemotherapy,first_line,8,0.89
P01127,5,25,combination_therapy,first_line,1,0.87
P01127,29,43,combination_therapy,first_line,2,0.87
P01127,44,67,combination_therapy,first_line,3,0.93
P01127,70,87,combination_therapy,first_line,4,0.95
P01127,84,111,combination_therapy,first_line,5,0.94
P01127,134,151,combination_therapy,first_line,7,0.84
P01127,165,173,combination_therapy,first_line,8,0.9
P01127,174,181,combination_therapy,first_line,9,0.96
P01128,2,25,targeted_therapy,first_line,1,0.9
P01128,24,48,targeted_therapy,first_line,2,0.91
P01128,50,68,targeted_therapy,first_line,3,0.95
P01128,69,90,targeted_therapy,first_line,4,0.93
P01128,88,108,targeted_therapy,first_line,5,0.88
P01128,105,127,targeted_therapy,first_line,6,0.98
P01128,130,149,targeted_therapy,first_line,7,0.83
P01128,147,161,targeted_therapy,first_line,8,1.0
P01128,178,186,targeted_therapy,first_line,9,0.82
P01129,6,25,immunotherapy,first_line,1,0.8
P01129,53,64,immunotherapy,first_line,3,0.98
P01129,65,78,immunotherapy,first_line,4,0.85
P01129,84,107,immunotherapy,first_line,5,0.95
P01129,111,123,immunotherapy,first_line,6,0.96
P01129,137,152,immunotherapy,first_line,7,0.97
P01129,151,174,immunotherapy,first_line,8,1.0
P01129,168,178,immunotherapy,first_line,9,0.86
P01130,5,22,combination_therapy,first_line,1,0.94
P01130,42,66,combination_therapy,first_line,3,0.82
P01130,64,88,combination_therapy,first_line,4,0.88
P01130,88,105,combination_therapy,first_line,5,0.97
P01130,105,132,combination_therapy,first_line,6,0.87
P01130,141,148,combination_therapy,first_line,7,0.92
P01130,149,168,combination_therapy,first_line,8,0.9
P01130,168,178,combination_therapy,first_line,9,0.93
P01131,4,21,chemotherapy,first_line,1,0.99
P01131,27,48,chemotherapy,first_line,2,0.81
P01131,44,67,chemotherapy,first_line,3,0.91
P01131,72,87,chemotherapy,first_line,4,0.97
P01131,84,110,chemotherapy,first_line,5,0.9
P01131,114,129,chemotherapy,first_line,6,0.82
P01131,129,141,chemotherapy,first_line,7,0.91
P01131,156,168,chemotherapy,first_line,8,0.87
P01131,175,185,chemotherapy,first_line,9,0.83
P01132,2,25,combination_therapy,first_line,1,0.97
P01132,27,45,combination_therapy,first_line,2,0.9
P01132,42,66,combination_therapy,first_line,3,0.99
P01132,75,88,combination_therapy,first_line,4,0.96
P01132,86,111,combination_therapy,first_line,5,0.94
P01132,109,130,combination_therapy,first_line,6,0.8
P01132,126,152,combination_therapy,first_line,7,0.89
P01132,158,165,combination_therapy,first_line,8,0.84
P01132,169,185,combination_therapy,first_line,9,0.98
P01133,3,23,combination_therapy,first_line,1,0.83
P01133,21,44,combination_therapy,first_line,2,0.86
P01133,55,62,combination_therapy,first_line,3,0.9
P01133,63,87,combination_therapy,first_line,4,0.85
P01133,90,109,combination_therapy,first_line,5,0.84
P01133,111,130,combination_therapy,first_line,6,0.92
P01133,127,149,combination_therapy,first_line,7,0.82
P01133,166,173,combination_therapy,first_line,8,0.81
P01134,4,20,targeted_therapy,first_line,1,0.87
P01134,23,35,targeted_therapy,first_line,2,0.94
P01134,45,58,targeted_therapy,first_line,3,0.91
P01134,73,86,targeted_therapy,first_line,4,0.88
P01134,87,110,targeted_therapy,first_line,5,0.91
P01134,107,114,targeted_therapy,first_line,6,0.87
P01134,128,153,targeted_therapy,first_line,7,0.99
P01134,149,174,targeted_therapy,first_line,8,0.81
P01134,169,183,targeted_therapy,first_line,9,0.93
P01135,23,42,immunotherapy,first_line,2,0.98
P01135,42,60,immunotherapy,first_line,3,0.96
P01135,65,90,immunotherapy,first_line,4,0.84
P01135,85,110,immunotherapy,first_line,5,0.86
P01135,107,130,immunotherapy,first_line,6,0.94
P01135,132,147,immunotherapy,first_line,7,0.82
P01135,150,174,immunotherapy,first_line,8,0.96
P01135,171,186,immunotherapy,first_line,9,0.94
P01136,11,25,immunotherapy,first_line,1,0.95
P01136,24,46,immunotherapy,first_line,2,0.82
P01136,44,69,immunotherapy,first_line,3,0.94
P01136,64,85,immunotherapy,first_line,4,0.94
P01136,89,107,immunotherapy,first_line,5,0.97
P01136,105,132,immunotherapy,first_line,6,0.81
P01136,130,149,immunotherapy,first_line,7,0.8
P01136,152,168,immunotherapy,first_line,8,0.87
P01136,172,180,immunotherapy,first_line,9,0.83
P01137,5,12,chemotherapy,first_line,1,0.91
P01137,21,46,chemotherapy,first_line,2,0.98
P01137,42,58,chemotherapy,first_line,3,0.88
P01137,66,83,chemotherapy,first_line,4,0.97
P01137,87,96,chemotherapy,first_line,5,0.8
P01137,105,126,chemotherapy,first_line,6,0.83
P01137,127,147,chemotherapy,first_line,7,0.81
P01137,147,170,chemotherapy,first_line,8,0.87
P01137,179,186,chemotherapy,first_line,9,0.98
P01138,2,20,combination_therapy,first_line,1,0.82
P01138,23,36,combination_therapy,first_line,2,0.92
P01138,43,64,combination_therapy,first_line,3,0.89
P01138,68,89,combination_therapy,first_line,4,0.99
P01138,87,106,combination_therapy,first_line,5,0.82
P01138,116,131,combination_therapy,first_line,6,0.84
P01138,127,149,combination_therapy,first_line,7,0.81
P01138,156,174,combination_therapy,first_line,8,0.89
P01138,175,184,combination_therapy,first_line,9,0.86
P01139,0,24,combination_therapy,first_line,1,0.97
P01139,24,42,combination_therapy,first_line,2,0.92
P01139,42,68,combination_therapy,first_line,3,0.92
P01139,81,88,combination_therapy,first_line,4,0.91
P01139,86,105,combination_therapy,first_line,5,0.82
P01139,105,120,combination_therapy,first_line,6,0.89
P01139,127,141,combination_therapy,first_line,7,1.0
P01139,158,168,combination_therapy,first_line,8,0.97
P01139,172,182,combination_therapy,first_line,9,0.98
P01140,0,24,chemotherapy,first_line,1,0.96
P01140,21,47,chemotherapy,first_line,2,0.82
P01140,42,63,chemotherapy,first_line,3,0.85
P01140,73,86,chemotherapy,first_line,4,0.8
P01140,90,102,chemotherapy,first_line,5,0.86
P01140,106,131,chemotherapy,first_line,6,0.82
P01140,127,150,chemotherapy,first_line,7,0.89
P01140,151,168,chemotherapy,first_line,8,0.94
P01141,2,18,immunotherapy,first_line,1,0.97
P01141,23,39,immunotherapy,first_line,2,0.95
P01141,43,63,immunotherapy,first_line,3,0.99
P01141,65,82,immunotherapy,first_line,4,0.81
P01141,86,109,immunotherapy,first_line,5,0.8
P01141,112,131,immunotherapy,first_line,6,0.93
P01141,127,134,immunotherapy,first_line,7,0.86
P01141,148,173,immunotherapy,first_line,8,0.85
P01141,175,182,immunotherapy,first_line,9,0.87
P01142,13,20,immunotherapy,first_line,1,0.85
P01142,24,46,immunotherapy,first_line,2,0.9
P01142,43,67,immunotherapy,first_line,3,0.89
P01142,64,89,immunotherapy,first_line,4,0.9
P01142,86,99,immunotherapy,first_line,5,0.93
P01142,106,129,immunotherapy,first_line,6,0.88
P01142,134,141,immunotherapy,first_line,7,0.85
P01142,148,174,immunotherapy,first_line,8,0.83
P01142,169,186,immunotherapy,first_line,9,0.87
P01143,1,16,combination_therapy,first_line,1,0.95
P01143,25,46,combination_therapy,first_line,2,0.95
P01143,42,68,combination_therapy,first_line,3,0.93
P01143,67,90,combination_therapy,first_line,4,0.85
P01143,87,110,combination_therapy,first_line,5,0.92
P01143,106,130,combination_therapy,first_line,6,0.91
P01143,126,152,combination_therapy,first_line,7,0.9
P01143,150,166,combination_therapy,first_line,8,0.91
P01143,170,179,combination_therapy,first_line,9,0.9
P01144,0,23,chemotherapy,first_line,1,0.91
P01144,26,46,chemotherapy,first_line,2,0.94
P01144,44,58,chemotherapy,first_line,3,0.82
P01144,77,84,chemotherapy,first_line,4,0.95
P01144,91,98,chemotherapy,first_line,5,0.83
P01144,108,132,chemotherapy,first_line,6,0.81
P01144,133,153,chemotherapy,first_line,7,1.0
P01144,149,158,chemotherapy,first_line,8,0.99
P01144,171,178,chemotherapy,first_line,9,0.81
P01145,10,24,targeted_therapy,first_line,1,0.89
P01145,22,48,targeted_therapy,first_line,2,0.84
P01145,46,57,targeted_therapy,first_line,3,0.9
P01145,64,76,targeted_therapy,first_line,4,0.97
P01145,91,107,targeted_therapy,first_line,5,0.99
P01145,105,112,targeted_therapy,first_line,6,0.93
P01145,126,153,targeted_therapy,first_line,7,0.87
P01145,159,174,targeted_therapy,first_line,8,0.92
P01145,169,184,targeted_therapy,first_line,9,0.86
P01146,4,20,combination_therapy,first_line,1,0.98
P01146,22,47,combination_therapy,first_line,2,0.97
P01146,44,63,combination_therapy,first_line,3,0.91
P01146,63,77,combination_therapy,first_line,4,0.86
P01146,84,108,combination_therapy,first_line,5,0.86
P01146,117,132,combination_therapy,first_line,6,0.81
P01146,129,151,combination_therapy,first_line,7,0.96
P01146,149,161,combination_therapy,first_line,8,0.89
P01146,169,185,combination_therapy,first_line,9,0.87
P01147,9,27,targeted_therapy,first_line,1,0.89
P01147,31,38,targeted_therapy,first_line,2,0.96
P01147,49,68,targeted_therapy,first_line,3,0.82
P01147,63,90,targeted_therapy,first_line,4,0.97
P01147,85,111,targeted_therapy,first_line,5,0.98
P01147,105,125,targeted_therapy,first_line,6,0.99
P01147,130,146,targeted_therapy,first_line,7,0.88
P01147,148,174,targeted_therapy,first_line,8,0.84
P01147,170,184,targeted_therapy,first_line,9,0.87
P01148,7,27,chemotherapy,first_line,1,0.87
P01148,33,40,chemotherapy,first_line,2,0.84
P01148,43,68,chemotherapy,first_line,3,0.92
P01148,66,87,chemotherapy,first_line,4,0.9
P01148,86,111,chemotherapy,first_line,5,0.97
P01148,110,124,chemotherapy,first_line,6,0.81
P01148,131,153,chemotherapy,first_line,7,0.93
P01148,164,172,chemotherapy,first_line,8,0.95
P01148,170,177,chemotherapy,first_line,9,0.95
P01149,1,26,targeted_therapy,first_line,1,0.98
P01149,52,61,targeted_therapy,first_line,3,0.95
P01149,63,90,targeted_therapy,first_line,4,0.99
P01149,85,109,targeted_therapy,first_line,5,0.87
P01149,106,125,targeted_therapy,first_line,6,0.9
P01149,126,148,targeted_therapy,first_line,7,0.8
P01149,147,174,targeted_therapy,first_line,8,0.8
P01149,170,179,targeted_therapy,first_line,9,0.85
P01150,8,27,chemotherapy,first_line,1,0.82
P01150,28,38,chemotherapy,first_line,2,0.85
P01150,47,67,chemotherapy,first_line,3,0.84
P01150,64,84,chemotherapy,first_line,4,0.81
P01150,85,110,chemotherapy,first_line,5,0.98
P01150,105,130,chemotherapy,first_line,6,0.8
P01150,127,152,chemotherapy,first_line,7,0.95
P01150,152,162,chemotherapy,first_line,8,0.83
P01150,169,177,chemotherapy,first_line,9,0.98
P01151,3,10,chemotherapy,first_line,1,0.98
P01151,26,46,chemotherapy,first_line,2,0.93
P01151,42,65,chemotherapy,first_line,3,0.93
P01151,65,88,chemotherapy,first_line,4,0.8
P01151,87,111,chemotherapy,first_line,5,1.0
P01151,105,131,chemotherapy,first_line,6,0.98
P01151,133,146,chemotherapy,first_line,7,0.98
P01151,152,168,chemotherapy,first_line,8,0.93
P01151,168,186,chemotherapy,first_line,9,0.87
P01152,2,23,combination_therapy,first_line,1,0.98
P01152,28,47,combination_therapy,first_line,2,0.86
P01152,64,81,combination_therapy,first_line,4,0.91
P01152,87,104,combination_therapy,first_line,5,0.82
P01152,110,129,combination_therapy,first_line,6,0.98
P01152,139,151,combination_therapy,first_line,7,0.83
P01152,147,164,combination_therapy,first_line,8,0.84
P01152,169,184,combination_therapy,first_line,9,0.91
P01153,4,12,targeted_therapy,first_line,1,0.95
P01153,25,38,targeted_therapy,first_line,2,0.92
P01153,45,61,targeted_therapy,first_line,3,0.85
P01153,64,81,targeted_therapy,first_line,4,0.8
P01153,86,104,targeted_therapy,first_line,5,0.95
P01153,106,129,targeted_therapy,first_line,6,1.0
P01153,131,151,targeted_therapy,first_line,7,0.96
P01153,161,174,targeted_therapy,first_line,8,0.89
P01153,168,183,targeted_therapy,first_line,9,0.98
P01154,1,23,targeted_therapy,first_line,1,0.88
P01154,23,46,targeted_therapy,first_line,2,0.9
P01154,52,60,targeted_therapy,first_line,3,0.9
P01154,84,105,targeted_therapy,first_line,5,0.89
P01154,106,127,targeted_therapy,first_line,6,0.96
P01154,130,146,targeted_therapy,first_line,7,0.91
P01154,148,165,targeted_therapy,first_line,8,0.86
P01154,170,185,targeted_therapy,first_line,9,0.85
P01155,1,26,chemotherapy,first_line,1,0.81
P01155,28,45,chemotherapy,first_line,2,0.92
P01155,43,64,chemotherapy,first_line,3,0.85
P01155,64,83,chemotherapy,first_line,4,0.83
P01155,85,97,chemotherapy,first_line,5,0.93
P01155,106,130,chemotherapy,first_line,6,0.94
P01155,128,145,chemotherapy,first_line,7,0.95
P01155,148,173,chemotherapy,first_line,8,0.9
P01155,173,186,chemotherapy,first_line,9,0.98
P01156,3,19,combination_therapy,first_line,1,0.99
P01156,22,40,combination_therapy,first_line,2,0.96
P01156,68,90,combination_therapy,first_line,4,0.93
P01156,86,109,combination_therapy,first_line,5,0.86
P01156,111,129,combination_therapy,first_line,6,1.0
P01156,127,147,combination_therapy,first_line,7,0.85
P01156,173,184,combination_therapy,first_line,9,0.84
P01157,3,22,immunotherapy,first_line,1,0.89
P01157,35,42,immunotherapy,first_line,2,0.81
P01157,43,64,immunotherapy,first_line,3,1.0
P01157,65,88,immunotherapy,first_line,4,0.92
P01157,87,108,immunotherapy,first_line,5,0.91
P01157,105,130,immunotherapy,first_line,6,0.93
P01157,142,149,immunotherapy,first_line,7,0.9
P01157,149,171,immunotherapy,first_line,8,0.81
P01157,169,176,immunotherapy,first_line,9,0.92
P01158,0,25,chemotherapy,first_line,1,0.94
P01158,32,48,chemotherapy,first_line,2,0.88
P01158,59,68,chemotherapy,first_line,3,0.95
P01158,68,79,chemotherapy,first_line,4,0.85
P01158,96,103,chemotherapy,first_line,5,0.84
P01158,105,128,chemotherapy,first_line,6,0.83
P01158,134,153,chemotherapy,first_line,7,0.87
P01158,149,172,chemotherapy,first_line,8,0.97
P01158,170,177,chemotherapy,first_line,9,0.97
P01159,1,12,targeted_therapy,first_line,1,0.88
P01159,28,44,targeted_therapy,first_line,2,0.92
P01159,54,63,targeted_therapy,first_line,3,0.94
P01159,63,89,targeted_therapy,first_line,4,0.85
P01159,87,108,targeted_therapy,first_line,5,0.83
P01159,120,127,targeted_therapy,first_line,6,0.99
P01159,139,146,targeted_therapy,first_line,7,0.92
P01159,147,174,targeted_therapy,first_line,8,1.0
P01159,168,182,targeted_therapy,first_line,9,0.87
P01160,0,22,targeted_therapy,first_line,1,0.94
P01160,26,39,targeted_therapy,first_line,2,0.84
P01160,43,69,targeted_therapy,first_line,3,0.85
P01160,71,85,targeted_therapy,first_line,4,0.9
P01160,85,106,targeted_therapy,first_line,5,0.86
P01160,125,132,targeted_therapy,first_line,6,0.83
P01160,132,142,targeted_therapy,first_line,7,0.85
P01160,147,174,targeted_therapy,first_line,8,0.81
P01160,168,185,targeted_therapy,first_line,9,0.94
P01161,2,19,combination_therapy,first_line,1,0.9
P01161,31,48,combination_therapy,first_line,2,0.82
P01161,47,69,combination_therapy,first_line,3,0.83
P01161,73,90,combination_therapy,first_line,4,0.82
P01161,85,110,combination_therapy,first_line,5,0.92
P01161,111,129,combination_therapy,first_line,6,0.82
P01161,126,151,combination_therapy,first_line,7,0.95
P01161,155,162,combination_therapy,first_line,8,0.8
P01161,168,175,combination_therapy,first_line,9,0.85
P01162,2,26,combination_therapy,first_line,1,0.98
P01162,22,47,combination_therapy,first_line,2,0.94
P01162,52,68,combination_therapy,first_line,3,0.81
P01162,90,110,combination_therapy,first_line,5,0.96
P01162,107,130,combination_therapy,first_line,6,0.9
P01162,126,152,combination_therapy,first_line,7,0.97
P01162,147,173,combination_therapy,first_line,8,0.92
P01162,172,185,combination_therapy,first_line,9,0.94
P01163,7,23,immunotherapy,first_line,1,1.0
P01163,27,46,immunotherapy,first_line,2,0.85
P01163,47,59,immunotherapy,first_line,3,0.92
P01163,65,85,immunotherapy,first_line,4,0.89
P01163,85,107,immunotherapy,first_line,5,0.81
P01163,107,123,immunotherapy,first_line,6,0.8
P01163,134,149,immunotherapy,first_line,7,0.82
P01163,147,171,immunotherapy,first_line,8,0.93
P01163,172,181,immunotherapy,first_line,9,0.91
P01164,3,18,targeted_therapy,first_line,1,0.91
P01164,29,47,targeted_therapy,first_line,2,0.81
P01164,42,69,targeted_therapy,first_line,3,0.89
P01164,70,88,targeted_therapy,first_line,4,0.98
P01164,85,92,targeted_therapy,first_line,5,0.88
P01164,106,128,targeted_therapy,first_line,6,0.92
P01164,129,143,targeted_therapy,first_line,7,0.96
P01164,148,171,targeted_therapy,first_line,8,0.96
P01164,172,179,targeted_therapy,first_line,9,0.9
P01165,0,27,combination_therapy,first_line,1,0.97
P01165,22,47,combination_therapy,first_line,2,0.88
P01165,47,69,combination_therapy,first_line,3,0.98
P01165,67,80,combination_therapy,first_line,4,0.85
P01165,88,107,combination_therapy,first_line,5,0.86
P01165,105,116,combination_therapy,first_line,6,0.81
P01165,129,142,combination_therapy,first_line,7,0.96
P01165,147,170,combination_therapy,first_line,8,0.88
P01165,169,176,combination_therapy,first_line,9,0.85
P01166,11,24,immunotherapy,first_line,1,0.85
P01166,33,48,immunotherapy,first_line,2,0.98
P01166,43,65,immunotherapy,first_line,3,0.97
P01166,70,80,immunotherapy,first_line,4,0.91
P01166,88,109,immunotherapy,first_line,5,0.92
P01166,105,126,immunotherapy,first_line,6,0.89
P01166,128,145,immunotherapy,first_line,7,0.88
P01166,148,174,immunotherapy,first_line,8,0.98
P01166,169,176,immunotherapy,first_line,9,0.83
P01167,11,20,immunotherapy,first_line,1,0.88
P01167,23,48,immunotherapy,first_line,2,0.87
P01167,42,67,immunotherapy,first_line,3,0.9
P01167,69,82,immunotherapy,first_line,4,0.89
P01167,91,106,immunotherapy,first_line,5,0.9
P01167,116,123,immunotherapy,first_line,6,0.83
P01167,128,152,immunotherapy,first_line,7,0.9
P01167,150,164,immunotherapy,first_line,8,0.85
P01167,171,178,immunotherapy,first_line,9,0.84
P01168,12,25,targeted_therapy,first_line,1,0.81
P01168,23,48,targeted_therapy,first_line,2,0.95
P01168,43,67,targeted_therapy,first_line,3,0.89
P01168,65,79,targeted_therapy,first_line,4,0.93
P01168,86,107,targeted_therapy,first_line,5,0.95
P01168,106,131,targeted_therapy,first_line,6,0.94
P01168,126,150,targeted_therapy,first_line,7,0.89
P01168,164,171,targeted_therapy,first_line,8,0.88
P01168,174,183,targeted_therapy,first_line,9,0.88
P01169,2,21,immunotherapy,first_line,1,0.93
P01169,24,48,immunotherapy,first_line,2,0.9
P01169,42,67,immunotherapy,first_line,3,0.97
P01169,67,90,immunotherapy,first_line,4,0.97
P01169,100,111,immunotherapy,first_line,5,0.83
P01169,105,131,immunotherapy,first_line,6,0.83
P01169,132,147,immunotherapy,first_line,7,0.93
P01169,147,174,immunotherapy,first_line,8,0.86
P01169,168,186,immunotherapy,first_line,9,0.8
P01170,9,25,combination_therapy,first_line,1,0.98
P01170,26,40,combination_therapy,first_line,2,0.85
P01170,61,68,combination_therapy,first_line,3,0.99
P01170,66,90,combination_therapy,first_line,4,0.94
P01170,91,109,combination_therapy,first_line,5,0.95
P01170,107,122,combination_therapy,first_line,6,0.84
P01170,128,153,combination_therapy,first_line,7,0.85
P01170,151,171,combination_therapy,first_line,8,0.9
P01171,1,25,immunotherapy,first_line,1,0.83
P01171,21,45,immunotherapy,first_line,2,0.86
P01171,43,55,immunotherapy,first_line,3,0.86
P01171,66,90,immunotherapy,first_line,4,0.83
P01171,88,96,immunotherapy,first_line,5,0.84
P01171,111,129,immunotherapy,first_line,6,0.96
P01171,126,152,immunotherapy,first_line,7,0.83
P01171,152,159,immunotherapy,first_line,8,0.81
P01171,174,181,immunotherapy,first_line,9,0.93
P01172,14,21,combination_therapy,first_line,1,1.0
P01172,27,47,combination_therapy,first_line,2,0.87
P01172,44,61,combination_therapy,first_line,3,0.82
P01172,66,88,combination_therapy,first_line,4,0.91
P01172,86,109,combination_therapy,first_line,5,0.98
P01172,107,114,combination_therapy,first_line,6,0.96
P01172,131,143,combination_therapy,first_line,7,0.92
P01172,148,174,combination_therapy,first_line,8,0.86
P01172,174,181,combination_therapy,first_line,9,0.91
P01173,0,22,chemotherapy,first_line,1,0.82
P01173,30,48,chemotherapy,first_line,2,0.94
P01173,47,54,chemotherapy,first_line,3,0.95
P01173,63,84,chemotherapy,first_line,4,0.99
P01173,87,109,chemotherapy,first_line,5,0.85
P01173,109,125,chemotherapy,first_line,6,0.8
P01173,135,153,chemotherapy,first_line,7,0.91
P01173,151,170,chemotherapy,first_line,8,0.94
P01173,170,177,chemotherapy,first_line,9,0.96
P01174,3,10,combination_therapy,first_line,1,0.84
P01174,26,43,combination_therapy,first_line,2,0.85
P01174,51,67,combination_therapy,first_line,3,0.9
P01174,66,87,combination_therapy,first_line,4,0.87
P01174,94,110,combination_therapy,first_line,5,0.97
P01174,115,128,combination_therapy,first_line,6,0.89
P01174,129,150,combination_therapy,first_line,7,0.96
P01174,148,167,combination_therapy,first_line,8,0.92
P01174,168,179,combination_therapy,first_line,9,0.95
P01175,0,15,combination_therapy,first_line,1,0.87
P01175,22,46,combination_therapy,first_line,2,0.97
P01175,45,61,combination_therapy,first_line,3,0.85
P01175,79,89,combination_therapy,first_line,4,0.91
P01175,86,104,combination_therapy,first_line,5,0.84
P01175,105,126,combination_therapy,first_line,6,0.9
P01175,135,142,combination_therapy,first_line,7,0.86
P01175,161,172,combination_therapy,first_line,8,0.85
P01175,176,183,combination_therapy,first_line,9,0.99
P01176,1,13,combination_therapy,first_line,1,0.83
P01176,26,44,combination_therapy,first_line,2,0.96
P01176,42,49,combination_therapy,first_line,3,1.0
P01176,64,88,combination_therapy,first_line,4,0.8
P01176,91,108,combination_therapy,first_line,5,0.94
P01176,111,123,combination_therapy,first_line,6,0.85
P01176,134,148,combination_therapy,first_line,7,0.81
P01176,147,173,combination_therapy,first_line,8,0.88
P01176,174,185,combination_therapy,first_line,9,0.99
P01177,13,20,immunotherapy,first_line,1,0.8
P01177,25,48,immunotherapy,first_line,2,0.92
P01177,45,65,immunotherapy,first_line,3,0.9
P01177,64,90,immunotherapy,first_line,4,0.97
P01177,92,111,immunotherapy,first_line,5,0.82
P01177,106,132,immunotherapy,first_line,6,0.94
P01177,148,163,immunotherapy,first_line,8,0.94
P01177,169,185,immunotherapy,first_line,9,0.93
P01178,5,26,immunotherapy,first_line,1,0.99
P01178,26,40,immunotherapy,first_line,2,0.96
P01178,43,62,immunotherapy,first_line,3,0.81
P01178,66,90,immunotherapy,first_line,4,0.89
P01178,86,107,immunotherapy,first_line,5,0.88
P01178,111,126,immunotherapy,first_line,6,0.86
P01178,129,142,immunotherapy,first_line,7,0.89
P01178,154,171,immunotherapy,first_line,8,0.88
P01178,168,186,immunotherapy,first_line,9,0.89
P01179,15,27,targeted_therapy,first_line,1,1.0
P01179,29,44,targeted_therapy,first_line,2,0.82
P01179,44,65,targeted_therapy,first_line,3,0.98
P01179,65,89,targeted_therapy,first_line,4,0.9
P01179,87,108,targeted_therapy,first_line,5,0.92
P01179,108,132,targeted_therapy,first_line,6,0.97
P01179,140,153,targeted_therapy,first_line,7,0.87
P01179,149,174,targeted_therapy,first_line,8,0.89
P01179,169,182,targeted_therapy,first_line,9,0.88
P01180,3,10,immunotherapy,first_line,1,0.87
P01180,29,36,immunotherapy,first_line,2,0.99
P01180,45,57,immunotherapy,first_line,3,0.97
P01180,65,90,immunotherapy,first_line,4,0.82
P01180,86,106,immunotherapy,first_line,5,0.82
P01180,123,130,immunotherapy,first_line,6,0.89
P01180,126,149,immunotherapy,first_line,7,0.82
P01180,148,165,immunotherapy,first_line,8,0.92
P01180,171,186,immunotherapy,first_line,9,0.83
P01181,3,15,combination_therapy,first_line,1,0.9
P01181,21,41,combination_therapy,first_line,2,0.8
P01181,43,68,combination_therapy,first_line,3,0.86
P01181,68,87,combination_therapy,first_line,4,0.94
P01181,90,110,combination_therapy,first_line,5,0.9
P01181,123,132,combination_therapy,first_line,6,1.0
P01181,127,145,combination_therapy,first_line,7,0.97
P01181,150,172,combination_therapy,first_line,8,0.87
P01181,170,177,combination_therapy,first_line,9,0.81
P01182,9,26,combination_therapy,first_line,1,0.97
P01182,23,38,combination_therapy,first_line,2,0.98
P01182,60,67,combination_therapy,first_line,3,0.96
P01182,64,89,combination_therapy,first_line,4,0.83
P01182,91,111,combination_therapy,first_line,5,1.0
P01182,122,132,combination_therapy,first_line,6,0.85
P01182,126,143,combination_therapy,first_line,7,0.94
P01182,147,166,combination_therapy,first_line,8,0.98
P01182,171,186,combination_therapy,first_line,9,0.85
P01183,6,27,immunotherapy,first_line,1,0.98
P01183,24,46,immunotherapy,first_line,2,0.86
P01183,46,68,immunotherapy,first_line,3,1.0
P01183,67,90,immunotherapy,first_line,4,0.86
P01183,87,111,immunotherapy,first_line,5,0.99
P01183,111,124,immunotherapy,first_line,6,0.81
P01183,127,134,immunotherapy,first_line,7,0.94
P01183,150,167,immunotherapy,first_line,8,0.91
P01183,173,180,immunotherapy,first_line,9,0.9
P01184,5,24,immunotherapy,first_line,1,0.84
P01184,22,42,immunotherapy,first_line,2,0.94
P01184,43,66,immunotherapy,first_line,3,0.84
P01184,70,87,immunotherapy,first_line,4,0.91
P01184,84,111,immunotherapy,first_line,5,0.85
P01184,108,115,immunotherapy,first_line,6,0.99
P01184,129,151,immunotherapy,first_line,7,0.81
P01184,172,186,immunotherapy,first_line,9,0.84
P01185,5,14,combination_therapy,first_line,1,0.85
P01185,26,46,combination_therapy,first_line,2,0.88
P01185,43,57,combination_therapy,first_line,3,0.85
P01185,68,75,combination_therapy,first_line,4,0.9
P01185,95,110,combination_therapy,first_line,5,0.97
P01185,105,130,combination_therapy,first_line,6,0.94
P01185,128,153,combination_therapy,first_line,7,0.92
P01185,148,170,combination_therapy,first_line,8,0.82
P01185,172,179,combination_therapy,first_line,9,0.94
P01186,5,24,combination_therapy,first_line,1,0.83
P01186,55,62,combination_therapy,first_line,3,0.96
P01186,69,86,combination_therapy,first_line,4,0.85
P01186,105,131,combination_therapy,first_line,6,0.88
P01186,126,151,combination_therapy,first_line,7,0.87
P01186,149,169,combination_therapy,first_line,8,0.97
P01186,170,185,combination_therapy,first_line,9,0.83
P01187,2,16,targeted_therapy,first_line,1,0.91
P01187,21,41,targeted_therapy,first_line,2,0.83
P01187,52,68,targeted_therapy,first_line,3,0.94
P01187,68,90,targeted_therapy,first_line,4,0.98
P01187,88,110,targeted_therapy,first_line,5,0.89
P01187,113,128,targeted_therapy,first_line,6,0.9
P01187,126,137,targeted_therapy,first_line,7,0.99
P01187,147,172,targeted_therapy,first_line,8,0.9
P01187,168,181,targeted_therapy,first_line,9,0.9
P01188,7,24,combination_therapy,first_line,1,0.92
P01188,21,47,combination_therapy,first_line,2,0.94
P01188,55,69,combination_therapy,first_line,3,0.82
P01188,71,88,combination_therapy,first_line,4,0.96
P01188,88,109,combination_therapy,first_line,5,0.89
P01188,108,123,combination_therapy,first_line,6,0.81
P01188,126,146,combination_therapy,first_line,7,0.96
P01188,147,164,combination_therapy,first_line,8,0.88
P01188,177,186,combination_therapy,first_line,9,0.82
P01189,0,21,chemotherapy,first_line,1,0.93
P01189,25,45,chemotherapy,first_line,2,0.98
P01189,43,63,chemotherapy,first_line,3,0.98
P01189,73,86,chemotherapy,first_line,4,0.99
P01189,85,111,chemotherapy,first_line,5,0.97
P01189,105,124,chemotherapy,first_line,6,0.8
P01189,126,151,chemotherapy,first_line,7,0.88
P01189,158,172,chemotherapy,first_line,8,0.96
P01189,170,177,chemotherapy,first_line,9,0.87
P01190,7,25,targeted_therapy,first_line,1,0.92
P01190,25,45,targeted_therapy,first_line,2,0.92
P01190,50,65,targeted_therapy,first_line,3,0.87
P01190,63,85,targeted_therapy,first_line,4,0.98
P01190,86,104,targeted_therapy,first_line,5,0.9
P01190,109,129,targeted_therapy,first_line,6,0.89
P01190,129,151,targeted_therapy,first_line,7,1.0
P01190,149,167,targeted_therapy,first_line,8,0.9
P01190,175,182,targeted_therapy,first_line,9,0.84
P01191,0,25,targeted_therapy,first_line,1,0.9
P01191,26,33,targeted_therapy,first_line,2,0.96
P01191,42,64,targeted_therapy,first_line,3,0.96
P01191,70,85,targeted_therapy,first_line,4,0.96
P01191,85,104,targeted_therapy,first_line,5,0.94
P01191,105,127,targeted_therapy,first_line,6,0.85
P01191,134,148,targeted_therapy,first_line,7,0.97
P01191,147,166,targeted_therapy,first_line,8,0.98
P01191,171,185,targeted_therapy,first_line,9,0.84
P01192,2,27,chemotherapy,first_line,1,0.83
P01192,30,37,chemotherapy,first_line,2,1.0
P01192,44,61,chemotherapy,first_line,3,0.97
P01192,63,90,chemotherapy,first_line,4,0.98
P01192,86,99,chemotherapy,first_line,5,0.98
P01192,111,132,chemotherapy,first_line,6,0.91
P01192,132,146,chemotherapy,first_line,7,0.93
P01192,149,165,chemotherapy,first_line,8,0.91
P01192,168,180,chemotherapy,first_line,9,0.81
P01193,2,17,combination_therapy,first_line,1,0.95
P01193,21,47,combination_therapy,first_line,2,0.9
P01193,49,66,combination_therapy,first_line,3,0.93
P01193,74,85,combination_therapy,first_line,4,0.9
P01193,89,96,combination_therapy,first_line,5,0.9
P01193,105,124,combination_therapy,first_line,6,0.83
P01193,130,143,combination_therapy,first_line,7,0.86
P01193,153,172,combination_therapy,first_line,8,0.83
P01193,174,182,combination_therapy,first_line,9,0.84
P01194,2,26,targeted_therapy,first_line,1,0.99
P01194,24,48,targeted_therapy,first_line,2,0.83
P01194,49,68,targeted_therapy,first_line,3,0.85
P01194,75,87,targeted_therapy,first_line,4,0.92
P01194,84,103,targeted_therapy,first_line,5,0.92
P01194,112,130,targeted_therapy,first_line,6,0.83
P01194,128,151,targeted_therapy,first_line,7,0.96
P01194,151,169,targeted_therapy,first_line,8,0.96
P01195,3,10,chemotherapy,first_line,1,0.85
P01195,21,48,chemotherapy,first_line,2,0.86
P01195,47,69,chemotherapy,first_line,3,0.99
P01195,70,89,chemotherapy,first_line,4,0.97
P01195,95,102,chemotherapy,first_line,5,0.94
P01195,116,131,chemotherapy,first_line,6,0.82
P01195,130,146,chemotherapy,first_line,7,0.88
P01195,147,167,chemotherapy,first_line,8,0.91
P01195,173,180,chemotherapy,first_line,9,0.84
P01196,3,12,targeted_therapy,first_line,1,0.89
P01196,38,46,targeted_therapy,first_line,2,0.92
P01196,59,66,targeted_therapy,first_line,3,0.87
P01196,70,90,targeted_therapy,first_line,4,0.96
P01196,89,104,targeted_therapy,first_line,5,0.97
P01196,109,132,targeted_therapy,first_line,6,0.86
P01196,135,151,targeted_therapy,first_line,7,0.97
P01196,153,171,targeted_therapy,first_line,8,0.82
P01196,168,180,targeted_therapy,first_line,9,0.97
P01197,0,26,immunotherapy,first_line,1,0.83
P01197,29,48,immunotherapy,first_line,2,0.82
P01197,45,65,immunotherapy,first_line,3,0.93
P01197,75,88,immunotherapy,first_line,4,0.89
P01197,87,110,immunotherapy,first_line,5,0.98
P01197,117,125,immunotherapy,first_line,6,0.87
P01197,136,146,immunotherapy,first_line,7,0.86
P01197,164,171,immunotherapy,first_line,8,0.9
P01197,170,183,immunotherapy,first_line,9,0.89
P01198,10,17,targeted_therapy,first_line,1,0.87
P01198,29,47,targeted_therapy,first_line,2,0.94
P01198,45,69,targeted_therapy,first_line,3,0.95
P01198,70,90,targeted_therapy,first_line,4,0.97
P01198,92,104,targeted_therapy,first_line,5,0.99
P01198,109,128,targeted_therapy,first_line,6,0.85
P01198,130,153,targeted_therapy,first_line,7,0.94
P01198,147,170,targeted_therapy,first_line,8,0.88
P01198,174,184,targeted_therapy,first_line,9,0.94
P01199,28,48,immunotherapy,first_line,2,0.9
P01199,46,68,immunotherapy,first_line,3,1.0
P01199,63,90,immunotherapy,first_line,4,0.95
P01199,91,110,immunotherapy,first_line,5,0.99
P01199,105,118,immunotherapy,first_line,6,0.97
P01199,136,152,immunotherapy,first_line,7,0.98
P01199,148,173,immunotherapy,first_line,8,0.96
P01199,169,177,immunotherapy,first_line,9,0.89
P01200,1,25,combination_therapy,first_line,1,0.85
P01200,35,48,combination_therapy,first_line,2,0.87
P01200,46,65,combination_therapy,first_line,3,0.8
P01200,68,86,combination_therapy,first_line,4,0.9
P01200,92,110,combination_therapy,first_line,5,0.9
P01200,115,132,combination_therapy,first_line,6,0.91
P01200,136,146,combination_therapy,first_line,7,0.99
P01200,148,174,combination_therapy,first_line,8,0.98
P01200,169,180,combination_therapy,first_line,9,0.83
P01201,0,27,chemotherapy,first_line,1,0.87
P01201,29,39,chemotherapy,first_line,2,0.88
P01201,53,61,chemotherapy,first_line,3,0.87
P01201,75,89,chemotherapy,first_line,4,0.96
P01201,88,111,chemotherapy,first_line,5,0.9
P01201,128,153,chemotherapy,first_line,7,0.91
P01201,169,182,chemotherapy,first_line,9,0.97
P01202,1,12,chemotherapy,first_line,1,0.96
P01202,26,46,chemotherapy,first_line,2,0.83
P01202,42,69,chemotherapy,first_line,3,0.94
P01202,70,77,chemotherapy,first_line,4,0.89
P01202,98,106,chemotherapy,first_line,5,0.86
P01202,107,127,chemotherapy,first_line,6,0.81
P01202,140,153,chemotherapy,first_line,7,0.9
P01202,153,172,chemotherapy,first_line,8,0.87
P01202,173,181,chemotherapy,first_line,9,0.85
P01203,18,25,combination_therapy,first_line,1,0.94
P01203,22,48,combination_therapy,first_line,2,0.95
P01203,44,67,combination_therapy,first_line,3,0.85
P01203,68,89,combination_therapy,first_line,4,0.81
P01203,84,109,combination_therapy,first_line,5,0.97
P01203,116,123,combination_therapy,first_line,6,0.8
P01203,132,150,combination_therapy,first_line,7,0.99
P01203,148,174,combination_therapy,first_line,8,0.93
P01203,172,179,combination_therapy,first_line,9,0.86
P01204,1,13,targeted_therapy,first_line,1,0.85
P01204,21,46,targeted_therapy,first_line,2,0.8
P01204,49,56,targeted_therapy,first_line,3,0.85
P01204,63,78,targeted_therapy,first_line,4,0.83
P01204,84,99,targeted_therapy,first_line,5,0.92
P01204,107,130,targeted_therapy,first_line,6,0.83
P01204,129,149,targeted_therapy,first_line,7,0.91
P01204,148,174,targeted_therapy,first_line,8,0.92
P01204,176,185,targeted_therapy,first_line,9,0.86
P01205,22,45,chemotherapy,first_line,2,0.81
P01205,43,67,chemotherapy,first_line,3,0.81
P01205,66,89,chemotherapy,first_line,4,0.81
P01205,97,108,chemotherapy,first_line,5,0.95
P01205,106,129,chemotherapy,first_line,6,0.86
P01205,131,144,chemotherapy,first_line,7,0.96
P01205,148,170,chemotherapy,first_line,8,0.89
P01206,7,20,targeted_therapy,first_line,1,0.89
P01206,29,47,targeted_therapy,first_line,2,0.9
P01206,44,68,targeted_therapy,first_line,3,0.94
P01206,64,82,targeted_therapy,first_line,4,0.85
P01206,92,99,targeted_therapy,first_line,5,0.82
P01206,118,125,targeted_therapy,first_line,6,0.91
P01206,128,152,targeted_therapy,first_line,7,0.87
P01206,149,173,targeted_therapy,first_line,8,0.89
P01206,178,186,targeted_therapy,first_line,9,0.93
P01207,5,27,chemotherapy,first_line,1,0.9
P01207,24,42,chemotherapy,first_line,2,0.92
P01207,42,51,chemotherapy,first_line,3,0.91
P01207,66,81,chemotherapy,first_line,4,0.95
P01207,97,109,chemotherapy,first_line,5,0.94
P01207,105,129,chemotherapy,first_line,6,0.91
P01207,129,142,chemotherapy,first_line,7,0.94
P01207,152,165,chemotherapy,first_line,8,0.97
P01207,177,184,chemotherapy,first_line,9,0.89
P01208,4,18,combination_therapy,first_line,1,0.88
P01208,21,38,combination_therapy,first_line,2,0.95
P01208,45,68,combination_therapy,first_line,3,0.92
P01208,63,90,combination_therapy,first_line,4,0.81
P01208,100,107,combination_therapy,first_line,5,0.98
P01208,118,132,combination_therapy,first_line,6,0.81
P01208,135,144,combination_therapy,first_line,7,0.95
P01208,152,167,combination_therapy,first_line,8,0.95
P01208,177,184,combination_therapy,first_line,9,0.99
P01209,3,20,combination_therapy,first_line,1,0.81
P01209,23,35,combination_therapy,first_line,2,0.92
P01209,65,85,combination_therapy,first_line,4,0.89
P01209,89,108,combination_therapy,first_line,5,0.87
P01209,105,127,combination_therapy,first_line,6,0.82
P01209,134,152,combination_therapy,first_line,7,0.91
P01209,147,163,combination_therapy,first_line,8,0.9
P01209,168,186,combination_therapy,first_line,9,0.82
P01210,2,23,targeted_therapy,first_line,1,0.92
P01210,22,46,targeted_therapy,first_line,2,0.95
P01210,54,64,targeted_therapy,first_line,3,0.95
P01210,73,80,targeted_therapy,first_line,4,0.98
P01210,86,107,targeted_therapy,first_line,5,0.88
P01210,119,129,targeted_therapy,first_line,6,0.99
P01210,134,143,targeted_therapy,first_line,7,0.97
P01210,148,173,targeted_therapy,first_line,8,0.86
P01210,168,186,targeted_therapy,first_line,9,0.83
P01211,1,27,immunotherapy,first_line,1,0.89
P01211,31,48,immunotherapy,first_line,2,0.88
P01211,49,60,immunotherapy,first_line,3,0.92
P01211,67,87,immunotherapy,first_line,4,0.92
P01211,90,97,immunotherapy,first_line,5,0.95
P01211,109,131,immunotherapy,first_line,6,0.9
P01211,130,152,immunotherapy,first_line,7,0.82
P01211,156,164,immunotherapy,first_line,8,0.97
P01211,171,184,immunotherapy,first_line,9,0.86
P01212,4,11,targeted_therapy,first_line,1,0.99
P01212,29,40,targeted_therapy,first_line,2,0.82
P01212,44,58,targeted_therapy,first_line,3,0.99
P01212,63,89,targeted_therapy,first_line,4,0.82
P01212,87,111,targeted_therapy,first_line,5,0.85
P01212,109,131,targeted_therapy,first_line,6,0.81
P01212,127,145,targeted_therapy,first_line,7,0.94
P01212,149,167,targeted_therapy,first_line,8,0.97
P01212,178,185,targeted_therapy,first_line,9,0.89
P01213,1,22,chemotherapy,first_line,1,0.99
P01213,22,45,chemotherapy,first_line,2,0.92
P01213,48,63,chemotherapy,first_line,3,0.93
P01213,72,79,chemotherapy,first_line,4,0.97
P01213,86,111,chemotherapy,first_line,5,0.86
P01213,109,116,chemotherapy,first_line,6,0.87
P01213,127,152,chemotherapy,first_line,7,0.98
P01213,147,159,chemotherapy,first_line,8,0.98
P01213,169,184,chemotherapy,first_line,9,1.0
P01214,1,27,combination_therapy,first_line,1,0.98
P01214,28,43,combination_therapy,first_line,2,0.83
P01214,42,69,combination_therapy,first_line,3,0.96
P01214,63,73,combination_therapy,first_line,4,0.88
P01214,104,111,combination_therapy,first_line,5,1.0
P01214,106,128,combination_therapy,first_line,6,0.89
P01214,129,141,combination_therapy,first_line,7,0.91
P01214,150,170,combination_therapy,first_line,8,0.91
P01214,168,176,combination_therapy,first_line,9,0.86
P01215,3,24,immunotherapy,first_line,1,0.82
P01215,32,43,immunotherapy,first_line,2,0.98
P01215,46,68,immunotherapy,first_line,3,0.96
P01215,64,89,immunotherapy,first_line,4,0.83
P01215,88,103,immunotherapy,first_line,5,0.96
P01215,105,129,immunotherapy,first_line,6,0.93
P01215,136,153,immunotherapy,first_line,7,0.88
P01215,150,160,immunotherapy,first_line,8,0.85
P01216,6,25,combination_therapy,first_line,1,0.97
P01216,24,47,combination_therapy,first_line,2,0.94
P01216,44,60,combination_therapy,first_line,3,0.91
P01216,73,85,combination_therapy,first_line,4,0.92
P01216,89,108,combination_therapy,first_line,5,0.82
P01216,105,112,combination_therapy,first_line,6,0.89
P01216,130,151,combination_therapy,first_line,7,0.84
P01216,156,172,combination_therapy,first_line,8,0.84
P01216,170,178,combination_therapy,first_line,9,0.93
P01217,1,16,targeted_therapy,first_line,1,0.98
P01217,22,44,targeted_therapy,first_line,2,0.88
P01217,44,64,targeted_therapy,first_line,3,0.84
P01217,63,70,targeted_therapy,first_line,4,0.93
P01217,107,125,targeted_therapy,first_line,6,0.97
P01217,128,153,targeted_therapy,first_line,7,0.95
P01217,159,174,targeted_therapy,first_line,8,0.97
P01217,169,179,targeted_therapy,first_line,9,0.91
P01218,1,15,targeted_therapy,first_line,1,0.95
P01218,23,43,targeted_therapy,first_line,2,0.83
P01218,44,61,targeted_therapy,first_line,3,0.87
P01218,68,87,targeted_therapy,first_line,4,0.88
P01218,84,105,targeted_therapy,first_line,5,0.9
P01218,110,117,targeted_therapy,first_line,6,0.99
P01218,129,146,targeted_therapy,first_line,7,0.97
P01218,154,170,targeted_therapy,first_line,8,0.83
P01218,168,186,targeted_therapy,first_line,9,0.83
P01219,4,23,chemotherapy,first_line,1,0.87
P01219,34,47,chemotherapy,first_line,2,0.86
P01219,48,60,chemotherapy,first_line,3,0.92
P01219,68,90,chemotherapy,first_line,4,0.98
P01219,85,100,chemotherapy,first_line,5,0.99
P01219,107,119,chemotherapy,first_line,6,0.93
P01219,130,153,chemotherapy,first_line,7,0.97
P01219,159,166,chemotherapy,first_line,8,0.91
P01219,168,175,chemotherapy,first_line,9,0.84
P01220,5,17,combination_therapy,first_line,1,0.9
P01220,21,47,combination_therapy,first_line,2,0.91
P01220,45,65,combination_therapy,first_line,3,0.95
P01220,78,90,combination_therapy,first_line,4,0.84
P01220,90,108,combination_therapy,first_line,5,0.87
P01220,107,132,combination_therapy,first_line,6,0.87
P01220,127,146,combination_therapy,first_line,7,0.99
P01220,151,172,combination_therapy,first_line,8,0.89
P01220,174,185,combination_therapy,first_line,9,0.95
P01221,9,26,immunotherapy,first_line,1,0.95
P01221,22,46,immunotherapy,first_line,2,0.85
P01221,51,65,immunotherapy,first_line,3,0.91
P01221,65,90,immunotherapy,first_line,4,0.98
P01221,85,101,immunotherapy,first_line,5,0.9
P01221,106,129,immunotherapy,first_line,6,0.99
P01221,130,152,immunotherapy,first_line,7,0.84
P01221,165,172,immunotherapy,first_line,8,0.81
P01221,171,183,immunotherapy,first_line,9,0.98
P01222,0,26,immunotherapy,first_line,1,0.97
P01222,25,43,immunotherapy,first_line,2,1.0
P01222,50,57,immunotherapy,first_line,3,0.94
P01222,65,72,immunotherapy,first_line,4,0.99
P01222,87,108,immunotherapy,first_line,5,0.97
P01222,108,129,immunotherapy,first_line,6,0.97
P01222,129,153,immunotherapy,first_line,7,0.91
P01222,149,172,immunotherapy,first_line,8,0.88
P01222,173,180,immunotherapy,first_line,9,0.99
P01223,0,24,combination_therapy,first_line,1,0.89
P01223,21,41,combination_therapy,first_line,2,0.91
P01223,42,66,combination_therapy,first_line,3,0.89
P01223,65,89,combination_therapy,first_line,4,0.91
P01223,86,104,combination_therapy,first_line,5,0.89
P01223,123,130,combination_therapy,first_line,6,0.81
P01223,139,146,combination_therapy,first_line,7,0.98
P01223,157,174,combination_therapy,first_line,8,0.89
P01223,169,183,combination_therapy,first_line,9,0.92
P01224,18,25,combination_therapy,first_line,1,0.83
P01224,22,44,combination_therapy,first_line,2,0.8
P01224,53,60,combination_therapy,first_line,3,0.85
P01224,64,74,combination_therapy,first_line,4,0.94
P01224,86,110,combination_therapy,first_line,5,0.82
P01224,110,125,combination_therapy,first_line,6,0.98
P01224,127,152,combination_therapy,first_line,7,0.84
P01224,150,172,combination_therapy,first_line,8,0.84
P01225,1,25,immunotherapy,first_line,1,0.84
P01225,31,41,immunotherapy,first_line,2,0.8
P01225,45,69,immunotherapy,first_line,3,0.95
P01225,91,111,immunotherapy,first_line,5,0.98
P01225,108,132,immunotherapy,first_line,6,0.92
P01225,132,153,immunotherapy,first_line,7,0.84
P01225,147,174,immunotherapy,first_line,8,0.86
P01226,11,24,chemotherapy,first_line,1,0.9
P01226,23,43,chemotherapy,first_line,2,0.99
P01226,46,66,chemotherapy,first_line,3,0.85
P01226,65,86,chemotherapy,first_line,4,0.95
P01226,87,111,chemotherapy,first_line,5,0.89
P01226,105,129,chemotherapy,first_line,6,0.86
P01226,132,142,chemotherapy,first_line,7,0.89
P01226,147,174,chemotherapy,first_line,8,0.81
P01226,168,186,chemotherapy,first_line,9,0.96
P01227,0,25,targeted_therapy,first_line,1,0.85
P01227,23,46,targeted_therapy,first_line,2,0.95
P01227,50,59,targeted_therapy,first_line,3,0.81
P01227,63,87,targeted_therapy,first_line,4,0.99
P01227,89,106,targeted_therapy,first_line,5,0.84
P01227,122,129,targeted_therapy,first_line,6,0.98
P01227,127,151,targeted_therapy,first_line,7,0.96
P01227,149,162,targeted_therapy,first_line,8,0.99
P01227,170,182,targeted_therapy,first_line,9,0.9
P01228,4,23,chemotherapy,first_line,1,0.95
P01228,51,66,chemotherapy,first_line,3,0.87
P01228,69,85,chemotherapy,first_line,4,0.84
P01228,87,100,chemotherapy,first_line,5,0.89
P01228,110,132,chemotherapy,first_line,6,0.83
P01228,128,148,chemotherapy,first_line,7,1.0
P01228,154,163,chemotherapy,first_line,8,0.82
P01228,169,176,chemotherapy,first_line,9,0.92
P01229,5,25,immunotherapy,first_line,1,0.93
P01229,21,35,immunotherapy,first_line,2,0.91
P01229,48,65,immunotherapy,first_line,3,0.93
P01229,67,84,immunotherapy,first_line,4,0.82
P01229,87,110,immunotherapy,first_line,5,0.91
P01229,105,125,immunotherapy,first_line,6,0.86
P01229,130,148,immunotherapy,first_line,7,0.99
P01229,149,174,immunotherapy,first_line,8,0.95
P01229,169,182,immunotherapy,first_line,9,0.99
P01230,5,12,chemotherapy,first_line,1,0.81
P01230,33,48,chemotherapy,first_line,2,0.86
P01230,43,63,chemotherapy,first_line,3,0.84
P01230,63,88,chemotherapy,first_line,4,0.8
P01230,89,111,chemotherapy,first_line,5,0.85
P01230,109,125,chemotherapy,first_line,6,0.94
P01230,133,153,chemotherapy,first_line,7,0.85
P01230,148,173,chemotherapy,first_line,8,0.9
P01230,172,185,chemotherapy,first_line,9,0.98
P01231,1,22,combination_therapy,first_line,1,0.94
P01231,30,44,combination_therapy,first_line,2,0.88
P01231,42,60,combination_therapy,first_line,3,0.87
P01231,65,72,combination_therapy,first_line,4,0.89
P01231,91,111,combination_therapy,first_line,5,0.84
P01231,108,124,combination_therapy,first_line,6,0.93
P01231,131,153,combination_therapy,first_line,7,0.87
P01231,160,167,combination_therapy,first_line,8,0.97
P01231,171,184,combination_therapy,first_line,9,0.95
P01232,13,20,combination_therapy,first_line,1,0.92
P01232,23,41,combination_therapy,first_line,2,0.87
P01232,43,64,combination_therapy,first_line,3,0.84
P01232,63,89,combination_therapy,first_line,4,0.96
P01232,86,111,combination_therapy,first_line,5,0.9
P01232,106,113,combination_therapy,first_line,6,0.84
P01232,126,139,combination_therapy,first_line,7,0.84
P01232,148,174,combination_therapy,first_line,8,0.83
P01232,169,186,combination_therapy,first_line,9,0.96
P01233,4,19,combination_therapy,first_line,1,0.85
P01233,22,45,combination_therapy,first_line,2,0.91
P01233,43,65,combination_therapy,first_line,3,0.89
P01233,65,90,combination_therapy,first_line,4,0.92
P01233,85,110,combination_therapy,first_line,5,0.98
P01233,118,125,combination_therapy,first_line,6,0.97
P01233,132,144,combination_therapy,first_line,7,0.89
P01233,155,168,combination_therapy,first_line,8,0.8
P01233,171,180,combination_therapy,first_line,9,0.89
P01234,1,20,chemotherapy,first_line,1,0.92
P01234,22,48,chemotherapy,first_line,2,0.91
P01234,42,65,chemotherapy,first_line,3,0.93
P01234,72,90,chemotherapy,first_line,4,0.83
P01234,85,103,chemotherapy,first_line,5,0.93
P01234,109,119,chemotherapy,first_line,6,0.84
P01234,126,148,chemotherapy,first_line,7,0.95
P01234,150,174,chemotherapy,first_line,8,0.87
P01234,175,182,chemotherapy,first_line,9,0.94
P01235,1,27,targeted_therapy,first_line,1,0.81
P01235,25,40,targeted_therapy,first_line,2,0.88
P01235,44,64,targeted_therapy,first_line,3,0.94
P01235,77,85,targeted_therapy,first_line,4,0.85
P01235,85,92,targeted_therapy,first_line,5,0.96
P01235,117,124,targeted_therapy,first_line,6,0.93
P01235,127,149,targeted_therapy,first_line,7,0.92
P01235,149,173,targeted_therapy,first_line,8,0.87
P01235,170,186,targeted_therapy,first_line,9,0.9
P01236,1,25,chemotherapy,first_line,1,0.92
P01236,28,43,chemotherapy,first_line,2,0.89
P01236,44,69,chemotherapy,first_line,3,0.94
P01236,63,89,chemotherapy,first_line,4,0.89
P01236,92,109,chemotherapy,first_line,5,0.84
P01236,114,125,chemotherapy,first_line,6,0.84
P01236,139,152,chemotherapy,first_line,7,0.8
P01236,149,166,chemotherapy,first_line,8,0.86
P01236,171,178,chemotherapy,first_line,9,0.95
P01237,0,27,targeted_therapy,first_line,1,0.96
P01237,21,48,targeted_therapy,first_line,2,0.84
P01237,44,68,targeted_therapy,first_line,3,0.99
P01237,64,90,targeted_therapy,first_line,4,0.9
P01237,84,111,targeted_therapy,first_line,5,0.98
P01237,107,114,targeted_therapy,first_line,6,0.94
P01237,129,147,targeted_therapy,first_line,7,0.94
P01237,149,171,targeted_therapy,first_line,8,0.82
P01237,168,183,targeted_therapy,first_line,9,0.84
P01238,1,25,combination_therapy,first_line,1,0.8
P01238,26,46,combination_therapy,first_line,2,0.94
P01238,46,69,combination_therapy,first_line,3,0.87
P01238,74,86,combination_therapy,first_line,4,0.96
P01238,86,95,combination_therapy,first_line,5,0.87
P01238,106,130,combination_therapy,first_line,6,0.96
P01238,129,145,combination_therapy,first_line,7,0.83
P01238,149,170,combination_therapy,first_line,8,0.83
P01238,171,183,combination_therapy,first_line,9,0.87
P01239,10,22,targeted_therapy,first_line,1,0.88
P01239,21,48,targeted_therapy,first_line,2,0.87
P01239,43,68,targeted_therapy,first_line,3,0.95
P01239,66,88,targeted_therapy,first_line,4,0.82
P01239,84,109,targeted_therapy,first_line,5,0.87
P01239,116,128,targeted_therapy,first_line,6,0.97
P01239,128,151,targeted_therapy,first_line,7,0.81
P01239,155,173,targeted_therapy,first_line,8,0.99
P01239,173,180,targeted_therapy,first_line,9,1.0
P01240,11,27,chemotherapy,first_line,1,0.82
P01240,24,48,chemotherapy,first_line,2,0.86
P01240,49,66,chemotherapy,first_line,3,0.87
P01240,71,81,chemotherapy,first_line,4,0.96
P01240,84,109,chemotherapy,first_line,5,0.92
P01240,113,128,chemotherapy,first_line,6,0.93
P01240,141,152,chemotherapy,first_line,7,0.95
P01240,162,169,chemotherapy,first_line,8,0.82
P01240,175,182,chemotherapy,first_line,9,0.97
P01241,2,20,combination_therapy,first_line,1,0.94
P01241,36,47,combination_therapy,first_line,2,0.92
P01241,53,66,combination_therapy,first_line,3,0.98
P01241,65,88,combination_therapy,first_line,4,0.94
P01241,96,111,combination_therapy,first_line,5,0.84
P01241,105,130,combination_therapy,first_line,6,0.89
P01241,129,146,combination_therapy,first_line,7,0.9
P01241,151,171,combination_therapy,first_line,8,0.81
P01241,175,184,combination_therapy,first_line,9,0.99
P01242,5,15,combination_therapy,first_line,1,0.83
P01242,24,42,combination_therapy,first_line,2,0.94
P01242,43,65,combination_therapy,first_line,3,0.9
P01242,65,88,combination_therapy,first_line,4,0.81
P01242,86,104,combination_therapy,first_line,5,0.98
P01242,106,120,combination_therapy,first_line,6,0.97
P01242,128,146,combination_therapy,first_line,7,0.9
P01242,147,174,combination_therapy,first_line,8,0.85
P01242,174,186,combination_therapy,first_line,9,0.82
P01243,0,23,targeted_therapy,first_line,1,0.87
P01243,23,46,targeted_therapy,first_line,2,0.85
P01243,50,68,targeted_therapy,first_line,3,0.9
P01243,65,89,targeted_therapy,first_line,4,0.99
P01243,84,110,targeted_therapy,first_line,5,0.91
P01243,134,144,targeted_therapy,first_line,7,0.98
P01243,153,166,targeted_therapy,first_line,8,0.93
P01243,171,184,targeted_therapy,first_line,9,0.9
P01244,3,17,combination_therapy,first_line,1,0.97
P01244,23,48,combination_therapy,first_line,2,0.89
P01244,43,69,combination_therapy,first_line,3,0.97
P01244,66,90,combination_therapy,first_line,4,0.86
P01244,87,101,combination_therapy,first_line,5,0.83
P01244,107,118,combination_therapy,first_line,6,0.97
P01244,128,148,combination_therapy,first_line,7,0.92
P01244,147,166,combination_therapy,first_line,8,0.98
P01244,169,184,combination_therapy,first_line,9,0.99
P01245,3,10,chemotherapy,first_line,1,0.81
P01245,21,28,chemotherapy,first_line,2,0.9
P01245,42,67,chemotherapy,first_line,3,0.87
P01245,65,86,chemotherapy,first_line,4,0.93
P01245,92,107,chemotherapy,first_line,5,0.96
P01245,111,128,chemotherapy,first_line,6,0.86
P01245,131,149,chemotherapy,first_line,7,0.91
P01245,148,170,chemotherapy,first_line,8,0.94
P01245,168,186,chemotherapy,first_line,9,0.83
P01246,13,23,immunotherapy,first_line,1,0.96
P01246,23,30,immunotherapy,first_line,2,0.92
P01246,45,68,immunotherapy,first_line,3,0.99
P01246,66,82,immunotherapy,first_line,4,0.87
P01246,86,105,immunotherapy,first_line,5,0.82
P01246,106,121,immunotherapy,first_line,6,0.9
P01246,137,153,immunotherapy,first_line,7,0.82
P01246,148,168,immunotherapy,first_line,8,0.99
P01246,170,177,immunotherapy,first_line,9,0.81
P01247,15,26,combination_therapy,first_line,1,0.95
P01247,24,39,combination_therapy,first_line,2,0.91
P01247,42,69,combination_therapy,first_line,3,0.87
P01247,65,87,combination_therapy,first_line,4,0.81
P01247,86,93,combination_therapy,first_line,5,0.92
P01247,112,132,combination_therapy,first_line,6,0.92
P01247,126,152,combination_therapy,first_line,7,0.86
P01247,161,174,combination_therapy,first_line,8,0.98
P01247,171,178,combination_therapy,first_line,9,0.86
P01248,8,18,immunotherapy,first_line,1,0.89
P01248,26,42,immunotherapy,first_line,2,0.91
P01248,42,65,immunotherapy,first_line,3,0.82
P01248,67,89,immunotherapy,first_line,4,0.99
P01248,84,111,immunotherapy,first_line,5,0.87
P01248,110,131,immunotherapy,first_line,6,0.82
P01248,130,144,immunotherapy,first_line,7,0.88
P01248,148,162,immunotherapy,first_line,8,0.92
P01248,168,180,immunotherapy,first_line,9,0.9
P01249,2,24,chemotherapy,first_line,1,0.94
P01249,22,46,chemotherapy,first_line,2,0.81
P01249,48,65,chemotherapy,first_line,3,0.86
P01249,68,84,chemotherapy,first_line,4,0.96
P01249,87,111,chemotherapy,first_line,5,0.82
P01249,112,132,chemotherapy,first_line,6,0.97
P01249,130,148,chemotherapy,first_line,7,0.82
P01249,149,169,chemotherapy,first_line,8,0.97
P01249,171,179,chemotherapy,first_line,9,0.87
P01250,7,26,chemotherapy,first_line,1,0.92
P01250,23,39,chemotherapy,first_line,2,0.83
P01250,44,69,chemotherapy,first_line,3,0.81
P01250,72,83,chemotherapy,first_line,4,0.84
P01250,92,110,chemotherapy,first_line,5,0.83
P01250,105,119,chemotherapy,first_line,6,0.86
P01250,130,153,chemotherapy,first_line,7,0.9
P01250,149,169,chemotherapy,first_line,8,0.92
P01250,168,179,chemotherapy,first_line,9,0.96
P01251,8,15,targeted_therapy,first_line,1,0.93
P01251,25,47,targeted_therapy,first_line,2,0.92
P01251,44,65,targeted_therapy,first_line,3,0.88
P01251,69,90,targeted_therapy,first_line,4,0.89
P01251,84,107,targeted_therapy,first_line,5,0.88
P01251,105,132,targeted_therapy,first_line,6,0.97
P01251,128,139,targeted_therapy,first_line,7,0.85
P01251,147,171,targeted_therapy,first_line,8,0.8
P01251,169,186,targeted_therapy,first_line,9,0.93
P01252,5,20,immunotherapy,first_line,1,0.84
P01252,22,47,immunotherapy,first_line,2,0.98
P01252,51,58,immunotherapy,first_line,3,0.97
P01252,64,80,immunotherapy,first_line,4,0.82
P01252,96,103,immunotherapy,first_line,5,0.82
P01252,105,131,immunotherapy,first_line,6,0.9
P01252,131,141,immunotherapy,first_line,7,0.92
P01252,156,170,immunotherapy,first_line,8,0.85
P01253,3,23,combination_therapy,first_line,1,0.94
P01253,32,47,combination_therapy,first_line,2,0.92
P01253,50,62,combination_therapy,first_line,3,0.86
P01253,76,85,combination_therapy,first_line,4,0.81
P01253,85,111,combination_therapy,first_line,5,0.95
P01253,105,127,combination_therapy,first_line,6,0.84
P01253,137,150,combination_therapy,first_line,7,0.97
P01253,154,170,combination_therapy,first_line,8,0.88
P01253,171,186,combination_therapy,first_line,9,0.92
P01254,7,27,immunotherapy,first_line,1,0.97
P01254,28,37,immunotherapy,first_line,2,0.97
P01254,45,68,immunotherapy,first_line,3,0.87
P01254,73,82,immunotherapy,first_line,4,0.84
P01254,85,111,immunotherapy,first_line,5,0.96
P01254,107,132,immunotherapy,first_line,6,0.89
P01254,142,149,immunotherapy,first_line,7,0.84
P01254,150,172,immunotherapy,first_line,8,0.98
P01254,169,185,immunotherapy,first_line,9,0.84
P01255,1,23,immunotherapy,first_line,1,0.81
P01255,22,37,immunotherapy,first_line,2,0.8
P01255,46,61,immunotherapy,first_line,3,0.92
P01255,66,84,immunotherapy,first_line,4,0.93
P01255,94,109,immunotherapy,first_line,5,0.86
P01255,108,118,immunotherapy,first_line,6,0.86
P01255,126,150,immunotherapy,first_line,7,0.87
P01255,148,172,immunotherapy,first_line,8,0.94
P01255,168,184,immunotherapy,first_line,9,0.81
P01256,7,24,combination_therapy,first_line,1,0.99
P01256,30,47,combination_therapy,first_line,2,0.84
P01256,44,69,combination_therapy,first_line,3,1.0
P01256,82,89,combination_therapy,first_line,4,0.83
P01256,100,107,combination_therapy,first_line,5,0.95
P01256,107,130,combination_therapy,first_line,6,0.84
P01256,127,151,combination_therapy,first_line,7,0.82
P01256,148,163,combination_therapy,first_line,8,0.97
P01256,175,182,combination_therapy,first_line,9,0.97
P01257,0,7,immunotherapy,first_line,1,0.88
P01257,27,45,immunotherapy,first_line,2,0.94
P01257,53,69,immunotherapy,first_line,3,0.91
P01257,67,90,immunotherapy,first_line,4,0.97
P01257,84,99,immunotherapy,first_line,5,0.86
P01257,106,131,immunotherapy,first_line,6,0.9
P01257,131,138,immunotherapy,first_line,7,0.9
P01257,147,174,immunotherapy,first_line,8,0.87
P01257,169,176,immunotherapy,first_line,9,0.98
P01258,4,11,immunotherapy,first_line,1,0.83
P01258,24,46,immunotherapy,first_line,2,0.83
P01258,42,67,immunotherapy,first_line,3,0.92
P01258,78,89,immunotherapy,first_line,4,0.93
P01258,87,105,immunotherapy,first_line,5,0.84
P01258,106,131,immunotherapy,first_line,6,0.88
P01258,127,147,immunotherapy,first_line,7,0.99
P01258,157,174,immunotherapy,first_line,8,0.85
P01258,178,185,immunotherapy,first_line,9,0.93
P01259,12,27,chemotherapy,first_line,1,0.95
P01259,22,45,chemotherapy,first_line,2,0.89
P01259,44,61,chemotherapy,first_line,3,0.99
P01259,67,89,chemotherapy,first_line,4,0.95
P01259,87,111,chemotherapy,first_line,5,0.89
P01259,111,130,chemotherapy,first_line,6,0.91
P01259,127,144,chemotherapy,first_line,7,0.94
P01259,158,172,chemotherapy,first_line,8,0.92
P01259,168,181,chemotherapy,first_line,9,0.98
P01260,1,27,combination_therapy,first_line,1,0.87
P01260,28,44,combination_therapy,first_line,2,0.86
P01260,48,64,combination_therapy,first_line,3,0.84
P01260,68,87,combination_therapy,first_line,4,0.81
P01260,87,99,combination_therapy,first_line,5,0.81
P01260,117,128,combination_therapy,first_line,6,0.97
P01260,128,150,combination_therapy,first_line,7,0.94
P01260,153,168,combination_therapy,first_line,8,0.93
P01261,0,25,targeted_therapy,first_line,1,0.92
P01261,21,48,targeted_therapy,first_line,2,0.97
P01261,43,64,targeted_therapy,first_line,3,0.9
P01261,68,77,targeted_therapy,first_line,4,0.97
P01261,90,110,targeted_therapy,first_line,5,0.87
P01261,132,151,targeted_therapy,first_line,7,0.99
P01261,154,173,targeted_therapy,first_line,8,0.94
P01261,171,179,targeted_therapy,first_line,9,0.85
P01262,0,7,immunotherapy,first_line,1,0.91
P01262,28,48,immunotherapy,first_line,2,0.91
P01262,43,52,immunotherapy,first_line,3,0.83
P01262,78,88,immunotherapy,first_line,4,0.92
P01262,85,104,immunotherapy,first_line,5,0.86
P01262,107,131,immunotherapy,first_line,6,0.81
P01262,134,153,immunotherapy,first_line,7,0.99
P01262,152,171,immunotherapy,first_line,8,0.93
P01263,19,26,combination_therapy,first_line,1,0.98
P01263,26,44,combination_therapy,first_line,2,0.94
P01263,42,65,combination_therapy,first_line,3,0.87
P01263,63,90,combination_therapy,first_line,4,0.9
P01263,85,106,combination_therapy,first_line,5,0.94
P01263,109,129,combination_therapy,first_line,6,0.99
P01263,135,144,combination_therapy,first_line,7,0.85
P01263,148,170,combination_therapy,first_line,8,0.97
P01263,169,186,combination_therapy,first_line,9,0.98
P01264,1,22,targeted_therapy,first_line,1,0.93
P01264,42,66,targeted_therapy,first_line,3,0.99
P01264,70,90,targeted_therapy,first_line,4,0.88
P01264,84,108,targeted_therapy,first_line,5,0.99
P01264,123,132,targeted_therapy,first_line,6,0.94
P01264,139,146,targeted_therapy,first_line,7,0.81
P01264,152,171,targeted_therapy,first_line,8,0.98
P01264,168,183,targeted_therapy,first_line,9,0.9
P01265,2,25,chemotherapy,first_line,1,0.89
P01265,32,48,chemotherapy,first_line,2,0.91
P01265,46,69,chemotherapy,first_line,3,0.83
P01265,92,99,chemotherapy,first_line,5,0.89
P01265,123,130,chemotherapy,first_line,6,0.97
P01265,136,152,chemotherapy,first_line,7,0.8
P01265,148,172,chemotherapy,first_line,8,0.85
P01265,169,185,chemotherapy,first_line,9,0.8
P01266,3,27,chemotherapy,first_line,1,0.88
P01266,25,41,chemotherapy,first_line,2,0.95
P01266,48,68,chemotherapy,first_line,3,0.96
P01266,82,89,chemotherapy,first_line,4,0.99
P01266,86,96,chemotherapy,first_line,5,0.92
P01266,107,127,chemotherapy,first_line,6,0.85
P01266,132,153,chemotherapy,first_line,7,0.98
P01266,151,158,chemotherapy,first_line,8,0.96
P01266,171,186,chemotherapy,first_line,9,0.91
P01267,1,21,targeted_therapy,first_line,1,0.94
P01267,22,46,targeted_therapy,first_line,2,0.98
P01267,49,67,targeted_therapy,first_line,3,0.94
P01267,69,81,targeted_therapy,first_line,4,0.87
P01267,86,100,targeted_therapy,first_line,5,0.94
P01267,105,121,targeted_therapy,first_line,6,0.81
P01267,136,144,targeted_therapy,first_line,7,0.88
P01267,155,173,targeted_therapy,first_line,8,0.88
P01267,170,185,targeted_therapy,first_line,9,0.83
P01268,10,21,combination_therapy,first_line,1,0.8
P01268,25,45,combination_therapy,first_line,2,0.83
P01268,42,69,combination_therapy,first_line,3,0.93
P01268,63,86,combination_therapy,first_line,4,0.96
P01268,91,107,combination_therapy,first_line,5,1.0
P01268,106,124,combination_therapy,first_line,6,0.87
P01268,129,141,combination_therapy,first_line,7,0.92
P01268,158,167,combination_therapy,first_line,8,0.99
P01268,175,184,combination_therapy,first_line,9,0.83
P01269,4,26,combination_therapy,first_line,1,0.94
P01269,28,40,combination_therapy,first_line,2,0.95
P01269,56,63,combination_therapy,first_line,3,0.82
P01269,69,87,combination_therapy,first_line,4,0.97
P01269,99,109,combination_therapy,first_line,5,0.96
P01269,111,124,combination_therapy,first_line,6,0.81
P01269,127,146,combination_therapy,first_line,7,0.82
P01269,147,168,combination_therapy,first_line,8,0.81
P01269,169,181,combination_therapy,first_line,9,0.87
P01270,2,26,immunotherapy,first_line,1,0.9
P01270,28,46,immunotherapy,first_line,2,0.91
P01270,46,65,immunotherapy,first_line,3,0.85
P01270,75,84,immunotherapy,first_line,4,0.98
P01270,87,110,immunotherapy,first_line,5,0.87
P01270,108,117,immunotherapy,first_line,6,0.81
P01270,129,146,immunotherapy,first_line,7,0.86
P01270,152,172,immunotherapy,first_line,8,0.91
P01270,175,182,immunotherapy,first_line,9,0.88
P01271,2,16,combination_therapy,first_line,1,0.85
P01271,23,48,combination_therapy,first_line,2,0.83
P01271,45,69,combination_therapy,first_line,3,0.96
P01271,77,86,combination_therapy,first_line,4,1.0
P01271,89,109,combination_therapy,first_line,5,0.87
P01271,124,132,combination_therapy,first_line,6,0.88
P01271,152,171,combination_therapy,first_line,8,0.92
P01271,173,180,combination_therapy,first_line,9,0.94
P01272,1,21,combination_therapy,first_line,1,0.88
P01272,53,60,combination_therapy,first_line,3,0.98
P01272,72,89,combination_therapy,first_line,4,0.91
P01272,86,108,combination_therapy,first_line,5,0.89
P01272,107,129,combination_therapy,first_line,6,0.93
P01272,132,153,combination_therapy,first_line,7,0.99
P01272,148,167,combination_therapy,first_line,8,0.96
P01272,175,182,combination_therapy,first_line,9,0.81
P01273,0,25,combination_therapy,first_line,1,0.87
P01273,32,44,combination_therapy,first_line,2,0.89
P01273,42,66,combination_therapy,first_line,3,0.86
P01273,65,89,combination_therapy,first_line,4,0.94
P01273,90,111,combination_therapy,first_line,5,0.97
P01273,110,127,combination_therapy,first_line,6,0.95
P01273,128,150,combination_therapy,first_line,7,1.0
P01273,149,169,combination_therapy,first_line,8,0.85
P01273,175,182,combination_therapy,first_line,9,0.97
P01274,5,26,targeted_therapy,first_line,1,0.95
P01274,22,47,targeted_therapy,first_line,2,0.87
P01274,54,61,targeted_therapy,first_line,3,0.95
P01274,66,89,targeted_therapy,first_line,4,0.82
P01274,86,108,targeted_therapy,first_line,5,0.96
P01274,107,131,targeted_therapy,first_line,6,0.91
P01274,132,141,targeted_therapy,first_line,7,0.86
P01274,152,172,targeted_therapy,first_line,8,0.93
P01274,168,186,targeted_therapy,first_line,9,0.93
P01275,1,24,chemotherapy,first_line,1,0.84
P01275,26,46,chemotherapy,first_line,2,0.81
P01275,44,65,chemotherapy,first_line,3,0.89
P01275,64,89,chemotherapy,first_line,4,0.91
P01275,102,110,chemotherapy,first_line,5,0.98
P01275,124,132,chemotherapy,first_line,6,0.99
P01275,130,153,chemotherapy,first_line,7,0.91
P01275,152,174,chemotherapy,first_line,8,0.95
P01276,2,27,immunotherapy,first_line,1,0.89
P01276,21,47,immunotherapy,first_line,2,0.95
P01276,50,65,immunotherapy,first_line,3,0.84
P01276,71,89,immunotherapy,first_line,4,0.87
P01276,90,111,immunotherapy,first_line,5,0.93
P01276,107,120,immunotherapy,first_line,6,0.8
P01276,128,145,immunotherapy,first_line,7,0.94
P01276,152,159,immunotherapy,first_line,8,0.97
P01276,168,177,immunotherapy,first_line,9,0.88
P01277,7,23,chemotherapy,first_line,1,0.89
P01277,30,39,chemotherapy,first_line,2,0.97
P01277,43,67,chemotherapy,first_line,3,0.96
P01277,67,77,chemotherapy,first_line,4,0.86
P01277,88,103,chemotherapy,first_line,5,0.86
P01277,120,129,chemotherapy,first_line,6,0.94
P01277,126,153,chemotherapy,first_line,7,0.91
P01277,151,165,chemotherapy,first_line,8,0.83
P01277,175,182,chemotherapy,first_line,9,0.86
P01278,3,17,immunotherapy,first_line,1,0.98
P01278,27,47,immunotherapy,first_line,2,0.94
P01278,59,66,immunotherapy,first_line,3,1.0
P01278,69,90,immunotherapy,first_line,4,0.95
P01278,91,108,immunotherapy,first_line,5,0.99
P01278,109,129,immunotherapy,first_line,6,0.84
P01278,141,151,immunotherapy,first_line,7,0.95
P01278,147,174,immunotherapy,first_line,8,0.8
P01278,171,183,immunotherapy,first_line,9,0.93
P01279,4,15,combination_therapy,first_line,1,0.89
P01279,21,41,combination_therapy,first_line,2,0.87
P01279,50,64,combination_therapy,first_line,3,0.97
P01279,77,88,combination_therapy,first_line,4,0.97
P01279,100,111,combination_therapy,first_line,5,0.8
P01279,106,129,combination_therapy,first_line,6,0.92
P01279,129,149,combination_therapy,first_line,7,0.87
P01279,148,171,combination_therapy,first_line,8,0.88
P01279,168,178,combination_therapy,first_line,9,0.97
P01280,2,27,combination_therapy,first_line,1,0.86
P01280,23,48,combination_therapy,first_line,2,0.99
P01280,52,68,combination_therapy,first_line,3,0.84
P01280,65,90,combination_therapy,first_line,4,0.93
P01280,92,111,combination_therapy,first_line,5,0.93
P01280,107,126,combination_therapy,first_line,6,0.85
P01280,132,153,combination_therapy,first_line,7,0.86
P01280,152,165,combination_therapy,first_line,8,0.97
P01280,172,180,combination_therapy,first_line,9,0.95
P01281,1,22,immunotherapy,first_line,1,0.87
P01281,23,45,immunotherapy,first_line,2,0.91
P01281,42,69,immunotherapy,first_line,3,0.81
P01281,70,86,immunotherapy,first_line,4,0.84
P01281,91,100,immunotherapy,first_line,5,0.9
P01281,122,129,immunotherapy,first_line,6,0.82
P01281,133,149,immunotherapy,first_line,7,0.97
P01281,154,174,immunotherapy,first_line,8,0.94
P01281,178,185,immunotherapy,first_line,9,0.99
P01282,1,18,chemotherapy,first_line,1,0.94
P01282,37,44,chemotherapy,first_line,2,0.99
P01282,46,63,chemotherapy,first_line,3,0.91
P01282,81,88,chemotherapy,first_line,4,0.92
P01282,92,109,chemotherapy,first_line,5,1.0
P01282,109,128,chemotherapy,first_line,6,0.93
P01282,126,153,chemotherapy,first_line,7,0.81
P01282,149,172,chemotherapy,first_line,8,0.94
P01282,168,178,chemotherapy,first_line,9,0.98
P01283,4,22,targeted_therapy,first_line,1,0.96
P01283,36,47,targeted_therapy,first_line,2,0.92
P01283,55,68,targeted_therapy,first_line,3,0.93
P01283,73,80,targeted_therapy,first_line,4,1.0
P01283,96,110,targeted_therapy,first_line,5,0.82
P01283,114,128,targeted_therapy,first_line,6,0.93
P01283,129,153,targeted_therapy,first_line,7,0.86
P01283,149,172,targeted_therapy,first_line,8,0.93
P01283,168,184,targeted_therapy,first_line,9,0.92
P01284,2,27,combination_therapy,first_line,1,0.83
P01284,24,48,combination_therapy,first_line,2,0.84
P01284,43,65,combination_therapy,first_line,3,0.92
P01284,69,84,combination_therapy,first_line,4,0.83
P01284,86,107,combination_therapy,first_line,5,0.85
P01284,105,115,combination_therapy,first_line,6,0.97
P01284,135,147,combination_therapy,first_line,7,0.87
P01284,159,166,combination_therapy,first_line,8,0.9
P01284,173,185,combination_therapy,first_line,9,0.99
P01285,6,25,chemotherapy,first_line,1,0.85
P01285,22,45,chemotherapy,first_line,2,0.88
P01285,43,69,chemotherapy,first_line,3,0.92
P01285,78,86,chemotherapy,first_line,4,0.95
P01285,85,106,chemotherapy,first_line,5,0.98
P01285,113,127,chemotherapy,first_line,6,0.98
P01285,137,152,chemotherapy,first_line,7,0.96
P01285,156,163,chemotherapy,first_line,8,0.85
P01285,170,182,chemotherapy,first_line,9,0.8
P01286,1,23,immunotherapy,first_line,1,0.88
P01286,21,45,immunotherapy,first_line,2,0.83
P01286,45,56,immunotherapy,first_line,3,0.94
P01286,63,87,immunotherapy,first_line,4,0.93
P01286,85,97,immunotherapy,first_line,5,0.81
P01286,105,113,immunotherapy,first_line,6,0.97
P01286,128,142,immunotherapy,first_line,7,0.85
P01286,150,169,immunotherapy,first_line,8,0.89
P01286,169,179,immunotherapy,first_line,9,0.93
P01287,12,20,immunotherapy,first_line,1,0.89
P01287,22,40,immunotherapy,first_line,2,0.89
P01287,48,69,immunotherapy,first_line,3,0.81
P01287,66,89,immunotherapy,first_line,4,0.88
P01287,87,106,immunotherapy,first_line,5,0.95
P01287,107,131,immunotherapy,first_line,6,0.98
P01287,132,153,immunotherapy,first_line,7,0.88
P01287,150,169,immunotherapy,first_line,8,0.88
P01287,174,183,immunotherapy,first_line,9,0.94
P01288,0,18,combination_therapy,first_line,1,0.99
P01288,44,64,combination_therapy,first_line,3,0.85
P01288,67,86,combination_therapy,first_line,4,0.89
P01288,94,106,combination_therapy,first_line,5,0.96
P01288,107,125,combination_therapy,first_line,6,0.92
P01288,126,152,combination_therapy,first_line,7,0.82
P01288,149,174,combination_therapy,first_line,8,0.93
P01288,173,180,combination_therapy,first_line,9,0.84
P01289,16,23,immunotherapy,first_line,1,0.9
P01289,24,47,immunotherapy,first_line,2,0.91
P01289,42,61,immunotherapy,first_line,3,0.98
P01289,72,90,immunotherapy,first_line,4,0.89
P01289,86,99,immunotherapy,first_line,5,0.86
P01289,106,131,immunotherapy,first_line,6,0.85
P01289,132,142,immunotherapy,first_line,7,0.97
P01289,150,170,immunotherapy,first_line,8,0.83
P01289,169,181,immunotherapy,first_line,9,0.89
P01290,3,26,chemotherapy,first_line,1,0.84
P01290,21,48,chemotherapy,first_line,2,0.95
P01290,45,64,chemotherapy,first_line,3,0.89
P01290,66,89,chemotherapy,first_line,4,0.87
P01290,85,106,chemotherapy,first_line,5,0.87
P01290,128,135,chemotherapy,first_line,7,0.97
P01290,150,171,chemotherapy,first_line,8,0.91
P01291,13,20,chemotherapy,first_line,1,0.94
P01291,26,44,chemotherapy,first_line,2,0.98
P01291,44,65,chemotherapy,first_line,3,0.98
P01291,72,82,chemotherapy,first_line,4,0.87
P01291,88,109,chemotherapy,first_line,5,0.99
P01291,105,127,chemotherapy,first_line,6,0.8
P01291,133,140,chemotherapy,first_line,7,0.88
P01291,149,156,chemotherapy,first_line,8,0.98
P01291,173,180,chemotherapy,first_line,9,0.85
P01292,9,26,combination_therapy,first_line,1,0.85
P01292,23,46,combination_therapy,first_line,2,0.86
P01292,50,66,combination_therapy,first_line,3,0.92
P01292,65,89,combination_therapy,first_line,4,0.89
P01292,91,109,combination_therapy,first_line,5,0.95
P01292,106,131,combination_therapy,first_line,6,0.98
P01292,139,146,combination_therapy,first_line,7,0.93
P01292,149,174,combination_therapy,first_line,8,0.84
P01292,169,176,combination_therapy,first_line,9,0.99
P01293,9,20,immunotherapy,first_line,1,0.85
P01293,30,45,immunotherapy,first_line,2,0.83
P01293,43,64,immunotherapy,first_line,3,0.82
P01293,64,88,immunotherapy,first_line,4,0.91
P01293,84,105,immunotherapy,first_line,5,0.82
P01293,117,124,immunotherapy,first_line,6,0.83
P01293,126,153,immunotherapy,first_line,7,0.86
P01293,150,158,immunotherapy,first_line,8,0.86
P01293,169,183,immunotherapy,first_line,9,0.92
P01294,1,23,targeted_therapy,first_line,1,0.96
P01294,22,44,targeted_therapy,first_line,2,0.95
P01294,45,58,targeted_therapy,first_line,3,0.85
P01294,69,76,targeted_therapy,first_line,4,0.85
P01294,85,107,targeted_therapy,first_line,5,0.99
P01294,108,130,targeted_therapy,first_line,6,0.8
P01294,134,153,targeted_therapy,first_line,7,0.98
P01294,150,172,targeted_therapy,first_line,8,0.84
P01295,0,26,targeted_therapy,first_line,1,0.99
P01295,22,47,targeted_therapy,first_line,2,0.87
P01295,48,66,targeted_therapy,first_line,3,0.89
P01295,68,88,targeted_therapy,first_line,4,0.94
P01295,97,106,targeted_therapy,first_line,5,0.92
P01295,105,126,targeted_therapy,first_line,6,0.86
P01295,126,142,targeted_therapy,first_line,7,0.91
P01295,152,172,targeted_therapy,first_line,8,0.95
P01295,173,180,targeted_therapy,first_line,9,0.81
P01296,1,22,targeted_therapy,first_line,1,0.8
P01296,21,39,targeted_therapy,first_line,2,0.89
P01296,48,69,targeted_therapy,first_line,3,0.83
P01296,69,76,targeted_therapy,first_line,4,0.93
P01296,84,110,targeted_therapy,first_line,5,0.84
P01296,106,130,targeted_therapy,first_line,6,0.89
P01296,127,145,targeted_therapy,first_line,7,0.84
P01296,147,168,targeted_therapy,first_line,8,0.91
P01296,170,177,targeted_therapy,first_line,9,0.82
P01297,16,26,chemotherapy,first_line,1,0.8
P01297,23,44,chemotherapy,first_line,2,0.81
P01297,42,68,chemotherapy,first_line,3,0.99
P01297,84,111,chemotherapy,first_line,5,0.83
P01297,114,122,chemotherapy,first_line,6,0.94
P01297,132,139,chemotherapy,first_line,7,0.81
P01297,153,174,chemotherapy,first_line,8,0.82
P01297,169,184,chemotherapy,first_line,9,0.9
P01298,2,27,immunotherapy,first_line,1,0.89
P01298,22,39,immunotherapy,first_line,2,0.99
P01298,45,67,immunotherapy,first_line,3,0.99
P01298,64,85,immunotherapy,first_line,4,0.96
P01298,87,110,immunotherapy,first_line,5,0.92
P01298,118,130,immunotherapy,first_line,6,0.89
P01298,132,148,immunotherapy,first_line,7,0.87
P01298,150,174,immunotherapy,first_line,8,0.99
P01298,170,177,immunotherapy,first_line,9,0.92
P01299,27,48,chemotherapy,first_line,2,0.92
P01299,42,60,chemotherapy,first_line,3,0.85
P01299,66,84,chemotherapy,first_line,4,0.81
P01299,84,108,chemotherapy,first_line,5,0.99
P01299,135,151,chemotherapy,first_line,7,0.86
P01299,150,172,chemotherapy,first_line,8,0.89
P01299,169,177,chemotherapy,first_line,9,0.82
P01300,1,14,targeted_therapy,first_line,1,0.97
P01300,27,47,targeted_therapy,first_line,2,0.81
P01300,45,64,targeted_therapy,first_line,3,0.97
P01300,63,80,targeted_therapy,first_line,4,0.83
P01300,85,109,targeted_therapy,first_line,5,0.98
P01300,111,118,targeted_therapy,first_line,6,0.95
P01300,128,146,targeted_therapy,first_line,7,0.83
P01300,149,172,targeted_therapy,first_line,8,0.91
P01300,171,182,targeted_therapy,first_line,9,0.86
P01301,4,17,chemotherapy,first_line,1,0.84
P01301,24,46,chemotherapy,first_line,2,0.97
P01301,47,66,chemotherapy,first_line,3,0.88
P01301,78,85,chemotherapy,first_line,4,0.88
P01301,85,98,chemotherapy,first_line,5,0.83
P01301,112,124,chemotherapy,first_line,6,0.88
P01301,138,151,chemotherapy,first_line,7,0.97
P01301,150,174,chemotherapy,first_line,8,0.87
P01301,174,183,chemotherapy,first_line,9,0.99
P01302,6,20,chemotherapy,first_line,1,0.99
P01302,24,44,chemotherapy,first_line,2,0.83
P01302,47,57,chemotherapy,first_line,3,0.84
P01302,66,90,chemotherapy,first_line,4,0.97
P01302,91,108,chemotherapy,first_line,5,0.88
P01302,106,131,chemotherapy,first_line,6,0.8
P01302,127,148,chemotherapy,first_line,7,0.85
P01302,156,172,chemotherapy,first_line,8,0.92
P01302,176,186,chemotherapy,first_line,9,0.96
P01303,4,25,combination_therapy,first_line,1,0.83
P01303,33,40,combination_therapy,first_line,2,0.82
P01303,57,64,combination_therapy,first_line,3,0.98
P01303,63,87,combination_therapy,first_line,4,0.95
P01303,85,111,combination_therapy,first_line,5,0.92
P01303,111,126,combination_therapy,first_line,6,0.95
P01303,128,152,combination_therapy,first_line,7,0.89
P01303,149,170,combination_therapy,first_line,8,0.95
P01303,169,176,combination_therapy,first_line,9,0.87
P01304,3,26,combination_therapy,first_line,1,0.85
P01304,22,41,combination_therapy,first_line,2,0.95
P01304,46,65,combination_therapy,first_line,3,0.88
P01304,67,84,combination_therapy,first_line,4,1.0
P01304,88,106,combination_therapy,first_line,5,0.87
P01304,109,128,combination_therapy,first_line,6,0.98
P01304,133,151,combination_therapy,first_line,7,0.99
P01304,147,174,combination_therapy,first_line,8,0.85
P01304,172,179,combination_therapy,first_line,9,0.96
P01305,28,39,combination_therapy,first_line,2,0.89
P01305,46,66,combination_therapy,first_line,3,0.98
P01305,63,80,combination_therapy,first_line,4,0.89
P01305,86,93,combination_therapy,first_line,5,0.95
P01305,106,130,combination_therapy,first_line,6,0.89
P01305,128,141,combination_therapy,first_line,7,0.85
P01305,148,164,combination_therapy,first_line,8,0.84
P01305,168,180,combination_therapy,first_line,9,0.89
P01306,0,20,combination_therapy,first_line,1,0.95
P01306,25,33,combination_therapy,first_line,2,0.92
P01306,44,69,combination_therapy,first_line,3,0.94
P01306,67,89,combination_therapy,first_line,4,0.86
P01306,87,96,combination_therapy,first_line,5,0.9
P01306,107,117,combination_therapy,first_line,6,0.81
P01306,136,144,combination_therapy,first_line,7,0.96
P01306,162,169,combination_therapy,first_line,8,1.0
P01306,169,183,combination_therapy,first_line,9,0.88
P01307,5,24,combination_therapy,first_line,1,0.8
P01307,27,35,combination_therapy,first_line,2,0.83
P01307,42,68,combination_therapy,first_line,3,0.93
P01307,64,76,combination_therapy,first_line,4,0.92
P01307,85,95,combination_therapy,first_line,5,0.96
P01307,112,130,combination_therapy,first_line,6,0.85
P01307,137,151,combination_therapy,first_line,7,0.95
P01307,147,170,combination_therapy,first_line,8,0.94
P01308,18,25,immunotherapy,first_line,1,0.86
P01308,21,28,immunotherapy,first_line,2,0.91
P01308,52,68,immunotherapy,first_line,3,0.83
P01308,64,90,immunotherapy,first_line,4,0.89
P01308,91,108,immunotherapy,first_line,5,0.98
P01308,105,130,immunotherapy,first_line,6,0.88
P01308,136,150,immunotherapy,first_line,7,0.97
P01308,162,174,immunotherapy,first_line,8,0.92
P01308,172,186,immunotherapy,first_line,9,0.84
P01309,5,14,targeted_therapy,first_line,1,0.92
P01309,21,45,targeted_therapy,first_line,2,0.9
P01309,61,68,targeted_therapy,first_line,3,0.88
P01309,64,89,targeted_therapy,first_line,4,0.82
P01309,89,105,targeted_therapy,first_line,5,0.88
P01309,116,129,targeted_therapy,first_line,6,0.81
P01309,130,153,targeted_therapy,first_line,7,0.82
P01309,150,169,targeted_therapy,first_line,8,0.88
P01310,4,18,combination_therapy,first_line,1,0.86
P01310,22,42,combination_therapy,first_line,2,0.99
P01310,50,67,combination_therapy,first_line,3,0.88
P01310,65,87,combination_therapy,first_line,4,0.95
P01310,87,110,combination_therapy,first_line,5,0.91
P01310,118,130,combination_therapy,first_line,6,0.94
P01310,126,149,combination_therapy,first_line,7,0.85
P01310,152,166,combination_therapy,first_line,8,0.99
P01310,171,182,combination_therapy,first_line,9,0.91
P01311,30,47,chemotherapy,first_line,2,0.97
P01311,42,67,chemotherapy,first_line,3,0.87
P01311,63,85,chemotherapy,first_line,4,0.82
P01311,101,109,chemotherapy,first_line,5,0.93
P01311,105,129,chemotherapy,first_line,6,0.8
P01311,131,141,chemotherapy,first_line,7,0.9
P01311,148,174,chemotherapy,first_line,8,0.84
P01312,4,22,immunotherapy,first_line,1,0.93
P01312,21,39,immunotherapy,first_line,2,1.0
P01312,51,69,immunotherapy,first_line,3,0.89
P01312,63,75,immunotherapy,first_line,4,0.96
P01312,86,107,immunotherapy,first_line,5,0.9
P01312,111,120,immunotherapy,first_line,6,0.9
P01312,127,150,immunotherapy,first_line,7,0.99
P01312,159,173,immunotherapy,first_line,8,0.98
P01313,1,23,immunotherapy,first_line,1,0.96
P01313,23,47,immunotherapy,first_line,2,0.86
P01313,66,84,immunotherapy,first_line,4,0.91
P01313,84,111,immunotherapy,first_line,5,0.84
P01313,110,123,immunotherapy,first_line,6,0.89
P01313,143,150,immunotherapy,first_line,7,0.9
P01313,149,166,immunotherapy,first_line,8,0.97
P01313,172,179,immunotherapy,first_line,9,0.98
P01314,0,27,chemotherapy,first_line,1,0.88
P01314,22,43,chemotherapy,first_line,2,0.8
P01314,47,64,chemotherapy,first_line,3,0.97
P01314,65,88,chemotherapy,first_line,4,0.83
P01314,86,111,chemotherapy,first_line,5,0.92
P01314,108,126,chemotherapy,first_line,6,0.8
P01314,128,146,chemotherapy,first_line,7,0.88
P01314,147,167,chemotherapy,first_line,8,1.0
P01315,5,17,targeted_therapy,first_line,1,0.82
P01315,25,46,targeted_therapy,first_line,2,0.88
P01315,50,66,targeted_therapy,first_line,3,0.86
P01315,64,90,targeted_therapy,first_line,4,0.98
P01315,86,97,targeted_therapy,first_line,5,0.97
P01315,105,131,targeted_therapy,first_line,6,0.85
P01315,129,152,targeted_therapy,first_line,7,0.82
P01315,148,172,targeted_therapy,first_line,8,0.93
P01315,175,182,targeted_therapy,first_line,9,0.87
P01316,2,22,chemotherapy,first_line,1,0.93
P01316,23,48,chemotherapy,first_line,2,0.81
P01316,42,54,chemotherapy,first_line,3,0.83
P01316,72,90,chemotherapy,first_line,4,0.94
P01316,94,110,chemotherapy,first_line,5,0.84
P01316,108,131,chemotherapy,first_line,6,0.97
P01316,144,153,chemotherapy,first_line,7,0.81
P01316,154,174,chemotherapy,first_line,8,0.84
P01316,169,177,chemotherapy,first_line,9,1.0
P01317,0,20,combination_therapy,first_line,1,0.89
P01317,26,47,combination_therapy,first_line,2,0.94
P01317,45,60,combination_therapy,first_line,3,0.84
P01317,67,89,combination_therapy,first_line,4,0.92
P01317,88,106,combination_therapy,first_line,5,0.95
P01317,106,132,combination_therapy,first_line,6,0.86
P01317,132,153,combination_therapy,first_line,7,0.97
P01317,148,169,combination_therapy,first_line,8,0.92
P01318,18,25,chemotherapy,first_line,1,0.88
P01318,27,45,chemotherapy,first_line,2,0.91
P01318,45,67,chemotherapy,first_line,3,0.92
P01318,66,82,chemotherapy,first_line,4,0.83
P01318,84,110,chemotherapy,first_line,5,0.88
P01318,106,124,chemotherapy,first_line,6,0.87
P01318,128,151,chemotherapy,first_line,7,0.88
P01318,156,172,chemotherapy,first_line,8,0.95
P01318,168,184,chemotherapy,first_line,9,0.9
P01319,1,22,combination_therapy,first_line,1,0.99
P01319,24,44,combination_therapy,first_line,2,0.86
P01319,47,54,combination_therapy,first_line,3,0.88
P01319,63,90,combination_therapy,first_line,4,0.96
P01319,87,94,combination_therapy,first_line,5,0.91
P01319,108,127,combination_therapy,first_line,6,0.91
P01319,127,153,combination_therapy,first_line,7,0.81
P01319,152,173,combination_therapy,first_line,8,0.88
P01319,168,183,combination_therapy,first_line,9,0.85
P01320,8,21,targeted_therapy,first_line,1,1.0
P01320,22,43,targeted_therapy,first_line,2,0.86
P01320,67,89,targeted_therapy,first_line,4,0.98
P01320,86,107,targeted_therapy,first_line,5,0.94
P01320,109,132,targeted_therapy,first_line,6,0.87
P01320,135,146,targeted_therapy,first_line,7,0.91
P01320,150,172,targeted_therapy,first_line,8,0.97
P01320,175,182,targeted_therapy,first_line,9,0.98
P01321,0,20,targeted_therapy,first_line,1,0.83
P01321,22,48,targeted_therapy,first_line,2,0.87
P01321,42,65,targeted_therapy,first_line,3,0.87
P01321,73,80,targeted_therapy,first_line,4,0.81
P01321,87,100,targeted_therapy,first_line,5,0.92
P01321,112,119,targeted_therapy,first_line,6,0.97
P01321,132,153,targeted_therapy,first_line,7,0.88
P01321,151,174,targeted_therapy,first_line,8,0.95
P01321,168,183,targeted_therapy,first_line,9,0.93
P01322,0,25,immunotherapy,first_line,1,0.88
P01322,21,31,immunotherapy,first_line,2,0.83
P01322,49,68,immunotherapy,first_line,3,0.94
P01322,69,88,immunotherapy,first_line,4,0.97
P01322,85,105,immunotherapy,first_line,5,0.94
P01322,106,128,immunotherapy,first_line,6,0.8
P01322,137,148,immunotherapy,first_line,7,0.84
P01322,151,172,immunotherapy,first_line,8,0.81
P01322,178,185,immunotherapy,first_line,9,0.91
P01323,0,19,immunotherapy,first_line,1,0.95
P01323,21,42,immunotherapy,first_line,2,0.82
P01323,45,67,immunotherapy,first_line,3,0.97
P01323,67,82,immunotherapy,first_line,4,0.91
P01323,87,103,immunotherapy,first_line,5,0.94
P01323,111,123,immunotherapy,first_line,6,0.99
P01323,132,149,immunotherapy,first_line,7,0.82
P01323,148,174,immunotherapy,first_line,8,0.98
P01324,3,27,immunotherapy,first_line,1,0.83
P01324,23,47,immunotherapy,first_line,2,0.88
P01324,54,69,immunotherapy,first_line,3,0.97
P01324,66,74,immunotherapy,first_line,4,0.98
P01324,92,99,immunotherapy,first_line,5,0.9
P01324,109,125,immunotherapy,first_line,6,0.92
P01324,136,151,immunotherapy,first_line,7,0.94
P01324,150,171,immunotherapy,first_line,8,0.97
P01324,170,183,immunotherapy,first_line,9,0.82
P01325,4,20,targeted_therapy,first_line,1,0.96
P01325,32,39,targeted_therapy,first_line,2,0.9
P01325,52,65,targeted_therapy,first_line,3,0.89
P01325,68,88,targeted_therapy,first_line,4,0.88
P01325,95,111,targeted_therapy,first_line,5,0.9
P01325,107,114,targeted_therapy,first_line,6,0.99
P01325,127,147,targeted_therapy,first_line,7,0.91
P01325,150,169,targeted_therapy,first_line,8,0.99
P01325,171,183,targeted_therapy,first_line,9,0.84
P01326,4,27,immunotherapy,first_line,1,0.94
P01326,30,47,immunotherapy,first_line,2,0.96
P01326,43,56,immunotherapy,first_line,3,0.94
P01326,66,82,immunotherapy,first_line,4,0.92
P01326,84,107,immunotherapy,first_line,5,0.91
P01326,107,131,immunotherapy,first_line,6,0.97
P01326,129,149,immunotherapy,first_line,7,0.96
P01326,149,164,immunotherapy,first_line,8,0.82
P01326,168,183,immunotherapy,first_line,9,0.97
P01327,5,22,targeted_therapy,first_line,1,0.88
P01327,24,48,targeted_therapy,first_line,2,0.85
P01327,44,65,targeted_therapy,first_line,3,0.97
P01327,66,89,targeted_therapy,first_line,4,0.89
P01327,84,111,targeted_therapy,first_line,5,0.96
P01327,113,120,targeted_therapy,first_line,6,0.85
P01327,131,152,targeted_therapy,first_line,7,0.8
P01327,151,168,targeted_therapy,first_line,8,0.9
P01327,178,185,targeted_therapy,first_line,9,0.82
P01328,2,27,targeted_therapy,first_line,1,0.95
P01328,25,43,targeted_therapy,first_line,2,0.86
P01328,42,53,targeted_therapy,first_line,3,0.89
P01328,73,88,targeted_therapy,first_line,4,0.82
P01328,97,104,targeted_therapy,first_line,5,0.86
P01328,109,131,targeted_therapy,first_line,6,0.96
P01328,126,153,targeted_therapy,first_line,7,0.83
P01328,148,173,targeted_therapy,first_line,8,0.93
P01328,171,186,targeted_therapy,first_line,9,0.98
P01329,7,21,chemotherapy,first_line,1,0.94
P01329,23,48,chemotherapy,first_line,2,0.96
P01329,44,53,chemotherapy,first_line,3,0.82
P01329,65,87,chemotherapy,first_line,4,0.85
P01329,85,111,chemotherapy,first_line,5,0.98
P01329,106,131,chemotherapy,first_line,6,0.94
P01329,141,148,chemotherapy,first_line,7,0.93
P01329,148,156,chemotherapy,first_line,8,0.93
P01330,9,27,targeted_therapy,first_line,1,0.88
P01330,21,48,targeted_therapy,first_line,2,0.81
P01330,43,67,targeted_therapy,first_line,3,0.96
P01330,63,90,targeted_therapy,first_line,4,0.94
P01330,90,108,targeted_therapy,first_line,5,0.89
P01330,105,126,targeted_therapy,first_line,6,0.98
P01330,136,149,targeted_therapy,first_line,7,0.87
P01330,154,161,targeted_therapy,first_line,8,0.86
P01331,7,23,combination_therapy,first_line,1,0.97
P01331,23,47,combination_therapy,first_line,2,0.96
P01331,48,69,combination_therapy,first_line,3,0.9
P01331,67,89,combination_therapy,first_line,4,0.83
P01331,85,103,combination_therapy,first_line,5,0.84
P01331,105,127,combination_therapy,first_line,6,0.93
P01331,159,172,combination_therapy,first_line,8,0.88
P01331,170,183,combination_therapy,first_line,9,0.97
P01332,19,26,immunotherapy,first_line,1,0.99
P01332,38,48,immunotherapy,first_line,2,0.96
P01332,52,61,immunotherapy,first_line,3,0.88
P01332,64,86,immunotherapy,first_line,4,0.96
P01332,88,95,immunotherapy,first_line,5,0.87
P01332,106,124,immunotherapy,first_line,6,0.83
P01332,127,147,immunotherapy,first_line,7,0.81
P01332,150,174,immunotherapy,first_line,8,0.88
P01332,173,184,immunotherapy,first_line,9,0.98
P01333,3,23,targeted_therapy,first_line,1,0.85
P01333,25,47,targeted_therapy,first_line,2,0.84
P01333,45,55,targeted_therapy,first_line,3,0.99
P01333,66,83,targeted_therapy,first_line,4,0.81
P01333,93,102,targeted_therapy,first_line,5,0.96
P01333,115,132,targeted_therapy,first_line,6,0.86
P01333,131,150,targeted_therapy,first_line,7,0.81
P01333,156,163,targeted_therapy,first_line,8,0.98
P01333,174,185,targeted_therapy,first_line,9,0.83
P01334,5,26,targeted_therapy,first_line,1,0.91
P01334,29,40,targeted_therapy,first_line,2,0.85
P01334,45,57,targeted_therapy,first_line,3,0.81
P01334,64,88,targeted_therapy,first_line,4,0.81
P01334,84,99,targeted_therapy,first_line,5,0.82
P01334,108,132,targeted_therapy,first_line,6,0.81
P01334,128,152,targeted_therapy,first_line,7,0.95
P01334,158,174,targeted_therapy,first_line,8,0.9
P01334,168,180,targeted_therapy,first_line,9,0.87
P01335,0,23,immunotherapy,first_line,1,0.88
P01335,34,48,immunotherapy,first_line,2,0.99
P01335,51,62,immunotherapy,first_line,3,0.98
P01335,67,87,immunotherapy,first_line,4,0.94
P01335,97,106,immunotherapy,first_line,5,0.98
P01335,109,123,immunotherapy,first_line,6,0.86
P01335,131,143,immunotherapy,first_line,7,0.88
P01335,157,169,immunotherapy,first_line,8,0.92
P01335,178,185,immunotherapy,first_line,9,0.92
P01336,0,18,immunotherapy,first_line,1,0.9
P01336,24,42,immunotherapy,first_line,2,0.88
P01336,42,62,immunotherapy,first_line,3,1.0
P01336,68,76,immunotherapy,first_line,4,0.96
P01336,96,111,immunotherapy,first_line,5,0.89
P01336,122,130,immunotherapy,first_line,6,0.95
P01336,145,153,immunotherapy,first_line,7,0.85
P01336,150,162,immunotherapy,first_line,8,0.82
P01336,172,183,immunotherapy,first_line,9,0.87
P01337,3,26,chemotherapy,first_line,1,0.88
P01337,22,29,chemotherapy,first_line,2,0.8
P01337,50,62,chemotherapy,first_line,3,0.96
P01337,63,89,chemotherapy,first_line,4,0.87
P01337,84,107,chemotherapy,first_line,5,0.92
P01337,111,130,chemotherapy,first_line,6,0.81
P01337,127,151,chemotherapy,first_line,7,0.83
P01337,153,169,chemotherapy,first_line,8,0.98
P01337,171,181,chemotherapy,first_line,9,0.92
P01338,4,26,targeted_therapy,first_line,1,0.99
P01338,22,45,targeted_therapy,first_line,2,1.0
P01338,58,68,targeted_therapy,first_line,3,0.87
P01338,67,78,targeted_therapy,first_line,4,0.86
P01338,93,102,targeted_therapy,first_line,5,0.97
P01338,106,125,targeted_therapy,first_line,6,1.0
P01338,126,139,targeted_therapy,first_line,7,0.93
P01338,147,166,targeted_therapy,first_line,8,0.96
P01338,171,184,targeted_therapy,first_line,9,0.96
P01339,7,24,chemotherapy,first_line,1,0.87
P01339,21,36,chemotherapy,first_line,2,0.91
P01339,44,69,chemotherapy,first_line,3,0.97
P01339,64,86,chemotherapy,first_line,4,0.94
P01339,92,105,chemotherapy,first_line,5,0.8
P01339,107,132,chemotherapy,first_line,6,0.87
P01339,132,151,chemotherapy,first_line,7,0.83
P01339,166,173,chemotherapy,first_line,8,0.85
P01340,1,24,targeted_therapy,first_line,1,0.98
P01340,27,48,targeted_therapy,first_line,2,0.81
P01340,49,69,targeted_therapy,first_line,3,0.84
P01340,64,87,targeted_therapy,first_line,4,0.86
P01340,84,109,targeted_therapy,first_line,5,0.92
P01340,106,129,targeted_therapy,first_line,6,0.91
P01340,128,137,targeted_therapy,first_line,7,0.84
P01340,163,171,targeted_therapy,first_line,8,0.83
P01341,9,25,chemotherapy,first_line,1,0.85
P01341,31,38,chemotherapy,first_line,2,0.9
P01341,42,66,chemotherapy,first_line,3,0.85
P01341,78,86,chemotherapy,first_line,4,0.99
P01341,87,111,chemotherapy,first_line,5,0.89
P01341,106,131,chemotherapy,first_line,6,0.81
P01341,126,153,chemotherapy,first_line,7,0.95
P01341,149,174,chemotherapy,first_line,8,0.87
P01341,177,186,chemotherapy,first_line,9,0.93
P01342,9,26,immunotherapy,first_line,1,0.86
P01342,24,48,immunotherapy,first_line,2,0.91
P01342,45,68,immunotherapy,first_line,3,0.95
P01342,65,72,immunotherapy,first_line,4,0.99
P01342,84,105,immunotherapy,first_line,5,0.85
P01342,110,123,immunotherapy,first_line,6,0.87
P01342,127,151,immunotherapy,first_line,7,0.89
P01342,149,170,immunotherapy,first_line,8,0.99
P01342,173,180,immunotherapy,first_line,9,0.98
P01343,0,14,targeted_therapy,first_line,1,0.82
P01343,21,41,targeted_therapy,first_line,2,0.83
P01343,43,68,targeted_therapy,first_line,3,0.9
P01343,66,86,targeted_therapy,first_line,4,0.82
P01343,92,111,targeted_therapy,first_line,5,0.87
P01343,116,129,targeted_therapy,first_line,6,0.83
P01343,129,140,targeted_therapy,first_line,7,0.93
P01343,147,172,targeted_therapy,first_line,8,0.99
P01343,169,184,targeted_therapy,first_line,9,1.0
P01344,1,17,combination_therapy,first_line,1,0.88
P01344,21,45,combination_therapy,first_line,2,0.92
P01344,45,60,combination_therapy,first_line,3,0.97
P01344,65,89,combination_therapy,first_line,4,0.82
P01344,109,130,combination_therapy,first_line,6,0.94
P01344,126,153,combination_therapy,first_line,7,0.88
P01344,148,173,combination_therapy,first_line,8,0.84
P01344,178,185,combination_therapy,first_line,9,0.88
P01345,6,26,chemotherapy,first_line,1,0.82
P01345,27,44,chemotherapy,first_line,2,0.94
P01345,43,66,chemotherapy,first_line,3,0.85
P01345,73,86,chemotherapy,first_line,4,0.86
P01345,87,109,chemotherapy,first_line,5,0.82
P01345,112,119,chemotherapy,first_line,6,0.97
P01345,127,149,chemotherapy,first_line,7,0.9
P01345,148,168,chemotherapy,first_line,8,0.91
P01345,174,181,chemotherapy,first_line,9,0.91
P01346,3,25,combination_therapy,first_line,1,0.88
P01346,23,45,combination_therapy,first_line,2,0.84
P01346,52,59,combination_therapy,first_line,3,0.95
P01346,69,90,combination_therapy,first_line,4,0.83
P01346,85,110,combination_therapy,first_line,5,0.82
P01346,105,117,combination_therapy,first_line,6,0.94
P01346,126,143,combination_therapy,first_line,7,0.84
P01346,152,171,combination_therapy,first_line,8,0.86
P01346,168,185,combination_therapy,first_line,9,0.9
P01347,4,27,targeted_therapy,first_line,1,0.89
P01347,38,45,targeted_therapy,first_line,2,0.94
P01347,47,68,targeted_therapy,first_line,3,0.92
P01347,73,83,targeted_therapy,first_line,4,0.93
P01347,85,102,targeted_therapy,first_line,5,0.94
P01347,107,127,targeted_therapy,first_line,6,0.86
P01347,137,148,targeted_therapy,first_line,7,0.86
P01347,157,174,targeted_therapy,first_line,8,0.89
P01347,170,178,targeted_therapy,first_line,9,0.86
P01348,9,27,chemotherapy,first_line,1,1.0
P01348,21,47,chemotherapy,first_line,2,0.96
P01348,53,69,chemotherapy,first_line,3,0.83
P01348,63,79,chemotherapy,first_line,4,0.8
P01348,85,107,chemotherapy,first_line,5,0.81
P01348,110,128,chemotherapy,first_line,6,0.85
P01348,127,148,chemotherapy,first_line,7,0.82
P01348,152,165,chemotherapy,first_line,8,0.91
P01348,177,184,chemotherapy,first_line,9,0.97
P01349,0,23,immunotherapy,first_line,1,0.95
P01349,23,43,immunotherapy,first_line,2,0.84
P01349,49,69,immunotherapy,first_line,3,0.88
P01349,65,87,immunotherapy,first_line,4,0.9
P01349,97,108,immunotherapy,first_line,5,0.96
P01349,107,116,immunotherapy,first_line,6,0.97
P01349,139,152,immunotherapy,first_line,7,0.98
P01349,148,174,immunotherapy,first_line,8,0.9
P01349,169,183,immunotherapy,first_line,9,0.94
P01350,0,27,immunotherapy,first_line,1,0.82
P01350,27,41,immunotherapy,first_line,2,0.91
P01350,45,57,immunotherapy,first_line,3,0.85
P01350,63,82,immunotherapy,first_line,4,0.89
P01350,90,110,immunotherapy,first_line,5,0.93
P01350,110,132,immunotherapy,first_line,6,0.85
P01350,135,143,immunotherapy,first_line,7,0.81
P01350,150,171,immunotherapy,first_line,8,0.8
P01350,168,185,immunotherapy,first_line,9,0.8
P01351,13,25,combination_therapy,first_line,1,0.8
P01351,22,47,combination_therapy,first_line,2,0.82
P01351,42,65,combination_therapy,first_line,3,0.85
P01351,63,87,combination_therapy,first_line,4,0.84
P01351,86,111,combination_therapy,first_line,5,1.0
P01351,110,120,combination_therapy,first_line,6,0.86
P01351,131,144,combination_therapy,first_line,7,0.83
P01351,153,172,combination_therapy,first_line,8,0.91
P01351,171,184,combination_therapy,first_line,9,0.97
P01352,2,25,chemotherapy,first_line,1,0.94
P01352,37,44,chemotherapy,first_line,2,0.86
P01352,54,68,chemotherapy,first_line,3,0.91
P01352,63,88,chemotherapy,first_line,4,0.94
P01352,90,109,chemotherapy,first_line,5,0.95
P01352,107,125,chemotherapy,first_line,6,0.93
P01352,135,142,chemotherapy,first_line,7,0.97
P01352,158,171,chemotherapy,first_line,8,0.97
P01352,172,181,chemotherapy,first_line,9,0.92
P01353,7,18,targeted_therapy,first_line,1,0.89
P01353,26,44,targeted_therapy,first_line,2,0.93
P01353,42,65,targeted_therapy,first_line,3,0.96
P01353,69,89,targeted_therapy,first_line,4,0.8
P01353,84,111,targeted_therapy,first_line,5,1.0
P01353,105,129,targeted_therapy,first_line,6,0.84
P01353,129,149,targeted_therapy,first_line,7,0.89
P01353,147,166,targeted_therapy,first_line,8,0.97
P01353,173,186,targeted_therapy,first_line,9,0.85
P01354,4,24,targeted_therapy,first_line,1,0.9
P01354,32,47,targeted_therapy,first_line,2,0.83
P01354,42,69,targeted_therapy,first_line,3,0.88
P01354,76,83,targeted_therapy,first_line,4,0.84
P01354,87,111,targeted_therapy,first_line,5,0.87
P01354,116,125,targeted_therapy,first_line,6,0.87
P01354,128,144,targeted_therapy,first_line,7,1.0
P01354,147,174,targeted_therapy,first_line,8,1.0
P01354,172,181,targeted_therapy,first_line,9,0.82
P01355,2,19,combination_therapy,first_line,1,0.95
P01355,21,48,combination_therapy,first_line,2,0.81
P01355,54,69,combination_therapy,first_line,3,0.81
P01355,90,108,combination_therapy,first_line,5,0.82
P01355,113,131,combination_therapy,first_line,6,0.99
P01355,128,149,combination_therapy,first_line,7,0.99
P01355,149,169,combination_therapy,first_line,8,0.84
P01355,169,185,combination_therapy,first_line,9,0.83
P01356,20,27,targeted_therapy,first_line,1,0.85
P01356,39,47,targeted_therapy,first_line,2,0.9
P01356,43,67,targeted_therapy,first_line,3,0.91
P01356,64,80,targeted_therapy,first_line,4,0.84
P01356,85,102,targeted_therapy,first_line,5,0.95
P01356,105,113,targeted_therapy,first_line,6,0.86
P01356,134,148,targeted_therapy,first_line,7,0.98
P01356,147,172,targeted_therapy,first_line,8,0.93
P01356,176,183,targeted_therapy,first_line,9,0.89
P01357,2,25,combination_therapy,first_line,1,0.96
P01357,23,43,combination_therapy,first_line,2,0.96
P01357,45,64,combination_therapy,first_line,3,0.86
P01357,67,86,combination_therapy,first_line,4,0.87
P01357,88,110,combination_therapy,first_line,5,0.99
P01357,108,127,combination_therapy,first_line,6,0.83
P01357,133,140,combination_therapy,first_line,7,0.81
P01357,151,169,combination_therapy,first_line,8,0.89
P01357,171,186,combination_therapy,first_line,9,0.96
P01358,5,27,immunotherapy,first_line,1,0.95
P01358,29,48,immunotherapy,first_line,2,0.98
P01358,48,68,immunotherapy,first_line,3,0.91
P01358,73,80,immunotherapy,first_line,4,0.82
P01358,84,110,immunotherapy,first_line,5,0.92
P01358,119,126,immunotherapy,first_line,6,0.96
P01358,127,147,immunotherapy,first_line,7,0.82
P01358,153,174,immunotherapy,first_line,8,0.83
P01358,171,180,immunotherapy,first_line,9,0.8
P01359,4,21,chemotherapy,first_line,1,0.92
P01359,24,40,chemotherapy,first_line,2,0.98
P01359,44,65,chemotherapy,first_line,3,0.93
P01359,66,73,chemotherapy,first_line,4,1.0
P01359,84,111,chemotherapy,first_line,5,0.81
P01359,112,129,chemotherapy,first_line,6,0.98
P01359,127,152,chemotherapy,first_line,7,0.96
P01359,150,173,chemotherapy,first_line,8,0.86
P01359,174,185,chemotherapy,first_line,9,0.99
P01360,3,26,combination_therapy,first_line,1,0.86
P01360,25,37,combination_therapy,first_line,2,0.98
P01360,42,65,combination_therapy,first_line,3,0.98
P01360,63,73,combination_therapy,first_line,4,0.95
P01360,88,102,combination_therapy,first_line,5,0.91
P01360,131,150,combination_therapy,first_line,7,0.82
P01360,147,172,combination_therapy,first_line,8,0.91
P01361,1,19,immunotherapy,first_line,1,0.87
P01361,22,34,immunotherapy,first_line,2,0.96
P01361,45,66,immunotherapy,first_line,3,0.95
P01361,77,90,immunotherapy,first_line,4,0.98
P01361,85,108,immunotherapy,first_line,5,0.8
P01361,108,121,immunotherapy,first_line,6,0.96
P01361,131,150,immunotherapy,first_line,7,0.99
P01361,155,174,immunotherapy,first_line,8,0.96
P01361,171,178,immunotherapy,first_line,9,0.83
P01362,4,23,combination_therapy,first_line,1,0.82
P01362,22,41,combination_therapy,first_line,2,0.8
P01362,42,59,combination_therapy,first_line,3,0.93
P01362,64,90,combination_therapy,first_line,4,0.93
P01362,84,111,combination_therapy,first_line,5,1.0
P01362,113,130,combination_therapy,first_line,6,0.88
P01362,126,153,combination_therapy,first_line,7,0.87
P01362,153,172,combination_therapy,first_line,8,0.92
P01362,170,182,combination_therapy,first_line,9,0.97
P01363,15,22,immunotherapy,first_line,1,0.99
P01363,25,47,immunotherapy,first_line,2,0.96
P01363,42,58,immunotherapy,first_line,3,0.89
P01363,66,90,immunotherapy,first_line,4,0.93
P01363,86,107,immunotherapy,first_line,5,0.97
P01363,108,128,immunotherapy,first_line,6,0.9
P01363,126,153,immunotherapy,first_line,7,0.84
P01363,164,171,immunotherapy,first_line,8,0.83
P01363,172,179,immunotherapy,first_line,9,0.8
P01364,2,22,targeted_therapy,first_line,1,0.94
P01364,25,47,targeted_therapy,first_line,2,0.82
P01364,44,63,targeted_therapy,first_line,3,0.85
P01364,66,73,targeted_therapy,first_line,4,0.86
P01364,89,108,targeted_therapy,first_line,5,0.91
P01364,105,128,targeted_therapy,first_line,6,0.88
P01364,139,153,targeted_therapy,first_line,7,0.93
P01364,153,167,targeted_therapy,first_line,8,0.81
P01364,175,184,targeted_therapy,first_line,9,0.82
P01365,8,25,chemotherapy,first_line,1,0.9
P01365,22,45,chemotherapy,first_line,2,0.87
P01365,51,58,chemotherapy,first_line,3,0.86
P01365,63,85,chemotherapy,first_line,4,0.81
P01365,102,111,chemotherapy,first_line,5,0.98
P01365,108,122,chemotherapy,first_line,6,0.94
P01365,127,134,chemotherapy,first_line,7,0.82
P01365,150,167,chemotherapy,first_line,8,0.81
P01365,169,185,chemotherapy,first_line,9,0.99
P01366,0,21,combination_therapy,first_line,1,0.94
P01366,25,48,combination_therapy,first_line,2,0.88
P01366,46,56,combination_therapy,first_line,3,0.94
P01366,63,82,combination_therapy,first_line,4,0.95
P01366,93,111,combination_therapy,first_line,5,0.96
P01366,108,131,combination_therapy,first_line,6,0.9
P01366,126,135,combination_therapy,first_line,7,0.89
P01366,150,167,combination_therapy,first_line,8,0.8
P01367,1,27,combination_therapy,first_line,1,0.99
P01367,21,47,combination_therapy,first_line,2,0.92
P01367,46,69,combination_therapy,first_line,3,0.84
P01367,72,88,combination_therapy,first_line,4,0.98
P01367,87,97,combination_therapy,first_line,5,0.98
P01367,116,129,combination_therapy,first_line,6,1.0
P01367,145,152,combination_therapy,first_line,7,0.97
P01367,147,165,combination_therapy,first_line,8,1.0
P01367,177,186,combination_therapy,first_line,9,0.85
P01368,1,26,targeted_therapy,first_line,1,0.97
P01368,37,44,targeted_therapy,first_line,2,0.96
P01368,44,68,targeted_therapy,first_line,3,0.85
P01368,83,90,targeted_therapy,first_line,4,0.82
P01368,84,106,targeted_therapy,first_line,5,1.0
P01368,109,127,targeted_therapy,first_line,6,0.86
P01368,126,135,targeted_therapy,first_line,7,0.97
P01368,147,173,targeted_therapy,first_line,8,0.8
P01368,168,175,targeted_therapy,first_line,9,0.8
P01369,0,26,chemotherapy,first_line,1,0.89
P01369,39,48,chemotherapy,first_line,2,0.85
P01369,44,66,chemotherapy,first_line,3,0.94
P01369,73,85,chemotherapy,first_line,4,0.91
P01369,88,103,chemotherapy,first_line,5,0.82
P01369,106,124,chemotherapy,first_line,6,0.83
P01369,128,147,chemotherapy,first_line,7,0.88
P01369,156,168,chemotherapy,first_line,8,0.84
P01369,168,179,chemotherapy,first_line,9,0.96
P01370,7,26,chemotherapy,first_line,1,0.88
P01370,23,47,chemotherapy,first_line,2,0.82
P01370,44,67,chemotherapy,first_line,3,0.9
P01370,64,74,chemotherapy,first_line,4,0.82
P01370,85,110,chemotherapy,first_line,5,0.83
P01370,110,130,chemotherapy,first_line,6,0.85
P01370,126,150,chemotherapy,first_line,7,0.97
P01370,152,162,chemotherapy,first_line,8,0.98
P01370,174,185,chemotherapy,first_line,9,0.97
P01371,4,11,chemotherapy,first_line,1,0.87
P01371,23,37,chemotherapy,first_line,2,0.85
P01371,47,64,chemotherapy,first_line,3,0.91
P01371,65,85,chemotherapy,first_line,4,0.94
P01371,87,111,chemotherapy,first_line,5,1.0
P01371,110,117,chemotherapy,first_line,6,0.83
P01371,145,153,chemotherapy,first_line,7,0.81
P01371,150,168,chemotherapy,first_line,8,0.94
P01371,174,185,chemotherapy,first_line,9,0.97
P01372,15,24,immunotherapy,first_line,1,0.97
P01372,22,46,immunotherapy,first_line,2,0.94
P01372,42,58,immunotherapy,first_line,3,0.99
P01372,75,86,immunotherapy,first_line,4,0.9
P01372,96,107,immunotherapy,first_line,5,0.98
P01372,108,130,immunotherapy,first_line,6,0.99
P01372,152,172,immunotherapy,first_line,8,0.97
P01372,169,180,immunotherapy,first_line,9,0.86
P01373,3,22,targeted_therapy,first_line,1,0.84
P01373,30,48,targeted_therapy,first_line,2,0.91
P01373,42,67,targeted_therapy,first_line,3,0.89
P01373,72,84,targeted_therapy,first_line,4,0.98
P01373,84,109,targeted_therapy,first_line,5,0.82
P01373,108,131,targeted_therapy,first_line,6,0.85
P01373,128,152,targeted_therapy,first_line,7,0.95
P01373,149,174,targeted_therapy,first_line,8,0.82
P01373,171,178,targeted_therapy,first_line,9,0.86
P01374,4,16,targeted_therapy,first_line,1,0.88
P01374,31,45,targeted_therapy,first_line,2,0.92
P01374,46,67,targeted_therapy,first_line,3,0.83
P01374,63,90,targeted_therapy,first_line,4,0.97
P01374,84,108,targeted_therapy,first_line,5,0.89
P01374,109,130,targeted_therapy,first_line,6,0.98
P01374,142,149,targeted_therapy,first_line,7,0.89
P01374,149,173,targeted_therapy,first_line,8,0.86
P01374,172,180,targeted_therapy,first_line,9,0.83
P01375,1,17,immunotherapy,first_line,1,0.8
P01375,23,45,immunotherapy,first_line,2,0.91
P01375,43,68,immunotherapy,first_line,3,0.82
P01375,78,87,immunotherapy,first_line,4,0.88
P01375,86,102,immunotherapy,first_line,5,0.92
P01375,107,131,immunotherapy,first_line,6,0.86
P01375,126,140,immunotherapy,first_line,7,0.84
P01375,153,174,immunotherapy,first_line,8,0.95
P01376,1,20,immunotherapy,first_line,1,0.99
P01376,22,41,immunotherapy,first_line,2,0.82
P01376,50,69,immunotherapy,first_line,3,0.83
P01376,66,87,immunotherapy,first_line,4,0.99
P01376,92,108,immunotherapy,first_line,5,0.81
P01376,106,131,immunotherapy,first_line,6,1.0
P01376,130,148,immunotherapy,first_line,7,0.8
P01376,155,172,immunotherapy,first_line,8,0.97
P01376,177,185,immunotherapy,first_line,9,0.86
P01377,0,20,chemotherapy,first_line,1,0.99
P01377,23,43,chemotherapy,first_line,2,0.86
P01377,44,55,chemotherapy,first_line,3,0.93
P01377,63,90,chemotherapy,first_line,4,0.82
P01377,91,103,chemotherapy,first_line,5,0.85
P01377,109,130,chemotherapy,first_line,6,0.95
P01377,129,141,chemotherapy,first_line,7,0.91
P01377,149,173,chemotherapy,first_line,8,0.99
P01378,0,24,immunotherapy,first_line,1,0.89
P01378,35,42,immunotherapy,first_line,2,0.97
P01378,44,62,immunotherapy,first_line,3,0.89
P01378,68,88,immunotherapy,first_line,4,1.0
P01378,84,102,immunotherapy,first_line,5,0.99
P01378,105,132,immunotherapy,first_line,6,0.87
P01378,127,139,immunotherapy,first_line,7,0.98
P01378,161,168,immunotherapy,first_line,8,0.97
P01378,170,179,immunotherapy,first_line,9,0.84
P01379,5,24,combination_therapy,first_line,1,0.92
P01379,23,46,combination_therapy,first_line,2,0.81
P01379,49,64,combination_therapy,first_line,3,0.97
P01379,70,89,combination_therapy,first_line,4,0.83
P01379,87,102,combination_therapy,first_line,5,0.81
P01379,107,121,combination_therapy,first_line,6,0.88
P01379,126,152,combination_therapy,first_line,7,0.92
P01379,148,167,combination_therapy,first_line,8,0.97
P01379,174,185,combination_therapy,first_line,9,0.99
P01380,0,23,chemotherapy,first_line,1,0.89
P01380,23,48,chemotherapy,first_line,2,0.81
P01380,51,69,chemotherapy,first_line,3,0.95
P01380,68,83,chemotherapy,first_line,4,0.91
P01380,92,111,chemotherapy,first_line,5,0.89
P01380,121,128,chemotherapy,first_line,6,0.86
P01380,130,145,chemotherapy,first_line,7,0.9
P01380,153,171,chemotherapy,first_line,8,0.87
P01381,1,22,chemotherapy,first_line,1,0.95
P01381,22,34,chemotherapy,first_line,2,0.91
P01381,46,68,chemotherapy,first_line,3,0.98
P01381,63,77,chemotherapy,first_line,4,0.91
P01381,87,104,chemotherapy,first_line,5,0.85
P01381,113,129,chemotherapy,first_line,6,0.97
P01381,137,148,chemotherapy,first_line,7,0.91
P01381,159,173,chemotherapy,first_line,8,0.84
P01382,0,26,targeted_therapy,first_line,1,0.92
P01382,21,46,targeted_therapy,first_line,2,0.87
P01382,42,59,targeted_therapy,first_line,3,0.97
P01382,66,90,targeted_therapy,first_line,4,0.89
P01382,85,107,targeted_therapy,first_line,5,0.95
P01382,107,130,targeted_therapy,first_line,6,0.82
P01382,134,151,targeted_therapy,first_line,7,0.88
P01382,149,166,targeted_therapy,first_line,8,1.0
P01382,169,185,targeted_therapy,first_line,9,0.96
P01383,2,27,chemotherapy,first_line,1,0.83
P01383,33,48,chemotherapy,first_line,2,0.86
P01383,45,66,chemotherapy,first_line,3,0.87
P01383,70,78,chemotherapy,first_line,4,0.93
P01383,115,124,chemotherapy,first_line,6,0.95
P01383,134,144,chemotherapy,first_line,7,0.95
P01383,148,168,chemotherapy,first_line,8,0.9
P01383,169,186,chemotherapy,first_line,9,0.96
P01384,14,22,combination_therapy,first_line,1,0.89
P01384,31,46,combination_therapy,first_line,2,0.82
P01384,43,67,combination_therapy,first_line,3,0.91
P01384,67,90,combination_therapy,first_line,4,0.99
P01384,84,99,combination_therapy,first_line,5,0.96
P01384,111,127,combination_therapy,first_line,6,0.92
P01384,135,142,combination_therapy,first_line,7,0.93
P01384,152,166,combination_therapy,first_line,8,0.99
P01384,172,184,combination_therapy,first_line,9,0.89
P01385,1,11,targeted_therapy,first_line,1,0.87
P01385,22,40,targeted_therapy,first_line,2,1.0
P01385,42,68,targeted_therapy,first_line,3,0.97
P01385,65,85,targeted_therapy,first_line,4,0.86
P01385,97,104,targeted_therapy,first_line,5,0.89
P01385,106,121,targeted_therapy,first_line,6,0.88
P01385,126,153,targeted_therapy,first_line,7,0.83
P01385,165,172,targeted_therapy,first_line,8,0.99
P01385,171,184,targeted_therapy,first_line,9,0.88
P01386,0,24,combination_therapy,first_line,1,0.98
P01386,21,48,combination_therapy,first_line,2,0.84
P01386,43,69,combination_therapy,first_line,3,0.91
P01386,68,84,combination_therapy,first_line,4,0.8
P01386,85,108,combination_therapy,first_line,5,0.95
P01386,105,126,combination_therapy,first_line,6,0.92
P01386,128,149,combination_therapy,first_line,7,0.93
P01386,160,167,combination_therapy,first_line,8,0.81
P01386,168,185,combination_therapy,first_line,9,0.84
P01387,3,20,chemotherapy,first_line,1,0.81
P01387,22,37,chemotherapy,first_line,2,0.86
P01387,44,63,chemotherapy,first_line,3,0.93
P01387,71,86,chemotherapy,first_line,4,0.91
P01387,106,126,chemotherapy,first_line,6,0.92
P01387,130,153,chemotherapy,first_line,7,0.91
P01387,152,172,chemotherapy,first_line,8,0.85
P01387,171,179,chemotherapy,first_line,9,0.85
P01388,3,20,chemotherapy,first_line,1,0.83
P01388,25,43,chemotherapy,first_line,2,0.97
P01388,45,59,chemotherapy,first_line,3,0.92
P01388,65,90,chemotherapy,first_line,4,0.84
P01388,88,109,chemotherapy,first_line,5,0.84
P01388,108,131,chemotherapy,first_line,6,0.97
P01388,129,150,chemotherapy,first_line,7,0.95
P01388,147,169,chemotherapy,first_line,8,0.93
P01388,174,181,chemotherapy,first_line,9,0.88
P01389,2,23,chemotherapy,first_line,1,0.85
P01389,39,48,chemotherapy,first_line,2,1.0
P01389,48,65,chemotherapy,first_line,3,0.96
P01389,66,87,chemotherapy,first_line,4,0.86
P01389,109,126,chemotherapy,first_line,6,0.97
P01389,156,174,chemotherapy,first_line,8,0.95
P01389,170,180,chemotherapy,first_line,9,0.86
P01390,2,9,chemotherapy,first_line,1,0.89
P01390,21,47,chemotherapy,first_line,2,0.84
P01390,61,68,chemotherapy,first_line,3,0.82
P01390,64,88,chemotherapy,first_line,4,0.94
P01390,89,111,chemotherapy,first_line,5,0.85
P01390,106,125,chemotherapy,first_line,6,0.96
P01390,126,151,chemotherapy,first_line,7,1.0
P01390,159,174,chemotherapy,first_line,8,0.82
P01390,170,184,chemotherapy,first_line,9,0.89
P01391,1,25,chemotherapy,first_line,1,0.96
P01391,35,42,chemotherapy,first_line,2,0.96
P01391,42,65,chemotherapy,first_line,3,0.95
P01391,66,73,chemotherapy,first_line,4,0.87
P01391,87,107,chemotherapy,first_line,5,0.89
P01391,106,132,chemotherapy,first_line,6,0.92
P01391,130,153,chemotherapy,first_line,7,0.99
P01391,148,167,chemotherapy,first_line,8,0.87
P01391,171,178,chemotherapy,first_line,9,0.98
P01392,1,25,immunotherapy,first_line,1,0.85
P01392,37,48,immunotherapy,first_line,2,1.0
P01392,47,67,immunotherapy,first_line,3,0.93
P01392,77,88,immunotherapy,first_line,4,0.89
P01392,84,107,immunotherapy,first_line,5,0.92
P01392,118,125,immunotherapy,first_line,6,0.85
P01392,126,153,immunotherapy,first_line,7,0.85
P01392,160,172,immunotherapy,first_line,8,0.82
P01392,175,185,immunotherapy,first_line,9,0.82
P01393,3,25,targeted_therapy,first_line,1,0.87
P01393,24,37,targeted_therapy,first_line,2,0.95
P01393,49,68,targeted_therapy,first_line,3,0.92
P01393,74,88,targeted_therapy,first_line,4,0.82
P01393,99,111,targeted_therapy,first_line,5,0.97
P01393,114,130,targeted_therapy,first_line,6,0.92
P01393,126,147,targeted_therapy,first_line,7,0.99
P01393,157,169,targeted_therapy,first_line,8,0.93
P01393,169,178,targeted_therapy,first_line,9,0.84
P01394,3,18,immunotherapy,first_line,1,0.89
P01394,23,45,immunotherapy,first_line,2,0.93
P01394,44,68,immunotherapy,first_line,3,0.81
P01394,67,88,immunotherapy,first_line,4,0.8
P01394,100,108,immunotherapy,first_line,5,0.83
P01394,106,132,immunotherapy,first_line,6,0.85
P01394,146,153,immunotherapy,first_line,7,0.89
P01394,153,168,immunotherapy,first_line,8,0.9
P01394,172,179,immunotherapy,first_line,9,0.83
P01395,2,18,chemotherapy,first_line,1,0.93
P01395,23,45,chemotherapy,first_line,2,0.92
P01395,44,60,chemotherapy,first_line,3,0.86
P01395,65,84,chemotherapy,first_line,4,0.8
P01395,92,110,chemotherapy,first_line,5,0.82
P01395,121,132,chemotherapy,first_line,6,0.88
P01395,128,151,chemotherapy,first_line,7,0.83
P01395,148,171,chemotherapy,first_line,8,0.88
P01395,176,185,chemotherapy,first_line,9,0.93
P01396,0,27,combination_therapy,first_line,1,0.91
P01396,22,46,combination_therapy,first_line,2,0.85
P01396,42,69,combination_therapy,first_line,3,0.87
P01396,64,78,combination_therapy,first_line,4,0.92
P01396,103,110,combination_therapy,first_line,5,0.97
P01396,114,121,combination_therapy,first_line,6,0.95
P01396,136,153,combination_therapy,first_line,7,0.91
P01396,152,163,combination_therapy,first_line,8,0.87
P01396,169,177,combination_therapy,first_line,9,0.87
P01397,2,25,chemotherapy,first_line,1,0.98
P01397,21,45,chemotherapy,first_line,2,0.81
P01397,52,59,chemotherapy,first_line,3,1.0
P01397,69,88,chemotherapy,first_line,4,0.93
P01397,84,105,chemotherapy,first_line,5,0.94
P01397,107,128,chemotherapy,first_line,6,0.81
P01397,136,153,chemotherapy,first_line,7,0.92
P01397,148,158,chemotherapy,first_line,8,0.9
P01398,4,20,immunotherapy,first_line,1,0.82
P01398,23,48,immunotherapy,first_line,2,0.86
P01398,42,58,immunotherapy,first_line,3,0.98
P01398,66,80,immunotherapy,first_line,4,0.91
P01398,93,100,immunotherapy,first_line,5,0.88
P01398,111,131,immunotherapy,first_line,6,0.81
P01398,128,148,immunotherapy,first_line,7,0.94
P01398,152,173,immunotherapy,first_line,8,0.94
P01398,172,183,immunotherapy,first_line,9,0.92
P01399,3,21,chemotherapy,first_line,1,0.9
P01399,21,44,chemotherapy,first_line,2,0.89
P01399,49,67,chemotherapy,first_line,3,0.92
P01399,63,88,chemotherapy,first_line,4,0.85
P01399,95,105,chemotherapy,first_line,5,0.99
P01399,109,129,chemotherapy,first_line,6,0.92
P01399,126,148,chemotherapy,first_line,7,0.86
P01399,152,172,chemotherapy,first_line,8,0.89
P01400,4,25,chemotherapy,first_line,1,0.96
P01400,26,42,chemotherapy,first_line,2,0.83
P01400,46,54,chemotherapy,first_line,3,0.86
P01400,63,86,chemotherapy,first_line,4,0.94
P01400,86,109,chemotherapy,first_line,5,0.86
P01400,108,127,chemotherapy,first_line,6,0.96
P01400,126,151,chemotherapy,first_line,7,0.83
P01400,147,169,chemotherapy,first_line,8,0.95
P01401,1,18,immunotherapy,first_line,1,0.81
P01401,24,42,immunotherapy,first_line,2,0.8
P01401,48,65,immunotherapy,first_line,3,0.98
P01401,63,90,immunotherapy,first_line,4,0.92
P01401,85,108,immunotherapy,first_line,5,0.87
P01401,118,129,immunotherapy,first_line,6,0.85
P01401,128,144,immunotherapy,first_line,7,0.92
P01401,157,173,immunotherapy,first_line,8,0.9
P01401,172,179,immunotherapy,first_line,9,1.0
P01402,3,15,chemotherapy,first_line,1,1.0
P01402,23,43,chemotherapy,first_line,2,0.93
P01402,46,55,chemotherapy,first_line,3,0.89
P01402,63,84,chemotherapy,first_line,4,0.9
P01402,85,104,chemotherapy,first_line,5,0.94
P01402,110,124,chemotherapy,first_line,6,0.82
P01402,129,151,chemotherapy,first_line,7,0.87
P01402,148,174,chemotherapy,first_line,8,0.82
P01402,169,186,chemotherapy,first_line,9,0.81
P01403,0,20,combination_therapy,first_line,1,0.84
P01403,21,44,combination_therapy,first_line,2,0.9
P01403,44,69,combination_therapy,first_line,3,0.96
P01403,65,90,combination_therapy,first_line,4,0.9
P01403,93,110,combination_therapy,first_line,5,0.87
P01403,106,130,combination_therapy,first_line,6,0.82
P01403,135,148,combination_therapy,first_line,7,0.91
P01403,155,173,combination_therapy,first_line,8,0.85
P01404,5,21,combination_therapy,first_line,1,0.92
P01404,22,48,combination_therapy,first_line,2,1.0
P01404,43,50,combination_therapy,first_line,3,0.82
P01404,66,82,combination_therapy,first_line,4,0.84
P01404,95,106,combination_therapy,first_line,5,0.89
P01404,109,126,combination_therapy,first_line,6,0.99
P01404,130,153,combination_therapy,first_line,7,0.95
P01404,159,167,combination_therapy,first_line,8,0.98
P01404,178,185,combination_therapy,first_line,9,0.87
P01405,14,27,combination_therapy,first_line,1,1.0
P01405,30,46,combination_therapy,first_line,2,0.82
P01405,49,68,combination_therapy,first_line,3,0.81
P01405,80,87,combination_therapy,first_line,4,0.97
P01405,85,110,combination_therapy,first_line,5,0.99
P01405,110,129,combination_therapy,first_line,6,0.82
P01405,133,150,combination_therapy,first_line,7,0.82
P01407,9,21,combination_therapy,first_line,1,0.92
P01407,32,45,combination_therapy,first_line,2,0.86
P01407,44,68,combination_therapy,first_line,3,0.91
P01407,69,89,combination_therapy,first_line,4,0.91
P01407,90,110,combination_therapy,first_line,5,0.96
P01407,105,123,combination_therapy,first_line,6,1.0
P01407,139,150,combination_therapy,first_line,7,0.88
P01407,147,172,combination_therapy,first_line,8,0.95
P01407,173,185,combination_therapy,first_line,9,0.82
P01408,1,24,immunotherapy,first_line,1,0.96
P01408,23,48,immunotherapy,first_line,2,0.87
P01408,55,66,immunotherapy,first_line,3,0.81
P01408,63,87,immunotherapy,first_line,4,0.87
P01408,88,110,immunotherapy,first_line,5,0.92
P01408,106,129,immunotherapy,first_line,6,0.82
P01408,129,139,immunotherapy,first_line,7,0.98
P01408,159,166,immunotherapy,first_line,8,0.82
P01408,168,186,immunotherapy,first_line,9,0.99
P01409,2,25,immunotherapy,first_line,1,0.94
P01409,24,48,immunotherapy,first_line,2,0.87
P01409,43,64,immunotherapy,first_line,3,0.88
P01409,64,90,immunotherapy,first_line,4,0.95
P01409,100,110,immunotherapy,first_line,5,0.92
P01409,106,128,immunotherapy,first_line,6,0.93
P01409,129,147,immunotherapy,first_line,7,0.88
P01409,152,159,immunotherapy,first_line,8,0.9
P01409,168,186,immunotherapy,first_line,9,1.0
P01410,2,27,chemotherapy,first_line,1,0.84
P01410,23,40,chemotherapy,first_line,2,0.88
P01410,44,51,chemotherapy,first_line,3,0.86
P01410,63,71,chemotherapy,first_line,4,0.95
P01410,92,108,chemotherapy,first_line,5,0.95
P01410,120,128,chemotherapy,first_line,6,0.86
P01410,131,149,chemotherapy,first_line,7,0.82
P01410,147,168,chemotherapy,first_line,8,0.8
P01410,173,180,chemotherapy,first_line,9,0.89
P01411,2,27,combination_therapy,first_line,1,0.88
P01411,22,46,combination_therapy,first_line,2,1.0
P01411,51,66,combination_therapy,first_line,3,0.89
P01411,65,89,combination_therapy,first_line,4,0.85
P01411,90,108,combination_therapy,first_line,5,0.98
P01411,119,128,combination_therapy,first_line,6,0.9
P01411,128,151,combination_therapy,first_line,7,0.92
P01411,152,164,combination_therapy,first_line,8,0.82
P01411,174,181,combination_therapy,first_line,9,0.88
P01412,11,21,combination_therapy,first_line,1,0.99
P01412,27,41,combination_therapy,first_line,2,0.92
P01412,43,66,combination_therapy,first_line,3,0.87
P01412,63,73,combination_therapy,first_line,4,0.93
P01412,91,106,combination_therapy,first_line,5,0.98
P01412,112,132,combination_therapy,first_line,6,0.85
P01412,138,149,combination_therapy,first_line,7,0.9
P01412,162,174,combination_therapy,first_line,8,0.99
P01413,2,19,combination_therapy,first_line,1,0.83
P01413,22,37,combination_therapy,first_line,2,0.94
P01413,42,69,combination_therapy,first_line,3,0.92
P01413,63,89,combination_therapy,first_line,4,0.94
P01413,90,99,combination_therapy,first_line,5,0.87
P01413,116,123,combination_therapy,first_line,6,0.86
P01413,136,146,combination_therapy,first_line,7,0.94
P01413,154,172,combination_therapy,first_line,8,0.84
P01413,175,182,combination_therapy,first_line,9,0.88
P01414,18,26,combination_therapy,first_line,1,0.84
P01414,24,47,combination_therapy,first_line,2,0.8
P01414,51,64,combination_therapy,first_line,3,0.99
P01414,65,79,combination_therapy,first_line,4,0.89
P01414,100,110,combination_therapy,first_line,5,0.99
P01414,107,131,combination_therapy,first_line,6,0.83
P01414,128,151,combination_therapy,first_line,7,0.92
P01414,147,173,combination_therapy,first_line,8,0.84
P01415,1,21,chemotherapy,first_line,1,0.96
P01415,22,29,chemotherapy,first_line,2,0.96
P01415,48,55,chemotherapy,first_line,3,0.82
P01415,64,87,chemotherapy,first_line,4,0.98
P01415,85,104,chemotherapy,first_line,5,0.84
P01415,109,127,chemotherapy,first_line,6,0.92
P01415,131,149,chemotherapy,first_line,7,1.0
P01415,148,173,chemotherapy,first_line,8,0.98
P01415,172,183,chemotherapy,first_line,9,0.99
P01416,3,24,targeted_therapy,first_line,1,0.87
P01416,21,44,targeted_therapy,first_line,2,0.82
P01416,48,69,targeted_therapy,first_line,3,0.84
P01416,63,87,targeted_therapy,first_line,4,0.9
P01416,98,107,targeted_therapy,first_line,5,0.96
P01416,115,132,targeted_therapy,first_line,6,0.83
P01416,127,152,targeted_therapy,first_line,7,0.93
P01416,150,174,targeted_therapy,first_line,8,0.86
P01416,171,184,targeted_therapy,first_line,9,0.87
P01417,4,23,combination_therapy,first_line,1,0.93
P01417,34,45,combination_therapy,first_line,2,0.89
P01417,46,69,combination_therapy,first_line,3,0.96
P01417,69,79,combination_therapy,first_line,4,0.83
P01417,84,106,combination_therapy,first_line,5,0.96
P01417,112,132,combination_therapy,first_line,6,0.81
P01417,139,151,combination_therapy,first_line,7,0.84
P01417,151,160,combination_therapy,first_line,8,0.93
P01417,173,184,combination_therapy,first_line,9,0.97
P01418,15,24,combination_therapy,first_line,1,0.85
P01418,29,45,combination_therapy,first_line,2,0.87
P01418,45,67,combination_therapy,first_line,3,0.91
P01418,81,88,combination_therapy,first_line,4,0.84
P01418,85,111,combination_therapy,first_line,5,0.96
P01418,109,129,combination_therapy,first_line,6,0.95
P01418,130,153,combination_therapy,first_line,7,0.83
P01418,149,170,combination_therapy,first_line,8,0.89
P01418,173,186,combination_therapy,first_line,9,0.95
P01419,6,25,chemotherapy,first_line,1,0.87
P01419,29,44,chemotherapy,first_line,2,0.93
P01419,50,62,chemotherapy,first_line,3,0.81
P01419,67,79,chemotherapy,first_line,4,0.92
P01419,93,105,chemotherapy,first_line,5,0.83
P01419,106,129,chemotherapy,first_line,6,0.97
P01419,128,143,chemotherapy,first_line,7,0.87
P01419,155,173,chemotherapy,first_line,8,0.86
P01419,176,183,chemotherapy,first_line,9,0.97
P01420,2,26,combination_therapy,first_line,1,0.81
P01420,40,47,combination_therapy,first_line,2,0.88
P01420,42,69,combination_therapy,first_line,3,0.87
P01420,64,88,combination_therapy,first_line,4,0.86
P01420,84,101,combination_therapy,first_line,5,0.98
P01420,110,118,combination_therapy,first_line,6,0.95
P01420,147,173,combination_therapy,first_line,8,0.81
P01420,173,184,combination_therapy,first_line,9,0.94
P01421,7,15,combination_therapy,first_line,1,0.91
P01421,25,47,combination_therapy,first_line,2,0.98
P01421,42,68,combination_therapy,first_line,3,0.86
P01421,65,85,combination_therapy,first_line,4,0.91
P01421,90,105,combination_therapy,first_line,5,0.9
P01421,108,126,combination_therapy,first_line,6,0.9
P01421,130,152,combination_therapy,first_line,7,0.89
P01421,155,167,combination_therapy,first_line,8,0.84
P01421,170,184,combination_therapy,first_line,9,0.95
P01422,1,27,chemotherapy,first_line,1,0.89
P01422,21,48,chemotherapy,first_line,2,0.99
P01422,43,69,chemotherapy,first_line,3,0.85
P01422,71,89,chemotherapy,first_line,4,0.94
P01422,94,105,chemotherapy,first_line,5,0.99
P01422,108,124,chemotherapy,first_line,6,0.93
P01422,129,136,chemotherapy,first_line,7,0.97
P01422,155,171,chemotherapy,first_line,8,0.97
P01422,173,180,chemotherapy,first_line,9,0.87
P01423,10,20,chemotherapy,first_line,1,0.92
P01423,30,37,chemotherapy,first_line,2,0.83
P01423,53,60,chemotherapy,first_line,3,0.91
P01423,65,89,chemotherapy,first_line,4,0.85
P01423,85,107,chemotherapy,first_line,5,0.95
P01423,105,126,chemotherapy,first_line,6,0.91
P01423,128,151,chemotherapy,first_line,7,0.88
P01423,160,171,chemotherapy,first_line,8,0.85
P01424,7,14,targeted_therapy,first_line,1,1.0
P01424,21,33,targeted_therapy,first_line,2,0.81
P01424,42,65,targeted_therapy,first_line,3,0.81
P01424,63,83,targeted_therapy,first_line,4,0.84
P01424,84,109,targeted_therapy,first_line,5,0.99
P01424,106,113,targeted_therapy,first_line,6,1.0
P01424,130,153,targeted_therapy,first_line,7,0.93
P01424,149,170,targeted_therapy,first_line,8,0.98
P01424,173,185,targeted_therapy,first_line,9,0.84
P01425,2,27,targeted_therapy,first_line,1,0.99
P01425,22,46,targeted_therapy,first_line,2,0.83
P01425,44,61,targeted_therapy,first_line,3,0.82
P01425,65,87,targeted_therapy,first_line,4,0.82
P01425,102,109,targeted_therapy,first_line,5,0.91
P01425,106,126,targeted_therapy,first_line,6,0.96
P01425,144,151,targeted_therapy,first_line,7,0.87
P01425,169,182,targeted_therapy,first_line,9,1.0
P01426,3,20,immunotherapy,first_line,1,0.89
P01426,21,48,immunotherapy,first_line,2,0.83
P01426,51,67,immunotherapy,first_line,3,0.89
P01426,63,75,immunotherapy,first_line,4,0.94
P01426,99,111,immunotherapy,first_line,5,0.97
P01426,106,130,immunotherapy,first_line,6,0.89
P01426,127,149,immunotherapy,first_line,7,0.92
P01426,150,171,immunotherapy,first_line,8,0.85
P01426,173,182,immunotherapy,first_line,9,0.93
P01427,0,21,chemotherapy,first_line,1,1.0
P01427,31,48,chemotherapy,first_line,2,0.81
P01427,52,68,chemotherapy,first_line,3,0.98
P01427,64,89,chemotherapy,first_line,4,0.91
P01427,97,106,chemotherapy,first_line,5,0.85
P01427,114,127,chemotherapy,first_line,6,0.99
P01427,129,147,chemotherapy,first_line,7,0.9
P01427,159,166,chemotherapy,first_line,8,0.87
P01427,170,179,chemotherapy,first_line,9,0.84
P01428,5,25,chemotherapy,first_line,1,0.85
P01428,22,37,chemotherapy,first_line,2,0.97
P01428,49,59,chemotherapy,first_line,3,0.92
P01428,69,90,chemotherapy,first_line,4,0.98
P01428,88,100,chemotherapy,first_line,5,0.85
P01428,111,132,chemotherapy,first_line,6,0.82
P01428,137,152,chemotherapy,first_line,7,0.8
P01428,151,174,chemotherapy,first_line,8,0.9
P01428,179,186,chemotherapy,first_line,9,1.0
P01429,3,22,combination_therapy,first_line,1,0.94
P01429,22,43,combination_therapy,first_line,2,0.86
P01429,52,63,combination_therapy,first_line,3,0.98
P01429,66,73,combination_therapy,first_line,4,0.96
P01429,85,110,combination_therapy,first_line,5,0.8
P01429,119,129,combination_therapy,first_line,6,0.96
P01429,126,148,combination_therapy,first_line,7,0.86
P01429,155,170,combination_therapy,first_line,8,0.83
P01429,171,178,combination_therapy,first_line,9,0.85
P01430,1,8,targeted_therapy,first_line,1,0.89
P01430,22,40,targeted_therapy,first_line,2,0.88
P01430,46,68,targeted_therapy,first_line,3,0.86
P01430,68,88,targeted_therapy,first_line,4,0.83
P01430,96,111,targeted_therapy,first_line,5,0.95
P01430,109,129,targeted_therapy,first_line,6,1.0
P01430,126,149,targeted_therapy,first_line,7,0.96
P01430,148,156,targeted_therapy,first_line,8,0.86
P01430,170,185,targeted_therapy,first_line,9,0.85
P01431,0,26,immunotherapy,first_line,1,0.84
P01431,31,38,immunotherapy,first_line,2,0.83
P01431,42,66,immunotherapy,first_line,3,0.91
P01431,78,88,immunotherapy,first_line,4,0.92
P01431,84,110,immunotherapy,first_line,5,0.94
P01431,122,129,immunotherapy,first_line,6,0.94
P01431,131,152,immunotherapy,first_line,7,0.86
P01431,147,171,immunotherapy,first_line,8,0.87
P01431,168,180,immunotherapy,first_line,9,0.94
P01432,0,25,chemotherapy,first_line,1,0.87
P01432,22,44,chemotherapy,first_line,2,0.84
P01432,52,67,chemotherapy,first_line,3,0.87
P01432,65,82,chemotherapy,first_line,4,0.85
P01432,91,111,chemotherapy,first_line,5,0.82
P01432,106,132,chemotherapy,first_line,6,0.97
P01432,129,138,chemotherapy,first_line,7,0.97
P01432,151,173,chemotherapy,first_line,8,0.84
P01432,171,178,chemotherapy,first_line,9,0.81
P01433,0,24,immunotherapy,first_line,1,0.95
P01433,24,40,immunotherapy,first_line,2,0.84
P01433,59,66,immunotherapy,first_line,3,0.88
P01433,74,89,immunotherapy,first_line,4,0.81
P01433,85,104,immunotherapy,first_line,5,0.85
P01433,109,131,immunotherapy,first_line,6,0.96
P01433,130,150,immunotherapy,first_line,7,0.96
P01433,150,169,immunotherapy,first_line,8,0.84
P01433,170,181,immunotherapy,first_line,9,0.87
P01434,1,25,targeted_therapy,first_line,1,0.83
P01434,30,44,targeted_therapy,first_line,2,0.81
P01434,50,69,targeted_therapy,first_line,3,1.0
P01434,66,77,targeted_therapy,first_line,4,0.93
P01434,89,111,targeted_therapy,first_line,5,0.91
P01434,109,128,targeted_therapy,first_line,6,0.95
P01434,128,152,targeted_therapy,first_line,7,0.97
P01434,158,172,targeted_therapy,first_line,8,0.96
P01435,20,27,immunotherapy,first_line,1,0.8
P01435,40,47,immunotherapy,first_line,2,0.84
P01435,42,69,immunotherapy,first_line,3,0.93
P01435,76,88,immunotherapy,first_line,4,0.88
P01435,90,111,immunotherapy,first_line,5,1.0
P01435,105,129,immunotherapy,first_line,6,0.93
P01435,145,152,immunotherapy,first_line,7,0.99
P01435,147,173,immunotherapy,first_line,8,0.84
P01435,168,183,immunotherapy,first_line,9,0.97
P01436,1,22,combination_therapy,first_line,1,0.86
P01436,24,37,combination_therapy,first_line,2,1.0
P01436,56,69,combination_therapy,first_line,3,0.83
P01436,76,85,combination_therapy,first_line,4,0.9
P01436,84,111,combination_therapy,first_line,5,0.96
P01436,109,120,combination_therapy,first_line,6,0.89
P01436,128,152,combination_therapy,first_line,7,0.89
P01436,149,172,combination_therapy,first_line,8,1.0
P01436,175,184,combination_therapy,first_line,9,0.89
P01437,13,23,combination_therapy,first_line,1,0.92
P01437,23,37,combination_therapy,first_line,2,0.81
P01437,43,69,combination_therapy,first_line,3,0.97
P01437,67,90,combination_therapy,first_line,4,0.93
P01437,84,104,combination_therapy,first_line,5,0.88
P01437,109,129,combination_therapy,first_line,6,0.8
P01437,138,146,combination_therapy,first_line,7,0.92
P01437,150,173,combination_therapy,first_line,8,0.8
P01437,173,183,combination_therapy,first_line,9,0.8
P01438,0,26,targeted_therapy,first_line,1,0.92
P01438,34,41,targeted_therapy,first_line,2,0.84
P01438,43,68,targeted_therapy,first_line,3,0.84
P01438,66,85,targeted_therapy,first_line,4,0.93
P01438,88,111,targeted_therapy,first_line,5,0.81
P01438,106,128,targeted_therapy,first_line,6,0.86
P01438,133,152,targeted_therapy,first_line,7,0.83
P01438,153,160,targeted_therapy,first_line,8,0.92
P01438,168,185,targeted_therapy,first_line,9,0.93
P01439,7,25,immunotherapy,first_line,1,0.94
P01439,24,46,immunotherapy,first_line,2,0.85
P01439,47,62,immunotherapy,first_line,3,0.82
P01439,67,75,immunotherapy,first_line,4,0.82
P01439,85,107,immunotherapy,first_line,5,0.89
P01439,108,132,immunotherapy,first_line,6,0.99
P01439,126,153,immunotherapy,first_line,7,0.84
P01439,153,169,immunotherapy,first_line,8,0.85
P01439,168,183,immunotherapy,first_line,9,0.82
P01440,7,27,combination_therapy,first_line,1,0.92
P01440,23,38,combination_therapy,first_line,2,0.94
P01440,46,66,combination_therapy,first_line,3,0.93
P01440,63,70,combination_therapy,first_line,4,0.97
P01440,90,107,combination_therapy,first_line,5,0.9
P01440,106,131,combination_therapy,first_line,6,0.83
P01440,130,142,combination_therapy,first_line,7,0.86
P01440,149,167,combination_therapy,first_line,8,0.93
P01440,170,184,combination_therapy,first_line,9,0.92
P01441,2,22,combination_therapy,first_line,1,0.91
P01441,21,34,combination_therapy,first_line,2,0.94
P01441,44,68,combination_therapy,first_line,3,0.93
P01441,64,80,combination_therapy,first_line,4,0.98
P01441,87,111,combination_therapy,first_line,5,0.92
P01441,105,131,combination_therapy,first_line,6,0.96
P01441,135,152,combination_therapy,first_line,7,0.85
P01441,158,172,combination_therapy,first_line,8,0.94
P01441,177,184,combination_therapy,first_line,9,0.98
P01442,3,25,targeted_therapy,first_line,1,0.88
P01442,24,44,targeted_therapy,first_line,2,0.96
P01442,44,59,targeted_therapy,first_line,3,0.94
P01442,66,87,targeted_therapy,first_line,4,0.81
P01442,86,105,targeted_therapy,first_line,5,0.92
P01442,108,129,targeted_therapy,first_line,6,0.83
P01442,130,144,targeted_therapy,first_line,7,0.99
P01442,147,155,targeted_therapy,first_line,8,0.96
P01442,169,176,targeted_therapy,first_line,9,0.82
P01443,3,25,targeted_therapy,first_line,1,0.82
P01443,33,40,targeted_therapy,first_line,2,0.92
P01443,42,65,targeted_therapy,first_line,3,0.87
P01443,65,90,targeted_therapy,first_line,4,0.81
P01443,84,110,targeted_therapy,first_line,5,0.91
P01443,125,132,targeted_therapy,first_line,6,0.88
P01443,129,147,targeted_therapy,first_line,7,0.82
P01443,150,164,targeted_therapy,first_line,8,0.96
P01443,174,181,targeted_therapy,first_line,9,0.98
P01444,0,20,combination_therapy,first_line,1,0.95
P01444,27,36,combination_therapy,first_line,2,0.96
P01444,42,64,combination_therapy,first_line,3,0.84
P01444,69,86,combination_therapy,first_line,4,0.85
P01444,91,101,combination_therapy,first_line,5,0.84
P01444,105,131,combination_therapy,first_line,6,0.95
P01444,131,153,combination_therapy,first_line,7,0.99
P01444,149,174,combination_therapy,first_line,8,0.94
P01445,2,27,combination_therapy,first_line,1,0.98
P01445,24,44,combination_therapy,first_line,2,0.93
P01445,43,67,combination_therapy,first_line,3,0.88
P01445,64,76,combination_therapy,first_line,4,0.89
P01445,89,107,combination_therapy,first_line,5,0.82
P01445,108,132,combination_therapy,first_line,6,0.81
P01445,127,136,combination_therapy,first_line,7,0.94
P01445,148,164,combination_therapy,first_line,8,0.89
P01445,175,183,combination_therapy,first_line,9,0.91
P01446,0,23,immunotherapy,first_line,1,0.91
P01446,25,43,immunotherapy,first_line,2,0.86
P01446,53,65,immunotherapy,first_line,3,0.9
P01446,70,89,immunotherapy,first_line,4,0.89
P01446,84,108,immunotherapy,first_line,5,0.88
P01446,117,124,immunotherapy,first_line,6,0.96
P01446,134,149,immunotherapy,first_line,7,0.89
P01446,147,168,immunotherapy,first_line,8,0.92
P01446,175,186,immunotherapy,first_line,9,0.98
P01447,6,25,chemotherapy,first_line,1,0.97
P01447,24,45,chemotherapy,first_line,2,0.98
P01447,42,56,chemotherapy,first_line,3,0.85
P01447,75,90,chemotherapy,first_line,4,0.81
P01447,93,109,chemotherapy,first_line,5,0.85
P01447,108,125,chemotherapy,first_line,6,0.86
P01447,134,151,chemotherapy,first_line,7,0.98
P01448,7,25,combination_therapy,first_line,1,0.93
P01448,21,38,combination_therapy,first_line,2,0.82
P01448,42,68,combination_therapy,first_line,3,0.83
P01448,65,76,combination_therapy,first_line,4,0.83
P01448,84,109,combination_therapy,first_line,5,0.93
P01448,108,126,combination_therapy,first_line,6,0.95
P01448,128,149,combination_therapy,first_line,7,0.97
P01448,147,161,combination_therapy,first_line,8,0.99
P01448,176,185,combination_therapy,first_line,9,0.84
P01449,2,21,immunotherapy,first_line,1,0.86
P01449,26,39,immunotherapy,first_line,2,0.85
P01449,51,65,immunotherapy,first_line,3,0.87
P01449,65,79,immunotherapy,first_line,4,0.98
P01449,95,103,immunotherapy,first_line,5,0.92
P01449,109,128,immunotherapy,first_line,6,0.95
P01449,129,153,immunotherapy,first_line,7,0.9
P01449,148,173,immunotherapy,first_line,8,0.81
P01449,174,186,immunotherapy,first_line,9,0.81
P01450,0,18,chemotherapy,first_line,1,0.91
P01450,22,40,chemotherapy,first_line,2,0.94
P01450,49,56,chemotherapy,first_line,3,0.84
P01450,64,87,chemotherapy,first_line,4,0.94
P01450,85,107,chemotherapy,first_line,5,0.96
P01450,107,129,chemotherapy,first_line,6,0.88
P01450,128,151,chemotherapy,first_line,7,0.95
P01450,148,174,chemotherapy,first_line,8,0.88
P01450,171,181,chemotherapy,first_line,9,0.94
P01451,5,27,immunotherapy,first_line,1,0.95
P01451,35,48,immunotherapy,first_line,2,1.0
P01451,54,68,immunotherapy,first_line,3,0.87
P01451,64,89,immunotherapy,first_line,4,0.88
P01451,88,111,immunotherapy,first_line,5,0.83
P01451,113,120,immunotherapy,first_line,6,0.84
P01451,135,150,immunotherapy,first_line,7,0.94
P01451,152,172,immunotherapy,first_line,8,0.98
P01451,171,185,immunotherapy,first_line,9,0.88
P01452,1,22,immunotherapy,first_line,1,0.84
P01452,36,44,immunotherapy,first_line,2,0.86
P01452,42,67,immunotherapy,first_line,3,0.89
P01452,73,88,immunotherapy,first_line,4,0.86
P01452,89,108,immunotherapy,first_line,5,0.85
P01452,112,125,immunotherapy,first_line,6,0.95
P01452,132,148,immunotherapy,first_line,7,0.8
P01452,147,174,immunotherapy,first_line,8,0.91
P01452,168,183,immunotherapy,first_line,9,0.96
P01453,6,23,immunotherapy,first_line,1,0.85
P01453,26,41,immunotherapy,first_line,2,0.92
P01453,43,69,immunotherapy,first_line,3,0.93
P01453,67,89,immunotherapy,first_line,4,0.93
P01453,98,105,immunotherapy,first_line,5,0.89
P01453,107,129,immunotherapy,first_line,6,0.87
P01453,129,150,immunotherapy,first_line,7,0.97
P01453,152,174,immunotherapy,first_line,8,0.95
P01453,178,185,immunotherapy,first_line,9,0.86
P01454,7,20,targeted_therapy,first_line,1,0.82
P01454,24,48,targeted_therapy,first_line,2,0.81
P01454,71,88,targeted_therapy,first_line,4,0.82
P01454,91,108,targeted_therapy,first_line,5,0.92
P01454,105,131,targeted_therapy,first_line,6,0.81
P01454,130,150,targeted_therapy,first_line,7,0.87
P01454,149,173,targeted_therapy,first_line,8,0.95
P01454,168,180,targeted_therapy,first_line,9,0.86
P01455,2,25,targeted_therapy,first_line,1,0.95
P01455,26,45,targeted_therapy,first_line,2,0.95
P01455,46,53,targeted_therapy,first_line,3,0.85
P01455,65,88,targeted_therapy,first_line,4,0.95
P01455,89,107,targeted_therapy,first_line,5,0.95
P01455,108,130,targeted_therapy,first_line,6,0.88
P01455,130,153,targeted_therapy,first_line,7,0.84
P01455,154,170,targeted_therapy,first_line,8,0.9
P01455,171,180,targeted_therapy,first_line,9,0.98
P01456,0,26,chemotherapy,first_line,1,0.93
P01456,21,48,chemotherapy,first_line,2,0.83
P01456,46,67,chemotherapy,first_line,3,0.94
P01456,64,89,chemotherapy,first_line,4,0.89
P01456,85,105,chemotherapy,first_line,5,0.92
P01456,114,130,chemotherapy,first_line,6,0.95
P01456,136,149,chemotherapy,first_line,7,0.9
P01456,148,164,chemotherapy,first_line,8,0.96
P01457,3,27,chemotherapy,first_line,1,0.94
P01457,24,40,chemotherapy,first_line,2,0.92
P01457,42,62,chemotherapy,first_line,3,0.83
P01457,68,87,chemotherapy,first_line,4,0.97
P01457,94,110,chemotherapy,first_line,5,0.99
P01457,108,128,chemotherapy,first_line,6,0.83
P01457,130,152,chemotherapy,first_line,7,0.9
P01457,155,168,chemotherapy,first_line,8,0.85
P01457,170,180,chemotherapy,first_line,9,0.95
P01458,17,24,immunotherapy,first_line,1,0.94
P01458,21,45,immunotherapy,first_line,2,0.83
P01458,46,60,immunotherapy,first_line,3,0.98
P01458,63,86,immunotherapy,first_line,4,0.84
P01458,89,111,immunotherapy,first_line,5,0.96
P01458,106,131,immunotherapy,first_line,6,0.89
P01458,131,150,immunotherapy,first_line,7,0.87
P01458,163,170,immunotherapy,first_line,8,0.83
P01458,170,184,immunotherapy,first_line,9,0.83
P01459,8,15,combination_therapy,first_line,1,0.93
P01459,21,43,combination_therapy,first_line,2,0.91
P01459,43,67,combination_therapy,first_line,3,0.82
P01459,64,89,combination_therapy,first_line,4,0.82
P01459,85,111,combination_therapy,first_line,5,0.81
P01459,106,132,combination_therapy,first_line,6,0.95
P01459,132,152,combination_therapy,first_line,7,0.94
P01459,155,174,combination_therapy,first_line,8,0.81
P01459,173,185,combination_therapy,first_line,9,0.91
P01460,6,27,chemotherapy,first_line,1,0.82
P01460,22,42,chemotherapy,first_line,2,0.98
P01460,59,68,chemotherapy,first_line,3,0.98
P01460,68,86,chemotherapy,first_line,4,0.94
P01460,97,111,chemotherapy,first_line,5,0.99
P01460,116,127,chemotherapy,first_line,6,0.96
P01460,127,151,chemotherapy,first_line,7,0.97
P01460,148,167,chemotherapy,first_line,8,0.91
P01460,170,185,chemotherapy,first_line,9,0.86
P01461,6,26,combination_therapy,first_line,1,0.84
P01461,24,42,combination_therapy,first_line,2,0.87
P01461,46,64,combination_therapy,first_line,3,0.93
P01461,67,88,combination_therapy,first_line,4,0.83
P01461,85,107,combination_therapy,first_line,5,0.85
P01461,106,125,combination_therapy,first_line,6,0.89
P01461,144,153,combination_therapy,first_line,7,0.85
P01461,147,174,combination_therapy,first_line,8,0.92
P01461,172,179,combination_therapy,first_line,9,0.98
P01462,2,23,immunotherapy,first_line,1,0.95
P01462,23,44,immunotherapy,first_line,2,0.93
P01462,51,61,immunotherapy,first_line,3,0.92
P01462,64,90,immunotherapy,first_line,4,0.9
P01462,95,108,immunotherapy,first_line,5,0.84
P01462,108,132,immunotherapy,first_line,6,0.98
P01462,126,141,immunotherapy,first_line,7,0.85
P01462,150,171,immunotherapy,first_line,8,0.82
P01462,177,184,immunotherapy,first_line,9,0.95
P01463,0,24,targeted_therapy,first_line,1,0.84
P01463,21,46,targeted_therapy,first_line,2,0.87
P01463,42,65,targeted_therapy,first_line,3,0.81
P01463,63,77,targeted_therapy,first_line,4,0.83
P01463,103,110,targeted_therapy,first_line,5,0.83
P01463,110,129,targeted_therapy,first_line,6,0.81
P01463,144,153,targeted_therapy,first_line,7,0.93
P01463,163,170,targeted_therapy,first_line,8,0.97
P01463,169,180,targeted_therapy,first_line,9,0.87
P01464,11,26,targeted_therapy,first_line,1,0.97
P01464,27,48,targeted_therapy,first_line,2,0.84
P01464,52,69,targeted_therapy,first_line,3,0.87
P01464,67,78,targeted_therapy,first_line,4,0.83
P01464,114,132,targeted_therapy,first_line,6,0.92
P01464,126,153,targeted_therapy,first_line,7,0.88
P01464,153,169,targeted_therapy,first_line,8,0.92
P01464,171,180,targeted_therapy,first_line,9,0.95
P01465,1,25,immunotherapy,first_line,1,0.91
P01465,21,43,immunotherapy,first_line,2,0.93
P01465,43,67,immunotherapy,first_line,3,0.99
P01465,80,89,immunotherapy,first_line,4,0.86
P01465,87,110,immunotherapy,first_line,5,0.87
P01465,118,125,immunotherapy,first_line,6,0.94
P01465,133,147,immunotherapy,first_line,7,0.92
P01465,152,174,immunotherapy,first_line,8,0.84
P01465,173,182,immunotherapy,first_line,9,0.88
P01466,6,26,immunotherapy,first_line,1,0.89
P01466,21,45,immunotherapy,first_line,2,0.88
P01466,45,68,immunotherapy,first_line,3,0.84
P01466,75,84,immunotherapy,first_line,4,0.98
P01466,85,99,immunotherapy,first_line,5,0.95
P01466,110,125,immunotherapy,first_line,6,0.9
P01466,126,151,immunotherapy,first_line,7,0.94
P01466,168,177,immunotherapy,first_line,9,0.98
P01467,0,16,chemotherapy,first_line,1,0.83
P01467,23,48,chemotherapy,first_line,2,0.85
P01467,46,61,chemotherapy,first_line,3,0.91
P01467,64,85,chemotherapy,first_line,4,0.96
P01467,87,111,chemotherapy,first_line,5,0.81
P01467,106,117,chemotherapy,first_line,6,1.0
P01467,126,134,chemotherapy,first_line,7,0.89
P01467,152,169,chemotherapy,first_line,8,0.87
P01467,171,181,chemotherapy,first_line,9,0.86
P01468,3,10,chemotherapy,first_line,1,0.83
P01468,21,47,chemotherapy,first_line,2,0.96
P01468,43,65,chemotherapy,first_line,3,0.99
P01468,63,90,chemotherapy,first_line,4,0.88
P01468,85,111,chemotherapy,first_line,5,0.99
P01468,118,125,chemotherapy,first_line,6,0.96
P01468,127,148,chemotherapy,first_line,7,0.9
P01468,154,172,chemotherapy,first_line,8,0.93
P01468,172,179,chemotherapy,first_line,9,0.89
P01469,1,21,combination_therapy,first_line,1,0.91
P01469,28,48,combination_therapy,first_line,2,0.81
P01469,44,66,combination_therapy,first_line,3,0.94
P01469,72,79,combination_therapy,first_line,4,0.81
P01469,84,111,combination_therapy,first_line,5,0.96
P01469,112,119,combination_therapy,first_line,6,0.96
P01469,130,153,combination_therapy,first_line,7,0.85
P01469,156,170,combination_therapy,first_line,8,0.86
P01469,170,181,combination_therapy,first_line,9,0.9
P01470,5,26,immunotherapy,first_line,1,0.92
P01470,25,36,immunotherapy,first_line,2,0.86
P01470,44,60,immunotherapy,first_line,3,0.92
P01470,65,89,immunotherapy,first_line,4,0.86
P01470,90,107,immunotherapy,first_line,5,0.81
P01470,120,127,immunotherapy,first_line,6,0.8
P01470,131,152,immunotherapy,first_line,7,0.82
P01470,150,174,immunotherapy,first_line,8,0.96
P01470,169,183,immunotherapy,first_line,9,0.99
P01471,1,21,immunotherapy,first_line,1,0.89
P01471,24,44,immunotherapy,first_line,2,0.9
P01471,46,68,immunotherapy,first_line,3,0.83
P01471,64,76,immunotherapy,first_line,4,0.91
P01471,89,106,immunotherapy,first_line,5,0.83
P01471,109,125,immunotherapy,first_line,6,0.92
P01471,133,153,immunotherapy,first_line,7,0.99
P01471,155,162,immunotherapy,first_line,8,0.84
P01471,172,179,immunotherapy,first_line,9,0.95
P01472,7,14,targeted_therapy,first_line,1,0.8
P01472,31,47,targeted_therapy,first_line,2,0.88
P01472,53,68,targeted_therapy,first_line,3,0.82
P01472,63,89,targeted_therapy,first_line,4,0.87
P01472,85,92,targeted_therapy,first_line,5,0.83
P01472,120,129,targeted_therapy,first_line,6,0.87
P01472,126,150,targeted_therapy,first_line,7,0.88
P01472,150,174,targeted_therapy,first_line,8,0.86
P01472,172,186,targeted_therapy,first_line,9,0.93
P01473,2,22,targeted_therapy,first_line,1,0.98
P01473,26,41,targeted_therapy,first_line,2,0.88
P01473,55,62,targeted_therapy,first_line,3,0.84
P01473,68,89,targeted_therapy,first_line,4,0.85
P01473,84,106,targeted_therapy,first_line,5,0.97
P01473,108,130,targeted_therapy,first_line,6,0.91
P01473,127,152,targeted_therapy,first_line,7,0.89
P01473,154,171,targeted_therapy,first_line,8,0.83
P01473,169,180,targeted_therapy,first_line,9,0.89
P01474,7,16,chemotherapy,first_line,1,0.86
P01474,29,46,chemotherapy,first_line,2,0.99
P01474,48,65,chemotherapy,first_line,3,0.98
P01474,69,89,chemotherapy,first_line,4,0.82
P01474,87,98,chemotherapy,first_line,5,0.9
P01474,105,116,chemotherapy,first_line,6,0.85
P01474,128,148,chemotherapy,first_line,7,0.88
P01474,154,171,chemotherapy,first_line,8,0.98
P01474,175,183,chemotherapy,first_line,9,0.91
P01475,8,18,chemotherapy,first_line,1,0.87
P01475,34,48,chemotherapy,first_line,2,0.84
P01475,42,63,chemotherapy,first_line,3,0.96
P01475,71,87,chemotherapy,first_line,4,0.92
P01475,87,108,chemotherapy,first_line,5,0.89
P01475,109,128,chemotherapy,first_line,6,0.84
P01475,126,148,chemotherapy,first_line,7,0.87
P01475,154,174,chemotherapy,first_line,8,0.99
P01475,169,182,chemotherapy,first_line,9,0.9
P01476,5,27,combination_therapy,first_line,1,0.88
P01476,30,40,combination_therapy,first_line,2,0.9
P01476,42,69,combination_therapy,first_line,3,0.96
P01476,63,87,combination_therapy,first_line,4,0.87
P01476,84,98,combination_therapy,first_line,5,0.84
P01476,106,124,combination_therapy,first_line,6,0.92
P01476,137,150,combination_therapy,first_line,7,0.93
P01476,149,165,combination_therapy,first_line,8,0.94
P01476,168,178,combination_therapy,first_line,9,0.98
P01477,2,14,immunotherapy,first_line,1,0.87
P01477,37,44,immunotherapy,first_line,2,0.82
P01477,42,54,immunotherapy,first_line,3,0.99
P01477,73,90,immunotherapy,first_line,4,0.89
P01477,84,104,immunotherapy,first_line,5,0.92
P01477,107,132,immunotherapy,first_line,6,0.93
P01477,127,142,immunotherapy,first_line,7,0.91
P01477,147,173,immunotherapy,first_line,8,0.84
P01477,174,183,immunotherapy,first_line,9,0.95
P01478,2,25,immunotherapy,first_line,1,0.96
P01478,22,40,immunotherapy,first_line,2,0.91
P01478,43,68,immunotherapy,first_line,3,0.9
P01478,71,78,immunotherapy,first_line,4,0.82
P01478,86,111,immunotherapy,first_line,5,0.82
P01478,118,127,immunotherapy,first_line,6,0.87
P01478,128,143,immunotherapy,first_line,7,0.86
P01478,150,174,immunotherapy,first_line,8,0.99
P01478,172,181,immunotherapy,first_line,9,0.96
P01479,0,24,targeted_therapy,first_line,1,0.93
P01479,23,44,targeted_therapy,first_line,2,0.9
P01479,53,69,targeted_therapy,first_line,3,0.83
P01479,69,86,targeted_therapy,first_line,4,1.0
P01479,86,108,targeted_therapy,first_line,5,0.88
P01479,117,129,targeted_therapy,first_line,6,0.82
P01479,127,148,targeted_therapy,first_line,7,0.9
P01479,147,160,targeted_therapy,first_line,8,0.97
P01479,179,186,targeted_therapy,first_line,9,0.98
P01480,9,23,targeted_therapy,first_line,1,0.8
P01480,25,38,targeted_therapy,first_line,2,0.98
P01480,43,69,targeted_therapy,first_line,3,0.85
P01480,70,89,targeted_therapy,first_line,4,0.81
P01480,92,111,targeted_therapy,first_line,5,0.97
P01480,107,129,targeted_therapy,first_line,6,0.97
P01480,127,153,targeted_therapy,first_line,7,0.92
P01480,148,171,targeted_therapy,first_line,8,0.91
P01480,175,183,targeted_therapy,first_line,9,0.96
P01481,3,24,combination_therapy,first_line,1,0.96
P01481,21,48,combination_therapy,first_line,2,0.98
P01481,47,62,combination_therapy,first_line,3,0.91
P01481,67,87,combination_therapy,first_line,4,0.99
P01481,87,103,combination_therapy,first_line,5,1.0
P01481,108,129,combination_therapy,first_line,6,0.82
P01481,132,153,combination_therapy,first_line,7,0.97
P01481,151,172,combination_therapy,first_line,8,0.9
P01481,171,184,combination_therapy,first_line,9,0.88
P01482,7,19,chemotherapy,first_line,1,0.92
P01482,34,41,chemotherapy,first_line,2,0.81
P01482,43,69,chemotherapy,first_line,3,0.9
P01482,63,90,chemotherapy,first_line,4,0.97
P01482,88,110,chemotherapy,first_line,5,0.84
P01482,105,112,chemotherapy,first_line,6,0.89
P01482,126,150,chemotherapy,first_line,7,0.99
P01482,154,168,chemotherapy,first_line,8,0.89
P01482,168,176,chemotherapy,first_line,9,0.87
P01483,20,27,chemotherapy,first_line,1,0.89
P01483,22,48,chemotherapy,first_line,2,0.9
P01483,42,64,chemotherapy,first_line,3,0.93
P01483,66,74,chemotherapy,first_line,4,0.96
P01483,88,104,chemotherapy,first_line,5,0.89
P01483,117,129,chemotherapy,first_line,6,0.96
P01483,142,149,chemotherapy,first_line,7,0.91
P01483,150,173,chemotherapy,first_line,8,0.87
P01483,169,186,chemotherapy,first_line,9,0.93
P01484,1,27,targeted_therapy,first_line,1,0.94
P01484,30,47,targeted_therapy,first_line,2,0.91
P01484,43,69,targeted_therapy,first_line,3,0.81
P01484,79,86,targeted_therapy,first_line,4,0.83
P01484,90,110,targeted_therapy,first_line,5,0.86
P01484,107,128,targeted_therapy,first_line,6,0.86
P01484,127,152,targeted_therapy,first_line,7,0.93
P01484,147,172,targeted_therapy,first_line,8,0.8
P01484,168,175,targeted_therapy,first_line,9,0.95
P01485,5,17,targeted_therapy,first_line,1,0.85
P01485,27,38,targeted_therapy,first_line,2,0.86
P01485,42,63,targeted_therapy,first_line,3,0.91
P01485,66,90,targeted_therapy,first_line,4,0.84
P01485,88,110,targeted_therapy,first_line,5,0.98
P01485,107,123,targeted_therapy,first_line,6,0.82
P01485,126,153,targeted_therapy,first_line,7,0.89
P01485,149,165,targeted_therapy,first_line,8,0.97
P01485,168,186,targeted_therapy,first_line,9,0.92
P01486,2,9,targeted_therapy,first_line,1,0.86
P01486,21,48,targeted_therapy,first_line,2,0.88
P01486,43,66,targeted_therapy,first_line,3,0.94
P01486,65,81,targeted_therapy,first_line,4,0.99
P01486,84,107,targeted_therapy,first_line,5,0.98
P01486,118,128,targeted_therapy,first_line,6,0.87
P01486,126,148,targeted_therapy,first_line,7,1.0
P01486,151,168,targeted_therapy,first_line,8,0.8
P01486,176,186,targeted_therapy,first_line,9,0.81
P01487,4,26,immunotherapy,first_line,1,0.96
P01487,25,42,immunotherapy,first_line,2,0.84
P01487,42,57,immunotherapy,first_line,3,0.81
P01487,64,90,immunotherapy,first_line,4,0.85
P01487,84,98,immunotherapy,first_line,5,0.89
P01487,106,119,immunotherapy,first_line,6,0.95
P01487,138,151,immunotherapy,first_line,7,0.92
P01487,156,163,immunotherapy,first_line,8,0.85
P01487,174,184,immunotherapy,first_line,9,0.9
P01488,5,12,targeted_therapy,first_line,1,0.99
P01488,21,45,targeted_therapy,first_line,2,0.96
P01488,43,62,targeted_therapy,first_line,3,0.86
P01488,64,86,targeted_therapy,first_line,4,1.0
P01488,99,110,targeted_therapy,first_line,5,0.94
P01488,105,130,targeted_therapy,first_line,6,0.81
P01488,126,149,targeted_therapy,first_line,7,0.81
P01488,148,160,targeted_therapy,first_line,8,0.83
P01488,168,185,targeted_therapy,first_line,9,0.95
P01489,4,22,chemotherapy,first_line,1,0.84
P01489,27,41,chemotherapy,first_line,2,0.9
P01489,43,65,chemotherapy,first_line,3,0.82
P01489,66,85,chemotherapy,first_line,4,0.98
P01489,86,100,chemotherapy,first_line,5,0.87
P01489,106,117,chemotherapy,first_line,6,0.98
P01489,126,153,chemotherapy,first_line,7,0.99
P01489,148,169,chemotherapy,first_line,8,0.8
P01489,171,178,chemotherapy,first_line,9,0.89
P01490,15,22,chemotherapy,first_line,1,0.8
P01490,25,48,chemotherapy,first_line,2,0.98
P01490,48,62,chemotherapy,first_line,3,0.9
P01490,65,81,chemotherapy,first_line,4,0.81
P01490,89,109,chemotherapy,first_line,5,0.82
P01490,118,132,chemotherapy,first_line,6,0.88
P01490,128,149,chemotherapy,first_line,7,0.99
P01490,151,172,chemotherapy,first_line,8,0.94
P01491,0,20,combination_therapy,first_line,1,0.97
P01491,24,46,combination_therapy,first_line,2,0.87
P01491,49,68,combination_therapy,first_line,3,0.81
P01491,63,84,combination_therapy,first_line,4,0.99
P01491,86,109,combination_therapy,first_line,5,0.8
P01491,110,131,combination_therapy,first_line,6,0.99
P01491,131,147,combination_therapy,first_line,7,0.87
P01491,160,173,combination_therapy,first_line,8,0.8
P01491,168,185,combination_therapy,first_line,9,0.94
P01492,1,16,targeted_therapy,first_line,1,1.0
P01492,24,42,targeted_therapy,first_line,2,0.99
P01492,44,69,targeted_therapy,first_line,3,0.83
P01492,66,88,targeted_therapy,first_line,4,0.84
P01492,90,105,targeted_therapy,first_line,5,0.91
P01492,110,126,targeted_therapy,first_line,6,0.93
P01492,130,148,targeted_therapy,first_line,7,0.95
P01492,150,171,targeted_therapy,first_line,8,0.84
P01492,170,186,targeted_therapy,first_line,9,0.99
P01493,2,26,combination_therapy,first_line,1,0.93
P01493,25,47,combination_therapy,first_line,2,0.97
P01493,50,65,combination_therapy,first_line,3,0.91
P01493,64,76,combination_therapy,first_line,4,0.88
P01493,85,106,combination_therapy,first_line,5,1.0
P01493,107,128,combination_therapy,first_line,6,0.92
P01493,133,146,combination_therapy,first_line,7,0.97
P01493,147,170,combination_therapy,first_line,8,0.99
P01493,168,175,combination_therapy,first_line,9,0.94
P01494,12,19,combination_therapy,first_line,1,0.91
P01494,21,48,combination_therapy,first_line,2,0.8
P01494,46,64,combination_therapy,first_line,3,0.81
P01494,66,82,combination_therapy,first_line,4,0.84
P01494,86,111,combination_therapy,first_line,5,0.84
P01494,108,126,combination_therapy,first_line,6,0.85
P01494,128,138,combination_therapy,first_line,7,0.86
P01494,150,170,combination_therapy,first_line,8,0.87
P01494,175,185,combination_therapy,first_line,9,0.88
P01495,0,25,chemotherapy,first_line,1,0.82
P01495,27,38,chemotherapy,first_line,2,0.81
P01495,45,62,chemotherapy,first_line,3,0.93
P01495,64,88,chemotherapy,first_line,4,0.91
P01495,91,106,chemotherapy,first_line,5,0.89
P01495,121,128,chemotherapy,first_line,6,0.93
P01495,130,153,chemotherapy,first_line,7,0.97
P01495,151,174,chemotherapy,first_line,8,0.89
P01495,178,185,chemotherapy,first_line,9,0.93
P01496,0,26,combination_therapy,first_line,1,0.99
P01496,26,46,combination_therapy,first_line,2,0.97
P01496,43,67,combination_therapy,first_line,3,0.89
P01496,76,88,combination_therapy,first_line,4,0.93
P01496,85,110,combination_therapy,first_line,5,0.84
P01496,109,128,combination_therapy,first_line,6,0.91
P01496,127,147,combination_therapy,first_line,7,1.0
P01496,159,169,combination_therapy,first_line,8,0.9
P01496,175,182,combination_therapy,first_line,9,0.99
P01497,4,16,combination_therapy,first_line,1,0.88
P01497,21,38,combination_therapy,first_line,2,1.0
P01497,48,66,combination_therapy,first_line,3,0.92
P01497,63,74,combination_therapy,first_line,4,0.81
P01497,85,109,combination_therapy,first_line,5,0.92
P01497,105,117,combination_therapy,first_line,6,0.85
P01497,127,150,combination_therapy,first_line,7,0.81
P01497,148,171,combination_therapy,first_line,8,0.96
P01498,2,18,chemotherapy,first_line,1,0.86
P01498,24,31,chemotherapy,first_line,2,0.96
P01498,48,60,chemotherapy,first_line,3,0.86
P01498,69,89,chemotherapy,first_line,4,0.84
P01498,96,111,chemotherapy,first_line,5,0.99
P01498,118,130,chemotherapy,first_line,6,0.87
P01498,127,148,chemotherapy,first_line,7,0.92
P01498,150,172,chemotherapy,first_line,8,0.92
P01498,170,181,chemotherapy,first_line,9,0.91
P01499,1,27,chemotherapy,first_line,1,0.98
P01499,24,46,chemotherapy,first_line,2,0.93
P01499,49,59,chemotherapy,first_line,3,0.88
P01499,63,89,chemotherapy,first_line,4,0.97
P01499,85,109,chemotherapy,first_line,5,0.84
P01499,110,123,chemotherapy,first_line,6,0.91
P01499,133,147,chemotherapy,first_line,7,0.99
P01499,153,160,chemotherapy,first_line,8,0.93
P01499,171,186,chemotherapy,first_line,9,0.96
P01500,4,27,targeted_therapy,first_line,1,0.93
P01500,25,44,targeted_therapy,first_line,2,0.97
P01500,43,68,targeted_therapy,first_line,3,0.99
P01500,65,80,targeted_therapy,first_line,4,0.85
P01500,85,111,targeted_therapy,first_line,5,0.83
P01500,106,128,targeted_therapy,first_line,6,0.9
P01500,127,153,targeted_therapy,first_line,7,0.94
P01500,154,170,targeted_therapy,first_line,8,0.85
P01500,176,183,targeted_therapy,first_line,9,0.8
P01501,16,23,combination_therapy,first_line,1,0.87
P01501,23,48,combination_therapy,first_line,2,0.99
P01501,44,66,combination_therapy,first_line,3,0.94
P01501,68,88,combination_therapy,first_line,4,0.88
P01501,94,107,combination_therapy,first_line,5,0.84
P01501,110,126,combination_therapy,first_line,6,0.87
P01501,126,140,combination_therapy,first_line,7,0.83
P01501,157,173,combination_therapy,first_line,8,0.82
P01501,174,184,combination_therapy,first_line,9,0.98
P01502,3,26,targeted_therapy,first_line,1,1.0
P01502,23,48,targeted_therapy,first_line,2,0.83
P01502,42,67,targeted_therapy,first_line,3,0.81
P01502,65,90,targeted_therapy,first_line,4,0.87
P01502,84,110,targeted_therapy,first_line,5,0.89
P01502,114,125,targeted_therapy,first_line,6,0.84
P01502,130,142,targeted_therapy,first_line,7,0.86
P01502,162,174,targeted_therapy,first_line,8,0.84
P01502,177,186,targeted_therapy,first_line,9,0.95
P01503,4,23,targeted_therapy,first_line,1,0.94
P01503,21,48,targeted_therapy,first_line,2,0.93
P01503,43,67,targeted_therapy,first_line,3,0.88
P01503,66,90,targeted_therapy,first_line,4,0.98
P01503,92,107,targeted_therapy,first_line,5,0.99
P01503,105,132,targeted_therapy,first_line,6,0.83
P01503,132,148,targeted_therapy,first_line,7,0.84
P01503,149,174,targeted_therapy,first_line,8,0.91
P01503,169,185,targeted_therapy,first_line,9,0.82
P01504,5,24,chemotherapy,first_line,1,0.89
P01504,22,44,chemotherapy,first_line,2,0.92
P01504,44,60,chemotherapy,first_line,3,0.9
P01504,66,90,chemotherapy,first_line,4,0.87
P01504,88,104,chemotherapy,first_line,5,0.91
P01504,105,129,chemotherapy,first_line,6,0.99
P01504,134,146,chemotherapy,first_line,7,0.84
P01504,157,172,chemotherapy,first_line,8,0.93
P01504,170,182,chemotherapy,first_line,9,0.81
P01505,7,27,targeted_therapy,first_line,1,0.81
P01505,34,41,targeted_therapy,first_line,2,0.91
P01505,45,67,targeted_therapy,first_line,3,0.82
P01505,66,78,targeted_therapy,first_line,4,0.8
P01505,93,111,targeted_therapy,first_line,5,0.83
P01505,108,123,targeted_therapy,first_line,6,0.91
P01505,130,152,targeted_therapy,first_line,7,0.94
P01505,148,166,targeted_therapy,first_line,8,0.84
P01505,173,186,targeted_therapy,first_line,9,0.93
P01506,4,24,targeted_therapy,first_line,1,0.84
P01506,24,43,targeted_therapy,first_line,2,0.92
P01506,44,69,targeted_therapy,first_line,3,0.88
P01506,64,88,targeted_therapy,first_line,4,0.93
P01506,86,105,targeted_therapy,first_line,5,1.0
P01506,106,126,targeted_therapy,first_line,6,0.99
P01506,139,146,targeted_therapy,first_line,7,0.8
P01506,159,172,targeted_therapy,first_line,8,0.98
P01506,168,184,targeted_therapy,first_line,9,0.81
P01507,3,27,immunotherapy,first_line,1,0.99
P01507,33,40,immunotherapy,first_line,2,0.86
P01507,45,66,immunotherapy,first_line,3,0.88
P01507,63,86,immunotherapy,first_line,4,0.82
P01507,96,103,immunotherapy,first_line,5,0.82
P01507,110,132,immunotherapy,first_line,6,0.95
P01507,133,153,immunotherapy,first_line,7,0.99
P01507,147,173,immunotherapy,first_line,8,0.92
P01507,173,180,immunotherapy,first_line,9,0.94
P01508,8,15,combination_therapy,first_line,1,0.95
P01508,21,45,combination_therapy,first_line,2,0.85
P01508,63,84,combination_therapy,first_line,4,0.81
P01508,87,111,combination_therapy,first_line,5,0.8
P01508,109,130,combination_therapy,first_line,6,0.87
P01508,130,150,combination_therapy,first_line,7,0.85
P01508,149,171,combination_therapy,first_line,8,0.81
P01508,171,179,combination_therapy,first_line,9,0.84
P01509,16,23,combination_therapy,first_line,1,0.82
P01509,21,45,combination_therapy,first_line,2,0.98
P01509,44,69,combination_therapy,first_line,3,0.83
P01509,68,88,combination_therapy,first_line,4,0.91
P01509,92,108,combination_therapy,first_line,5,0.92
P01509,108,132,combination_therapy,first_line,6,0.91
P01509,134,152,combination_therapy,first_line,7,0.82
P01509,147,158,combination_therapy,first_line,8,0.86
P01510,3,22,chemotherapy,first_line,1,0.81
P01510,25,39,chemotherapy,first_line,2,0.88
P01510,43,60,chemotherapy,first_line,3,0.84
P01510,63,87,chemotherapy,first_line,4,0.91
P01510,88,109,chemotherapy,first_line,5,0.94
P01510,108,128,chemotherapy,first_line,6,0.91
P01510,129,147,chemotherapy,first_line,7,0.89
P01510,153,170,chemotherapy,first_line,8,0.88
P01510,168,176,chemotherapy,first_line,9,0.97
P01511,0,27,immunotherapy,first_line,1,0.84
P01511,27,35,immunotherapy,first_line,2,0.95
P01511,45,67,immunotherapy,first_line,3,0.95
P01511,66,80,immunotherapy,first_line,4,0.88
P01511,86,107,immunotherapy,first_line,5,0.86
P01511,111,118,immunotherapy,first_line,6,0.89
P01511,133,150,immunotherapy,first_line,7,0.82
P01511,149,172,immunotherapy,first_line,8,0.81
P01511,169,177,immunotherapy,first_line,9,0.82
P01512,0,26,combination_therapy,first_line,1,0.84
P01512,24,48,combination_therapy,first_line,2,0.9
P01512,56,68,combination_therapy,first_line,3,0.97
P01512,72,88,combination_therapy,first_line,4,0.85
P01512,98,105,combination_therapy,first_line,5,0.99
P01512,118,131,combination_therapy,first_line,6,0.99
P01512,129,150,combination_therapy,first_line,7,0.99
P01512,148,172,combination_therapy,first_line,8,0.97
P01512,171,180,combination_therapy,first_line,9,0.87
P01513,3,22,combination_therapy,first_line,1,0.81
P01513,22,45,combination_therapy,first_line,2,0.91
P01513,43,66,combination_therapy,first_line,3,0.91
P01513,70,79,combination_therapy,first_line,4,0.97
P01513,90,110,combination_therapy,first_line,5,1.0
P01513,108,124,combination_therapy,first_line,6,0.9
P01513,146,153,combination_therapy,first_line,7,0.87
P01513,164,174,combination_therapy,first_line,8,0.84
P01513,171,186,combination_therapy,first_line,9,0.8
P01514,5,12,targeted_therapy,first_line,1,0.9
P01514,24,46,targeted_therapy,first_line,2,0.91
P01514,43,68,targeted_therapy,first_line,3,0.96
P01514,65,81,targeted_therapy,first_line,4,0.9
P01514,105,132,targeted_therapy,first_line,6,0.98
P01514,133,151,targeted_therapy,first_line,7,0.93
P01514,150,169,targeted_therapy,first_line,8,0.97
P01514,171,185,targeted_therapy,first_line,9,0.83
P01515,13,20,immunotherapy,first_line,1,0.97
P01515,21,45,immunotherapy,first_line,2,0.94
P01515,42,69,immunotherapy,first_line,3,0.83
P01515,63,87,immunotherapy,first_line,4,0.84
P01515,87,107,immunotherapy,first_line,5,0.99
P01515,120,130,immunotherapy,first_line,6,0.81
P01515,126,151,immunotherapy,first_line,7,0.89
P01515,157,171,immunotherapy,first_line,8,0.86
P01515,174,182,immunotherapy,first_line,9,0.93
P01516,7,19,immunotherapy,first_line,1,0.97
P01516,31,48,immunotherapy,first_line,2,0.87
P01516,48,62,immunotherapy,first_line,3,0.89
P01516,75,90,immunotherapy,first_line,4,1.0
P01516,85,93,immunotherapy,first_line,5,0.96
P01516,105,129,immunotherapy,first_line,6,0.98
P01516,134,148,immunotherapy,first_line,7,0.89
P01516,147,162,immunotherapy,first_line,8,0.85
P01516,171,182,immunotherapy,first_line,9,0.88
P01517,3,26,immunotherapy,first_line,1,0.94
P01517,22,38,immunotherapy,first_line,2,0.82
P01517,57,65,immunotherapy,first_line,3,0.85
P01517,64,82,immunotherapy,first_line,4,0.81
P01517,85,98,immunotherapy,first_line,5,0.89
P01517,105,128,immunotherapy,first_line,6,0.97
P01517,130,151,immunotherapy,first_line,7,0.8
P01517,150,169,immunotherapy,first_line,8,0.94
P01517,169,176,immunotherapy,first_line,9,0.99
P01518,0,20,chemotherapy,first_line,1,0.85
P01518,30,37,chemotherapy,first_line,2,0.94
P01518,42,65,chemotherapy,first_line,3,1.0
P01518,71,89,chemotherapy,first_line,4,0.99
P01518,87,110,chemotherapy,first_line,5,0.85
P01518,109,122,chemotherapy,first_line,6,0.82
P01518,129,153,chemotherapy,first_line,7,0.83
P01518,161,169,chemotherapy,first_line,8,0.94
P01519,7,20,chemotherapy,first_line,1,0.95
P01519,22,33,chemotherapy,first_line,2,0.93
P01519,42,64,chemotherapy,first_line,3,0.87
P01519,66,90,chemotherapy,first_line,4,0.83
P01519,93,108,chemotherapy,first_line,5,0.92
P01519,111,130,chemotherapy,first_line,6,0.9
P01519,133,152,chemotherapy,first_line,7,0.95
P01519,152,171,chemotherapy,first_line,8,0.89
P01519,170,178,chemotherapy,first_line,9,0.87
P01520,4,25,combination_therapy,first_line,1,0.86
P01520,26,45,combination_therapy,first_line,2,0.84
P01520,42,65,combination_therapy,first_line,3,0.85
P01520,63,90,combination_therapy,first_line,4,0.82
P01520,89,109,combination_therapy,first_line,5,0.87
P01520,105,122,combination_therapy,first_line,6,0.81
P01520,128,153,combination_therapy,first_line,7,0.84
P01520,159,174,combination_therapy,first_line,8,0.95
P01520,176,186,combination_therapy,first_line,9,0.87
P01521,12,26,targeted_therapy,first_line,1,0.93
P01521,21,47,targeted_therapy,first_line,2,0.94
P01521,42,67,targeted_therapy,first_line,3,0.92
P01521,64,88,targeted_therapy,first_line,4,0.99
P01521,87,106,targeted_therapy,first_line,5,0.8
P01521,107,130,targeted_therapy,first_line,6,0.95
P01521,134,141,targeted_therapy,first_line,7,0.99
P01521,149,173,targeted_therapy,first_line,8,0.97
P01521,168,175,targeted_therapy,first_line,9,0.83
P01522,3,22,targeted_therapy,first_line,1,0.87
P01522,21,48,targeted_therapy,first_line,2,0.83
P01522,48,59,targeted_therapy,first_line,3,0.92
P01522,70,90,targeted_therapy,first_line,4,0.94
P01522,87,110,targeted_therapy,first_line,5,0.86
P01522,113,130,targeted_therapy,first_line,6,0.91
P01522,127,152,targeted_therapy,first_line,7,0.94
P01522,166,174,targeted_therapy,first_line,8,0.88
P01522,168,175,targeted_therapy,first_line,9,0.97
P01523,6,13,chemotherapy,first_line,1,0.95
P01523,22,35,chemotherapy,first_line,2,0.81
P01523,42,66,chemotherapy,first_line,3,0.92
P01523,85,111,chemotherapy,first_line,5,0.85
P01523,108,132,chemotherapy,first_line,6,0.91
P01523,129,153,chemotherapy,first_line,7,0.99
P01523,157,174,chemotherapy,first_line,8,0.98
P01523,169,180,chemotherapy,first_line,9,0.88
P01524,13,20,targeted_therapy,first_line,1,0.86
P01524,21,33,targeted_therapy,first_line,2,0.85
P01524,42,55,targeted_therapy,first_line,3,0.91
P01524,66,84,targeted_therapy,first_line,4,0.82
P01524,85,93,targeted_therapy,first_line,5,0.91
P01524,105,118,targeted_therapy,first_line,6,0.8
P01524,126,152,targeted_therapy,first_line,7,0.86
P01524,149,168,targeted_therapy,first_line,8,0.84
P01524,177,184,targeted_therapy,first_line,9,0.99
P01525,6,22,chemotherapy,first_line,1,0.95
P01525,25,46,chemotherapy,first_line,2,0.87
P01525,46,65,chemotherapy,first_line,3,0.82
P01525,64,88,chemotherapy,first_line,4,0.9
P01525,84,110,chemotherapy,first_line,5,0.84
P01525,120,127,chemotherapy,first_line,6,0.91
P01525,127,145,chemotherapy,first_line,7,0.97
P01525,166,173,chemotherapy,first_line,8,0.92
P01526,4,25,chemotherapy,first_line,1,0.93
P01526,25,41,chemotherapy,first_line,2,0.91
P01526,45,67,chemotherapy,first_line,3,0.99
P01526,70,88,chemotherapy,first_line,4,0.99
P01526,90,111,chemotherapy,first_line,5,0.9
P01526,111,132,chemotherapy,first_line,6,0.86
P01526,126,151,chemotherapy,first_line,7,0.89
P01526,157,164,chemotherapy,first_line,8,0.84
P01527,11,18,targeted_therapy,first_line,1,0.93
P01527,22,47,targeted_therapy,first_line,2,0.9
P01527,46,69,targeted_therapy,first_line,3,0.82
P01527,65,78,targeted_therapy,first_line,4,0.84
P01527,88,110,targeted_therapy,first_line,5,0.9
P01527,113,130,targeted_therapy,first_line,6,0.98
P01527,126,150,targeted_therapy,first_line,7,0.91
P01527,151,167,targeted_therapy,first_line,8,0.94
P01528,12,23,targeted_therapy,first_line,1,0.87
P01528,23,41,targeted_therapy,first_line,2,0.91
P01528,42,66,targeted_therapy,first_line,3,0.89
P01528,64,81,targeted_therapy,first_line,4,0.93
P01528,84,96,targeted_therapy,first_line,5,0.81
P01528,107,130,targeted_therapy,first_line,6,0.9
P01528,138,151,targeted_therapy,first_line,7,0.86
P01528,152,170,targeted_therapy,first_line,8,0.87
P01528,172,179,targeted_therapy,first_line,9,0.99
P01529,24,47,combination_therapy,first_line,2,0.84
P01529,43,64,combination_therapy,first_line,3,0.86
P01529,73,83,combination_therapy,first_line,4,0.9
P01529,85,109,combination_therapy,first_line,5,0.97
P01529,109,129,combination_therapy,first_line,6,0.88
P01529,126,146,combination_therapy,first_line,7,0.95
P01529,149,165,combination_therapy,first_line,8,0.97
P01529,172,183,combination_therapy,first_line,9,0.86
P01530,7,22,immunotherapy,first_line,1,0.88
P01530,45,68,immunotherapy,first_line,3,0.87
P01530,69,87,immunotherapy,first_line,4,0.97
P01530,98,106,immunotherapy,first_line,5,0.81
P01530,109,132,immunotherapy,first_line,6,0.86
P01530,127,147,immunotherapy,first_line,7,0.94
P01530,150,168,immunotherapy,first_line,8,0.91
P01530,172,183,immunotherapy,first_line,9,0.89
P01531,6,13,combination_therapy,first_line,1,0.91
P01531,23,44,combination_therapy,first_line,2,0.84
P01531,43,69,combination_therapy,first_line,3,0.89
P01531,66,89,combination_therapy,first_line,4,0.9
P01531,85,105,combination_therapy,first_line,5,0.98
P01531,112,126,combination_therapy,first_line,6,0.85
P01531,128,151,combination_therapy,first_line,7,0.97
P01531,153,174,combination_therapy,first_line,8,0.93
P01531,171,178,combination_therapy,first_line,9,0.8
P01532,12,22,immunotherapy,first_line,1,0.94
P01532,34,46,immunotherapy,first_line,2,0.81
P01532,52,68,immunotherapy,first_line,3,1.0
P01532,65,82,immunotherapy,first_line,4,0.97
P01532,85,108,immunotherapy,first_line,5,0.86
P01532,114,131,immunotherapy,first_line,6,0.85
P01532,137,151,immunotherapy,first_line,7,0.88
P01532,170,180,immunotherapy,first_line,9,0.87
P01533,8,27,chemotherapy,first_line,1,0.87
P01533,25,46,chemotherapy,first_line,2,0.86
P01533,51,63,chemotherapy,first_line,3,0.92
P01533,65,90,chemotherapy,first_line,4,0.83
P01533,86,111,chemotherapy,first_line,5,0.97
P01533,106,122,chemotherapy,first_line,6,0.96
P01533,135,142,chemotherapy,first_line,7,0.9
P01533,156,174,chemotherapy,first_line,8,0.97
P01533,168,178,chemotherapy,first_line,9,0.85
P01534,3,26,immunotherapy,first_line,1,0.8
P01534,25,35,immunotherapy,first_line,2,0.92
P01534,49,65,immunotherapy,first_line,3,0.89
P01534,63,85,immunotherapy,first_line,4,0.91
P01534,84,97,immunotherapy,first_line,5,0.98
P01534,109,126,immunotherapy,first_line,6,0.99
P01534,132,139,immunotherapy,first_line,7,0.93
P01534,150,174,immunotherapy,first_line,8,0.95
P01534,169,180,immunotherapy,first_line,9,0.82
P01535,2,19,combination_therapy,first_line,1,0.83
P01535,21,46,combination_therapy,first_line,2,0.95
P01535,50,64,combination_therapy,first_line,3,0.89
P01535,68,85,combination_therapy,first_line,4,0.89
P01535,93,110,combination_therapy,first_line,5,0.86
P01535,107,119,combination_therapy,first_line,6,0.92
P01535,132,152,combination_therapy,first_line,7,0.84
P01535,159,174,combination_therapy,first_line,8,0.93
P01535,175,185,combination_therapy,first_line,9,0.83
P01536,9,27,combination_therapy,first_line,1,0.81
P01536,38,48,combination_therapy,first_line,2,0.87
P01536,43,59,combination_therapy,first_line,3,0.85
P01536,66,87,combination_therapy,first_line,4,0.98
P01536,87,110,combination_therapy,first_line,5,0.81
P01536,113,132,combination_therapy,first_line,6,0.84
P01536,130,151,combination_therapy,first_line,7,0.91
P01536,157,167,combination_therapy,first_line,8,0.9
P01537,10,24,combination_therapy,first_line,1,0.81
P01537,21,41,combination_therapy,first_line,2,0.8
P01537,42,66,combination_therapy,first_line,3,1.0
P01537,67,88,combination_therapy,first_line,4,0.93
P01537,94,105,combination_therapy,first_line,5,0.87
P01537,111,131,combination_therapy,first_line,6,0.89
P01537,134,152,combination_therapy,first_line,7,0.85
P01537,149,172,combination_therapy,first_line,8,0.87
P01537,173,180,combination_therapy,first_line,9,0.93
P01538,4,26,targeted_therapy,first_line,1,0.98
P01538,30,46,targeted_therapy,first_line,2,0.84
P01538,42,66,targeted_therapy,first_line,3,0.97
P01538,77,86,targeted_therapy,first_line,4,0.82
P01538,95,102,targeted_therapy,first_line,5,0.84
P01538,105,132,targeted_therapy,first_line,6,0.81
P01538,127,153,targeted_therapy,first_line,7,0.83
P01538,149,174,targeted_therapy,first_line,8,0.98
P01538,178,185,targeted_therapy,first_line,9,0.89
P01539,0,26,combination_therapy,first_line,1,0.82
P01539,23,40,combination_therapy,first_line,2,0.99
P01539,51,68,combination_therapy,first_line,3,0.98
P01539,63,89,combination_therapy,first_line,4,0.95
P01539,96,111,combination_therapy,first_line,5,0.99
P01539,107,127,combination_therapy,first_line,6,0.84
P01539,136,151,combination_therapy,first_line,7,0.97
P01539,154,168,combination_therapy,first_line,8,0.94
P01540,7,26,chemotherapy,first_line,1,0.97
P01540,24,47,chemotherapy,first_line,2,0.96
P01540,54,67,chemotherapy,first_line,3,0.87
P01540,68,82,chemotherapy,first_line,4,0.95
P01540,85,109,chemotherapy,first_line,5,0.85
P01540,119,130,chemotherapy,first_line,6,0.87
P01540,126,142,chemotherapy,first_line,7,0.82
P01540,147,167,chemotherapy,first_line,8,0.99
P01540,172,184,chemotherapy,first_line,9,0.86
P01541,3,21,immunotherapy,first_line,1,0.9
P01541,26,42,immunotherapy,first_line,2,0.88
P01541,44,66,immunotherapy,first_line,3,0.99
P01541,63,73,immunotherapy,first_line,4,0.87
P01541,84,106,immunotherapy,first_line,5,0.96
P01541,109,132,immunotherapy,first_line,6,0.97
P01541,148,167,immunotherapy,first_line,8,0.89
P01542,23,46,immunotherapy,first_line,2,0.88
P01542,47,67,immunotherapy,first_line,3,0.95
P01542,74,90,immunotherapy,first_line,4,0.98
P01542,97,104,immunotherapy,first_line,5,0.95
P01542,105,130,immunotherapy,first_line,6,0.85
P01542,129,151,immunotherapy,first_line,7,0.98
P01542,150,168,immunotherapy,first_line,8,0.88
P01542,173,186,immunotherapy,first_line,9,0.92
P01543,1,10,immunotherapy,first_line,1,0.97
P01543,27,47,immunotherapy,first_line,2,0.84
P01543,45,63,immunotherapy,first_line,3,0.96
P01543,69,83,immunotherapy,first_line,4,0.92
P01543,92,107,immunotherapy,first_line,5,0.98
P01543,110,129,immunotherapy,first_line,6,0.83
P01543,134,145,immunotherapy,first_line,7,0.88
P01543,148,166,immunotherapy,first_line,8,0.97
P01543,169,182,immunotherapy,first_line,9,0.8
P01544,1,26,combination_therapy,first_line,1,0.82
P01544,24,48,combination_therapy,first_line,2,1.0
P01544,55,62,combination_therapy,first_line,3,0.86
P01544,64,89,combination_therapy,first_line,4,1.0
P01544,91,111,combination_therapy,first_line,5,0.84
P01544,107,124,combination_therapy,first_line,6,0.87
P01544,129,145,combination_therapy,first_line,7,0.95
P01544,147,171,combination_therapy,first_line,8,0.93
P01544,168,178,combination_therapy,first_line,9,0.92
P01545,8,26,chemotherapy,first_line,1,0.91
P01545,21,36,chemotherapy,first_line,2,0.97
P01545,50,59,chemotherapy,first_line,3,0.85
P01545,66,88,chemotherapy,first_line,4,0.89
P01545,92,110,chemotherapy,first_line,5,0.83
P01545,114,131,chemotherapy,first_line,6,0.92
P01545,126,151,chemotherapy,first_line,7,0.85
P01545,153,168,chemotherapy,first_line,8,0.87
P01545,172,185,chemotherapy,first_line,9,0.89
P01546,6,25,chemotherapy,first_line,1,0.81
P01546,24,47,chemotherapy,first_line,2,0.82
P01546,47,59,chemotherapy,first_line,3,0.94
P01546,66,89,chemotherapy,first_line,4,0.89
P01546,87,105,chemotherapy,first_line,5,0.97
P01546,110,129,chemotherapy,first_line,6,0.94
P01546,146,153,chemotherapy,first_line,7,0.8
P01546,147,171,chemotherapy,first_line,8,0.92
P01546,168,186,chemotherapy,first_line,9,0.82
P01548,5,27,targeted_therapy,first_line,1,0.89
P01548,25,44,targeted_therapy,first_line,2,0.94
P01548,43,68,targeted_therapy,first_line,3,0.88
P01548,64,89,targeted_therapy,first_line,4,0.99
P01548,86,104,targeted_therapy,first_line,5,0.82
P01548,138,147,targeted_therapy,first_line,7,0.87
P01548,151,174,targeted_therapy,first_line,8,0.94
P01548,168,186,targeted_therapy,first_line,9,0.85
P01549,0,27,targeted_therapy,first_line,1,0.93
P01549,23,36,targeted_therapy,first_line,2,0.83
P01549,55,62,targeted_therapy,first_line,3,0.81
P01549,69,83,targeted_therapy,first_line,4,0.82
P01549,85,111,targeted_therapy,first_line,5,0.99
P01549,109,130,targeted_therapy,first_line,6,0.91
P01549,127,152,targeted_therapy,first_line,7,0.96
P01549,150,171,targeted_therapy,first_line,8,0.87
P01549,168,184,targeted_therapy,first_line,9,0.92
P01550,11,25,immunotherapy,first_line,1,0.9
P01550,25,48,immunotherapy,first_line,2,0.99
P01550,45,66,immunotherapy,first_line,3,0.95
P01550,63,86,immunotherapy,first_line,4,0.95
P01550,99,108,immunotherapy,first_line,5,0.81
P01550,108,115,immunotherapy,first_line,6,0.91
P01550,127,135,immunotherapy,first_line,7,0.89
P01550,149,163,immunotherapy,first_line,8,0.99
P01550,176,183,immunotherapy,first_line,9,0.85
P01551,1,27,targeted_therapy,first_line,1,0.85
P01551,33,40,targeted_therapy,first_line,2,0.88
P01551,43,55,targeted_therapy,first_line,3,0.85
P01551,64,86,targeted_therapy,first_line,4,0.83
P01551,86,109,targeted_therapy,first_line,5,0.97
P01551,105,129,targeted_therapy,first_line,6,0.91
P01551,132,153,targeted_therapy,first_line,7,0.97
P01551,150,173,targeted_therapy,first_line,8,0.97
P01551,168,179,targeted_therapy,first_line,9,0.86
P01552,3,18,chemotherapy,first_line,1,0.91
P01552,25,43,chemotherapy,first_line,2,0.82
P01552,52,65,chemotherapy,first_line,3,0.98
P01552,74,81,chemotherapy,first_line,4,0.88
P01552,99,111,chemotherapy,first_line,5,0.88
P01552,105,129,chemotherapy,first_line,6,0.86
P01552,137,149,chemotherapy,first_line,7,0.89
P01552,147,168,chemotherapy,first_line,8,0.85
P01553,1,23,combination_therapy,first_line,1,0.87
P01553,38,45,combination_therapy,first_line,2,0.96
P01553,44,68,combination_therapy,first_line,3,0.97
P01553,74,89,combination_therapy,first_line,4,0.86
P01553,86,107,combination_therapy,first_line,5,0.89
P01553,109,120,combination_therapy,first_line,6,0.97
P01553,131,150,combination_therapy,first_line,7,0.81
P01553,150,174,combination_therapy,first_line,8,0.98
P01553,173,180,combination_therapy,first_line,9,0.84
P01554,0,27,immunotherapy,first_line,1,0.94
P01554,21,47,immunotherapy,first_line,2,0.92
P01554,43,68,immunotherapy,first_line,3,0.91
P01554,69,86,immunotherapy,first_line,4,0.97
P01554,84,110,immunotherapy,first_line,5,0.82
P01554,113,120,immunotherapy,first_line,6,0.87
P01554,128,141,immunotherapy,first_line,7,0.91
P01554,157,174,immunotherapy,first_line,8,0.96
P01554,168,186,immunotherapy,first_line,9,0.84
P01555,3,14,chemotherapy,first_line,1,0.96
P01555,24,36,chemotherapy,first_line,2,0.88
P01555,44,53,chemotherapy,first_line,3,0.84
P01555,65,89,chemotherapy,first_line,4,0.95
P01555,85,109,chemotherapy,first_line,5,0.82
P01555,110,128,chemotherapy,first_line,6,0.9
P01555,130,150,chemotherapy,first_line,7,0.81
P01555,150,170,chemotherapy,first_line,8,0.87
P01555,168,182,chemotherapy,first_line,9,0.92
P01556,3,24,immunotherapy,first_line,1,0.91
P01556,34,48,immunotherapy,first_line,2,0.88
P01556,44,69,immunotherapy,first_line,3,0.89
P01556,77,90,immunotherapy,first_line,4,0.85
P01556,85,106,immunotherapy,first_line,5,0.89
P01556,108,130,immunotherapy,first_line,6,0.99
P01556,129,152,immunotherapy,first_line,7,0.97
P01556,151,174,immunotherapy,first_line,8,0.83
P01556,170,186,immunotherapy,first_line,9,0.81
P01557,12,19,targeted_therapy,first_line,1,0.99
P01557,22,38,targeted_therapy,first_line,2,0.91
P01557,56,63,targeted_therapy,first_line,3,0.91
P01557,64,90,targeted_therapy,first_line,4,0.96
P01557,85,100,targeted_therapy,first_line,5,0.86
P01557,106,119,targeted_therapy,first_line,6,0.9
P01557,126,143,targeted_therapy,first_line,7,0.99
P01557,155,169,targeted_therapy,first_line,8,0.93
P01557,169,186,targeted_therapy,first_line,9,0.83
P01558,9,27,immunotherapy,first_line,1,0.83
P01558,38,45,immunotherapy,first_line,2,0.84
P01558,55,64,immunotherapy,first_line,3,0.95
P01558,70,89,immunotherapy,first_line,4,0.86
P01558,88,110,immunotherapy,first_line,5,0.8
P01558,108,128,immunotherapy,first_line,6,0.99
P01558,131,153,immunotherapy,first_line,7,0.83
P01558,155,173,immunotherapy,first_line,8,0.8
P01558,170,185,immunotherapy,first_line,9,0.85
P01559,3,23,immunotherapy,first_line,1,0.85
P01559,23,46,immunotherapy,first_line,2,0.88
P01559,64,87,immunotherapy,first_line,4,0.98
P01559,85,106,immunotherapy,first_line,5,0.98
P01559,105,128,immunotherapy,first_line,6,0.89
P01559,126,140,immunotherapy,first_line,7,0.88
P01559,159,174,immunotherapy,first_line,8,0.91
P01560,0,27,immunotherapy,first_line,1,0.85
P01560,29,48,immunotherapy,first_line,2,0.81
P01560,47,65,immunotherapy,first_line,3,0.99
P01560,67,83,immunotherapy,first_line,4,0.84
P01560,86,106,immunotherapy,first_line,5,0.84
P01560,108,115,immunotherapy,first_line,6,0.89
P01560,127,152,immunotherapy,first_line,7,0.9
P01560,157,168,immunotherapy,first_line,8,0.8
P01560,176,186,immunotherapy,first_line,9,0.83
P01561,1,25,chemotherapy,first_line,1,0.88
P01561,22,45,chemotherapy,first_line,2,0.94
P01561,45,69,chemotherapy,first_line,3,0.85
P01561,73,89,chemotherapy,first_line,4,0.88
P01561,89,110,chemotherapy,first_line,5,0.91
P01561,110,131,chemotherapy,first_line,6,0.98
P01561,135,142,chemotherapy,first_line,7,0.87
P01561,166,173,chemotherapy,first_line,8,0.83
P01561,168,176,chemotherapy,first_line,9,0.9
P01562,11,26,immunotherapy,first_line,1,0.95
P01562,23,46,immunotherapy,first_line,2,0.82
P01562,44,67,immunotherapy,first_line,3,0.88
P01562,72,81,immunotherapy,first_line,4,0.8
P01562,91,98,immunotherapy,first_line,5,0.81
P01562,118,132,immunotherapy,first_line,6,0.9
P01562,126,153,immunotherapy,first_line,7,0.86
P01562,147,168,immunotherapy,first_line,8,0.97
P01562,176,183,immunotherapy,first_line,9,0.92
P01563,9,26,targeted_therapy,first_line,1,0.89
P01563,21,47,targeted_therapy,first_line,2,0.88
P01563,43,55,targeted_therapy,first_line,3,0.9
P01563,68,89,targeted_therapy,first_line,4,0.81
P01563,87,106,targeted_therapy,first_line,5,0.98
P01563,107,132,targeted_therapy,first_line,6,1.0
P01563,129,148,targeted_therapy,first_line,7,0.84
P01563,151,174,targeted_therapy,first_line,8,0.82
P01563,178,185,targeted_therapy,first_line,9,0.83
P01564,2,26,targeted_therapy,first_line,1,0.93
P01564,29,36,targeted_therapy,first_line,2,0.93
P01564,42,65,targeted_therapy,first_line,3,0.97
P01564,64,84,targeted_therapy,first_line,4,0.95
P01564,90,108,targeted_therapy,first_line,5,0.89
P01564,112,128,targeted_therapy,first_line,6,0.92
P01564,127,140,targeted_therapy,first_line,7,0.94
P01564,150,172,targeted_therapy,first_line,8,0.9
P01564,168,185,targeted_therapy,first_line,9,0.9
P01565,5,27,immunotherapy,first_line,1,0.93
P01565,32,48,immunotherapy,first_line,2,0.91
P01565,51,68,immunotherapy,first_line,3,0.93
P01565,68,90,immunotherapy,first_line,4,0.92
P01565,84,99,immunotherapy,first_line,5,0.94
P01565,110,130,immunotherapy,first_line,6,0.93
P01565,130,148,immunotherapy,first_line,7,0.9
P01565,150,168,immunotherapy,first_line,8,0.94
P01565,174,181,immunotherapy,first_line,9,0.89
P01566,0,7,combination_therapy,first_line,1,0.85
P01566,24,48,combination_therapy,first_line,2,0.8
P01566,51,69,combination_therapy,first_line,3,0.91
P01566,65,89,combination_therapy,first_line,4,0.92
P01566,96,103,combination_therapy,first_line,5,0.99
P01566,105,129,combination_therapy,first_line,6,0.87
P01566,128,149,combination_therapy,first_line,7,0.88
P01566,148,174,combination_therapy,first_line,8,0.84
P01566,176,186,combination_therapy,first_line,9,0.81
P01567,1,22,chemotherapy,first_line,1,0.95
P01567,32,42,chemotherapy,first_line,2,0.85
P01567,44,67,chemotherapy,first_line,3,0.92
P01567,77,85,chemotherapy,first_line,4,0.94
P01567,94,109,chemotherapy,first_line,5,0.89
P01567,110,125,chemotherapy,first_line,6,0.98
P01567,126,149,chemotherapy,first_line,7,0.89
P01567,152,173,chemotherapy,first_line,8,0.86
P01568,2,27,combination_therapy,first_line,1,0.98
P01568,38,45,combination_therapy,first_line,2,0.97
P01568,52,66,combination_therapy,first_line,3,0.83
P01568,70,90,combination_therapy,first_line,4,0.81
P01568,105,131,combination_therapy,first_line,6,0.82
P01568,134,141,combination_therapy,first_line,7,0.86
P01568,149,172,combination_therapy,first_line,8,0.99
P01568,168,175,combination_therapy,first_line,9,0.91
P01569,8,26,immunotherapy,first_line,1,0.87
P01569,31,43,immunotherapy,first_line,2,0.98
P01569,45,67,immunotherapy,first_line,3,0.89
P01569,68,85,immunotherapy,first_line,4,0.86
P01569,96,111,immunotherapy,first_line,5,0.99
P01569,111,129,immunotherapy,first_line,6,0.97
P01569,137,144,immunotherapy,first_line,7,0.97
P01569,154,164,immunotherapy,first_line,8,0.9
P01570,3,26,chemotherapy,first_line,1,0.96
P01570,39,46,chemotherapy,first_line,2,0.84
P01570,42,69,chemotherapy,first_line,3,0.91
P01570,77,88,chemotherapy,first_line,4,1.0
P01570,87,102,chemotherapy,first_line,5,0.86
P01570,106,128,chemotherapy,first_line,6,0.96
P01570,126,150,chemotherapy,first_line,7,0.9
P01570,151,173,chemotherapy,first_line,8,0.81
P01570,170,178,chemotherapy,first_line,9,0.95
P01571,4,27,immunotherapy,first_line,1,0.83
P01571,23,47,immunotherapy,first_line,2,0.93
P01571,42,65,immunotherapy,first_line,3,0.82
P01571,65,78,immunotherapy,first_line,4,0.99
P01571,96,106,immunotherapy,first_line,5,0.86
P01571,109,127,immunotherapy,first_line,6,0.85
P01571,133,140,immunotherapy,first_line,7,0.83
P01571,148,155,immunotherapy,first_line,8,0.99
P01571,168,181,immunotherapy,first_line,9,0.94
P01572,15,27,combination_therapy,first_line,1,0.95
P01572,21,46,combination_therapy,first_line,2,0.9
P01572,52,66,combination_therapy,first_line,3,0.89
P01572,72,85,combination_therapy,first_line,4,0.82
P01572,89,111,combination_therapy,first_line,5,0.91
P01572,108,129,combination_therapy,first_line,6,0.85
P01572,129,141,combination_therapy,first_line,7,1.0
P01572,151,169,combination_therapy,first_line,8,0.96
P01572,169,184,combination_therapy,first_line,9,0.88
P01573,21,45,immunotherapy,first_line,2,0.83
P01573,45,68,immunotherapy,first_line,3,0.96
P01573,70,87,immunotherapy,first_line,4,0.82
P01573,98,105,immunotherapy,first_line,5,0.84
P01573,107,131,immunotherapy,first_line,6,0.84
P01573,128,151,immunotherapy,first_line,7,0.91
P01573,149,159,immunotherapy,first_line,8,0.96
P01573,169,177,immunotherapy,first_line,9,0.86
P01574,6,25,chemotherapy,first_line,1,0.82
P01574,22,38,chemotherapy,first_line,2,0.89
P01574,45,58,chemotherapy,first_line,3,0.95
P01574,65,82,chemotherapy,first_line,4,0.84
P01574,86,108,chemotherapy,first_line,5,0.84
P01574,108,130,chemotherapy,first_line,6,0.99
P01574,135,152,chemotherapy,first_line,7,0.99
P01574,150,174,chemotherapy,first_line,8,1.0
P01574,168,184,chemotherapy,first_line,9,0.96
P01575,0,22,immunotherapy,first_line,1,0.84
P01575,23,40,immunotherapy,first_line,2,0.84
P01575,42,62,immunotherapy,first_line,3,0.87
P01575,78,85,immunotherapy,first_line,4,0.86
P01575,85,102,immunotherapy,first_line,5,0.99
P01575,109,117,immunotherapy,first_line,6,0.96
P01575,132,151,immunotherapy,first_line,7,0.94
P01575,158,165,immunotherapy,first_line,8,0.84
P01575,169,185,immunotherapy,first_line,9,0.98
P01576,1,27,chemotherapy,first_line,1,0.97
P01576,25,44,chemotherapy,first_line,2,0.83
P01576,50,60,chemotherapy,first_line,3,0.97
P01576,73,84,chemotherapy,first_line,4,0.85
P01576,103,111,chemotherapy,first_line,5,0.82
P01576,111,130,chemotherapy,first_line,6,0.93
P01576,127,151,chemotherapy,first_line,7,0.93
P01576,153,164,chemotherapy,first_line,8,0.82
P01576,169,185,chemotherapy,first_line,9,0.86
P01577,2,27,combination_therapy,first_line,1,1.0
P01577,28,44,combination_therapy,first_line,2,0.94
P01577,60,68,combination_therapy,first_line,3,0.95
P01577,70,85,combination_therapy,first_line,4,0.84
P01577,87,104,combination_therapy,first_line,5,0.82
P01577,110,132,combination_therapy,first_line,6,0.86
P01577,139,148,combination_therapy,first_line,7,0.85
P01577,150,171,combination_therapy,first_line,8,0.85
P01577,179,186,combination_therapy,first_line,9,0.84
P01578,1,17,immunotherapy,first_line,1,0.91
P01578,28,42,immunotherapy,first_line,2,0.87
P01578,50,57,immunotherapy,first_line,3,0.96
P01578,64,77,immunotherapy,first_line,4,0.84
P01578,92,105,immunotherapy,first_line,5,0.89
P01578,117,132,immunotherapy,first_line,6,0.8
P01578,133,151,immunotherapy,first_line,7,0.9
P01578,147,172,immunotherapy,first_line,8,0.81
P01579,2,27,targeted_therapy,first_line,1,1.0
P01579,23,41,targeted_therapy,first_line,2,0.96
P01579,43,62,targeted_therapy,first_line,3,0.9
P01579,71,88,targeted_therapy,first_line,4,0.82
P01579,92,102,targeted_therapy,first_line,5,0.92
P01579,115,129,targeted_therapy,first_line,6,0.95
P01579,131,143,targeted_therapy,first_line,7,0.84
P01579,154,171,targeted_therapy,first_line,8,0.91
P01579,168,186,targeted_therapy,first_line,9,0.96
P01580,3,17,chemotherapy,first_line,1,0.95
P01580,22,43,chemotherapy,first_line,2,0.96
P01580,49,68,chemotherapy,first_line,3,0.98
P01580,69,76,chemotherapy,first_line,4,0.99
P01580,88,109,chemotherapy,first_line,5,0.88
P01580,106,127,chemotherapy,first_line,6,0.91
P01580,133,153,chemotherapy,first_line,7,0.96
P01580,149,174,chemotherapy,first_line,8,0.94
P01580,169,181,chemotherapy,first_line,9,1.0
P01581,4,11,immunotherapy,first_line,1,0.8
P01581,24,39,immunotherapy,first_line,2,0.87
P01581,49,67,immunotherapy,first_line,3,0.86
P01581,64,83,immunotherapy,first_line,4,0.85
P01581,88,102,immunotherapy,first_line,5,0.84
P01581,109,131,immunotherapy,first_line,6,0.94
P01581,132,151,immunotherapy,first_line,7,0.82
P01581,168,184,immunotherapy,first_line,9,0.95
P01582,1,21,chemotherapy,first_line,1,0.94
P01582,22,47,chemotherapy,first_line,2,0.85
P01582,42,49,chemotherapy,first_line,3,0.85
P01582,63,89,chemotherapy,first_line,4,0.93
P01582,84,97,chemotherapy,first_line,5,0.95
P01582,107,132,chemotherapy,first_line,6,0.98
P01582,160,170,chemotherapy,first_line,8,0.97
P01582,175,185,chemotherapy,first_line,9,0.99
P01583,12,22,immunotherapy,first_line,1,0.92
P01583,30,40,immunotherapy,first_line,2,0.98
P01583,52,59,immunotherapy,first_line,3,0.96
P01583,64,81,immunotherapy,first_line,4,0.98
P01583,85,108,immunotherapy,first_line,5,0.8
P01583,105,126,immunotherapy,first_line,6,0.99
P01583,130,146,immunotherapy,first_line,7,0.89
P01583,152,173,immunotherapy,first_line,8,0.96
P01583,172,182,immunotherapy,first_line,9,0.83
P01584,2,27,immunotherapy,first_line,1,0.88
P01584,23,47,immunotherapy,first_line,2,0.85
P01584,42,68,immunotherapy,first_line,3,0.86
P01584,66,90,immunotherapy,first_line,4,0.82
P01584,85,107,immunotherapy,first_line,5,0.96
P01584,106,127,immunotherapy,first_line,6,0.8
P01584,126,153,immunotherapy,first_line,7,0.86
P01584,162,169,immunotherapy,first_line,8,0.83
P01584,176,183,immunotherapy,first_line,9,0.92
P01585,2,23,combination_therapy,first_line,1,0.85
P01585,26,42,combination_therapy,first_line,2,0.85
P01585,45,66,combination_therapy,first_line,3,0.9
P01585,68,87,combination_therapy,first_line,4,0.93
P01585,93,106,combination_therapy,first_line,5,0.82
P01585,105,127,combination_therapy,first_line,6,0.84
P01585,149,173,combination_therapy,first_line,8,0.85
P01585,175,182,combination_therapy,first_line,9,0.99
P01586,13,22,chemotherapy,first_line,1,0.88
P01586,33,40,chemotherapy,first_line,2,0.92
P01586,44,69,chemotherapy,first_line,3,0.85
P01586,65,79,chemotherapy,first_line,4,0.9
P01586,86,105,chemotherapy,first_line,5,0.81
P01586,110,128,chemotherapy,first_line,6,0.81
P01586,127,150,chemotherapy,first_line,7,0.89
P01586,153,169,chemotherapy,first_line,8,0.88
P01586,171,178,chemotherapy,first_line,9,0.83
P01587,2,27,combination_therapy,first_line,1,0.94
P01587,27,46,combination_therapy,first_line,2,1.0
P01587,50,64,combination_therapy,first_line,3,0.88
P01587,66,73,combination_therapy,first_line,4,0.92
P01587,86,111,combination_therapy,first_line,5,0.99
P01587,121,128,combination_therapy,first_line,6,0.97
P01587,131,153,combination_therapy,first_line,7,0.89
P01587,149,166,combination_therapy,first_line,8,0.95
P01588,10,24,combination_therapy,first_line,1,0.83
P01588,31,43,combination_therapy,first_line,2,0.9
P01588,56,66,combination_therapy,first_line,3,0.86
P01588,65,90,combination_therapy,first_line,4,0.83
P01588,90,104,combination_therapy,first_line,5,0.89
P01588,109,116,combination_therapy,first_line,6,0.83
P01588,135,151,combination_therapy,first_line,7,0.94
P01588,148,174,combination_therapy,first_line,8,0.89
P01588,169,186,combination_therapy,first_line,9,0.91
P01589,1,13,combination_therapy,first_line,1,0.83
P01589,28,45,combination_therapy,first_line,2,0.83
P01589,46,69,combination_therapy,first_line,3,0.92
P01589,66,75,combination_therapy,first_line,4,1.0
P01589,84,103,combination_therapy,first_line,5,0.82
P01589,105,130,combination_therapy,first_line,6,0.86
P01589,133,145,combination_therapy,first_line,7,0.97
P01589,151,173,combination_therapy,first_line,8,0.81
P01589,170,184,combination_therapy,first_line,9,0.98
P01590,4,15,immunotherapy,first_line,1,0.9
P01590,30,37,immunotherapy,first_line,2,0.88
P01590,42,69,immunotherapy,first_line,3,0.86
P01590,63,89,immunotherapy,first_line,4,0.86
P01590,84,104,immunotherapy,first_line,5,0.86
P01590,106,128,immunotherapy,first_line,6,0.98
P01590,126,146,immunotherapy,first_line,7,0.94
P01590,150,171,immunotherapy,first_line,8,0.93
P01590,177,184,immunotherapy,first_line,9,0.96
P01591,5,27,targeted_therapy,first_line,1,0.85
P01591,22,46,targeted_therapy,first_line,2,0.92
P01591,43,68,targeted_therapy,first_line,3,0.89
P01591,63,87,targeted_therapy,first_line,4,0.96
P01591,92,106,targeted_therapy,first_line,5,0.86
P01591,111,124,targeted_therapy,first_line,6,0.93
P01591,133,147,targeted_therapy,first_line,7,0.98
P01591,148,174,targeted_therapy,first_line,8,0.88
P01591,176,184,targeted_therapy,first_line,9,0.81
P01592,8,24,immunotherapy,first_line,1,0.9
P01592,24,47,immunotherapy,first_line,2,0.87
P01592,45,69,immunotherapy,first_line,3,0.93
P01592,74,81,immunotherapy,first_line,4,0.99
P01592,94,111,immunotherapy,first_line,5,0.9
P01592,105,131,immunotherapy,first_line,6,0.89
P01592,129,151,immunotherapy,first_line,7,0.93
P01592,150,172,immunotherapy,first_line,8,0.82
P01592,169,180,immunotherapy,first_line,9,0.85
P01593,2,18,chemotherapy,first_line,1,0.98
P01593,22,46,chemotherapy,first_line,2,0.93
P01593,43,63,chemotherapy,first_line,3,0.8
P01593,72,88,chemotherapy,first_line,4,0.84
P01593,95,106,chemotherapy,first_line,5,0.94
P01593,106,113,chemotherapy,first_line,6,0.95
P01593,131,153,chemotherapy,first_line,7,0.97
P01593,154,170,chemotherapy,first_line,8,0.86
P01593,168,185,chemotherapy,first_line,9,0.99
P01594,5,13,chemotherapy,first_line,1,0.91
P01594,26,45,chemotherapy,first_line,2,0.94
P01594,42,67,chemotherapy,first_line,3,0.92
P01594,70,77,chemotherapy,first_line,4,0.82
P01594,84,110,chemotherapy,first_line,5,0.99
P01594,106,131,chemotherapy,first_line,6,0.82
P01594,128,144,chemotherapy,first_line,7,0.85
P01594,149,173,chemotherapy,first_line,8,0.96
P01595,0,27,combination_therapy,first_line,1,0.92
P01595,23,43,combination_therapy,first_line,2,0.97
P01595,70,84,combination_therapy,first_line,4,0.9
P01595,87,110,combination_therapy,first_line,5,0.88
P01595,108,124,combination_therapy,first_line,6,0.98
P01595,133,140,combination_therapy,first_line,7,0.81
P01595,149,161,combination_therapy,first_line,8,0.97
P01595,170,177,combination_therapy,first_line,9,0.85
P01596,3,25,combination_therapy,first_line,1,0.97
P01596,31,44,combination_therapy,first_line,2,0.83
P01596,57,69,combination_therapy,first_line,3,0.92
P01596,66,88,combination_therapy,first_line,4,0.98
P01596,87,108,combination_therapy,first_line,5,0.89
P01596,107,131,combination_therapy,first_line,6,0.95
P01596,132,146,combination_therapy,first_line,7,0.96
P01596,147,163,combination_therapy,first_line,8,0.95
P01597,12,27,combination_therapy,first_line,1,0.99
P01597,34,44,combination_therapy,first_line,2,0.89
P01597,43,63,combination_therapy,first_line,3,0.83
P01597,65,80,combination_therapy,first_line,4,0.81
P01597,87,111,combination_therapy,first_line,5,0.85
P01597,108,132,combination_therapy,first_line,6,0.83
P01597,135,151,combination_therapy,first_line,7,0.91
P01597,157,168,combination_therapy,first_line,8,0.84
P01597,169,183,combination_therapy,first_line,9,0.81
P01598,1,23,chemotherapy,first_line,1,0.81
P01598,39,46,chemotherapy,first_line,2,0.97
P01598,42,69,chemotherapy,first_line,3,0.92
P01598,97,110,chemotherapy,first_line,5,0.87
P01598,108,128,chemotherapy,first_line,6,0.98
P01598,129,146,chemotherapy,first_line,7,0.81
P01598,150,165,chemotherapy,first_line,8,1.0
P01598,168,186,chemotherapy,first_line,9,0.92
P01599,9,25,targeted_therapy,first_line,1,0.84
P01599,29,48,targeted_therapy,first_line,2,0.94
P01599,42,63,targeted_therapy,first_line,3,0.95
P01599,64,77,targeted_therapy,first_line,4,0.89
P01599,85,103,targeted_therapy,first_line,5,0.97
P01599,105,124,targeted_therapy,first_line,6,0.83
P01599,130,150,targeted_therapy,first_line,7,0.86
P01599,152,171,targeted_therapy,first_line,8,0.82
P01599,172,179,targeted_therapy,first_line,9,0.84
P01600,1,26,combination_therapy,first_line,1,0.85
P01600,27,42,combination_therapy,first_line,2,0.98
P01600,42,60,combination_therapy,first_line,3,0.82
P01600,63,84,combination_therapy,first_line,4,0.89
P01600,87,106,combination_therapy,first_line,5,0.91
P01600,105,132,combination_therapy,first_line,6,0.98
P01600,133,145,combination_therapy,first_line,7,1.0
P01600,177,184,combination_therapy,first_line,9,0.95
P01601,1,24,chemotherapy,first_line,1,0.99
P01601,29,47,chemotherapy,first_line,2,0.96
P01601,43,68,chemotherapy,first_line,3,0.99
P01601,64,90,chemotherapy,first_line,4,0.94
P01601,86,109,chemotherapy,first_line,5,0.82
P01601,105,112,chemotherapy,first_line,6,0.88
P01601,135,151,chemotherapy,first_line,7,0.93
P01601,171,178,chemotherapy,first_line,9,0.87
P01602,6,17,chemotherapy,first_line,1,0.85
P01602,23,47,chemotherapy,first_line,2,0.92
P01602,60,67,chemotherapy,first_line,3,0.99
P01602,77,89,chemotherapy,first_line,4,0.81
P01602,96,111,chemotherapy,first_line,5,0.95
P01602,108,115,chemotherapy,first_line,6,0.94
P01602,130,143,chemotherapy,first_line,7,0.99
P01602,150,173,chemotherapy,first_line,8,0.99
P01602,168,184,chemotherapy,first_line,9,0.95
P01603,6,26,targeted_therapy,first_line,1,0.9
P01603,22,39,targeted_therapy,first_line,2,0.84
P01603,50,69,targeted_therapy,first_line,3,0.91
P01603,67,89,targeted_therapy,first_line,4,0.95
P01603,86,106,targeted_therapy,first_line,5,0.98
P01603,111,131,targeted_therapy,first_line,6,0.96
P01603,126,152,targeted_therapy,first_line,7,0.84
P01603,149,172,targeted_therapy,first_line,8,0.92
P01604,4,25,immunotherapy,first_line,1,0.87
P01604,26,43,immunotherapy,first_line,2,0.8
P01604,42,67,immunotherapy,first_line,3,0.84
P01604,65,83,immunotherapy,first_line,4,0.82
P01604,85,110,immunotherapy,first_line,5,0.97
P01604,108,118,immunotherapy,first_line,6,0.85
P01604,127,139,immunotherapy,first_line,7,0.86
P01604,149,172,immunotherapy,first_line,8,0.99
P01604,169,186,immunotherapy,first_line,9,0.88
P01605,7,23,combination_therapy,first_line,1,0.8
P01605,23,46,combination_therapy,first_line,2,0.86
P01605,43,69,combination_therapy,first_line,3,0.82
P01605,64,89,combination_therapy,first_line,4,0.82
P01605,84,108,combination_therapy,first_line,5,0.82
P01605,122,131,combination_therapy,first_line,6,0.92
P01605,127,151,combination_therapy,first_line,7,0.84
P01605,150,158,combination_therapy,first_line,8,0.87
P01606,4,23,chemotherapy,first_line,1,0.97
P01606,23,36,chemotherapy,first_line,2,0.88
P01606,43,57,chemotherapy,first_line,3,0.98
P01606,63,87,chemotherapy,first_line,4,0.9
P01606,86,104,chemotherapy,first_line,5,0.88
P01606,111,131,chemotherapy,first_line,6,0.95
P01606,126,152,chemotherapy,first_line,7,0.81
P01606,151,167,chemotherapy,first_line,8,0.82
P01606,169,185,chemotherapy,first_line,9,0.93
P01607,2,14,immunotherapy,first_line,1,0.9
P01607,30,46,immunotherapy,first_line,2,0.96
P01607,43,67,immunotherapy,first_line,3,0.98
P01607,64,89,immunotherapy,first_line,4,0.88
P01607,85,108,immunotherapy,first_line,5,0.92
P01607,111,131,immunotherapy,first_line,6,0.9
P01607,128,151,immunotherapy,first_line,7,1.0
P01607,160,174,immunotherapy,first_line,8,0.97
P01607,170,183,immunotherapy,first_line,9,0.98
P01608,3,20,targeted_therapy,first_line,1,0.85
P01608,21,47,targeted_therapy,first_line,2,0.95
P01608,45,54,targeted_therapy,first_line,3,0.85
P01608,74,81,targeted_therapy,first_line,4,0.84
P01608,85,111,targeted_therapy,first_line,5,0.99
P01608,108,129,targeted_therapy,first_line,6,0.8
P01608,127,139,targeted_therapy,first_line,7,0.99
P01608,158,171,targeted_therapy,first_line,8,0.83
P01608,169,176,targeted_therapy,first_line,9,0.96
P01609,1,21,combination_therapy,first_line,1,0.86
P01609,25,43,combination_therapy,first_line,2,0.87
P01609,42,62,combination_therapy,first_line,3,0.84
P01609,74,87,combination_therapy,first_line,4,0.92
P01609,86,104,combination_therapy,first_line,5,0.87
P01609,111,129,combination_therapy,first_line,6,0.93
P01609,127,152,combination_therapy,first_line,7,0.8
P01609,148,170,combination_therapy,first_line,8,0.81
P01609,168,183,combination_therapy,first_line,9,0.82
P01610,4,11,immunotherapy,first_line,1,0.88
P01610,25,32,immunotherapy,first_line,2,0.96
P01610,48,68,immunotherapy,first_line,3,0.98
P01610,65,90,immunotherapy,first_line,4,0.85
P01610,86,110,immunotherapy,first_line,5,0.91
P01610,107,117,immunotherapy,first_line,6,0.95
P01610,132,151,immunotherapy,first_line,7,0.86
P01610,164,171,immunotherapy,first_line,8,0.88
P01610,169,186,immunotherapy,first_line,9,0.9
P01611,8,22,immunotherapy,first_line,1,0.83
P01611,25,48,immunotherapy,first_line,2,0.81
P01611,58,65,immunotherapy,first_line,3,0.83
P01611,73,85,immunotherapy,first_line,4,0.93
P01611,85,106,immunotherapy,first_line,5,0.81
P01611,118,132,immunotherapy,first_line,6,0.84
P01611,126,142,immunotherapy,first_line,7,0.87
P01611,147,169,immunotherapy,first_line,8,0.82
P01611,168,180,immunotherapy,first_line,9,0.84
P01612,0,13,combination_therapy,first_line,1,0.98
P01612,26,42,combination_therapy,first_line,2,0.8
P01612,44,62,combination_therapy,first_line,3,0.93
P01612,65,88,combination_therapy,first_line,4,0.88
P01612,88,101,combination_therapy,first_line,5,0.93
P01612,106,131,combination_therapy,first_line,6,0.92
P01612,130,145,combination_therapy,first_line,7,0.84
P01612,150,170,combination_therapy,first_line,8,0.97
P01612,172,183,combination_therapy,first_line,9,0.9
P01613,0,17,targeted_therapy,first_line,1,0.96
P01613,22,32,targeted_therapy,first_line,2,0.88
P01613,44,69,targeted_therapy,first_line,3,1.0
P01613,67,82,targeted_therapy,first_line,4,0.95
P01613,86,111,targeted_therapy,first_line,5,0.99
P01613,113,120,targeted_therapy,first_line,6,0.9
P01613,126,152,targeted_therapy,first_line,7,0.89
P01613,147,170,targeted_therapy,first_line,8,0.95
P01613,174,185,targeted_therapy,first_line,9,0.98
P01614,1,20,combination_therapy,first_line,1,0.99
P01614,22,41,combination_therapy,first_line,2,0.86
P01614,46,61,combination_therapy,first_line,3,0.96
P01614,67,88,combination_therapy,first_line,4,0.84
P01614,102,109,combination_therapy,first_line,5,0.91
P01614,115,129,combination_therapy,first_line,6,0.84
P01614,137,150,combination_therapy,first_line,7,0.87
P01614,149,174,combination_therapy,first_line,8,0.99
P01614,170,181,combination_therapy,first_line,9,0.83
P01615,3,26,targeted_therapy,first_line,1,0.93
P01615,29,45,targeted_therapy,first_line,2,0.92
P01615,51,59,targeted_therapy,first_line,3,0.82
P01615,74,84,targeted_therapy,first_line,4,0.87
P01615,96,111,targeted_therapy,first_line,5,0.91
P01615,111,132,targeted_therapy,first_line,6,0.84
P01615,126,142,targeted_therapy,first_line,7,0.96
P01615,151,165,targeted_therapy,first_line,8,0.99
P01615,179,186,targeted_therapy,first_line,9,0.84
P01616,1,27,immunotherapy,first_line,1,0.84
P01616,47,59,immunotherapy,first_line,3,0.89
P01616,70,83,immunotherapy,first_line,4,0.95
P01616,85,110,immunotherapy,first_line,5,0.86
P01616,109,132,immunotherapy,first_line,6,0.8
P01616,134,151,immunotherapy,first_line,7,0.91
P01616,147,166,immunotherapy,first_line,8,0.99
P01616,168,184,immunotherapy,first_line,9,0.88
P01617,11,18,chemotherapy,first_line,1,0.88
P01617,23,46,chemotherapy,first_line,2,0.99
P01617,51,67,chemotherapy,first_line,3,0.94
P01617,70,84,chemotherapy,first_line,4,0.94
P01617,97,111,chemotherapy,first_line,5,0.91
P01617,119,127,chemotherapy,first_line,6,0.99
P01617,127,151,chemotherapy,first_line,7,0.94
P01617,149,172,chemotherapy,first_line,8,0.98
P01617,168,179,chemotherapy,first_line,9,0.94
P01618,3,27,targeted_therapy,first_line,1,0.95
P01618,23,38,targeted_therapy,first_line,2,0.86
P01618,49,67,targeted_therapy,first_line,3,0.86
P01618,63,83,targeted_therapy,first_line,4,0.96
P01618,95,110,targeted_therapy,first_line,5,0.86
P01618,119,126,targeted_therapy,first_line,6,0.91
P01618,129,152,targeted_therapy,first_line,7,0.85
P01618,155,166,targeted_therapy,first_line,8,0.96
P01618,169,183,targeted_therapy,first_line,9,0.82
P01619,25,43,targeted_therapy,first_line,2,0.97
P01619,45,66,targeted_therapy,first_line,3,0.92
P01619,66,88,targeted_therapy,first_line,4,0.84
P01619,88,107,targeted_therapy,first_line,5,0.91
P01619,105,131,targeted_therapy,first_line,6,0.86
P01619,134,151,targeted_therapy,first_line,7,0.86
P01619,149,172,targeted_therapy,first_line,8,0.87
P01619,173,181,targeted_therapy,first_line,9,0.81
P01620,1,19,immunotherapy,first_line,1,1.0
P01620,22,36,immunotherapy,first_line,2,0.81
P01620,43,67,immunotherapy,first_line,3,0.93
P01620,65,79,immunotherapy,first_line,4,0.87
P01620,86,105,immunotherapy,first_line,5,0.93
P01620,107,132,immunotherapy,first_line,6,0.87
P01620,135,149,immunotherapy,first_line,7,0.93
P01620,151,169,immunotherapy,first_line,8,0.95
P01620,174,183,immunotherapy,first_line,9,0.94
P01621,0,25,chemotherapy,first_line,1,0.82
P01621,30,48,chemotherapy,first_line,2,0.93
P01621,43,54,chemotherapy,first_line,3,0.86
P01621,77,90,chemotherapy,first_line,4,0.81
P01621,103,110,chemotherapy,first_line,5,0.88
P01621,121,132,chemotherapy,first_line,6,0.89
P01621,132,139,chemotherapy,first_line,7,0.89
P01621,154,170,chemotherapy,first_line,8,0.94
P01621,172,180,chemotherapy,first_line,9,0.86
P01622,6,27,combination_therapy,first_line,1,0.86
P01622,25,47,combination_therapy,first_line,2,0.81
P01622,53,60,combination_therapy,first_line,3,0.94
P01622,68,75,combination_therapy,first_line,4,0.91
P01622,85,111,combination_therapy,first_line,5,0.87
P01622,109,132,combination_therapy,first_line,6,0.94
P01622,138,149,combination_therapy,first_line,7,0.91
P01622,149,167,combination_therapy,first_line,8,0.89
P01622,170,182,combination_therapy,first_line,9,0.9
P01623,3,26,chemotherapy,first_line,1,0.93
P01623,22,32,chemotherapy,first_line,2,0.93
P01623,47,62,chemotherapy,first_line,3,0.86
P01623,64,88,chemotherapy,first_line,4,0.83
P01623,89,102,chemotherapy,first_line,5,0.83
P01623,105,131,chemotherapy,first_line,6,0.93
P01623,150,172,chemotherapy,first_line,8,0.97
P01623,168,186,chemotherapy,first_line,9,0.88
P01624,0,22,targeted_therapy,first_line,1,0.83
P01624,26,46,targeted_therapy,first_line,2,0.95
P01624,53,62,targeted_therapy,first_line,3,0.97
P01624,63,90,targeted_therapy,first_line,4,0.98
P01624,86,103,targeted_therapy,first_line,5,0.92
P01624,106,124,targeted_therapy,first_line,6,0.97
P01624,126,138,targeted_therapy,first_line,7,0.8
P01624,149,169,targeted_therapy,first_line,8,0.82
P01624,169,182,targeted_therapy,first_line,9,0.82
P01625,2,20,combination_therapy,first_line,1,0.94
P01625,37,47,combination_therapy,first_line,2,0.81
P01625,43,66,combination_therapy,first_line,3,0.9
P01625,70,88,combination_therapy,first_line,4,0.89
P01625,85,111,combination_therapy,first_line,5,0.86
P01625,108,130,combination_therapy,first_line,6,0.97
P01625,129,136,combination_therapy,first_line,7,0.83
P01625,151,174,combination_therapy,first_line,8,0.87
P01625,178,186,combination_therapy,first_line,9,0.95
P01626,1,25,combination_therapy,first_line,1,0.81
P01626,24,46,combination_therapy,first_line,2,0.93
P01626,66,88,combination_therapy,first_line,4,0.96
P01626,90,105,combination_therapy,first_line,5,0.99
P01626,117,132,combination_therapy,first_line,6,0.98
P01626,126,153,combination_therapy,first_line,7,0.86
P01626,151,172,combination_therapy,first_line,8,0.92
P01627,4,23,combination_therapy,first_line,1,0.82
P01627,22,40,combination_therapy,first_line,2,0.85
P01627,59,68,combination_therapy,first_line,3,0.82
P01627,71,84,combination_therapy,first_line,4,0.86
P01627,86,93,combination_therapy,first_line,5,0.98
P01627,106,125,combination_therapy,first_line,6,0.87
P01627,126,153,combination_therapy,first_line,7,0.91
P01627,151,173,combination_therapy,first_line,8,0.89
P01627,176,186,combination_therapy,first_line,9,0.89
P01628,3,18,immunotherapy,first_line,1,0.99
P01628,21,47,immunotherapy,first_line,2,0.86
P01628,69,83,immunotherapy,first_line,4,0.93
P01628,91,105,immunotherapy,first_line,5,0.88
P01628,114,132,immunotherapy,first_line,6,0.81
P01628,126,152,immunotherapy,first_line,7,0.9
P01628,158,165,immunotherapy,first_line,8,0.96
P01628,177,184,immunotherapy,first_line,9,0.82
P01629,2,21,combination_therapy,first_line,1,0.81
P01629,22,46,combination_therapy,first_line,2,0.83
P01629,44,59,combination_therapy,first_line,3,0.95
P01629,68,83,combination_therapy,first_line,4,0.94
P01629,86,106,combination_therapy,first_line,5,0.91
P01629,122,129,combination_therapy,first_line,6,0.89
P01629,137,151,combination_therapy,first_line,7,0.98
P01629,152,174,combination_therapy,first_line,8,0.95
P01629,170,183,combination_therapy,first_line,9,0.96
P01630,6,27,targeted_therapy,first_line,1,0.96
P01630,30,37,targeted_therapy,first_line,2,0.93
P01630,43,57,targeted_therapy,first_line,3,0.89
P01630,68,90,targeted_therapy,first_line,4,0.97
P01630,87,111,targeted_therapy,first_line,5,0.99
P01630,106,131,targeted_therapy,first_line,6,0.8
P01630,127,146,targeted_therapy,first_line,7,0.81
P01630,149,174,targeted_therapy,first_line,8,0.99
P01630,170,184,targeted_therapy,first_line,9,0.86
P01631,9,21,chemotherapy,first_line,1,0.97
P01631,24,46,chemotherapy,first_line,2,0.88
P01631,48,68,chemotherapy,first_line,3,0.82
P01631,63,89,chemotherapy,first_line,4,0.82
P01631,85,111,chemotherapy,first_line,5,0.83
P01631,111,129,chemotherapy,first_line,6,0.85
P01631,126,139,chemotherapy,first_line,7,0.9
P01631,149,171,chemotherapy,first_line,8,0.94
P01632,1,8,combination_therapy,first_line,1,1.0
P01632,22,48,combination_therapy,first_line,2,0.89
P01632,52,68,combination_therapy,first_line,3,0.9
P01632,65,85,combination_therapy,first_line,4,0.9
P01632,89,111,combination_therapy,first_line,5,0.91
P01632,106,127,combination_therapy,first_line,6,0.9
P01632,127,146,combination_therapy,first_line,7,0.8
P01632,150,173,combination_therapy,first_line,8,0.8
P01632,168,183,combination_therapy,first_line,9,0.82
P01633,12,26,combination_therapy,first_line,1,0.82
P01633,23,43,combination_therapy,first_line,2,0.94
P01633,45,66,combination_therapy,first_line,3,0.84
P01633,67,82,combination_therapy,first_line,4,0.98
P01633,91,109,combination_therapy,first_line,5,0.99
P01633,107,129,combination_therapy,first_line,6,1.0
P01633,126,153,combination_therapy,first_line,7,0.99
P01633,152,162,combination_therapy,first_line,8,0.85
P01633,171,183,combination_therapy,first_line,9,0.9
P01634,3,24,targeted_therapy,first_line,1,0.84
P01634,23,44,targeted_therapy,first_line,2,0.96
P01634,44,69,targeted_therapy,first_line,3,0.98
P01634,67,89,targeted_therapy,first_line,4,0.97
P01634,90,111,targeted_therapy,first_line,5,0.89
P01634,106,126,targeted_therapy,first_line,6,0.95
P01634,135,142,targeted_therapy,first_line,7,0.82
P01634,150,173,targeted_therapy,first_line,8,0.81
P01635,0,26,targeted_therapy,first_line,1,0.95
P01635,37,48,targeted_therapy,first_line,2,0.89
P01635,60,67,targeted_therapy,first_line,3,1.0
P01635,63,86,targeted_therapy,first_line,4,0.82
P01635,91,106,targeted_therapy,first_line,5,0.97
P01635,109,130,targeted_therapy,first_line,6,0.9
P01635,129,153,targeted_therapy,first_line,7,0.97
P01635,166,174,targeted_therapy,first_line,8,0.96
P01635,175,182,targeted_therapy,first_line,9,0.98
P01636,0,27,chemotherapy,first_line,1,0.86
P01636,22,42,chemotherapy,first_line,2,0.99
P01636,47,64,chemotherapy,first_line,3,0.83
P01636,63,86,chemotherapy,first_line,4,0.82
P01636,84,110,chemotherapy,first_line,5,0.89
P01636,107,127,chemotherapy,first_line,6,0.97
P01636,137,153,chemotherapy,first_line,7,0.89
P01636,153,172,chemotherapy,first_line,8,0.97
P01637,2,26,immunotherapy,first_line,1,0.95
P01637,26,33,immunotherapy,first_line,2,0.84
P01637,42,63,immunotherapy,first_line,3,0.99
P01637,64,82,immunotherapy,first_line,4,0.81
P01637,84,105,immunotherapy,first_line,5,0.98
P01637,106,127,immunotherapy,first_line,6,0.86
P01637,130,147,immunotherapy,first_line,7,0.9
P01637,149,174,immunotherapy,first_line,8,0.88
P01638,0,26,combination_therapy,first_line,1,0.83
P01638,27,46,combination_therapy,first_line,2,0.87
P01638,60,69,combination_therapy,first_line,3,0.84
P01638,63,88,combination_therapy,first_line,4,0.84
P01638,86,106,combination_therapy,first_line,5,0.84
P01638,118,125,combination_therapy,first_line,6,0.9
P01638,133,149,combination_therapy,first_line,7,0.96
P01638,163,174,combination_therapy,first_line,8,0.91
P01638,168,175,combination_therapy,first_line,9,0.98
P01639,0,20,targeted_therapy,first_line,1,0.93
P01639,21,44,targeted_therapy,first_line,2,0.94
P01639,57,67,targeted_therapy,first_line,3,0.93
P01639,67,86,targeted_therapy,first_line,4,0.89
P01639,102,109,targeted_therapy,first_line,5,0.94
P01639,109,130,targeted_therapy,first_line,6,0.81
P01639,126,141,targeted_therapy,first_line,7,0.97
P01639,163,170,targeted_therapy,first_line,8,0.96
P01639,177,184,targeted_therapy,first_line,9,0.85
P01640,1,15,combination_therapy,first_line,1,0.95
P01640,21,38,combination_therapy,first_line,2,0.8
P01640,42,69,combination_therapy,first_line,3,0.84
P01640,79,86,combination_therapy,first_line,4,0.81
P01640,96,108,combination_therapy,first_line,5,0.96
P01640,117,131,combination_therapy,first_line,6,0.95
P01640,131,146,combination_therapy,first_line,7,0.96
P01640,147,166,combination_therapy,first_line,8,0.8
P01641,1,26,chemotherapy,first_line,1,0.9
P01641,25,45,chemotherapy,first_line,2,0.94
P01641,44,64,chemotherapy,first_line,3,0.83
P01641,63,83,chemotherapy,first_line,4,0.93
P01641,86,108,chemotherapy,first_line,5,0.82
P01641,105,121,chemotherapy,first_line,6,0.84
P01641,130,151,chemotherapy,first_line,7,0.9
P01641,149,174,chemotherapy,first_line,8,0.93
P01641,168,183,chemotherapy,first_line,9,0.83
P01642,6,27,targeted_therapy,first_line,1,0.84
P01642,29,47,targeted_therapy,first_line,2,0.84
P01642,54,69,targeted_therapy,first_line,3,0.85
P01642,69,87,targeted_therapy,first_line,4,0.85
P01642,85,111,targeted_therapy,first_line,5,0.88
P01642,115,132,targeted_therapy,first_line,6,0.93
P01642,132,152,targeted_therapy,first_line,7,0.89
P01642,154,172,targeted_therapy,first_line,8,0.96
P01642,177,184,targeted_therapy,first_line,9,0.94
P01643,10,25,immunotherapy,first_line,1,0.83
P01643,22,48,immunotherapy,first_line,2,0.81
P01643,49,69,immunotherapy,first_line,3,0.98
P01643,65,85,immunotherapy,first_line,4,0.82
P01643,97,104,immunotherapy,first_line,5,0.83
P01643,114,129,immunotherapy,first_line,6,0.8
P01643,132,151,immunotherapy,first_line,7,0.93
P01643,151,169,immunotherapy,first_line,8,0.92
P01643,169,176,immunotherapy,first_line,9,1.0
P01644,0,20,targeted_therapy,first_line,1,0.98
P01644,29,48,targeted_therapy,first_line,2,0.88
P01644,42,62,targeted_therapy,first_line,3,0.87
P01644,67,85,targeted_therapy,first_line,4,0.86
P01644,84,106,targeted_therapy,first_line,5,0.83
P01644,113,126,targeted_therapy,first_line,6,0.83
P01644,129,153,targeted_therapy,first_line,7,0.83
P01644,147,170,targeted_therapy,first_line,8,0.82
P01645,10,17,targeted_therapy,first_line,1,0.85
P01645,21,45,targeted_therapy,first_line,2,0.86
P01645,45,60,targeted_therapy,first_line,3,0.99
P01645,82,89,targeted_therapy,first_line,4,0.92
P01645,85,100,targeted_therapy,first_line,5,1.0
P01645,115,131,targeted_therapy,first_line,6,0.87
P01645,126,153,targeted_therapy,first_line,7,0.89
P01645,151,167,targeted_therapy,first_line,8,0.86
P01646,1,18,combination_therapy,first_line,1,0.84
P01646,26,42,combination_therapy,first_line,2,0.83
P01646,43,66,combination_therapy,first_line,3,0.99
P01646,66,88,combination_therapy,first_line,4,1.0
P01646,84,109,combination_therapy,first_line,5,0.81
P01646,110,132,combination_therapy,first_line,6,0.83
P01646,135,145,combination_therapy,first_line,7,0.88
P01646,154,164,combination_therapy,first_line,8,0.84
P01646,170,180,combination_therapy,first_line,9,0.87
P01647,10,27,targeted_therapy,first_line,1,0.83
P01647,29,43,targeted_therapy,first_line,2,0.89
P01647,47,68,targeted_therapy,first_line,3,0.85
P01647,67,84,targeted_therapy,first_line,4,0.87
P01647,90,107,targeted_therapy,first_line,5,0.82
P01647,114,121,targeted_therapy,first_line,6,0.89
P01647,129,148,targeted_therapy,first_line,7,1.0
P01647,147,172,targeted_therapy,first_line,8,0.87
P01647,169,185,targeted_therapy,first_line,9,0.98
P01648,4,27,targeted_therapy,first_line,1,0.97
P01648,22,47,targeted_therapy,first_line,2,0.99
P01648,46,67,targeted_therapy,first_line,3,0.96
P01648,63,86,targeted_therapy,first_line,4,0.93
P01648,88,105,targeted_therapy,first_line,5,0.97
P01648,106,122,targeted_therapy,first_line,6,0.82
P01648,126,153,targeted_therapy,first_line,7,0.89
P01648,157,172,targeted_therapy,first_line,8,1.0
P01648,171,184,targeted_therapy,first_line,9,0.95
P01649,23,42,chemotherapy,first_line,2,0.99
P01649,55,66,chemotherapy,first_line,3,0.96
P01649,64,85,chemotherapy,first_line,4,0.97
P01649,84,106,chemotherapy,first_line,5,0.94
P01649,106,128,chemotherapy,first_line,6,0.95
P01649,130,152,chemotherapy,first_line,7,0.9
P01649,153,174,chemotherapy,first_line,8,0.98
P01650,1,21,immunotherapy,first_line,1,0.97
P01650,33,46,immunotherapy,first_line,2,0.97
P01650,43,65,immunotherapy,first_line,3,0.93
P01650,64,90,immunotherapy,first_line,4,0.86
P01650,91,109,immunotherapy,first_line,5,0.81
P01650,108,130,immunotherapy,first_line,6,0.99
P01650,128,150,immunotherapy,first_line,7,0.92
P01650,151,158,immunotherapy,first_line,8,0.86
P01650,169,186,immunotherapy,first_line,9,0.83
P01651,4,20,combination_therapy,first_line,1,0.97
P01651,28,41,combination_therapy,first_line,2,0.97
P01651,42,64,combination_therapy,first_line,3,0.96
P01651,64,88,combination_therapy,first_line,4,0.93
P01651,89,110,combination_therapy,first_line,5,0.87
P01651,105,132,combination_therapy,first_line,6,0.86
P01651,128,135,combination_therapy,first_line,7,0.8
P01651,150,171,combination_therapy,first_line,8,0.97
P01651,168,184,combination_therapy,first_line,9,0.82
P01652,3,25,combination_therapy,first_line,1,0.93
P01652,22,42,combination_therapy,first_line,2,0.9
P01652,42,67,combination_therapy,first_line,3,0.91
P01652,72,84,combination_therapy,first_line,4,0.99
P01652,88,107,combination_therapy,first_line,5,0.81
P01652,105,123,combination_therapy,first_line,6,0.95
P01652,129,150,combination_therapy,first_line,7,0.81
P01652,151,174,combination_therapy,first_line,8,0.81
P01652,174,181,combination_therapy,first_line,9,0.89
P01653,2,26,targeted_therapy,first_line,1,0.81
P01653,22,47,targeted_therapy,first_line,2,0.96
P01653,42,49,targeted_therapy,first_line,3,0.91
P01653,63,87,targeted_therapy,first_line,4,0.81
P01653,91,98,targeted_therapy,first_line,5,0.81
P01653,126,153,targeted_therapy,first_line,7,0.92
P01653,148,174,targeted_therapy,first_line,8,0.96
P01653,168,182,targeted_therapy,first_line,9,0.89
P01654,2,15,chemotherapy,first_line,1,0.91
P01654,26,35,chemotherapy,first_line,2,0.96
P01654,46,67,chemotherapy,first_line,3,0.92
P01654,63,89,chemotherapy,first_line,4,0.84
P01654,88,110,chemotherapy,first_line,5,0.92
P01654,110,132,chemotherapy,first_line,6,0.93
P01654,144,151,chemotherapy,first_line,7,0.95
P01654,148,170,chemotherapy,first_line,8,0.92
P01654,168,186,chemotherapy,first_line,9,0.99
P01655,24,31,combination_therapy,first_line,2,0.84
P01655,47,69,combination_therapy,first_line,3,0.99
P01655,64,89,combination_therapy,first_line,4,0.91
P01655,88,105,combination_therapy,first_line,5,0.93
P01655,105,126,combination_therapy,first_line,6,0.82
P01655,141,149,combination_therapy,first_line,7,0.88
P01655,148,171,combination_therapy,first_line,8,0.95
P01655,168,185,combination_therapy,first_line,9,0.94
P01656,10,18,combination_therapy,first_line,1,0.81
P01656,37,48,combination_therapy,first_line,2,0.91
P01656,46,69,combination_therapy,first_line,3,0.82
P01656,63,82,combination_therapy,first_line,4,1.0
P01656,91,111,combination_therapy,first_line,5,0.98
P01656,109,127,combination_therapy,first_line,6,0.8
P01656,127,152,combination_therapy,first_line,7,0.97
P01656,161,168,combination_therapy,first_line,8,0.98
P01656,175,186,combination_therapy,first_line,9,0.87
P01657,1,20,combination_therapy,first_line,1,0.94
P01657,25,46,combination_therapy,first_line,2,0.89
P01657,43,63,combination_therapy,first_line,3,0.93
P01657,65,87,combination_therapy,first_line,4,0.87
P01657,87,108,combination_therapy,first_line,5,0.86
P01657,111,130,combination_therapy,first_line,6,0.88
P01657,126,146,combination_therapy,first_line,7,0.83
P01657,154,170,combination_therapy,first_line,8,0.97
P01657,168,184,combination_therapy,first_line,9,0.87
P01658,3,19,chemotherapy,first_line,1,0.88
P01658,38,48,chemotherapy,first_line,2,0.98
P01658,42,57,chemotherapy,first_line,3,0.9
P01658,66,80,chemotherapy,first_line,4,0.91
P01658,88,100,chemotherapy,first_line,5,0.99
P01658,112,122,chemotherapy,first_line,6,0.98
P01658,136,153,chemotherapy,first_line,7,0.83
P01658,149,173,chemotherapy,first_line,8,0.89
P01658,175,182,chemotherapy,first_line,9,0.99
P01659,3,23,chemotherapy,first_line,1,0.87
P01659,26,44,chemotherapy,first_line,2,0.87
P01659,44,67,chemotherapy,first_line,3,0.84
P01659,63,89,chemotherapy,first_line,4,0.82
P01659,84,103,chemotherapy,first_line,5,0.95
P01659,108,128,chemotherapy,first_line,6,0.95
P01659,128,142,chemotherapy,first_line,7,0.99
P01659,147,170,chemotherapy,first_line,8,0.95
P01660,1,21,targeted_therapy,first_line,1,0.85
P01660,25,32,targeted_therapy,first_line,2,0.81
P01660,43,61,targeted_therapy,first_line,3,1.0
P01660,81,88,targeted_therapy,first_line,4,0.87
P01660,87,107,targeted_therapy,first_line,5,0.86
P01660,113,125,targeted_therapy,first_line,6,0.98
P01660,131,153,targeted_therapy,first_line,7,0.92
P01660,148,173,targeted_therapy,first_line,8,0.84
P01660,168,185,targeted_therapy,first_line,9,0.98
P01661,3,27,targeted_therapy,first_line,1,1.0
P01661,41,48,targeted_therapy,first_line,2,0.82
P01661,45,67,targeted_therapy,first_line,3,0.97
P01661,64,88,targeted_therapy,first_line,4,0.88
P01661,84,109,targeted_therapy,first_line,5,0.9
P01661,107,126,targeted_therapy,first_line,6,0.98
P01661,130,151,targeted_therapy,first_line,7,0.99
P01661,153,171,targeted_therapy,first_line,8,0.85
P01661,169,182,targeted_therapy,first_line,9,0.84
P01662,6,13,combination_therapy,first_line,1,0.82
P01662,31,43,combination_therapy,first_line,2,0.91
P01662,47,63,combination_therapy,first_line,3,0.8
P01662,65,87,combination_therapy,first_line,4,0.88
P01662,97,104,combination_therapy,first_line,5,0.81
P01662,105,132,combination_therapy,first_line,6,0.88
P01662,136,145,combination_therapy,first_line,7,0.81
P01662,150,169,combination_therapy,first_line,8,0.97
P01662,170,177,combination_therapy,first_line,9,0.84
P01663,2,24,targeted_therapy,first_line,1,0.87
P01663,22,31,targeted_therapy,first_line,2,0.97
P01663,46,69,targeted_therapy,first_line,3,0.95
P01663,75,83,targeted_therapy,first_line,4,0.84
P01663,95,104,targeted_therapy,first_line,5,0.81
P01663,110,128,targeted_therapy,first_line,6,0.94
P01663,136,147,targeted_therapy,first_line,7,0.88
P01663,150,165,targeted_therapy,first_line,8,0.95
P01663,174,183,targeted_therapy,first_line,9,0.89
P01664,17,24,targeted_therapy,first_line,1,0.87
P01664,38,47,targeted_therapy,first_line,2,0.89
P01664,44,69,targeted_therapy,first_line,3,0.95
P01664,65,90,targeted_therapy,first_line,4,0.98
P01664,92,108,targeted_therapy,first_line,5,0.81
P01664,107,129,targeted_therapy,first_line,6,0.9
P01664,127,149,targeted_therapy,first_line,7,0.81
P01664,147,174,targeted_therapy,first_line,8,0.89
P01664,169,176,targeted_therapy,first_line,9,0.98
P01665,3,23,combination_therapy,first_line,1,0.87
P01665,22,47,combination_therapy,first_line,2,0.99
P01665,42,66,combination_therapy,first_line,3,0.93
P01665,64,82,combination_therapy,first_line,4,0.99
P01665,84,103,combination_therapy,first_line,5,0.95
P01665,110,132,combination_therapy,first_line,6,0.82
P01665,134,143,combination_therapy,first_line,7,0.85
P01665,156,173,combination_therapy,first_line,8,0.88
P01665,169,176,combination_therapy,first_line,9,0.83
P01666,11,18,combination_therapy,first_line,1,0.9
P01666,24,45,combination_therapy,first_line,2,0.89
P01666,47,67,combination_therapy,first_line,3,0.99
P01666,65,90,combination_therapy,first_line,4,0.89
P01666,95,105,combination_therapy,first_line,5,0.96
P01666,123,131,combination_therapy,first_line,6,0.99
P01666,127,153,combination_therapy,first_line,7,0.98
P01666,147,172,combination_therapy,first_line,8,0.84
P01666,171,184,combination_therapy,first_line,9,0.9
P01667,1,19,immunotherapy,first_line,1,0.87
P01667,21,40,immunotherapy,first_line,2,0.88
P01667,46,58,immunotherapy,first_line,3,0.87
P01667,69,88,immunotherapy,first_line,4,0.97
P01667,89,96,immunotherapy,first_line,5,0.89
P01667,109,124,immunotherapy,first_line,6,0.9
P01667,130,144,immunotherapy,first_line,7,1.0
P01667,154,174,immunotherapy,first_line,8,0.81
P01667,178,185,immunotherapy,first_line,9,0.9
P01668,1,16,targeted_therapy,first_line,1,0.95
P01668,22,48,targeted_therapy,first_line,2,0.83
P01668,43,58,targeted_therapy,first_line,3,0.92
P01668,73,89,targeted_therapy,first_line,4,0.85
P01668,86,111,targeted_therapy,first_line,5,0.97
P01668,106,132,targeted_therapy,first_line,6,0.87
P01668,130,152,targeted_therapy,first_line,7,0.87
P01668,147,173,targeted_therapy,first_line,8,0.92
P01669,0,21,chemotherapy,first_line,1,0.84
P01669,27,46,chemotherapy,first_line,2,0.86
P01669,63,89,chemotherapy,first_line,4,0.88
P01669,88,111,chemotherapy,first_line,5,0.87
P01669,108,131,chemotherapy,first_line,6,0.9
P01669,127,147,chemotherapy,first_line,7,0.92
P01669,160,171,chemotherapy,first_line,8,0.91
P01669,168,185,chemotherapy,first_line,9,0.93
P01670,13,20,immunotherapy,first_line,1,0.86
P01670,23,44,immunotherapy,first_line,2,0.83
P01670,50,69,immunotherapy,first_line,3,0.95
P01670,68,87,immunotherapy,first_line,4,0.97
P01670,85,107,immunotherapy,first_line,5,0.85
P01670,107,131,immunotherapy,first_line,6,0.88
P01670,126,149,immunotherapy,first_line,7,0.9
P01670,147,173,immunotherapy,first_line,8,0.91
P01670,171,182,immunotherapy,first_line,9,0.93
P01671,3,19,combination_therapy,first_line,1,0.81
P01671,25,46,combination_therapy,first_line,2,0.94
P01671,46,69,combination_therapy,first_line,3,0.81
P01671,84,101,combination_therapy,first_line,5,0.89
P01671,109,128,combination_therapy,first_line,6,0.97
P01671,127,153,combination_therapy,first_line,7,0.89
P01671,147,169,combination_therapy,first_line,8,0.83
P01671,173,186,combination_therapy,first_line,9,1.0
P01672,7,24,chemotherapy,first_line,1,0.98
P01672,24,39,chemotherapy,first_line,2,0.95
P01672,45,69,chemotherapy,first_line,3,0.88
P01672,65,77,chemotherapy,first_line,4,0.84
P01672,84,110,chemotherapy,first_line,5,0.99
P01672,112,131,chemotherapy,first_line,6,0.91
P01672,128,153,chemotherapy,first_line,7,0.97
P01672,152,172,chemotherapy,first_line,8,0.87
P01672,168,186,chemotherapy,first_line,9,0.87
P01673,15,22,chemotherapy,first_line,1,1.0
P01673,28,46,chemotherapy,first_line,2,0.9
P01673,42,66,chemotherapy,first_line,3,0.83
P01673,65,85,chemotherapy,first_line,4,0.84
P01673,96,111,chemotherapy,first_line,5,0.9
P01673,106,130,chemotherapy,first_line,6,0.81
P01673,127,153,chemotherapy,first_line,7,0.89
P01673,147,169,chemotherapy,first_line,8,0.88
P01673,175,182,chemotherapy,first_line,9,0.96
P01674,3,26,targeted_therapy,first_line,1,0.87
P01674,24,31,targeted_therapy,first_line,2,1.0
P01674,51,65,targeted_therapy,first_line,3,0.84
P01674,64,86,targeted_therapy,first_line,4,0.92
P01674,92,110,targeted_therapy,first_line,5,0.82
P01674,108,127,targeted_therapy,first_line,6,0.95
P01674,126,151,targeted_therapy,first_line,7,1.0
P01674,152,174,targeted_therapy,first_line,8,0.96
P01674,175,182,targeted_therapy,first_line,9,0.91
P01675,5,22,immunotherapy,first_line,1,0.9
P01675,26,43,immunotherapy,first_line,2,0.97
P01675,43,68,immunotherapy,first_line,3,0.99
P01675,64,88,immunotherapy,first_line,4,1.0
P01675,85,110,immunotherapy,first_line,5,0.88
P01675,108,124,immunotherapy,first_line,6,1.0
P01675,135,145,immunotherapy,first_line,7,0.83
P01675,149,168,immunotherapy,first_line,8,0.85
P01675,170,186,immunotherapy,first_line,9,0.82
P01676,3,24,combination_therapy,first_line,1,0.85
P01676,25,46,combination_therapy,first_line,2,0.95
P01676,57,65,combination_therapy,first_line,3,0.97
P01676,84,110,combination_therapy,first_line,5,0.96
P01676,117,132,combination_therapy,first_line,6,0.93
P01676,131,151,combination_therapy,first_line,7,0.9
P01676,148,172,combination_therapy,first_line,8,0.94
P01676,168,181,combination_therapy,first_line,9,0.88
P01677,0,23,chemotherapy,first_line,1,0.97
P01677,28,43,chemotherapy,first_line,2,0.94
P01677,43,56,chemotherapy,first_line,3,0.94
P01677,63,86,chemotherapy,first_line,4,0.91
P01677,84,102,chemotherapy,first_line,5,0.98
P01677,106,125,chemotherapy,first_line,6,0.85
P01677,131,138,chemotherapy,first_line,7,0.88
P01677,152,173,chemotherapy,first_line,8,0.96
P01677,169,186,chemotherapy,first_line,9,0.9
P01678,4,27,combination_therapy,first_line,1,0.98
P01678,28,35,combination_therapy,first_line,2,0.87
P01678,55,62,combination_therapy,first_line,3,0.87
P01678,66,77,combination_therapy,first_line,4,0.98
P01678,88,106,combination_therapy,first_line,5,0.89
P01678,110,132,combination_therapy,first_line,6,0.9
P01678,128,153,combination_therapy,first_line,7,0.87
P01678,153,169,combination_therapy,first_line,8,0.86
P01678,170,181,combination_therapy,first_line,9,0.93
P01679,0,20,immunotherapy,first_line,1,0.82
P01679,24,47,immunotherapy,first_line,2,0.98
P01679,48,63,immunotherapy,first_line,3,0.96
P01679,64,85,immunotherapy,first_line,4,0.84
P01679,84,111,immunotherapy,first_line,5,0.94
P01679,107,130,immunotherapy,first_line,6,0.92
P01679,128,147,immunotherapy,first_line,7,0.84
P01679,150,163,immunotherapy,first_line,8,0.85
P01679,174,181,immunotherapy,first_line,9,0.88
P01680,1,26,immunotherapy,first_line,1,0.94
P01680,21,43,immunotherapy,first_line,2,0.93
P01680,46,63,immunotherapy,first_line,3,0.91
P01680,63,89,immunotherapy,first_line,4,0.95
P01680,93,109,immunotherapy,first_line,5,0.95
P01680,133,152,immunotherapy,first_line,7,0.92
P01680,153,165,immunotherapy,first_line,8,0.96
P01680,168,180,immunotherapy,first_line,9,0.87
P01681,3,15,combination_therapy,first_line,1,0.98
P01681,23,30,combination_therapy,first_line,2,0.92
P01681,43,69,combination_therapy,first_line,3,0.96
P01681,69,80,combination_therapy,first_line,4,0.91
P01681,84,102,combination_therapy,first_line,5,0.84
P01681,107,124,combination_therapy,first_line,6,0.91
P01681,130,153,combination_therapy,first_line,7,0.87
P01681,147,174,combination_therapy,first_line,8,0.94
P01682,2,25,immunotherapy,first_line,1,0.9
P01682,23,42,immunotherapy,first_line,2,0.97
P01682,62,69,immunotherapy,first_line,3,0.94
P01682,69,84,immunotherapy,first_line,4,0.94
P01682,96,108,immunotherapy,first_line,5,0.84
P01682,108,127,immunotherapy,first_line,6,1.0
P01682,127,153,immunotherapy,first_line,7,0.97
P01682,166,173,immunotherapy,first_line,8,0.96
P01682,174,186,immunotherapy,first_line,9,0.87
P01683,1,23,immunotherapy,first_line,1,0.91
P01683,24,47,immunotherapy,first_line,2,0.83
P01683,45,68,immunotherapy,first_line,3,0.91
P01683,91,110,immunotherapy,first_line,5,0.83
P01683,110,120,immunotherapy,first_line,6,0.91
P01683,145,152,immunotherapy,first_line,7,0.93
P01683,158,169,immunotherapy,first_line,8,0.88
P01683,168,180,immunotherapy,first_line,9,0.9
P01684,7,19,combination_therapy,first_line,1,0.98
P01684,29,45,combination_therapy,first_line,2,0.82
P01684,45,53,combination_therapy,first_line,3,0.96
P01684,64,84,combination_therapy,first_line,4,0.83
P01684,88,110,combination_therapy,first_line,5,0.81
P01684,105,128,combination_therapy,first_line,6,0.84
P01684,129,152,combination_therapy,first_line,7,0.95
P01684,148,174,combination_therapy,first_line,8,0.88
P01684,168,186,combination_therapy,first_line,9,0.97
P01685,4,27,chemotherapy,first_line,1,0.9
P01685,30,43,chemotherapy,first_line,2,0.8
P01685,49,67,chemotherapy,first_line,3,0.94
P01685,63,86,chemotherapy,first_line,4,0.82
P01685,84,102,chemotherapy,first_line,5,0.96
P01685,108,130,chemotherapy,first_line,6,0.83
P01685,127,134,chemotherapy,first_line,7,0.87
P01685,150,174,chemotherapy,first_line,8,0.95
P01685,179,186,chemotherapy,first_line,9,0.99
P01686,0,26,combination_therapy,first_line,1,0.87
P01686,27,48,combination_therapy,first_line,2,0.97
P01686,45,69,combination_therapy,first_line,3,0.84
P01686,95,109,combination_therapy,first_line,5,0.96
P01686,114,131,combination_therapy,first_line,6,0.93
P01686,130,137,combination_therapy,first_line,7,0.84
P01686,148,161,combination_therapy,first_line,8,0.86
P01686,179,186,combination_therapy,first_line,9,0.83
P01687,3,21,chemotherapy,first_line,1,0.88
P01687,29,47,chemotherapy,first_line,2,0.84
P01687,43,64,chemotherapy,first_line,3,0.93
P01687,64,77,chemotherapy,first_line,4,1.0
P01687,85,95,chemotherapy,first_line,5,0.8
P01687,109,131,chemotherapy,first_line,6,0.91
P01687,133,153,chemotherapy,first_line,7,0.91
P01687,153,170,chemotherapy,first_line,8,0.98
P01687,174,181,chemotherapy,first_line,9,0.9
P01688,2,25,chemotherapy,first_line,1,0.91
P01688,30,48,chemotherapy,first_line,2,0.89
P01688,42,68,chemotherapy,first_line,3,0.85
P01688,66,75,chemotherapy,first_line,4,0.81
P01688,94,102,chemotherapy,first_line,5,0.88
P01688,112,131,chemotherapy,first_line,6,0.81
P01688,136,149,chemotherapy,first_line,7,0.91
P01688,147,173,chemotherapy,first_line,8,0.86
P01688,170,181,chemotherapy,first_line,9,0.91
P01689,2,24,immunotherapy,first_line,1,0.83
P01689,27,47,immunotherapy,first_line,2,0.99
P01689,43,69,immunotherapy,first_line,3,0.98
P01689,64,76,immunotherapy,first_line,4,0.84
P01689,85,92,immunotherapy,first_line,5,0.87
P01689,106,130,immunotherapy,first_line,6,0.92
P01689,129,153,immunotherapy,first_line,7,0.82
P01689,147,172,immunotherapy,first_line,8,0.87
P01689,168,175,immunotherapy,first_line,9,0.85
P01690,4,26,chemotherapy,first_line,1,0.98
P01690,30,48,chemotherapy,first_line,2,0.97
P01690,60,69,chemotherapy,first_line,3,0.92
P01690,70,85,chemotherapy,first_line,4,0.9
P01690,84,98,chemotherapy,first_line,5,0.99
P01690,106,131,chemotherapy,first_line,6,0.99
P01690,126,145,chemotherapy,first_line,7,0.99
P01690,148,174,chemotherapy,first_line,8,0.83
P01691,0,27,combination_therapy,first_line,1,0.83
P01691,21,48,combination_therapy,first_line,2,0.94
P01691,48,63,combination_therapy,first_line,3,0.91
P01691,68,75,combination_therapy,first_line,4,0.8
P01691,86,102,combination_therapy,first_line,5,0.81
P01691,110,131,combination_therapy,first_line,6,0.98
P01691,127,150,combination_therapy,first_line,7,0.97
P01691,148,167,combination_therapy,first_line,8,0.87
P01691,174,183,combination_therapy,first_line,9,0.98
P01692,1,26,combination_therapy,first_line,1,0.92
P01692,22,40,combination_therapy,first_line,2,0.96
P01692,59,66,combination_therapy,first_line,3,0.89
P01692,70,87,combination_therapy,first_line,4,0.82
P01692,85,108,combination_therapy,first_line,5,0.89
P01692,107,130,combination_therapy,first_line,6,0.89
P01692,131,150,combination_therapy,first_line,7,0.91
P01692,150,171,combination_therapy,first_line,8,0.82
P01693,6,26,combination_therapy,first_line,1,1.0
P01693,28,48,combination_therapy,first_line,2,0.85
P01693,53,68,combination_therapy,first_line,3,0.84
P01693,64,88,combination_therapy,first_line,4,0.91
P01693,84,101,combination_therapy,first_line,5,0.91
P01693,119,131,combination_therapy,first_line,6,0.89
P01693,130,153,combination_therapy,first_line,7,0.95
P01693,152,172,combination_therapy,first_line,8,0.9
P01693,168,178,combination_therapy,first_line,9,0.92
P01694,2,25,targeted_therapy,first_line,1,0.94
P01694,24,47,targeted_therapy,first_line,2,0.81
P01694,45,65,targeted_therapy,first_line,3,0.91
P01694,67,85,targeted_therapy,first_line,4,0.98
P01694,84,109,targeted_therapy,first_line,5,0.8
P01694,106,127,targeted_therapy,first_line,6,0.88
P01694,133,152,targeted_therapy,first_line,7,0.99
P01694,154,174,targeted_therapy,first_line,8,0.87
P01694,170,180,targeted_therapy,first_line,9,0.89
P01695,6,20,combination_therapy,first_line,1,1.0
P01695,23,47,combination_therapy,first_line,2,0.84
P01695,47,67,combination_therapy,first_line,3,0.81
P01695,66,84,combination_therapy,first_line,4,0.97
P01695,86,109,combination_therapy,first_line,5,0.97
P01695,118,128,combination_therapy,first_line,6,0.89
P01695,129,149,combination_therapy,first_line,7,0.9
P01695,162,171,combination_therapy,first_line,8,0.97
P01695,172,179,combination_therapy,first_line,9,0.95
P01696,3,26,immunotherapy,first_line,1,0.85
P01696,22,47,immunotherapy,first_line,2,0.8
P01696,47,63,immunotherapy,first_line,3,0.9
P01696,67,90,immunotherapy,first_line,4,0.97
P01696,98,109,immunotherapy,first_line,5,0.98
P01696,106,130,immunotherapy,first_line,6,0.99
P01696,128,150,immunotherapy,first_line,7,0.98
P01696,149,174,immunotherapy,first_line,8,0.92
P01696,169,178,immunotherapy,first_line,9,0.89
P01697,1,27,targeted_therapy,first_line,1,0.95
P01697,29,36,targeted_therapy,first_line,2,0.95
P01697,43,66,targeted_therapy,first_line,3,0.91
P01697,76,85,targeted_therapy,first_line,4,0.82
P01697,88,106,targeted_therapy,first_line,5,0.99
P01697,106,128,targeted_therapy,first_line,6,0.89
P01697,152,165,targeted_therapy,first_line,8,0.87
P01697,171,186,targeted_therapy,first_line,9,0.93
P01698,14,24,immunotherapy,first_line,1,0.93
P01698,26,41,immunotherapy,first_line,2,0.84
P01698,51,67,immunotherapy,first_line,3,0.97
P01698,64,87,immunotherapy,first_line,4,0.86
P01698,84,111,immunotherapy,first_line,5,0.84
P01698,107,127,immunotherapy,first_line,6,0.88
P01698,130,151,immunotherapy,first_line,7,0.95
P01698,147,169,immunotherapy,first_line,8,0.99
P01698,170,177,immunotherapy,first_line,9,0.96
P01699,6,22,combination_therapy,first_line,1,0.99
P01699,25,47,combination_therapy,first_line,2,0.83
P01699,48,59,combination_therapy,first_line,3,0.81
P01699,63,73,combination_therapy,first_line,4,0.91
P01699,86,109,combination_therapy,first_line,5,0.86
P01699,113,130,combination_therapy,first_line,6,0.97
P01699,130,137,combination_therapy,first_line,7,0.93
P01699,150,172,combination_therapy,first_line,8,0.99
P01699,178,185,combination_therapy,first_line,9,0.85
P01700,5,24,chemotherapy,first_line,1,0.9
P01700,23,46,chemotherapy,first_line,2,0.9
P01700,48,60,chemotherapy,first_line,3,0.85
P01700,64,89,chemotherapy,first_line,4,0.92
P01700,98,107,chemotherapy,first_line,5,0.89
P01700,120,128,chemotherapy,first_line,6,0.89
P01700,131,153,chemotherapy,first_line,7,0.87
P01700,157,172,chemotherapy,first_line,8,0.8
P01700,169,186,chemotherapy,first_line,9,0.9
P01701,0,27,combination_therapy,first_line,1,0.87
P01701,23,48,combination_therapy,first_line,2,0.8
P01701,49,68,combination_therapy,first_line,3,0.86
P01701,63,76,combination_therapy,first_line,4,0.86
P01701,87,102,combination_therapy,first_line,5,0.88
P01701,110,118,combination_therapy,first_line,6,0.83
P01701,147,167,combination_therapy,first_line,8,0.9
P01701,174,186,combination_therapy,first_line,9,0.94
P01702,7,24,chemotherapy,first_line,1,0.93
P01702,22,47,chemotherapy,first_line,2,0.96
P01702,47,67,chemotherapy,first_line,3,0.89
P01702,73,89,chemotherapy,first_line,4,0.9
P01702,89,109,chemotherapy,first_line,5,0.96
P01702,109,116,chemotherapy,first_line,6,0.89
P01702,130,144,chemotherapy,first_line,7,0.94
P01702,153,171,chemotherapy,first_line,8,0.89
P01702,168,175,chemotherapy,first_line,9,0.88
P01703,8,23,targeted_therapy,first_line,1,0.95
P01703,21,47,targeted_therapy,first_line,2,0.83
P01703,49,56,targeted_therapy,first_line,3,0.87
P01703,67,85,targeted_therapy,first_line,4,0.84
P01703,84,111,targeted_therapy,first_line,5,0.87
P01703,111,129,targeted_therapy,first_line,6,0.85
P01703,128,152,targeted_therapy,first_line,7,0.92
P01703,149,167,targeted_therapy,first_line,8,0.96
P01703,169,176,targeted_therapy,first_line,9,0.96
P01704,6,26,immunotherapy,first_line,1,0.87
P01704,25,44,immunotherapy,first_line,2,1.0
P01704,42,61,immunotherapy,first_line,3,0.92
P01704,78,89,immunotherapy,first_line,4,0.88
P01704,88,95,immunotherapy,first_line,5,0.97
P01704,120,127,immunotherapy,first_line,6,0.95
P01704,131,152,immunotherapy,first_line,7,0.95
P01704,149,174,immunotherapy,first_line,8,0.84
P01704,169,185,immunotherapy,first_line,9,0.89
P01705,0,26,chemotherapy,first_line,1,0.97
P01705,27,48,chemotherapy,first_line,2,0.9
P01705,45,66,chemotherapy,first_line,3,0.94
P01705,65,87,chemotherapy,first_line,4,0.92
P01705,84,104,chemotherapy,first_line,5,0.97
P01705,107,128,chemotherapy,first_line,6,0.86
P01705,127,145,chemotherapy,first_line,7,0.92
P01705,150,158,chemotherapy,first_line,8,0.82
P01706,0,22,chemotherapy,first_line,1,0.94
P01706,25,41,chemotherapy,first_line,2,0.95
P01706,54,62,chemotherapy,first_line,3,0.81
P01706,74,89,chemotherapy,first_line,4,0.94
P01706,85,105,chemotherapy,first_line,5,0.88
P01706,117,128,chemotherapy,first_line,6,0.82
P01706,126,146,chemotherapy,first_line,7,0.88
P01706,151,169,chemotherapy,first_line,8,0.84
P01706,170,177,chemotherapy,first_line,9,0.88
P01707,1,27,chemotherapy,first_line,1,0.88
P01707,26,46,chemotherapy,first_line,2,0.95
P01707,49,62,chemotherapy,first_line,3,0.95
P01707,67,89,chemotherapy,first_line,4,0.92
P01707,90,99,chemotherapy,first_line,5,0.8
P01707,109,129,chemotherapy,first_line,6,0.99
P01707,137,144,chemotherapy,first_line,7,0.94
P01707,147,163,chemotherapy,first_line,8,0.81
P01707,169,185,chemotherapy,first_line,9,0.96
P01708,4,22,targeted_therapy,first_line,1,0.84
P01708,24,46,targeted_therapy,first_line,2,0.92
P01708,42,65,targeted_therapy,first_line,3,0.89
P01708,63,75,targeted_therapy,first_line,4,0.88
P01708,84,110,targeted_therapy,first_line,5,0.98
P01708,106,132,targeted_therapy,first_line,6,0.89
P01708,126,133,targeted_therapy,first_line,7,0.82
P01708,149,173,targeted_therapy,first_line,8,0.99
P01708,173,180,targeted_therapy,first_line,9,0.98
P01709,3,19,immunotherapy,first_line,1,0.94
P01709,22,48,immunotherapy,first_line,2,0.89
P01709,49,67,immunotherapy,first_line,3,0.82
P01709,63,81,immunotherapy,first_line,4,0.96
P01709,90,104,immunotherapy,first_line,5,0.82
P01709,123,130,immunotherapy,first_line,6,0.81
P01709,129,152,immunotherapy,first_line,7,0.91
P01709,149,173,immunotherapy,first_line,8,0.83
P01709,172,180,immunotherapy,first_line,9,0.8
P01710,3,14,combination_therapy,first_line,1,0.88
P01710,24,48,combination_therapy,first_line,2,0.83
P01710,44,67,combination_therapy,first_line,3,0.83
P01710,64,84,combination_therapy,first_line,4,0.82
P01710,85,105,combination_therapy,first_line,5,0.84
P01710,108,128,combination_therapy,first_line,6,0.94
P01710,130,150,combination_therapy,first_line,7,0.96
P01710,152,174,combination_therapy,first_line,8,0.89
P01710,168,184,combination_therapy,first_line,9,0.9
P01711,2,26,immunotherapy,first_line,1,0.81
P01711,24,47,immunotherapy,first_line,2,0.81
P01711,49,66,immunotherapy,first_line,3,0.85
P01711,64,85,immunotherapy,first_line,4,0.91
P01711,92,111,immunotherapy,first_line,5,0.95
P01711,109,125,immunotherapy,first_line,6,0.92
P01711,132,150,immunotherapy,first_line,7,0.88
P01711,149,171,immunotherapy,first_line,8,0.82
P01711,171,185,immunotherapy,first_line,9,0.96
P01712,6,25,immunotherapy,first_line,1,0.87
P01712,24,41,immunotherapy,first_line,2,0.95
P01712,70,89,immunotherapy,first_line,4,0.9
P01712,90,110,immunotherapy,first_line,5,0.95
P01712,130,150,immunotherapy,first_line,7,0.98
P01712,152,172,immunotherapy,first_line,8,0.98
P01712,173,182,immunotherapy,first_line,9,0.91
P01713,2,17,immunotherapy,first_line,1,0.9
P01713,28,48,immunotherapy,first_line,2,0.85
P01713,47,67,immunotherapy,first_line,3,0.99
P01713,65,88,immunotherapy,first_line,4,0.89
P01713,90,106,immunotherapy,first_line,5,0.83
P01713,115,128,immunotherapy,first_line,6,0.89
P01713,128,147,immunotherapy,first_line,7,0.83
P01713,157,166,immunotherapy,first_line,8,0.9
P01713,169,176,immunotherapy,first_line,9,0.91
P01714,6,22,targeted_therapy,first_line,1,0.87
P01714,31,47,targeted_therapy,first_line,2,0.81
P01714,48,67,targeted_therapy,first_line,3,0.99
P01714,65,83,targeted_therapy,first_line,4,0.95
P01714,89,107,targeted_therapy,first_line,5,0.97
P01714,116,130,targeted_therapy,first_line,6,0.87
P01714,133,146,targeted_therapy,first_line,7,0.95
P01714,150,172,targeted_therapy,first_line,8,0.9
P01714,170,180,targeted_therapy,first_line,9,0.84
P01715,0,25,immunotherapy,first_line,1,0.82
P01715,29,44,immunotherapy,first_line,2,0.87
P01715,52,66,immunotherapy,first_line,3,0.83
P01715,64,89,immunotherapy,first_line,4,1.0
P01715,85,110,immunotherapy,first_line,5,0.81
P01715,108,131,immunotherapy,first_line,6,0.89
P01715,126,140,immunotherapy,first_line,7,0.89
P01715,147,160,immunotherapy,first_line,8,0.86
P01715,168,175,immunotherapy,first_line,9,0.91
P01716,1,27,immunotherapy,first_line,1,0.83
P01716,22,40,immunotherapy,first_line,2,0.96
P01716,42,66,immunotherapy,first_line,3,0.87
P01716,63,84,immunotherapy,first_line,4,0.92
P01716,87,109,immunotherapy,first_line,5,0.94
P01716,112,127,immunotherapy,first_line,6,0.98
P01716,127,149,immunotherapy,first_line,7,0.97
P01716,150,164,immunotherapy,first_line,8,0.92
P01716,176,183,immunotherapy,first_line,9,0.88
P01717,3,20,combination_therapy,first_line,1,0.9
P01717,27,48,combination_therapy,first_line,2,0.95
P01717,54,68,combination_therapy,first_line,3,0.98
P01717,63,86,combination_therapy,first_line,4,0.82
P01717,85,108,combination_therapy,first_line,5,0.88
P01717,113,123,combination_therapy,first_line,6,0.96
P01717,129,153,combination_therapy,first_line,7,0.89
P01717,147,173,combination_therapy,first_line,8,0.87
P01717,171,183,combination_therapy,first_line,9,0.88
P01718,3,26,chemotherapy,first_line,1,0.92
P01718,28,48,chemotherapy,first_line,2,1.0
P01718,49,69,chemotherapy,first_line,3,0.9
P01718,68,90,chemotherapy,first_line,4,0.84
P01718,85,111,chemotherapy,first_line,5,0.83
P01718,115,130,chemotherapy,first_line,6,0.81
P01718,130,144,chemotherapy,first_line,7,0.91
P01718,156,168,chemotherapy,first_line,8,0.91
P01718,169,176,chemotherapy,first_line,9,0.84
P01719,16,23,targeted_therapy,first_line,1,0.94
P01719,22,37,targeted_therapy,first_line,2,0.95
P01719,44,66,targeted_therapy,first_line,3,0.85
P01719,63,88,targeted_therapy,first_line,4,0.87
P01719,87,111,targeted_therapy,first_line,5,1.0
P01719,112,129,targeted_therapy,first_line,6,0.87
P01719,129,136,targeted_therapy,first_line,7,0.95
P01719,148,171,targeted_therapy,first_line,8,0.89
P01719,178,185,targeted_therapy,first_line,9,0.96
P01720,1,23,chemotherapy,first_line,1,0.95
P01720,29,36,chemotherapy,first_line,2,0.93
P01720,47,55,chemotherapy,first_line,3,0.97
P01720,64,90,chemotherapy,first_line,4,0.99
P01720,87,102,chemotherapy,first_line,5,0.92
P01720,110,127,chemotherapy,first_line,6,0.85
P01720,138,145,chemotherapy,first_line,7,0.88
P01720,148,173,chemotherapy,first_line,8,0.95
P01720,171,184,chemotherapy,first_line,9,0.93
P01721,19,26,immunotherapy,first_line,1,0.84
P01721,31,46,immunotherapy,first_line,2,0.81
P01721,43,61,immunotherapy,first_line,3,0.94
P01721,68,90,immunotherapy,first_line,4,0.85
P01721,91,108,immunotherapy,first_line,5,0.9
P01721,121,131,immunotherapy,first_line,6,0.95
P01721,128,152,immunotherapy,first_line,7,0.91
P01721,147,170,immunotherapy,first_line,8,0.82
P01721,173,181,immunotherapy,first_line,9,0.84
P01722,11,22,chemotherapy,first_line,1,0.84
P01722,24,43,chemotherapy,first_line,2,0.85
P01722,42,67,chemotherapy,first_line,3,0.91
P01722,64,74,chemotherapy,first_line,4,0.9
P01722,89,108,chemotherapy,first_line,5,0.84
P01722,105,131,chemotherapy,first_line,6,0.81
P01722,130,145,chemotherapy,first_line,7,0.83
P01722,150,173,chemotherapy,first_line,8,1.0
P01722,168,178,chemotherapy,first_line,9,0.89
P01723,2,13,immunotherapy,first_line,1,0.97
P01723,29,44,immunotherapy,first_line,2,0.97
P01723,43,69,immunotherapy,first_line,3,0.9
P01723,90,105,immunotherapy,first_line,5,0.94
P01723,112,127,immunotherapy,first_line,6,0.84
P01723,135,152,immunotherapy,first_line,7,0.94
P01723,159,174,immunotherapy,first_line,8,0.85
P01723,177,185,immunotherapy,first_line,9,0.97
P01724,3,27,targeted_therapy,first_line,1,0.82
P01724,23,33,targeted_therapy,first_line,2,0.95
P01724,53,68,targeted_therapy,first_line,3,0.82
P01724,63,84,targeted_therapy,first_line,4,0.98
P01724,89,106,targeted_therapy,first_line,5,0.86
P01724,106,125,targeted_therapy,first_line,6,0.93
P01724,131,151,targeted_therapy,first_line,7,0.9
P01724,156,168,targeted_therapy,first_line,8,0.87
P01725,0,25,chemotherapy,first_line,1,0.93
P01725,21,32,chemotherapy,first_line,2,0.99
P01725,43,69,chemotherapy,first_line,3,0.81
P01725,66,86,chemotherapy,first_line,4,0.98
P01725,86,111,chemotherapy,first_line,5,0.92
P01725,111,128,chemotherapy,first_line,6,0.96
P01725,131,151,chemotherapy,first_line,7,0.88
P01725,149,173,chemotherapy,first_line,8,0.89
P01725,168,183,chemotherapy,first_line,9,0.97
P01726,4,27,chemotherapy,first_line,1,0.88
P01726,24,47,chemotherapy,first_line,2,0.91
P01726,42,68,chemotherapy,first_line,3,0.8
P01726,100,109,chemotherapy,first_line,5,0.83
P01726,119,128,chemotherapy,first_line,6,0.93
P01726,140,153,chemotherapy,first_line,7,0.94
P01726,149,174,chemotherapy,first_line,8,0.92
P01726,173,180,chemotherapy,first_line,9,0.83
P01727,3,10,combination_therapy,first_line,1,0.89
P01727,29,39,combination_therapy,first_line,2,0.87
P01727,47,67,combination_therapy,first_line,3,0.9
P01727,71,83,combination_therapy,first_line,4,0.97
P01727,98,106,combination_therapy,first_line,5,0.96
P01727,106,128,combination_therapy,first_line,6,0.82
P01727,127,151,combination_therapy,first_line,7,0.98
P01727,156,168,combination_therapy,first_line,8,0.89
P01727,171,178,combination_therapy,first_line,9,0.95
P01728,1,27,chemotherapy,first_line,1,0.83
P01728,23,46,chemotherapy,first_line,2,0.93
P01728,43,66,chemotherapy,first_line,3,0.85
P01728,65,84,chemotherapy,first_line,4,0.89
P01728,93,107,chemotherapy,first_line,5,0.8
P01728,105,129,chemotherapy,first_line,6,0.83
P01728,141,153,chemotherapy,first_line,7,0.82
P01728,148,172,chemotherapy,first_line,8,0.85
P01728,170,177,chemotherapy,first_line,9,0.82
P01729,1,19,combination_therapy,first_line,1,0.94
P01729,24,45,combination_therapy,first_line,2,0.81
P01729,53,63,combination_therapy,first_line,3,0.92
P01729,73,80,combination_therapy,first_line,4,0.83
P01729,85,109,combination_therapy,first_line,5,0.99
P01729,108,116,combination_therapy,first_line,6,0.99
P01729,137,152,combination_therapy,first_line,7,0.85
P01729,152,169,combination_therapy,first_line,8,0.92
P01729,169,186,combination_therapy,first_line,9,0.81
P01730,5,24,chemotherapy,first_line,1,0.99
P01730,23,45,chemotherapy,first_line,2,0.9
P01730,42,63,chemotherapy,first_line,3,0.81
P01730,71,78,chemotherapy,first_line,4,0.87
P01730,87,111,chemotherapy,first_line,5,0.82
P01730,106,120,chemotherapy,first_line,6,0.88
P01730,126,152,chemotherapy,first_line,7,0.93
P01730,147,169,chemotherapy,first_line,8,0.89
P01731,2,26,targeted_therapy,first_line,1,0.88
P01731,24,48,targeted_therapy,first_line,2,0.82
P01731,43,56,targeted_therapy,first_line,3,0.85
P01731,64,89,targeted_therapy,first_line,4,0.82
P01731,85,110,targeted_therapy,first_line,5,0.96
P01731,112,125,targeted_therapy,first_line,6,0.83
P01731,141,148,targeted_therapy,first_line,7,0.92
P01731,148,166,targeted_therapy,first_line,8,0.87
P01731,171,180,targeted_therapy,first_line,9,0.85
P01732,7,20,combination_therapy,first_line,1,0.93
P01732,26,37,combination_therapy,first_line,2,0.89
P01732,43,69,combination_therapy,first_line,3,0.88
P01732,76,90,combination_therapy,first_line,4,0.92
P01732,87,110,combination_therapy,first_line,5,0.9
P01732,116,129,combination_therapy,first_line,6,0.86
P01732,140,147,combination_therapy,first_line,7,0.91
P01732,147,163,combination_therapy,first_line,8,0.93
P01732,170,181,combination_therapy,first_line,9,0.81
P01733,0,18,targeted_therapy,first_line,1,0.89
P01733,21,46,targeted_therapy,first_line,2,0.81
P01733,43,58,targeted_therapy,first_line,3,0.84
P01733,67,87,targeted_therapy,first_line,4,0.91
P01733,98,110,targeted_therapy,first_line,5,0.97
P01733,108,118,targeted_therapy,first_line,6,0.98
P01733,126,148,targeted_therapy,first_line,7,0.81
P01733,151,170,targeted_therapy,first_line,8,0.88
P01733,171,179,targeted_therapy,first_line,9,0.92
P01734,2,27,chemotherapy,first_line,1,0.83
P01734,36,47,chemotherapy,first_line,2,0.95
P01734,49,69,chemotherapy,first_line,3,0.95
P01734,68,75,chemotherapy,first_line,4,0.98
P01734,85,102,chemotherapy,first_line,5,0.8
P01734,106,130,chemotherapy,first_line,6,0.84
P01734,129,147,chemotherapy,first_line,7,0.97
P01734,151,173,chemotherapy,first_line,8,0.93
P01734,173,185,chemotherapy,first_line,9,0.98
P01735,4,25,immunotherapy,first_line,1,0.81
P01735,24,47,immunotherapy,first_line,2,0.92
P01735,47,54,immunotherapy,first_line,3,0.91
P01735,68,90,immunotherapy,first_line,4,0.81
P01735,93,105,immunotherapy,first_line,5,0.9
P01735,109,129,immunotherapy,first_line,6,0.92
P01735,127,150,immunotherapy,first_line,7,0.84
P01735,162,172,immunotherapy,first_line,8,0.85
P01735,173,182,immunotherapy,first_line,9,0.93
P01736,4,21,chemotherapy,first_line,1,0.89
P01736,27,47,chemotherapy,first_line,2,0.97
P01736,42,67,chemotherapy,first_line,3,0.87
P01736,79,86,chemotherapy,first_line,4,0.85
P01736,84,109,chemotherapy,first_line,5,1.0
P01736,108,124,chemotherapy,first_line,6,0.98
P01736,127,143,chemotherapy,first_line,7,0.81
P01736,156,168,chemotherapy,first_line,8,0.95
P01736,173,180,chemotherapy,first_line,9,0.82
P01737,5,13,combination_therapy,first_line,1,0.81
P01737,23,46,combination_therapy,first_line,2,0.85
P01737,52,67,combination_therapy,first_line,3,0.85
P01737,69,87,combination_therapy,first_line,4,0.96
P01737,84,110,combination_therapy,first_line,5,0.94
P01737,109,130,combination_therapy,first_line,6,1.0
P01737,126,152,combination_therapy,first_line,7,0.94
P01737,155,170,combination_therapy,first_line,8,0.88
P01737,175,182,combination_therapy,first_line,9,0.94
P01738,32,44,immunotherapy,first_line,2,1.0
P01738,47,69,immunotherapy,first_line,3,0.94
P01738,73,81,immunotherapy,first_line,4,0.95
P01738,84,97,immunotherapy,first_line,5,0.99
P01738,112,131,immunotherapy,first_line,6,0.82
P01738,138,153,immunotherapy,first_line,7,0.94
P01738,147,171,immunotherapy,first_line,8,0.97
P01738,170,186,immunotherapy,first_line,9,0.99
P01739,0,15,combination_therapy,first_line,1,0.84
P01739,22,48,combination_therapy,first_line,2,0.9
P01739,45,68,combination_therapy,first_line,3,0.94
P01739,63,88,combination_therapy,first_line,4,0.85
P01739,100,109,combination_therapy,first_line,5,0.92
P01739,111,132,combination_therapy,first_line,6,0.85
P01739,154,173,combination_therapy,first_line,8,0.87
P01739,175,182,combination_therapy,first_line,9,0.89
P01740,2,27,immunotherapy,first_line,1,0.91
P01740,22,45,immunotherapy,first_line,2,0.89
P01740,42,55,immunotherapy,first_line,3,0.9
P01740,64,86,immunotherapy,first_line,4,0.86
P01740,85,110,immunotherapy,first_line,5,0.83
P01740,107,131,immunotherapy,first_line,6,0.81
P01740,135,149,immunotherapy,first_line,7,0.84
P01740,155,162,immunotherapy,first_line,8,0.92
P01740,173,180,immunotherapy,first_line,9,0.96
P01741,2,20,targeted_therapy,first_line,1,0.83
P01741,26,33,targeted_therapy,first_line,2,0.82
P01741,52,65,targeted_therapy,first_line,3,0.95
P01741,63,87,targeted_therapy,first_line,4,0.86
P01741,85,111,targeted_therapy,first_line,5,0.99
P01741,120,131,targeted_therapy,first_line,6,0.94
P01741,132,149,targeted_therapy,first_line,7,0.87
P01741,149,169,targeted_therapy,first_line,8,0.86
P01741,168,175,targeted_therapy,first_line,9,0.9
P01742,0,24,targeted_therapy,first_line,1,0.82
P01742,38,45,targeted_therapy,first_line,2,0.82
P01742,49,63,targeted_therapy,first_line,3,0.84
P01742,67,90,targeted_therapy,first_line,4,0.95
P01742,84,110,targeted_therapy,first_line,5,0.9
P01742,122,131,targeted_therapy,first_line,6,0.8
P01742,127,143,targeted_therapy,first_line,7,0.93
P01742,147,169,targeted_therapy,first_line,8,0.88
P01742,168,184,targeted_therapy,first_line,9,0.9
P01743,2,22,targeted_therapy,first_line,1,0.84
P01743,21,45,targeted_therapy,first_line,2,0.91
P01743,50,57,targeted_therapy,first_line,3,1.0
P01743,65,90,targeted_therapy,first_line,4,0.81
P01743,84,110,targeted_therapy,first_line,5,0.86
P01743,106,128,targeted_therapy,first_line,6,0.85
P01743,135,146,targeted_therapy,first_line,7,0.85
P01743,148,173,targeted_therapy,first_line,8,0.88
P01743,171,179,targeted_therapy,first_line,9,0.96
P01744,8,18,chemotherapy,first_line,1,0.98
P01744,23,45,chemotherapy,first_line,2,0.84
P01744,45,68,chemotherapy,first_line,3,0.91
P01744,76,83,chemotherapy,first_line,4,0.93
P01744,84,96,chemotherapy,first_line,5,0.9
P01744,107,130,chemotherapy,first_line,6,0.89
P01744,127,147,chemotherapy,first_line,7,0.84
P01744,150,170,chemotherapy,first_line,8,0.9
P01745,3,19,targeted_therapy,first_line,1,0.88
P01745,27,44,targeted_therapy,first_line,2,0.96
P01745,48,68,targeted_therapy,first_line,3,0.95
P01745,73,80,targeted_therapy,first_line,4,0.83
P01745,89,111,targeted_therapy,first_line,5,0.82
P01745,106,127,targeted_therapy,first_line,6,0.98
P01745,127,149,targeted_therapy,first_line,7,0.91
P01745,152,166,targeted_therapy,first_line,8,0.97
P01745,171,186,targeted_therapy,first_line,9,0.81
P01746,0,19,chemotherapy,first_line,1,0.91
P01746,23,48,chemotherapy,first_line,2,0.91
P01746,49,66,chemotherapy,first_line,3,0.97
P01746,63,77,chemotherapy,first_line,4,0.82
P01746,99,106,chemotherapy,first_line,5,0.85
P01746,110,126,chemotherapy,first_line,6,0.88
P01746,127,140,chemotherapy,first_line,7,0.97
P01746,153,174,chemotherapy,first_line,8,0.99
P01746,173,183,chemotherapy,first_line,9,1.0
P01747,10,19,immunotherapy,first_line,1,0.99
P01747,22,46,immunotherapy,first_line,2,0.8
P01747,43,64,immunotherapy,first_line,3,0.81
P01747,64,89,immunotherapy,first_line,4,0.83
P01747,88,106,immunotherapy,first_line,5,0.87
P01747,105,128,immunotherapy,first_line,6,0.97
P01747,135,142,immunotherapy,first_line,7,0.98
P01747,149,171,immunotherapy,first_line,8,0.84
P01747,171,180,immunotherapy,first_line,9,0.92
P01748,2,26,combination_therapy,first_line,1,0.98
P01748,27,48,combination_therapy,first_line,2,0.89
P01748,43,62,combination_therapy,first_line,3,0.82
P01748,66,87,combination_therapy,first_line,4,0.89
P01748,84,108,combination_therapy,first_line,5,0.88
P01748,109,126,combination_therapy,first_line,6,0.92
P01748,129,151,combination_therapy,first_line,7,0.89
P01748,148,155,combination_therapy,first_line,8,0.8
P01748,171,182,combination_therapy,first_line,9,1.0
P01749,0,27,chemotherapy,first_line,1,0.91
P01749,22,46,chemotherapy,first_line,2,0.89
P01749,42,62,chemotherapy,first_line,3,0.99
P01749,69,83,chemotherapy,first_line,4,0.83
P01749,87,111,chemotherapy,first_line,5,0.84
P01749,116,130,chemotherapy,first_line,6,0.96
P01749,139,149,chemotherapy,first_line,7,0.85
P01749,151,164,chemotherapy,first_line,8,0.96
P01750,18,26,combination_therapy,first_line,1,0.85
P01750,24,42,combination_therapy,first_line,2,0.81
P01750,52,61,combination_therapy,first_line,3,0.9
P01750,77,84,combination_therapy,first_line,4,0.84
P01750,84,110,combination_therapy,first_line,5,0.95
P01750,109,132,combination_therapy,first_line,6,0.93
P01750,139,150,combination_therapy,first_line,7,0.98
P01750,153,170,combination_therapy,first_line,8,0.96
P01750,168,175,combination_therapy,first_line,9,0.84
P01751,3,27,immunotherapy,first_line,1,0.96
P01751,21,48,immunotherapy,first_line,2,0.93
P01751,64,81,immunotherapy,first_line,4,0.93
P01751,90,111,immunotherapy,first_line,5,0.97
P01751,120,127,immunotherapy,first_line,6,0.91
P01751,128,140,immunotherapy,first_line,7,0.89
P01751,149,160,immunotherapy,first_line,8,0.93
P01751,174,186,immunotherapy,first_line,9,0.86
P01752,13,25,targeted_therapy,first_line,1,0.84
P01752,21,37,targeted_therapy,first_line,2,0.92
P01752,52,68,targeted_therapy,first_line,3,0.85
P01752,63,77,targeted_therapy,first_line,4,0.82
P01752,90,111,targeted_therapy,first_line,5,0.8
P01752,106,116,targeted_therapy,first_line,6,0.92
P01752,129,150,targeted_therapy,first_line,7,0.87
P01752,159,171,targeted_therapy,first_line,8,0.95
P01752,171,178,targeted_therapy,first_line,9,0.88
P01753,13,26,combination_therapy,first_line,1,0.9
P01753,24,35,combination_therapy,first_line,2,0.88
P01753,48,67,combination_therapy,first_line,3,0.93
P01753,69,90,combination_therapy,first_line,4,0.87
P01753,98,105,combination_therapy,first_line,5,0.99
P01753,113,129,combination_therapy,first_line,6,0.99
P01753,131,147,combination_therapy,first_line,7,0.97
P01753,154,171,combination_therapy,first_line,8,0.98
P01753,169,177,combination_therapy,first_line,9,0.89
P01754,7,21,chemotherapy,first_line,1,0.91
P01754,23,33,chemotherapy,first_line,2,0.95
P01754,50,57,chemotherapy,first_line,3,0.94
P01754,69,85,chemotherapy,first_line,4,0.98
P01754,84,106,chemotherapy,first_line,5,0.94
P01754,106,132,chemotherapy,first_line,6,1.0
P01754,130,150,chemotherapy,first_line,7,0.87
P01754,155,172,chemotherapy,first_line,8,0.97
P01755,1,25,combination_therapy,first_line,1,0.94
P01755,22,45,combination_therapy,first_line,2,0.94
P01755,45,67,combination_therapy,first_line,3,0.87
P01755,65,88,combination_therapy,first_line,4,0.96
P01755,92,106,combination_therapy,first_line,5,0.98
P01755,109,122,combination_therapy,first_line,6,0.84
P01755,131,150,combination_therapy,first_line,7,0.93
P01755,149,168,combination_therapy,first_line,8,0.88
P01755,174,181,combination_therapy,first_line,9,1.0
P01756,4,21,immunotherapy,first_line,1,0.9
P01756,25,48,immunotherapy,first_line,2,0.85
P01756,42,60,immunotherapy,first_line,3,0.88
P01756,65,89,immunotherapy,first_line,4,0.93
P01756,90,108,immunotherapy,first_line,5,0.82
P01756,105,124,immunotherapy,first_line,6,0.92
P01756,129,151,immunotherapy,first_line,7,0.99
P01756,148,174,immunotherapy,first_line,8,0.97
P01757,3,24,chemotherapy,first_line,1,0.81
P01757,22,44,chemotherapy,first_line,2,1.0
P01757,47,66,chemotherapy,first_line,3,0.94
P01757,71,90,chemotherapy,first_line,4,0.83
P01757,101,109,chemotherapy,first_line,5,0.8
P01757,110,131,chemotherapy,first_line,6,0.83
P01757,131,151,chemotherapy,first_line,7,0.97
P01757,149,158,chemotherapy,first_line,8,0.8
P01757,168,184,chemotherapy,first_line,9,0.85
P01758,6,27,combination_therapy,first_line,1,0.95
P01758,22,44,combination_therapy,first_line,2,0.92
P01758,42,63,combination_therapy,first_line,3,0.96
P01758,63,86,combination_therapy,first_line,4,0.95
P01758,96,104,combination_therapy,first_line,5,0.81
P01758,112,129,combination_therapy,first_line,6,0.98
P01758,137,148,combination_therapy,first_line,7,0.85
P01758,161,173,combination_therapy,first_line,8,0.91
P01758,170,177,combination_therapy,first_line,9,0.93
P01759,8,27,immunotherapy,first_line,1,0.83
P01759,26,42,immunotherapy,first_line,2,1.0
P01759,45,58,immunotherapy,first_line,3,0.9
P01759,67,90,immunotherapy,first_line,4,0.81
P01759,89,110,immunotherapy,first_line,5,0.99
P01759,107,131,immunotherapy,first_line,6,0.92
P01759,130,141,immunotherapy,first_line,7,0.94
P01759,150,172,immunotherapy,first_line,8,0.91
P01759,170,181,immunotherapy,first_line,9,0.97
P01760,1,19,immunotherapy,first_line,1,0.81
P01760,21,43,immunotherapy,first_line,2,0.85
P01760,48,62,immunotherapy,first_line,3,0.89
P01760,72,89,immunotherapy,first_line,4,0.82
P01760,87,111,immunotherapy,first_line,5,0.94
P01760,119,126,immunotherapy,first_line,6,0.88
P01760,132,148,immunotherapy,first_line,7,0.85
P01760,148,174,immunotherapy,first_line,8,0.8
P01760,168,179,immunotherapy,first_line,9,0.94
P01761,5,26,chemotherapy,first_line,1,0.97
P01761,21,45,chemotherapy,first_line,2,0.88
P01761,50,65,chemotherapy,first_line,3,0.91
P01761,66,89,chemotherapy,first_line,4,0.85
P01761,84,93,chemotherapy,first_line,5,0.92
P01761,106,124,chemotherapy,first_line,6,0.8
P01761,131,146,chemotherapy,first_line,7,0.9
P01761,158,165,chemotherapy,first_line,8,0.93
P01761,172,182,chemotherapy,first_line,9,0.98
P01762,1,26,targeted_therapy,first_line,1,0.88
P01762,57,64,targeted_therapy,first_line,3,0.95
P01762,63,88,targeted_therapy,first_line,4,0.92
P01762,88,108,targeted_therapy,first_line,5,0.99
P01762,107,132,targeted_therapy,first_line,6,0.88
P01762,126,151,targeted_therapy,first_line,7,0.86
P01762,149,168,targeted_therapy,first_line,8,0.98
P01762,171,178,targeted_therapy,first_line,9,0.81
P01763,0,25,targeted_therapy,first_line,1,0.83
P01763,47,64,targeted_therapy,first_line,3,0.82
P01763,66,81,targeted_therapy,first_line,4,0.97
P01763,87,103,targeted_therapy,first_line,5,0.8
P01763,106,122,targeted_therapy,first_line,6,0.97
P01763,129,150,targeted_therapy,first_line,7,0.89
P01763,150,170,targeted_therapy,first_line,8,0.8
P01763,171,184,targeted_therapy,first_line,9,0.88
P01764,4,13,chemotherapy,first_line,1,0.84
P01764,26,38,chemotherapy,first_line,2,0.92
P01764,43,69,chemotherapy,first_line,3,0.94
P01764,63,87,chemotherapy,first_line,4,0.9
P01764,90,100,chemotherapy,first_line,5,0.81
P01764,105,127,chemotherapy,first_line,6,0.93
P01764,135,152,chemotherapy,first_line,7,0.97
P01764,153,170,chemotherapy,first_line,8,0.94
P01764,172,179,chemotherapy,first_line,9,0.97
P01765,1,19,targeted_therapy,first_line,1,0.84
P01765,24,33,targeted_therapy,first_line,2,0.98
P01765,45,52,targeted_therapy,first_line,3,0.86
P01765,63,80,targeted_therapy,first_line,4,0.8
P01765,93,106,targeted_therapy,first_line,5,0.97
P01765,106,129,targeted_therapy,first_line,6,0.99
P01765,127,149,targeted_therapy,first_line,7,0.93
P01765,153,162,targeted_therapy,first_line,8,0.85
P01765,179,186,targeted_therapy,first_line,9,0.85
P01766,13,20,chemotherapy,first_line,1,0.89
P01766,36,45,chemotherapy,first_line,2,0.98
P01766,42,65,chemotherapy,first_line,3,0.83
P01766,65,85,chemotherapy,first_line,4,0.97
P01766,107,132,chemotherapy,first_line,6,0.86
P01766,128,152,chemotherapy,first_line,7,0.96
P01766,158,174,chemotherapy,first_line,8,0.98
P01767,2,18,chemotherapy,first_line,1,0.89
P01767,22,46,chemotherapy,first_line,2,0.87
P01767,43,69,chemotherapy,first_line,3,0.96
P01767,68,89,chemotherapy,first_line,4,0.91
P01767,87,107,chemotherapy,first_line,5,0.94
P01767,105,113,chemotherapy,first_line,6,0.92
P01767,136,152,chemotherapy,first_line,7,0.83
P01767,162,169,chemotherapy,first_line,8,0.97
P01767,174,184,chemotherapy,first_line,9,0.84
P01768,11,18,chemotherapy,first_line,1,0.99
P01768,24,48,chemotherapy,first_line,2,0.85
P01768,45,68,chemotherapy,first_line,3,0.95
P01768,64,89,chemotherapy,first_line,4,0.86
P01768,85,111,chemotherapy,first_line,5,0.86
P01768,116,132,chemotherapy,first_line,6,0.86
P01768,132,151,chemotherapy,first_line,7,0.95
P01768,150,168,chemotherapy,first_line,8,0.91
P01768,169,183,chemotherapy,first_line,9,0.98
P01769,10,21,chemotherapy,first_line,1,0.86
P01769,30,37,chemotherapy,first_line,2,0.94
P01769,48,66,chemotherapy,first_line,3,0.95
P01769,80,87,chemotherapy,first_line,4,0.83
P01769,85,106,chemotherapy,first_line,5,0.88
P01769,117,132,chemotherapy,first_line,6,0.9
P01769,126,146,chemotherapy,first_line,7,0.87
P01769,151,169,chemotherapy,first_line,8,0.86
P01769,175,182,chemotherapy,first_line,9,0.94
P01770,7,14,chemotherapy,first_line,1,0.84
P01770,34,48,chemotherapy,first_line,2,0.94
P01770,42,62,chemotherapy,first_line,3,0.99
P01770,66,83,chemotherapy,first_line,4,0.91
P01770,84,106,chemotherapy,first_line,5,0.92
P01770,117,124,chemotherapy,first_line,6,0.81
P01770,126,151,chemotherapy,first_line,7,0.97
P01770,147,173,chemotherapy,first_line,8,0.86
P01770,171,182,chemotherapy,first_line,9,0.92
P01771,9,20,chemotherapy,first_line,1,1.0
P01771,34,48,chemotherapy,first_line,2,0.92
P01771,42,64,chemotherapy,first_line,3,0.94
P01771,68,78,chemotherapy,first_line,4,0.89
P01771,93,100,chemotherapy,first_line,5,0.81
P01771,110,129,chemotherapy,first_line,6,0.96
P01771,127,150,chemotherapy,first_line,7,0.81
P01771,148,170,chemotherapy,first_line,8,0.94
P01771,173,184,chemotherapy,first_line,9,0.8
P01772,0,27,combination_therapy,first_line,1,0.97
P01772,47,66,combination_therapy,first_line,3,0.83
P01772,65,90,combination_therapy,first_line,4,0.9
P01772,84,108,combination_therapy,first_line,5,0.92
P01772,106,123,combination_therapy,first_line,6,0.89
P01772,126,152,combination_therapy,first_line,7,0.87
P01772,153,173,combination_therapy,first_line,8,0.89
P01772,176,183,combination_therapy,first_line,9,0.86
P01773,3,19,immunotherapy,first_line,1,0.89
P01773,22,33,immunotherapy,first_line,2,0.87
P01773,51,60,immunotherapy,first_line,3,0.91
P01773,67,90,immunotherapy,first_line,4,0.85
P01773,86,110,immunotherapy,first_line,5,1.0
P01773,108,116,immunotherapy,first_line,6,0.9
P01773,130,150,immunotherapy,first_line,7,0.84
P01773,155,168,immunotherapy,first_line,8,0.9
P01774,5,14,targeted_therapy,first_line,1,0.97
P01774,23,45,targeted_therapy,first_line,2,0.8
P01774,49,68,targeted_therapy,first_line,3,0.94
P01774,71,86,targeted_therapy,first_line,4,0.91
P01774,92,101,targeted_therapy,first_line,5,0.83
P01774,112,127,targeted_therapy,first_line,6,0.96
P01774,131,152,targeted_therapy,first_line,7,0.87
P01774,159,174,targeted_therapy,first_line,8,0.86
P01774,170,186,targeted_therapy,first_line,9,0.97
P01775,0,26,targeted_therapy,first_line,1,0.93
P01775,27,40,targeted_therapy,first_line,2,0.98
P01775,58,65,targeted_therapy,first_line,3,0.93
P01775,69,76,targeted_therapy,first_line,4,0.95
P01775,89,101,targeted_therapy,first_line,5,0.97
P01775,105,131,targeted_therapy,first_line,6,0.81
P01775,129,151,targeted_therapy,first_line,7,0.96
P01775,148,165,targeted_therapy,first_line,8,0.92
P01775,173,182,targeted_therapy,first_line,9,0.81
P01776,0,27,targeted_therapy,first_line,1,0.9
P01776,22,46,targeted_therapy,first_line,2,0.82
P01776,47,64,targeted_therapy,first_line,3,0.95
P01776,64,87,targeted_therapy,first_line,4,0.91
P01776,90,103,targeted_therapy,first_line,5,0.99
P01776,125,132,targeted_therapy,first_line,6,0.84
P01776,129,151,targeted_therapy,first_line,7,0.92
P01776,153,165,targeted_therapy,first_line,8,0.84
P01776,172,183,targeted_therapy,first_line,9,0.92
P01777,2,27,chemotherapy,first_line,1,0.94
P01777,21,47,chemotherapy,first_line,2,0.94
P01777,43,67,chemotherapy,first_line,3,0.96
P01777,66,86,chemotherapy,first_line,4,0.97
P01777,86,104,chemotherapy,first_line,5,0.82
P01777,109,130,chemotherapy,first_line,6,0.87
P01777,131,151,chemotherapy,first_line,7,0.94
P01777,154,174,chemotherapy,first_line,8,0.9
P01777,178,185,chemotherapy,first_line,9,0.84
P01778,5,23,targeted_therapy,first_line,1,0.91
P01778,32,48,targeted_therapy,first_line,2,0.88
P01778,45,52,targeted_therapy,first_line,3,0.88
P01778,63,90,targeted_therapy,first_line,4,0.96
P01778,84,108,targeted_therapy,first_line,5,0.88
P01778,105,132,targeted_therapy,first_line,6,0.81
P01778,138,147,targeted_therapy,first_line,7,0.81
P01778,147,174,targeted_therapy,first_line,8,0.97
P01778,172,182,targeted_therapy,first_line,9,0.99
P01779,3,25,immunotherapy,first_line,1,0.94
P01779,23,43,immunotherapy,first_line,2,0.87
P01779,46,68,immunotherapy,first_line,3,0.99
P01779,63,86,immunotherapy,first_line,4,0.93
P01779,114,127,immunotherapy,first_line,6,0.97
P01779,127,152,immunotherapy,first_line,7,0.95
P01779,149,164,immunotherapy,first_line,8,0.88
P01779,171,180,immunotherapy,first_line,9,0.9
P01780,16,23,combination_therapy,first_line,1,0.84
P01780,22,48,combination_therapy,first_line,2,0.86
P01780,60,67,combination_therapy,first_line,3,0.96
P01780,71,84,combination_therapy,first_line,4,0.98
P01780,98,107,combination_therapy,first_line,5,0.94
P01780,108,124,combination_therapy,first_line,6,0.89
P01780,126,151,combination_therapy,first_line,7,0.82
P01780,162,169,combination_therapy,first_line,8,0.81
P01780,169,183,combination_therapy,first_line,9,0.87
P01781,0,27,chemotherapy,first_line,1,0.89
P01781,52,64,chemotherapy,first_line,3,0.92
P01781,63,88,chemotherapy,first_line,4,0.8
P01781,84,97,chemotherapy,first_line,5,1.0
P01781,106,126,chemotherapy,first_line,6,0.87
P01781,129,149,chemotherapy,first_line,7,0.97
P01781,148,174,chemotherapy,first_line,8,0.91
P01781,169,185,chemotherapy,first_line,9,0.83
P01782,2,27,targeted_therapy,first_line,1,0.96
P01782,21,46,targeted_therapy,first_line,2,0.94
P01782,53,68,targeted_therapy,first_line,3,0.91
P01782,70,87,targeted_therapy,first_line,4,0.9
P01782,91,98,targeted_therapy,first_line,5,0.82
P01782,109,121,targeted_therapy,first_line,6,0.93
P01782,130,146,targeted_therapy,first_line,7,0.98
P01782,149,167,targeted_therapy,first_line,8,0.82
P01782,171,186,targeted_therapy,first_line,9,0.85
P01783,4,26,immunotherapy,first_line,1,0.98
P01783,22,36,immunotherapy,first_line,2,0.86
P01783,52,65,immunotherapy,first_line,3,0.93
P01783,69,87,immunotherapy,first_line,4,0.91
P01783,89,110,immunotherapy,first_line,5,0.92
P01783,105,128,immunotherapy,first_line,6,0.88
P01783,133,152,immunotherapy,first_line,7,0.86
P01783,162,169,immunotherapy,first_line,8,0.81
P01783,170,186,immunotherapy,first_line,9,0.95
P01784,5,27,targeted_therapy,first_line,1,0.95
P01784,24,34,targeted_therapy,first_line,2,0.93
P01784,52,65,targeted_therapy,first_line,3,0.93
P01784,67,88,targeted_therapy,first_line,4,0.85
P01784,90,102,targeted_therapy,first_line,5,0.8
P01784,132,152,targeted_therapy,first_line,7,0.96
P01784,159,167,targeted_therapy,first_line,8,0.9
P01784,174,183,targeted_therapy,first_line,9,0.86
P01785,7,20,chemotherapy,first_line,1,0.82
P01785,21,46,chemotherapy,first_line,2,0.81
P01785,43,57,chemotherapy,first_line,3,0.87
P01785,66,83,chemotherapy,first_line,4,0.96
P01785,98,109,chemotherapy,first_line,5,0.98
P01785,121,131,chemotherapy,first_line,6,0.98
P01785,126,147,chemotherapy,first_line,7,0.98
P01785,147,163,chemotherapy,first_line,8,0.98
P01786,3,27,immunotherapy,first_line,1,0.91
P01786,34,48,immunotherapy,first_line,2,0.84
P01786,44,54,immunotherapy,first_line,3,0.96
P01786,63,79,immunotherapy,first_line,4,0.84
P01786,93,111,immunotherapy,first_line,5,0.85
P01786,107,128,immunotherapy,first_line,6,0.85
P01786,129,153,immunotherapy,first_line,7,0.9
P01786,147,172,immunotherapy,first_line,8,0.86
P01787,2,25,combination_therapy,first_line,1,0.83
P01787,27,35,combination_therapy,first_line,2,0.89
P01787,51,67,combination_therapy,first_line,3,0.97
P01787,66,90,combination_therapy,first_line,4,0.91
P01787,94,111,combination_therapy,first_line,5,0.98
P01787,108,119,combination_therapy,first_line,6,0.84
P01787,126,152,combination_therapy,first_line,7,0.83
P01787,148,155,combination_therapy,first_line,8,0.92
P01787,171,178,combination_therapy,first_line,9,0.89
P01788,15,25,immunotherapy,first_line,1,0.93
P01788,21,48,immunotherapy,first_line,2,0.96
P01788,45,61,immunotherapy,first_line,3,0.95
P01788,63,90,immunotherapy,first_line,4,0.99
P01788,89,107,immunotherapy,first_line,5,0.88
P01788,123,130,immunotherapy,first_line,6,0.84
P01788,139,149,immunotherapy,first_line,7,0.91
P01788,150,157,immunotherapy,first_line,8,0.82
P01788,168,182,immunotherapy,first_line,9,0.86
P01789,4,25,combination_therapy,first_line,1,0.84
P01789,21,48,combination_therapy,first_line,2,0.88
P01789,50,66,combination_therapy,first_line,3,0.82
P01789,64,79,combination_therapy,first_line,4,0.81
P01789,84,106,combination_therapy,first_line,5,0.93
P01789,107,124,combination_therapy,first_line,6,0.92
P01789,134,145,combination_therapy,first_line,7,0.94
P01789,149,168,combination_therapy,first_line,8,0.93
P01789,168,181,combination_therapy,first_line,9,0.82
P01790,5,25,chemotherapy,first_line,1,0.86
P01790,22,47,chemotherapy,first_line,2,0.83
P01790,44,68,chemotherapy,first_line,3,0.97
P01790,67,90,chemotherapy,first_line,4,0.95
P01790,84,106,chemotherapy,first_line,5,0.84
P01790,116,131,chemotherapy,first_line,6,0.87
P01790,130,140,chemotherapy,first_line,7,0.99
P01790,149,174,chemotherapy,first_line,8,0.92
P01790,168,178,chemotherapy,first_line,9,0.96
P01791,0,20,combination_therapy,first_line,1,0.85
P01791,30,48,combination_therapy,first_line,2,0.84
P01791,44,63,combination_therapy,first_line,3,0.96
P01791,64,82,combination_therapy,first_line,4,0.94
P01791,87,106,combination_therapy,first_line,5,0.94
P01791,105,127,combination_therapy,first_line,6,0.91
P01791,134,151,combination_therapy,first_line,7,0.91
P01791,150,166,combination_therapy,first_line,8,0.95
P01791,172,186,combination_therapy,first_line,9,0.85
P01792,7,25,combination_therapy,first_line,1,0.87
P01792,28,48,combination_therapy,first_line,2,0.97
P01792,43,62,combination_therapy,first_line,3,0.86
P01792,65,90,combination_therapy,first_line,4,0.91
P01792,93,106,combination_therapy,first_line,5,0.94
P01792,120,127,combination_therapy,first_line,6,1.0
P01792,128,153,combination_therapy,first_line,7,0.89
P01792,151,161,combination_therapy,first_line,8,0.89
P01792,173,186,combination_therapy,first_line,9,0.97
P01793,1,25,immunotherapy,first_line,1,0.96
P01793,23,47,immunotherapy,first_line,2,0.95
P01793,55,62,immunotherapy,first_line,3,0.89
P01793,66,77,immunotherapy,first_line,4,0.86
P01793,98,111,immunotherapy,first_line,5,0.92
P01793,105,129,immunotherapy,first_line,6,0.98
P01793,133,149,immunotherapy,first_line,7,0.98
P01793,155,171,immunotherapy,first_line,8,0.82
P01793,175,186,immunotherapy,first_line,9,0.89
P01794,0,20,combination_therapy,first_line,1,0.89
P01794,23,47,combination_therapy,first_line,2,1.0
P01794,47,62,combination_therapy,first_line,3,0.94
P01794,64,88,combination_therapy,first_line,4,0.88
P01794,84,106,combination_therapy,first_line,5,0.81
P01794,105,116,combination_therapy,first_line,6,0.91
P01794,126,143,combination_therapy,first_line,7,0.82
P01794,149,163,combination_therapy,first_line,8,0.97
P01794,175,183,combination_therapy,first_line,9,0.95
P01795,1,23,combination_therapy,first_line,1,0.89
P01795,43,61,combination_therapy,first_line,3,0.89
P01795,65,89,combination_therapy,first_line,4,0.98
P01795,102,109,combination_therapy,first_line,5,0.86
P01795,106,132,combination_therapy,first_line,6,0.85
P01795,129,138,combination_therapy,first_line,7,0.99
P01795,158,170,combination_therapy,first_line,8,0.96
P01795,169,182,combination_therapy,first_line,9,0.96
P01796,1,23,immunotherapy,first_line,1,0.84
P01796,28,35,immunotherapy,first_line,2,0.83
P01796,57,64,immunotherapy,first_line,3,0.81
P01796,64,87,immunotherapy,first_line,4,0.85
P01796,84,109,immunotherapy,first_line,5,0.95
P01796,106,132,immunotherapy,first_line,6,0.85
P01796,129,136,immunotherapy,first_line,7,0.95
P01796,147,174,immunotherapy,first_line,8,0.85
P01796,169,180,immunotherapy,first_line,9,0.88
P01797,0,26,combination_therapy,first_line,1,1.0
P01797,21,41,combination_therapy,first_line,2,0.85
P01797,43,65,combination_therapy,first_line,3,0.88
P01797,64,85,combination_therapy,first_line,4,0.86
P01797,89,110,combination_therapy,first_line,5,0.82
P01797,117,130,combination_therapy,first_line,6,0.9
P01797,129,151,combination_therapy,first_line,7,0.88
P01797,172,183,combination_therapy,first_line,9,0.94
P01798,2,25,targeted_therapy,first_line,1,0.96
P01798,34,41,targeted_therapy,first_line,2,0.91
P01798,47,61,targeted_therapy,first_line,3,0.81
P01798,84,98,targeted_therapy,first_line,5,0.92
P01798,107,129,targeted_therapy,first_line,6,0.81
P01798,136,152,targeted_therapy,first_line,7,0.92
P01798,153,163,targeted_therapy,first_line,8,0.94
P01798,172,186,targeted_therapy,first_line,9,0.84
P01799,2,24,chemotherapy,first_line,1,0.96
P01799,23,48,chemotherapy,first_line,2,0.98
P01799,44,69,chemotherapy,first_line,3,0.96
P01799,65,85,chemotherapy,first_line,4,0.86
P01799,93,110,chemotherapy,first_line,5,0.92
P01799,107,126,chemotherapy,first_line,6,0.98
P01799,130,150,chemotherapy,first_line,7,0.86
P01799,152,160,chemotherapy,first_line,8,0.96
P01799,168,183,chemotherapy,first_line,9,0.8
P01800,0,19,immunotherapy,first_line,1,0.8
P01800,29,48,immunotherapy,first_line,2,0.95
P01800,51,67,immunotherapy,first_line,3,0.95
P01800,65,84,immunotherapy,first_line,4,0.96
P01800,93,101,immunotherapy,first_line,5,0.99
P01800,120,128,immunotherapy,first_line,6,0.82
P01800,127,150,immunotherapy,first_line,7,0.85
P01800,167,174,immunotherapy,first_line,8,0.98
P01800,172,184,immunotherapy,first_line,9,0.84
P01801,17,24,targeted_therapy,first_line,1,0.94
P01801,21,48,targeted_therapy,first_line,2,0.91
P01801,49,67,targeted_therapy,first_line,3,0.82
P01801,76,83,targeted_therapy,first_line,4,0.86
P01801,94,109,targeted_therapy,first_line,5,0.9
P01801,105,129,targeted_therapy,first_line,6,0.97
P01801,126,152,targeted_therapy,first_line,7,0.94
P01801,148,172,targeted_therapy,first_line,8,0.92
P01801,170,177,targeted_therapy,first_line,9,0.9
P01802,7,17,targeted_therapy,first_line,1,0.86
P01802,37,46,targeted_therapy,first_line,2,0.82
P01802,49,62,targeted_therapy,first_line,3,0.88
P01802,68,83,targeted_therapy,first_line,4,0.81
P01802,85,107,targeted_therapy,first_line,5,0.84
P01802,109,129,targeted_therapy,first_line,6,0.89
P01802,128,151,targeted_therapy,first_line,7,0.88
P01802,147,162,targeted_therapy,first_line,8,0.81
P01802,170,180,targeted_therapy,first_line,9,0.92
P01803,3,20,combination_therapy,first_line,1,0.91
P01803,21,46,combination_therapy,first_line,2,0.82
P01803,42,68,combination_therapy,first_line,3,0.99
P01803,64,83,combination_therapy,first_line,4,0.82
P01803,88,108,combination_therapy,first_line,5,0.97
P01803,114,132,combination_therapy,first_line,6,0.8
P01803,132,139,combination_therapy,first_line,7,0.98
P01803,156,173,combination_therapy,first_line,8,0.8
P01803,170,185,combination_therapy,first_line,9,0.95
P01804,0,21,targeted_therapy,first_line,1,0.87
P01804,23,47,targeted_therapy,first_line,2,0.95
P01804,51,67,targeted_therapy,first_line,3,0.88
P01804,66,83,targeted_therapy,first_line,4,0.81
P01804,90,97,targeted_therapy,first_line,5,0.95
P01804,110,130,targeted_therapy,first_line,6,0.81
P01804,131,149,targeted_therapy,first_line,7,0.98
P01804,147,154,targeted_therapy,first_line,8,0.81
P01804,175,184,targeted_therapy,first_line,9,0.9
P01805,3,26,targeted_therapy,first_line,1,0.94
P01805,28,44,targeted_therapy,first_line,2,0.88
P01805,45,69,targeted_therapy,first_line,3,0.84
P01805,68,87,targeted_therapy,first_line,4,0.95
P01805,91,110,targeted_therapy,first_line,5,0.96
P01805,110,131,targeted_therapy,first_line,6,0.98
P01805,128,153,targeted_therapy,first_line,7,0.88
P01805,149,168,targeted_therapy,first_line,8,0.9
P01805,177,184,targeted_therapy,first_line,9,0.87
P01806,1,21,chemotherapy,first_line,1,0.85
P01806,37,47,chemotherapy,first_line,2,0.95
P01806,43,61,chemotherapy,first_line,3,0.87
P01806,74,83,chemotherapy,first_line,4,0.89
P01806,86,104,chemotherapy,first_line,5,0.88
P01806,114,128,chemotherapy,first_line,6,0.94
P01806,141,153,chemotherapy,first_line,7,0.98
P01806,152,172,chemotherapy,first_line,8,0.93
P01806,168,184,chemotherapy,first_line,9,0.89
P01807,6,25,chemotherapy,first_line,1,0.96
P01807,26,38,chemotherapy,first_line,2,0.93
P01807,59,66,chemotherapy,first_line,3,0.81
P01807,66,84,chemotherapy,first_line,4,0.82
P01807,92,106,chemotherapy,first_line,5,0.81
P01807,108,130,chemotherapy,first_line,6,0.89
P01807,126,150,chemotherapy,first_line,7,0.97
P01807,147,173,chemotherapy,first_line,8,0.86
P01808,9,25,immunotherapy,first_line,1,0.88
P01808,27,34,immunotherapy,first_line,2,0.98
P01808,44,69,immunotherapy,first_line,3,0.97
P01808,69,76,immunotherapy,first_line,4,0.93
P01808,87,111,immunotherapy,first_line,5,0.85
P01808,110,127,immunotherapy,first_line,6,0.82
P01808,140,152,immunotherapy,first_line,7,0.8
P01808,151,166,immunotherapy,first_line,8,0.82
P01808,168,181,immunotherapy,first_line,9,0.86
P01809,3,10,combination_therapy,first_line,1,0.91
P01809,21,46,combination_therapy,first_line,2,0.81
P01809,44,68,combination_therapy,first_line,3,0.83
P01809,63,83,combination_therapy,first_line,4,0.84
P01809,88,97,combination_therapy,first_line,5,0.93
P01809,106,132,combination_therapy,first_line,6,0.92
P01809,129,145,combination_therapy,first_line,7,0.91
P01809,158,173,combination_therapy,first_line,8,0.85
P01809,178,185,combination_therapy,first_line,9,0.87
P01810,16,26,targeted_therapy,first_line,1,0.82
P01810,21,45,targeted_therapy,first_line,2,0.85
P01810,46,69,targeted_therapy,first_line,3,0.98
P01810,63,83,targeted_therapy,first_line,4,1.0
P01810,90,97,targeted_therapy,first_line,5,0.93
P01810,106,114,targeted_therapy,first_line,6,0.98
P01810,126,152,targeted_therapy,first_line,7,0.93
P01810,149,170,targeted_therapy,first_line,8,0.81
P01810,171,178,targeted_therapy,first_line,9,1.0
P01811,6,23,chemotherapy,first_line,1,0.82
P01811,23,48,chemotherapy,first_line,2,0.94
P01811,45,66,chemotherapy,first_line,3,0.85
P01811,69,90,chemotherapy,first_line,4,0.88
P01811,97,104,chemotherapy,first_line,5,0.93
P01811,105,125,chemotherapy,first_line,6,0.89
P01811,139,153,chemotherapy,first_line,7,0.85
P01811,163,170,chemotherapy,first_line,8,0.87
P01811,175,186,chemotherapy,first_line,9,0.87
P01812,1,25,immunotherapy,first_line,1,0.99
P01812,25,48,immunotherapy,first_line,2,0.96
P01812,42,61,immunotherapy,first_line,3,0.89
P01812,64,90,immunotherapy,first_line,4,0.84
P01812,94,107,immunotherapy,first_line,5,0.96
P01812,106,132,immunotherapy,first_line,6,0.83
P01812,126,147,immunotherapy,first_line,7,0.84
P01812,162,173,immunotherapy,first_line,8,0.87
P01812,179,186,immunotherapy,first_line,9,0.98
P01813,7,15,combination_therapy,first_line,1,0.83
P01813,26,41,combination_therapy,first_line,2,0.82
P01813,61,69,combination_therapy,first_line,3,0.9
P01813,63,89,combination_therapy,first_line,4,0.86
P01813,85,107,combination_therapy,first_line,5,0.91
P01813,109,132,combination_therapy,first_line,6,0.89
P01813,127,148,combination_therapy,first_line,7,0.89
P01813,152,171,combination_therapy,first_line,8,0.82
P01813,169,185,combination_therapy,first_line,9,0.83
P01814,10,21,targeted_therapy,first_line,1,0.96
P01814,30,48,targeted_therapy,first_line,2,0.98
P01814,44,69,targeted_therapy,first_line,3,0.85
P01814,65,86,targeted_therapy,first_line,4,0.82
P01814,88,111,targeted_therapy,first_line,5,0.81
P01814,105,119,targeted_therapy,first_line,6,0.92
P01814,135,149,targeted_therapy,first_line,7,0.94
P01814,154,171,targeted_therapy,first_line,8,0.87
P01814,172,183,targeted_therapy,first_line,9,0.94
P01815,7,18,combination_therapy,first_line,1,0.94
P01815,23,47,combination_therapy,first_line,2,0.99
P01815,42,69,combination_therapy,first_line,3,0.81
P01815,66,87,combination_therapy,first_line,4,0.84
P01815,86,110,combination_therapy,first_line,5,0.81
P01815,108,131,combination_therapy,first_line,6,0.97
P01815,128,144,combination_therapy,first_line,7,0.96
P01815,147,167,combination_therapy,first_line,8,0.91
P01815,168,186,combination_therapy,first_line,9,0.82
P01816,14,25,targeted_therapy,first_line,1,0.85
P01816,21,43,targeted_therapy,first_line,2,0.86
P01816,57,64,targeted_therapy,first_line,3,0.91
P01816,65,85,targeted_therapy,first_line,4,0.85
P01816,85,104,targeted_therapy,first_line,5,0.81
P01816,105,123,targeted_therapy,first_line,6,0.95
P01816,126,151,targeted_therapy,first_line,7,0.86
P01816,150,174,targeted_therapy,first_line,8,0.89
P01816,170,177,targeted_therapy,first_line,9,0.83
P01817,12,19,combination_therapy,first_line,1,0.96
P01817,31,38,combination_therapy,first_line,2,0.91
P01817,46,65,combination_therapy,first_line,3,0.98
P01817,68,88,combination_therapy,first_line,4,0.9
P01817,85,111,combination_therapy,first_line,5,0.99
P01817,107,130,combination_therapy,first_line,6,0.98
P01817,131,144,combination_therapy,first_line,7,0.92
P01817,147,168,combination_therapy,first_line,8,0.99
P01817,178,185,combination_therapy,first_line,9,0.86
P01818,10,27,chemotherapy,first_line,1,0.87
P01818,29,43,chemotherapy,first_line,2,0.81
P01818,42,64,chemotherapy,first_line,3,0.92
P01818,71,89,chemotherapy,first_line,4,0.94
P01818,87,103,chemotherapy,first_line,5,0.95
P01818,115,125,chemotherapy,first_line,6,0.83
P01818,127,151,chemotherapy,first_line,7,0.89
P01818,148,163,chemotherapy,first_line,8,0.84
P01818,171,178,chemotherapy,first_line,9,0.93
P01819,6,13,combination_therapy,first_line,1,0.83
P01819,23,37,combination_therapy,first_line,2,0.98
P01819,58,68,combination_therapy,first_line,3,0.85
P01819,70,86,combination_therapy,first_line,4,0.86
P01819,89,105,combination_therapy,first_line,5,0.97
P01819,108,132,combination_therapy,first_line,6,0.89
P01819,133,152,combination_therapy,first_line,7,0.8
P01819,154,174,combination_therapy,first_line,8,0.9
P01819,173,185,combination_therapy,first_line,9,0.82
P01820,2,27,targeted_therapy,first_line,1,1.0
P01820,27,41,targeted_therapy,first_line,2,0.92
P01820,43,50,targeted_therapy,first_line,3,0.85
P01820,68,75,targeted_therapy,first_line,4,0.91
P01820,84,108,targeted_therapy,first_line,5,0.82
P01820,105,126,targeted_therapy,first_line,6,0.96
P01820,137,144,targeted_therapy,first_line,7,0.99
P01820,147,172,targeted_therapy,first_line,8,0.97
P01820,170,181,targeted_therapy,first_line,9,0.87
P01821,3,27,targeted_therapy,first_line,1,0.87
P01821,21,44,targeted_therapy,first_line,2,0.81
P01821,46,67,targeted_therapy,first_line,3,0.93
P01821,77,84,targeted_therapy,first_line,4,0.91
P01821,86,108,targeted_therapy,first_line,5,0.89
P01821,111,127,targeted_therapy,first_line,6,0.98
P01821,129,145,targeted_therapy,first_line,7,0.83
P01821,150,170,targeted_therapy,first_line,8,0.8
P01821,168,181,targeted_therapy,first_line,9,0.81
P01822,7,25,combination_therapy,first_line,1,0.84
P01822,28,43,combination_therapy,first_line,2,0.81
P01822,45,65,combination_therapy,first_line,3,0.9
P01822,68,86,combination_therapy,first_line,4,0.86
P01822,87,110,combination_therapy,first_line,5,0.84
P01822,112,128,combination_therapy,first_line,6,0.95
P01822,133,148,combination_therapy,first_line,7,0.84
P01822,148,174,combination_therapy,first_line,8,0.94
P01822,170,179,combination_therapy,first_line,9,0.87
P01823,0,23,combination_therapy,first_line,1,0.9
P01823,37,44,combination_therapy,first_line,2,0.99
P01823,53,63,combination_therapy,first_line,3,0.81
P01823,65,90,combination_therapy,first_line,4,0.9
P01823,85,107,combination_therapy,first_line,5,0.97
P01823,105,117,combination_therapy,first_line,6,0.92
P01823,126,153,combination_therapy,first_line,7,0.86
P01823,147,168,combination_therapy,first_line,8,0.88
P01823,168,185,combination_therapy,first_line,9,0.94
P01824,0,13,immunotherapy,first_line,1,0.98
P01824,26,46,immunotherapy,first_line,2,0.81
P01824,58,65,immunotherapy,first_line,3,0.81
P01824,80,87,immunotherapy,first_line,4,0.87
P01824,89,106,immunotherapy,first_line,5,0.85
P01824,108,118,immunotherapy,first_line,6,0.85
P01824,127,137,immunotherapy,first_line,7,0.84
P01824,152,173,immunotherapy,first_line,8,0.84
P01824,171,186,immunotherapy,first_line,9,0.83
P01825,13,25,immunotherapy,first_line,1,0.99
P01825,34,45,immunotherapy,first_line,2,0.83
P01825,50,60,immunotherapy,first_line,3,0.84
P01825,64,89,immunotherapy,first_line,4,0.85
P01825,93,107,immunotherapy,first_line,5,0.99
P01825,111,127,immunotherapy,first_line,6,0.95
P01825,126,153,immunotherapy,first_line,7,0.96
P01825,154,169,immunotherapy,first_line,8,0.82
P01825,169,185,immunotherapy,first_line,9,0.97
P01826,5,25,combination_therapy,first_line,1,0.88
P01826,28,35,combination_therapy,first_line,2,0.85
P01826,44,68,combination_therapy,first_line,3,0.92
P01826,66,86,combination_therapy,first_line,4,0.96
P01826,89,109,combination_therapy,first_line,5,0.96
P01826,111,128,combination_therapy,first_line,6,0.98
P01826,130,149,combination_therapy,first_line,7,0.99
P01826,149,173,combination_therapy,first_line,8,0.85
P01826,168,185,combination_therapy,first_line,9,0.88
P01827,11,25,targeted_therapy,first_line,1,0.8
P01827,28,47,targeted_therapy,first_line,2,0.98
P01827,46,55,targeted_therapy,first_line,3,0.83
P01827,69,87,targeted_therapy,first_line,4,0.97
P01827,84,111,targeted_therapy,first_line,5,0.87
P01827,106,131,targeted_therapy,first_line,6,0.87
P01827,130,138,targeted_therapy,first_line,7,0.81
P01827,152,171,targeted_therapy,first_line,8,0.87
P01827,172,179,targeted_therapy,first_line,9,0.98
P01828,3,25,targeted_therapy,first_line,1,0.81
P01828,22,40,targeted_therapy,first_line,2,0.88
P01828,46,65,targeted_therapy,first_line,3,0.81
P01828,63,70,targeted_therapy,first_line,4,0.87
P01828,88,98,targeted_therapy,first_line,5,0.83
P01828,107,125,targeted_therapy,first_line,6,0.85
P01828,141,148,targeted_therapy,first_line,7,0.98
P01828,149,173,targeted_therapy,first_line,8,0.89
P01828,170,177,targeted_therapy,first_line,9,0.85
P01829,1,23,targeted_therapy,first_line,1,0.92
P01829,22,41,targeted_therapy,first_line,2,0.83
P01829,52,69,targeted_therapy,first_line,3,0.85
P01829,63,82,targeted_therapy,first_line,4,0.91
P01829,84,105,targeted_therapy,first_line,5,0.85
P01829,105,116,targeted_therapy,first_line,6,0.94
P01829,128,135,targeted_therapy,first_line,7,0.9
P01829,152,172,targeted_therapy,first_line,8,0.95
P01829,172,184,targeted_therapy,first_line,9,0.99
P01830,0,25,combination_therapy,first_line,1,0.82
P01830,23,38,combination_therapy,first_line,2,0.87
P01830,55,66,combination_therapy,first_line,3,0.86
P01830,64,82,combination_therapy,first_line,4,0.83
P01830,85,111,combination_therapy,first_line,5,0.96
P01830,111,118,combination_therapy,first_line,6,0.95
P01830,127,152,combination_therapy,first_line,7,0.9
P01830,148,168,combination_therapy,first_line,8,0.91
P01830,173,180,combination_therapy,first_line,9,0.81
P01831,7,25,targeted_therapy,first_line,1,0.91
P01831,30,43,targeted_therapy,first_line,2,0.96
P01831,43,69,targeted_therapy,first_line,3,0.91
P01831,75,83,targeted_therapy,first_line,4,0.85
P01831,89,111,targeted_therapy,first_line,5,0.93
P01831,106,126,targeted_therapy,first_line,6,0.87
P01831,126,147,targeted_therapy,first_line,7,0.91
P01831,161,174,targeted_therapy,first_line,8,0.9
P01831,170,181,targeted_therapy,first_line,9,0.88
P01832,2,27,targeted_therapy,first_line,1,0.94
P01832,21,40,targeted_therapy,first_line,2,0.98
P01832,47,61,targeted_therapy,first_line,3,0.8
P01832,64,71,targeted_therapy,first_line,4,0.99
P01832,87,108,targeted_therapy,first_line,5,0.9
P01832,123,130,targeted_therapy,first_line,6,0.94
P01832,141,153,targeted_therapy,first_line,7,0.97
P01832,154,174,targeted_therapy,first_line,8,0.89
P01832,171,186,targeted_therapy,first_line,9,0.97
P01833,3,26,targeted_therapy,first_line,1,0.84
P01833,24,44,targeted_therapy,first_line,2,0.83
P01833,45,62,targeted_therapy,first_line,3,0.93
P01833,71,90,targeted_therapy,first_line,4,0.97
P01833,90,111,targeted_therapy,first_line,5,0.98
P01833,111,129,targeted_therapy,first_line,6,0.93
P01833,133,152,targeted_therapy,first_line,7,0.91
P01833,158,168,targeted_therapy,first_line,8,0.87
P01833,176,183,targeted_therapy,first_line,9,1.0
P01834,3,20,combination_therapy,first_line,1,0.86
P01834,21,47,combination_therapy,first_line,2,0.95
P01834,43,62,combination_therapy,first_line,3,0.91
P01834,66,86,combination_therapy,first_line,4,0.92
P01834,102,111,combination_therapy,first_line,5,0.88
P01834,107,130,combination_therapy,first_line,6,0.99
P01834,136,153,combination_therapy,first_line,7,0.91
P01834,148,174,combination_therapy,first_line,8,0.99
P01834,170,184,combination_therapy,first_line,9,0.8
P01835,0,20,targeted_therapy,first_line,1,0.91
P01835,41,48,targeted_therapy,first_line,2,0.94
P01835,42,68,targeted_therapy,first_line,3,0.95
P01835,66,90,targeted_therapy,first_line,4,0.98
P01835,84,110,targeted_therapy,first_line,5,0.8
P01835,111,130,targeted_therapy,first_line,6,0.8
P01835,130,152,targeted_therapy,first_line,7,0.89
P01835,149,164,targeted_therapy,first_line,8,0.81
P01835,171,178,targeted_therapy,first_line,9,0.99
P01836,8,27,immunotherapy,first_line,1,0.84
P01836,21,43,immunotherapy,first_line,2,0.89
P01836,45,62,immunotherapy,first_line,3,0.81
P01836,64,88,immunotherapy,first_line,4,0.9
P01836,90,106,immunotherapy,first_line,5,0.88
P01836,106,129,immunotherapy,first_line,6,0.81
P01836,138,151,immunotherapy,first_line,7,0.87
P01836,148,168,immunotherapy,first_line,8,0.88
P01836,171,178,immunotherapy,first_line,9,1.0
P01837,1,21,combination_therapy,first_line,1,0.84
P01837,23,36,combination_therapy,first_line,2,0.91
P01837,45,64,combination_therapy,first_line,3,1.0
P01837,64,82,combination_therapy,first_line,4,0.96
P01837,98,108,combination_therapy,first_line,5,1.0
P01837,106,131,combination_therapy,first_line,6,0.99
P01837,139,149,combination_therapy,first_line,7,0.9
P01837,151,173,combination_therapy,first_line,8,0.94
P01837,173,180,combination_therapy,first_line,9,0.82
P01838,8,15,combination_therapy,first_line,1,0.89
P01838,24,45,combination_therapy,first_line,2,0.96
P01838,44,69,combination_therapy,first_line,3,0.9
P01838,77,87,combination_therapy,first_line,4,0.94
P01838,88,111,combination_therapy,first_line,5,0.95
P01838,105,124,combination_therapy,first_line,6,0.85
P01838,132,149,combination_therapy,first_line,7,0.98
P01838,149,165,combination_therapy,first_line,8,0.89
P01838,170,186,combination_therapy,first_line,9,0.84
P01839,0,25,chemotherapy,first_line,1,0.97
P01839,28,48,chemotherapy,first_line,2,0.88
P01839,43,69,chemotherapy,first_line,3,0.95
P01839,68,87,chemotherapy,first_line,4,0.91
P01839,86,111,chemotherapy,first_line,5,0.88
P01839,109,127,chemotherapy,first_line,6,0.96
P01839,129,149,chemotherapy,first_line,7,0.92
P01839,157,171,chemotherapy,first_line,8,0.88
P01840,3,26,immunotherapy,first_line,1,0.82
P01840,24,34,immunotherapy,first_line,2,0.98
P01840,51,58,immunotherapy,first_line,3,0.81
P01840,70,86,immunotherapy,first_line,4,0.97
P01840,89,105,immunotherapy,first_line,5,0.87
P01840,128,151,immunotherapy,first_line,7,0.93
P01840,149,162,immunotherapy,first_line,8,0.98
P01840,171,183,immunotherapy,first_line,9,0.83
P01841,3,27,chemotherapy,first_line,1,0.91
P01841,26,39,chemotherapy,first_line,2,0.95
P01841,42,67,chemotherapy,first_line,3,0.95
P01841,63,73,chemotherapy,first_line,4,0.91
P01841,84,111,chemotherapy,first_line,5,0.92
P01841,106,132,chemotherapy,first_line,6,0.95
P01841,143,152,chemotherapy,first_line,7,0.97
P01841,149,174,chemotherapy,first_line,8,0.95
P01841,168,180,chemotherapy,first_line,9,0.87
P01842,0,20,targeted_therapy,first_line,1,1.0
P01842,22,46,targeted_therapy,first_line,2,0.89
P01842,42,65,targeted_therapy,first_line,3,0.8
P01842,67,85,targeted_therapy,first_line,4,0.87
P01842,94,111,targeted_therapy,first_line,5,0.83
P01842,110,123,targeted_therapy,first_line,6,0.82
P01842,127,144,targeted_therapy,first_line,7,0.86
P01842,150,173,targeted_therapy,first_line,8,0.81
P01842,172,182,targeted_therapy,first_line,9,0.94
P01843,23,46,targeted_therapy,first_line,2,0.81
P01843,44,69,targeted_therapy,first_line,3,0.84
P01843,68,75,targeted_therapy,first_line,4,0.82
P01843,90,106,targeted_therapy,first_line,5,0.81
P01843,118,131,targeted_therapy,first_line,6,0.85
P01843,136,148,targeted_therapy,first_line,7,0.91
P01843,163,173,targeted_therapy,first_line,8,0.99
P01843,169,176,targeted_therapy,first_line,9,0.98
P01844,3,23,chemotherapy,first_line,1,0.98
P01844,24,48,chemotherapy,first_line,2,0.84
P01844,50,63,chemotherapy,first_line,3,0.85
P01844,64,89,chemotherapy,first_line,4,0.82
P01844,85,98,chemotherapy,first_line,5,0.96
P01844,105,132,chemotherapy,first_line,6,0.81
P01844,129,145,chemotherapy,first_line,7,0.91
P01844,147,174,chemotherapy,first_line,8,0.85
P01844,175,185,chemotherapy,first_line,9,0.85
P01845,1,13,chemotherapy,first_line,1,1.0
P01845,29,44,chemotherapy,first_line,2,0.95
P01845,44,64,chemotherapy,first_line,3,0.97
P01845,72,90,chemotherapy,first_line,4,0.91
P01845,85,111,chemotherapy,first_line,5,0.97
P01845,111,124,chemotherapy,first_line,6,0.93
P01845,126,145,chemotherapy,first_line,7,0.99
P01845,147,159,chemotherapy,first_line,8,0.86
P01845,168,175,chemotherapy,first_line,9,0.92
P01846,15,24,chemotherapy,first_line,1,0.94
P01846,23,48,chemotherapy,first_line,2,0.88
P01846,42,65,chemotherapy,first_line,3,0.98
P01846,69,88,chemotherapy,first_line,4,1.0
P01846,89,108,chemotherapy,first_line,5,0.9
P01846,106,119,chemotherapy,first_line,6,0.88
P01846,140,147,chemotherapy,first_line,7,0.89
P01846,151,171,chemotherapy,first_line,8,0.97
P01846,170,184,chemotherapy,first_line,9,0.93
P01847,3,23,chemotherapy,first_line,1,0.81
P01847,25,42,chemotherapy,first_line,2,0.91
P01847,43,64,chemotherapy,first_line,3,0.8
P01847,66,88,chemotherapy,first_line,4,0.96
P01847,97,107,chemotherapy,first_line,5,0.87
P01847,112,129,chemotherapy,first_line,6,0.89
P01847,127,151,chemotherapy,first_line,7,0.96
P01847,155,174,chemotherapy,first_line,8,0.81
P01847,178,185,chemotherapy,first_line,9,0.83
P01848,7,26,chemotherapy,first_line,1,0.88
P01848,24,48,chemotherapy,first_line,2,0.85
P01848,52,62,chemotherapy,first_line,3,0.87
P01848,63,90,chemotherapy,first_line,4,1.0
P01848,86,111,chemotherapy,first_line,5,0.97
P01848,106,129,chemotherapy,first_line,6,0.98
P01848,135,152,chemotherapy,first_line,7,0.99
P01848,148,165,chemotherapy,first_line,8,0.87
P01849,4,21,immunotherapy,first_line,1,0.86
P01849,41,48,immunotherapy,first_line,2,0.85
P01849,56,64,immunotherapy,first_line,3,0.97
P01849,69,86,immunotherapy,first_line,4,0.94
P01849,84,103,immunotherapy,first_line,5,0.85
P01849,105,118,immunotherapy,first_line,6,0.88
P01849,134,151,immunotherapy,first_line,7,0.9
P01849,150,174,immunotherapy,first_line,8,0.91
P01849,174,185,immunotherapy,first_line,9,0.98
P01850,6,19,chemotherapy,first_line,1,0.88
P01850,21,47,chemotherapy,first_line,2,0.98
P01850,55,64,chemotherapy,first_line,3,0.89
P01850,66,81,chemotherapy,first_line,4,0.95
P01850,86,109,chemotherapy,first_line,5,0.99
P01850,115,132,chemotherapy,first_line,6,0.98
P01850,127,144,chemotherapy,first_line,7,0.81
P01850,147,161,chemotherapy,first_line,8,0.84
P01850,172,180,chemotherapy,first_line,9,0.9
P01851,7,14,targeted_therapy,first_line,1,0.89
P01851,31,45,targeted_therapy,first_line,2,0.93
P01851,49,64,targeted_therapy,first_line,3,0.99
P01851,64,89,targeted_therapy,first_line,4,0.82
P01851,87,105,targeted_therapy,first_line,5,0.89
P01851,112,132,targeted_therapy,first_line,6,0.84
P01851,133,152,targeted_therapy,first_line,7,0.98
P01851,149,165,targeted_therapy,first_line,8,0.99
P01851,169,185,targeted_therapy,first_line,9,0.9
P01852,13,20,chemotherapy,first_line,1,0.82
P01852,21,42,chemotherapy,first_line,2,0.96
P01852,43,68,chemotherapy,first_line,3,0.94
P01852,66,86,chemotherapy,first_line,4,0.87
P01852,85,110,chemotherapy,first_line,5,0.98
P01852,112,132,chemotherapy,first_line,6,1.0
P01852,136,152,chemotherapy,first_line,7,0.91
P01852,148,169,chemotherapy,first_line,8,0.91
P01852,173,180,chemotherapy,first_line,9,0.86
P01853,6,27,chemotherapy,first_line,1,0.92
P01853,22,46,chemotherapy,first_line,2,0.89
P01853,50,62,chemotherapy,first_line,3,0.86
P01853,63,88,chemotherapy,first_line,4,0.81
P01853,86,100,chemotherapy,first_line,5,0.85
P01853,105,130,chemotherapy,first_line,6,0.84
P01853,134,141,chemotherapy,first_line,7,0.91
P01853,152,172,chemotherapy,first_line,8,0.92
P01853,168,186,chemotherapy,first_line,9,0.92
P01854,13,22,immunotherapy,first_line,1,0.88
P01854,34,41,immunotherapy,first_line,2,0.88
P01854,45,69,immunotherapy,first_line,3,0.97
P01854,67,87,immunotherapy,first_line,4,0.9
P01854,90,107,immunotherapy,first_line,5,1.0
P01854,108,115,immunotherapy,first_line,6,0.89
P01854,126,151,immunotherapy,first_line,7,0.93
P01854,151,167,immunotherapy,first_line,8,0.81
P01854,173,184,immunotherapy,first_line,9,0.93
P01855,0,11,combination_therapy,first_line,1,0.97
P01855,22,47,combination_therapy,first_line,2,0.99
P01855,46,57,combination_therapy,first_line,3,1.0
P01855,79,89,combination_therapy,first_line,4,0.86
P01855,84,109,combination_therapy,first_line,5,0.92
P01855,108,131,combination_therapy,first_line,6,0.89
P01855,126,152,combination_therapy,first_line,7,0.91
P01855,147,163,combination_therapy,first_line,8,0.83
P01855,171,178,combination_therapy,first_line,9,0.97
P01856,1,27,immunotherapy,first_line,1,0.98
P01856,22,34,immunotherapy,first_line,2,0.89
P01856,58,68,immunotherapy,first_line,3,0.86
P01856,71,84,immunotherapy,first_line,4,0.83
P01856,86,108,immunotherapy,first_line,5,0.94
P01856,105,132,immunotherapy,first_line,6,0.86
P01856,128,153,immunotherapy,first_line,7,0.98
P01856,152,159,immunotherapy,first_line,8,0.93
P01856,168,183,immunotherapy,first_line,9,0.93
P01857,5,27,immunotherapy,first_line,1,0.91
P01857,25,38,immunotherapy,first_line,2,0.81
P01857,49,64,immunotherapy,first_line,3,0.99
P01857,78,88,immunotherapy,first_line,4,0.93
P01857,91,107,immunotherapy,first_line,5,1.0
P01857,108,132,immunotherapy,first_line,6,0.91
P01857,131,145,immunotherapy,first_line,7,0.94
P01857,156,163,immunotherapy,first_line,8,0.81
P01857,172,184,immunotherapy,first_line,9,0.93
P01858,3,27,immunotherapy,first_line,1,0.95
P01858,26,44,immunotherapy,first_line,2,0.96
P01858,47,67,immunotherapy,first_line,3,0.95
P01858,66,88,immunotherapy,first_line,4,0.85
P01858,92,105,immunotherapy,first_line,5,1.0
P01858,109,130,immunotherapy,first_line,6,1.0
P01858,131,151,immunotherapy,first_line,7,0.82
P01858,153,161,immunotherapy,first_line,8,0.99
P01858,168,179,immunotherapy,first_line,9,0.86
P01859,3,26,chemotherapy,first_line,1,0.94
P01859,28,48,chemotherapy,first_line,2,0.87
P01859,42,67,chemotherapy,first_line,3,0.99
P01859,67,74,chemotherapy,first_line,4,0.82
P01859,87,94,chemotherapy,first_line,5,0.9
P01859,108,123,chemotherapy,first_line,6,0.89
P01859,127,153,chemotherapy,first_line,7,0.87
P01859,149,172,chemotherapy,first_line,8,0.93
P01859,171,180,chemotherapy,first_line,9,0.83
P01860,1,24,immunotherapy,first_line,1,0.94
P01860,27,35,immunotherapy,first_line,2,1.0
P01860,45,69,immunotherapy,first_line,3,0.96
P01860,64,80,immunotherapy,first_line,4,0.97
P01860,84,110,immunotherapy,first_line,5,0.87
P01860,105,130,immunotherapy,first_line,6,0.86
P01860,126,147,immunotherapy,first_line,7,0.9
P01860,147,174,immunotherapy,first_line,8,0.81
P01860,168,186,immunotherapy,first_line,9,0.99
P01861,1,20,targeted_therapy,first_line,1,0.83
P01861,27,48,targeted_therapy,first_line,2,0.98
P01861,54,61,targeted_therapy,first_line,3,0.82
P01861,63,80,targeted_therapy,first_line,4,0.96
P01861,98,105,targeted_therapy,first_line,5,0.83
P01861,109,132,targeted_therapy,first_line,6,0.81
P01861,128,135,targeted_therapy,first_line,7,0.94
P01861,151,172,targeted_therapy,first_line,8,0.86
P01861,170,177,targeted_therapy,first_line,9,0.94
P01862,9,16,targeted_therapy,first_line,1,0.91
P01862,25,45,targeted_therapy,first_line,2,0.82
P01862,43,57,targeted_therapy,first_line,3,0.99
P01862,69,84,targeted_therapy,first_line,4,0.89
P01862,100,111,targeted_therapy,first_line,5,0.95
P01862,125,132,targeted_therapy,first_line,6,0.9
P01862,132,152,targeted_therapy,first_line,7,0.92
P01862,149,171,targeted_therapy,first_line,8,0.86
P01862,168,181,targeted_therapy,first_line,9,0.84
P01863,9,16,immunotherapy,first_line,1,0.91
P01863,21,46,immunotherapy,first_line,2,0.89
P01863,42,65,immunotherapy,first_line,3,0.88
P01863,65,76,immunotherapy,first_line,4,0.93
P01863,87,111,immunotherapy,first_line,5,0.94
P01863,108,130,immunotherapy,first_line,6,0.81
P01863,128,151,immunotherapy,first_line,7,0.87
P01863,158,173,immunotherapy,first_line,8,0.88
P01863,168,179,immunotherapy,first_line,9,0.82
P01864,8,25,chemotherapy,first_line,1,0.85
P01864,28,48,chemotherapy,first_line,2,0.81
P01864,46,62,chemotherapy,first_line,3,1.0
P01864,63,78,chemotherapy,first_line,4,0.95
P01864,97,110,chemotherapy,first_line,5,0.82
P01864,111,130,chemotherapy,first_line,6,0.8
P01864,133,145,chemotherapy,first_line,7,0.94
P01864,153,173,chemotherapy,first_line,8,0.89
P01864,171,184,chemotherapy,first_line,9,0.96
P01866,7,21,targeted_therapy,first_line,1,0.88
P01866,22,47,targeted_therapy,first_line,2,0.95
P01866,50,68,targeted_therapy,first_line,3,0.99
P01866,65,86,targeted_therapy,first_line,4,0.93
P01866,103,110,targeted_therapy,first_line,5,0.96
P01866,114,129,targeted_therapy,first_line,6,0.83
P01866,131,153,targeted_therapy,first_line,7,0.84
P01866,150,173,targeted_therapy,first_line,8,0.91
P01866,172,185,targeted_therapy,first_line,9,0.84
P01867,1,26,combination_therapy,first_line,1,0.93
P01867,23,48,combination_therapy,first_line,2,0.86
P01867,65,85,combination_therapy,first_line,4,0.96
P01867,84,105,combination_therapy,first_line,5,0.96
P01867,106,127,combination_therapy,first_line,6,0.89
P01867,128,153,combination_therapy,first_line,7,0.84
P01867,153,173,combination_therapy,first_line,8,0.93
P01868,8,20,combination_therapy,first_line,1,1.0
P01868,21,46,combination_therapy,first_line,2,0.92
P01868,56,65,combination_therapy,first_line,3,0.81
P01868,64,85,combination_therapy,first_line,4,0.8
P01868,84,111,combination_therapy,first_line,5,0.86
P01868,115,124,combination_therapy,first_line,6,0.84
P01868,126,153,combination_therapy,first_line,7,0.96
P01868,149,174,combination_therapy,first_line,8,0.97
P01868,179,186,combination_therapy,first_line,9,0.85
P01869,0,24,targeted_therapy,first_line,1,0.87
P01869,32,42,targeted_therapy,first_line,2,0.85
P01869,45,60,targeted_therapy,first_line,3,0.98
P01869,77,84,targeted_therapy,first_line,4,0.9
P01869,99,107,targeted_therapy,first_line,5,0.93
P01869,118,129,targeted_therapy,first_line,6,0.88
P01869,126,149,targeted_therapy,first_line,7,0.93
P01869,153,172,targeted_therapy,first_line,8,0.88
P01869,168,183,targeted_therapy,first_line,9,0.87
P01870,15,22,immunotherapy,first_line,1,0.93
P01870,26,41,immunotherapy,first_line,2,0.92
P01870,43,61,immunotherapy,first_line,3,0.86
P01870,66,79,immunotherapy,first_line,4,0.83
P01870,86,110,immunotherapy,first_line,5,0.87
P01870,106,132,immunotherapy,first_line,6,0.88
P01870,130,145,immunotherapy,first_line,7,0.93
P01870,155,166,immunotherapy,first_line,8,0.98
P01870,170,186,immunotherapy,first_line,9,0.81
P01871,1,20,targeted_therapy,first_line,1,0.85
P01871,21,38,targeted_therapy,first_line,2,0.84
P01871,43,68,targeted_therapy,first_line,3,0.9
P01871,79,89,targeted_therapy,first_line,4,0.89
P01871,86,98,targeted_therapy,first_line,5,0.95
P01871,105,132,targeted_therapy,first_line,6,0.85
P01871,127,145,targeted_therapy,first_line,7,0.92
P01871,147,169,targeted_therapy,first_line,8,0.98
P01871,178,185,targeted_therapy,first_line,9,0.98
P01872,11,23,immunotherapy,first_line,1,0.99
P01872,21,46,immunotherapy,first_line,2,0.95
P01872,48,64,immunotherapy,first_line,3,0.98
P01872,68,86,immunotherapy,first_line,4,0.85
P01872,96,111,immunotherapy,first_line,5,0.84
P01872,116,131,immunotherapy,first_line,6,0.8
P01872,144,153,immunotherapy,first_line,7,0.94
P01872,158,173,immunotherapy,first_line,8,0.99
P01872,178,185,immunotherapy,first_line,9,0.84
P01873,6,13,combination_therapy,first_line,1,0.93
P01873,35,48,combination_therapy,first_line,2,0.95
P01873,42,57,combination_therapy,first_line,3,0.99
P01873,64,79,combination_therapy,first_line,4,0.93
P01873,84,109,combination_therapy,first_line,5,0.99
P01873,106,120,combination_therapy,first_line,6,0.87
P01873,131,152,combination_therapy,first_line,7,0.87
P01873,147,167,combination_therapy,first_line,8,0.91
P01873,170,177,combination_therapy,first_line,9,0.88
P01874,1,16,immunotherapy,first_line,1,0.8
P01874,23,47,immunotherapy,first_line,2,0.95
P01874,49,62,immunotherapy,first_line,3,0.95
P01874,65,90,immunotherapy,first_line,4,0.95
P01874,87,105,immunotherapy,first_line,5,0.87
P01874,106,128,immunotherapy,first_line,6,0.9
P01874,130,145,immunotherapy,first_line,7,0.87
P01874,153,167,immunotherapy,first_line,8,0.8
P01874,175,186,immunotherapy,first_line,9,0.91
P01875,2,27,targeted_therapy,first_line,1,0.82
P01875,29,48,targeted_therapy,first_line,2,0.82
P01875,48,67,targeted_therapy,first_line,3,0.95
P01875,68,88,targeted_therapy,first_line,4,0.8
P01875,84,110,targeted_therapy,first_line,5,0.99
P01875,106,128,targeted_therapy,first_line,6,0.9
P01875,139,148,targeted_therapy,first_line,7,1.0
P01875,174,185,targeted_therapy,first_line,9,0.81
P01876,0,19,immunotherapy,first_line,1,0.92
P01876,38,47,immunotherapy,first_line,2,0.87
P01876,46,62,immunotherapy,first_line,3,0.97
P01876,75,82,immunotherapy,first_line,4,0.87
P01876,89,111,immunotherapy,first_line,5,0.85
P01876,124,131,immunotherapy,first_line,6,0.97
P01876,126,152,immunotherapy,first_line,7,0.87
P01876,150,172,immunotherapy,first_line,8,0.8
P01876,169,185,immunotherapy,first_line,9,0.88
P01877,2,27,targeted_therapy,first_line,1,0.93
P01877,34,48,targeted_therapy,first_line,2,0.85
P01877,44,69,targeted_therapy,first_line,3,0.89
P01877,73,89,targeted_therapy,first_line,4,0.81
P01877,98,105,targeted_therapy,first_line,5,0.92
P01877,114,126,targeted_therapy,first_line,6,0.95
P01877,135,142,targeted_therapy,first_line,7,0.88
P01877,150,159,targeted_therapy,first_line,8,0.88
P01877,169,184,targeted_therapy,first_line,9,0.82
P01878,16,23,combination_therapy,first_line,1,0.84
P01878,22,48,combination_therapy,first_line,2,0.83
P01878,43,66,combination_therapy,first_line,3,0.9
P01878,66,89,combination_therapy,first_line,4,0.91
P01878,87,107,combination_therapy,first_line,5,0.99
P01878,110,120,combination_therapy,first_line,6,0.81
P01878,126,144,combination_therapy,first_line,7,0.92
P01878,155,162,combination_therapy,first_line,8,0.91
P01878,168,178,combination_therapy,first_line,9,0.9
P01879,2,27,combination_therapy,first_line,1,0.97
P01879,23,41,combination_therapy,first_line,2,0.84
P01879,49,60,combination_therapy,first_line,3,0.81
P01879,68,89,combination_therapy,first_line,4,0.93
P01879,87,111,combination_therapy,first_line,5,0.87
P01879,108,128,combination_therapy,first_line,6,0.8
P01879,128,148,combination_therapy,first_line,7,0.85
P01879,148,172,combination_therapy,first_line,8,0.86
P01879,168,186,combination_therapy,first_line,9,0.92
P01880,0,23,combination_therapy,first_line,1,0.83
P01880,25,48,combination_therapy,first_line,2,0.88
P01880,65,86,combination_therapy,first_line,4,0.9
P01880,94,110,combination_therapy,first_line,5,0.89
P01880,113,126,combination_therapy,first_line,6,0.99
P01880,129,147,combination_therapy,first_line,7,0.81
P01880,149,174,combination_therapy,first_line,8,0.99
P01880,171,185,combination_therapy,first_line,9,0.92
P01881,4,22,immunotherapy,first_line,1,0.96
P01881,21,48,immunotherapy,first_line,2,0.89
P01881,59,69,immunotherapy,first_line,3,0.89
P01881,81,89,immunotherapy,first_line,4,0.98
P01881,109,130,immunotherapy,first_line,6,0.98
P01881,131,151,immunotherapy,first_line,7,0.85
P01881,149,172,immunotherapy,first_line,8,0.84
P01881,178,185,immunotherapy,first_line,9,0.9
P01882,9,27,chemotherapy,first_line,1,0.98
P01882,21,45,chemotherapy,first_line,2,0.86
P01882,43,65,chemotherapy,first_line,3,0.93
P01882,68,84,chemotherapy,first_line,4,0.94
P01882,84,102,chemotherapy,first_line,5,0.96
P01882,118,125,chemotherapy,first_line,6,0.91
P01882,132,142,chemotherapy,first_line,7,0.88
P01882,154,172,chemotherapy,first_line,8,0.99
P01882,172,179,chemotherapy,first_line,9,0.92
P01883,10,20,immunotherapy,first_line,1,0.95
P01883,25,45,immunotherapy,first_line,2,0.87
P01883,42,67,immunotherapy,first_line,3,0.93
P01883,65,85,immunotherapy,first_line,4,0.85
P01883,93,108,immunotherapy,first_line,5,0.85
P01883,105,128,immunotherapy,first_line,6,0.94
P01883,138,145,immunotherapy,first_line,7,0.9
P01883,148,168,immunotherapy,first_line,8,0.94
P01884,1,26,combination_therapy,first_line,1,0.85
P01884,21,44,combination_therapy,first_line,2,0.92
P01884,46,66,combination_therapy,first_line,3,0.89
P01884,66,90,combination_therapy,first_line,4,0.92
P01884,93,100,combination_therapy,first_line,5,0.86
P01884,106,130,combination_therapy,first_line,6,0.94
P01884,129,149,combination_therapy,first_line,7,0.96
P01884,150,174,combination_therapy,first_line,8,0.85
P01884,169,185,combination_therapy,first_line,9,0.86
P01885,0,22,immunotherapy,first_line,1,0.93
P01885,22,44,immunotherapy,first_line,2,0.94
P01885,42,68,immunotherapy,first_line,3,0.94
P01885,63,90,immunotherapy,first_line,4,0.94
P01885,107,131,immunotherapy,first_line,6,0.88
P01885,134,150,immunotherapy,first_line,7,0.88
P01885,154,172,immunotherapy,first_line,8,0.85
P01886,1,25,targeted_therapy,first_line,1,0.83
P01886,23,45,targeted_therapy,first_line,2,0.94
P01886,55,67,targeted_therapy,first_line,3,0.82
P01886,64,85,targeted_therapy,first_line,4,0.99
P01886,85,109,targeted_therapy,first_line,5,0.97
P01886,106,124,targeted_therapy,first_line,6,0.97
P01886,129,136,targeted_therapy,first_line,7,0.98
P01886,162,174,targeted_therapy,first_line,8,0.88
P01886,173,185,targeted_therapy,first_line,9,0.97
P01887,2,25,immunotherapy,first_line,1,0.83
P01887,27,46,immunotherapy,first_line,2,0.8
P01887,55,67,immunotherapy,first_line,3,0.96
P01887,71,84,immunotherapy,first_line,4,0.81
P01887,88,111,immunotherapy,first_line,5,1.0
P01887,122,129,immunotherapy,first_line,6,0.93
P01887,143,150,immunotherapy,first_line,7,0.95
P01887,147,169,immunotherapy,first_line,8,0.85
P01887,169,183,immunotherapy,first_line,9,0.93
P01888,6,22,targeted_therapy,first_line,1,0.81
P01888,21,41,targeted_therapy,first_line,2,0.97
P01888,45,69,targeted_therapy,first_line,3,0.83
P01888,69,86,targeted_therapy,first_line,4,0.94
P01888,90,109,targeted_therapy,first_line,5,0.84
P01888,105,127,targeted_therapy,first_line,6,0.81
P01888,126,153,targeted_therapy,first_line,7,0.9
P01888,148,172,targeted_therapy,first_line,8,0.83
P01888,173,180,targeted_therapy,first_line,9,0.95
P01889,3,23,targeted_therapy,first_line,1,0.85
P01889,27,38,targeted_therapy,first_line,2,0.87
P01889,63,89,targeted_therapy,first_line,4,0.91
P01889,91,111,targeted_therapy,first_line,5,0.86
P01889,114,125,targeted_therapy,first_line,6,0.88
P01889,136,149,targeted_therapy,first_line,7,0.96
P01889,147,170,targeted_therapy,first_line,8,0.84
P01889,170,186,targeted_therapy,first_line,9,0.82
P01890,3,18,combination_therapy,first_line,1,0.87
P01890,36,43,combination_therapy,first_line,2,0.88
P01890,50,68,combination_therapy,first_line,3,0.91
P01890,63,87,combination_therapy,first_line,4,0.87
P01890,92,108,combination_therapy,first_line,5,0.96
P01890,106,120,combination_therapy,first_line,6,0.81
P01890,127,145,combination_therapy,first_line,7,0.89
P01890,149,160,combination_therapy,first_line,8,0.88
P01890,168,181,combination_therapy,first_line,9,0.93
P01891,1,25,chemotherapy,first_line,1,0.99
P01891,23,46,chemotherapy,first_line,2,0.9
P01891,44,60,chemotherapy,first_line,3,1.0
P01891,65,83,chemotherapy,first_line,4,0.86
P01891,98,107,chemotherapy,first_line,5,0.81
P01891,108,129,chemotherapy,first_line,6,0.83
P01891,128,151,chemotherapy,first_line,7,0.88
P01891,148,174,chemotherapy,first_line,8,0.86
P01891,168,175,chemotherapy,first_line,9,0.82
P01892,3,24,combination_therapy,first_line,1,0.89
P01892,23,46,combination_therapy,first_line,2,0.87
P01892,42,64,combination_therapy,first_line,3,0.82
P01892,69,85,combination_therapy,first_line,4,0.86
P01892,88,100,combination_therapy,first_line,5,0.98
P01892,112,130,combination_therapy,first_line,6,0.86
P01892,129,151,combination_therapy,first_line,7,0.94
P01892,149,174,combination_therapy,first_line,8,0.92
P01892,170,180,combination_therapy,first_line,9,0.89
P01893,2,17,targeted_therapy,first_line,1,0.85
P01893,25,45,targeted_therapy,first_line,2,0.87
P01893,53,60,targeted_therapy,first_line,3,0.92
P01893,66,85,targeted_therapy,first_line,4,0.87
P01893,90,111,targeted_therapy,first_line,5,0.84
P01893,107,129,targeted_therapy,first_line,6,0.82
P01893,127,140,targeted_therapy,first_line,7,0.98
P01893,148,169,targeted_therapy,first_line,8,0.89
P01893,170,186,targeted_therapy,first_line,9,0.93
P01894,0,27,chemotherapy,first_line,1,0.9
P01894,29,36,chemotherapy,first_line,2,0.97
P01894,47,60,chemotherapy,first_line,3,0.91
P01894,66,88,chemotherapy,first_line,4,0.9
P01894,91,106,chemotherapy,first_line,5,0.98
P01894,108,124,chemotherapy,first_line,6,0.94
P01894,130,151,chemotherapy,first_line,7,0.82
P01894,147,170,chemotherapy,first_line,8,0.84
P01894,172,179,chemotherapy,first_line,9,0.96
P01895,3,27,targeted_therapy,first_line,1,0.97
P01895,22,35,targeted_therapy,first_line,2,0.91
P01895,45,52,targeted_therapy,first_line,3,0.91
P01895,65,88,targeted_therapy,first_line,4,0.93
P01895,88,111,targeted_therapy,first_line,5,0.89
P01895,108,129,targeted_therapy,first_line,6,0.94
P01895,126,153,targeted_therapy,first_line,7,0.82
P01895,148,173,targeted_therapy,first_line,8,0.99
P01895,176,183,targeted_therapy,first_line,9,0.95
P01896,1,27,combination_therapy,first_line,1,0.93
P01896,21,34,combination_therapy,first_line,2,0.86
P01896,48,66,combination_therapy,first_line,3,0.83
P01896,66,88,combination_therapy,first_line,4,0.88
P01896,85,111,combination_therapy,first_line,5,0.93
P01896,127,151,combination_therapy,first_line,7,0.93
P01896,148,173,combination_therapy,first_line,8,0.88
P01896,175,182,combination_therapy,first_line,9,0.92
P01897,0,27,targeted_therapy,first_line,1,0.96
P01897,21,47,targeted_therapy,first_line,2,0.81
P01897,46,58,targeted_therapy,first_line,3,0.89
P01897,69,87,targeted_therapy,first_line,4,0.95
P01897,94,109,targeted_therapy,first_line,5,0.91
P01897,107,125,targeted_therapy,first_line,6,0.93
P01897,137,153,targeted_therapy,first_line,7,0.9
P01897,154,172,targeted_therapy,first_line,8,1.0
P01897,169,182,targeted_therapy,first_line,9,0.81
P01898,7,14,targeted_therapy,first_line,1,0.9
P01898,25,44,targeted_therapy,first_line,2,0.82
P01898,43,58,targeted_therapy,first_line,3,0.83
P01898,63,84,targeted_therapy,first_line,4,0.88
P01898,85,109,targeted_therapy,first_line,5,0.83
P01898,125,132,targeted_therapy,first_line,6,0.99
P01898,131,152,targeted_therapy,first_line,7,0.99
P01898,157,166,targeted_therapy,first_line,8,0.87
P01898,168,184,targeted_therapy,first_line,9,0.93
P01899,2,27,chemotherapy,first_line,1,0.91
P01899,47,67,chemotherapy,first_line,3,0.96
P01899,65,89,chemotherapy,first_line,4,0.93
P01899,91,110,chemotherapy,first_line,5,0.8
P01899,116,128,chemotherapy,first_line,6,0.95
P01899,144,153,chemotherapy,first_line,7,0.95
P01899,148,163,chemotherapy,first_line,8,0.9
P01899,168,185,chemotherapy,first_line,9,0.98
P01900,8,26,targeted_therapy,first_line,1,0.98
P01900,23,47,targeted_therapy,first_line,2,0.9
P01900,44,57,targeted_therapy,first_line,3,0.92
P01900,75,82,targeted_therapy,first_line,4,1.0
P01900,93,103,targeted_therapy,first_line,5,0.86
P01900,105,121,targeted_therapy,first_line,6,0.86
P01900,130,150,targeted_therapy,first_line,7,0.84
P01900,155,174,targeted_therapy,first_line,8,0.98
P01900,170,177,targeted_therapy,first_line,9,0.95
P01901,1,21,combination_therapy,first_line,1,0.82
P01901,24,45,combination_therapy,first_line,2,1.0
P01901,43,67,combination_therapy,first_line,3,0.95
P01901,93,108,combination_therapy,first_line,5,0.97
P01901,112,127,combination_therapy,first_line,6,0.81
P01901,136,146,combination_therapy,first_line,7,0.9
P01901,150,170,combination_therapy,first_line,8,0.94
P01901,169,184,combination_therapy,first_line,9,0.91
P01902,0,19,combination_therapy,first_line,1,0.93
P01902,26,47,combination_therapy,first_line,2,0.96
P01902,46,66,combination_therapy,first_line,3,0.87
P01902,72,89,combination_therapy,first_line,4,0.97
P01902,88,111,combination_therapy,first_line,5,0.83
P01902,105,130,combination_therapy,first_line,6,0.85
P01902,137,144,combination_therapy,first_line,7,0.81
P01902,148,166,combination_therapy,first_line,8,0.87
P01903,6,25,immunotherapy,first_line,1,0.88
P01903,21,45,immunotherapy,first_line,2,0.96
P01903,50,59,immunotherapy,first_line,3,0.93
P01903,64,79,immunotherapy,first_line,4,0.89
P01903,88,106,immunotherapy,first_line,5,0.93
P01903,107,125,immunotherapy,first_line,6,0.81
P01903,132,150,immunotherapy,first_line,7,0.84
P01903,150,173,immunotherapy,first_line,8,0.93
P01903,169,180,immunotherapy,first_line,9,0.93
P01904,6,21,chemotherapy,first_line,1,0.95
P01904,28,45,chemotherapy,first_line,2,0.88
P01904,60,67,chemotherapy,first_line,3,0.94
P01904,66,86,chemotherapy,first_line,4,0.94
P01904,84,103,chemotherapy,first_line,5,0.99
P01904,113,130,chemotherapy,first_line,6,0.84
P01904,126,152,chemotherapy,first_line,7,0.91
P01904,149,173,chemotherapy,first_line,8,0.92
P01904,168,175,chemotherapy,first_line,9,1.0
P01905,8,21,immunotherapy,first_line,1,0.84
P01905,21,37,immunotherapy,first_line,2,0.9
P01905,42,69,immunotherapy,first_line,3,0.87
P01905,63,80,immunotherapy,first_line,4,0.91
P01905,92,110,immunotherapy,first_line,5,0.85
P01905,110,128,immunotherapy,first_line,6,0.81
P01905,126,148,immunotherapy,first_line,7,0.91
P01905,151,167,immunotherapy,first_line,8,0.87
P01905,169,176,immunotherapy,first_line,9,0.84
P01906,5,20,chemotherapy,first_line,1,0.86
P01906,36,47,chemotherapy,first_line,2,0.81
P01906,58,65,chemotherapy,first_line,3,0.99
P01906,65,87,chemotherapy,first_line,4,0.92
P01906,85,102,chemotherapy,first_line,5,0.96
P01906,105,123,chemotherapy,first_line,6,0.88
P01906,127,138,chemotherapy,first_line,7,0.98
P01906,159,168,chemotherapy,first_line,8,0.9
P01906,171,183,chemotherapy,first_line,9,0.91
P01907,5,25,combination_therapy,first_line,1,0.9
P01907,31,48,combination_therapy,first_line,2,0.95
P01907,43,69,combination_therapy,first_line,3,0.91
P01907,64,89,combination_therapy,first_line,4,0.85
P01907,88,106,combination_therapy,first_line,5,0.83
P01907,109,126,combination_therapy,first_line,6,0.92
P01907,136,153,combination_therapy,first_line,7,0.9
P01907,150,167,combination_therapy,first_line,8,0.82
P01907,176,183,combination_therapy,first_line,9,0.88
P01908,2,21,targeted_therapy,first_line,1,0.9
P01908,24,42,targeted_therapy,first_line,2,0.97
P01908,47,60,targeted_therapy,first_line,3,0.82
P01908,63,80,targeted_therapy,first_line,4,0.87
P01908,86,111,targeted_therapy,first_line,5,0.96
P01908,106,132,targeted_therapy,first_line,6,0.93
P01908,126,152,targeted_therapy,first_line,7,0.86
P01908,148,174,targeted_therapy,first_line,8,0.97
P01908,171,186,targeted_therapy,first_line,9,0.9
P01909,4,23,immunotherapy,first_line,1,0.9
P01909,30,40,immunotherapy,first_line,2,1.0
P01909,47,67,immunotherapy,first_line,3,0.99
P01909,78,85,immunotherapy,first_line,4,0.87
P01909,88,106,immunotherapy,first_line,5,0.83
P01909,105,130,immunotherapy,first_line,6,0.87
P01909,128,153,immunotherapy,first_line,7,0.81
P01909,149,171,immunotherapy,first_line,8,0.8
P01909,172,180,immunotherapy,first_line,9,0.88
P01910,3,27,combination_therapy,first_line,1,0.99
P01910,36,43,combination_therapy,first_line,2,0.97
P01910,43,65,combination_therapy,first_line,3,0.9
P01910,63,90,combination_therapy,first_line,4,0.91
P01910,89,107,combination_therapy,first_line,5,0.8
P01910,107,126,combination_therapy,first_line,6,0.84
P01910,133,152,combination_therapy,first_line,7,0.8
P01910,159,169,combination_therapy,first_line,8,0.95
P01910,168,177,combination_therapy,first_line,9,0.83
P01911,5,24,chemotherapy,first_line,1,0.97
P01911,22,46,chemotherapy,first_line,2,0.93
P01911,48,65,chemotherapy,first_line,3,0.85
P01911,67,88,chemotherapy,first_line,4,0.83
P01911,89,96,chemotherapy,first_line,5,0.93
P01911,117,129,chemotherapy,first_line,6,0.98
P01911,126,149,chemotherapy,first_line,7,0.94
P01911,148,172,chemotherapy,first_line,8,0.87
P01911,168,186,chemotherapy,first_line,9,0.92
P01912,17,24,immunotherapy,first_line,1,0.86
P01912,21,45,immunotherapy,first_line,2,1.0
P01912,48,68,immunotherapy,first_line,3,0.95
P01912,63,76,immunotherapy,first_line,4,0.92
P01912,86,109,immunotherapy,first_line,5,0.88
P01912,106,126,immunotherapy,first_line,6,0.92
P01912,133,153,immunotherapy,first_line,7,0.87
P01912,149,173,immunotherapy,first_line,8,0.81
P01912,174,186,immunotherapy,first_line,9,0.88
P01913,4,15,immunotherapy,first_line,1,0.99
P01913,32,40,immunotherapy,first_line,2,0.93
P01913,44,69,immunotherapy,first_line,3,0.82
P01913,70,89,immunotherapy,first_line,4,0.98
P01913,84,110,immunotherapy,first_line,5,0.85
P01913,106,130,immunotherapy,first_line,6,0.85
P01913,136,148,immunotherapy,first_line,7,0.86
P01913,158,172,immunotherapy,first_line,8,0.92
P01913,168,181,immunotherapy,first_line,9,0.91
P01914,4,24,immunotherapy,first_line,1,0.9
P01914,22,48,immunotherapy,first_line,2,0.94
P01914,45,63,immunotherapy,first_line,3,0.86
P01914,69,76,immunotherapy,first_line,4,0.96
P01914,84,105,immunotherapy,first_line,5,0.84
P01914,109,127,immunotherapy,first_line,6,0.96
P01914,130,146,immunotherapy,first_line,7,0.93
P01914,148,172,immunotherapy,first_line,8,0.94
P01914,168,175,immunotherapy,first_line,9,0.9
P01915,1,21,immunotherapy,first_line,1,0.93
P01915,25,47,immunotherapy,first_line,2,0.82
P01915,43,67,immunotherapy,first_line,3,0.97
P01915,66,82,immunotherapy,first_line,4,0.81
P01915,93,106,immunotherapy,first_line,5,0.83
P01915,115,128,immunotherapy,first_line,6,0.92
P01915,128,153,immunotherapy,first_line,7,0.95
P01915,147,162,immunotherapy,first_line,8,0.82
P01915,176,183,immunotherapy,first_line,9,0.98
P01916,3,16,chemotherapy,first_line,1,0.99
P01916,28,44,chemotherapy,first_line,2,0.92
P01916,43,68,chemotherapy,first_line,3,0.9
P01916,64,90,chemotherapy,first_line,4,0.95
P01916,92,99,chemotherapy,first_line,5,0.87
P01916,105,129,chemotherapy,first_line,6,0.9
P01916,134,147,chemotherapy,first_line,7,0.98
P01916,149,171,chemotherapy,first_line,8,0.99
P01916,174,186,chemotherapy,first_line,9,0.99
P01917,7,26,combination_therapy,first_line,1,0.85
P01917,22,29,combination_therapy,first_line,2,0.85
P01917,46,68,combination_therapy,first_line,3,0.86
P01917,65,88,combination_therapy,first_line,4,0.89
P01917,93,107,combination_therapy,first_line,5,0.86
P01917,113,121,combination_therapy,first_line,6,0.87
P01917,126,149,combination_therapy,first_line,7,0.92
P01917,152,173,combination_therapy,first_line,8,0.95
P01917,172,186,combination_therapy,first_line,9,0.95
P01918,1,26,combination_therapy,first_line,1,0.96
P01918,21,48,combination_therapy,first_line,2,0.81
P01918,50,66,combination_therapy,first_line,3,0.81
P01918,64,89,combination_therapy,first_line,4,0.96
P01918,87,105,combination_therapy,first_line,5,0.91
P01918,110,126,combination_therapy,first_line,6,0.92
P01918,128,153,combination_therapy,first_line,7,0.81
P01918,148,173,combination_therapy,first_line,8,0.85
P01918,174,184,combination_therapy,first_line,9,0.93
P01919,14,27,targeted_therapy,first_line,1,0.97
P01919,22,46,targeted_therapy,first_line,2,0.98
P01919,42,64,targeted_therapy,first_line,3,0.9
P01919,73,80,targeted_therapy,first_line,4,0.91
P01919,88,99,targeted_therapy,first_line,5,0.97
P01919,108,130,targeted_therapy,first_line,6,0.91
P01919,130,151,targeted_therapy,first_line,7,0.9
P01919,148,162,targeted_therapy,first_line,8,0.98
P01919,168,184,targeted_therapy,first_line,9,0.96
P01920,6,24,targeted_therapy,first_line,1,0.98
P01920,22,46,targeted_therapy,first_line,2,0.84
P01920,45,59,targeted_therapy,first_line,3,0.9
P01920,82,90,targeted_therapy,first_line,4,0.97
P01920,97,108,targeted_therapy,first_line,5,0.82
P01920,110,131,targeted_therapy,first_line,6,0.96
P01920,127,151,targeted_therapy,first_line,7,0.84
P01920,160,173,targeted_therapy,first_line,8,0.96
P01920,172,183,targeted_therapy,first_line,9,0.92
P01921,0,25,immunotherapy,first_line,1,0.84
P01921,24,41,immunotherapy,first_line,2,0.89
P01921,45,64,immunotherapy,first_line,3,0.94
P01921,73,89,immunotherapy,first_line,4,0.93
P01921,85,92,immunotherapy,first_line,5,0.89
P01921,105,126,immunotherapy,first_line,6,0.98
P01921,126,136,immunotherapy,first_line,7,0.9
P01921,148,169,immunotherapy,first_line,8,0.9
P01921,170,184,immunotherapy,first_line,9,0.81
P01922,10,27,chemotherapy,first_line,1,0.98
P01922,22,45,chemotherapy,first_line,2,0.84
P01922,45,69,chemotherapy,first_line,3,0.91
P01922,63,90,chemotherapy,first_line,4,0.96
P01922,88,109,chemotherapy,first_line,5,0.84
P01922,110,132,chemotherapy,first_line,6,0.91
P01922,137,152,chemotherapy,first_line,7,0.85
P01922,158,168,chemotherapy,first_line,8,0.95
P01922,172,185,chemotherapy,first_line,9,0.91
P01923,19,26,chemotherapy,first_line,1,0.97
P01923,21,44,chemotherapy,first_line,2,0.98
P01923,43,61,chemotherapy,first_line,3,0.93
P01923,66,85,chemotherapy,first_line,4,0.95
P01923,87,108,chemotherapy,first_line,5,0.91
P01923,111,131,chemotherapy,first_line,6,0.88
P01923,127,153,chemotherapy,first_line,7,0.93
P01923,157,170,chemotherapy,first_line,8,0.98
P01923,171,180,chemotherapy,first_line,9,0.88
P01924,1,18,targeted_therapy,first_line,1,0.86
P01924,24,47,targeted_therapy,first_line,2,0.88
P01924,49,64,targeted_therapy,first_line,3,0.89
P01924,64,85,targeted_therapy,first_line,4,0.81
P01924,87,110,targeted_therapy,first_line,5,0.9
P01924,113,131,targeted_therapy,first_line,6,0.9
P01924,127,150,targeted_therapy,first_line,7,0.92
P01924,153,171,targeted_therapy,first_line,8,0.87
P01925,0,25,targeted_therapy,first_line,1,0.92
P01925,24,39,targeted_therapy,first_line,2,0.98
P01925,53,60,targeted_therapy,first_line,3,0.99
P01925,73,80,targeted_therapy,first_line,4,0.92
P01925,86,104,targeted_therapy,first_line,5,0.81
P01925,107,131,targeted_therapy,first_line,6,0.99
P01925,138,150,targeted_therapy,first_line,7,0.94
P01925,153,168,targeted_therapy,first_line,8,0.87
P01925,174,181,targeted_therapy,first_line,9,0.83
P01926,1,21,combination_therapy,first_line,1,0.83
P01926,27,46,combination_therapy,first_line,2,0.83
P01926,49,65,combination_therapy,first_line,3,0.81
P01926,65,89,combination_therapy,first_line,4,0.98
P01926,100,107,combination_therapy,first_line,5,0.91
P01926,119,126,combination_therapy,first_line,6,0.94
P01926,133,143,combination_therapy,first_line,7,0.97
P01926,150,169,combination_therapy,first_line,8,0.96
P01926,170,185,combination_therapy,first_line,9,0.98
P01927,20,27,targeted_therapy,first_line,1,0.99
P01927,37,47,targeted_therapy,first_line,2,0.89
P01927,44,68,targeted_therapy,first_line,3,0.99
P01927,63,88,targeted_therapy,first_line,4,0.94
P01927,87,104,targeted_therapy,first_line,5,0.81
P01927,106,131,targeted_therapy,first_line,6,0.94
P01927,128,151,targeted_therapy,first_line,7,0.94
P01927,165,172,targeted_therapy,first_line,8,0.98
P01928,13,20,immunotherapy,first_line,1,0.87
P01928,31,43,immunotherapy,first_line,2,0.92
P01928,45,63,immunotherapy,first_line,3,0.8
P01928,64,89,immunotherapy,first_line,4,0.87
P01928,84,107,immunotherapy,first_line,5,0.81
P01928,105,128,immunotherapy,first_line,6,0.9
P01928,136,146,immunotherapy,first_line,7,0.96
P01928,158,168,immunotherapy,first_line,8,0.84
P01928,168,184,immunotherapy,first_line,9,0.91
P01929,0,26,combination_therapy,first_line,1,0.84
P01929,29,47,combination_therapy,first_line,2,0.82
P01929,42,63,combination_therapy,first_line,3,0.9
P01929,65,85,combination_therapy,first_line,4,0.82
P01929,84,108,combination_therapy,first_line,5,0.92
P01929,114,129,combination_therapy,first_line,6,0.81
P01929,135,153,combination_therapy,first_line,7,0.82
P01929,152,170,combination_therapy,first_line,8,0.91
P01929,179,186,combination_therapy,first_line,9,0.92
P01930,0,20,immunotherapy,first_line,1,0.81
P01930,22,46,immunotherapy,first_line,2,0.91
P01930,52,69,immunotherapy,first_line,3,0.97
P01930,69,90,immunotherapy,first_line,4,0.94
P01930,95,106,immunotherapy,first_line,5,0.83
P01930,113,125,immunotherapy,first_line,6,0.92
P01930,130,146,immunotherapy,first_line,7,0.93
P01930,152,168,immunotherapy,first_line,8,0.81
P01931,12,19,chemotherapy,first_line,1,0.97
P01931,27,48,chemotherapy,first_line,2,0.98
P01931,44,68,chemotherapy,first_line,3,0.97
P01931,69,88,chemotherapy,first_line,4,0.96
P01931,85,111,chemotherapy,first_line,5,0.95
P01931,105,128,chemotherapy,first_line,6,0.93
P01931,132,152,chemotherapy,first_line,7,0.94
P01931,166,173,chemotherapy,first_line,8,0.96
P01931,171,181,chemotherapy,first_line,9,0.93
P01932,8,25,chemotherapy,first_line,1,0.87
P01932,23,45,chemotherapy,first_line,2,0.88
P01932,43,50,chemotherapy,first_line,3,0.98
P01932,65,72,chemotherapy,first_line,4,0.8
P01932,86,108,chemotherapy,first_line,5,0.94
P01932,106,125,chemotherapy,first_line,6,0.99
P01932,134,148,chemotherapy,first_line,7,0.94
P01932,150,167,chemotherapy,first_line,8,1.0
P01932,178,185,chemotherapy,first_line,9,0.94
P01933,5,26,immunotherapy,first_line,1,0.81
P01933,22,48,immunotherapy,first_line,2,0.97
P01933,54,64,immunotherapy,first_line,3,0.86
P01933,67,89,immunotherapy,first_line,4,0.89
P01933,87,94,immunotherapy,first_line,5,0.86
P01933,107,132,immunotherapy,first_line,6,0.85
P01933,138,145,immunotherapy,first_line,7,0.89
P01933,148,163,immunotherapy,first_line,8,0.88
P01933,168,180,immunotherapy,first_line,9,0.93
P01934,3,25,chemotherapy,first_line,1,0.96
P01934,23,45,chemotherapy,first_line,2,0.86
P01934,48,59,chemotherapy,first_line,3,0.84
P01934,69,76,chemotherapy,first_line,4,0.93
P01934,85,104,chemotherapy,first_line,5,0.93
P01934,105,115,chemotherapy,first_line,6,0.98
P01934,126,147,chemotherapy,first_line,7,0.8
P01934,148,172,chemotherapy,first_line,8,0.97
P01934,177,185,chemotherapy,first_line,9,0.9
P01935,15,27,combination_therapy,first_line,1,0.92
P01935,24,46,combination_therapy,first_line,2,0.82
P01935,42,60,combination_therapy,first_line,3,0.89
P01935,79,86,combination_therapy,first_line,4,0.85
P01935,85,101,combination_therapy,first_line,5,0.85
P01935,114,130,combination_therapy,first_line,6,0.9
P01935,133,151,combination_therapy,first_line,7,0.96
P01935,149,162,combination_therapy,first_line,8,0.95
P01935,177,184,combination_therapy,first_line,9,0.92
P01936,7,18,chemotherapy,first_line,1,0.91
P01936,21,44,chemotherapy,first_line,2,0.89
P01936,42,64,chemotherapy,first_line,3,0.99
P01936,67,79,chemotherapy,first_line,4,0.91
P01936,89,108,chemotherapy,first_line,5,0.85
P01936,111,118,chemotherapy,first_line,6,0.85
P01936,132,151,chemotherapy,first_line,7,0.92
P01936,148,171,chemotherapy,first_line,8,0.9
P01936,172,186,chemotherapy,first_line,9,0.8
P01937,3,23,targeted_therapy,first_line,1,0.97
P01937,34,41,targeted_therapy,first_line,2,0.94
P01937,47,66,targeted_therapy,first_line,3,0.93
P01937,63,84,targeted_therapy,first_line,4,0.81
P01937,91,107,targeted_therapy,first_line,5,0.87
P01937,111,131,targeted_therapy,first_line,6,0.99
P01937,134,143,targeted_therapy,first_line,7,0.97
P01937,151,171,targeted_therapy,first_line,8,0.86
P01937,179,186,targeted_therapy,first_line,9,0.83
P01938,1,20,combination_therapy,first_line,1,0.89
P01938,23,48,combination_therapy,first_line,2,0.87
P01938,52,64,combination_therapy,first_line,3,0.94
P01938,74,90,combination_therapy,first_line,4,0.99
P01938,95,107,combination_therapy,first_line,5,0.87
P01938,105,130,combination_therapy,first_line,6,0.81
P01938,127,142,combination_therapy,first_line,7,0.98
P01938,149,172,combination_therapy,first_line,8,0.81
P01939,5,27,targeted_therapy,first_line,1,0.99
P01939,24,31,targeted_therapy,first_line,2,0.93
P01939,54,66,targeted_therapy,first_line,3,0.99
P01939,69,89,targeted_therapy,first_line,4,0.84
P01939,100,108,targeted_therapy,first_line,5,0.81
P01939,108,132,targeted_therapy,first_line,6,0.9
P01939,128,151,targeted_therapy,first_line,7,0.89
P01939,154,172,targeted_therapy,first_line,8,0.87
P01939,174,186,targeted_therapy,first_line,9,0.99
P01940,8,25,immunotherapy,first_line,1,0.96
P01940,22,33,immunotherapy,first_line,2,0.93
P01940,51,69,immunotherapy,first_line,3,0.83
P01940,65,78,immunotherapy,first_line,4,0.95
P01940,87,111,immunotherapy,first_line,5,0.95
P01940,111,129,immunotherapy,first_line,6,0.89
P01940,129,147,immunotherapy,first_line,7,0.98
P01940,148,174,immunotherapy,first_line,8,0.83
P01941,9,26,immunotherapy,first_line,1,0.85
P01941,35,42,immunotherapy,first_line,2,0.81
P01941,46,60,immunotherapy,first_line,3,0.96
P01941,73,86,immunotherapy,first_line,4,0.92
P01941,86,102,immunotherapy,first_line,5,0.86
P01941,108,132,immunotherapy,first_line,6,0.83
P01941,129,148,immunotherapy,first_line,7,0.81
P01941,147,159,immunotherapy,first_line,8,0.83
P01941,170,186,immunotherapy,first_line,9,0.89
P01942,13,26,targeted_therapy,first_line,1,0.85
P01942,24,41,targeted_therapy,first_line,2,0.85
P01942,50,69,targeted_therapy,first_line,3,0.98
P01942,73,80,targeted_therapy,first_line,4,0.9
P01942,84,96,targeted_therapy,first_line,5,0.95
P01942,107,131,targeted_therapy,first_line,6,0.81
P01942,128,149,targeted_therapy,first_line,7,0.87
P01942,149,173,targeted_therapy,first_line,8,0.9
P01942,176,183,targeted_therapy,first_line,9,0.84
P01943,0,15,immunotherapy,first_line,1,0.82
P01943,27,45,immunotherapy,first_line,2,0.97
P01943,42,67,immunotherapy,first_line,3,0.99
P01943,68,90,immunotherapy,first_line,4,0.82
P01943,97,104,immunotherapy,first_line,5,0.87
P01943,109,130,immunotherapy,first_line,6,0.99
P01943,133,145,immunotherapy,first_line,7,0.82
P01943,164,174,immunotherapy,first_line,8,0.93
P01943,169,182,immunotherapy,first_line,9,0.99
P01944,10,27,immunotherapy,first_line,1,1.0
P01944,25,35,immunotherapy,first_line,2,0.89
P01944,46,64,immunotherapy,first_line,3,0.83
P01944,63,88,immunotherapy,first_line,4,0.84
P01944,89,111,immunotherapy,first_line,5,0.98
P01944,106,128,immunotherapy,first_line,6,0.98
P01944,127,153,immunotherapy,first_line,7,0.92
P01944,161,174,immunotherapy,first_line,8,0.95
P01945,0,27,combination_therapy,first_line,1,0.95
P01945,28,46,combination_therapy,first_line,2,0.93
P01945,54,68,combination_therapy,first_line,3,0.97
P01945,67,84,combination_therapy,first_line,4,0.94
P01945,99,106,combination_therapy,first_line,5,0.91
P01945,109,129,combination_therapy,first_line,6,0.85
P01945,127,152,combination_therapy,first_line,7,0.95
P01945,147,165,combination_therapy,first_line,8,0.89
P01945,168,183,combination_therapy,first_line,9,0.86
P01946,0,23,targeted_therapy,first_line,1,0.96
P01946,22,38,targeted_therapy,first_line,2,0.94
P01946,42,60,targeted_therapy,first_line,3,0.99
P01946,82,90,targeted_therapy,first_line,4,0.83
P01946,84,98,targeted_therapy,first_line,5,0.93
P01946,105,130,targeted_therapy,first_line,6,0.85
P01946,126,148,targeted_therapy,first_line,7,0.98
P01946,148,170,targeted_therapy,first_line,8,0.82
P01946,168,183,targeted_therapy,first_line,9,0.93
P01947,2,14,combination_therapy,first_line,1,0.96
P01947,21,43,combination_therapy,first_line,2,0.87
P01947,44,60,combination_therapy,first_line,3,0.99
P01947,76,83,combination_therapy,first_line,4,0.97
P01947,86,109,combination_therapy,first_line,5,0.86
P01947,107,129,combination_therapy,first_line,6,0.8
P01947,134,149,combination_therapy,first_line,7,0.86
P01947,147,173,combination_therapy,first_line,8,0.86
P01947,169,184,combination_therapy,first_line,9,0.98
P01948,0,24,targeted_therapy,first_line,1,0.99
P01948,25,48,targeted_therapy,first_line,2,0.81
P01948,43,67,targeted_therapy,first_line,3,0.89
P01948,67,87,targeted_therapy,first_line,4,0.91
P01948,100,109,targeted_therapy,first_line,5,0.82
P01948,107,130,targeted_therapy,first_line,6,0.88
P01948,131,138,targeted_therapy,first_line,7,0.86
P01948,147,172,targeted_therapy,first_line,8,0.91
P01948,168,185,targeted_therapy,first_line,9,0.93
P01949,2,23,chemotherapy,first_line,1,0.94
P01949,32,45,chemotherapy,first_line,2,0.83
P01949,46,67,chemotherapy,first_line,3,0.96
P01949,68,83,chemotherapy,first_line,4,0.94
P01949,84,106,chemotherapy,first_line,5,0.98
P01949,111,126,chemotherapy,first_line,6,0.89
P01949,134,150,chemotherapy,first_line,7,0.98
P01949,152,169,chemotherapy,first_line,8,0.97
P01949,177,184,chemotherapy,first_line,9,0.89
P01950,1,27,targeted_therapy,first_line,1,0.88
P01950,22,40,targeted_therapy,first_line,2,0.99
P01950,58,67,targeted_therapy,first_line,3,0.94
P01950,81,88,targeted_therapy,first_line,4,0.99
P01950,89,100,targeted_therapy,first_line,5,0.96
P01950,109,125,targeted_therapy,first_line,6,0.92
P01950,132,145,targeted_therapy,first_line,7,0.82
P01950,153,174,targeted_therapy,first_line,8,0.86
P01950,174,181,targeted_therapy,first_line,9,0.99
P01951,2,27,combination_therapy,first_line,1,0.86
P01951,21,46,combination_therapy,first_line,2,0.82
P01951,44,64,combination_therapy,first_line,3,0.94
P01951,73,86,combination_therapy,first_line,4,0.95
P01951,85,108,combination_therapy,first_line,5,0.86
P01951,105,117,combination_therapy,first_line,6,0.86
P01951,135,149,combination_therapy,first_line,7,0.89
P01951,150,173,combination_therapy,first_line,8,0.8
P01951,177,184,combination_therapy,first_line,9,0.96
P01952,1,24,chemotherapy,first_line,1,0.86
P01952,29,45,chemotherapy,first_line,2,0.97
P01952,57,67,chemotherapy,first_line,3,0.96
P01952,63,87,chemotherapy,first_line,4,0.93
P01952,86,106,chemotherapy,first_line,5,0.86
P01952,121,131,chemotherapy,first_line,6,0.9
P01952,126,153,chemotherapy,first_line,7,0.89
P01952,158,169,chemotherapy,first_line,8,0.87
P01952,170,185,chemotherapy,first_line,9,0.97
P01953,1,25,immunotherapy,first_line,1,0.9
P01953,24,45,immunotherapy,first_line,2,0.97
P01953,43,52,immunotherapy,first_line,3,0.82
P01953,66,86,immunotherapy,first_line,4,0.83
P01953,91,98,immunotherapy,first_line,5,1.0
P01953,114,131,immunotherapy,first_line,6,0.92
P01953,128,143,immunotherapy,first_line,7,0.9
P01953,151,168,immunotherapy,first_line,8,0.9
P01954,0,26,combination_therapy,first_line,1,0.84
P01954,25,47,combination_therapy,first_line,2,0.94
P01954,42,69,combination_therapy,first_line,3,0.82
P01954,67,90,combination_therapy,first_line,4,0.91
P01954,85,110,combination_therapy,first_line,5,0.91
P01954,106,126,combination_therapy,first_line,6,0.98
P01954,126,153,combination_therapy,first_line,7,0.91
P01954,149,172,combination_therapy,first_line,8,0.83
P01954,177,184,combination_therapy,first_line,9,0.91
P01955,2,27,chemotherapy,first_line,1,0.82
P01955,23,30,chemotherapy,first_line,2,0.84
P01955,44,67,chemotherapy,first_line,3,0.81
P01955,75,82,chemotherapy,first_line,4,0.9
P01955,89,100,chemotherapy,first_line,5,0.82
P01955,107,129,chemotherapy,first_line,6,0.89
P01955,128,147,chemotherapy,first_line,7,0.99
P01955,151,173,chemotherapy,first_line,8,0.94
P01955,174,183,chemotherapy,first_line,9,0.82
P01956,2,23,combination_therapy,first_line,1,0.84
P01956,23,46,combination_therapy,first_line,2,0.93
P01956,51,67,combination_therapy,first_line,3,0.98
P01956,68,90,combination_therapy,first_line,4,0.81
P01956,90,104,combination_therapy,first_line,5,0.96
P01956,107,119,combination_therapy,first_line,6,0.91
P01956,129,143,combination_therapy,first_line,7,0.91
P01956,151,170,combination_therapy,first_line,8,0.99
P01956,168,185,combination_therapy,first_line,9,0.95
P01957,1,27,targeted_therapy,first_line,1,0.97
P01957,31,46,targeted_therapy,first_line,2,0.87
P01957,47,69,targeted_therapy,first_line,3,0.91
P01957,63,80,targeted_therapy,first_line,4,0.92
P01957,87,111,targeted_therapy,first_line,5,0.86
P01957,118,132,targeted_therapy,first_line,6,0.91
P01957,144,153,targeted_therapy,first_line,7,0.85
P01957,160,172,targeted_therapy,first_line,8,0.83
P01957,177,184,targeted_therapy,first_line,9,0.87
P01958,9,17,combination_therapy,first_line,1,0.95
P01958,31,38,combination_therapy,first_line,2,0.98
P01958,56,67,combination_therapy,first_line,3,0.89
P01958,76,83,combination_therapy,first_line,4,0.93
P01958,84,105,combination_therapy,first_line,5,0.82
P01958,106,130,combination_therapy,first_line,6,0.98
P01958,127,147,combination_therapy,first_line,7,0.91
P01958,151,172,combination_therapy,first_line,8,0.96
P01958,168,185,combination_therapy,first_line,9,0.96
P01959,7,15,chemotherapy,first_line,1,0.85
P01959,21,45,chemotherapy,first_line,2,0.91
P01959,48,68,chemotherapy,first_line,3,0.99
P01959,72,89,chemotherapy,first_line,4,0.82
P01959,86,107,chemotherapy,first_line,5,0.94
P01959,118,132,chemotherapy,first_line,6,0.99
P01959,132,142,chemotherapy,first_line,7,0.86
P01959,151,169,chemotherapy,first_line,8,0.97
P01959,178,185,chemotherapy,first_line,9,0.99
P01960,6,26,targeted_therapy,first_line,1,0.95
P01960,25,37,targeted_therapy,first_line,2,0.85
P01960,50,68,targeted_therapy,first_line,3,0.87
P01960,63,87,targeted_therapy,first_line,4,0.81
P01960,85,106,targeted_therapy,first_line,5,0.97
P01960,105,123,targeted_therapy,first_line,6,0.97
P01960,132,148,targeted_therapy,first_line,7,0.93
P01960,157,174,targeted_therapy,first_line,8,0.87
P01960,174,181,targeted_therapy,first_line,9,0.82
P01961,0,23,combination_therapy,first_line,1,0.95
P01961,22,36,combination_therapy,first_line,2,0.95
P01961,42,62,combination_therapy,first_line,3,0.98
P01961,67,85,combination_therapy,first_line,4,0.95
P01961,84,107,combination_therapy,first_line,5,0.97
P01961,105,128,combination_therapy,first_line,6,0.95
P01961,130,151,combination_therapy,first_line,7,0.93
P01961,164,171,combination_therapy,first_line,8,0.89
P01962,8,25,immunotherapy,first_line,1,0.98
P01962,21,46,immunotherapy,first_line,2,0.93
P01962,53,65,immunotherapy,first_line,3,0.88
P01962,66,89,immunotherapy,first_line,4,0.82
P01962,84,99,immunotherapy,first_line,5,0.86
P01962,107,131,immunotherapy,first_line,6,0.91
P01962,126,153,immunotherapy,first_line,7,0.86
P01962,153,169,immunotherapy,first_line,8,0.84
P01962,168,177,immunotherapy,first_line,9,0.91
P01963,3,26,combination_therapy,first_line,1,0.83
P01963,25,45,combination_therapy,first_line,2,0.96
P01963,66,73,combination_therapy,first_line,4,0.9
P01963,90,110,combination_therapy,first_line,5,0.91
P01963,111,130,combination_therapy,first_line,6,0.83
P01963,135,150,combination_therapy,first_line,7,0.86
P01963,148,170,combination_therapy,first_line,8,0.88
P01963,170,186,combination_therapy,first_line,9,0.96
P01964,3,27,targeted_therapy,first_line,1,0.95
P01964,25,42,targeted_therapy,first_line,2,0.84
P01964,50,62,targeted_therapy,first_line,3,0.92
P01964,68,83,targeted_therapy,first_line,4,0.85
P01964,87,106,targeted_therapy,first_line,5,1.0
P01964,109,132,targeted_therapy,first_line,6,0.99
P01964,131,147,targeted_therapy,first_line,7,0.91
P01964,152,170,targeted_therapy,first_line,8,0.94
P01964,170,185,targeted_therapy,first_line,9,0.96
P01965,11,24,targeted_therapy,first_line,1,0.94
P01965,22,47,targeted_therapy,first_line,2,0.94
P01965,42,69,targeted_therapy,first_line,3,0.99
P01965,64,89,targeted_therapy,first_line,4,0.92
P01965,91,111,targeted_therapy,first_line,5,0.93
P01965,105,131,targeted_therapy,first_line,6,0.97
P01965,143,153,targeted_therapy,first_line,7,0.93
P01965,148,173,targeted_therapy,first_line,8,0.95
P01965,168,186,targeted_therapy,first_line,9,0.85
P01966,11,26,combination_therapy,first_line,1,0.87
P01966,22,44,combination_therapy,first_line,2,0.83
P01966,47,68,combination_therapy,first_line,3,0.9
P01966,75,90,combination_therapy,first_line,4,0.89
P01966,84,110,combination_therapy,first_line,5,1.0
P01966,112,126,combination_therapy,first_line,6,0.92
P01966,133,148,combination_therapy,first_line,7,0.96
P01966,148,155,combination_therapy,first_line,8,0.87
P01966,172,184,combination_therapy,first_line,9,0.97
P01967,1,25,targeted_therapy,first_line,1,0.92
P01967,26,42,targeted_therapy,first_line,2,0.94
P01967,63,78,targeted_therapy,first_line,4,0.86
P01967,89,110,targeted_therapy,first_line,5,0.91
P01967,120,132,targeted_therapy,first_line,6,0.93
P01967,144,151,targeted_therapy,first_line,7,0.92
P01967,150,170,targeted_therapy,first_line,8,0.98
P01967,171,186,targeted_therapy,first_line,9,0.98
P01968,17,24,combination_therapy,first_line,1,0.99
P01968,27,46,combination_therapy,first_line,2,0.93
P01968,43,64,combination_therapy,first_line,3,0.99
P01968,64,71,combination_therapy,first_line,4,0.97
P01968,84,110,combination_therapy,first_line,5,0.85
P01968,106,127,combination_therapy,first_line,6,0.89
P01968,130,151,combination_therapy,first_line,7,0.85
P01968,160,167,combination_therapy,first_line,8,0.8
P01968,172,186,combination_therapy,first_line,9,0.84
P01969,0,25,chemotherapy,first_line,1,0.8
P01969,27,40,chemotherapy,first_line,2,0.94
P01969,45,66,chemotherapy,first_line,3,0.89
P01969,75,87,chemotherapy,first_line,4,0.86
P01969,87,108,chemotherapy,first_line,5,0.95
P01969,108,120,chemotherapy,first_line,6,0.97
P01969,130,149,chemotherapy,first_line,7,1.0
P01969,147,173,chemotherapy,first_line,8,0.93
P01969,170,186,chemotherapy,first_line,9,0.89
P01970,0,27,immunotherapy,first_line,1,0.86
P01970,28,42,immunotherapy,first_line,2,0.84
P01970,42,59,immunotherapy,first_line,3,0.84
P01970,64,83,immunotherapy,first_line,4,0.88
P01970,85,108,immunotherapy,first_line,5,1.0
P01970,111,130,immunotherapy,first_line,6,0.8
P01970,130,149,immunotherapy,first_line,7,0.84
P01970,147,172,immunotherapy,first_line,8,0.84
P01970,172,179,immunotherapy,first_line,9,0.94
P01971,0,26,chemotherapy,first_line,1,0.87
P01971,26,41,chemotherapy,first_line,2,0.89
P01971,42,65,chemotherapy,first_line,3,0.83
P01971,63,90,chemotherapy,first_line,4,0.88
P01971,84,109,chemotherapy,first_line,5,0.82
P01971,109,116,chemotherapy,first_line,6,0.91
P01971,127,149,chemotherapy,first_line,7,0.82
P01971,149,170,chemotherapy,first_line,8,0.96
P01971,177,184,chemotherapy,first_line,9,0.91
P01972,4,27,immunotherapy,first_line,1,0.94
P01972,30,48,immunotherapy,first_line,2,0.88
P01972,53,69,immunotherapy,first_line,3,0.88
P01972,63,88,immunotherapy,first_line,4,0.82
P01972,85,110,immunotherapy,first_line,5,0.9
P01972,107,120,immunotherapy,first_line,6,0.9
P01972,126,133,immunotherapy,first_line,7,0.89
P01972,149,173,immunotherapy,first_line,8,0.95
P01972,170,178,immunotherapy,first_line,9,0.97
P01973,4,24,combination_therapy,first_line,1,0.95
P01973,23,47,combination_therapy,first_line,2,0.83
P01973,56,67,combination_therapy,first_line,3,0.92
P01973,64,75,combination_therapy,first_line,4,0.82
P01973,93,106,combination_therapy,first_line,5,0.94
P01973,123,132,combination_therapy,first_line,6,0.88
P01973,127,139,combination_therapy,first_line,7,0.83
P01973,151,170,combination_therapy,first_line,8,0.97
P01973,168,183,combination_therapy,first_line,9,0.92
P01974,0,12,immunotherapy,first_line,1,0.87
P01974,24,43,immunotherapy,first_line,2,0.81
P01974,44,62,immunotherapy,first_line,3,0.91
P01974,72,89,immunotherapy,first_line,4,0.98
P01974,91,107,immunotherapy,first_line,5,0.92
P01974,107,130,immunotherapy,first_line,6,0.99
P01974,135,142,immunotherapy,first_line,7,0.83
P01974,149,173,immunotherapy,first_line,8,0.91
P01974,175,185,immunotherapy,first_line,9,0.96
P01975,1,26,immunotherapy,first_line,1,0.91
P01975,45,67,immunotherapy,first_line,3,0.82
P01975,64,89,immunotherapy,first_line,4,0.92
P01975,93,106,immunotherapy,first_line,5,0.92
P01975,105,120,immunotherapy,first_line,6,0.95
P01975,130,153,immunotherapy,first_line,7,0.95
P01975,154,170,immunotherapy,first_line,8,0.95
P01976,2,26,combination_therapy,first_line,1,0.93
P01976,22,45,combination_therapy,first_line,2,0.84
P01976,49,66,combination_therapy,first_line,3,0.88
P01976,66,86,combination_therapy,first_line,4,0.96
P01976,85,110,combination_therapy,first_line,5,0.99
P01976,115,124,combination_therapy,first_line,6,0.82
P01976,133,145,combination_therapy,first_line,7,0.91
P01976,149,174,combination_therapy,first_line,8,0.86
P01976,170,178,combination_therapy,first_line,9,0.85
P01977,0,23,combination_therapy,first_line,1,0.9
P01977,27,45,combination_therapy,first_line,2,0.92
P01977,53,66,combination_therapy,first_line,3,0.8
P01977,76,86,combination_therapy,first_line,4,0.96
P01977,93,110,combination_therapy,first_line,5,0.96
P01977,107,130,combination_therapy,first_line,6,0.99
P01977,126,133,combination_therapy,first_line,7,0.84
P01977,149,174,combination_therapy,first_line,8,0.92
P01977,171,184,combination_therapy,first_line,9,0.89
P01978,3,26,combination_therapy,first_line,1,0.87
P01978,22,48,combination_therapy,first_line,2,0.91
P01978,51,58,combination_therapy,first_line,3,0.96
P01978,65,88,combination_therapy,first_line,4,0.8
P01978,87,111,combination_therapy,first_line,5,0.99
P01978,107,119,combination_therapy,first_line,6,0.96
P01978,127,150,combination_therapy,first_line,7,0.95
P01978,151,174,combination_therapy,first_line,8,0.95
P01978,172,180,combination_therapy,first_line,9,0.88
P01979,0,18,combination_therapy,first_line,1,0.95
P01979,23,32,combination_therapy,first_line,2,0.88
P01979,49,69,combination_therapy,first_line,3,0.98
P01979,68,90,combination_therapy,first_line,4,0.84
P01979,96,109,combination_therapy,first_line,5,0.86
P01979,107,131,combination_therapy,first_line,6,0.91
P01979,146,153,combination_therapy,first_line,7,0.86
P01979,150,169,combination_therapy,first_line,8,0.88
P01979,174,183,combination_therapy,first_line,9,0.9
P01980,0,27,targeted_therapy,first_line,1,0.97
P01980,29,43,targeted_therapy,first_line,2,0.9
P01980,43,68,targeted_therapy,first_line,3,0.87
P01980,81,88,targeted_therapy,first_line,4,0.85
P01980,88,109,targeted_therapy,first_line,5,0.88
P01980,114,130,targeted_therapy,first_line,6,0.9
P01980,133,149,targeted_therapy,first_line,7,0.95
P01980,150,174,targeted_therapy,first_line,8,0.82
P01980,169,184,targeted_therapy,first_line,9,0.84
P01981,8,26,combination_therapy,first_line,1,0.88
P01981,32,44,combination_therapy,first_line,2,0.87
P01981,50,66,combination_therapy,first_line,3,0.88
P01981,64,90,combination_therapy,first_line,4,0.96
P01981,90,97,combination_therapy,first_line,5,0.86
P01981,108,126,combination_therapy,first_line,6,0.9
P01981,129,150,combination_therapy,first_line,7,0.92
P01981,160,171,combination_therapy,first_line,8,0.85
P01981,171,178,combination_therapy,first_line,9,0.94
P01982,1,17,combination_therapy,first_line,1,0.91
P01982,22,47,combination_therapy,first_line,2,0.89
P01982,62,69,combination_therapy,first_line,3,0.96
P01982,63,90,combination_therapy,first_line,4,0.85
P01982,88,110,combination_therapy,first_line,5,0.98
P01982,105,129,combination_therapy,first_line,6,0.91
P01982,132,151,combination_therapy,first_line,7,0.92
P01982,152,173,combination_therapy,first_line,8,0.98
P01982,171,185,combination_therapy,first_line,9,0.96
P01983,0,9,combination_therapy,first_line,1,0.92
P01983,27,37,combination_therapy,first_line,2,0.95
P01983,52,62,combination_therapy,first_line,3,0.89
P01983,63,89,combination_therapy,first_line,4,0.91
P01983,100,107,combination_therapy,first_line,5,0.81
P01983,106,131,combination_therapy,first_line,6,0.82
P01983,136,153,combination_therapy,first_line,7,0.97
P01983,150,171,combination_therapy,first_line,8,0.81
P01983,172,184,combination_therapy,first_line,9,0.83
P01984,19,26,chemotherapy,first_line,1,0.96
P01984,21,45,chemotherapy,first_line,2,0.8
P01984,48,59,chemotherapy,first_line,3,0.86
P01984,63,70,chemotherapy,first_line,4,0.92
P01984,92,109,chemotherapy,first_line,5,0.92
P01984,105,126,chemotherapy,first_line,6,0.96
P01984,128,141,chemotherapy,first_line,7,0.9
P01984,150,157,chemotherapy,first_line,8,0.9
P01984,169,178,chemotherapy,first_line,9,0.95
P01985,7,27,targeted_therapy,first_line,1,0.9
P01985,21,37,targeted_therapy,first_line,2,0.92
P01985,47,60,targeted_therapy,first_line,3,0.98
P01985,68,82,targeted_therapy,first_line,4,0.88
P01985,85,96,targeted_therapy,first_line,5,0.88
P01985,112,132,targeted_therapy,first_line,6,0.8
P01985,132,139,targeted_therapy,first_line,7,0.92
P01985,149,173,targeted_therapy,first_line,8,0.81
P01985,170,179,targeted_therapy,first_line,9,0.9
P01986,3,25,immunotherapy,first_line,1,0.96
P01986,21,28,immunotherapy,first_line,2,0.91
P01986,44,68,immunotherapy,first_line,3,0.85
P01986,65,90,immunotherapy,first_line,4,0.96
P01986,88,110,immunotherapy,first_line,5,0.85
P01986,114,127,immunotherapy,first_line,6,0.95
P01986,141,148,immunotherapy,first_line,7,0.92
P01986,159,173,immunotherapy,first_line,8,0.83
P01986,171,178,immunotherapy,first_line,9,0.98
P01987,3,24,targeted_therapy,first_line,1,0.84
P01987,22,45,targeted_therapy,first_line,2,1.0
P01987,42,60,targeted_therapy,first_line,3,0.8
P01987,63,83,targeted_therapy,first_line,4,0.85
P01987,88,109,targeted_therapy,first_line,5,0.84
P01987,107,130,targeted_therapy,first_line,6,0.8
P01987,135,151,targeted_therapy,first_line,7,0.95
P01987,155,168,targeted_therapy,first_line,8,0.94
P01988,0,25,immunotherapy,first_line,1,0.96
P01988,28,45,immunotherapy,first_line,2,0.85
P01988,42,61,immunotherapy,first_line,3,0.89
P01988,63,89,immunotherapy,first_line,4,0.93
P01988,86,108,immunotherapy,first_line,5,0.89
P01988,110,130,immunotherapy,first_line,6,0.94
P01988,126,152,immunotherapy,first_line,7,0.93
P01988,154,171,immunotherapy,first_line,8,0.82
P01988,171,178,immunotherapy,first_line,9,0.96
P01989,0,25,combination_therapy,first_line,1,0.94
P01989,27,43,combination_therapy,first_line,2,0.93
P01989,42,66,combination_therapy,first_line,3,0.83
P01989,86,109,combination_therapy,first_line,5,0.85
P01989,114,131,combination_therapy,first_line,6,0.88
P01989,129,151,combination_therapy,first_line,7,0.86
P01989,155,162,combination_therapy,first_line,8,0.85
P01989,169,186,combination_therapy,first_line,9,0.96
P01990,7,17,immunotherapy,first_line,1,0.93
P01990,21,48,immunotherapy,first_line,2,0.91
P01990,56,68,immunotherapy,first_line,3,0.85
P01990,72,82,immunotherapy,first_line,4,0.98
P01990,84,110,immunotherapy,first_line,5,0.84
P01990,113,120,immunotherapy,first_line,6,0.96
P01990,128,152,immunotherapy,first_line,7,0.99
P01990,164,172,immunotherapy,first_line,8,0.95
P01990,177,184,immunotherapy,first_line,9,1.0
P01991,1,27,combination_therapy,first_line,1,0.93
P01991,28,35,combination_therapy,first_line,2,0.84
P01991,50,69,combination_therapy,first_line,3,0.84
P01991,65,90,combination_therapy,first_line,4,0.86
P01991,89,110,combination_therapy,first_line,5,0.8
P01991,106,130,combination_therapy,first_line,6,0.94
P01991,126,150,combination_therapy,first_line,7,0.85
P01991,150,157,combination_therapy,first_line,8,0.96
P01992,7,27,immunotherapy,first_line,1,0.87
P01992,25,40,immunotherapy,first_line,2,0.9
P01992,56,63,immunotherapy,first_line,3,0.99
P01992,63,88,immunotherapy,first_line,4,0.85
P01992,91,101,immunotherapy,first_line,5,0.94
P01992,109,128,immunotherapy,first_line,6,0.95
P01992,146,153,immunotherapy,first_line,7,0.84
P01992,164,172,immunotherapy,first_line,8,0.9
P01992,169,183,immunotherapy,first_line,9,0.87
P01993,14,21,immunotherapy,first_line,1,0.95
P01993,21,43,immunotherapy,first_line,2,0.92
P01993,43,68,immunotherapy,first_line,3,0.9
P01993,68,89,immunotherapy,first_line,4,0.96
P01993,86,111,immunotherapy,first_line,5,0.85
P01993,105,120,immunotherapy,first_line,6,0.95
P01993,128,153,immunotherapy,first_line,7,0.97
P01993,149,171,immunotherapy,first_line,8,0.98
P01993,178,185,immunotherapy,first_line,9,0.96
P01994,3,24,combination_therapy,first_line,1,0.88
P01994,24,48,combination_therapy,first_line,2,1.0
P01994,46,64,combination_therapy,first_line,3,0.88
P01994,69,86,combination_therapy,first_line,4,0.93
P01994,97,111,combination_therapy,first_line,5,0.83
P01994,105,112,combination_therapy,first_line,6,1.0
P01994,131,140,combination_therapy,first_line,7,0.94
P01994,147,173,combination_therapy,first_line,8,0.95
P01994,171,178,combination_therapy,first_line,9,0.81
P01995,5,24,targeted_therapy,first_line,1,0.95
P01995,22,45,targeted_therapy,first_line,2,0.95
P01995,51,69,targeted_therapy,first_line,3,0.93
P01995,66,86,targeted_therapy,first_line,4,0.86
P01995,94,109,targeted_therapy,first_line,5,0.9
P01995,108,126,targeted_therapy,first_line,6,0.82
P01995,129,153,targeted_therapy,first_line,7,0.89
P01995,147,170,targeted_therapy,first_line,8,0.85
P01995,170,186,targeted_therapy,first_line,9,0.87
P01996,2,25,combination_therapy,first_line,1,0.83
P01996,22,35,combination_therapy,first_line,2,0.85
P01996,51,68,combination_therapy,first_line,3,0.82
P01996,68,87,combination_therapy,first_line,4,0.98
P01996,108,130,combination_therapy,first_line,6,0.91
P01996,129,149,combination_therapy,first_line,7,0.88
P01996,150,169,combination_therapy,first_line,8,0.91
P01996,175,182,combination_therapy,first_line,9,0.93
P01997,5,16,combination_therapy,first_line,1,0.98
P01997,27,34,combination_therapy,first_line,2,0.84
P01997,56,66,combination_therapy,first_line,3,0.86
P01997,67,85,combination_therapy,first_line,4,1.0
P01997,87,106,combination_therapy,first_line,5,0.87
P01997,111,131,combination_therapy,first_line,6,0.8
P01997,136,148,combination_therapy,first_line,7,0.83
P01997,150,171,combination_therapy,first_line,8,0.81
P01997,173,182,combination_therapy,first_line,9,1.0
P01998,5,25,combination_therapy,first_line,1,0.86
P01998,28,43,combination_therapy,first_line,2,0.98
P01998,51,65,combination_therapy,first_line,3,1.0
P01998,67,84,combination_therapy,first_line,4,0.92
P01998,88,98,combination_therapy,first_line,5,0.81
P01998,107,121,combination_therapy,first_line,6,0.82
P01998,131,140,combination_therapy,first_line,7,0.9
P01998,150,173,combination_therapy,first_line,8,0.88
P01998,168,175,combination_therapy,first_line,9,0.92
P01999,0,7,immunotherapy,first_line,1,0.89
P01999,22,48,immunotherapy,first_line,2,0.99
P01999,45,69,immunotherapy,first_line,3,0.91
P01999,70,90,immunotherapy,first_line,4,0.94
P01999,86,110,immunotherapy,first_line,5,0.98
P01999,108,130,immunotherapy,first_line,6,0.83
P01999,133,151,immunotherapy,first_line,7,0.85
P01999,149,172,immunotherapy,first_line,8,0.82
P01999,172,185,immunotherapy,first_line,9,0.83
P02000,4,17,chemotherapy,first_line,1,0.9
P02000,26,36,chemotherapy,first_line,2,0.86
P02000,43,69,chemotherapy,first_line,3,0.88
P02000,82,89,chemotherapy,first_line,4,1.0
P02000,89,110,chemotherapy,first_line,5,0.83
P02000,106,131,chemotherapy,first_line,6,0.91
P02000,127,149,chemotherapy,first_line,7,0.82
P02000,147,171,chemotherapy,first_line,8,0.86
P02000,179,186,chemotherapy,first_line,9,0.91
