patient_id,day,ctdna_level,biomarker_2,tumor_volume,treatment,outcome
P0000,0,73.84977941756618,0.0686676985361272,4.237279389625486,Type_A,Responder
P0000,6,32.22118240441174,2.5796684101065335,,Type_A,Responder
P0000,12,14.140195945407788,3.8342261277028626,,Type_A,Responder
P0000,20,10.824701492504076,3.1755876674762424,0.5809628563473157,Type_A,Responder
P0000,29,0.0,1.2621037347992163,0.14526022564344665,Type_A,Responder
P0000,33,,2.736945740438661,0.2018702693604577,Type_A,Responder
P0001,1,175.7685708403509,1.8993997916131662,3.691936485292685,Type_A,Non-Responder
P0001,3,218.50425400536403,0.0,4.178747959831347,Type_A,Non-Responder
P0001,12,590.8354958301499,2.2619909806492524,7.048637477721176,Type_A,Non-Responder
P0001,21,1550.6425288912305,0.0,,Type_A,Non-Responder
P0001,24,2122.4593735062117,0.9377434193661591,14.27134977781154,Type_A,Non-Responder
P0001,35,,3.5670464402025104,26.543741335064524,Type_A,Non-Responder
P0001,41,12903.763653537677,0.0,36.9326396527196,Type_A,Non-Responder
P0002,2,188.20411946551582,4.3669859620348985,13.338019828416735,Type_B,Responder
P0002,5,152.95910291570456,6.897002252992634,10.868745730732421,Type_B,Responder
P0002,11,,6.806930295690315,7.609507974743589,Type_B,Responder
P0002,21,45.621096508220496,6.2464131073440345,4.078271640160328,Type_B,Responder
P0002,29,23.801247376192904,5.735721351138515,2.5840146922756833,Type_B,Responder
P0002,34,17.24368661994832,7.043393575867523,1.909122329359961,Type_B,Responder
P0003,0,83.81498915225225,10.290755345676157,4.167827193569677,Type_A,Non-Responder
P0003,7,109.78592069250564,9.48571741083232,5.76220985201781,Type_A,Non-Responder
P0003,11,126.93460801642668,13.287088042007406,6.735864749034263,Type_A,Non-Responder
P0003,21,,8.578427633523317,9.679023741936003,Type_A,Non-Responder
P0003,29,207.8817749984596,8.35661177342338,13.029755407517131,Type_A,Non-Responder
P0003,38,299.286814483511,9.876430568219417,18.987842949310238,Type_A,Non-Responder
P0003,40,325.2017839293819,9.099855315511737,20.447099892150007,Type_A,Non-Responder
P0004,0,146.25761773728422,,3.824749021348025,Type_A,Non-Responder
P0004,5,,10.894483973451582,3.687346756678298,Type_A,Non-Responder
P0004,15,,8.97100328914155,3.7283248287399844,Type_A,Non-Responder
P0004,18,1679.7132785049878,9.64219258194009,3.947760989788659,Type_A,Non-Responder
P0004,28,7153.543205515815,10.42082226332137,3.5099348367085277,Type_A,Non-Responder
P0004,35,19189.863947802012,8.861092208372861,3.5979363605847055,Type_A,Non-Responder
P0004,43,63799.397753606434,10.669997018287535,3.3498048872715587,Type_A,Non-Responder
P0004,49,,10.4251948773682,3.453681656284637,Type_A,Non-Responder
P0005,1,149.79714026345798,6.530663975360756,19.16473709552086,Type_A,Responder
P0005,7,,4.253289283422908,17.21160604861297,Type_A,Responder
P0005,15,153.0295537266497,6.33026473933671,15.079019090328572,Type_A,Responder
P0005,20,166.818574381978,6.292971371796615,13.611048372921772,Type_A,Responder
P0005,27,175.91745759190144,4.814583036732609,12.429377166790122,Type_A,Responder
P0005,38,202.75834501703275,3.951934173438886,10.16715234645706,Type_A,Responder
P0005,43,186.13966007601124,5.730756278807249,9.045652911211212,Type_A,Responder
P0005,47,200.025579186007,6.11410483295945,8.721430749041783,Type_A,Responder
P0006,0,27.172880028060312,0.8931877331625141,3.394793551933768,Type_B,Non-Responder
P0006,8,90.43035910406498,3.0829661393140455,4.346110974072904,Type_B,Non-Responder
P0006,17,330.2741409025832,2.4041987757161563,6.039906768133039,Type_B,Non-Responder
P0006,18,399.18990620744154,0.0,6.27755406803469,Type_B,Non-Responder
P0006,25,1122.63933886554,0.9464471786710191,7.765122854855918,Type_B,Non-Responder
P0006,33,3751.7500312848306,0.7162072106501494,,Type_B,Non-Responder
P0006,41,11946.141497717468,0.0,,Type_B,Non-Responder
P0006,49,39884.74843594665,1.6150716197336616,16.26678868857043,Type_B,Non-Responder
P0007,0,4.940994542378375,,5.164742976930326,Type_B,Non-Responder
P0007,6,,9.080918051160713,7.064514117778974,Type_B,Non-Responder
P0007,13,20.894402306179227,6.291324622258789,9.870920746388197,Type_B,Non-Responder
P0007,18,24.21931905388153,6.736983142590871,12.598513320249124,Type_B,Non-Responder
P0007,24,40.66672224559698,7.874551315409315,16.882303244754308,Type_B,Non-Responder
P0007,35,82.26019931872294,8.171572580863847,28.47801805924149,Type_B,Non-Responder
P0008,0,23.164065846812235,2.665098386259281,8.383219745873502,Type_A,Responder
P0008,5,12.01338008666724,,7.609928063861277,Type_A,Responder
P0008,15,3.4265575091142297,2.809432067962809,5.871164563853473,Type_A,Responder
P0008,17,3.0524594094015587,4.5430426889447295,5.733818749001111,Type_A,Responder
P0008,28,2.8707530047236633,1.0308549467745447,4.297009787334617,Type_A,Responder
P0008,35,1.5931169383089983,4.489317311014155,3.570410897199234,Type_A,Responder
P0008,41,0.47491886974086217,2.764332809017313,2.9364008062508287,Type_A,Responder
P0008,50,2.059982331046661,4.215547703302554,2.293940102929688,Type_A,Responder
P0009,0,35.923305912817476,9.720554951731257,4.587575235605317,Type_B,Responder
P0009,9,5.415767235516104,9.004493412569822,2.6339020312271915,Type_B,Responder
P0009,17,,8.547479731256471,1.634855190517718,Type_B,Responder
P0009,22,0.043749777705526016,10.799301857958863,1.0797215781433698,Type_B,Responder
P0009,27,2.475134888681527,,0.8488500564331358,Type_B,Responder
P0010,0,44.92096635391774,,4.8862429088497805,Type_A,Responder
P0010,9,7.521182013932346,10.174007190675349,2.1159166379374534,Type_A,Responder
P0010,11,,11.241860487530658,2.045779751236056,Type_A,Responder
P0010,21,0.7661410251102323,9.741089340982906,0.7177922811789762,Type_A,Responder
P0010,27,,,0.5780498724298057,Type_A,Responder
P0010,32,2.85901365578552,8.217198345598284,0.27420528093996155,Type_A,Responder
P0011,0,31.70074244404027,7.800138023483863,3.078426833390333,Type_B,Non-Responder
P0011,5,43.04631579439526,10.227897995933539,,Type_B,Non-Responder
P0011,14,71.41571233825556,,3.692787729791829,Type_B,Non-Responder
P0011,20,98.47856687919655,8.711867368723436,3.871385598219108,Type_B,Non-Responder
P0011,26,,10.21061629554948,4.258213172484449,Type_B,Non-Responder
P0011,34,,9.75282684175301,4.612027912028882,Type_B,Non-Responder
P0012,0,40.1650009602702,8.900133977614828,3.387275617895898,Type_A,Non-Responder
P0012,6,44.94715625567014,,4.4136224221689195,Type_A,Non-Responder
P0012,14,54.036462195519725,,6.493958872101283,Type_A,Non-Responder
P0012,20,,7.386864715685392,8.649875922350624,Type_A,Non-Responder
P0013,0,16.637801047136673,8.553950047804118,12.782724867971055,Type_B,Non-Responder
P0013,4,16.54214789936633,8.112001691583453,12.960843585624119,Type_B,Non-Responder
P0013,13,47.56118129838119,8.702799764018268,14.50921596586336,Type_B,Non-Responder
P0013,22,102.17927770689953,8.317864211684443,17.036975082017946,Type_B,Non-Responder
P0013,30,217.95534610147593,9.549720425999288,18.80079363337627,Type_B,Non-Responder
P0013,33,290.5701440497043,,19.64818586132375,Type_B,Non-Responder
P0014,1,18.039384213317188,5.516373803625582,11.029586337850985,Type_B,Responder
P0014,8,12.107248262910268,5.859529370837966,9.578890546747033,Type_B,Responder
P0014,13,6.351413066177894,,8.350509687894874,Type_B,Responder
P0014,21,3.622374220358839,7.374074206553783,6.999587654651587,Type_B,Responder
P0014,28,,5.6193318316257495,5.7661291596806405,Type_B,Responder
P0014,35,0.0,,,Type_B,Responder
P0015,0,,7.699662525061153,15.402585486134768,Type_B,Responder
P0015,6,17.29066168170199,8.651443031210041,11.011407894448421,Type_B,Responder
P0015,13,5.828923397031935,8.108601909349927,7.735302972482996,Type_B,Responder
P0015,22,,7.314551840670779,4.8276698864561185,Type_B,Responder
P0015,27,,5.5605309756437515,3.940315877364834,Type_B,Responder
P0015,34,0.0,6.303146387661527,2.6375140898515825,Type_B,Responder
P0015,43,0.036669307408256774,5.832941388569257,1.6418685549588437,Type_B,Responder
P0016,1,6.468535738123571,,7.531759445844289,Type_A,Responder
P0016,7,4.203431048464831,1.9699035435578862,4.357341323116493,Type_A,Responder
P0016,14,1.6080051182464192,,2.4497075404343205,Type_A,Responder
P0016,20,1.357638694731678,0.7610317379373378,1.3679063036864731,Type_A,Responder
P0016,26,,1.54632671225631,0.8330811683524492,Type_A,Responder
P0017,0,126.77837689681573,3.9694182527081896,12.430137707547976,Type_B,Non-Responder
P0017,9,280.091354327993,4.802860443080623,19.10370646173012,Type_B,Non-Responder
P0017,14,396.73785061299077,5.604588187131836,23.883534264944043,Type_B,Non-Responder
P0017,20,624.3315788946921,4.888690558987431,30.97315136803363,Type_B,Non-Responder
P0017,24,877.6730883830717,3.1501903400687055,37.427296243721685,Type_B,Non-Responder
P0017,34,2173.9504721256503,4.780975836283229,61.61633003947801,Type_B,Non-Responder
P0017,42,4370.023395766484,,87.88396176832542,Type_B,Non-Responder
P0018,0,85.3295155788373,8.317938172332477,7.948823733036377,Type_A,Non-Responder
P0018,6,73.43704880635319,9.2522395624274,9.133720695875084,Type_A,Non-Responder
P0018,14,53.15849346467951,9.688687639805577,11.299520879528512,Type_A,Non-Responder
P0018,20,47.57160948231348,9.439457208426193,12.990125212588518,Type_A,Non-Responder
P0018,27,37.0461321848919,7.410419959721232,15.778360943083143,Type_A,Non-Responder
P0018,31,,10.513522106336982,17.76762148655845,Type_A,Non-Responder
P0018,43,22.58910662370165,8.916194769508428,23.99384998209562,Type_A,Non-Responder
P0019,0,314.4513145488303,7.2026993736706,7.99511006722964,Type_A,Non-Responder
P0019,10,638.3912916297722,8.246347074668916,9.194357111686582,Type_A,Non-Responder
P0019,14,815.4002923881346,8.841062912972335,9.69942371223029,Type_A,Non-Responder
P0019,20,1176.919086424797,8.725794012548235,10.791926093556164,Type_A,Non-Responder
P0019,29,2230.89844672048,7.254437873802925,12.152697644072786,Type_A,Non-Responder
P0019,35,3341.8216075956016,7.726680376891427,12.987496873620804,Type_A,Non-Responder
P0020,1,,2.046243910407906,4.125367834991441,Type_A,Responder
P0020,4,14.597687985508886,1.1487914046426575,3.3164258778124616,Type_A,Responder
P0020,15,1.120821677861338,2.6641971591965206,1.5087895807672358,Type_A,Responder
P0020,19,0.7432859624062764,1.9301065595878892,1.170821169388638,Type_A,Responder
P0020,29,0.0,1.269007021192951,,Type_A,Responder
P0020,31,0.0,2.732144910869318,0.5879491093917947,Type_A,Responder
P0020,42,0.0,0.9209212369961806,0.2165340740527194,Type_A,Responder
P0020,48,3.387446279466605,4.351804976836712,0.12224388274176137,Type_A,Responder
P0021,0,165.65338853182138,8.187783960614821,15.77248475488619,Type_B,Non-Responder
P0021,7,299.57683459735694,4.506876441214847,20.480850772133184,Type_B,Non-Responder
P0021,13,498.531307672984,,,Type_B,Non-Responder
P0021,18,782.5753523344048,4.956987647900272,31.373407765722177,Type_B,Non-Responder
P0021,27,1561.2836696896966,4.63613864330307,42.694631287203684,Type_B,Non-Responder
P0021,33,2577.442382689688,6.2886846858242835,52.37804516417026,Type_B,Non-Responder
P0021,42,4987.505254395853,5.456755587284979,70.0600764119616,Type_B,Non-Responder
P0022,0,118.10181357498168,1.063805369283387,18.459033514338266,Type_A,Non-Responder
P0022,7,168.32624828890943,2.1353770245725943,17.253252819255227,Type_A,Non-Responder
P0022,10,178.86328031146084,3.278249415744142,16.677214581040023,Type_A,Non-Responder
P0022,20,303.3006721436883,2.4878685497462043,15.177327356235125,Type_A,Non-Responder
P0022,26,,1.5846158715783516,13.78500444965965,Type_A,Non-Responder
P0022,33,609.6942751572007,2.8764094984979174,13.021465509483576,Type_A,Non-Responder
P0022,40,895.5668104422631,,12.148290786002512,Type_A,Non-Responder
P0023,0,27.158831128410426,5.142795995783543,6.603577316798485,Type_B,Non-Responder
P0023,8,44.441784882726886,6.460322467840137,8.637636469642615,Type_B,Non-Responder
P0023,14,61.19828547869668,5.747145011088544,10.741507118095164,Type_B,Non-Responder
P0023,18,80.90473105092296,6.6261020932677175,12.488448491725032,Type_B,Non-Responder
P0023,27,134.41780651193437,6.120544964175463,17.1488946795197,Type_B,Non-Responder
P0023,35,193.004044256481,4.905529609821786,23.64307381625026,Type_B,Non-Responder
P0023,44,325.6936028233988,,33.07614396823709,Type_B,Non-Responder
P0024,3,525.0956374101894,,4.905352492353838,Type_B,Responder
P0024,8,301.04005074845816,7.403029135729122,3.6736773174378703,Type_B,Responder
P0024,13,181.57911400625747,8.456185062433848,2.7734405458494713,Type_B,Responder
P0024,22,65.53478246923555,6.950736840433881,,Type_B,Responder
P0024,28,33.468671842055805,5.007389428832864,1.0973241129422637,Type_B,Responder
P0024,34,16.816107104166537,6.223638444253201,0.8095053736318498,Type_B,Responder
P0024,41,8.518826926787646,,0.583542579400117,Type_B,Responder
P0025,0,24.34767292146929,8.62043702752069,4.81473158686538,Type_B,Responder
P0025,6,12.659013805520292,9.247505668083477,3.4553960981485816,Type_B,Responder
P0025,14,8.363038103268806,8.406146992386375,2.3955600168200677,Type_B,Responder
P0025,20,5.216649458824851,9.144566396374357,1.749716678747182,Type_B,Responder
P0025,28,1.6042115828957337,10.259709045866009,1.2801570082416789,Type_B,Responder
P0026,0,168.783251591953,7.255479581029946,7.090407465827188,Type_B,Responder
P0026,5,,9.63716138172974,5.5132792657146155,Type_B,Responder
P0026,15,20.812897389485197,7.412914996414897,3.0980295114130123,Type_B,Responder
P0026,20,13.001655583580625,6.237651925362466,2.642360358860683,Type_B,Responder
P0026,31,4.0557810702093136,7.34628326953644,1.3138309756838404,Type_B,Responder
P0026,34,3.7161031228969525,6.990278748011793,1.27781985071352,Type_B,Responder
P0026,40,1.4886693406072768,7.001974717203268,0.9603070985338035,Type_B,Responder
P0027,0,22.924571981010033,2.4669682184265147,8.89433033894037,Type_B,Non-Responder
P0027,4,32.86240930469675,1.8052630712461615,10.576752927017246,Type_B,Non-Responder
P0027,16,72.28788316334727,,16.51452393339783,Type_B,Non-Responder
P0027,21,100.24889162071685,,19.407357537448004,Type_B,Non-Responder
P0027,30,182.00061949102022,,26.9999791281688,Type_B,Non-Responder
P0027,32,200.6619199947446,0.37005162995439456,,Type_B,Non-Responder
P0027,41,377.59524907020466,3.4406418421012783,39.535371578247336,Type_B,Non-Responder
P0027,46,479.44063919026183,,47.34555568044661,Type_B,Non-Responder
P0028,0,19.657272848283363,10.755079502020097,3.853226401772251,Type_A,Non-Responder
P0028,7,18.19797406006528,9.427186472416636,4.558280644936658,Type_A,Non-Responder
P0028,14,27.327007479230165,9.221548998014788,5.304086914125376,Type_A,Non-Responder
P0028,21,33.67980217619799,9.426217225265319,5.767875942400033,Type_A,Non-Responder
P0029,1,27.86584502351462,3.521433128554893,,Type_B,Non-Responder
P0029,8,40.30946297640928,,21.79517350571881,Type_B,Non-Responder
P0029,13,45.23390520732732,5.7314631116359696,20.796458978308376,Type_B,Non-Responder
P0029,22,52.95214113910825,,19.849126779697812,Type_B,Non-Responder
P0029,29,51.530004965622346,6.468384036051153,18.82149971534675,Type_B,Non-Responder
P0029,35,59.844174655654754,5.724369526498279,19.054333853388357,Type_B,Non-Responder
P0029,42,55.74661967442224,4.193879434341453,18.671704668679688,Type_B,Non-Responder
P0029,51,,6.046171828241682,17.30093086274277,Type_B,Non-Responder
P0030,0,13.632983971760577,6.258194424844146,5.787916176056376,Type_B,Non-Responder
P0030,6,27.37455729525745,4.566950057483828,6.519502382911893,Type_B,Non-Responder
P0030,11,,3.6295072167074522,7.033340142758604,Type_B,Non-Responder
P0030,20,108.68805029392735,6.374819101733072,8.120071846802468,Type_B,Non-Responder
P0030,27,204.7399233130748,3.2898949012780614,9.251640723845275,Type_B,Non-Responder
P0030,37,523.4692654384625,4.233498131494334,11.24733344595846,Type_B,Non-Responder
P0031,1,99.82545807798631,5.908493855135976,2.722431995569833,Type_B,Responder
P0031,7,62.91285518586858,6.887611640133578,1.8918766304383847,Type_B,Responder
P0031,14,37.707691873633635,7.276363710154104,1.1713181621822448,Type_B,Responder
P0031,21,30.822480762411026,5.677544383856621,0.6825241974991014,Type_B,Responder
P0031,27,19.51184496878733,3.074053574775832,,Type_B,Responder
P0031,37,8.507090720956223,5.26736413013847,0.356367388583204,Type_B,Responder
P0031,43,4.972078515843007,6.446364754114053,0.21936281728819582,Type_B,Responder
P0031,49,2.2947807647265277,5.990414351359508,0.13529741334704729,Type_B,Responder
P0032,2,41.58724369115455,8.793463953709248,7.228519246146217,Type_B,Responder
P0032,8,30.059120502302747,8.263777851809,5.515895935282876,Type_B,Responder
P0032,12,26.99786863765402,,5.0380534286550445,Type_B,Responder
P0032,22,14.793567947869812,12.262696285573549,3.3523682357129356,Type_B,Responder
P0033,0,37.315807456357206,5.6136679047605975,5.2353103186881516,Type_A,Non-Responder
P0033,8,29.938433181381203,7.425769785860229,5.114560737173571,Type_A,Non-Responder
P0033,14,,7.40701352271309,5.115512314220409,Type_A,Non-Responder
P0033,21,18.130533715899055,,5.252490444761228,Type_A,Non-Responder
P0034,1,58.30967767748376,6.951952341140702,1.9361027210547639,Type_B,Non-Responder
P0034,4,75.12491325917698,5.9735810334280615,2.1942576128842535,Type_B,Non-Responder
P0034,14,162.59470791141035,,3.931833507321177,Type_B,Non-Responder
P0034,20,,5.632750536911316,5.639520388511492,Type_B,Non-Responder
P0035,1,169.1629361052983,9.40193824394643,,Type_A,Non-Responder
P0035,8,215.8823936618163,,4.323195523875493,Type_A,Non-Responder
P0035,13,258.0174598327706,,4.420643826435306,Type_A,Non-Responder
P0035,20,331.7216147122878,9.265912848078074,4.304628990450464,Type_A,Non-Responder
P0035,30,442.4947289232715,8.319276466897579,4.483647035353868,Type_A,Non-Responder
P0035,33,490.2979717387852,,4.746087941662745,Type_A,Non-Responder
P0035,41,,7.586265763216829,5.24891178229915,Type_A,Non-Responder
P0036,0,94.8347948855772,9.783010848784839,5.839663492944025,Type_B,Non-Responder
P0036,7,296.92035077021603,9.435052475648098,6.912110764277808,Type_B,Non-Responder
P0036,14,924.8717905790546,9.418478744691525,7.814797053262679,Type_B,Non-Responder
P0036,22,3341.725103432222,9.559823652749575,8.868648904078002,Type_B,Non-Responder
P0036,26,5970.864706982087,9.776361705551562,9.077375524401088,Type_B,Non-Responder
P0036,33,16639.548402283217,10.356720386441921,10.82682413166984,Type_B,Non-Responder
P0037,2,135.3349400441683,10.451012232389768,6.3427842771405425,Type_A,Non-Responder
P0037,7,,,7.398351471797944,Type_A,Non-Responder
P0037,10,400.0453664980595,8.45830844081626,8.399646395289201,Type_A,Non-Responder
P0037,21,,6.970993737208207,12.348237424701757,Type_A,Non-Responder
P0037,26,3473.7911415209805,9.99195341331926,14.451949322004536,Type_A,Non-Responder
P0037,36,13088.2221320483,,20.751162098298547,Type_A,Non-Responder
P0037,40,22969.404105962556,8.026281818705492,24.369640808207865,Type_A,Non-Responder
P0037,49,68091.97009468816,10.52489458954839,32.51000049733942,Type_A,Non-Responder
P0038,1,109.0582055616896,8.09229764852719,6.157333020863102,Type_A,Non-Responder
P0038,6,122.49891609400751,8.742378602840244,6.38529547802525,Type_A,Non-Responder
P0038,16,156.67637863176387,9.553931652864833,7.054822909965783,Type_A,Non-Responder
P0038,20,182.5237045033205,8.784179536310376,7.121515716402646,Type_A,Non-Responder
P0038,28,214.953570705507,6.652078243778028,7.4839034405664595,Type_A,Non-Responder
P0038,34,234.5021809535879,7.618886290243077,7.859837937030808,Type_A,Non-Responder
P0038,40,299.59707264350266,7.6391365888807234,8.202895433171118,Type_A,Non-Responder
P0039,0,54.07005828406854,9.058642702598203,3.766499028769768,Type_A,Responder
P0039,7,29.294609147566725,9.449772071066516,2.818358064188862,Type_A,Responder
P0039,15,15.82129044762919,8.184903566448785,2.026976096599134,Type_A,Responder
P0039,21,11.225990151569366,,1.3210510379591192,Type_A,Responder
P0039,27,4.807234562076277,10.141879658640127,1.102040514497063,Type_A,Responder
P0040,2,43.16722356878951,8.900019444118868,4.379560005200721,Type_A,Responder
P0040,7,,6.777829113693754,3.515852642980347,Type_A,Responder
P0040,16,9.130743055415365,7.816426101758615,2.608715333430148,Type_A,Responder
P0040,19,11.710553744516186,9.973523816543558,2.2578570586186975,Type_A,Responder
P0040,29,6.175372652125829,6.592327414126793,1.479839486895052,Type_A,Responder
P0040,34,,5.689978165726542,1.2932880903495532,Type_A,Responder
P0040,42,0.1850359872927927,,0.8375773786066467,Type_A,Responder
P0041,0,66.42775125480097,8.01431116978216,7.945467844303611,Type_A,Non-Responder
P0041,7,125.30702638963677,9.99403494641101,8.51416898023385,Type_A,Non-Responder
P0041,14,226.39990967577242,7.367796096363538,9.869690871687542,Type_A,Non-Responder
P0041,20,,,10.771816212732226,Type_A,Non-Responder
P0041,27,734.1291083815335,5.481556021336225,12.096401512472696,Type_A,Non-Responder
P0042,2,23.966699785828997,8.321528003892947,4.504763589305184,Type_B,Responder
P0042,5,15.760340417725052,9.210595786617603,3.8055146241774445,Type_B,Responder
P0042,13,7.380678485918247,8.853704677021696,2.5454339173153953,Type_B,Responder
P0042,21,3.641735283384353,10.842265508196451,1.7734228237592118,Type_B,Responder
P0043,0,51.729240004565874,4.192344753828112,,Type_B,Responder
P0043,5,29.652393240919537,,3.3733956276523145,Type_B,Responder
P0043,13,,2.7954563000377677,,Type_B,Responder
P0043,18,11.364497765524462,,1.3221926579272067,Type_B,Responder
P0043,26,1.3621877988430406,3.832523681873625,0.65419700128587,Type_B,Responder
P0043,35,0.00012671260083840785,2.48413811169319,0.25992393675939884,Type_B,Responder
P0043,42,4.9061891730027725,5.605630837163346,0.20794372682248136,Type_B,Responder
P0044,1,,6.062553027378849,16.46495096660825,Type_A,Non-Responder
P0044,7,8.900104652680708,6.020902354533569,19.240604687676548,Type_A,Non-Responder
P0044,15,20.14660448677134,6.036403054912276,23.460032586020745,Type_A,Non-Responder
P0044,20,29.10433266498429,6.1558367777064165,27.372586321389814,Type_A,Non-Responder
P0045,0,13.365820116099993,,25.595830068578998,Type_A,Non-Responder
P0045,8,22.15506242449322,3.5871902504063238,41.195695523084865,Type_A,Non-Responder
P0045,13,21.596429079880313,4.512913087371858,56.80326111848401,Type_A,Non-Responder
P0045,20,25.71077312092209,,86.47349904643595,Type_A,Non-Responder
P0045,29,28.607706182530226,2.853974585979822,145.1165975547328,Type_A,Non-Responder
P0045,34,35.09686681107903,4.10597832969546,188.09404896334044,Type_A,Non-Responder
P0046,0,71.79457274706132,8.334543690870744,5.356161336541822,Type_B,Non-Responder
P0046,7,100.35057610362927,8.355708883577801,5.406809311953922,Type_B,Non-Responder
P0046,13,129.50485073077368,7.357670893851944,5.646158884851166,Type_B,Non-Responder
P0046,20,173.96078653199,8.014806389051408,5.798729332024117,Type_B,Non-Responder
P0046,26,,6.396797497915725,5.884053503143395,Type_B,Non-Responder
P0046,34,310.63714014619154,5.749498379031234,6.029078112168221,Type_B,Non-Responder
P0046,40,371.10360887788056,7.510707590233851,6.41960537815256,Type_B,Non-Responder
P0046,48,572.6026648037059,8.349516633083612,6.531788389099948,Type_B,Non-Responder
P0047,1,133.86605524752395,1.4296159254476248,6.939466574964153,Type_B,Non-Responder
P0047,7,159.45900921244674,3.014805308040928,11.47042121074264,Type_B,Non-Responder
P0047,14,193.30567018745091,1.8149592104282006,19.516004300776366,Type_B,Non-Responder
P0047,21,,3.549221093410615,35.31240573017743,Type_B,Non-Responder
P0047,27,268.4647677247424,2.046273442438295,,Type_B,Non-Responder
P0047,35,365.7924696747533,,115.56420222720122,Type_B,Non-Responder
P0047,40,427.8269336389114,0.23338176094211294,172.64606852116742,Type_B,Non-Responder
P0048,3,,8.363599951834454,6.79522305605579,Type_A,Non-Responder
P0048,6,368.3818234477529,8.691262732176456,7.886981962280756,Type_A,Non-Responder
P0048,15,871.0329803809988,7.915511322383696,12.697694887913551,Type_A,Non-Responder
P0048,20,1352.9082699332264,,17.061125614953035,Type_A,Non-Responder
P0049,0,66.39978979793284,7.347281961408926,6.948161379161287,Type_A,Non-Responder
P0049,6,62.35038506631242,5.84240892741558,7.048340447034948,Type_A,Non-Responder
P0049,12,58.38798673432183,6.3187849164735415,7.252658980028325,Type_A,Non-Responder
P0049,21,62.3992885345799,6.072349019424832,7.712131863755153,Type_A,Non-Responder
P0049,26,58.241069644793974,4.424117947627504,7.688509514512053,Type_A,Non-Responder
P0049,32,51.298896060982194,8.296180305874586,7.851625511357323,Type_A,Non-Responder
P0049,41,63.33502750709608,7.1187936283048945,8.21426480551762,Type_A,Non-Responder
P0049,48,,6.911022627036261,8.443190469415883,Type_A,Non-Responder
P0050,0,14.645232469158211,3.5124241612535405,8.347431938445744,Type_A,Responder
P0050,6,2.734651376711527,3.5127236789911174,5.720046129637338,Type_A,Responder
P0050,12,3.294975040707686,4.013618164511718,,Type_A,Responder
P0050,20,0.12890337733012258,3.72366896927827,2.2140136080026234,Type_A,Responder
P0051,0,25.764409195199345,5.0745336460889785,5.240621624010084,Type_A,Responder
P0051,9,12.859668737542789,4.658585556024252,,Type_A,Responder
P0051,14,8.05554634730299,,2.722218359135705,Type_A,Responder
P0051,18,6.645979218697503,5.277933594908504,2.181529598885017,Type_A,Responder
P0052,1,44.59086180034505,4.5623822886569325,8.235571861792195,Type_B,Non-Responder
P0052,6,73.11428060297476,6.325145060713009,9.228323742055442,Type_B,Non-Responder
P0052,14,158.74362542989002,6.51585260258387,10.231795476591284,Type_B,Non-Responder
P0052,21,353.24929754170824,6.909941613822118,,Type_B,Non-Responder
P0053,0,34.534282785979904,10.796344308036993,9.364620391429618,Type_B,Non-Responder
P0053,5,46.62577745035236,9.371335347724397,10.379291872935731,Type_B,Non-Responder
P0053,12,,8.93219888013631,11.21072161955268,Type_B,Non-Responder
P0053,20,90.45012505326937,6.931153600517945,12.530803640810444,Type_B,Non-Responder
P0053,27,119.73435767396259,,,Type_B,Non-Responder
P0053,37,205.7574879817712,8.975818723430635,16.079664629747025,Type_B,Non-Responder
P0054,0,17.82175222603765,8.141299699589384,10.54731873261619,Type_A,Non-Responder
P0054,8,32.969290458731564,7.729972826275016,10.391454555453358,Type_A,Non-Responder
P0054,15,,8.643041789773598,,Type_A,Non-Responder
P0054,19,54.500899863525945,8.79883982252722,9.383740484314496,Type_A,Non-Responder
P0054,30,90.99333262194764,7.581754413122409,8.795159879248358,Type_A,Non-Responder
P0054,37,131.7253065971909,9.597233408505378,8.118507021410126,Type_A,Non-Responder
P0054,41,165.17471188661466,8.074919921056251,7.90315458878628,Type_A,Non-Responder
P0054,50,,,7.260353305812296,Type_A,Non-Responder
P0055,0,115.31462210972354,,6.726289103623448,Type_B,Responder
P0055,8,63.05250053445853,2.148307211798076,3.103076957217671,Type_B,Responder
P0055,12,55.231111801007955,,2.1210783511932627,Type_B,Responder
P0055,23,,1.2421011211578816,0.6368011507827354,Type_B,Responder
P0055,30,17.45712140018917,0.7858614646258524,0.36708049794693326,Type_B,Responder
P0055,33,19.40236814490809,2.564055656270212,0.2790744264471295,Type_B,Responder
P0055,44,12.166300438337128,0.8464143644892381,0.1290124271011035,Type_B,Responder
P0055,52,7.186704763438181,4.139575844204318,0.1,Type_B,Responder
P0056,0,50.359573337715965,5.060970681074384,20.44099798212022,Type_B,Responder
P0056,8,24.00013124654447,4.525431861934349,10.866546470899378,Type_B,Responder
P0056,14,15.733281681424875,2.4026089693053105,6.594554311263335,Type_B,Responder
P0056,19,8.36653919338754,,4.135890404201335,Type_B,Responder
P0056,28,1.9504524370318732,4.387342777355009,2.066357721957143,Type_B,Responder
P0056,35,3.9911892288831208,3.9239495704817595,1.3209131501714921,Type_B,Responder
P0057,2,62.86401516436912,3.8605725190491347,10.244812462883692,Type_B,Responder
P0057,7,50.68262406472022,4.796714825358754,7.866121434972809,Type_B,Responder
P0057,12,37.91029741627081,4.117944518802246,6.175030652366895,Type_B,Responder
P0057,20,29.019446526058257,3.7056400040958506,4.343775012233904,Type_B,Responder
P0057,28,23.021548070969576,5.154007064512988,3.015780398926044,Type_B,Responder
P0057,37,9.909823882244496,4.4999478170493425,2.049564293099453,Type_B,Responder
P0058,1,35.43210739242615,5.6305405922825535,5.494340678736001,Type_A,Responder
P0058,8,,5.200741173926787,3.3790252227083646,Type_A,Responder
P0058,15,10.707597386714507,,1.817526142617591,Type_A,Responder
P0058,21,0.7271424057021019,4.786378710719307,1.1056194691554941,Type_A,Responder
P0058,27,0.657093707840366,5.18665596562664,0.9193273263583873,Type_A,Responder
P0058,38,0.0,5.1047640517736115,0.4909877030934294,Type_A,Responder
P0058,41,0.0,4.382810525626869,0.44126834392450615,Type_A,Responder
P0059,1,237.33949848865885,3.4020006097025233,9.808716793635414,Type_A,Responder
P0059,6,109.42737973170311,3.8036301277353366,9.01713555800682,Type_A,Responder
P0059,13,36.68939088592553,4.254142562722526,8.272783959685594,Type_A,Responder
P0059,20,,4.736443705211123,7.784390241391804,Type_A,Responder
P0059,27,1.5325654077474038,4.60820301180763,7.371254412652177,Type_A,Responder
P0059,35,0.0,4.137632984364784,6.866248188034199,Type_A,Responder
P0060,0,313.14274075898317,0.8309264681017813,16.310240539668094,Type_A,Non-Responder
P0060,7,294.2095387680526,,18.620228966844273,Type_A,Non-Responder
P0060,13,248.4081208545016,,21.090909639087577,Type_A,Non-Responder
P0060,21,236.76980310552798,0.40036346195573413,25.20035014795747,Type_A,Non-Responder
P0060,27,219.22361634326052,1.9511686192478854,28.233091648388683,Type_A,Non-Responder
P0060,36,197.69230923151912,1.5861112347104203,33.36564739328826,Type_A,Non-Responder
P0060,42,178.98257902653876,1.2504013853054852,37.34562114169006,Type_A,Non-Responder
P0061,0,20.576376539421243,,32.350760664074045,Type_A,Non-Responder
P0061,6,34.81356863734621,9.991068922989768,39.146914040073256,Type_A,Non-Responder
P0061,12,57.3973552479508,10.305254247552803,47.886342508568966,Type_A,Non-Responder
P0061,21,110.66635552718111,10.003555237610353,65.20427039597423,Type_A,Non-Responder
P0062,0,97.15714478299809,4.745164710748958,6.885245490115241,Type_B,Non-Responder
P0062,8,258.3426011618583,3.2793181660006105,6.524979987472182,Type_B,Non-Responder
P0062,12,405.91099195691515,4.811413989724849,5.994931232663977,Type_B,Non-Responder
P0062,21,1167.0222510981766,5.7495965708130825,5.763499438563008,Type_B,Non-Responder
P0063,0,7.827287986963237,4.005848605231935,12.894760256102868,Type_B,Responder
P0063,6,3.9086523348596156,3.078773008256381,8.361789690733955,Type_B,Responder
P0063,13,3.649631516464511,3.4220967840130125,5.281339847517917,Type_B,Responder
P0063,19,,4.550125312287257,3.4521403211926844,Type_B,Responder
P0063,28,2.8804283404559765,4.746333030232278,1.6312624943605516,Type_B,Responder
P0063,34,1.563435568307808,4.497144218963976,1.04636678094743,Type_B,Responder
P0064,0,,2.498520309572841,7.616236718866096,Type_A,Responder
P0064,7,94.26387727852877,1.9932612215552956,8.274318958633993,Type_A,Responder
P0064,12,53.36363573622937,0.7980317128622902,8.49230956936749,Type_A,Responder
P0064,19,25.47028230198996,0.5867495780842454,8.443817225611506,Type_A,Responder
P0064,27,14.117161173383055,2.6236174274553288,8.864397145469944,Type_A,Responder
P0064,35,5.5270387620412675,1.9119381338699601,9.189273384068947,Type_A,Responder
P0064,41,4.139077797318082,1.3469528509452722,8.955064169948423,Type_A,Responder
P0065,0,11.262140003460123,4.793506355609035,6.963844487514424,Type_A,Non-Responder
P0065,5,14.014148145134982,4.181756723806723,9.238621850793693,Type_A,Non-Responder
P0065,11,10.101738599511986,6.180796041199632,13.077912819292795,Type_A,Non-Responder
P0065,20,11.205661766099034,5.775927543657673,21.633765418223554,Type_A,Non-Responder
P0065,24,12.719878299037806,5.571468025594864,27.47725477804976,Type_A,Non-Responder
P0066,2,118.28755069655607,6.7416094548932435,12.854618704784901,Type_A,Responder
P0066,6,104.88320040595579,5.5600078321865825,10.081692044736398,Type_A,Responder
P0066,13,94.23321872830184,8.610908088457636,6.230195089605042,Type_A,Responder
P0066,23,68.59829023686537,8.344988012033246,3.546854038142244,Type_A,Responder
P0067,0,239.5893305404575,4.746057933297124,3.271851828351181,Type_B,Non-Responder
P0067,6,367.43714563124865,5.18405493380675,2.800980187816519,Type_B,Non-Responder
P0067,14,580.5164110003212,4.29281659306472,2.4236636647180076,Type_B,Non-Responder
P0067,20,899.1462796811385,5.189216160256793,2.0862866550731725,Type_B,Non-Responder
P0067,29,1650.3444330368518,5.353855473877165,2.0303585139630536,Type_B,Non-Responder
P0067,37,2607.2981099634276,5.748738218570013,1.4393330585784772,Type_B,Non-Responder
P0067,43,,4.765334270326534,1.236160555275873,Type_B,Non-Responder
P0067,47,5218.976342979916,5.590206037910034,1.2352556815173454,Type_B,Non-Responder
P0068,0,101.48738466863476,,5.753530008781507,Type_B,Responder
P0068,9,,1.5360656838427187,3.320775075937294,Type_B,Responder
P0068,16,47.412034010962785,0.0,2.109096855432157,Type_B,Responder
P0068,22,38.446297836649244,1.1219653354789025,1.7664586996967633,Type_B,Responder
P0068,27,31.852524388495414,2.5469459195071287,1.1576710183370489,Type_B,Responder
P0069,0,42.81733017736019,5.197885993644338,12.410670769195963,Type_B,Non-Responder
P0069,7,79.93686160685431,5.058736001228632,11.517958573980083,Type_B,Non-Responder
P0069,14,146.25113914772086,6.105133073239574,10.785009046039276,Type_B,Non-Responder
P0069,20,281.48073765195454,5.769633416017232,10.018502544836556,Type_B,Non-Responder
P0069,26,483.66757085091297,6.2899192145185125,9.112498187078124,Type_B,Non-Responder
P0070,0,99.92107452045272,4.230875963995451,9.173969919255773,Type_A,Non-Responder
P0070,7,115.83990895732954,5.2542531051622055,13.796592389430336,Type_A,Non-Responder
P0070,14,136.26441471003528,3.692006381329728,20.137974524109907,Type_A,Non-Responder
P0070,23,154.5897231740123,3.787102037477072,33.02780149409085,Type_A,Non-Responder
P0070,28,158.2384325794779,4.01473748730629,43.63730431063489,Type_A,Non-Responder
P0070,33,,5.212291635940058,57.79869928249691,Type_A,Non-Responder
P0070,41,194.09467021157846,7.523715889392819,88.04603676000488,Type_A,Non-Responder
P0071,0,,4.822871212624044,10.021070749239714,Type_A,Non-Responder
P0071,8,79.36967378055179,4.71596279370516,12.780892616609275,Type_A,Non-Responder
P0071,13,,4.659992292932948,15.522355173635392,Type_A,Non-Responder
P0071,23,207.69084017318883,4.251053589497768,21.23492632711678,Type_A,Non-Responder
P0071,30,322.34798884482376,5.6713506764507615,27.2517359428644,Type_A,Non-Responder
P0071,35,426.7312749378685,4.576306944311982,31.786178618024817,Type_A,Non-Responder
P0071,42,643.5613818112937,5.434168724068018,38.21972978321851,Type_A,Non-Responder
P0071,48,1003.6578944972306,4.384906799473425,45.69704900000991,Type_A,Non-Responder
P0072,0,106.37583651849772,4.33706940450118,8.51362123397582,Type_B,Non-Responder
P0072,6,101.92095788553303,3.9486154133510394,6.146774861939801,Type_B,Non-Responder
P0072,14,109.76932716450196,,4.502299761086781,Type_B,Non-Responder
P0072,20,113.75395742144424,3.2957332371848036,3.088770013377074,Type_B,Non-Responder
P0072,28,,3.8417881202858903,2.1337361019408956,Type_B,Non-Responder
P0072,36,110.32439290277264,5.214401495091279,1.464582129975795,Type_B,Non-Responder
P0073,0,10.709194321887683,1.1711656690503287,5.81386162737106,Type_B,Responder
P0073,8,,0.0,3.573763399014251,Type_B,Responder
P0073,12,4.627988080965754,1.317711870274016,2.9267642406536916,Type_B,Responder
P0073,21,0.0,1.8510892119285431,1.5579609233921647,Type_B,Responder
P0074,0,39.21185841578585,7.586054162023252,10.249411326541217,Type_A,Non-Responder
P0074,7,72.99274967115933,7.3394172042371935,14.142295711736825,Type_A,Non-Responder
P0074,15,139.83886228554505,5.00099853272341,21.90726786778441,Type_A,Non-Responder
P0074,21,222.81054802057358,6.712168372253251,28.196973262554476,Type_A,Non-Responder
P0074,30,420.22901564980765,5.854962568817801,45.507528677493745,Type_A,Non-Responder
P0074,36,,6.352651523852271,61.197435073087206,Type_A,Non-Responder
P0074,41,922.3807386368782,7.004911289293402,80.49640939442943,Type_A,Non-Responder
P0074,49,1570.383218561708,6.000069402963254,,Type_A,Non-Responder
P0075,0,,7.408860812912307,7.197734406127831,Type_A,Responder
P0075,9,49.10734859562572,9.563617381321068,4.072898908083735,Type_A,Responder
P0075,14,30.336255923651212,8.823219430299531,2.8263966623983228,Type_A,Responder
P0075,20,24.570435672291506,9.890484979095614,1.8823809957857183,Type_A,Responder
P0075,26,15.793457261404184,7.94008275221628,1.4603529522775602,Type_A,Responder
P0075,36,9.426031935329304,9.783794415591064,0.6157760963091419,Type_A,Responder
P0076,0,52.21373858275399,8.797427395622288,5.611744951588438,Type_A,Responder
P0076,8,16.893830531085314,10.814766245661659,4.268178054801648,Type_A,Responder
P0076,12,10.87952892828805,,3.8103424689855534,Type_A,Responder
P0076,22,2.5278334073779214,8.63591008430064,2.8349077513830867,Type_A,Responder
P0076,26,0.962534459149655,8.665833971596605,2.1925810598300717,Type_A,Responder
P0076,34,0.0,,1.661361016315542,Type_A,Responder
P0077,0,,8.150223212147022,5.987019335319469,Type_B,Non-Responder
P0077,6,40.28601619742893,7.83673822303717,7.400783727413859,Type_B,Non-Responder
P0077,12,58.795141846096364,,8.605100816079196,Type_B,Non-Responder
P0077,20,75.04336397295165,8.260596950297051,10.75481152254615,Type_B,Non-Responder
P0077,25,97.12348343815765,8.014611109063384,11.683830388137007,Type_B,Non-Responder
P0077,34,132.77662226052752,10.57835590252138,14.19577100963111,Type_B,Non-Responder
P0077,42,173.931299428195,8.680534213832784,17.5961520101621,Type_B,Non-Responder
P0077,48,194.45851819028442,8.271528556178453,20.642150155403026,Type_B,Non-Responder
P0078,0,24.170970660187074,6.705405225256284,9.698937321695157,Type_A,Non-Responder
P0078,8,41.179119213006004,5.495338240427743,10.156025966105446,Type_A,Non-Responder
P0078,14,59.956755643796875,5.5909032928100055,10.188129036880344,Type_A,Non-Responder
P0078,25,139.57829842029224,9.44939923937458,10.673945783712705,Type_A,Non-Responder
P0078,27,163.09597516108903,8.966152660137123,10.978597579647573,Type_A,Non-Responder
P0078,33,238.3916246255525,5.652810810181191,11.658007817199232,Type_A,Non-Responder
P0079,0,150.93410091712212,,4.116660650381608,Type_A,Non-Responder
P0079,9,164.63611977259689,5.115116247578694,,Type_A,Non-Responder
P0079,12,173.67356706492697,,2.6396740489260666,Type_A,Non-Responder
P0079,19,203.68929162741824,5.936520298692765,2.068168439019019,Type_A,Non-Responder
P0079,28,243.66326415782183,,1.4537163753176388,Type_A,Non-Responder
P0079,38,,6.583174521436273,1.121522057059484,Type_A,Non-Responder
P0079,40,314.05297751089046,7.65368703939845,1.2387877077929952,Type_A,Non-Responder
P0080,0,80.8116311675297,10.752385487009567,4.228764745768866,Type_B,Non-Responder
P0080,6,161.599221131007,9.513862870334588,5.291753614533716,Type_B,Non-Responder
P0080,13,403.6368580613046,,6.599204813397669,Type_B,Non-Responder
P0080,19,893.5126945730481,9.790797775154525,8.16080628903572,Type_B,Non-Responder
P0080,28,2883.6714544302554,,10.675437043571963,Type_B,Non-Responder
P0080,36,7862.870481070256,10.44276543415821,14.051389784442012,Type_B,Non-Responder
P0080,41,14205.735679095511,9.381710956665133,16.781314572648544,Type_B,Non-Responder
P0080,48,31950.434579528086,9.056335719123515,21.164875228388592,Type_B,Non-Responder
P0081,0,109.94775162000116,6.305706171665542,4.227757071893262,Type_A,Responder
P0081,5,42.0674040695308,5.946147529602467,3.6356846294493472,Type_A,Responder
P0081,13,7.156588273716972,4.683493527785688,3.060212058691341,Type_A,Responder
P0081,19,5.140207927209545,5.67912864195432,2.460835688173476,Type_A,Responder
P0081,28,5.159512988723401,4.91218306494413,1.822930111001622,Type_A,Responder
P0081,36,0.0,4.322040988275688,1.5829808662401224,Type_A,Responder
P0081,38,0.15616906923129653,6.405232748471301,1.5184054988997624,Type_A,Responder
P0081,48,0.0,6.1159790040154345,1.1648532374804246,Type_A,Responder
P0082,0,83.19762004361358,2.802860050621019,4.694917526268973,Type_B,Non-Responder
P0082,6,143.99594398893328,2.367757228809232,5.25534330324204,Type_B,Non-Responder
P0082,14,307.7805674285736,2.9706791715228533,6.444372016056073,Type_B,Non-Responder
P0082,21,641.5598798018591,1.9136923038871005,7.531191120801185,Type_B,Non-Responder
P0082,28,1245.0684866941847,,8.653600051871445,Type_B,Non-Responder
P0083,0,166.89675156384905,9.689482051291778,15.568461487710895,Type_A,Non-Responder
P0083,7,355.3355465980905,,18.040579081589208,Type_A,Non-Responder
P0083,12,586.9778066147993,7.918218165052604,19.523762264320737,Type_A,Non-Responder
P0083,22,1546.4078001278208,8.271145529188725,23.02157353170593,Type_A,Non-Responder
P0083,29,3134.094460191825,9.584405286487401,26.185777428901982,Type_A,Non-Responder
P0083,34,5503.347679916854,8.232084304252448,28.47373302426845,Type_A,Non-Responder
P0084,1,73.97580852539174,2.4260272107394614,10.256401425650905,Type_A,Responder
P0084,6,72.92551348633874,,8.585597112133922,Type_A,Responder
P0084,14,,3.1542646675634356,6.368118262995441,Type_A,Responder
P0084,17,51.540738899476565,1.494068379224564,5.37808699860259,Type_A,Responder
P0084,29,51.6708330648975,2.0694020594376035,3.5144799986704776,Type_A,Responder
P0084,33,49.47616763773513,0.9546144059328219,2.739432398847506,Type_A,Responder
P0084,43,42.827353619496655,1.634587255015871,,Type_A,Responder
P0084,50,35.18413921645162,1.5062280912018553,1.35437818739823,Type_A,Responder
P0085,0,52.30609797603832,4.0287649559006,5.0731128221690245,Type_B,Non-Responder
P0085,4,58.87245118913245,,5.664884945974827,Type_B,Non-Responder
P0085,11,63.85400573933495,2.645686728195186,7.0514356911076845,Type_B,Non-Responder
P0085,22,85.74056693851247,4.182352173267605,9.260773524160344,Type_B,Non-Responder
P0086,3,165.90579857986015,0.0,8.545016369677105,Type_B,Non-Responder
P0086,4,184.45528944076244,,8.856954232458394,Type_B,Non-Responder
P0086,14,472.6044450736147,2.0382150543110926,14.148073395167275,Type_B,Non-Responder
P0086,21,,2.1485258232190385,,Type_B,Non-Responder
P0086,27,1609.081988684717,0.43544009425763197,26.507527023521064,Type_B,Non-Responder
P0086,35,3318.536606618132,4.530285478387787,37.528600930342655,Type_B,Non-Responder
P0087,0,63.51672956766134,6.813043844377554,7.153335524344793,Type_B,Non-Responder
P0087,5,48.1115784987305,7.548322204142082,8.643660482676871,Type_B,Non-Responder
P0087,13,38.80019001549,7.98328585852929,11.016248277119283,Type_B,Non-Responder
P0087,22,23.407466432486476,7.250155124314782,14.38908695823556,Type_B,Non-Responder
P0087,29,20.868940436121687,7.805156327471713,18.271728742264866,Type_B,Non-Responder
P0087,36,13.961315596639476,7.87133520871221,22.6946347812593,Type_B,Non-Responder
P0087,39,17.4201026944521,8.07539349581634,25.884421531117994,Type_B,Non-Responder
P0087,48,12.531922677327625,7.477518101434488,34.821323449943286,Type_B,Non-Responder
P0088,2,19.635568789416077,1.982187232530184,22.736159206982673,Type_B,Responder
P0088,6,11.669615200058576,,21.796829024498336,Type_B,Responder
P0088,10,,3.9132834768565985,22.259442883295254,Type_B,Responder
P0088,19,6.251713036927756,4.2181817863743305,,Type_B,Responder
P0088,28,0.0,2.146625532787707,21.525431478285725,Type_B,Responder
P0088,34,4.070329249370411,2.785232439179638,21.48014028229057,Type_B,Responder
P0089,0,,8.258835245112998,5.664371932679617,Type_A,Responder
P0089,6,,9.075231707924466,4.144354229582656,Type_A,Responder
P0089,14,2.776700808252485,8.31197435878812,2.911004271273806,Type_A,Responder
P0089,20,4.711475804674569,9.784172047898508,2.0895223546987167,Type_A,Responder
P0089,30,0.0,8.911937790997953,1.2190644224453595,Type_A,Responder
P0089,34,0.20894732751940115,8.739030420962552,1.0462966843053312,Type_A,Responder
P0089,45,,8.638607592749992,0.5640462246745581,Type_A,Responder
P0090,2,50.58810987287915,4.186916181311,3.607832486544586,Type_A,Responder
P0090,6,32.69106848033978,5.917847686598897,2.129042206514832,Type_A,Responder
P0090,12,19.507029937429568,4.561427167322585,1.2089864871292195,Type_A,Responder
P0090,21,8.301501099935754,3.836371356769157,0.5100016461903217,Type_A,Responder
P0090,27,2.122515681011292,2.9512541921180713,0.20968925499018873,Type_A,Responder
P0090,37,0.0,4.725335756458717,0.16474010918641155,Type_A,Responder
P0090,43,2.6618968658594633,6.161965239274766,0.1,Type_A,Responder
P0090,47,0.0,3.9223718304589905,0.1,Type_A,Responder
P0091,0,12.124252824943106,,5.7503155174602165,Type_B,Responder
P0091,10,4.0862741988486935,8.11887208304862,4.716258975266419,Type_B,Responder
P0091,14,2.811609351628653,8.441968388654328,4.271105322750729,Type_B,Responder
P0091,22,1.2520282013234993,8.061614671001173,3.509008114912618,Type_B,Responder
P0092,0,69.07364185447085,,6.701097130319225,Type_B,Non-Responder
P0092,7,109.7402040287572,,6.832881283902691,Type_B,Non-Responder
P0092,14,,8.378958188239762,7.100017592862555,Type_B,Non-Responder
P0092,19,202.5375138092934,8.679312590694794,7.552084131526354,Type_B,Non-Responder
P0093,0,75.87776760445261,7.1970625642573784,10.403777962657356,Type_A,Non-Responder
P0093,6,,7.794584060560281,8.733330537906474,Type_A,Non-Responder
P0093,14,139.0919510003971,9.205618496286759,7.198959880865091,Type_A,Non-Responder
P0093,19,166.23268406559376,7.18945046209427,6.557763797214741,Type_A,Non-Responder
P0094,0,288.0446680628829,8.120092304547851,8.529729302288143,Type_A,Responder
P0094,6,199.85848376295988,7.744480987966172,7.287677112371721,Type_A,Responder
P0094,15,112.55332408058845,6.519909972271779,4.826094769473922,Type_A,Responder
P0094,19,93.08613098902046,7.647617696530866,4.0302659138694095,Type_A,Responder
P0094,27,,9.283411673086304,3.009198322583398,Type_A,Responder
P0094,32,,8.460937104224472,2.485966677191712,Type_A,Responder
P0094,41,27.72159569571692,7.775264048759479,1.8546684537021492,Type_A,Responder
P0094,48,16.626845248558848,8.081691235552878,1.594045340286907,Type_A,Responder
P0095,0,77.76168054133602,7.152007145099936,5.22329505688096,Type_B,Responder
P0095,8,40.590307426653794,7.364368953816764,4.566000768704198,Type_B,Responder
P0095,13,25.346385350277448,7.274476190347761,4.278758194216204,Type_B,Responder
P0095,19,13.217210734874444,8.966584289093268,3.844562277455085,Type_B,Responder
P0095,28,4.707092057964518,8.904367688208993,3.172950366492835,Type_B,Responder
P0096,0,372.16135167448795,4.012136829660764,5.079773933772021,Type_A,Non-Responder
P0096,8,314.0393762604768,3.541854508888349,5.612367180418332,Type_A,Non-Responder
P0096,15,272.817377263498,3.9157329781907886,5.665821361848513,Type_A,Non-Responder
P0096,21,245.69631121908688,1.973567291579804,6.1105812039079135,Type_A,Non-Responder
P0096,31,204.58589497652846,3.9422097566828223,6.441658454708101,Type_A,Non-Responder
P0096,35,,4.819169110282295,6.661248801379132,Type_A,Non-Responder
P0096,41,175.20750915216223,4.912532371517936,6.75984141927605,Type_A,Non-Responder
P0096,48,,,7.319603184706347,Type_A,Non-Responder
P0097,1,420.85768421667103,,5.304104473331362,Type_A,Non-Responder
P0097,8,1101.509727380696,8.655158371586673,8.07321708402139,Type_A,Non-Responder
P0097,15,2689.948294187671,6.591955653924692,,Type_A,Non-Responder
P0097,19,5094.328982749094,6.377614043261566,14.906868398145056,Type_A,Non-Responder
P0097,29,21835.381958657636,,27.5502618886592,Type_A,Non-Responder
P0098,0,16.831701289622192,8.275914911922353,7.136644857462103,Type_A,Non-Responder
P0098,7,11.567396490591921,9.573846837783535,14.799558790778308,Type_A,Non-Responder
P0098,15,1.904978166730217,,35.59256163953115,Type_A,Non-Responder
P0098,23,,7.435833370232077,83.26136717648696,Type_A,Non-Responder
P0098,27,3.0801206170840754,7.962081274667944,126.2803635248059,Type_A,Non-Responder
P0098,35,0.0,8.030836964851462,284.8706229506097,Type_A,Non-Responder
P0099,0,105.32676776588636,8.016293768502562,4.583611516674532,Type_B,Responder
P0099,6,63.59315567721626,7.2640383734191705,2.86333750539293,Type_B,Responder
P0099,14,35.87226430674465,6.040087610075332,1.4797120689044365,Type_B,Responder
P0099,18,20.5338138160174,6.704937659192024,1.129576450314704,Type_B,Responder
P0099,29,,6.5222841181760876,0.665891576444414,Type_B,Responder
P0099,34,5.603226295389482,6.667750895886126,0.4331849553826871,Type_B,Responder
P0099,40,4.372517710834462,7.149449167967432,0.2587416266973739,Type_B,Responder
P0099,49,3.6749162587501516,7.137704678618298,0.11852713685268501,Type_B,Responder
P0100,0,91.00960905662477,1.6292173111051131,12.763326519491223,Type_B,Non-Responder
P0100,6,147.91829145939573,3.210542158850258,16.44845318433828,Type_B,Non-Responder
P0100,11,222.39157400215274,4.019415687886168,19.899312330495817,Type_B,Non-Responder
P0100,23,681.3103999282619,2.9929062614877444,32.94981710632057,Type_B,Non-Responder
P0100,29,1156.8618561021685,,44.084282488599335,Type_B,Non-Responder
P0100,34,1681.1857154133409,2.0082330637737646,54.56255475600016,Type_B,Non-Responder
P0100,40,3044.305080114234,,73.57036872252608,Type_B,Non-Responder
P0101,0,79.67999072504053,0.3993900731519455,9.786072581155146,Type_A,Non-Responder
P0101,6,134.48607942847187,1.0683947275405679,9.848048025029847,Type_A,Non-Responder
P0101,14,342.40754317554115,1.8111273299871307,10.515109091309334,Type_A,Non-Responder
P0101,20,595.3465611722975,,,Type_A,Non-Responder
P0101,25,934.7612144334029,0.7260450030966339,11.48967013287688,Type_A,Non-Responder
P0102,0,124.59838203514057,7.818394673584155,10.881886520376584,Type_A,Non-Responder
P0102,7,205.42885843703218,6.39176751889998,10.825282573476684,Type_A,Non-Responder
P0102,16,369.79608576164605,6.192158688099218,10.57744916217329,Type_A,Non-Responder
P0102,19,491.06560749467076,,,Type_A,Non-Responder
P0102,30,,,10.464320792300242,Type_A,Non-Responder
P0102,32,1211.2699222153926,6.502906093219382,10.211148547916695,Type_A,Non-Responder
P0102,40,2216.596383787659,6.667666850141539,9.820413203952619,Type_A,Non-Responder
P0102,48,4195.515136681857,10.061730240028105,9.760209261803304,Type_A,Non-Responder
P0103,0,45.03919874624775,9.992377789517548,,Type_B,Non-Responder
P0103,7,72.68161165063111,10.33982146069589,7.380354218316375,Type_B,Non-Responder
P0103,13,110.11005958833064,11.483422921213338,6.94552166247156,Type_B,Non-Responder
P0103,18,150.48862378503907,11.08529822880498,6.269764556819853,Type_B,Non-Responder
P0103,28,285.0760879996767,9.261550078711243,5.636074821197702,Type_B,Non-Responder
P0103,35,449.2630528763964,8.575124954885005,4.912449694493126,Type_B,Non-Responder
P0103,44,798.823887670324,10.036336260073842,4.36020504174775,Type_B,Non-Responder
P0104,0,19.816669181481977,4.044098968901465,2.6975525149660426,Type_B,Non-Responder
P0104,8,,4.3332264589971246,2.2509135000171647,Type_B,Non-Responder
P0104,12,20.953419384289823,3.872989869909622,2.0649120519788333,Type_B,Non-Responder
P0104,18,26.9221263169347,5.323448791336375,1.7423231274273183,Type_B,Non-Responder
P0104,27,36.95445340234143,4.475430201919805,1.503664982756939,Type_B,Non-Responder
P0104,32,41.17041069604214,4.366368737630958,1.3612584132844294,Type_B,Non-Responder
P0104,41,48.94423355132783,4.74341688950789,,Type_B,Non-Responder
P0104,48,,,1.0680313575912042,Type_B,Non-Responder
P0105,0,19.971736671074225,6.860129008796944,17.76690816146179,Type_B,Non-Responder
P0105,6,27.39355931009636,5.059389553599434,19.684072220866476,Type_B,Non-Responder
P0105,13,39.3489031065595,7.405601574590096,21.772732528663646,Type_B,Non-Responder
P0105,20,54.80757571532528,,25.063998904817623,Type_B,Non-Responder
P0106,0,20.45054947442847,7.2028309592020765,7.083562151024376,Type_A,Responder
P0106,6,13.913260686789746,5.955109211297833,5.772758265874522,Type_A,Responder
P0106,12,5.803174409957675,4.74292608458726,4.577583392286951,Type_A,Responder
P0106,20,5.606472371243587,5.492495514835774,,Type_A,Responder
P0106,27,3.681697243575578,6.900247799652589,3.079364089287071,Type_A,Responder
P0106,34,0.0,5.711054926134132,2.5294646574177317,Type_A,Responder
P0106,44,0.0,,1.695837106668143,Type_A,Responder
P0106,48,,5.607645790083906,1.8309884892506592,Type_A,Responder
P0107,0,98.23952828138647,,11.76917924731788,Type_B,Responder
P0107,7,36.446237602716174,3.6608792424876815,9.006248141357984,Type_B,Responder
P0107,10,19.580380778525864,2.950837834383376,8.15591021220875,Type_B,Responder
P0107,21,3.47249727255112,3.80459172153273,5.419878347697711,Type_B,Responder
P0107,27,0.13100542778275126,,4.361901340778908,Type_B,Responder
P0107,36,3.0692335694132775,4.704308288269161,3.157027140114995,Type_B,Responder
P0107,41,5.563512223658308,5.084701880254376,2.636082008710183,Type_B,Responder
P0108,0,12.086034115056766,6.380674518742733,11.84134607236025,Type_A,Responder
P0108,5,8.542705197124235,8.877894116543747,8.619204234756598,Type_A,Responder
P0108,16,3.209244721732233,7.324098617658403,3.944642628918654,Type_A,Responder
P0108,19,0.09343667427248237,,3.2134517910718174,Type_A,Responder
P0108,26,1.5105295796201583,8.556785023986617,1.8510368557110555,Type_A,Responder
P0109,0,33.06980189133633,3.964771176651043,15.29241994234172,Type_A,Responder
P0109,7,11.239827397522754,4.262019548216354,,Type_A,Responder
P0109,15,,3.4688370530741057,6.582190523864083,Type_A,Responder
P0109,21,2.519518594115135,4.437376479928288,4.786935519987195,Type_A,Responder
P0109,29,4.456477448623746,6.153569509919348,3.130533977275983,Type_A,Responder
P0110,0,54.98166670213433,,4.304304826492662,Type_B,Non-Responder
P0110,7,133.76617129500806,8.253273841648355,4.9498514048209294,Type_B,Non-Responder
P0110,12,246.53515581257855,7.890914955258954,5.664237353762549,Type_B,Non-Responder
P0110,18,580.3888474688935,9.33930142534826,6.542554915949714,Type_B,Non-Responder
P0111,0,49.04642852733339,9.04766119682261,5.453780636497293,Type_B,Responder
P0111,5,,8.932985130947102,4.477286023819732,Type_B,Responder
P0111,14,,6.5473534251059435,3.2518812075298653,Type_B,Responder
P0111,20,40.57974331882132,9.885414618400699,2.4114059938039527,Type_B,Responder
P0111,27,37.14017006984225,9.668595876975665,2.005377248305758,Type_B,Responder
P0111,35,37.287976357863656,8.9923137709553,1.3849193706691285,Type_B,Responder
P0111,40,36.235257769573394,9.302932708818435,1.2732320048513044,Type_B,Responder
P0111,48,27.649207952884016,,1.031540458812529,Type_B,Responder
P0112,2,,9.069230392486276,5.017626914349404,Type_A,Non-Responder
P0112,5,9.61103882250068,9.774686307859323,5.643878716548707,Type_A,Non-Responder
P0112,14,22.886539323000754,11.626485676581165,8.205611341032217,Type_A,Non-Responder
P0112,19,30.16136336832521,11.352314858713415,10.416193745360555,Type_A,Non-Responder
P0112,27,,10.000574655285448,14.30627713426969,Type_A,Non-Responder
P0113,1,51.34437267524538,6.6468664013096594,8.357418449445031,Type_B,Non-Responder
P0113,5,61.25246237973379,6.230276667155624,10.829390969518997,Type_B,Non-Responder
P0113,13,104.04471156942408,8.324005850303179,18.59679751455383,Type_B,Non-Responder
P0113,20,147.48942290575854,6.941205329566177,,Type_B,Non-Responder
P0113,30,279.5080570317882,7.481410354333262,57.31303848209243,Type_B,Non-Responder
P0113,34,351.924403811289,7.788692586767674,75.71509655678359,Type_B,Non-Responder
P0113,41,495.80180625072035,8.980578356149461,121.97763661885371,Type_B,Non-Responder
P0113,51,855.9239248668036,7.936200968143632,236.1574624967093,Type_B,Non-Responder
P0114,0,127.16033101050925,2.6666441009832105,,Type_B,Non-Responder
P0114,6,164.0676440382141,3.487115894050414,6.195610750599088,Type_B,Non-Responder
P0114,12,213.62180495126344,3.65448034715999,5.301183405580276,Type_B,Non-Responder
P0114,20,282.6294463653815,1.2969683427312462,4.411684887199498,Type_B,Non-Responder
P0114,31,444.3397939401874,3.538623565776875,3.717605710960491,Type_B,Non-Responder
P0115,0,44.330862802522574,7.490227474856677,3.334476026513824,Type_B,Non-Responder
P0115,4,53.66831511264537,7.937269544815115,3.0426807653887256,Type_B,Non-Responder
P0115,13,61.142787307950044,8.877556556274467,,Type_B,Non-Responder
P0115,21,67.00493614179996,9.049132981286165,1.6002342617772427,Type_B,Non-Responder
P0115,27,83.48541776778477,7.9824914660639354,1.352579352536673,Type_B,Non-Responder
P0115,33,93.26889002001626,10.18083087746149,1.007797995750782,Type_B,Non-Responder
P0116,1,19.587998713050986,6.407850415488321,10.076971821904586,Type_B,Non-Responder
P0116,5,27.685444302921432,4.274583146791758,9.971490425022951,Type_B,Non-Responder
P0116,13,107.94907399454354,4.954625450544279,9.230000986399084,Type_B,Non-Responder
P0116,22,398.15790735546915,6.365919508267223,9.011919347504739,Type_B,Non-Responder
P0116,30,1252.7941590699438,,,Type_B,Non-Responder
P0117,0,64.26816725034209,8.01808289687202,11.384437897123473,Type_A,Responder
P0117,6,49.989396311368466,7.756124215216786,5.7892231538552945,Type_A,Responder
P0117,11,40.46808620855399,8.482286092286552,3.1756254904134735,Type_A,Responder
P0117,21,29.854151598397852,7.032457185656774,1.1085627718458309,Type_A,Responder
P0117,25,25.331426280913394,6.620202339024701,0.6290250518445677,Type_A,Responder
P0117,34,,9.692423363457163,,Type_A,Responder
P0117,43,15.34828410318201,9.181546743419517,0.1,Type_A,Responder
P0117,48,11.105122916015766,8.719493827279294,0.1,Type_A,Responder
P0118,0,55.74830502144738,5.343367180722571,8.068964113873745,Type_A,Non-Responder
P0118,6,,6.581781077628037,12.339854305575502,Type_A,Non-Responder
P0118,15,230.63027020386394,3.991735681169642,25.450761888079125,Type_A,Non-Responder
P0118,22,515.2900579857165,5.267618497250389,41.991823154634794,Type_A,Non-Responder
P0118,29,1127.618517573319,1.7647179547960845,75.32937792816544,Type_A,Non-Responder
P0118,34,2051.0486924367365,3.3634230123414133,110.96786160627275,Type_A,Non-Responder
P0119,0,29.94324977644986,1.7136882300417051,3.5878228858960792,Type_A,Non-Responder
P0119,4,30.960727827593754,0.7590630295913454,3.882450601643004,Type_A,Non-Responder
P0119,14,42.496090030568,2.814539804415239,3.917552975133861,Type_A,Non-Responder
P0119,18,39.49933922223557,2.7393702213192253,4.0008730721534,Type_A,Non-Responder
P0119,29,65.43953008164742,1.9711057961934033,4.7018578230979235,Type_A,Non-Responder
P0119,34,63.970795110062966,2.1840026255903657,4.51984311460684,Type_A,Non-Responder
P0119,42,79.62567089673627,3.3188438539483944,5.036946077948836,Type_A,Non-Responder
P0120,0,13.689784624314361,0.0,4.957335480624259,Type_A,Non-Responder
P0120,8,39.259685328758756,0.9318780127764251,6.3692972219594814,Type_A,Non-Responder
P0120,13,63.02418165893642,0.9133463708983585,7.503692245117069,Type_A,Non-Responder
P0120,21,161.42860647049113,1.3963444409259882,10.590237453329797,Type_A,Non-Responder
P0120,28,361.3464773429378,,13.668873047126779,Type_A,Non-Responder
P0120,35,851.949462342371,0.5592939212897976,17.971083762515388,Type_A,Non-Responder
P0121,0,5.583791748018433,3.526536346241195,5.952758683359016,Type_A,Responder
P0121,6,2.3432405451071254,4.703620046721592,5.97067968203869,Type_A,Responder
P0121,14,1.5086103141179656,4.329391329574984,6.009025922553834,Type_A,Responder
P0121,24,0.0,4.506104777698541,5.972462238225319,Type_A,Responder
P0122,0,291.03678057868467,3.135673717541757,8.189990530799419,Type_B,Non-Responder
P0122,5,423.8655370156645,1.9182473305566365,11.018695718249118,Type_B,Non-Responder
P0122,12,649.1612325187425,3.1902514251778102,16.812657023350102,Type_B,Non-Responder
P0122,18,880.2579228815649,,24.248714804710705,Type_B,Non-Responder
P0122,30,2293.0938852501376,2.638613314947515,51.43274838892806,Type_B,Non-Responder
P0123,0,196.43170588523236,5.541129090189415,7.031672269894051,Type_B,Responder
P0123,5,130.54727587671832,5.12116868230302,,Type_B,Responder
P0123,15,59.94967474646303,5.095577973508809,4.032270917188024,Type_B,Responder
P0123,22,28.033125603594485,6.877203132695157,2.922235421123196,Type_B,Responder
P0123,26,23.144085891819298,,2.7189561554457082,Type_B,Responder
P0123,33,12.761842194267262,4.959471409804086,2.0273950643757668,Type_B,Responder
P0124,0,76.93345067576026,7.641398712663865,6.426338599607677,Type_B,Non-Responder
P0124,6,,8.894484878724068,6.206339726686265,Type_B,Non-Responder
P0124,11,114.38263974182449,9.17980890439673,6.436567459119227,Type_B,Non-Responder
P0124,24,169.39012018822658,,,Type_B,Non-Responder
P0125,0,16.11620220018854,2.864415967340075,4.879351004202269,Type_B,Non-Responder
P0125,5,,1.383056520794081,5.368410595264951,Type_B,Non-Responder
P0125,12,18.66789909021718,0.1480743184309532,5.335526231562836,Type_B,Non-Responder
P0125,19,18.420385531057374,0.5559107108019228,5.715740548114047,Type_B,Non-Responder
P0125,26,29.565555111034357,0.5757591468519321,5.591660088552417,Type_B,Non-Responder
P0125,33,31.559680495164926,,6.216990102149585,Type_B,Non-Responder
P0125,42,42.72619878301691,,6.5277939728777845,Type_B,Non-Responder
P0126,0,,10.525029449122007,19.50950951422557,Type_A,Non-Responder
P0126,7,98.4114609826184,9.37984566775544,25.348290603027426,Type_A,Non-Responder
P0126,13,,,31.921916773806764,Type_A,Non-Responder
P0126,21,60.85518762341931,7.981056034719949,,Type_A,Non-Responder
P0127,0,408.0823910442443,0.0,11.708140682362362,Type_A,Non-Responder
P0127,8,746.3014652482752,,12.79241919495142,Type_A,Non-Responder
P0127,13,1041.8304118820213,0.0,13.611350380577354,Type_A,Non-Responder
P0127,22,2155.8866966457795,0.0,13.955283430279163,Type_A,Non-Responder
P0128,0,,1.3263766363542984,12.892410988201254,Type_A,Responder
P0128,7,44.45687947695094,1.229395567093809,8.976690457841629,Type_A,Responder
P0128,11,19.703617598421978,2.0112499045691923,7.4565080204310465,Type_A,Responder
P0128,21,1.254416712795396,,4.493749481972583,Type_A,Responder
P0128,29,,2.4609242167720096,3.1073670604317902,Type_A,Responder
P0128,36,0.0,0.9405651006126083,2.2007911320038493,Type_A,Responder
P0128,42,0.5906420605850556,3.1894840054115323,1.6479482787292654,Type_A,Responder
P0128,48,1.5273771475649798,1.6361089258284043,1.3233729510489867,Type_A,Responder
P0129,0,92.21872199398125,2.9263525163294606,4.802816549876391,Type_A,Responder
P0129,6,36.814117709761895,2.842219871459332,,Type_A,Responder
P0129,15,11.453626593174395,2.073700449689604,1.7361121290415529,Type_A,Responder
P0129,21,,1.5597711501243565,1.0808080942048326,Type_A,Responder
P0129,25,2.2560012541424665,2.387462545896467,0.8020341231386903,Type_A,Responder
P0129,33,0.7591434090197903,2.4790482776930047,0.4123221520838527,Type_A,Responder
P0130,0,108.51239061556153,5.63332709205878,12.46624405962175,Type_A,Responder
P0130,4,53.03214073703934,6.246466932541431,10.770060496134816,Type_A,Responder
P0130,13,8.851442669466115,4.773412462168986,,Type_A,Responder
P0130,22,0.0,4.483093600675255,5.342669312377906,Type_A,Responder
P0131,2,47.672498721097874,5.197494668903523,,Type_A,Non-Responder
P0131,3,46.23187167210571,5.1815710210336015,13.430428794674887,Type_A,Non-Responder
P0131,12,115.52846643003468,6.097877173706186,15.917397519736811,Type_A,Non-Responder
P0131,20,250.4589257494263,5.364420948322734,,Type_A,Non-Responder
P0131,29,612.0881317817126,3.4423057119302527,,Type_A,Non-Responder
P0131,34,988.3362226706596,5.259323364944166,24.904921081370336,Type_A,Non-Responder
P0132,0,62.09480165803418,1.3901725121386057,10.438507625871887,Type_B,Responder
P0132,7,43.75519980526782,0.2796709333720706,9.503974096755401,Type_B,Responder
P0132,13,32.154853320068355,1.9078824994754353,8.845543893003414,Type_B,Responder
P0132,21,20.150408038365356,2.4949680906606067,8.245845772044616,Type_B,Responder
P0132,29,11.871843390590666,2.5996472523881784,7.625404679435324,Type_B,Responder
P0132,33,12.250159169699426,2.6087836551354453,7.457852260522726,Type_B,Responder
P0133,0,10.595855484338035,8.782351184047165,27.87817234686807,Type_B,Non-Responder
P0133,9,27.92327393257282,7.381775480511873,40.70748125517278,Type_B,Non-Responder
P0133,15,65.07019602201551,7.062137804198478,53.534977152607794,Type_B,Non-Responder
P0133,20,103.9786790116306,8.687766292892285,65.07252558335512,Type_B,Non-Responder
P0133,26,205.8025874797878,8.094217012538753,85.90319295867286,Type_B,Non-Responder
P0133,36,747.182763036263,7.462172900489839,132.3199005818144,Type_B,Non-Responder
P0133,43,1847.4492859778666,8.562911751812067,,Type_B,Non-Responder
P0133,49,3667.706447029014,7.58286901144633,,Type_B,Non-Responder
P0134,0,116.60947296937914,,,Type_B,Non-Responder
P0134,5,132.47307488223075,4.242059724551582,4.111835620991129,Type_B,Non-Responder
P0134,11,160.44563931130781,6.810163218326226,4.424566995272982,Type_B,Non-Responder
P0134,20,213.86641336577162,6.518972713323112,5.682704191995757,Type_B,Non-Responder
P0134,26,274.74843457851506,6.475161778668204,5.803011880784287,Type_B,Non-Responder
P0134,32,332.66900163897714,3.990363118779425,6.503041845002725,Type_B,Non-Responder
P0134,39,394.16970401946696,4.826029847644863,,Type_B,Non-Responder
P0135,0,116.46233844449743,9.385392791266373,10.829299610559222,Type_B,Non-Responder
P0135,7,,7.171330207783807,11.985948951262486,Type_B,Non-Responder
P0135,14,1497.4698695369946,10.2778708182355,12.834114904375745,Type_B,Non-Responder
P0135,16,,8.064025279119551,12.853682720255703,Type_B,Non-Responder
P0135,28,18876.926901112558,8.926560391076382,14.48622777833756,Type_B,Non-Responder
P0136,2,9.007480772779635,0.0,6.184781946155148,Type_A,Responder
P0136,9,3.5895625285297856,1.360915483693348,5.8191058204611155,Type_A,Responder
P0136,12,,0.30708461327591263,5.5985999200921475,Type_A,Responder
P0136,21,,1.6205531088033052,4.941552782623744,Type_A,Responder
P0137,0,146.493287825043,9.434614563383631,16.695841577796923,Type_B,Non-Responder
P0137,8,159.27812784634526,9.689125577519667,18.947855831362965,Type_B,Non-Responder
P0137,13,158.6049017006886,10.91611238841356,20.96248500879185,Type_B,Non-Responder
P0137,20,159.43386708819475,7.12165402374196,22.79404334951505,Type_B,Non-Responder
P0138,2,12.306084521464406,7.481628374114695,18.122060417095057,Type_A,Responder
P0138,8,0.6842954693650212,7.496009263155996,16.316439294832655,Type_A,Responder
P0138,14,0.0,7.067321630727767,14.40187704882281,Type_A,Responder
P0138,18,2.68859428212943,8.33781351910893,,Type_A,Responder
P0139,0,102.13064838440496,0.5607768895744578,12.17264721001216,Type_B,Non-Responder
P0139,7,85.31431891946706,2.918805782947299,10.402030559966198,Type_B,Non-Responder
P0139,12,,2.53628186761989,8.847729676815218,Type_B,Non-Responder
P0139,20,64.76676237932998,,7.525536191597574,Type_B,Non-Responder
P0139,28,52.89984274960192,2.430659523809029,6.191800123423109,Type_B,Non-Responder
P0139,33,47.367067288395525,1.8560854903842245,5.470064633224921,Type_B,Non-Responder
P0140,1,250.76415125915474,2.5514581462988515,8.278969287294613,Type_B,Non-Responder
P0140,7,326.2340615355022,0.9871176087265021,9.193724567486035,Type_B,Non-Responder
P0140,13,427.0261230964434,1.9412481304815736,9.516385059203513,Type_B,Non-Responder
P0140,19,575.5706222254541,0.9614608989111659,10.585644233071816,Type_B,Non-Responder
P0140,28,975.3825820729077,1.9444067414941126,11.810633952192179,Type_B,Non-Responder
P0141,0,54.14864892928589,7.716110488580387,5.33681862432682,Type_B,Non-Responder
P0141,5,81.87421657888297,8.623109316776642,5.254363049285156,Type_B,Non-Responder
P0141,13,,10.046078796952978,5.46779607331022,Type_B,Non-Responder
P0141,21,243.073725208365,7.473906751963399,5.713354344117737,Type_B,Non-Responder
P0141,28,388.192346630038,8.610277002319036,5.6853234022871515,Type_B,Non-Responder
P0141,35,636.5756587802236,8.219367031724488,5.7744265565214565,Type_B,Non-Responder
P0142,0,139.63234579129642,7.574758948545737,5.745071022713242,Type_B,Non-Responder
P0142,8,158.24716692113225,7.502349667491957,4.716886110498756,Type_B,Non-Responder
P0142,11,157.82414493285438,11.865370285341243,4.450573816582889,Type_B,Non-Responder
P0142,20,149.95486281394284,9.894571619273112,3.405118784112335,Type_B,Non-Responder
P0142,28,142.2833462884304,7.819425666450252,2.7945794091773575,Type_B,Non-Responder
P0142,33,133.07342105167086,8.078674747187138,2.6725861211562294,Type_B,Non-Responder
P0143,0,169.9914464600294,6.158615146603424,4.784576987870086,Type_B,Non-Responder
P0143,9,321.541300296264,8.439699845025626,7.141330494931384,Type_B,Non-Responder
P0143,12,405.2128895426236,,7.91139028282102,Type_B,Non-Responder
P0143,19,700.9895654615339,8.253338147453226,10.317481833221981,Type_B,Non-Responder
P0143,26,1029.7483657491055,9.706280394415119,13.164697270528292,Type_B,Non-Responder
P0143,34,1833.33692288735,7.950019341606583,18.437682504237866,Type_B,Non-Responder
P0143,40,2770.2567808331246,8.048797727444217,22.556673672311028,Type_B,Non-Responder
P0143,48,4781.054429056314,7.574673258555803,30.60886784513379,Type_B,Non-Responder
P0144,0,339.3476052800138,5.1332693911065475,9.06906601762747,Type_B,Non-Responder
P0144,9,387.43474247437996,3.8501970572603246,11.001877459319246,Type_B,Non-Responder
P0144,13,434.0475939763014,6.741898442468022,11.74015736547038,Type_B,Non-Responder
P0144,23,498.78452857067225,6.173729067061033,14.93131601610468,Type_B,Non-Responder
P0144,28,541.7965815859961,6.473007104092735,16.412210514237888,Type_B,Non-Responder
P0145,3,91.13319329747179,,6.169048504377095,Type_B,Responder
P0145,7,68.04256488395404,5.586280095814167,5.643588144720008,Type_B,Responder
P0145,13,45.071601056485136,5.446797493463678,4.591213531502476,Type_B,Responder
P0145,19,28.726631921667142,4.767603506424371,3.960925781983218,Type_B,Responder
P0145,28,16.339408587984753,4.4965290100789534,3.1219067324519076,Type_B,Responder
P0146,0,17.599337351676958,4.734516518975589,3.3394657137262347,Type_A,Non-Responder
P0146,6,20.941935963713686,5.21582493219645,3.77606928586593,Type_A,Non-Responder
P0146,15,40.73599720642261,4.827644144716485,4.38545804991009,Type_A,Non-Responder
P0146,19,,4.804926026070722,4.817172185735896,Type_A,Non-Responder
P0146,29,107.82745783523212,4.764625382707511,6.0625157837828345,Type_A,Non-Responder
P0146,36,182.86186453666934,5.9613450680966995,7.3541679142480065,Type_A,Non-Responder
P0146,40,225.08013971773337,6.597892568415024,8.201244683420517,Type_A,Non-Responder
P0146,48,385.06718750696217,5.044558903332871,9.567928444681042,Type_A,Non-Responder
P0147,0,87.05462283704888,1.454898510662665,8.002634128377535,Type_A,Responder
P0147,9,,1.4642777184182219,4.518335296939864,Type_A,Responder
P0147,18,6.914327492643812,1.9591523253472154,2.860412449195965,Type_A,Responder
P0147,21,1.0626128117445743,0.0,2.330389962637606,Type_A,Responder
P0147,27,0.9830125034546374,3.185388076736545,1.4917436248451263,Type_A,Responder
P0148,0,131.75688239927814,9.097546825108347,4.7863150777866315,Type_A,Non-Responder
P0148,8,208.0190816679297,6.490871240322653,4.577096369933608,Type_A,Non-Responder
P0148,14,261.8676407688143,7.923606436682375,5.049328567595748,Type_A,Non-Responder
P0148,20,327.00681149261777,,4.845473687399055,Type_A,Non-Responder
P0148,27,427.4433081447706,8.220612699416701,4.893268158793321,Type_A,Non-Responder
P0148,36,624.319424298741,7.804799480972121,,Type_A,Non-Responder
P0148,40,753.4386751841324,,4.574639383188314,Type_A,Non-Responder
P0149,0,13.821780215470056,6.640449913809775,,Type_B,Non-Responder
P0149,8,8.194349750398972,8.94144473467959,7.559565357720304,Type_B,Non-Responder
P0149,14,9.538315421602043,7.935276864339572,8.755598796465069,Type_B,Non-Responder
P0149,22,8.04744522013732,8.559246722246826,11.188413179359161,Type_B,Non-Responder
P0149,26,6.418198758632398,8.057992011313374,12.604666256626741,Type_B,Non-Responder
P0149,32,,9.611202594491601,14.827716546711363,Type_B,Non-Responder
P0149,40,,10.632807993914732,18.35459077676078,Type_B,Non-Responder
P0150,0,31.607291862914,4.672899490583772,3.1514251291616566,Type_B,Responder
P0150,8,11.761082769348379,4.430689880101184,1.4155074531612994,Type_B,Responder
P0150,13,7.962695892662957,3.9757569464933455,0.9947478175698902,Type_B,Responder
P0150,23,4.846417026413974,6.019106506663714,0.37450771423444745,Type_B,Responder
P0150,28,1.9557072941526883,5.081507628633619,0.27094357076336384,Type_B,Responder
P0151,0,146.00314720558745,,7.481585025137402,Type_A,Responder
P0151,9,50.56012426807273,4.682275755812651,4.917609268937699,Type_A,Responder
P0151,12,37.30710115082748,4.35605172122972,3.833802950561525,Type_A,Responder
P0151,21,10.595796548915926,5.3257605147837985,2.4214545059105306,Type_A,Responder
P0152,0,26.330123645450346,2.779077964653827,9.488719582173399,Type_B,Non-Responder
P0152,10,64.67863973363359,0.40161764415738543,8.466365339359267,Type_B,Non-Responder
P0152,11,69.99926882388277,1.0225885503418541,8.537017538270693,Type_B,Non-Responder
P0152,20,147.69808763187652,1.41454556098763,7.5431527444199125,Type_B,Non-Responder
P0152,29,324.8870952282478,0.6078738994001194,6.58545529025641,Type_B,Non-Responder
P0152,34,532.8310340745358,0.0,6.21101416790043,Type_B,Non-Responder
P0152,40,856.4902805123487,0.0,,Type_B,Non-Responder
P0153,1,7.891339359643174,7.181835700022507,22.7669814641763,Type_B,Non-Responder
P0153,7,,8.043754582034182,28.300396984215787,Type_B,Non-Responder
P0153,12,11.902235845578645,5.453142805543467,32.915058248805984,Type_B,Non-Responder
P0153,22,12.867041250441481,6.794376132385209,47.21836486636278,Type_B,Non-Responder
P0153,28,16.38576368849273,7.002911552034693,57.04296064892916,Type_B,Non-Responder
P0153,32,21.11808074831788,6.365107798083236,65.11145711710228,Type_B,Non-Responder
P0153,43,29.07635790674797,6.750515140346365,96.92685934327437,Type_B,Non-Responder
P0154,1,106.35479911683397,5.7054756714910155,9.371729479267904,Type_A,Responder
P0154,5,76.68505900556457,6.894168216045883,8.209039365054076,Type_A,Responder
P0154,15,,5.743848799406849,5.747576552255983,Type_A,Responder
P0154,20,14.424672249255236,6.397220616872348,4.634353902539401,Type_A,Responder
P0154,26,8.617116937375851,7.4625908844944355,3.7334178712533235,Type_A,Responder
P0155,0,16.79178459934547,6.5077928459147465,3.8814766944422883,Type_B,Responder
P0155,8,,5.513978844847744,2.792428586846838,Type_B,Responder
P0155,14,3.2831554207151794,5.270568544095695,2.0219044120752345,Type_B,Responder
P0155,20,1.1734136644979745,7.640199300876871,1.5547177746421452,Type_B,Responder
P0155,29,0.5583169705398208,5.506550131768734,0.8036610624004996,Type_B,Responder
P0155,33,0.0,6.948002546176323,0.8873052720093058,Type_B,Responder
P0156,0,26.99654653693943,5.836384815346001,3.7751026246332557,Type_A,Non-Responder
P0156,6,45.49369702027627,3.5732324186845243,4.158091680970985,Type_A,Non-Responder
P0156,13,79.83242982411718,5.069844450712679,4.194395608007163,Type_A,Non-Responder
P0156,21,140.44925422370625,4.872306110524593,4.571575601463263,Type_A,Non-Responder
P0156,28,235.43401305134466,,4.718060198676092,Type_A,Non-Responder
P0156,33,334.71600049431737,5.528437070893975,4.560531536088001,Type_A,Non-Responder
P0156,44,728.749180464347,4.167209103328231,5.309759573280534,Type_A,Non-Responder
P0157,0,,2.28627473017925,8.376565144713348,Type_A,Responder
P0157,9,16.75024787455456,5.425704634463534,11.04886296633638,Type_A,Responder
P0157,12,11.368543790479842,3.047190912099966,11.530456950230306,Type_A,Responder
P0157,21,1.525060750026312,4.47673667776982,,Type_A,Responder
P0157,29,3.9445558026153176,3.4325726993009593,18.62991004361698,Type_A,Responder
P0158,1,,7.251529374585063,13.327524857911733,Type_A,Responder
P0158,5,31.835629664714652,,,Type_A,Responder
P0158,13,14.993786313637656,8.056193382739783,4.859183681765348,Type_A,Responder
P0158,20,6.483396671931176,8.984101508699602,2.946249273466908,Type_A,Responder
P0158,26,4.5943628062611745,8.596245857184432,1.5510433682514069,Type_A,Responder
P0158,36,3.5244661057401956,5.824008416165793,,Type_A,Responder
P0158,40,2.9663757900437115,6.179892284317447,0.5153732238746588,Type_A,Responder
P0158,49,0.0,8.90710774097645,0.23945069211041525,Type_A,Responder
P0159,0,67.51846497771393,3.826165206962815,6.855443422389023,Type_A,Non-Responder
P0159,5,82.47831706195394,3.205748792275779,7.676199262062272,Type_A,Non-Responder
P0159,13,127.62210349643657,3.308000558285324,9.411329704519177,Type_A,Non-Responder
P0159,19,173.50892782653955,3.247150572274364,10.23286268710891,Type_A,Non-Responder
P0159,26,214.23220040013726,2.673356762572637,11.522940254154244,Type_A,Non-Responder
P0159,35,332.7637031765975,4.572841615559896,13.024991081574996,Type_A,Non-Responder
P0160,0,21.16283822483232,3.788206355080086,19.234707102246812,Type_B,Responder
P0160,8,,3.4302211105238487,18.926505939781883,Type_B,Responder
P0160,15,3.7808300357606535,1.9441014516425053,17.659388264173504,Type_B,Responder
P0160,21,7.819007394751946,3.548733495316708,16.820294704355796,Type_B,Responder
P0160,28,0.15335729450116364,3.813068995209734,16.240597233420814,Type_B,Responder
P0161,0,45.06522122774247,8.79701831589974,14.87903202330078,Type_B,Responder
P0161,7,23.620146460151844,8.31338071977327,11.750259414437098,Type_B,Responder
P0161,14,18.5237857276141,8.259647727726344,9.047989952788964,Type_B,Responder
P0161,22,7.714390135721896,8.161885912769298,6.955506077474433,Type_B,Responder
P0161,30,3.8721677625161486,7.652867261119472,5.157163640592313,Type_B,Responder
P0161,33,3.8372222142454797,,4.886483869879712,Type_B,Responder
P0161,40,2.0344121869481393,7.6260904508719305,3.8278531949433487,Type_B,Responder
P0161,46,0.0,7.404275757121511,3.2407066275064573,Type_B,Responder
P0162,0,36.04037439176917,9.15216288090188,9.89791446202088,Type_A,Non-Responder
P0162,7,38.51525788063033,11.374033744300402,9.759696434135467,Type_A,Non-Responder
P0162,15,47.03858009116848,10.345572662721452,9.025293492303948,Type_A,Non-Responder
P0162,18,50.329673134496794,,8.670913524705766,Type_A,Non-Responder
P0162,28,67.5646722282654,,8.209999719725461,Type_A,Non-Responder
P0163,0,,8.388066063890228,7.7015385950796516,Type_A,Responder
P0163,5,83.43395871662311,7.512269287343706,6.043996168258016,Type_A,Responder
P0163,15,33.96709723984057,9.171734885120289,3.5031852448771,Type_A,Responder
P0163,20,21.58162969968172,7.974919297722493,2.759173856037775,Type_A,Responder
P0163,29,12.86188975529388,8.063724944173352,1.7366652091786716,Type_A,Responder
P0164,0,201.7799923261557,7.15046403896008,8.498287338731368,Type_A,Non-Responder
P0164,9,307.88930671216514,8.627124223485348,10.476401552098583,Type_A,Non-Responder
P0164,13,375.4913440702074,6.192205567532813,11.43337034002463,Type_A,Non-Responder
P0164,18,495.7395819979512,7.663191200966815,12.357526184239742,Type_A,Non-Responder
P0164,26,725.2318352034565,7.256273774429131,14.825134146184265,Type_A,Non-Responder
P0164,35,1138.2849327238146,8.65312678429812,17.947465210444772,Type_A,Non-Responder
P0165,0,,,6.370386306517619,Type_B,Responder
P0165,6,19.18303864493826,,4.926251917958382,Type_B,Responder
P0165,12,11.782348157850443,8.016433229577869,3.8021565031763034,Type_B,Responder
P0165,21,9.409382617446477,7.810530550876023,2.8045274704481713,Type_B,Responder
P0166,2,116.03665676787217,4.202698479293727,7.464812738698078,Type_A,Responder
P0166,8,73.51236526055,5.319335098722408,6.525972432098411,Type_A,Responder
P0166,14,43.869030912546904,,5.646584137883029,Type_A,Responder
P0166,20,27.265337119917056,4.186733160163082,5.351041701576636,Type_A,Responder
P0167,1,47.258217036243245,6.299360800734479,7.345516187661394,Type_B,Non-Responder
P0167,9,122.3660090295413,4.880912721107429,12.263258648472915,Type_B,Non-Responder
P0167,14,215.28346171058794,6.4790399738205675,17.25527433042833,Type_B,Non-Responder
P0167,18,,4.763123846581483,22.653073935922077,Type_B,Non-Responder
P0167,27,,4.766505553178225,41.91141793252767,Type_B,Non-Responder
P0167,32,2078.2344000331345,3.212973212392429,60.184089260381924,Type_B,Non-Responder
P0167,44,8299.888652402098,5.672368082840588,,Type_B,Non-Responder
P0167,48,12574.32135370596,5.647876768162793,184.13063576167775,Type_B,Non-Responder
P0168,0,72.3358723621899,3.5650197540917614,6.695697713072985,Type_A,Non-Responder
P0168,8,73.24813533538452,1.6909103775176584,11.935424381631181,Type_A,Non-Responder
P0168,16,88.54327428497467,0.9619131951568222,20.88073283280989,Type_A,Non-Responder
P0168,22,90.58056989117499,0.6455261715376853,31.63471565539356,Type_A,Non-Responder
P0168,28,98.02511712240658,4.265653133816404,50.10950318694809,Type_A,Non-Responder
P0168,34,108.25419191174757,1.8714661879239407,78.60627856612682,Type_A,Non-Responder
P0169,1,63.02972278061936,8.81054075027149,3.0335770187946234,Type_A,Responder
P0169,9,39.3752148850834,8.18562379300517,,Type_A,Responder
P0169,14,28.40874825338852,6.863542443753111,0.9355312795845597,Type_A,Responder
P0169,20,23.24819544841963,,0.5246407242549364,Type_A,Responder
P0169,26,12.535653669772998,6.964751811409665,0.15826343393330788,Type_A,Responder
P0170,0,20.205702576926495,,4.470589897394721,Type_A,Non-Responder
P0170,6,25.377247047931835,2.529024654000628,6.232863874837517,Type_A,Non-Responder
P0170,11,30.84704136870117,1.787940810563705,8.333060065206688,Type_A,Non-Responder
P0170,21,34.65825323901818,1.3308011701044702,14.814293679497863,Type_A,Non-Responder
P0171,1,47.55050735564146,4.851745640081689,6.736860623276456,Type_A,Non-Responder
P0171,5,62.24612438072808,2.443702941718527,8.815752274157138,Type_A,Non-Responder
P0171,15,107.19615703004231,5.232733920883998,16.89824228020391,Type_A,Non-Responder
P0171,20,138.4320493548278,4.397455555232447,23.17545962497401,Type_A,Non-Responder
P0171,30,250.45986895034792,2.5670678516778422,43.810601597781485,Type_A,Non-Responder
P0171,34,319.10742319915573,4.274776513446273,57.462477624556335,Type_A,Non-Responder
P0171,42,493.4809518497669,3.703291189717998,93.60869872918265,Type_A,Non-Responder
P0171,48,657.4089225164962,6.679412417747635,132.93410768241853,Type_A,Non-Responder
P0172,1,,6.6666725512762826,6.139851712420594,Type_B,Non-Responder
P0172,9,551.1451534449211,4.69587868707074,9.750497963474437,Type_B,Non-Responder
P0172,13,622.1800708224578,6.671011466246055,12.210665334004984,Type_B,Non-Responder
P0172,20,811.139285963465,5.657635088366234,18.687015348959772,Type_B,Non-Responder
P0172,26,951.0084257371545,,25.55641885061764,Type_B,Non-Responder
P0172,34,1308.5938663180493,7.961987236282501,40.78343009265621,Type_B,Non-Responder
P0173,0,22.50018061788662,1.4775435919386033,7.860898916535316,Type_B,Responder
P0173,5,16.841310897636017,1.2586268429385823,7.675728232002942,Type_B,Responder
P0173,13,,0.5408734241740172,6.664768193437182,Type_B,Responder
P0173,20,4.494868590319317,0.13686815700617538,6.3647780729027845,Type_B,Responder
P0173,28,8.269683112569956,1.0454560887800153,5.784557359897706,Type_B,Responder
P0173,34,7.036702411622553,,,Type_B,Responder
P0173,42,,3.868428189986693,,Type_B,Responder
P0173,49,3.3911340851355494,1.6597841914795404,4.3354482849038085,Type_B,Responder
P0174,0,24.72295951836057,4.843284369848991,14.493262288165079,Type_A,Non-Responder
P0174,5,38.643385611266666,3.1295118723729516,19.760009482089462,Type_A,Non-Responder
P0174,16,72.39350700921409,2.79087311989658,38.840060157428276,Type_A,Non-Responder
P0174,24,,3.003047921978814,63.03895928060564,Type_A,Non-Responder
P0174,26,207.37154363522964,,,Type_A,Non-Responder
P0174,35,418.32007383927635,3.3794282230717707,120.8916973938577,Type_A,Non-Responder
P0175,0,26.06753989235303,0.9573390078297583,9.724179830573862,Type_B,Non-Responder
P0175,7,32.0707613788584,0.3300720130918884,9.618281596974603,Type_B,Non-Responder
P0175,11,43.78638754791464,1.065194627363382,9.414313891718727,Type_B,Non-Responder
P0175,18,69.47464723454492,1.2243630260828504,9.034208105674857,Type_B,Non-Responder
P0175,28,,1.6027402035852147,8.436909848572302,Type_B,Non-Responder
P0175,37,235.15159577841098,1.3421333469187138,8.135222778365442,Type_B,Non-Responder
P0175,41,303.1607044264134,1.86424251103051,7.822574594806653,Type_B,Non-Responder
P0176,2,15.449505144388537,9.772184332103294,6.45796455074255,Type_A,Responder
P0176,6,8.519171082240863,8.114286676879056,4.47876139931263,Type_A,Responder
P0176,13,7.161818958152669,9.138156594424988,2.3568555253159893,Type_A,Responder
P0176,17,0.11839224718373242,8.889742185786938,1.9155453903109336,Type_A,Responder
P0176,26,,8.551066177453134,0.6564510660506728,Type_A,Responder
P0177,0,12.642058795010886,9.162076023351233,5.392868363606054,Type_B,Non-Responder
P0177,7,22.527198850978156,7.362614421425545,6.781876110575392,Type_B,Non-Responder
P0177,13,53.6226522845668,6.497569989042824,8.17097359131826,Type_B,Non-Responder
P0177,25,283.89801518651353,7.737276269284413,12.404573776397243,Type_B,Non-Responder
P0178,0,41.02543701322734,5.365253099232609,9.31875519708568,Type_B,Non-Responder
P0178,5,45.23118954854544,3.5851516729123185,10.560024158692315,Type_B,Non-Responder
P0178,17,109.64629451026946,3.8890284766513314,13.48810748756309,Type_B,Non-Responder
P0178,21,132.81875413617203,3.463268207477468,14.595009734313159,Type_B,Non-Responder
P0178,25,,3.7144031625068616,16.50615615118887,Type_B,Non-Responder
P0178,35,339.8320966805497,5.2831272495175465,20.119706387968883,Type_B,Non-Responder
P0179,0,31.663769048266797,3.229881435791476,10.909946261324102,Type_B,Non-Responder
P0179,6,38.67030071555242,2.3636362563984603,9.774670041776277,Type_B,Non-Responder
P0179,13,43.44720723649093,2.6607948384319613,8.574980430481254,Type_B,Non-Responder
P0179,21,,2.4302200322867344,7.213568960526985,Type_B,Non-Responder
P0179,28,76.69318494914353,3.7566639013077463,6.6180346995352,Type_B,Non-Responder
P0179,36,96.15489954494858,3.3459233468393434,5.882266770775471,Type_B,Non-Responder
P0179,38,109.0825464040043,3.0438964645341477,5.845683782942943,Type_B,Non-Responder
P0180,0,53.08645982297736,5.483341557728208,7.23346868332307,Type_A,Non-Responder
P0180,11,60.242547295015285,5.9988169387227455,8.944926780005828,Type_A,Non-Responder
P0180,12,62.78961091777644,4.039463767316608,8.995310882161771,Type_A,Non-Responder
P0180,20,65.38513262218972,,10.333444545372453,Type_A,Non-Responder
P0180,28,77.20219988736154,5.063957161599274,11.864810629283385,Type_A,Non-Responder
P0180,33,88.59854124705717,5.164104205281325,13.162951510210688,Type_A,Non-Responder
P0180,40,91.50065946069546,6.4481517896847365,14.57404362196944,Type_A,Non-Responder
P0181,2,21.24396501408821,2.750464097445005,6.440695620769751,Type_B,Non-Responder
P0181,4,,1.1437332324949496,6.934375966453004,Type_B,Non-Responder
P0181,12,34.997916992502034,2.273783851143183,10.83654689403488,Type_B,Non-Responder
P0181,18,37.83332961539896,4.418137961800935,14.952947741082095,Type_B,Non-Responder
P0181,28,48.30081078523949,,26.203363987270794,Type_B,Non-Responder
P0181,33,61.753194099267844,3.1960611261286584,33.075751915915866,Type_B,Non-Responder
P0182,0,37.69704343215766,,12.105086128058531,Type_A,Responder
P0182,6,25.810382558168822,0.0,9.31956782130816,Type_A,Responder
P0182,14,20.94708668231691,3.1326987644894135,6.725532206158154,Type_A,Responder
P0182,22,12.784113726467988,0.3995285312601393,4.9801131549829885,Type_A,Responder
P0182,26,,0.8955761163786543,3.8613552601000523,Type_A,Responder
P0183,0,46.657261309973066,4.169031885467483,3.0712500753165846,Type_A,Responder
P0183,5,30.245383980622712,3.66710785058494,2.314583775515679,Type_A,Responder
P0183,10,17.60642705516004,4.513940145145374,2.028489285766939,Type_A,Responder
P0183,20,,3.490759319778269,1.5028246682559758,Type_A,Responder
P0183,27,6.378060916493567,6.262321191363165,1.1362271887877957,Type_A,Responder
P0183,35,,3.7483315305985103,0.6035207436835903,Type_A,Responder
P0184,0,66.93667661735604,6.253480569768696,4.854781311160491,Type_B,Non-Responder
P0184,6,,8.381384447601773,4.7993282744330426,Type_B,Non-Responder
P0184,16,74.30371005765406,7.911191144325191,,Type_B,Non-Responder
P0184,18,71.9609690637683,6.349983914986307,4.950282640843437,Type_B,Non-Responder
P0184,29,73.32523870250316,8.014215482342474,4.969344604808353,Type_B,Non-Responder
P0184,34,74.98446706994855,8.356520836917946,4.546508040309294,Type_B,Non-Responder
P0185,2,66.47708629456187,,5.79964307074573,Type_A,Responder
P0185,6,53.76993785198951,5.022906533826818,4.798206112759301,Type_A,Responder
P0185,13,39.23599701713721,7.997011060983439,3.229718360644236,Type_A,Responder
P0185,21,19.504470129104014,5.837625729239787,1.7373202551029876,Type_A,Responder
P0185,27,15.520647508391987,5.92084738936687,1.2888544446479797,Type_A,Responder
P0185,36,12.232687771836282,6.873153388155292,,Type_A,Responder
P0185,41,4.697566728316589,9.175762253459768,,Type_A,Responder
P0185,48,6.25706917749924,7.379575261736051,0.28382503175131246,Type_A,Responder
P0186,0,266.696070312904,5.025246497733997,1.5657541828563317,Type_A,Non-Responder
P0186,4,290.77521811114104,5.155398995026757,1.490924100397468,Type_A,Non-Responder
P0186,15,374.1535146155086,6.780625514921286,1.2671287377348033,Type_A,Non-Responder
P0186,21,415.41992745465865,3.6184846533812904,1.0137418056013634,Type_A,Non-Responder
P0186,28,492.065408752471,7.699459048327876,0.663864565984287,Type_A,Non-Responder
P0187,1,9.505979459734268,6.61768215114838,18.323092160274303,Type_B,Non-Responder
P0187,6,12.671028370710873,7.280025984050841,16.293179883168623,Type_B,Non-Responder
P0187,14,25.2496677551552,6.6299013884230735,13.343491815974136,Type_B,Non-Responder
P0187,22,49.51703876441754,8.248919120480819,10.970606364370266,Type_B,Non-Responder
P0188,1,,6.597379966689567,10.007812632560666,Type_B,Responder
P0188,5,5.629442540650994,5.605960091346132,7.691759752479582,Type_B,Responder
P0188,16,0.0,6.0400327253737105,3.4695878475833655,Type_B,Responder
P0188,21,2.0338232423068723,5.570051606112108,2.43318976291606,Type_B,Responder
P0188,28,0.0,7.194505843819358,1.4993073987550318,Type_B,Responder
P0189,0,31.004416726713245,6.439467470957451,4.611030057251771,Type_B,Responder
P0189,3,24.889080113304885,6.202346240284062,3.8277204091189105,Type_B,Responder
P0189,14,6.273021406874738,5.886951978408363,2.0301645519278346,Type_B,Responder
P0189,21,4.44757861438298,7.158061243406426,1.3611245299953036,Type_B,Responder
P0189,29,0.865341108635646,6.889132431734265,1.0231295361479658,Type_B,Responder
P0189,36,1.169246678521917,5.341900050488826,0.6894256353601662,Type_B,Responder
P0190,1,36.39003270685413,2.228478512957097,21.410327434190638,Type_A,Non-Responder
P0190,8,58.947690633522924,,20.712937465207236,Type_A,Non-Responder
P0190,14,99.48585859757486,2.482915438084249,20.04849681318668,Type_A,Non-Responder
P0190,20,,,20.089852018969385,Type_A,Non-Responder
P0191,0,43.637719233666616,1.501753947494542,11.027100194814512,Type_B,Non-Responder
P0191,6,50.90397700231735,0.0,14.485852899024808,Type_B,Non-Responder
P0191,14,66.12059790413328,,20.428116300017624,Type_B,Non-Responder
P0191,22,,0.0,28.416067256033838,Type_B,Non-Responder
P0191,26,98.26886424070108,2.321420827152605,33.51045541929973,Type_B,Non-Responder
P0191,34,,0.5617237996951822,46.897261334090466,Type_B,Non-Responder
P0192,0,136.5329525532757,,7.337197135983041,Type_B,Responder
P0192,7,65.09116276355984,1.6687528762949237,,Type_B,Responder
P0192,15,30.646149748708353,3.464243094385868,6.74286492592024,Type_B,Responder
P0192,21,17.567908045238482,2.012934937638665,6.308072661114608,Type_B,Responder
P0192,29,0.5040526059296404,4.660367359116804,6.03242186728522,Type_B,Responder
P0192,36,2.1323462345557527,1.9975970879638063,5.575945946827867,Type_B,Responder
P0192,40,3.1940855320061687,2.5124308464456138,5.428142287031942,Type_B,Responder
P0192,51,0.0,1.2107519739838455,5.237744989600094,Type_B,Responder
P0193,0,103.14444701613134,7.886240292975765,8.286620968145517,Type_B,Non-Responder
P0193,6,98.05485225572824,8.829703759846243,8.80755054988771,Type_B,Non-Responder
P0193,14,97.86924303361111,7.186745442251792,8.801880266642497,Type_B,Non-Responder
P0193,21,98.43536248951187,9.843214595083865,9.701737065675824,Type_B,Non-Responder
P0193,26,104.92350440455773,8.483637781809675,9.949104009577354,Type_B,Non-Responder
P0193,35,98.36162241171638,7.033950142140948,10.911752941845528,Type_B,Non-Responder
P0193,43,103.06080667548477,,11.431857377351463,Type_B,Non-Responder
P0194,1,7.795912122948389,5.019470045546279,11.646702635190438,Type_A,Non-Responder
P0194,8,,4.347624301387952,13.007069600714797,Type_A,Non-Responder
P0194,16,12.191882519231335,6.785879225013365,,Type_A,Non-Responder
P0194,21,6.711792112456023,4.798579120572577,16.597831234509737,Type_A,Non-Responder
P0194,30,6.341919677354897,5.779995750839094,19.82400516788592,Type_A,Non-Responder
P0194,35,9.304535690100893,4.513530162444873,21.6343025658818,Type_A,Non-Responder
P0194,42,3.866675681974103,4.0927604945011655,23.85535453649866,Type_A,Non-Responder
P0195,0,,5.790388222731188,11.886983473107296,Type_A,Non-Responder
P0195,8,,5.566784389995405,14.846603551432423,Type_A,Non-Responder
P0195,12,64.72239302040492,5.8171611186143934,16.57270116786955,Type_A,Non-Responder
P0195,22,63.22048989401832,5.317289526192339,22.221521813988584,Type_A,Non-Responder
P0195,26,61.892720859728634,6.073119568443073,24.04581796068825,Type_A,Non-Responder
P0196,0,40.20063412887453,6.357600848179851,3.760693647589254,Type_A,Non-Responder
P0196,8,78.59200303636574,,5.289684184772417,Type_A,Non-Responder
P0196,13,117.66867648464009,4.204638441341242,5.996475440071678,Type_A,Non-Responder
P0196,20,,5.273669211739588,8.275628657328308,Type_A,Non-Responder
P0196,28,404.7331476475517,4.8267000224379775,11.252572864006103,Type_A,Non-Responder
P0196,33,,6.057792336707161,14.221661577106559,Type_A,Non-Responder
P0197,0,422.3634130292278,0.0,,Type_A,Non-Responder
P0197,6,586.3976480138018,1.930308740723998,10.5360687707912,Type_A,Non-Responder
P0197,13,1032.8141269490366,1.5575298149025292,10.620272292220504,Type_A,Non-Responder
P0197,20,,2.9063856590233987,10.713142153014655,Type_A,Non-Responder
P0197,27,2552.8363421806393,1.5598318067514683,,Type_A,Non-Responder
P0197,35,4223.493140724422,0.6613591516951667,10.663330604145624,Type_A,Non-Responder
P0197,43,7136.626815417626,,10.448684973162297,Type_A,Non-Responder
P0197,50,11701.92644338262,1.430008775392804,10.070908358637016,Type_A,Non-Responder
P0198,2,12.088583176352738,4.001202763346342,4.57025248800588,Type_A,Non-Responder
P0198,7,7.279133766261182,5.851036029615661,3.9936610411152196,Type_A,Non-Responder
P0198,16,8.697638385225357,5.0892320001142215,3.644075216406931,Type_A,Non-Responder
P0198,18,4.282849278198653,2.667569573384765,3.6563574111442443,Type_A,Non-Responder
P0198,26,4.094147356669958,3.356122762396743,3.133692925665852,Type_A,Non-Responder
P0198,33,3.0997199413665877,4.619413436359578,3.01589379970527,Type_A,Non-Responder
P0198,42,3.363277342893156,6.065054542357425,2.5990145147210377,Type_A,Non-Responder
P0198,47,,4.5310822814810106,2.42135217615647,Type_A,Non-Responder
P0199,0,790.1826410484236,,10.844898341055478,Type_A,Non-Responder
P0199,7,1554.6291162471578,2.4151919856174837,15.6957431521409,Type_A,Non-Responder
P0199,13,2997.011396039579,0.29434867351473787,22.25510065520325,Type_A,Non-Responder
P0199,19,5612.360135976498,0.0,,Type_A,Non-Responder
P0199,28,12355.861431492998,0.0,52.689696560735825,Type_A,Non-Responder
P0199,35,26146.20613381998,0.0,77.36137546611619,Type_A,Non-Responder
P0199,42,,1.0030954727484125,113.65294245414223,Type_A,Non-Responder
P0200,0,16.988513496763908,7.240337434412234,6.32757871789846,Type_A,Non-Responder
P0200,8,20.777886887131263,10.013405514245427,6.238551571790331,Type_A,Non-Responder
P0200,13,23.892152328268715,7.448265632501158,6.270644869858358,Type_A,Non-Responder
P0200,19,21.547778397898007,7.672626591234314,6.565982101420435,Type_A,Non-Responder
P0200,27,23.982018726785718,8.701160657822268,6.3641245754364055,Type_A,Non-Responder
P0200,32,23.943661372044417,8.028766795600673,6.770165093540206,Type_A,Non-Responder
P0200,39,22.007356060063398,9.842419623052866,6.864450904088469,Type_A,Non-Responder
P0200,48,26.589342673006694,9.133037617614063,7.068293634439151,Type_A,Non-Responder
P0201,3,90.95440572076146,11.196780588063291,7.4938980952234155,Type_A,Non-Responder
P0201,6,147.08449863074654,8.419997473619954,7.218945112656076,Type_A,Non-Responder
P0201,14,495.01131088502865,,5.822361928637427,Type_A,Non-Responder
P0201,22,1808.8869357513984,8.099155944675232,4.785736791096854,Type_A,Non-Responder
P0202,2,14.271210284296773,6.964686073211687,7.643014399934106,Type_B,Non-Responder
P0202,7,22.358368658769727,4.182778385759786,10.525429133641147,Type_B,Non-Responder
P0202,12,31.010897360412162,4.81419155453234,13.939871492027136,Type_B,Non-Responder
P0202,22,59.158316279158186,4.653645724037515,23.849488404785873,Type_B,Non-Responder
P0203,0,21.658664638011924,,12.935190535103683,Type_A,Non-Responder
P0203,5,21.364439701616448,,10.863275646850546,Type_A,Non-Responder
P0203,12,19.75246747003354,0.5457716441512093,8.237521988903383,Type_A,Non-Responder
P0203,18,17.97497293174654,0.9713749480692957,6.758769068903223,Type_A,Non-Responder
P0203,29,17.143226122211402,,4.317049568215118,Type_A,Non-Responder
P0203,34,14.061751378254229,0.0,3.739379182847792,Type_A,Non-Responder
P0204,3,67.08145491651368,7.894948098633079,12.228472112493629,Type_A,Non-Responder
P0204,5,72.12610329329844,6.820041314075273,13.94979152973816,Type_A,Non-Responder
P0204,14,84.15261087898062,9.07537701387551,23.070571388430913,Type_A,Non-Responder
P0204,22,100.34888791931114,8.036492681680514,36.676977522348466,Type_A,Non-Responder
P0204,32,120.46751237941679,8.085534787698109,67.14746713264404,Type_A,Non-Responder
P0204,32,118.3452651171952,8.50045135965761,67.42315886815175,Type_A,Non-Responder
P0205,0,40.06960257267423,5.947936397213727,17.128610669122178,Type_A,Non-Responder
P0205,4,86.89396933014235,5.59418271095546,18.915198960103993,Type_A,Non-Responder
P0205,14,,4.735145186448326,24.623816709506034,Type_A,Non-Responder
P0205,20,1920.703662719038,,29.72247790560264,Type_A,Non-Responder
P0205,29,11095.368215728011,6.752716286281242,35.67690302312838,Type_A,Non-Responder
P0205,33,22781.045295290798,4.778920766976211,39.65716611991084,Type_A,Non-Responder
P0205,42,128125.58196185376,5.849349844816587,50.622820189673654,Type_A,Non-Responder
P0205,48,403149.74541867536,5.268592977596125,58.73394450896049,Type_A,Non-Responder
P0206,0,375.66100012876643,0.3559239605257999,2.88029449171966,Type_A,Non-Responder
P0206,8,466.6639445964601,0.0,4.006243159801878,Type_A,Non-Responder
P0206,12,498.06196366468055,2.281005817446977,4.498404367095504,Type_A,Non-Responder
P0206,18,587.4397576816256,2.2966201924405176,5.476733028095567,Type_A,Non-Responder
P0206,30,834.4349405679078,0.0,8.511845400161945,Type_A,Non-Responder
P0206,34,940.1884294871121,1.3792771948042835,9.981680031329946,Type_A,Non-Responder
P0206,42,1170.664660190243,0.6291469711050566,12.940985794300651,Type_A,Non-Responder
P0206,50,1424.4394583559233,0.7056167877959288,16.975791045967036,Type_A,Non-Responder
P0207,1,37.5177087390995,3.6606782500665602,10.964339497013183,Type_B,Non-Responder
P0207,7,50.7199510881861,4.216450608633094,14.55134307175905,Type_B,Non-Responder
P0207,16,90.91631971905207,3.065166744386296,23.874654711980288,Type_B,Non-Responder
P0207,20,106.24881032144594,3.282918752823098,29.078559477271128,Type_B,Non-Responder
P0207,26,,2.7220827286097173,40.194998328109925,Type_B,Non-Responder
P0207,32,237.852161981282,3.56133040262463,53.711107870664165,Type_B,Non-Responder
P0207,39,370.3359150994013,2.81249155346266,80.50613416424842,Type_B,Non-Responder
P0208,1,255.31109288022375,7.779415789663407,3.849232604058242,Type_B,Responder
P0208,7,113.75960513933099,,3.3116745984709732,Type_B,Responder
P0208,13,49.97006338582119,,3.083790985635211,Type_B,Responder
P0208,19,19.5216669719957,,2.4513016909953698,Type_B,Responder
P0208,25,10.395487146186674,,2.262737277033964,Type_B,Responder
P0208,35,0.9607245532734854,9.39652446499804,1.905789449001909,Type_B,Responder
P0208,42,5.275289363620914,8.739569826895645,1.7628947748091228,Type_B,Responder
P0208,50,0.25309100894708936,7.821000733540376,1.3307752014945398,Type_B,Responder
P0209,0,,10.111742292486731,3.722264420541407,Type_B,Non-Responder
P0209,4,8.530595988065786,8.526566196507027,4.024143445200622,Type_B,Non-Responder
P0209,13,13.850622045139861,9.985918761601196,5.2229608681305315,Type_B,Non-Responder
P0209,17,,8.543479781291756,5.8665276446762435,Type_B,Non-Responder
P0209,29,30.35397360359433,,8.167354317803676,Type_B,Non-Responder
P0209,34,35.20872615145701,9.351397418012537,9.111859317807355,Type_B,Non-Responder
P0209,44,57.83445417945454,9.0252700198318,12.199647339683656,Type_B,Non-Responder
P0210,0,,7.6835781095659845,7.631629583166474,Type_B,Responder
P0210,7,42.414331227617346,7.238987753158255,4.715075727292842,Type_B,Responder
P0210,16,31.622877077634858,6.089565550067698,2.7687541797130253,Type_B,Responder
P0210,18,24.095949070758888,8.59879020277556,2.443655493793159,Type_B,Responder
P0211,0,4.5128231925566915,2.4154478414554643,6.132434752327549,Type_B,Non-Responder
P0211,4,4.020010548386409,1.8712996623035636,6.21946577437464,Type_B,Non-Responder
P0211,15,3.2194271088620092,3.7406261840243133,7.177394434396056,Type_B,Non-Responder
P0211,20,6.041663000101022,2.943296375529665,7.198780777334106,Type_B,Non-Responder
P0212,0,95.99001307069787,3.2669399982597915,5.2935495738942215,Type_B,Non-Responder
P0212,7,185.24496879794572,4.168325546659691,5.2277146554282545,Type_B,Non-Responder
P0212,12,,3.1593569446665004,5.271398207351346,Type_B,Non-Responder
P0212,22,585.2896431939445,4.043175192387864,5.520895307906756,Type_B,Non-Responder
P0212,27,912.5681296382315,4.559837553748134,5.666047322066343,Type_B,Non-Responder
P0212,33,1459.8802241143383,3.816557303841441,5.717325380348016,Type_B,Non-Responder
P0212,42,2992.537586424856,1.8007970846408103,5.961326068472408,Type_B,Non-Responder
P0213,0,53.382462042515385,6.104786006644973,9.366378116059725,Type_B,Non-Responder
P0213,6,84.65256379545103,7.791017539994123,9.835094937006232,Type_B,Non-Responder
P0213,11,132.03067070089384,6.008484158475595,,Type_B,Non-Responder
P0213,20,287.0499078332356,6.448096232420835,10.788190861314652,Type_B,Non-Responder
P0213,29,616.8675466961,7.719554042082403,11.431928452147545,Type_B,Non-Responder
P0213,35,1017.852156507928,7.00271582126485,11.880824304134865,Type_B,Non-Responder
P0213,43,,5.978650377359469,13.095222588289847,Type_B,Non-Responder
P0214,2,42.5352324161761,5.556576378423851,8.170602270908441,Type_A,Non-Responder
P0214,7,63.26712050897344,6.93501515068575,9.11598862017489,Type_A,Non-Responder
P0214,14,,,11.710561126384693,Type_A,Non-Responder
P0214,20,331.2880554330147,6.684618484622959,,Type_A,Non-Responder
P0214,27,717.642660858299,5.4488682868864915,18.130134826307334,Type_A,Non-Responder
P0214,33,1429.0003876851765,,21.435067644182713,Type_A,Non-Responder
P0214,42,3924.3513971156735,7.684068792504273,28.32880054286036,Type_A,Non-Responder
P0215,0,233.8900006870488,2.826998232256412,,Type_A,Non-Responder
P0215,6,418.3524903201287,1.173473653171967,6.307837921795345,Type_A,Non-Responder
P0215,15,863.2055988183084,1.1228001261830045,5.572798574207416,Type_A,Non-Responder
P0215,21,1389.7095530352528,2.213884169547021,5.470852867124257,Type_A,Non-Responder
P0215,28,2494.3220187540755,0.9131490429798834,4.88007125453138,Type_A,Non-Responder
P0215,35,4459.759340353173,1.851189233659655,4.850607970465238,Type_A,Non-Responder
P0216,0,103.00616892920269,6.777535098659475,6.942234919977219,Type_B,Responder
P0216,4,52.323803548191485,3.6624174370114724,5.913980077098357,Type_B,Responder
P0216,14,7.129548125896745,3.1372028274775587,,Type_B,Responder
P0216,20,1.4952340513989388,4.078214455908914,3.132824203702552,Type_B,Responder
P0216,27,0.1483351653187016,5.829261939737591,2.4574151276346408,Type_B,Responder
P0216,35,0.0,,1.8140394309029064,Type_B,Responder
P0216,41,1.1249989068596402,4.320624836045,1.4066306437418539,Type_B,Responder
P0217,0,8.945246269285027,2.8164317552523603,8.759555760202828,Type_B,Responder
P0217,8,0.0,2.507418336356967,,Type_B,Responder
P0217,14,4.175615691265686,2.6334999509222845,3.5785049885574414,Type_B,Responder
P0217,21,5.360097160654044,3.445738566681961,2.2936164261977576,Type_B,Responder
P0217,30,0.0,2.7279797730462607,1.389436683972037,Type_B,Responder
P0217,35,0.0,1.1461707420454939,0.9707978545719829,Type_B,Responder
P0217,44,0.07800439963109689,4.143428787829935,0.46084846504968874,Type_B,Responder
P0218,1,46.476520969832215,7.35523928608799,3.7935347715643344,Type_B,Non-Responder
P0218,8,83.8197347225746,9.19905200465251,4.6389848783970455,Type_B,Non-Responder
P0218,13,,8.086145507368553,5.305044926116742,Type_B,Non-Responder
P0218,20,,7.957910289914352,6.5853688279609806,Type_B,Non-Responder
P0218,25,294.62548411931374,8.922980482772719,7.759259836080308,Type_B,Non-Responder
P0219,3,271.1480230595069,9.114812526970844,4.3719739634617,Type_A,Non-Responder
P0219,8,319.2217590524191,8.354030515889212,3.9524885193279133,Type_A,Non-Responder
P0219,13,363.2392192230537,9.098522801400046,3.2177094815706506,Type_A,Non-Responder
P0219,19,430.01340019041606,8.734634610984015,2.592887757041202,Type_A,Non-Responder
P0219,28,493.17322910554844,8.82681546440773,1.9101431604417678,Type_A,Non-Responder
P0219,35,561.6998657098035,8.716114046039273,1.6167068907660926,Type_A,Non-Responder
P0219,39,637.9516242523965,7.411198118894091,1.5217984258645796,Type_A,Non-Responder
P0220,0,32.463667593014,6.259104181156753,9.794333933891652,Type_A,Responder
P0220,8,35.245934827134306,6.32100453574252,4.610914780163655,Type_A,Responder
P0220,15,35.849577007527024,5.008868346179344,2.3831994259652736,Type_A,Responder
P0220,20,40.32540490779014,,1.6405087388054007,Type_A,Responder
P0220,28,45.22026262585255,7.934953502755727,0.6777519712117868,Type_A,Responder
P0221,0,10.872224392471876,11.152275180961768,6.852189647025086,Type_B,Non-Responder
P0221,3,15.31470685167577,9.507361495236953,6.701238681484094,Type_B,Non-Responder
P0221,13,43.42343106688252,10.186336766946827,6.4432129433791285,Type_B,Non-Responder
P0221,21,85.9077065113818,7.943835773485574,6.0647483154989414,Type_B,Non-Responder
P0222,0,207.96885412227334,1.471039596436839,6.81454925078609,Type_A,Non-Responder
P0222,9,463.8969851736818,3.9738026225510694,9.303250400687142,Type_A,Non-Responder
P0222,16,865.8137625604729,2.309068791964187,12.062830782486403,Type_A,Non-Responder
P0222,20,1308.3234177806191,1.0871805768245741,14.313110803792657,Type_A,Non-Responder
P0222,27,2661.569688838995,3.052041254014642,18.743196128045426,Type_A,Non-Responder
P0223,0,35.62838837893569,2.691179175972784,7.7260223433667115,Type_B,Responder
P0223,6,33.67344067201998,1.575698468856769,5.7925550732667475,Type_B,Responder
P0223,12,40.606723937823844,,4.244059714481922,Type_B,Responder
P0223,23,36.60688227312169,,2.7196650004603096,Type_B,Responder
P0223,29,31.056304990903726,,1.8399976252516101,Type_B,Responder
P0223,37,33.26970218599791,1.0506189071044523,1.1276170524561835,Type_B,Responder
P0224,0,107.26314307306045,4.883114922076929,12.361310681375407,Type_A,Non-Responder
P0224,5,129.81643447237383,6.477287339149903,15.031501378628484,Type_A,Non-Responder
P0224,15,209.60134709066784,5.2325097674715355,21.03265439201183,Type_A,Non-Responder
P0224,22,298.7305762141361,5.96460723338327,25.94209005493621,Type_A,Non-Responder
P0224,26,354.5336762838916,3.954656113817709,29.36021714888721,Type_A,Non-Responder
P0224,33,441.16722954690846,4.713348779651625,35.32566343094554,Type_A,Non-Responder
P0224,39,614.7323589363988,5.507419687172714,41.71997000392474,Type_A,Non-Responder
P0225,0,371.43997151108255,5.114797328467484,4.032521943910089,Type_B,Non-Responder
P0225,7,562.196201815673,4.556687397904447,5.425207030436679,Type_B,Non-Responder
P0225,15,826.1675669517184,1.7956446938479171,7.787956284222379,Type_B,Non-Responder
P0225,23,,2.779264622373249,11.11635388433866,Type_B,Non-Responder
P0226,0,36.207772895580234,9.486019046527073,,Type_A,Responder
P0226,6,20.302189964486047,10.171118635693803,2.8914091872383403,Type_A,Responder
P0226,12,11.811558503642662,10.669634172763212,1.9508200393089379,Type_A,Responder
P0226,21,,9.528340015582405,1.4064112230773216,Type_A,Responder
P0227,2,15.247668539313207,1.0980095328197397,9.795499781665088,Type_B,Non-Responder
P0227,5,11.240014121209356,2.794548004296086,10.729372233270611,Type_B,Non-Responder
P0227,11,11.457269618680208,3.063578227410259,12.377260178796808,Type_B,Non-Responder
P0227,21,12.684709309540164,2.7848369879951718,15.818158135928769,Type_B,Non-Responder
P0228,0,104.73591415617538,5.7543341205639305,8.083847288036212,Type_A,Non-Responder
P0228,4,157.94313119498608,6.777103890474873,9.206698842439838,Type_A,Non-Responder
P0228,13,407.6380467652666,,11.1898170556581,Type_A,Non-Responder
P0228,22,1002.182809678853,7.1118658771848,13.718749630309938,Type_A,Non-Responder
P0228,27,1595.8112976588407,3.814405785930337,14.882762122945207,Type_A,Non-Responder
P0229,0,7.732781402295627,3.728130411742112,14.00393625306319,Type_B,Non-Responder
P0229,7,19.124448655994954,6.703099104005355,13.228862323134694,Type_B,Non-Responder
P0229,13,34.15069899935281,5.883831753469835,12.136148853196513,Type_B,Non-Responder
P0229,20,79.06292942069477,5.234611623316857,11.87103130272104,Type_B,Non-Responder
P0229,27,177.46454740936326,4.447237549873342,12.058917683877063,Type_B,Non-Responder
P0229,36,455.2909403710705,5.5374764931608755,11.74413920694512,Type_B,Non-Responder
P0229,41,785.8921785952455,4.332448745693276,11.345468511914675,Type_B,Non-Responder
P0230,0,13.946721148581455,8.437863555953355,8.125471678275968,Type_B,Non-Responder
P0230,7,24.352448795569874,9.645903312304352,8.104958206307296,Type_B,Non-Responder
P0230,15,37.252752635590205,10.380550147818324,8.644719170237208,Type_B,Non-Responder
P0230,19,,9.248134576323498,8.691863880831278,Type_B,Non-Responder
P0230,28,,7.297978762191824,8.89120377215345,Type_B,Non-Responder
P0230,33,108.92172797871453,9.661253053757955,9.041940769501203,Type_B,Non-Responder
P0230,43,196.77235226488628,7.993300526469872,9.459944780070723,Type_B,Non-Responder
P0230,50,,8.060590082676654,9.712625482373948,Type_B,Non-Responder
P0231,2,62.89463052033628,8.55507064732876,10.006117520095433,Type_A,Non-Responder
P0231,7,79.8052985824737,9.616087049659479,8.980186118029687,Type_A,Non-Responder
P0231,15,,9.463966761812818,,Type_A,Non-Responder
P0231,20,112.50361532827228,8.706665197210949,6.496500754198823,Type_A,Non-Responder
P0231,30,146.41420283889357,7.399173062759015,4.958585912496845,Type_A,Non-Responder
P0231,33,181.57675434339555,8.117943566639447,4.567627797255074,Type_A,Non-Responder
P0231,42,242.00296628854187,8.482716822992781,3.8747802075165088,Type_A,Non-Responder
P0232,1,42.77283843904564,0.40748511202869997,25.804957628317936,Type_A,Non-Responder
P0232,7,,1.024500760580504,37.04002771361837,Type_A,Non-Responder
P0232,14,114.67506050707536,,57.01565310671214,Type_A,Non-Responder
P0232,19,159.33404730581086,1.7121271688377475,77.45850757648887,Type_A,Non-Responder
P0232,29,355.24932362959737,2.3303895275609445,144.23809810796783,Type_A,Non-Responder
P0232,33,472.5016027271076,2.161589606757338,185.32162324351873,Type_A,Non-Responder
P0233,0,161.76989556439142,8.959818667444853,5.4651051941742494,Type_B,Responder
P0233,7,91.85050332788983,7.631518148862353,2.8372133281849643,Type_B,Responder
P0233,13,62.08850219186842,8.67356480937442,,Type_B,Responder
P0233,21,33.260424073839935,9.368142180917923,0.8581151780058018,Type_B,Responder
P0233,27,,9.840481579533332,0.6193689548375048,Type_B,Responder
P0234,0,,,7.02163591306708,Type_B,Responder
P0234,3,80.25224917325417,,5.711270150421281,Type_B,Responder
P0234,12,45.87931884429859,2.032185415947689,3.0292285474830387,Type_B,Responder
P0234,20,28.642903436243525,3.171330497628151,1.6055621059963423,Type_B,Responder
P0234,29,12.70949597910492,3.903926048564069,0.7356244305700717,Type_B,Responder
P0235,0,28.61031197191393,3.151053280738025,8.575956437015654,Type_A,Responder
P0235,6,25.26014724812712,3.3906960025645114,9.29540033117324,Type_A,Responder
P0235,14,13.434212897778254,1.3902008121911766,10.272494728193076,Type_A,Responder
P0235,20,,1.5163808872974824,10.98919019597308,Type_A,Responder
P0235,27,6.794369275004565,2.664445830185766,12.058406060055798,Type_A,Responder
P0235,34,1.3041757385422454,1.882137261256101,12.973224056201527,Type_A,Responder
P0236,1,19.063312693068248,2.932331515121469,8.510175581646424,Type_B,Non-Responder
P0236,6,31.80553268224853,3.1535586605660315,9.32628247713038,Type_B,Non-Responder
P0236,13,80.26280351948297,0.59569562576818,10.75580964393585,Type_B,Non-Responder
P0236,20,,2.392746901862865,13.150736298069711,Type_B,Non-Responder
P0236,28,539.3641259607778,1.0241207582768592,15.433010459673008,Type_B,Non-Responder
P0236,36,1366.6377799046338,0.35259760112911676,18.8254013823874,Type_B,Non-Responder
P0236,42,2946.810838346099,0.0,21.5629936794941,Type_B,Non-Responder
P0236,48,5399.605834363568,,24.46471458958525,Type_B,Non-Responder
P0237,2,,7.761418377881656,6.236152137823907,Type_B,Responder
P0237,7,103.73107801518024,7.051652344402708,4.937154861970792,Type_B,Responder
P0237,12,,6.619597908136832,3.7975480668713995,Type_B,Responder
P0237,19,87.42799081611882,5.314176883436451,2.955065308280413,Type_B,Responder
P0237,28,68.33134916592488,7.235020226529583,1.52450135372557,Type_B,Responder
P0237,31,60.41354232243229,8.36073772077973,1.373598177837754,Type_B,Responder
P0237,40,43.94812389575281,8.01916411584556,0.9908451952647264,Type_B,Responder
P0238,0,61.048707718319065,5.613131716068963,5.599768420927971,Type_A,Responder
P0238,6,31.102779916229622,3.6602414095799225,4.782123058583234,Type_A,Responder
P0238,14,16.649245951347808,5.826434381620317,3.1180296809416173,Type_A,Responder
P0238,20,10.069473486823693,4.784055826952725,2.6983160083403392,Type_A,Responder
P0238,29,5.401474552791125,5.729868600235087,1.8313246393606106,Type_A,Responder
P0239,0,345.18806844747184,3.770944455580114,5.987971654161571,Type_B,Non-Responder
P0239,6,478.9399189250153,4.100872605877724,5.782789535351802,Type_B,Non-Responder
P0239,14,741.0319448958666,,5.5959657713379345,Type_B,Non-Responder
P0239,22,1261.2296694389063,4.563871634013461,5.231142475786017,Type_B,Non-Responder
P0239,28,1816.882643839197,4.442459729650812,5.020943526342249,Type_B,Non-Responder
P0240,2,11.91442205309985,5.026104697437239,9.970527026624426,Type_A,Responder
P0240,7,8.662473249069876,5.687048818633879,8.805113285373364,Type_A,Responder
P0240,13,,3.335130764331807,7.273429105331407,Type_A,Responder
P0240,19,,2.2109161218531015,,Type_A,Responder
P0240,28,0.0,,4.908116053121499,Type_A,Responder
P0241,0,32.14765019168808,1.7613120998775935,8.086484016829807,Type_B,Non-Responder
P0241,7,97.53875701271414,1.197619544237226,9.068529475024816,Type_B,Non-Responder
P0241,12,183.60557181988204,3.358223083865954,10.210946689631045,Type_B,Non-Responder
P0241,23,827.4921795292817,2.0604551181058963,12.469404411244009,Type_B,Non-Responder
P0241,27,1391.2175517270127,1.7715238268145115,13.638724984660042,Type_B,Non-Responder
P0241,38,,,16.653648227724005,Type_B,Non-Responder
P0242,0,,2.095138112760938,4.166985992562789,Type_A,Responder
P0242,6,36.65723235058925,1.9111778610552224,3.237118394616461,Type_A,Responder
P0242,13,15.968033834281753,3.2471956193375666,2.5860107077382812,Type_A,Responder
P0242,22,6.777963838055898,3.7813699703326034,1.556319682816671,Type_A,Responder
P0242,27,3.768166504240537,2.6632014041159957,1.282308945448127,Type_A,Responder
P0242,34,2.644495768425103,3.401409101282638,1.1174773459069363,Type_A,Responder
P0243,0,24.55150945283944,8.665228888317055,4.108831965429191,Type_B,Responder
P0243,5,11.043910336501952,,3.7783522891634154,Type_B,Responder
P0243,13,7.74400443525615,5.535966401003649,2.614233360263603,Type_B,Responder
P0243,20,4.470972693563762,6.786089448337605,2.1228599490101336,Type_B,Responder
P0243,27,0.0,7.10875255499631,1.6190906269274168,Type_B,Responder
P0244,0,61.06440758940774,5.59421303764937,6.439687328409079,Type_B,Non-Responder
P0244,10,108.61748715470226,5.1449731741205,7.584934347677315,Type_B,Non-Responder
P0244,12,128.2756402451676,4.397990023363524,8.103285508342681,Type_B,Non-Responder
P0244,20,190.62781325506157,7.721848938482189,9.757456182957956,Type_B,Non-Responder
P0244,27,260.4534961769892,,11.007953815141384,Type_B,Non-Responder
P0244,36,430.60123970599926,5.468626558743057,13.41278090412567,Type_B,Non-Responder
P0244,40,541.2948138994046,7.527784929275828,14.513650921610315,Type_B,Non-Responder
P0245,0,32.66888901260177,1.5341522360815583,8.903618002862618,Type_B,Responder
P0245,8,26.863789192444152,0.0,9.328496975503164,Type_B,Responder
P0245,12,20.14558384731167,1.4531998807352113,9.853060814338322,Type_B,Responder
P0245,17,18.786595829101486,1.0445104358529478,10.171951848547714,Type_B,Responder
P0245,26,10.03324229291164,0.0,10.785554339535318,Type_B,Responder
P0246,0,114.99078283598286,7.397657893110988,7.717465179284472,Type_A,Responder
P0246,6,42.894615412350426,8.659276735236878,4.9169648851375065,Type_A,Responder
P0246,11,17.97205423734122,6.813251232789335,3.1368472222952617,Type_A,Responder
P0246,21,6.564510273089457,6.9454568836097925,1.26831920850895,Type_A,Responder
P0246,27,1.857716584297107,5.359561285471628,0.9863250929556838,Type_A,Responder
P0247,0,31.40687312201332,1.3555244643537805,9.082905717412926,Type_A,Non-Responder
P0247,5,35.95439311472992,2.278064129898423,9.84422259101209,Type_A,Non-Responder
P0247,13,52.08856920249058,2.177648652972413,,Type_A,Non-Responder
P0247,19,57.258556349005694,1.900222696168,11.233528488039179,Type_A,Non-Responder
P0247,30,89.30199514873055,,12.991464864603389,Type_A,Non-Responder
P0247,34,96.8816334895616,3.451941572750302,13.821537896154931,Type_A,Non-Responder
P0248,1,35.94956447656281,8.031139050617115,8.660340486021564,Type_A,Responder
P0248,9,16.467362593916025,8.41831498859052,6.362227262330334,Type_A,Responder
P0248,14,5.6874981937559985,9.349965649993887,5.395420016187985,Type_A,Responder
P0248,20,1.9294183594207224,7.864271321250603,4.301728396956884,Type_A,Responder
P0248,28,,8.379250456320046,3.0483412963850833,Type_A,Responder
P0248,34,,8.15572076517081,2.3345988505663455,Type_A,Responder
P0248,41,0.7519660771301466,8.346591056237028,1.7975625767635137,Type_A,Responder
P0249,0,19.76145819402308,10.31362390230395,9.484029530117823,Type_B,Responder
P0249,5,14.469096839365779,9.4301593516067,7.7184377452675035,Type_B,Responder
P0249,15,9.190348425966565,9.029211918176014,,Type_B,Responder
P0249,22,9.598235856793705,10.564908939921631,3.99563785674966,Type_B,Responder
P0250,0,24.730785118851504,,5.270845014404553,Type_A,Non-Responder
P0250,6,26.097433614127382,6.320076503158771,8.22536661154961,Type_A,Non-Responder
P0250,15,35.26791811841102,5.278800209191446,16.580191808530365,Type_A,Non-Responder
P0250,19,34.31000061975915,,21.985796252585043,Type_A,Non-Responder
P0250,26,42.61012166672718,7.3734643792565375,38.08769013713981,Type_A,Non-Responder
P0250,33,48.02093501094746,8.227124776609044,64.56105783517744,Type_A,Non-Responder
P0250,41,,7.077942134620083,116.17139348830908,Type_A,Non-Responder
P0251,0,69.84531327352329,2.5296814284037525,4.506309038212715,Type_A,Responder
P0251,7,45.54141337382548,1.2119384509252915,2.7922731163166117,Type_A,Responder
P0251,16,26.048003690069173,,1.4607580314831932,Type_A,Responder
P0251,21,19.603984113562376,,1.1551030941356193,Type_A,Responder
P0251,30,9.58568807062247,2.346400521721982,0.6766133195098782,Type_A,Responder
P0252,0,,3.978509058425831,5.685257797254359,Type_B,Non-Responder
P0252,8,11.023358578300929,3.117088727591784,5.927541405679223,Type_B,Non-Responder
P0252,14,10.413575877884703,3.114776736324533,6.069185138915927,Type_B,Non-Responder
P0252,20,,4.353088474283991,6.255942876769485,Type_B,Non-Responder
P0252,26,11.710764217613896,3.933009267452226,6.258211224891366,Type_B,Non-Responder
P0252,36,14.313959066005378,3.6235908344797054,,Type_B,Non-Responder
P0252,42,19.194160585628524,3.3532904215294916,6.518817137534257,Type_B,Non-Responder
P0252,50,,4.0406813589978725,6.942502034828243,Type_B,Non-Responder
P0253,0,14.765406308554214,2.7889089730735774,4.597145916660698,Type_A,Non-Responder
P0253,6,20.009359958214436,0.6746551834314307,5.8313242974409984,Type_A,Non-Responder
P0253,13,24.110490335203856,2.0098997092179234,7.345257544152535,Type_A,Non-Responder
P0253,20,,,9.736913784972238,Type_A,Non-Responder
P0253,28,55.66659745777002,0.20848252848816706,13.01865249403273,Type_A,Non-Responder
P0253,33,69.20684175853494,2.5341522934266045,15.169329187632096,Type_A,Non-Responder
P0253,44,,1.8861781892664493,21.657190018010414,Type_A,Non-Responder
P0254,0,31.778551023121548,8.702400814003079,8.528275844333919,Type_B,Responder
P0254,6,13.861185124244907,11.112396799486964,9.553704100316164,Type_B,Responder
P0254,13,7.274982872260607,10.209156651909854,10.207133425865456,Type_B,Responder
P0254,24,2.5789693795554407,11.822759623635603,12.449920693176212,Type_B,Responder
P0254,29,0.0,11.071720799666007,13.81667140714293,Type_B,Responder
P0255,0,188.767804477197,5.185344845001346,7.6179139019017095,Type_A,Non-Responder
P0255,7,360.73688211006225,5.239422945149362,9.16083581338358,Type_A,Non-Responder
P0255,16,,3.7828428513573122,11.432122163325962,Type_A,Non-Responder
P0255,18,1045.1916201239467,,11.581557088439835,Type_A,Non-Responder
P0255,26,2154.2606538135956,5.8485011504954745,14.2275938643441,Type_A,Non-Responder
P0256,0,9.40099189526538,6.557952951160939,,Type_A,Responder
P0256,3,4.828672876353288,6.304958412432509,12.567956310082387,Type_A,Responder
P0256,13,2.7272941846826235,6.758878435906583,8.314375862341967,Type_A,Responder
P0256,23,0.945705761850113,6.260734998556452,5.72722889116201,Type_A,Responder
P0256,27,0.0,5.606378747926042,4.871095282454066,Type_A,Responder
P0257,1,36.72391352229651,3.15082493567781,7.045078758753518,Type_B,Responder
P0257,8,21.21623256464073,3.1702216801567737,,Type_B,Responder
P0257,11,16.835575147847337,4.054901541906851,4.379991773336927,Type_B,Responder
P0257,21,5.663905643559683,2.653451959911563,2.4647608754903927,Type_B,Responder
P0257,29,2.499689741032033,3.204841030000651,,Type_B,Responder
P0258,0,465.79181440888823,,4.275201977402449,Type_B,Non-Responder
P0258,5,740.6385706412043,6.491586838037932,,Type_B,Non-Responder
P0258,13,1701.792549312014,8.644034484438546,5.199317291421134,Type_B,Non-Responder
P0258,23,4678.455395685702,6.552989386174328,6.390185906666015,Type_B,Non-Responder
P0258,27,7111.449052077317,7.790587849945631,6.882848492206245,Type_B,Non-Responder
P0258,37,19329.04598602057,7.724646794477798,8.066548687085152,Type_B,Non-Responder
P0258,41,26740.54300268547,8.565427623681273,8.893470686517679,Type_B,Non-Responder
P0258,47,47089.930124945386,7.16780357518714,9.833903504265793,Type_B,Non-Responder
P0259,0,,7.294330314405522,12.53449582497989,Type_B,Non-Responder
P0259,9,397.43037553665096,7.219354763739082,14.527662612487367,Type_B,Non-Responder
P0259,13,502.75663066578454,5.4066525530934015,14.927431822714553,Type_B,Non-Responder
P0259,21,700.2204664532293,7.151704676606319,16.460573466272145,Type_B,Non-Responder
P0260,0,15.323886360573196,0.4288032493008913,17.69015657859847,Type_B,Non-Responder
P0260,8,28.532739616794146,1.4289413491242495,,Type_B,Non-Responder
P0260,15,48.9230835168753,2.01917969768171,18.794148602987303,Type_B,Non-Responder
P0260,20,76.82943764935851,,19.404250356097116,Type_B,Non-Responder
P0260,29,145.8329823438782,5.421112087554656,19.368772441352796,Type_B,Non-Responder
P0260,36,259.75678902659314,,19.27590089184444,Type_B,Non-Responder
P0260,41,392.9742221684701,3.656264729550686,19.771560835329655,Type_B,Non-Responder
P0260,49,768.2310138640028,3.3214958760150273,19.662687595096813,Type_B,Non-Responder
P0261,0,43.657069744303826,0.39192471061615103,4.171498041106593,Type_A,Responder
P0261,6,32.49127391049084,1.0945632757696744,2.7993946503054814,Type_A,Responder
P0261,13,18.209216818647725,0.0,2.0650092448351756,Type_A,Responder
P0261,21,11.11664296030039,1.1132427130545404,1.2139339571302514,Type_A,Responder
P0262,0,12.55255812033156,1.8128691519126385,5.920936782194807,Type_B,Responder
P0262,6,7.9332659366631155,1.1461073167647968,4.799910389266993,Type_B,Responder
P0262,15,,,3.256178642369665,Type_B,Responder
P0262,20,0.0,1.773862255721285,2.6576656468945212,Type_B,Responder
P0262,27,2.089690078297522,1.535521479661593,2.10569421664689,Type_B,Responder
P0262,31,2.3644491058455728,2.1283522629678653,1.7782468678370589,Type_B,Responder
P0262,41,2.415395169032937,0.41909231923424395,1.0486691121688099,Type_B,Responder
P0263,0,51.09708717418124,4.434657441741445,,Type_B,Non-Responder
P0263,7,42.95170170331479,2.9904746204244135,10.8205079261581,Type_B,Non-Responder
P0263,14,41.56141227751603,5.937080282844865,10.367194245732348,Type_B,Non-Responder
P0263,18,47.313529962838686,6.30374145124397,10.082638441085923,Type_B,Non-Responder
P0263,31,32.743624550661956,5.418644147972349,9.234820351176213,Type_B,Non-Responder
P0263,32,33.63996229585298,4.724621555860087,,Type_B,Non-Responder
P0263,42,27.540447683102357,7.05997998129809,8.593010807371506,Type_B,Non-Responder
P0264,1,144.81440485491206,3.1961827185313068,6.887477461748515,Type_B,Non-Responder
P0264,5,,4.232771335620714,7.687448359864359,Type_B,Non-Responder
P0264,14,724.4520106821396,3.8446810893136236,9.575592990994695,Type_B,Non-Responder
P0264,19,1083.822399473753,3.5676901999001425,11.34299432278835,Type_B,Non-Responder
P0265,3,417.03861941667134,6.792783688672988,7.797813385135001,Type_B,Non-Responder
P0265,8,635.9638767679653,6.725799907751392,9.070187789868918,Type_B,Non-Responder
P0265,12,900.0257909137306,4.958298080582847,10.174994585134234,Type_B,Non-Responder
P0265,23,2394.7474363768392,5.148950805704543,15.267919249465749,Type_B,Non-Responder
P0265,28,4164.93092393516,5.022162593105545,18.21249088149393,Type_B,Non-Responder
P0265,36,7622.897308419299,5.845011832816123,23.755481273410588,Type_B,Non-Responder
P0265,42,13093.959851323907,5.418214831645824,,Type_B,Non-Responder
P0266,0,40.7734837700038,1.2817973271458443,6.928452027438863,Type_A,Non-Responder
P0266,7,74.73957845613538,0.611264625199636,9.54973038173932,Type_A,Non-Responder
P0266,13,132.3263861864972,2.6129809105807427,13.714489103006652,Type_A,Non-Responder
P0266,19,249.21539334892742,3.171313414903011,19.270596605884887,Type_A,Non-Responder
P0267,0,57.591150775439225,8.106691421103323,6.449557993957375,Type_B,Non-Responder
P0267,5,88.08461168032304,9.064966614902398,7.303430829264145,Type_B,Non-Responder
P0267,13,119.10133054272993,9.162050068346444,8.73219298565472,Type_B,Non-Responder
P0267,18,169.162409054553,9.173519387085376,9.675736850153921,Type_B,Non-Responder
P0267,27,307.2125701205709,7.149750662509491,11.689630680234899,Type_B,Non-Responder
P0267,35,470.8500772992415,8.323340003309202,14.494924398232396,Type_B,Non-Responder
P0267,41,724.7971739930292,7.912717745170557,16.167138366380772,Type_B,Non-Responder
P0268,0,45.54113924250963,2.181059810628827,,Type_B,Responder
P0268,9,38.09631608200146,2.3168820894761284,5.078946412268129,Type_B,Responder
P0268,13,33.47988980280209,4.259417072808563,4.595442544824394,Type_B,Responder
P0268,18,29.152036400030745,2.619169847194315,3.9476829370626096,Type_B,Responder
P0268,28,25.17465550647011,2.7613182633919067,3.4882828761471,Type_B,Responder
P0268,32,21.196211152296392,3.625727706380271,3.2437478580019024,Type_B,Responder
P0268,42,,3.9762713722939442,2.5041611638029884,Type_B,Responder
P0269,2,,1.4388408248211824,16.769963418836284,Type_A,Responder
P0269,9,8.042442122100589,0.0,8.683120683935474,Type_A,Responder
P0269,14,5.782684523960425,1.3956390331338042,5.326425961058696,Type_A,Responder
P0269,20,8.958015023123464,0.0,3.226855523749105,Type_A,Responder
P0269,28,9.289469951022937,0.0,1.7609982568966087,Type_A,Responder
P0269,37,4.0341083833590865,0.5442653306274539,0.7226735655009618,Type_A,Responder
P0269,42,6.6814908538329005,0.0,0.44119455884781505,Type_A,Responder
P0270,1,31.625019534931482,3.48242677112385,14.38196270952529,Type_A,Responder
P0270,4,21.33336386210953,6.141930542891615,11.4548701679892,Type_A,Responder
P0270,14,9.550494719529803,3.0880802105534553,5.894679596792939,Type_A,Responder
P0270,22,5.104216991265755,4.568944538347322,3.574519320056063,Type_A,Responder
P0270,29,4.116063796087259,,2.2527841973397105,Type_A,Responder
P0270,34,0.3197412732864988,2.344418639160309,1.6151540520512662,Type_A,Responder
P0270,41,1.2619626220898674,2.114276847779892,0.9242466223297418,Type_A,Responder
P0270,48,0.0,3.63094627754274,0.4856182861456697,Type_A,Responder
P0271,0,34.88571036991021,4.475392642455363,4.669332233921957,Type_A,Non-Responder
P0271,8,13.233374603727924,4.8112305950441,4.1375061758761,Type_A,Non-Responder
P0271,15,12.434419440309131,2.708985289111145,3.4443981803524903,Type_A,Non-Responder
P0271,21,7.815390824010579,4.320847235045768,3.2322863023310906,Type_A,Non-Responder
P0271,31,2.271890475393589,3.725986615990598,2.481164101851215,Type_A,Non-Responder
P0272,0,39.34552277710723,11.514283706120588,11.139050069253601,Type_A,Non-Responder
P0272,7,71.99112570455246,9.034662906644009,11.525465110387795,Type_A,Non-Responder
P0272,16,120.08962577779205,,12.87942381989501,Type_A,Non-Responder
P0272,18,,10.551293884658115,13.093764745525041,Type_A,Non-Responder
P0272,27,242.77860245835905,,14.500374192106875,Type_A,Non-Responder
P0273,0,274.2356006433808,6.642215546293398,4.5602856092235236,Type_B,Non-Responder
P0273,6,338.58822044730323,5.395726893946663,5.367132119034076,Type_B,Non-Responder
P0273,14,457.3126133976398,4.979119180808016,7.176791450789573,Type_B,Non-Responder
P0273,18,554.8893455358161,7.948729199651671,8.674143679260695,Type_B,Non-Responder
P0273,27,820.469761699077,7.079316873801559,11.583278569004147,Type_B,Non-Responder
P0273,36,1115.3979024495948,6.892652815835381,15.571163180956416,Type_B,Non-Responder
P0273,41,1243.966746697439,9.235525558104648,18.5625443640079,Type_B,Non-Responder
P0273,48,1548.8794513442915,,23.820792118517534,Type_B,Non-Responder
P0274,2,29.116632286177545,4.722798305259801,4.858547247507279,Type_B,Responder
P0274,7,11.25033941725413,5.12602449190072,3.0829474869849647,Type_B,Responder
P0274,13,5.281725856076384,4.305311495050246,1.7608065517647007,Type_B,Responder
P0274,21,0.0,4.327477660533466,0.9262116352670062,Type_B,Responder
P0274,29,3.5622679492915448,5.55066453240773,0.3947831178209141,Type_B,Responder
P0275,0,103.32577900975069,3.5704429353725953,7.127814739180175,Type_B,Non-Responder
P0275,8,189.05052371599487,3.586050935329465,11.975902010142189,Type_B,Non-Responder
P0275,12,255.55396692082584,4.632735279399632,,Type_B,Non-Responder
P0275,20,458.7074919252426,1.974181908642947,26.069762870392783,Type_B,Non-Responder
P0275,28,785.12754547373,2.812486705943761,42.439347303351624,Type_B,Non-Responder
P0275,34,1281.4265907242348,4.851271819573523,63.71923943603174,Type_B,Non-Responder
P0276,2,25.558274339494957,0.9054635658628891,9.146076902319889,Type_A,Non-Responder
P0276,9,23.88985550461193,,7.2273514672536905,Type_A,Non-Responder
P0276,12,28.965291410743728,2.7833042618973547,7.351962477319764,Type_A,Non-Responder
P0276,21,37.5665575116183,0.0,5.460956133372236,Type_A,Non-Responder
P0276,27,47.833566164373664,2.701854822856477,4.728391488056604,Type_A,Non-Responder
P0276,37,,0.2816833300289219,3.5030849918588784,Type_A,Non-Responder
P0276,41,60.389013631064486,0.6583197961739368,3.0758796754368367,Type_A,Non-Responder
P0276,48,75.44559018761471,1.3841344644278615,2.4714231708270984,Type_A,Non-Responder
P0277,1,98.30067547077994,3.431216094495594,3.387654832959296,Type_A,Responder
P0277,6,52.87835568659177,3.203878639371157,3.7889491267771267,Type_A,Responder
P0277,15,14.562981115495317,2.0259405904748835,,Type_A,Responder
P0277,18,7.93713267755634,3.088706344909016,3.2750878961980385,Type_A,Responder
P0277,29,0.24476408683168027,3.0804434264025784,3.284772952381473,Type_A,Responder
P0278,0,11.026301777781027,3.9867085331490597,5.1797931721206005,Type_B,Responder
P0278,7,4.521900065695708,4.738159773379208,4.835283817965396,Type_B,Responder
P0278,13,0.5948820362090855,3.630942767895524,,Type_B,Responder
P0278,20,1.3761158780714973,5.425833988197644,4.218418687400073,Type_B,Responder
P0278,30,0.590217874029165,5.120357525029528,3.928897693669783,Type_B,Responder
P0279,0,42.61052693101358,6.2143259980737895,7.0848512557377195,Type_B,Non-Responder
P0279,6,75.9610705370441,9.072034132936835,6.963757985859173,Type_B,Non-Responder
P0279,11,127.92549603870205,10.123268841916765,6.767161427120183,Type_B,Non-Responder
P0279,19,239.3892573946656,6.856195093816405,6.886788443920298,Type_B,Non-Responder
P0279,30,678.0629158100097,9.663635020156635,6.344204030090307,Type_B,Non-Responder
P0279,33,950.6548984312067,,6.415849111187502,Type_B,Non-Responder
P0279,41,,7.068605698051417,6.581510793740348,Type_B,Non-Responder
P0279,49,3775.4032227764847,9.389287893616853,6.324074486671683,Type_B,Non-Responder
P0280,0,75.62764084514784,2.9494170109105253,6.737752121415514,Type_B,Non-Responder
P0280,5,96.24542167004398,1.913408555466561,6.448487315629445,Type_B,Non-Responder
P0280,14,138.61680219050726,3.579975520992942,5.972959978283276,Type_B,Non-Responder
P0280,21,169.66779691571136,4.863900296706264,5.555686655551398,Type_B,Non-Responder
P0281,0,74.3035084328688,5.240709947294727,5.918660269237288,Type_B,Responder
P0281,5,55.58195541694439,3.5385413821937624,4.354395231860531,Type_B,Responder
P0281,12,38.13725441623576,3.1048090325867093,3.0202606329148436,Type_B,Responder
P0281,20,21.768401284573937,4.930213131083239,1.8543067280283931,Type_B,Responder
P0281,29,14.86998286243579,3.4838390662492356,1.0759045617563612,Type_B,Responder
P0281,36,7.062371733762003,3.809947839099375,0.6628308588446566,Type_B,Responder
P0281,42,5.366909097581496,4.267194678487131,0.5331167197218009,Type_B,Responder
P0282,0,28.751026778527443,7.096364819596315,6.921465576968138,Type_A,Non-Responder
P0282,5,28.675189269950632,6.887543905531173,7.034828567566824,Type_A,Non-Responder
P0282,12,28.267734989856557,7.237043041017914,6.839805751454787,Type_A,Non-Responder
P0282,23,,7.150006685942598,7.170911550491112,Type_A,Non-Responder
P0282,29,37.26088803564103,6.092698381341215,7.171204525208557,Type_A,Non-Responder
P0282,33,42.096538895522784,6.39566076516306,7.356605007586329,Type_A,Non-Responder
P0282,42,49.23515256301031,,7.27282550308427,Type_A,Non-Responder
P0282,46,48.970538372203634,6.746364200951184,7.191576572022339,Type_A,Non-Responder
P0283,0,93.43441572756517,7.87825982906268,4.983311821787207,Type_B,Non-Responder
P0283,6,132.46402112950764,7.348501187170025,4.9307252762490235,Type_B,Non-Responder
P0283,13,184.92545793248846,,5.2976479173401545,Type_B,Non-Responder
P0283,21,319.6594810181955,6.879067899457019,5.24986057714394,Type_B,Non-Responder
P0283,26,412.8802671333855,,5.339260914553594,Type_B,Non-Responder
P0283,34,671.395645827693,7.557547239271576,5.478298942535902,Type_B,Non-Responder
P0283,42,1096.2557473148686,8.648617618672516,5.805696587713795,Type_B,Non-Responder
P0283,48,1640.8328833469604,,5.716055589054454,Type_B,Non-Responder
P0284,0,18.011329702665027,6.279544534553418,9.28742825459178,Type_A,Non-Responder
P0284,5,,6.4182248035266705,8.708260318877368,Type_A,Non-Responder
P0284,12,29.666602940665953,5.393080501881032,8.235403915064277,Type_A,Non-Responder
P0284,23,43.15403014519056,6.414021084839405,7.22793888095357,Type_A,Non-Responder
P0284,26,54.55019235354907,5.527559714821808,7.756217192677149,Type_A,Non-Responder
P0285,2,178.46702793922162,4.224491461589404,4.429695147293723,Type_A,Responder
P0285,8,76.621352143957,5.6190263457678,2.7557986981985008,Type_A,Responder
P0285,13,37.73352110181301,6.5613534478397115,1.9908344789522345,Type_A,Responder
P0285,19,16.3557181222058,,0.981995203253091,Type_A,Responder
P0285,29,2.7434963226914793,,0.46620597620990245,Type_A,Responder
P0285,32,2.5168033556945493,6.061231997195956,0.5413589459055741,Type_A,Responder
P0285,42,0.322423533609416,,0.4322332595880982,Type_A,Responder
P0285,49,0.0,,0.10493916304839124,Type_A,Responder
P0286,0,128.43960899808715,10.136540950672424,3.3283875987739533,Type_A,Non-Responder
P0286,5,147.83305631626226,9.925335102144741,4.3985467297680065,Type_A,Non-Responder
P0286,12,165.28035056408754,10.40711903348545,6.144485203413674,Type_A,Non-Responder
P0286,21,203.2184166443734,9.616508738283201,9.075227024875561,Type_A,Non-Responder
P0287,1,,1.492993946410543,5.2311195433206805,Type_A,Responder
P0287,5,7.221719658284845,2.249252397649014,4.520654215645267,Type_A,Responder
P0287,15,4.919996414524858,0.5950765435020147,3.2279615084386917,Type_A,Responder
P0287,21,0.6673127434213316,2.15477879631744,2.4369615470023467,Type_A,Responder
P0287,26,0.7275140556120595,3.7954064878166824,1.9743169322827594,Type_A,Responder
P0287,35,3.0709559614456357,0.0,1.6836339511616696,Type_A,Responder
P0287,42,0.0,2.0953788063746606,1.2854394371845248,Type_A,Responder
P0287,50,0.0,1.446022531734849,0.8790181350324555,Type_A,Responder
P0288,0,31.00769437940955,3.8661160603340887,6.746993576171079,Type_A,Non-Responder
P0288,8,93.84622650962777,,7.97318010802051,Type_A,Non-Responder
P0288,13,175.9237293325301,2.7114148613103364,8.999653873381241,Type_A,Non-Responder
P0288,18,306.0987226551732,2.3451101268554457,10.086566374645086,Type_A,Non-Responder
P0288,29,1174.3471664178094,3.6561245667750804,13.090573274941878,Type_A,Non-Responder
P0289,0,,10.20341715445616,15.234733199357313,Type_B,Non-Responder
P0289,8,412.656106560218,9.283995506329976,18.22972979439573,Type_B,Non-Responder
P0289,13,,9.009560582637729,20.44851355376324,Type_B,Non-Responder
P0289,21,1121.7226642071262,6.182696941033541,24.954334564593196,Type_B,Non-Responder
P0289,27,1983.9006674144666,7.885010569682974,,Type_B,Non-Responder
P0289,34,,9.877057215267925,33.10819430836969,Type_B,Non-Responder
P0290,0,30.51278267594697,4.335724596554745,,Type_A,Responder
P0290,6,13.007400804101781,4.227807023535482,3.526552205573695,Type_A,Responder
P0290,15,8.197497011247927,2.5716256757892455,2.1187806814325056,Type_A,Responder
P0290,19,3.261059472647467,4.656201298942664,1.7564768181781163,Type_A,Responder
P0290,29,2.890034130870979,4.190432916673463,1.016622319010074,Type_A,Responder
P0290,34,1.1564256640342458,4.134010808701724,0.9045268601597305,Type_A,Responder
P0291,1,237.53242610455794,8.708443113486162,,Type_B,Non-Responder
P0291,9,454.8487397725803,9.508680593625508,13.048385185082138,Type_B,Non-Responder
P0291,13,636.4782000682644,10.070448627841618,14.958948688914075,Type_B,Non-Responder
P0291,21,1124.0466999613534,9.900826676818772,18.763428561244073,Type_B,Non-Responder
P0291,29,2059.7165370680955,8.78674496771713,,Type_B,Non-Responder
P0291,35,3190.5437503657868,8.418644424729088,28.045187716373306,Type_B,Non-Responder
P0291,42,5359.684838513932,9.515748705609814,34.785994116690865,Type_B,Non-Responder
P0292,0,14.71298705674124,4.845750056279601,9.684502481525449,Type_A,Non-Responder
P0292,4,17.013575694416176,4.929592240087166,10.461400469711727,Type_A,Non-Responder
P0292,14,23.734773706723644,7.026155716674574,12.541231499692849,Type_A,Non-Responder
P0292,21,23.44964485529125,8.474829878671065,14.221980272046084,Type_A,Non-Responder
P0292,28,25.71008343903154,6.281544602097315,16.327475310203695,Type_A,Non-Responder
P0293,1,16.237551240053705,6.262604510183477,4.205143283667037,Type_A,Non-Responder
P0293,5,21.90463661256317,4.47142620009536,5.435743285360375,Type_A,Non-Responder
P0293,13,35.59192699583691,5.652872116270295,7.702071276933783,Type_A,Non-Responder
P0293,21,,3.138548098026351,11.97897906548668,Type_A,Non-Responder
P0293,26,91.25903376312027,5.8065632469969986,15.445650284946229,Type_A,Non-Responder
P0293,35,183.65901256209915,4.008768120134119,24.615583474096436,Type_A,Non-Responder
P0293,40,261.06507204076905,5.251668965545897,32.78117576851117,Type_A,Non-Responder
P0294,0,40.026200702357734,0.3888504972926754,9.06710567234665,Type_B,Responder
P0294,6,20.011897518924922,0.0,4.307232982567902,Type_B,Responder
P0294,12,10.628552858921259,1.2480600797157309,2.040895584636993,Type_B,Responder
P0294,21,5.982384207710444,0.8142105987923334,0.6811827791277306,Type_B,Responder
P0294,28,5.328586876041227,2.2824042271728677,0.3650281707644042,Type_B,Responder
P0294,35,0.0,2.7230391137099397,0.25945308634641573,Type_B,Responder
P0295,0,37.11105631353245,4.221020098063574,7.0389067680548285,Type_B,Non-Responder
P0295,5,50.1104513248549,1.856966464064107,8.231099695293153,Type_B,Non-Responder
P0295,10,64.74051338877624,0.8039614126571628,9.640464626535085,Type_B,Non-Responder
P0295,21,103.7637020224172,3.2018115582486364,12.218920179493695,Type_B,Non-Responder
P0296,0,37.98262480124589,,12.916651786758043,Type_B,Responder
P0296,4,23.057284975218305,6.883251334446229,8.629262939396307,Type_B,Responder
P0296,15,7.638664967772891,7.176267911047406,2.8887124058378832,Type_B,Responder
P0296,23,0.0,9.11411675935443,1.272874500474186,Type_B,Responder
P0296,26,0.4426118133469006,9.25459666113784,0.9506566161521166,Type_B,Responder
P0296,33,2.1964430848859506,8.992486377098773,0.46338631188131263,Type_B,Responder
P0296,43,3.819952809928821,9.088859655712326,0.35192774815035616,Type_B,Responder
P0297,0,28.408500777322875,8.954426100765556,5.341068397994395,Type_A,Non-Responder
P0297,8,25.098270488871115,6.198141018890839,6.389687985797343,Type_A,Non-Responder
P0297,11,19.216320486944976,7.563778913544745,6.887666685141493,Type_A,Non-Responder
P0297,20,15.273509363535364,7.6467463369727655,7.850323109698235,Type_A,Non-Responder
P0297,26,11.467134300925341,7.419002898738605,9.053974898970525,Type_A,Non-Responder
P0297,32,9.829699335745422,5.916372644620403,10.173647295305281,Type_A,Non-Responder
P0297,42,11.193192807543607,,12.18979147674269,Type_A,Non-Responder
P0297,49,,6.983485433210535,14.145182658487483,Type_A,Non-Responder
P0298,0,52.84548484924261,2.764265904399384,8.155524794760932,Type_B,Non-Responder
P0298,8,,2.77124546674484,9.524711257912706,Type_B,Non-Responder
P0298,13,153.39650080977464,0.8601250997790011,10.868250727610212,Type_B,Non-Responder
P0298,20,253.51856810230217,2.9364565211550264,12.684757706826911,Type_B,Non-Responder
P0298,27,481.3072769384796,3.5878407914940738,15.317200665983698,Type_B,Non-Responder
P0298,36,949.2044010630132,4.913129819377391,19.3852727170732,Type_B,Non-Responder
P0299,1,31.113499496931304,0.42367955070979635,6.583462947396902,Type_B,Non-Responder
P0299,8,22.924888267958163,0.0,10.191589383388093,Type_B,Non-Responder
P0299,12,24.18870874205913,0.3003889711587234,13.268636085058336,Type_B,Non-Responder
P0299,20,,0.6460083901410545,22.304675699115947,Type_B,Non-Responder
P0299,28,11.278382828712399,0.6444177074904411,36.14561334263716,Type_B,Non-Responder
P0299,35,10.560878552685974,0.0,55.9438162606354,Type_B,Non-Responder
P0299,40,10.87061275395505,1.2597782736309846,75.39137055339796,Type_B,Non-Responder
P0299,50,9.97728672502328,0.0,137.77775911929137,Type_B,Non-Responder
P0300,1,138.914330146888,6.8908114371695595,8.532757803166579,Type_B,Non-Responder
P0300,7,233.34467673397677,7.651705514254668,5.428719159569099,Type_B,Non-Responder
P0300,12,319.3787702343739,7.342943224178934,,Type_B,Non-Responder
P0300,22,681.9965356972552,7.128514769985033,1.6631467913027256,Type_B,Non-Responder
P0300,26,926.9716208913893,8.599977801286613,1.4487339592720598,Type_B,Non-Responder
P0300,35,1918.1874464399077,7.068639616457809,0.8192539660862755,Type_B,Non-Responder
P0301,0,121.81223542096036,4.688086791866375,4.242522125038433,Type_B,Non-Responder
P0301,6,158.91060980005895,7.822255209119289,4.652921912116192,Type_B,Non-Responder
P0301,16,,5.648633682993797,5.425828005276084,Type_B,Non-Responder
P0301,20,294.33621791958035,6.57654507052704,5.932561976162257,Type_B,Non-Responder
P0301,27,402.5358476776372,6.201931682319733,6.480867086185166,Type_B,Non-Responder
P0302,2,166.67356359001525,0.3248241519767676,5.205111584862501,Type_A,Non-Responder
P0302,6,230.95681061371974,,4.382990516788533,Type_A,Non-Responder
P0302,13,436.4341154547279,0.5060458402076217,3.1570508184129755,Type_A,Non-Responder
P0302,17,647.666801339259,2.3707358738320146,2.431255718735632,Type_A,Non-Responder
P0303,0,35.0154056069942,1.6207480677441792,10.915308837104183,Type_A,Responder
P0303,6,20.298559223846837,2.754225432650743,7.3941636850780545,Type_A,Responder
P0303,10,14.403326557311381,1.959108732909077,6.107069846469398,Type_A,Responder
P0303,22,4.318779760236832,3.250717170783301,3.1429603549564,Type_A,Responder
P0303,27,2.011668919538454,1.0735969161397552,2.452817051166448,Type_A,Responder
P0303,32,3.5033035944687834,3.3849511341130443,1.889403517614153,Type_A,Responder
P0304,0,72.78027999802114,5.514628653214955,6.053899775226939,Type_B,Non-Responder
P0304,5,,5.72483540345967,9.238425810795071,Type_B,Non-Responder
P0304,13,80.20873760771777,6.553037923270145,18.06160920390118,Type_B,Non-Responder
P0304,19,88.15256565733146,6.602718219375171,28.925550362880816,Type_B,Non-Responder
P0304,29,,,65.6604126568139,Type_B,Non-Responder
P0304,35,110.301726156007,4.144823348931147,111.32746290946872,Type_B,Non-Responder
P0304,42,125.00814539069599,5.26284906634109,198.62937164451833,Type_B,Non-Responder
P0304,49,133.1396084411491,5.297043370157072,342.4261902558393,Type_B,Non-Responder
P0305,0,35.6568173433275,2.6515026548119827,,Type_A,Non-Responder
P0305,6,59.247866629904784,,7.318546538236413,Type_A,Non-Responder
P0305,17,147.14472198423204,3.990722232553141,4.997364350858447,Type_A,Non-Responder
P0305,19,151.10967693296342,4.129945532220027,4.798108753669472,Type_A,Non-Responder
P0305,29,326.41304223197966,4.357723440576937,3.157081129288107,Type_A,Non-Responder
P0305,36,596.8285966911387,2.45799947882968,2.4323822321614075,Type_A,Non-Responder
P0305,43,1002.5520812533022,3.4337485186908925,2.061475382014131,Type_A,Non-Responder
P0305,48,1412.5571488331877,3.1031942915902246,1.6460827689928244,Type_A,Non-Responder
P0306,0,679.0062991482039,0.0,7.268391179318459,Type_A,Non-Responder
P0306,7,909.3624133883862,0.0,10.01813776002562,Type_A,Non-Responder
P0306,13,,1.6696046345808861,13.807356713134798,Type_A,Non-Responder
P0306,21,1570.9077760472833,0.4271433139215723,19.711229649797115,Type_A,Non-Responder
P0306,26,1942.0554566077265,0.6162972632029624,24.907299923739227,Type_A,Non-Responder
P0306,33,2620.193357352858,0.0,34.33596392505128,Type_A,Non-Responder
P0306,42,,3.4039549999114964,50.83258671089766,Type_A,Non-Responder
P0306,49,5206.463464023028,,69.00650634097887,Type_A,Non-Responder
P0307,0,91.46254799800096,9.431199373969381,8.508645077561802,Type_B,Responder
P0307,6,31.32964812826015,11.385352625408993,8.250946367936269,Type_B,Responder
P0307,14,,9.877532275098808,8.519856235651961,Type_B,Responder
P0307,22,2.05153217917717,10.96971874842918,8.388062914658427,Type_B,Responder
P0308,0,100.76789788628746,8.189624884669215,4.537373948125521,Type_A,Non-Responder
P0308,8,106.25258807174035,7.4655060774692945,5.749302047664644,Type_A,Non-Responder
P0308,13,114.99988463923555,5.76373475020743,6.8957423112932235,Type_A,Non-Responder
P0308,21,,7.474307282894296,8.666609389077578,Type_A,Non-Responder
P0308,31,154.64228571364603,6.979658164785077,12.492514213848754,Type_A,Non-Responder
P0309,0,17.715139632439225,4.8763435687507934,19.315564750359457,Type_A,Non-Responder
P0309,7,25.662734033723765,,29.084772148168685,Type_A,Non-Responder
P0309,17,42.33971959798953,5.915395568019457,49.92255228715685,Type_A,Non-Responder
P0309,19,37.639505381456146,4.6223608013683934,56.67599104754923,Type_A,Non-Responder
P0310,1,96.77296200156934,5.802040626259492,12.236461304058295,Type_A,Responder
P0310,7,34.93419050631418,5.676651680861819,9.000288235553901,Type_A,Responder
P0310,12,,5.526699203151922,7.09774583246526,Type_A,Responder
P0310,22,5.473081188328712,5.1364396358544315,4.329078316352973,Type_A,Responder
P0311,0,72.89635597666509,,3.668554917487839,Type_A,Non-Responder
P0311,5,77.40812360692468,0.8556461286577698,5.038635163964939,Type_A,Non-Responder
P0311,14,77.43990835473669,0.0,8.692089141831897,Type_A,Non-Responder
P0311,22,82.72105330483812,0.4042993902438728,14.044517536602688,Type_A,Non-Responder
P0311,25,83.94831542521716,1.032812879986353,16.64088612884569,Type_A,Non-Responder
P0311,34,94.37804053243231,0.0,29.542188313778176,Type_A,Non-Responder
P0311,42,92.88218241702666,0.0,46.5426973938129,Type_A,Non-Responder
P0311,50,95.2551204838821,0.2469907364804278,74.62182201630218,Type_A,Non-Responder
P0312,0,20.55995019938738,0.4839578787867024,10.884845440142502,Type_A,Non-Responder
P0312,10,,0.0,8.916552541380034,Type_A,Non-Responder
P0312,15,54.44591628519403,0.0,8.445646301357584,Type_A,Non-Responder
P0312,20,67.40768868513854,0.947219946838347,7.490285103413643,Type_A,Non-Responder
P0312,24,76.95608578584608,2.6206134784676944,6.525942067269415,Type_A,Non-Responder
P0313,0,84.04526081362812,2.962498489113146,11.215192498228184,Type_A,Responder
P0313,5,,1.569556248092748,8.472354218600392,Type_A,Responder
P0313,13,42.796487827608644,,5.325934345368237,Type_A,Responder
P0313,20,29.31535517270207,1.8356012318053039,3.6035923715121037,Type_A,Responder
P0313,25,19.59626310160571,2.7412325389506313,2.806408911739036,Type_A,Responder
P0313,34,12.616157754630347,,1.7381155195869362,Type_A,Responder
P0313,40,6.139024640791391,4.146247208839535,1.210582969244878,Type_A,Responder
P0314,3,105.96577644073258,3.4270268074482626,4.346606408604858,Type_B,Non-Responder
P0314,7,118.08391286202924,3.4219980532705874,4.775946292736669,Type_B,Non-Responder
P0314,13,133.46569519139277,6.835955088981407,5.751560172384958,Type_B,Non-Responder
P0314,22,161.3602059006973,3.7038089430276107,7.143358185379013,Type_B,Non-Responder
P0314,29,199.2623794038684,3.90452571855667,8.672930600493867,Type_B,Non-Responder
P0314,34,236.29610618289797,3.4389536126476905,9.677687258371973,Type_B,Non-Responder
P0314,41,260.57134922039535,5.282217239523831,12.198572867068217,Type_B,Non-Responder
P0315,0,,7.62330249916566,6.592713387547938,Type_B,Responder
P0315,6,40.63908429692415,8.353010354249738,4.786228108943662,Type_B,Responder
P0315,13,20.132726874485293,,3.109824962858452,Type_B,Responder
P0315,20,9.883316598411646,7.450800519191532,2.251723823564621,Type_B,Responder
P0315,29,3.2054843092716525,10.396712442171683,1.3844041682862651,Type_B,Responder
P0315,35,0.8633406134710202,8.375425460294753,1.0161770262607495,Type_B,Responder
P0315,40,2.759071602695265,,0.9000457657412027,Type_B,Responder
P0315,47,2.157339581228605,,0.4143557372944287,Type_B,Responder
P0316,0,72.90432312118322,8.696636968684768,8.368530005941583,Type_B,Non-Responder
P0316,6,65.11716787230856,8.127232318364069,10.120783486280006,Type_B,Non-Responder
P0316,16,58.18534063221188,10.386923401505122,14.491446383387405,Type_B,Non-Responder
P0316,22,51.22350636762863,8.679769471868182,,Type_B,Non-Responder
P0316,29,40.68239876048987,6.804918666134602,21.758794686598595,Type_B,Non-Responder
P0317,0,21.941616575553365,9.724398500208718,16.752749422930638,Type_A,Responder
P0317,5,10.637559606086256,7.97501955910445,12.753374220235145,Type_A,Responder
P0317,14,3.0094968220330696,6.901483919919528,8.099645310564622,Type_A,Responder
P0317,18,5.4177309567236005,8.879480309395277,6.67896982148756,Type_A,Responder
P0318,1,196.73683449077555,5.667140466764911,7.762278857640005,Type_A,Non-Responder
P0318,5,247.1614591588269,5.97873298898784,9.284635721748815,Type_A,Non-Responder
P0318,17,,,14.685342177580619,Type_A,Non-Responder
P0318,19,441.36348857653434,4.564310177082805,16.036655960353634,Type_A,Non-Responder
P0318,28,716.4591661176715,4.122812992899804,22.884762151389435,Type_A,Non-Responder
P0318,38,1134.0842979813376,5.889856609281308,34.18634003243219,Type_A,Non-Responder
P0318,41,1251.72300523148,4.798447676836867,38.85800412254367,Type_A,Non-Responder
P0318,48,1640.8128808917963,5.0424715011668875,51.30353654376969,Type_A,Non-Responder
P0319,0,,7.688327145378702,14.480305447684968,Type_A,Non-Responder
P0319,6,48.87675674277297,6.322083343926456,18.496871393332764,Type_A,Non-Responder
P0319,12,65.99436189896306,6.033766847720874,24.45474910281942,Type_A,Non-Responder
P0319,21,87.39479689123161,6.99952731017679,36.7483708054544,Type_A,Non-Responder
P0320,0,10.775795688995627,8.6307103030521,9.13620308768967,Type_B,Non-Responder
P0320,10,40.22788593191154,9.822240114758797,12.16326268294239,Type_B,Non-Responder
P0320,12,47.98385259518968,8.033081964382164,12.856599571777686,Type_B,Non-Responder
P0320,23,191.83831291108612,8.179851522870855,17.3415479336444,Type_B,Non-Responder
P0320,29,418.0478939921497,7.495926823016952,20.47294854036958,Type_B,Non-Responder
P0321,0,345.0806606772402,,2.905934809238032,Type_B,Responder
P0321,5,148.20046941788095,3.14679889757537,2.3658921633123113,Type_B,Responder
P0321,14,31.93968698842483,0.5929769700133134,1.2747165429620386,Type_B,Responder
P0321,22,10.008267166456688,3.8222888205786716,0.9586125126769066,Type_B,Responder
P0321,29,4.015092563040147,3.67102513245335,0.7410336379854292,Type_B,Responder
P0321,33,,3.319538508159232,0.49717478621013445,Type_B,Responder
P0321,42,0.06521962103803719,2.5424800387825575,0.33345731766965764,Type_B,Responder
P0321,49,0.0,3.7146276948731036,0.3417445475586016,Type_B,Responder
P0322,1,,7.291480075780825,4.94072444701515,Type_B,Non-Responder
P0322,8,199.52051875705814,8.349301332984345,7.985758005785092,Type_B,Non-Responder
P0322,14,206.12680072025643,,12.138598151468015,Type_B,Non-Responder
P0322,22,219.180419411919,7.758507474876712,20.15822101062492,Type_B,Non-Responder
P0322,30,215.0897263603476,6.874446254591623,33.99506205840161,Type_B,Non-Responder
P0323,0,234.2915111530993,5.2004820373745435,4.956853138729735,Type_A,Non-Responder
P0323,7,260.0382726707426,6.053598746632117,5.377965593010099,Type_A,Non-Responder
P0323,14,263.9682903412355,7.261947421615239,6.277051439210109,Type_A,Non-Responder
P0323,20,288.2413041967926,7.182765301717208,6.881663585231763,Type_A,Non-Responder
P0324,0,62.3131466114505,2.4723216221183333,10.147524060065013,Type_B,Responder
P0324,11,17.567081719614933,2.3840684833056436,7.460483489229733,Type_B,Responder
P0324,11,19.440265623239284,4.753643104336441,7.450644183315053,Type_B,Responder
P0324,20,6.317599452413819,2.5233489159027322,5.6614560697133465,Type_B,Responder
P0324,29,7.19033262623183,4.438944196319998,,Type_B,Responder
P0324,35,2.20027152772065,3.5607359043513696,3.662316649244444,Type_B,Responder
P0325,0,87.01948906065923,,15.12118018224519,Type_B,Non-Responder
P0325,9,161.68111348970643,2.0627598853457747,15.551240578738621,Type_B,Non-Responder
P0325,14,217.08142854275428,2.4583392294191455,15.856601889685082,Type_B,Non-Responder
P0325,21,373.56857378509557,2.1397110969547017,16.53070516651511,Type_B,Non-Responder
P0325,24,482.8074216752895,1.6665803079090615,16.600351889685047,Type_B,Non-Responder
P0326,1,23.319397473513792,5.756139641207862,7.783514756290725,Type_A,Non-Responder
P0326,7,39.40313468506789,5.406303509980899,8.108386855651295,Type_A,Non-Responder
P0326,12,,5.342844854351812,8.105145973287335,Type_A,Non-Responder
P0326,24,171.91844106791478,6.186528780788299,8.57350866787413,Type_A,Non-Responder
P0326,27,222.27227756150455,5.859315434746091,9.051910435197907,Type_A,Non-Responder
P0326,35,432.0212629981476,,10.130449288753674,Type_A,Non-Responder
P0326,44,942.5626876352869,5.584248860923797,10.420012391768148,Type_A,Non-Responder
P0326,49,1297.647525949329,6.33438663543301,10.852026232353962,Type_A,Non-Responder
P0327,0,82.86569582855931,7.107606476280744,10.212594360276638,Type_A,Responder
P0327,6,78.37374800930101,,6.786720912332619,Type_A,Responder
P0327,16,84.61286063558713,,,Type_A,Responder
P0327,20,82.65934292579111,9.709093163259531,2.719568814223651,Type_A,Responder
P0327,26,87.89022727317467,8.866690707034968,1.7434389541469708,Type_A,Responder
P0327,33,89.47771592263415,8.921398643933331,1.070509353300645,Type_A,Responder
P0327,41,,8.564258978391123,0.6109803113944714,Type_A,Responder
P0327,50,,8.616616287654251,0.48118391159803914,Type_A,Responder
P0328,1,36.569950656099174,2.1330007463008256,18.46850096361076,Type_A,Responder
P0328,6,20.781764667433002,0.688803247007693,18.608136256920428,Type_A,Responder
P0328,13,8.904576224426746,1.1788426478591016,18.460575822373887,Type_A,Responder
P0328,20,8.928210587986275,1.8147151923942828,18.214893831430963,Type_A,Responder
P0328,27,5.802619726390561,2.9511870591067373,18.092924706728603,Type_A,Responder
P0328,34,0.0,,18.26697316374043,Type_A,Responder
P0329,0,,,7.029670601121589,Type_A,Responder
P0329,9,31.536527485216666,8.232901915462163,7.26270652697023,Type_A,Responder
P0329,17,22.9450188268079,7.129918497694604,7.226776433630886,Type_A,Responder
P0329,20,14.443141105809588,8.195965798661135,7.593388207907592,Type_A,Responder
P0329,27,11.537592900186535,7.1079067880155735,7.7560577961995545,Type_A,Responder
P0329,36,3.7561822774992684,6.58684052315971,7.533222642216698,Type_A,Responder
P0329,41,5.897229132854099,,7.76637416654111,Type_A,Responder
P0329,48,0.7210567569115351,7.695067727923638,,Type_A,Responder
P0330,1,77.91109760007707,2.2871797766115924,6.678746284081791,Type_B,Non-Responder
P0330,6,95.42764263816491,2.2217776241447496,6.848301447239322,Type_B,Non-Responder
P0330,10,97.58648429898355,2.8065924251112655,7.3842359618925455,Type_B,Non-Responder
P0330,19,140.7544764814285,2.4085808699327464,8.583420659639842,Type_B,Non-Responder
P0331,0,33.097396029769776,1.0590284660828355,8.33986951455984,Type_A,Non-Responder
P0331,7,44.831718123978696,2.44111332653155,9.19100224704228,Type_A,Non-Responder
P0331,15,70.95307866751598,0.9981984053409385,,Type_A,Non-Responder
P0331,18,90.54131670997153,2.5217850177940857,10.950789286306968,Type_A,Non-Responder
P0331,26,133.72592859396497,2.339590021438551,11.744302633946965,Type_A,Non-Responder
P0331,33,180.6009513781949,1.4283525846516107,13.26690591723724,Type_A,Non-Responder
P0331,42,283.05267603766697,3.262439823551211,14.467411971044879,Type_A,Non-Responder
P0331,48,,1.0594352874743516,15.890585909848753,Type_A,Non-Responder
P0332,0,28.976204042132185,6.530770979754819,5.5237789824173085,Type_B,Non-Responder
P0332,8,42.6376544697915,,5.707310199282565,Type_B,Non-Responder
P0332,15,,7.850357671194608,6.100694481958365,Type_B,Non-Responder
P0332,21,58.626719376273485,5.5461149406551105,6.43091398296998,Type_B,Non-Responder
P0332,31,68.77166932948029,5.827316585436676,7.117697463271586,Type_B,Non-Responder
P0333,0,71.30480951250986,7.442138080432019,6.949288734165793,Type_A,Non-Responder
P0333,7,132.02505826488598,8.20008867383955,8.1539438034596,Type_A,Non-Responder
P0333,12,233.48109475404755,9.112240622322924,9.919224738256062,Type_A,Non-Responder
P0333,20,480.04507935727014,7.436196051697631,12.047046330814007,Type_A,Non-Responder
P0334,2,,5.964713012775945,6.10526391355496,Type_B,Non-Responder
P0334,6,36.25188676960482,8.043172159779004,6.14070229192022,Type_B,Non-Responder
P0334,14,60.10412688250543,10.009742779073386,6.862669217362364,Type_B,Non-Responder
P0334,22,91.04581796211916,7.201130461125499,7.443747687786869,Type_B,Non-Responder
P0334,27,101.53471017898002,6.0936323842060505,8.000940114386559,Type_B,Non-Responder
P0334,35,144.84019426220885,6.887655605262888,8.86808031198375,Type_B,Non-Responder
P0334,40,169.63887523370252,8.50701380310812,9.309017796060722,Type_B,Non-Responder
P0334,52,324.4065369188709,6.546650846830162,10.18604979407378,Type_B,Non-Responder
P0335,0,23.391397095204304,6.096595392704212,9.436194020590026,Type_B,Non-Responder
P0335,6,39.09056485112439,5.6017873375840885,,Type_B,Non-Responder
P0335,14,88.43067802317394,6.727357015790984,11.867298686438904,Type_B,Non-Responder
P0335,22,210.61798767748365,6.845257986853403,13.274722659474,Type_B,Non-Responder
P0336,2,14.291490349673182,1.9438648221211972,5.985100513207951,Type_B,Responder
P0336,6,7.2349509449076725,1.5358422562894716,4.737027104189152,Type_B,Responder
P0336,13,,0.9924685040606874,2.962635687944406,Type_B,Responder
P0336,21,0.3996458026263201,0.14423308027717852,1.8415241345027726,Type_B,Responder
P0336,27,0.2579871211315694,1.4537300748852244,1.3665977315969107,Type_B,Responder
P0336,35,,1.6107265814028764,0.8875275407543062,Type_B,Responder
P0337,0,,,11.81026273476063,Type_B,Non-Responder
P0337,10,20.889881882822284,10.208215939912831,15.972323764851275,Type_B,Non-Responder
P0337,12,23.119623838782047,,16.817651759436917,Type_B,Non-Responder
P0337,19,21.236594747959863,8.484665327582322,20.144536539783665,Type_B,Non-Responder
P0337,25,24.157396557723864,8.253225853741537,24.069422961387534,Type_B,Non-Responder
P0337,33,30.60072671614116,6.957321291228642,30.350891890940893,Type_B,Non-Responder
P0337,40,31.729231568719676,7.74668021875924,37.11976820751251,Type_B,Non-Responder
P0337,50,45.43135334269243,7.398164129466483,48.73792439098681,Type_B,Non-Responder
P0338,0,23.221554862768894,9.289956296008647,9.446644186627092,Type_B,Non-Responder
P0338,7,54.52967459040829,8.580076294990986,11.043455846110588,Type_B,Non-Responder
P0338,11,86.44621062593376,,11.86826120336352,Type_B,Non-Responder
P0338,19,194.22374896003163,8.21779117061384,13.160095955889524,Type_B,Non-Responder
P0338,26,434.71345600737527,10.353705991793426,14.827527026792097,Type_B,Non-Responder
P0339,0,115.94390412255747,,6.6735685407973095,Type_A,Non-Responder
P0339,8,168.94708376928313,8.796078533447291,5.511929205496893,Type_A,Non-Responder
P0339,13,223.63545189926208,7.797197546257219,5.004029283478782,Type_A,Non-Responder
P0339,24,362.9467693835118,9.084947439658425,4.060603218304883,Type_A,Non-Responder
P0339,28,435.71834414209985,8.754609991339995,3.872306242857637,Type_A,Non-Responder
P0339,35,613.9894186242512,10.011913133819204,3.2173721616350166,Type_A,Non-Responder
P0339,43,846.8183539765548,8.871604092761515,2.928903357028199,Type_A,Non-Responder
P0339,48,1129.8813656491639,8.930490839078784,2.565559895385172,Type_A,Non-Responder
P0340,0,39.98018740668761,8.93039787855259,8.710638607684803,Type_B,Responder
P0340,6,32.620619584231804,8.504536641839495,6.537329853784906,Type_B,Responder
P0340,14,26.457718786529256,8.584868526141447,4.76318864107451,Type_B,Responder
P0340,21,19.300382579657022,8.710701603116618,3.3850175760665464,Type_B,Responder
P0340,29,,8.53664559461508,2.2527905117995144,Type_B,Responder
P0340,37,16.987583152853002,9.468935230645823,1.6965484912518407,Type_B,Responder
P0341,2,212.05433158565273,3.1708848081144656,5.836762263818295,Type_B,Non-Responder
P0341,8,,1.754797763961015,7.536858907984002,Type_B,Non-Responder
P0341,15,263.6105665789905,0.28374620240941906,9.952259849150211,Type_B,Non-Responder
P0341,18,262.455749040436,1.948185959150312,,Type_B,Non-Responder
P0341,29,350.52240280308393,1.1471872591239496,17.392735155452453,Type_B,Non-Responder
P0341,33,393.99473029247986,3.025620927000836,20.02118550337891,Type_B,Non-Responder
P0341,41,449.5132466692031,2.707763172986968,26.82081616636659,Type_B,Non-Responder
P0342,0,,3.673695038802251,6.20622960312583,Type_A,Non-Responder
P0342,8,99.66911092423763,3.0253780681471567,5.622162546584118,Type_A,Non-Responder
P0342,13,153.92535257332548,2.694867869451847,5.179119724420238,Type_A,Non-Responder
P0342,20,288.1622505784803,5.705717911290095,5.038355622905246,Type_A,Non-Responder
P0342,25,500.155507749048,2.4777890143977297,4.716767228981499,Type_A,Non-Responder
P0342,36,1305.7210371089457,4.063298159883721,,Type_A,Non-Responder
P0342,41,2114.5050542796025,,3.4361870187090524,Type_A,Non-Responder
P0342,50,4803.6757467711,3.1824265083105363,3.002654867979538,Type_A,Non-Responder
P0343,0,26.714837517291663,6.775924710259142,8.059422764389234,Type_B,Responder
P0343,8,24.527324566319322,4.651153555017803,5.969009908489856,Type_B,Responder
P0343,12,22.098868208650703,,4.992573723345047,Type_B,Responder
P0343,22,20.146907981673525,4.163666672403938,3.462251988891579,Type_B,Responder
P0344,0,9.65362788065474,9.306164424549449,8.901648998542667,Type_B,Non-Responder
P0344,6,9.62471447433635,6.396107440417182,7.6156871970207165,Type_B,Non-Responder
P0344,12,12.088567755186013,6.586967654978567,6.217174891700909,Type_B,Non-Responder
P0344,22,19.418807271229873,7.518833835117,4.59056422480088,Type_B,Non-Responder
P0345,1,70.73158166490349,3.965985042122881,12.275503810139679,Type_A,Non-Responder
P0345,8,101.58972325366564,,14.652790031314439,Type_A,Non-Responder
P0345,10,124.89804328972485,3.938014451960001,15.430026309229657,Type_A,Non-Responder
P0345,20,239.28095585559245,4.205943359130414,19.686540905447007,Type_A,Non-Responder
P0345,29,,4.1689645842147085,24.44716484571813,Type_A,Non-Responder
P0345,35,705.9002519948442,4.521667667456481,28.301006720330978,Type_A,Non-Responder
P0345,42,1216.3796706535304,3.641933948582237,34.12998588943171,Type_A,Non-Responder
P0345,51,2211.5022222068733,4.364377394118742,42.04667737901562,Type_A,Non-Responder
P0346,0,70.4692185568455,7.3688185923975045,20.140260851479148,Type_B,Responder
P0346,10,26.313182358119864,7.115275084711416,8.483004284398838,Type_B,Responder
P0346,15,16.857102537554137,5.380343220516931,5.642988700217929,Type_B,Responder
P0346,21,10.854096304521308,8.141154725065046,3.539960677354937,Type_B,Responder
P0347,0,46.995074561700264,,10.34142574422984,Type_B,Responder
P0347,8,14.533255976486075,4.231831750271561,8.61388176451262,Type_B,Responder
P0347,12,,4.801565231685018,7.737694542867246,Type_B,Responder
P0347,20,3.3202246286750667,6.074475649906317,6.663231601855059,Type_B,Responder
P0347,28,1.3697134305457204,4.652432462608498,5.44894316536716,Type_B,Responder
P0347,34,1.9576181221554367,6.384545201933347,5.047286935934452,Type_B,Responder
P0347,41,0.0,6.141016898852751,4.226805595558435,Type_B,Responder
P0347,47,0.990544278446998,5.632349366112759,3.7485057401461015,Type_B,Responder
P0348,0,23.3134431628195,8.7662632676338,7.859919118139792,Type_B,Responder
P0348,8,,6.78659166902772,2.4682604012516305,Type_B,Responder
P0348,12,6.1387146440460825,5.619947812452962,1.5481219435391635,Type_B,Responder
P0348,19,0.821900562085574,7.836815164235953,0.6258737610319499,Type_B,Responder
P0349,0,109.62446248622193,3.043050367431983,9.739447122108057,Type_A,Non-Responder
P0349,8,214.30653619319673,4.295118733821192,12.828279864323411,Type_A,Non-Responder
P0349,14,,1.9778106155495667,15.960092831774453,Type_A,Non-Responder
P0349,20,582.2402087106916,4.411490735894841,18.892071345541062,Type_A,Non-Responder
P0349,26,1041.8769932730547,4.978340079073582,23.36768246163129,Type_A,Non-Responder
P0349,37,2701.2413316617312,3.8906131357036373,33.55618972150674,Type_A,Non-Responder
P0349,41,4210.5565661186765,4.649185901225506,,Type_A,Non-Responder
P0349,50,9271.222521086966,3.96058414126352,53.618969054230035,Type_A,Non-Responder
P0350,1,111.15373500955053,6.591608483850859,2.8658290149756454,Type_A,Non-Responder
P0350,7,200.8820064048469,4.2660162735393214,2.9632775646257503,Type_A,Non-Responder
P0350,11,287.6790721658722,,3.097435981256296,Type_A,Non-Responder
P0350,23,850.2999620756699,5.0675874268040575,3.4393046920153827,Type_A,Non-Responder
P0350,27,1172.4431981983898,7.426227955124954,3.268633383979042,Type_A,Non-Responder
P0350,37,,7.480975127569711,3.6448874846473602,Type_A,Non-Responder
P0351,0,10.623787522260692,2.5393686616352253,6.933337690990526,Type_A,Responder
P0351,6,4.280657015011203,3.1403780338556304,5.0912149600032155,Type_A,Responder
P0351,16,2.7243430079139204,3.0148496800759617,3.2463832448231313,Type_A,Responder
P0351,20,1.109246371073827,2.849556076713134,2.9277182784368643,Type_A,Responder
P0351,28,1.5727290112225507,,2.093541821360202,Type_A,Responder
P0351,37,3.3235260090303247,3.546019202656596,1.2589227775879621,Type_A,Responder
P0351,41,3.7997008751671544,2.845450315448429,0.9354958135994602,Type_A,Responder
P0351,47,3.1198758554520944,2.944207013206511,0.7977661625356276,Type_A,Responder
P0352,0,5.899660901259141,9.611181513899123,13.843608212102014,Type_A,Non-Responder
P0352,8,3.5046935611426573,9.523678666885575,12.460131817602788,Type_A,Non-Responder
P0352,12,,9.16527192344713,11.790318538517889,Type_A,Non-Responder
P0352,21,2.255562162222686,9.043696861408652,10.80362823744366,Type_A,Non-Responder
P0352,29,0.0,9.858725581195937,9.75686220198345,Type_A,Non-Responder
P0352,37,4.299045659588661,7.536116037845998,9.089834782322535,Type_A,Non-Responder
P0353,0,42.25007552228752,2.2316037108711595,4.999796650785367,Type_A,Responder
P0353,6,18.62933795229209,2.380347046179961,3.506577904586953,Type_A,Responder
P0353,15,,4.089768590157051,1.7292402808699743,Type_A,Responder
P0353,22,1.8922503407844968,3.483125819648609,1.032213689878967,Type_A,Responder
P0353,26,0.0,0.8415932438706044,0.8842888938547397,Type_A,Responder
P0353,36,3.9061280940231824,,0.285756731287886,Type_A,Responder
P0354,0,77.98161847582577,3.3900944832777022,6.186358007983795,Type_A,Responder
P0354,6,33.3061970060593,4.523379266479238,4.4690880878326595,Type_A,Responder
P0354,14,15.089926876058778,3.7676471028978447,2.9498112589730257,Type_A,Responder
P0354,21,6.87766995750977,6.36414738335327,1.8185587405046846,Type_A,Responder
P0355,0,41.8411748657483,9.390215602689521,20.612983790358925,Type_B,Responder
P0355,11,9.767003808248445,6.895953693763376,10.030810271368207,Type_B,Responder
P0355,13,6.225097608915374,9.419300835201133,8.557783585824176,Type_B,Responder
P0355,21,2.287426349372574,7.204484935185036,5.135834746077569,Type_B,Responder
P0355,27,0.0,8.189842347709147,3.4859876020246876,Type_B,Responder
P0355,35,0.0,8.461873354920378,,Type_B,Responder
P0355,40,0.0,9.323627584926147,1.538252334739059,Type_B,Responder
P0356,0,542.3189307108487,8.094958573479131,11.964411810456399,Type_B,Non-Responder
P0356,5,739.8231086974329,9.869146928951869,11.726000845993042,Type_B,Non-Responder
P0356,11,,10.247691541894934,10.982217837455607,Type_B,Non-Responder
P0356,19,1384.6228775739182,8.733915659201978,10.604652128752711,Type_B,Non-Responder
P0357,0,140.73851155903796,4.634269275399554,6.8988323771737265,Type_B,Non-Responder
P0357,8,103.29543858947588,2.6471670972306547,6.073625840367144,Type_B,Non-Responder
P0357,12,88.15640193621707,3.6480779022349976,5.565197840082556,Type_B,Non-Responder
P0357,17,79.2759837416898,3.4807978982429093,5.242583407354809,Type_B,Non-Responder
P0357,28,51.0834426676796,,4.380483229942885,Type_B,Non-Responder
P0357,34,43.33841406426474,,3.7402541988338474,Type_B,Non-Responder
P0357,41,28.08504621817164,2.8940739172615357,3.3344208790491554,Type_B,Non-Responder
P0358,0,521.4730543193361,4.377626393812088,9.68756109643514,Type_B,Responder
P0358,6,239.53962974850717,,,Type_B,Responder
P0358,14,86.21254965848102,5.018497391003571,7.365571009086348,Type_B,Responder
P0358,24,21.83011080848366,5.195313833128711,6.047362254797125,Type_B,Responder
P0358,28,16.824948871625576,6.260412659505469,5.212324347565384,Type_B,Responder
P0359,0,42.68028012658217,,3.5678869359830925,Type_B,Responder
P0359,6,29.05058869641683,2.363671219984742,2.1845951614510524,Type_B,Responder
P0359,14,14.895745860647105,2.3907935848993564,1.4483539384793316,Type_B,Responder
P0359,22,8.28979233846654,3.55892229022759,0.8269646827476015,Type_B,Responder
P0359,26,6.091911459527621,2.949895291362428,0.8257916981115031,Type_B,Responder
P0359,35,2.7020437507150294,2.4883706704946285,0.35909686102275573,Type_B,Responder
P0359,42,3.8751636589507577,4.218411915095484,0.36903288856098215,Type_B,Responder
P0359,47,0.3102635866592861,3.3893206545120718,0.22238177047413715,Type_B,Responder
P0360,0,20.185345759898052,5.59421982423138,5.96861495585346,Type_A,Non-Responder
P0360,8,23.16593887595172,7.136893544241783,8.204234995379165,Type_A,Non-Responder
P0360,16,22.1854851127134,5.913406586658471,11.31036315217804,Type_A,Non-Responder
P0360,20,21.323638788237222,,12.48539367605492,Type_A,Non-Responder
P0360,27,21.683396265782974,4.533940307468075,16.57987176613691,Type_A,Non-Responder
P0360,39,27.684586978745518,5.2111947366581886,26.630020166858756,Type_A,Non-Responder
P0360,41,23.51105754278374,4.6313668434155595,29.181254772869433,Type_A,Non-Responder
P0361,0,244.8469136441646,2.818054294357598,,Type_B,Non-Responder
P0361,8,561.877505222372,4.735487498009225,9.299044670437167,Type_B,Non-Responder
P0361,14,1010.8987725008852,3.318342234273146,8.94776154744887,Type_B,Non-Responder
P0361,19,1580.804337029861,4.203158285232398,9.08505652946426,Type_B,Non-Responder
P0362,0,189.93689961202253,3.7567350800069583,5.4659016688396616,Type_A,Non-Responder
P0362,9,370.6864506794654,3.079436572518238,7.45458992432832,Type_A,Non-Responder
P0362,11,430.7509061627107,,7.9367977123311135,Type_A,Non-Responder
P0362,19,722.6843998602852,,9.925645036985735,Type_A,Non-Responder
P0362,28,1236.4210464484074,2.5955659726329436,13.572950145713197,Type_A,Non-Responder
P0362,37,2114.527745751569,2.1508446367751914,17.839036619182377,Type_A,Non-Responder
P0362,41,2964.1981970630377,5.1125907052944495,18.731414835539642,Type_A,Non-Responder
P0363,0,34.40001588735399,0.6380911136795665,6.804497008614877,Type_B,Non-Responder
P0363,7,,0.6777148515398167,10.196538613870496,Type_B,Non-Responder
P0363,15,13.332735075457864,1.115189081164604,16.547486630275085,Type_B,Non-Responder
P0363,21,,2.285937244278368,22.465396614372036,Type_B,Non-Responder
P0363,28,2.104624788551517,1.9232720492033863,34.42349367201307,Type_B,Non-Responder
P0364,0,17.845195050943573,3.509264032484353,3.92899622222642,Type_A,Non-Responder
P0364,6,38.83893033914543,4.24712511807653,3.669241459309626,Type_A,Non-Responder
P0364,13,99.17264262670878,3.393528842940657,3.0358509201905943,Type_A,Non-Responder
P0364,22,312.0568278242016,4.642278644118712,2.658982314649711,Type_A,Non-Responder
P0364,26,,1.5003423733253833,2.5194895587568893,Type_A,Non-Responder
P0364,35,1370.7087421196823,3.709707758753536,2.177567040914019,Type_A,Non-Responder
P0364,43,3755.586051649683,4.463330809121647,1.8378336684315144,Type_A,Non-Responder
P0365,0,210.03355225489673,2.9976787151870625,11.531496515612249,Type_B,Non-Responder
P0365,8,314.78289462533,1.4289072470065627,12.203284608560917,Type_B,Non-Responder
P0365,16,484.64565010690944,0.0,13.504704935001952,Type_B,Non-Responder
P0365,23,707.8884693453114,3.8951201297754565,14.990676171286816,Type_B,Non-Responder
P0366,0,24.113123869611385,1.7104988272418318,14.880119663578977,Type_B,Non-Responder
P0366,10,54.304629924269015,2.694447568047068,17.25193619744978,Type_B,Non-Responder
P0366,14,76.20047076207696,,,Type_B,Non-Responder
P0366,19,123.3121218092799,0.3740000552150118,19.300226570028183,Type_B,Non-Responder
P0366,29,277.7899571685297,3.802396333993726,21.759572126339126,Type_B,Non-Responder
P0366,33,403.4109306985168,2.9718974917992633,23.18173037798451,Type_B,Non-Responder
P0366,40,756.1822023821433,,26.251035566068463,Type_B,Non-Responder
P0367,0,,0.0,7.581151609733836,Type_A,Non-Responder
P0367,8,49.91062488724387,0.7027354511028907,14.514520799656555,Type_A,Non-Responder
P0367,14,54.722396024099865,1.8580467128698979,22.879255434365472,Type_A,Non-Responder
P0367,21,54.59207763314934,1.8969557576841163,39.0463504631357,Type_A,Non-Responder
P0367,27,57.564607864793444,0.8283027539181862,59.638603438458766,Type_A,Non-Responder
P0368,0,63.09016644161331,4.806270490185915,8.389896186816344,Type_B,Responder
P0368,9,60.046046849410814,,5.350433569425329,Type_B,Responder
P0368,14,54.81205421954614,,4.071610222850753,Type_B,Responder
P0368,21,53.60844311356397,,2.8089748242553925,Type_B,Responder
P0369,0,8.303292794749762,8.811056730930526,5.734051819378269,Type_B,Responder
P0369,7,0.9371806221011649,9.234306466110807,4.204982665993645,Type_B,Responder
P0369,15,0.0,8.652147561511548,2.9630455207329622,Type_B,Responder
P0369,20,0.0,8.82512868373387,2.270053694455469,Type_B,Responder
P0370,0,180.03692280991066,3.927826134365531,10.153047874877789,Type_A,Responder
P0370,9,74.65545283693366,3.9296221176069164,,Type_A,Responder
P0370,16,34.87614174629532,3.8400799107384707,11.224675093024478,Type_A,Responder
P0370,20,26.113283220846867,2.779542627594861,11.710715031336786,Type_A,Responder
P0370,29,9.695569863335976,3.7856648780879794,11.494966289196869,Type_A,Responder
P0371,0,56.24239557613643,7.766266754469162,4.441545386150749,Type_B,Non-Responder
P0371,7,94.86568656138557,9.545757889992009,3.9692920242849037,Type_B,Non-Responder
P0371,14,,8.390032257102902,,Type_B,Non-Responder
P0371,21,211.1766138603671,9.569245904343202,3.0253755795805004,Type_B,Non-Responder
P0371,28,318.1895085363594,7.537411859158499,2.6512003796895445,Type_B,Non-Responder
P0371,36,538.1434051661166,9.501393445959609,2.213727634325259,Type_B,Non-Responder
P0372,0,49.7452349449739,4.637683591133371,7.3056964997870315,Type_B,Responder
P0372,6,28.950982945395612,7.082705536145986,6.89945554800673,Type_B,Responder
P0372,13,19.34702349053806,5.821491645105885,6.285631109421396,Type_B,Responder
P0372,23,9.80453147567463,5.648330633119448,5.590717227569548,Type_B,Responder
P0372,26,7.590751850844539,,5.3176060198896,Type_B,Responder
P0372,35,0.9280238470940787,,5.109686942780722,Type_B,Responder
P0372,40,0.0,8.105500131972965,4.415575334748487,Type_B,Responder
P0373,2,61.09576387688663,5.913484606245894,17.710292615928072,Type_B,Non-Responder
P0373,6,89.05683943235849,6.405538526587864,18.215462738955438,Type_B,Non-Responder
P0373,15,188.1368326997968,5.0704616196026295,18.62077169728357,Type_B,Non-Responder
P0373,24,430.34967399939154,6.504308728415802,19.505171921628133,Type_B,Non-Responder
P0373,27,548.1744267531215,6.573733618541067,19.961755316903417,Type_B,Non-Responder
P0373,35,1142.4163892239333,6.557384206419854,21.057732670631545,Type_B,Non-Responder
P0373,41,2042.6787812229175,4.795399121024476,22.078894551528123,Type_B,Non-Responder
P0373,49,4193.578797349092,6.011731412565192,23.271306044926476,Type_B,Non-Responder
P0374,1,50.6321015150951,11.911062097077327,12.60620506155434,Type_B,Non-Responder
P0374,8,67.66119852489243,8.952709026650522,15.622760562213031,Type_B,Non-Responder
P0374,13,81.80437888286464,8.394484682139947,18.21797170023174,Type_B,Non-Responder
P0374,23,,11.624702295647614,23.99428972815381,Type_B,Non-Responder
P0375,0,96.09234854663852,1.1904233397565656,16.188902496156828,Type_A,Responder
P0375,6,29.776033763738383,1.0238035841924642,15.512973658212173,Type_A,Responder
P0375,14,6.165940708148515,1.011080365734923,14.670582292975142,Type_A,Responder
P0375,21,2.192521629642176,0.6558452719533692,13.903719851783734,Type_A,Responder
P0375,30,0.0,1.004514433952471,13.506481730363426,Type_A,Responder
P0375,36,,1.4218630157116348,13.115194150613751,Type_A,Responder
P0376,0,,8.063477943984411,4.59331946011071,Type_B,Non-Responder
P0376,7,177.967092134039,7.1083793321591475,6.270265710334969,Type_B,Non-Responder
P0376,14,208.0054687614909,7.215154253160264,8.344383817517645,Type_B,Non-Responder
P0376,23,237.12710314156894,7.120506764209795,12.363946882655434,Type_B,Non-Responder
P0376,27,237.57943315177627,7.512668175483653,14.516071136592101,Type_B,Non-Responder
P0376,35,264.1482116554284,7.18973232636315,20.364066162131877,Type_B,Non-Responder
P0377,0,16.07947947990523,,6.643882459813433,Type_A,Non-Responder
P0377,5,32.75916785778002,,6.479619649516659,Type_A,Non-Responder
P0377,12,70.07449028201495,1.0735128285838487,6.280510771803248,Type_A,Non-Responder
P0377,22,,0.9394623585679145,5.616613988505123,Type_A,Non-Responder
P0377,28,441.38391806805646,,5.357002873612629,Type_A,Non-Responder
P0377,36,1063.099743979385,,5.268988240135881,Type_A,Non-Responder
P0378,0,,9.693040390425958,10.195391095215006,Type_B,Non-Responder
P0378,9,547.9894813442904,9.192672024245615,14.142440472486204,Type_B,Non-Responder
P0378,15,1134.0982280236672,9.00977937663327,,Type_B,Non-Responder
P0378,19,1933.9839735063326,7.949774351524514,19.982702762042916,Type_B,Non-Responder
P0379,0,51.19000838760063,5.387958047044524,4.349002622731755,Type_A,Non-Responder
P0379,5,53.550938810708644,7.2016827273908195,3.5557795160564094,Type_A,Non-Responder
P0379,11,44.61086045846002,7.574338954162316,3.1321320704207345,Type_A,Non-Responder
P0379,21,40.48669712043554,,2.1641699062611828,Type_A,Non-Responder
P0379,30,37.54794145597096,5.181604951944935,1.7085070560131728,Type_A,Non-Responder
P0380,0,51.366077473129884,,8.649560311494783,Type_A,Non-Responder
P0380,5,73.840828264143,6.498127664100409,8.403218420189313,Type_A,Non-Responder
P0380,12,111.51488838318186,6.325242959643311,8.481181907669617,Type_A,Non-Responder
P0380,22,215.68445786213996,5.983300934569815,9.236823931529509,Type_A,Non-Responder
P0381,2,5.629292299746509,3.9529315248873305,12.856750054175135,Type_A,Non-Responder
P0381,6,6.943889148083871,,14.871048272463824,Type_A,Non-Responder
P0381,11,7.34830844282171,3.880812644823924,,Type_A,Non-Responder
P0381,21,16.704813376185463,2.791405607053789,25.756058785242466,Type_A,Non-Responder
P0381,27,20.501058143637362,3.4717668125898262,31.756355849927722,Type_A,Non-Responder
P0381,34,30.074173352335226,4.908997399902368,40.50041296690002,Type_A,Non-Responder
P0382,0,25.23484080751757,2.026560936595316,4.493646120073091,Type_A,Responder
P0382,5,22.999635519335094,3.6500388808905537,2.959811600854621,Type_A,Responder
P0382,14,14.516141591663358,2.8230042449925015,1.4725255005721734,Type_A,Responder
P0382,21,9.388315328864046,2.7811661894320867,0.8396287705313011,Type_A,Responder
P0382,31,5.495348618059775,1.5887810313121462,0.3120641004277097,Type_A,Responder
P0383,0,8.001476337211104,5.8479704718698695,9.587484066270783,Type_B,Non-Responder
P0383,10,14.418024964062456,3.999712295136903,18.849741205052588,Type_B,Non-Responder
P0383,14,12.812669329781114,4.803781027279277,26.03269105645452,Type_B,Non-Responder
P0383,21,28.97765110093352,,41.38461956119933,Type_B,Non-Responder
P0383,27,44.543327515099364,5.267748956238947,64.33662419566677,Type_B,Non-Responder
P0383,34,61.83476476565497,3.324135997620798,104.18161468292206,Type_B,Non-Responder
P0383,44,119.10769992656219,,205.2439131154466,Type_B,Non-Responder
P0384,0,,2.6524100213230053,9.297061881575294,Type_A,Non-Responder
P0384,7,301.68094208621346,,11.878857137074098,Type_A,Non-Responder
P0384,15,500.33516482658246,2.697399422388375,16.170465779517485,Type_A,Non-Responder
P0384,21,,4.039114256419154,20.412585198893147,Type_A,Non-Responder
P0384,29,1255.597187653858,3.087064226434329,26.830801599780603,Type_A,Non-Responder
P0384,32,1562.5921771254266,,30.10462362541915,Type_A,Non-Responder
P0385,1,44.30840217171852,,,Type_A,Responder
P0385,9,,9.937545443609853,8.792545135794484,Type_A,Responder
P0385,14,6.332470075799571,8.626776896822147,6.109334247550554,Type_A,Responder
P0385,21,3.982930342060964,8.042556535644591,,Type_A,Responder
P0385,28,3.165870413060963,7.862008582199815,1.8818535292823055,Type_A,Responder
P0386,0,21.8986616036809,10.402358365574715,13.677630411387414,Type_A,Non-Responder
P0386,9,17.793574252881395,9.397007693684426,13.850409997456465,Type_A,Non-Responder
P0386,15,11.693078136655158,10.17148051873462,14.511895322529154,Type_A,Non-Responder
P0386,19,14.291537916443636,9.730590461328216,15.04926699212026,Type_A,Non-Responder
P0386,27,9.824979851204029,9.563859709926575,15.697963430454873,Type_A,Non-Responder
P0387,2,54.78050221385393,5.479341050990976,12.53223228807267,Type_B,Non-Responder
P0387,8,51.47596007753468,4.363940757751084,18.644139987229227,Type_B,Non-Responder
P0387,12,51.96403152098054,1.6690232221190042,23.773147751055387,Type_B,Non-Responder
P0387,20,45.43456852652878,4.03694510892248,,Type_B,Non-Responder
P0387,30,48.53888167365371,3.572385519474384,75.05817016647615,Type_B,Non-Responder
P0387,35,48.82673850751326,4.983415888804847,98.87118863407741,Type_B,Non-Responder
P0387,45,45.084926470379656,3.9464656355246515,190.98882506108882,Type_B,Non-Responder
P0387,47,45.3776414119412,4.367108139737702,,Type_B,Non-Responder
P0388,2,156.84440435267533,7.088601473017701,3.5954802406564843,Type_A,Non-Responder
P0388,6,242.8809735048658,7.589646596931091,3.6593483826613524,Type_A,Non-Responder
P0388,12,423.20191517565826,7.513150286070797,4.012953585233201,Type_A,Non-Responder
P0388,19,802.8088432545986,8.118353098905226,4.050697891094802,Type_A,Non-Responder
P0388,31,,6.636406341013473,4.40295466633893,Type_A,Non-Responder
P0388,34,,8.291200076329556,4.438697410358493,Type_A,Non-Responder
P0389,0,14.144102742574276,,14.194721363417203,Type_A,Non-Responder
P0389,7,53.772173068063054,6.980575081636594,17.20469731668708,Type_A,Non-Responder
P0389,15,224.89783972669696,5.599751414843887,22.35938641992066,Type_A,Non-Responder
P0389,21,611.5520107013483,,26.45491234347468,Type_A,Non-Responder
P0389,31,,4.616373320676767,34.798656307594655,Type_A,Non-Responder
P0390,0,66.05281930389019,,8.682082813879092,Type_A,Responder
P0390,7,38.56851225784796,1.8623188109307005,5.770464065993485,Type_A,Responder
P0390,12,23.172581962484017,5.317112165767691,4.72677344237966,Type_A,Responder
P0390,20,10.910279513051744,3.258240447097715,3.0544605160249856,Type_A,Responder
P0390,25,4.183269343190341,3.263271493389704,2.5004313461606036,Type_A,Responder
P0390,36,3.974957014559351,2.449003025866613,,Type_A,Responder
P0391,2,354.16107643432053,4.245292427660078,18.766631613565313,Type_B,Non-Responder
P0391,4,427.14978514171383,4.161238394385642,,Type_B,Non-Responder
P0391,12,839.7548837201562,,36.64135115520357,Type_B,Non-Responder
P0391,21,1678.8603531174977,4.605025118734935,65.21360085873611,Type_B,Non-Responder
P0391,28,3109.520973735246,,102.52207700504684,Type_B,Non-Responder
P0392,0,27.808752570956823,2.637751350084627,4.570051784872031,Type_B,Responder
P0392,6,20.010584549850506,1.8220362564432764,3.132677531927275,Type_B,Responder
P0392,14,6.369458962616633,4.589501868591947,1.913573758173145,Type_B,Responder
P0392,21,3.797381615800658,1.543458003549743,1.2659749694781819,Type_B,Responder
P0392,25,2.2754075115101453,2.0846560603448503,0.9752819681894649,Type_B,Responder
P0392,34,2.5014024959204604,4.035676009775701,0.36434214809400967,Type_B,Responder
P0393,1,,,16.729067959922748,Type_A,Responder
P0393,6,16.8380309998084,5.1508180744479075,11.342197139445616,Type_A,Responder
P0393,17,0.83715897626859,3.2879840588713694,5.317645002634219,Type_A,Responder
P0393,24,2.3770950567446323,2.8217003541706314,3.1807834088000266,Type_A,Responder
P0393,28,0.0,3.7838145150874443,2.3748344455723025,Type_A,Responder
P0393,34,0.0,3.662658404218916,1.5882448682915473,Type_A,Responder
P0393,42,0.0,4.742826651711645,0.9538611776980847,Type_A,Responder
P0394,0,74.3457398402424,7.197023844624919,2.707410986659592,Type_B,Responder
P0394,6,71.44385022210747,8.118789080683763,1.9194432125329621,Type_B,Responder
P0394,13,50.43939613215796,,,Type_B,Responder
P0394,19,46.9676304561587,6.3535827829593785,1.2072086592533835,Type_B,Responder
P0394,27,36.345634973973546,7.11532206182476,,Type_B,Responder
P0394,35,31.835119853712612,7.1950848340717375,0.5866918727316903,Type_B,Responder
P0394,42,,7.632497883076568,0.2764226174974308,Type_B,Responder
P0395,1,83.08239510961683,1.5862027995025065,4.678898523065408,Type_B,Non-Responder
P0395,6,89.74164463083774,1.3052738028137907,5.226696233850749,Type_B,Non-Responder
P0395,16,96.78563573788037,3.383566495596485,5.879730069336349,Type_B,Non-Responder
P0395,21,113.30474549629213,0.6923924880312224,6.260106894990211,Type_B,Non-Responder
P0396,3,44.07231378443769,6.215509571432868,12.74701087984976,Type_A,Non-Responder
P0396,7,44.214685852623944,5.458528669333696,11.763991657837648,Type_A,Non-Responder
P0396,15,58.38476331798718,4.252604018637442,9.7514921856876,Type_A,Non-Responder
P0396,19,62.987633616687866,5.333621289834846,8.997016279316357,Type_A,Non-Responder
P0396,29,,6.296698249803023,6.851239530443675,Type_A,Non-Responder
P0396,35,85.00916022312707,6.3227360471605785,5.856582819588089,Type_A,Non-Responder
P0396,44,92.6310121095836,4.972128675472223,4.654688203575811,Type_A,Non-Responder
P0397,0,14.634044555895555,8.16429311788109,3.480035499350946,Type_B,Non-Responder
P0397,8,29.75908993481336,8.221106864710666,4.517911905179135,Type_B,Non-Responder
P0397,11,40.39521979423651,7.469082188649281,4.615621183342297,Type_B,Non-Responder
P0397,19,80.10785640715996,,5.5088217882574435,Type_B,Non-Responder
P0397,27,192.1286877754766,7.35388706459338,6.815858482146475,Type_B,Non-Responder
P0397,35,404.85080605482284,7.833386974556638,8.402646406617553,Type_B,Non-Responder
P0397,43,998.7928935002393,,10.580608341362103,Type_B,Non-Responder
P0398,0,25.741931149134007,8.645363586199293,13.775948591578608,Type_B,Non-Responder
P0398,7,50.353936911212216,7.698777909861443,11.175470642995885,Type_B,Non-Responder
P0398,12,,8.960288655270581,9.980126353577793,Type_B,Non-Responder
P0398,21,134.72097791395052,8.33552148927748,8.224134521982833,Type_B,Non-Responder
P0399,0,8.92523991205384,4.405090837143487,4.262520287818303,Type_B,Responder
P0399,5,5.359951313194499,3.7785818017350645,3.2210483349786934,Type_B,Responder
P0399,13,,2.171890031500229,2.065513980817939,Type_B,Responder
P0399,21,,3.515405022774148,1.2682274215106553,Type_B,Responder
P0399,28,0.0,3.773346188100537,0.8616083883417389,Type_B,Responder
P0400,0,156.67317988280087,7.085541655672788,5.579248282919547,Type_A,Non-Responder
P0400,3,127.34394471259519,6.59054656160667,5.21212254911019,Type_A,Non-Responder
P0400,15,61.071326236756924,,5.323463641296196,Type_A,Non-Responder
P0400,23,36.85142544751709,4.989442153130511,5.03242142652909,Type_A,Non-Responder
P0400,28,28.82178496505915,5.531977426529108,5.05537829136275,Type_A,Non-Responder
P0401,2,162.66437258397082,8.206068263135856,9.203121090221188,Type_A,Responder
P0401,8,91.81721861138324,7.716572587112287,5.959412598263774,Type_A,Responder
P0401,12,70.4848191061953,6.96078298396842,4.535107994521429,Type_A,Responder
P0401,19,34.574055072166686,9.213027112679779,2.735377126557096,Type_A,Responder
P0401,30,13.338493452105622,10.336298575325877,1.1044846074485712,Type_A,Responder
P0402,0,68.82722799050103,5.559777941188853,15.195102997957207,Type_B,Non-Responder
P0402,6,72.13250587623168,6.566955670089313,25.082946392232177,Type_B,Non-Responder
P0402,10,78.95689476242097,7.326737668820353,,Type_B,Non-Responder
P0402,18,85.74695394240521,4.532309061146403,68.86995866516985,Type_B,Non-Responder
P0402,28,93.92349210455285,6.590512735358333,156.04776828163656,Type_B,Non-Responder
P0402,34,97.43142511057736,5.3504537049308425,254.52423694579406,Type_B,Non-Responder
P0402,43,,8.224037083980143,535.8975600157908,Type_B,Non-Responder
P0402,48,122.27500500863319,,803.1772970643601,Type_B,Non-Responder
P0403,0,48.628575613105006,1.846148558151182,10.243992112994007,Type_A,Non-Responder
P0403,9,174.89599733038193,3.432115069914034,17.70260301490144,Type_A,Non-Responder
P0403,13,319.65785684896406,2.241806355060353,22.330446061093973,Type_A,Non-Responder
P0403,18,645.5236647562032,4.178905530669505,30.74312075750875,Type_A,Non-Responder
P0403,30,,3.519286014312826,64.42275659786738,Type_A,Non-Responder
P0403,34,7199.493696017612,2.1232267642485647,80.97523959717162,Type_A,Non-Responder
P0403,40,17274.196847373332,2.068506483762845,115.85344401914394,Type_A,Non-Responder
P0403,47,44267.31876557486,2.433091789929882,176.74801845395788,Type_A,Non-Responder
P0404,0,,6.637210705643901,6.932508592064995,Type_A,Non-Responder
P0404,7,57.869080308867495,4.478174508161979,5.3529129778553655,Type_A,Non-Responder
P0404,14,67.56950148615805,6.469155942827915,,Type_A,Non-Responder
P0404,19,,,,Type_A,Non-Responder
P0404,27,,6.720773813044084,2.9034847068537255,Type_A,Non-Responder
P0405,0,,8.619319856024044,11.082889169766442,Type_B,Non-Responder
P0405,5,18.471376861073928,5.306882968889632,13.455757905969008,Type_B,Non-Responder
P0405,15,33.851732772472666,6.755575492041804,18.786975175405885,Type_B,Non-Responder
P0405,20,39.67574401247615,6.746480831921691,22.193777293918888,Type_B,Non-Responder
P0405,25,44.50010297368132,7.67394962819031,26.962509722637236,Type_B,Non-Responder
P0405,36,67.30859214451321,6.27139957376319,38.97866653555718,Type_B,Non-Responder
P0405,42,93.44589318961496,7.433239448908,47.63172875510142,Type_B,Non-Responder
P0406,0,128.10272467765463,3.435944345657514,13.57934285589612,Type_A,Non-Responder
P0406,7,83.80806965462872,5.690979443136024,11.654343226014413,Type_A,Non-Responder
P0406,15,,2.517518152056467,9.5509777715157,Type_A,Non-Responder
P0406,22,33.80080653013921,2.937190706746176,7.740070116981212,Type_A,Non-Responder
P0406,28,26.3320399592177,4.006146474663636,6.4356748177672864,Type_A,Non-Responder
P0406,33,21.056482971724044,2.28292209849227,5.4847217826421835,Type_A,Non-Responder
P0406,41,12.172532741820971,,4.230822045867864,Type_A,Non-Responder
P0407,0,109.94755722223331,,3.6637694646095285,Type_A,Non-Responder
P0407,6,80.7821328857217,1.523832700711353,3.4502417877847833,Type_A,Non-Responder
P0407,12,61.25318369792107,0.23250788404025663,3.2071473790005087,Type_A,Non-Responder
P0407,19,46.097582862270016,2.0831962910798665,3.222296391528889,Type_A,Non-Responder
P0407,27,26.72348284857214,0.0,2.529948320455085,Type_A,Non-Responder
P0408,2,16.68955503952348,8.491036699372918,6.691686625068778,Type_A,Responder
P0408,7,9.248658947176637,8.120551439358247,5.812646571196666,Type_A,Responder
P0408,14,3.3121446764946727,8.942266499328653,4.275104788303417,Type_A,Responder
P0408,19,2.9175293814088077,9.303595385922977,3.7969807342431907,Type_A,Responder
P0409,0,43.13826774907347,3.690306250455449,12.249587799008587,Type_A,Responder
P0409,6,23.663141529903275,2.1251472208822832,10.85289290362271,Type_A,Responder
P0409,13,11.697041634117246,3.928358642834528,9.789053920964395,Type_A,Responder
P0409,19,4.4723557072781395,3.6266415812211656,8.636540321716538,Type_A,Responder
P0409,28,0.44691160131281915,,7.7771151328243695,Type_A,Responder
P0409,32,0.0,2.9005437531262883,7.627738557631115,Type_A,Responder
P0410,0,39.45448095329828,4.389076833499892,13.455381694980817,Type_B,Non-Responder
P0410,7,169.48360759297807,3.310175715778129,21.45784073714223,Type_B,Non-Responder
P0410,15,898.9689539014448,2.8836882487447233,37.18185070479146,Type_B,Non-Responder
P0410,22,3649.7204884315456,3.6470221271785084,58.62378772055786,Type_B,Non-Responder
P0411,0,54.14050457231326,7.993996941042504,5.051191821063427,Type_B,Responder
P0411,8,21.88584175696622,9.652057005669786,3.1991702340585184,Type_B,Responder
P0411,14,15.602634071185294,,2.271578534618507,Type_B,Responder
P0411,21,8.234868946947635,10.026088076238443,1.6268451901216991,Type_B,Responder
P0411,27,6.624708950451354,7.718186078617267,1.2488583533442097,Type_B,Responder
P0411,35,1.4697080575801995,8.75221887528667,0.693700845644724,Type_B,Responder
P0411,42,0.0,8.980817622030768,0.5294275237793328,Type_B,Responder
P0411,49,1.027832022275943,8.067127983870217,0.2369864954343907,Type_B,Responder
P0412,0,54.48017423024585,8.711967413435364,20.898587682169094,Type_B,Non-Responder
P0412,6,70.78567087426691,9.073915681981699,25.405568850683498,Type_B,Non-Responder
P0412,13,103.80809147843964,8.543361630785848,30.627184117219745,Type_B,Non-Responder
P0412,21,144.59649138687882,7.906162946094739,38.65786333423875,Type_B,Non-Responder
P0413,0,96.80956017025578,7.835249056235782,6.71134253412099,Type_B,Non-Responder
P0413,5,122.82003096978933,7.527162961730668,7.128326270928754,Type_B,Non-Responder
P0413,15,,6.2529426664073045,8.609692558842497,Type_B,Non-Responder
P0413,19,253.86783912600035,,9.514712163428182,Type_B,Non-Responder
P0413,27,372.40349041358945,6.766632368362067,10.978985697401315,Type_B,Non-Responder
P0414,0,,8.156808134670491,11.526387857543988,Type_B,Responder
P0414,6,60.048085543344186,9.662441652631076,8.365612578984242,Type_B,Responder
P0414,12,34.726383360594625,10.319262129275717,5.705970979964619,Type_B,Responder
P0414,21,15.66165283318168,10.61393576486033,3.328699204204324,Type_B,Responder
P0414,24,,9.71625300334699,2.9703698182679594,Type_B,Responder
P0415,1,452.6265332022729,3.9430196064212337,3.9411909664800273,Type_B,Responder
P0415,5,443.86583213506793,5.615136324461114,3.690689296240566,Type_B,Responder
P0415,15,399.7174777674955,5.36745887673065,2.913635280456079,Type_B,Responder
P0415,20,376.4574671586036,5.180202152733937,,Type_B,Responder
P0415,27,,6.720437191280122,2.2176367204555247,Type_B,Responder
P0415,34,331.37319232427706,4.137305632036105,1.821854521882777,Type_B,Responder
P0416,1,16.210121113654207,,5.8157148088900446,Type_B,Non-Responder
P0416,9,39.91829996564979,9.140277323664895,4.818443010766566,Type_B,Non-Responder
P0416,16,91.2481503038684,7.992567272425413,4.370184187146643,Type_B,Non-Responder
P0416,22,171.7113501037977,,4.034303235175659,Type_B,Non-Responder
P0416,26,267.87644465135253,8.184041954383554,3.7156194896858636,Type_B,Non-Responder
P0416,34,683.1869876207892,9.310407199469484,3.3460859124181015,Type_B,Non-Responder
P0417,0,54.0064140535338,,8.414449056701448,Type_B,Non-Responder
P0417,7,79.61711433414744,,12.334934845515313,Type_B,Non-Responder
P0417,13,134.77746509803382,5.772195689874136,18.559925375158635,Type_B,Non-Responder
P0417,20,219.80776884535751,4.892079777378552,27.918713821772933,Type_B,Non-Responder
P0417,30,421.20875856871146,4.1081389382568325,52.29498153378639,Type_B,Non-Responder
P0417,36,635.545575643012,3.9625504771195095,75.3020081499671,Type_B,Non-Responder
P0417,42,948.3008281860469,4.23166777799127,107.88111167338519,Type_B,Non-Responder
P0417,49,1554.7142188949922,5.970134606241123,165.59610672033094,Type_B,Non-Responder
P0418,0,119.96270224777746,4.940975085855013,4.964550129711523,Type_B,Responder
P0418,8,51.858085772397594,5.486435313422155,3.194712356550196,Type_B,Responder
P0418,13,30.63648062219241,4.494990424556092,2.5135991213447944,Type_B,Responder
P0418,21,15.526851722968658,5.141134578471494,1.5740551037244965,Type_B,Responder
P0418,29,5.8172491596466935,5.848623667275354,0.8821357935038909,Type_B,Responder
P0418,34,,5.4175504083181565,0.6454326676134882,Type_B,Responder
P0419,0,86.21880268883962,1.397643278524624,11.178257407511028,Type_A,Non-Responder
P0419,9,115.81756375200648,0.3245647279567786,8.70036095040991,Type_A,Non-Responder
P0419,16,,0.0,,Type_A,Non-Responder
P0419,17,157.30473234344154,0.0,6.8919817294603805,Type_A,Non-Responder
P0419,28,250.06552825353384,1.5088255615407435,4.887047293325705,Type_A,Non-Responder
P0419,35,346.5769572491751,0.28829364299676763,4.006188190981267,Type_A,Non-Responder
P0419,43,529.26771510648,0.0,3.368569201138509,Type_A,Non-Responder
P0419,48,703.4012237072317,2.450795940472008,2.9502228856283716,Type_A,Non-Responder
P0420,0,82.46968951073588,7.65511028659128,7.531718089993223,Type_B,Non-Responder
P0420,7,187.16034239950687,5.528095246305799,6.057663564268858,Type_B,Non-Responder
P0420,15,412.30908953707865,6.553879221414615,4.873594909357999,Type_B,Non-Responder
P0420,20,693.622850335879,6.4523236141808,4.690617186728318,Type_B,Non-Responder
P0420,26,1241.934273597637,7.258832868957067,4.024823952657424,Type_B,Non-Responder
P0421,0,75.05423516656838,,,Type_B,Non-Responder
P0421,9,296.91197370018887,6.191145845931898,13.01120245782966,Type_B,Non-Responder
P0421,15,672.3909591921572,8.142396853474747,16.925490308944422,Type_B,Non-Responder
P0421,20,1489.6605285388305,6.016899981257623,21.098127116840775,Type_B,Non-Responder
P0422,0,139.6226554708019,4.625685153437056,11.028023360101898,Type_A,Non-Responder
P0422,6,222.2647937885284,4.1941052291515835,15.298104390322246,Type_A,Non-Responder
P0422,11,,4.774670693444778,20.62329180442664,Type_A,Non-Responder
P0422,17,492.28349613973774,2.6250685339157904,27.256545360527102,Type_A,Non-Responder
P0422,27,1066.521491121361,4.717296124966637,44.98743886629775,Type_A,Non-Responder
P0423,0,105.42066112088986,0.7008091145916626,11.249925944624415,Type_A,Responder
P0423,8,,,4.5674775777439605,Type_A,Responder
P0423,12,37.00590278595258,2.446898427474671,2.88528803083167,Type_A,Responder
P0423,19,22.655755880133967,0.7625950590369579,,Type_A,Responder
P0423,27,10.054939811906987,3.6540910914729716,0.475008732366999,Type_A,Responder
P0423,35,4.247341117029264,2.0057779820506765,0.16517145523346852,Type_A,Responder
P0424,0,27.24278963962165,5.700240069680789,14.886184477310186,Type_A,Responder
P0424,7,,6.167559010058615,14.504452608239989,Type_A,Responder
P0424,14,8.276619898695444,6.949940508908546,14.534964751319242,Type_A,Responder
P0424,21,3.317155047000439,6.949224363917377,13.783759829906131,Type_A,Responder
P0424,29,2.9046041182950306,6.845329336429992,14.146187791510066,Type_A,Responder
P0424,36,,5.486311854969002,14.281164610383804,Type_A,Responder
P0424,42,2.001569221688971,6.698936231609183,13.740757887629652,Type_A,Responder
P0425,0,113.03017456744841,5.227015159098883,5.731691317045353,Type_A,Non-Responder
P0425,6,122.84228528166861,6.831643157516146,5.929845803334315,Type_A,Non-Responder
P0425,14,145.24511480278716,5.378482529383133,6.100641940457262,Type_A,Non-Responder
P0425,22,157.11283700795087,6.426015684018691,6.34645217667763,Type_A,Non-Responder
P0425,27,,5.667538769080451,6.552879982897347,Type_A,Non-Responder
P0425,33,201.2840421989928,3.6847635399000533,6.622584134319472,Type_A,Non-Responder
P0426,0,,10.24963405534821,4.878203599425564,Type_A,Non-Responder
P0426,7,10.468472735990751,7.581040650309973,6.223703112765028,Type_A,Non-Responder
P0426,13,12.168103396771428,,7.74859795459471,Type_A,Non-Responder
P0426,21,11.190914910415762,10.263658192227664,11.18800097744337,Type_A,Non-Responder
P0426,27,3.654258481024447,9.909127024093339,13.829976783842575,Type_A,Non-Responder
P0426,33,8.683643054173848,7.803557323366537,17.32729190581625,Type_A,Non-Responder
P0427,1,28.392393794305512,0.0,7.63331509449699,Type_A,Non-Responder
P0427,5,26.22183915356513,2.3307114670638924,8.761237935640212,Type_A,Non-Responder
P0427,12,29.63195603209549,0.7380769081907463,11.201428977080393,Type_A,Non-Responder
P0427,19,30.96835556256713,0.0,,Type_A,Non-Responder
P0427,26,,0.8787971823428591,17.992119551297417,Type_A,Non-Responder
P0427,32,32.178086618945294,0.6560547554576274,22.37851020530478,Type_A,Non-Responder
P0427,42,34.17463960590314,1.3888900517795126,31.07812893762903,Type_A,Non-Responder
P0427,49,39.67143691532199,2.2976868355620557,37.9789378737229,Type_A,Non-Responder
P0428,3,6.183828896992443,0.2388592579904678,6.122476046815421,Type_A,Responder
P0428,5,5.42247364563229,1.25177306159613,5.6506651812130455,Type_A,Responder
P0428,17,2.095720902974632,1.5452524595044224,,Type_A,Responder
P0428,20,1.0389046570877516,1.4923280215038754,3.5315886004725954,Type_A,Responder
P0429,2,,7.574077706736098,6.323974521626808,Type_A,Responder
P0429,7,24.9261780165284,,4.175750636297587,Type_A,Responder
P0429,14,10.40789295326577,8.147601210614505,2.2082843014266156,Type_A,Responder
P0429,23,5.041070852802387,8.046744023034979,1.0683204814489142,Type_A,Responder
P0429,27,0.0,7.094994162814227,0.9145587511201493,Type_A,Responder
P0429,35,0.0,,0.37583474888623275,Type_A,Responder
P0430,0,58.60821636117174,6.617118659213452,8.727927991328745,Type_A,Non-Responder
P0430,6,79.26649507361265,6.280595835080648,10.230328617004764,Type_A,Non-Responder
P0430,13,117.46643175530316,5.332876751553748,12.172500905657522,Type_A,Non-Responder
P0430,22,211.23377042278383,,15.936067862139287,Type_A,Non-Responder
P0430,30,339.64472459012495,5.168285547481403,20.006457003980806,Type_A,Non-Responder
P0430,35,474.24549087647364,6.328397338343357,23.696544478294165,Type_A,Non-Responder
P0431,1,4.727866054329498,3.0671250607378746,10.531768684620992,Type_B,Responder
P0431,7,3.4105214132064154,,10.213326246375122,Type_B,Responder
P0431,14,0.0,4.127201598525917,9.820998679901354,Type_B,Responder
P0431,21,0.0,4.343781841075485,9.689683422021622,Type_B,Responder
P0431,32,0.372264286869743,2.328882030059334,8.763341590699062,Type_B,Responder
P0432,0,,4.3746383310550145,6.446414170599842,Type_B,Non-Responder
P0432,6,451.6780066087002,5.432324830991295,7.470349117479728,Type_B,Non-Responder
P0432,15,669.1597809350067,3.3681831844071684,8.695209559040185,Type_B,Non-Responder
P0432,19,761.3802611585334,4.68820143551564,9.721836537507725,Type_B,Non-Responder
P0432,28,1169.8699093635498,4.369199367996843,11.558339341831513,Type_B,Non-Responder
P0432,37,1856.1888527947328,5.445029040156953,13.952287199967774,Type_B,Non-Responder
P0433,0,11.002612716841211,7.164372736282332,3.9324401427554947,Type_B,Non-Responder
P0433,6,18.21383216382064,8.141050797407981,5.2902571648238865,Type_B,Non-Responder
P0433,15,12.391130210576243,7.068006874223657,7.381752871100091,Type_B,Non-Responder
P0433,18,11.268467041984277,6.207094368201879,8.000389530109718,Type_B,Non-Responder
P0433,29,13.645063584459686,6.747526522798101,13.071611081623615,Type_B,Non-Responder
P0433,36,,7.2103059012280815,,Type_B,Non-Responder
P0433,43,11.33887383935945,7.6905631093948195,,Type_B,Non-Responder
P0433,50,,8.415411087250675,32.31282986411361,Type_B,Non-Responder
P0434,0,,4.946214671056387,3.592056279077956,Type_A,Non-Responder
P0434,5,29.760455403623773,6.370389139622862,3.5948259596464673,Type_A,Non-Responder
P0434,12,38.04401414581491,5.013859765789521,3.716972199977575,Type_A,Non-Responder
P0434,19,50.537547528242435,7.44759913426045,3.4906882433974467,Type_A,Non-Responder
P0434,26,60.6671423631671,4.552938683966181,3.7703269384445353,Type_A,Non-Responder
P0434,35,92.53550695898994,4.848174431608252,3.607185871834986,Type_A,Non-Responder
P0434,43,130.09430831718748,5.314042344957992,3.7497009170373667,Type_A,Non-Responder
P0434,50,169.59816292180642,6.867162791767176,3.7537593146475716,Type_A,Non-Responder
P0435,0,4.940766720865131,,11.309873232622003,Type_A,Non-Responder
P0435,5,,8.96569212243182,7.760484261951054,Type_A,Non-Responder
P0435,13,15.590816867852231,,4.364147705927944,Type_A,Non-Responder
P0435,22,25.081133348463787,8.219109793834365,2.4388262382323167,Type_A,Non-Responder
P0435,26,25.994731654181003,8.676102177335965,1.8229854143612976,Type_A,Non-Responder
P0435,33,44.36225514287394,8.323485755845741,,Type_A,Non-Responder
P0435,41,72.08268207429197,,0.5324077418545038,Type_A,Non-Responder
P0435,50,135.97706467985975,8.176564288306643,0.3523478130616657,Type_A,Non-Responder
P0436,0,7.591790667125658,6.7198277194504366,4.15538573677489,Type_B,Non-Responder
P0436,7,11.365103135519641,9.650706567095847,5.837261701353795,Type_B,Non-Responder
P0436,14,17.914598667098605,8.60731667536103,8.386609043919313,Type_B,Non-Responder
P0436,20,26.055725609114027,9.142696166278084,11.024647703687554,Type_B,Non-Responder
P0436,27,26.433658922727986,8.206240777922117,15.925801288416364,Type_B,Non-Responder
P0437,1,45.224400383796706,2.0465835485897155,6.9761071754479955,Type_A,Non-Responder
P0437,8,61.71719405042354,1.9261751559110194,9.326823247316499,Type_A,Non-Responder
P0437,14,85.68405260658191,2.200174574803101,11.558298237722745,Type_A,Non-Responder
P0437,19,106.46008178390326,,14.030436865202377,Type_A,Non-Responder
P0437,26,151.12521735741123,0.0,18.14593529437953,Type_A,Non-Responder
P0437,34,222.49951626582657,0.0,24.81140584242564,Type_A,Non-Responder
P0437,43,333.6777723146598,1.1537135761263453,35.32474016461055,Type_A,Non-Responder
P0438,0,93.93581515647368,2.2124100133592837,7.384153478732738,Type_A,Non-Responder
P0438,7,128.3862769178216,1.761088458686638,7.942123884233148,Type_A,Non-Responder
P0438,15,170.70360542346228,2.486143931237187,8.42281419673437,Type_A,Non-Responder
P0438,22,,1.552898761351527,8.723009926839225,Type_A,Non-Responder
P0438,28,276.3359221454537,,9.088029129127829,Type_A,Non-Responder
P0438,34,330.1857060538534,1.330180394043159,9.357902057473964,Type_A,Non-Responder
P0438,41,465.67287936585836,2.9522391796973366,10.191503203645098,Type_A,Non-Responder
P0439,0,48.84835432316139,6.792891231836183,4.631409106680679,Type_B,Non-Responder
P0439,7,52.89520422551032,7.8473293007724445,6.240012034663872,Type_B,Non-Responder
P0439,14,61.6477880792979,6.7261934245677235,7.900403946715285,Type_B,Non-Responder
P0439,19,69.04477679231339,7.91296618251834,9.59362661731954,Type_B,Non-Responder
P0439,25,76.48450808864901,7.688108856582219,12.028605175627487,Type_B,Non-Responder
P0439,32,106.12483735543671,7.69130164198661,15.375337953192147,Type_B,Non-Responder
P0440,1,104.17203443104967,7.979918022226643,5.494885403974242,Type_B,Non-Responder
P0440,5,147.3698050682228,8.604004660159342,5.419735253131028,Type_B,Non-Responder
P0440,12,269.67935554101655,6.484572223080155,5.412768671613459,Type_B,Non-Responder
P0440,22,591.9161600193693,5.613924296123477,5.33638525604145,Type_B,Non-Responder
P0440,26,741.7972272778812,4.672835509818135,5.189828682811762,Type_B,Non-Responder
P0440,34,1400.2539986399065,6.719683541849803,,Type_B,Non-Responder
P0440,42,2627.3594562935104,5.984034715695416,5.083129670360908,Type_B,Non-Responder
P0441,0,48.969909351024064,9.507456707417466,10.145610335216972,Type_B,Non-Responder
P0441,3,,10.502296301522119,11.279446256228285,Type_B,Non-Responder
P0441,13,,8.508527120435243,17.42435972022725,Type_B,Non-Responder
P0441,21,142.05979281288154,9.348867097915393,25.3819330397012,Type_B,Non-Responder
P0441,30,234.31378975918514,9.05930865251596,38.5698129209351,Type_B,Non-Responder
P0441,37,337.1978818556862,10.368969202560288,55.69436605729529,Type_B,Non-Responder
P0441,40,399.3839677068097,11.016212840202947,64.36548534892248,Type_B,Non-Responder
P0442,0,153.63616708541923,8.441450841072799,6.936460990516753,Type_A,Non-Responder
P0442,6,216.04809355737103,7.3092928718720085,8.028697033679762,Type_A,Non-Responder
P0442,15,394.48749791201794,7.380041196168286,9.542145795271864,Type_A,Non-Responder
P0442,21,573.273677833464,8.293339848760935,11.143390394347374,Type_A,Non-Responder
P0442,27,853.5458810924852,8.384610701386055,13.179896218712393,Type_A,Non-Responder
P0442,36,1492.8491736631563,6.800938086388691,16.12127462003996,Type_A,Non-Responder
P0442,44,2794.9113325772987,8.918712394141961,19.692502215700852,Type_A,Non-Responder
P0443,0,91.95852502293914,2.518163823944212,10.185771150396652,Type_A,Non-Responder
P0443,5,153.0890483122829,,9.238063858289403,Type_A,Non-Responder
P0443,14,352.84910522804785,3.663860105533,7.5711428987307245,Type_A,Non-Responder
P0443,21,675.7136226370903,2.3302678787339426,6.578235310185627,Type_A,Non-Responder
P0443,28,1225.313258713853,,5.976820718509277,Type_A,Non-Responder
P0443,33,1776.1984099918616,4.750973021447205,5.310446076444776,Type_A,Non-Responder
P0443,43,4291.376885024455,0.0,4.376012894429004,Type_A,Non-Responder
P0443,48,6835.6284705790285,3.3829246069423102,4.01811425473327,Type_A,Non-Responder
P0444,1,546.1287457203213,6.313812354362074,3.605565999714454,Type_A,Responder
P0444,6,253.56801541011734,5.481744221046114,3.4235345802902515,Type_A,Responder
P0444,15,66.03073536638166,6.193163247318543,2.9604898109938222,Type_A,Responder
P0444,19,37.35751680337041,6.696542850304964,2.687467525372546,Type_A,Responder
P0444,29,5.273612350904648,8.598891339877596,2.5263911885572816,Type_A,Responder
P0445,1,45.67740471692828,5.012637353966911,5.051401016294507,Type_A,Non-Responder
P0445,6,76.51827142534361,,4.880429246152177,Type_A,Non-Responder
P0445,14,143.84239682956655,4.9714524203152015,4.719980432969019,Type_A,Non-Responder
P0445,23,324.9935090823619,3.5160704050966434,4.019500542621556,Type_A,Non-Responder
P0446,0,73.42112281610748,5.721126545843797,9.956668180688052,Type_A,Responder
P0446,8,18.279972565446002,8.278087794993132,8.61464372868733,Type_A,Responder
P0446,12,10.67924220442629,,7.861426557586938,Type_A,Responder
P0446,22,0.0,6.895964420017205,6.581876547939132,Type_A,Responder
P0446,25,4.149125239917407,7.477860645802862,6.725532809602605,Type_A,Responder
P0446,36,0.0,6.908924173487414,5.763814679988382,Type_A,Responder
P0446,40,2.768484501688038,6.37109501306433,5.012306459588809,Type_A,Responder
P0446,48,1.644121618528736,8.060737229902399,4.4340650266169845,Type_A,Responder
P0447,1,30.9949020302311,1.9891408836726345,5.377921752448661,Type_B,Responder
P0447,4,25.71059871314405,0.903396131536196,4.537398525969049,Type_B,Responder
P0447,14,2.6023709825411583,2.6395721588520322,2.075028593265793,Type_B,Responder
P0447,22,1.3203777410387292,3.225335984947014,1.1691515274297617,Type_B,Responder
P0447,28,4.600833471848284,2.288350482815049,0.8141464627785444,Type_B,Responder
P0448,2,96.82047311003355,3.5923879300742803,12.705936540422059,Type_A,Non-Responder
P0448,7,137.57691131782994,2.5465096592762944,14.390294781008054,Type_A,Non-Responder
P0448,14,210.17453148718914,5.599588770200624,17.260455446799323,Type_A,Non-Responder
P0448,22,325.3598034316294,3.39553452213247,19.67009864720014,Type_A,Non-Responder
P0448,26,439.54053309856494,4.446818753330439,21.173919414921368,Type_A,Non-Responder
P0449,2,71.61488995995279,6.849598668184833,7.789142030312836,Type_B,Responder
P0449,7,56.09827179748702,,4.473882053882933,Type_B,Responder
P0449,14,,8.226632137058482,2.3069799229936967,Type_B,Responder
P0449,21,,7.145959583342337,1.076203385908317,Type_B,Responder
P0449,28,18.428974337693194,7.737944039582853,0.5338023649173051,Type_B,Responder
P0450,1,,9.030534313180521,13.453621274829652,Type_B,Non-Responder
P0450,6,,6.988649714099077,14.44284854823012,Type_B,Non-Responder
P0450,11,336.8983546703688,6.0463176212770655,,Type_B,Non-Responder
P0450,19,710.8025570866371,,17.048335016556443,Type_B,Non-Responder
P0450,27,1583.6075570017904,5.3558406052084875,19.27033976974693,Type_B,Non-Responder
P0450,34,,5.362224888048568,21.74018470135972,Type_B,Non-Responder
P0450,42,7363.0718897093875,7.776520381411381,24.17347484147956,Type_B,Non-Responder
P0451,0,222.62611527133774,5.37987491803906,4.810636564932748,Type_A,Non-Responder
P0451,6,568.1837990298569,,8.344211629096797,Type_A,Non-Responder
P0451,16,2302.970364445613,5.539524287493053,22.603875794099444,Type_A,Non-Responder
P0451,19,3538.460559738317,3.957662546608081,30.890889890062574,Type_A,Non-Responder
P0452,2,31.479779047923202,,3.372745927231697,Type_A,Responder
P0452,7,17.003810044182316,3.282747520764672,2.6984937761659085,Type_A,Responder
P0452,14,5.877654645557615,1.8141781481322556,1.6957236412067629,Type_A,Responder
P0452,21,,0.48953550193122575,1.5656439422393613,Type_A,Responder
P0453,0,56.8482467390892,,7.449793547176922,Type_A,Non-Responder
P0453,5,63.3347631507617,4.775202511623141,7.430392048408943,Type_A,Non-Responder
P0453,12,62.507097250170666,4.280271750832472,7.208810249992451,Type_A,Non-Responder
P0453,21,,4.883471243792435,6.830766648347202,Type_A,Non-Responder
P0453,24,63.624278920091356,5.6612775768835135,6.520138401243125,Type_A,Non-Responder
P0453,34,,5.77392530307232,6.1624561125960655,Type_A,Non-Responder
P0454,1,,2.103435619875838,5.850748585362601,Type_B,Non-Responder
P0454,7,87.00310139287399,1.6628174462396181,5.310434266792744,Type_B,Non-Responder
P0454,12,,0.7871413031440357,4.573167603728561,Type_B,Non-Responder
P0454,21,481.28555607799996,1.9564792306399075,3.8680790010988426,Type_B,Non-Responder
P0454,28,1096.2279390164256,0.33206013971396464,3.729882810329825,Type_B,Non-Responder
P0454,34,,2.152769094054335,3.190374222911755,Type_B,Non-Responder
P0454,42,6071.90336107614,1.7846191581962554,2.7545866785861635,Type_B,Non-Responder
P0454,46,10507.585834387704,0.0,2.5225827636022307,Type_B,Non-Responder
P0455,0,108.42047338978298,6.065235067110718,7.508072750925992,Type_A,Responder
P0455,4,78.1900503047822,7.3773893820431455,6.123740936412388,Type_A,Responder
P0455,12,47.10178744013518,6.042631258580683,4.1445833051476,Type_A,Responder
P0455,22,24.885927801563454,7.070221946032459,2.304004651804099,Type_A,Responder
P0455,26,19.156782361846624,6.717929411771101,2.081415156894654,Type_A,Responder
P0455,35,12.72830754243257,7.725949566450967,1.3515633883796108,Type_A,Responder
P0455,45,8.023467751515238,7.878242393047738,,Type_A,Responder
P0456,1,13.212769680328615,8.126263446239575,9.19515822727752,Type_B,Non-Responder
P0456,8,15.513712668821537,8.56783211803492,8.407376168606667,Type_B,Non-Responder
P0456,10,12.944736227254225,9.931546249247553,8.224681318031672,Type_B,Non-Responder
P0456,23,7.150023585786949,7.49488903782319,6.659600550720664,Type_B,Non-Responder
P0456,28,5.068426172880235,6.695034547711986,5.951942536200067,Type_B,Non-Responder
P0456,33,9.63880378233701,7.335351378756652,5.463367637589251,Type_B,Non-Responder
P0456,40,7.182590152006432,6.723951857935768,4.674546748555955,Type_B,Non-Responder
P0457,2,29.8379030255918,,2.995723632795521,Type_A,Non-Responder
P0457,5,25.134275334950047,,3.0271149730719773,Type_A,Non-Responder
P0457,13,18.251134424325002,9.095194136336898,3.9520665781844344,Type_A,Non-Responder
P0457,22,11.920692387752279,7.916662372530709,,Type_A,Non-Responder
P0458,0,118.31808035279683,9.727410000327682,7.655902376700927,Type_A,Responder
P0458,6,48.65331393461471,,5.865459391373824,Type_A,Responder
P0458,15,12.745830615502475,9.49139134959515,4.3408896786484075,Type_A,Responder
P0458,18,8.77409252860825,10.400917244548365,3.6083645424401123,Type_A,Responder
P0459,0,161.62704092915592,6.070229175268963,7.8262122611441045,Type_B,Responder
P0459,4,126.6540360229758,8.753230057467821,5.762544764706373,Type_B,Responder
P0459,14,76.08744303180474,7.659711544294619,2.9354179841563095,Type_B,Responder
P0459,22,42.8691951621339,,1.6538737013388527,Type_B,Responder
P0459,28,33.94903401852736,6.664239018755427,0.9591704779542622,Type_B,Responder
P0460,0,207.69162525840514,7.188421423477316,9.862208032928963,Type_A,Non-Responder
P0460,7,,5.653544216733714,11.76728805753094,Type_A,Non-Responder
P0460,11,482.0073401352826,7.365240926526985,13.472356039246792,Type_A,Non-Responder
P0460,25,1324.2480216356291,6.714118204888771,18.593093656201443,Type_A,Non-Responder
P0461,0,21.38533594802631,6.05849661137353,,Type_A,Responder
P0461,5,15.327105743553323,4.24122448919187,2.511744307120836,Type_A,Responder
P0461,13,9.756646219912707,,,Type_A,Responder
P0461,21,9.40539105203904,2.6811959490402746,,Type_A,Responder
P0462,0,21.327904678821163,7.077618593151588,15.215623288070438,Type_B,Responder
P0462,6,11.055562620536675,5.110853144285114,9.397920755205039,Type_B,Responder
P0462,11,4.7689934868361705,5.654625107553387,6.470858523423568,Type_B,Responder
P0462,19,0.2206454344693971,7.133229851364294,3.388606932534369,Type_B,Responder
P0462,26,,5.019099886262893,2.03074043140072,Type_B,Responder
P0462,37,0.4609556331364194,7.254156773088343,0.9339871100435644,Type_B,Responder
P0463,2,103.37198276550917,2.0142758093006354,4.80873924559417,Type_B,Responder
P0463,6,84.8065908766487,2.968359527304726,3.565035585204546,Type_B,Responder
P0463,10,59.17437676105308,,3.0860980001675786,Type_B,Responder
P0463,21,22.94144406455993,4.068486839383452,1.4337361488372866,Type_B,Responder
P0463,28,14.94534794076779,3.1728384396275104,0.9121982393317469,Type_B,Responder
P0463,33,,4.16647936229855,0.7970178089184812,Type_B,Responder
P0464,0,51.103573091157685,7.50384320612704,5.303939298206514,Type_A,Non-Responder
P0464,6,74.85133227393837,7.079223106874704,5.6785264232860975,Type_A,Non-Responder
P0464,13,129.56297611471823,7.4190051059659865,,Type_A,Non-Responder
P0464,19,,5.608203453174061,6.199649295588547,Type_A,Non-Responder
P0464,27,407.8592909313426,6.662872624253597,6.960962397427251,Type_A,Non-Responder
P0464,34,667.9570676128716,6.7976199711477765,7.182796614300703,Type_A,Non-Responder
P0464,41,1265.8328868915298,7.723061665742813,7.534603186621009,Type_A,Non-Responder
P0465,0,110.15104515304557,2.549718222531964,5.294118324394776,Type_A,Non-Responder
P0465,4,117.10888863563835,2.3774407198456364,5.357160987065693,Type_A,Non-Responder
P0465,10,134.4067871183203,5.142845708358383,5.47879164527265,Type_A,Non-Responder
P0465,22,164.99795586283005,2.3751487399551072,5.622741203188342,Type_A,Non-Responder
P0465,28,178.42488746563515,3.496567378640409,5.613058827269926,Type_A,Non-Responder
P0465,31,200.7605530942572,2.1335462283195805,5.864493079628156,Type_A,Non-Responder
P0465,41,232.44748818431353,3.5315267859649584,5.859789197645303,Type_A,Non-Responder
P0465,46,277.833777923882,1.6654273001664481,5.619360528581972,Type_A,Non-Responder
P0466,0,179.62484746211888,,2.8648475787462413,Type_B,Responder
P0466,6,84.35659888156623,10.96537645530947,1.504796612376396,Type_B,Responder
P0466,13,34.574594236924256,10.148897549335649,0.7267400705972081,Type_B,Responder
P0466,21,12.555677843742947,9.263920885182404,0.25243297811659227,Type_B,Responder
P0466,29,4.230274625804858,8.092538265894296,0.21659427305863088,Type_B,Responder
P0466,33,3.8554834614716924,9.514668852971905,0.1,Type_B,Responder
P0466,43,4.481718933396379,10.009470776005898,0.1,Type_B,Responder
P0466,50,0.9830263005586304,9.624057901309161,0.1,Type_B,Responder
P0467,2,151.4976818197529,1.9045964979569496,5.885912112929943,Type_A,Non-Responder
P0467,7,349.5950614583019,0.6942096168663743,7.536819491167896,Type_A,Non-Responder
P0467,12,814.0012770703528,0.9637766911936112,,Type_A,Non-Responder
P0467,18,2177.89621485348,0.17190275650919218,12.476683884671196,Type_A,Non-Responder
P0468,0,29.05511066218347,6.9095014174002385,7.9149353438396455,Type_B,Responder
P0468,6,18.05097225841428,5.658172855817862,4.580102333915832,Type_B,Responder
P0468,16,7.441879647564004,8.611583872353204,1.9360908776996333,Type_B,Responder
P0468,21,6.946953962031126,8.231931728151269,1.0593295767763315,Type_B,Responder
P0468,28,1.884622702593672,6.627848312441764,0.635544818434831,Type_B,Responder
P0468,34,2.866137799837385,7.336820754361755,0.4349533979014339,Type_B,Responder
P0468,42,0.3834955055653374,7.048419093440121,0.23551927932611919,Type_B,Responder
P0469,0,176.5399876947733,5.398612430420343,4.026400075253533,Type_B,Responder
P0469,8,40.3073280169129,6.232968573300486,3.0868833879712194,Type_B,Responder
P0469,11,25.458618734625627,5.053108084276147,2.8698333461734684,Type_B,Responder
P0469,18,8.884151627498953,6.8089720661662465,2.2837622533442,Type_B,Responder
P0469,25,,,1.8772523834240342,Type_B,Responder
P0469,34,3.718898155078484,6.478127581527098,1.608304062570825,Type_B,Responder
P0469,42,1.025251342691559,7.596304283304233,1.1108800414690554,Type_B,Responder
P0470,0,21.84140424347225,8.525103973787049,5.255724483116561,Type_B,Non-Responder
P0470,5,41.2997736667987,9.033019939934585,5.8953867184400774,Type_B,Non-Responder
P0470,14,,9.239896643378959,6.918204326869671,Type_B,Non-Responder
P0470,19,183.62169481025182,,7.315579197442217,Type_B,Non-Responder
P0471,1,23.000792238036574,9.554172872977425,15.00596988123836,Type_A,Responder
P0471,6,8.824351142429109,,13.660768271260926,Type_A,Responder
P0471,15,0.9780472671539702,8.42734751075594,11.371891647214166,Type_A,Responder
P0471,21,0.23817793606964177,,10.033064207837642,Type_A,Responder
P0471,26,0.45218309137788876,9.19479161182676,9.098598158586345,Type_A,Responder
P0472,0,128.1092537794412,5.368204468047116,7.792235624677856,Type_B,Non-Responder
P0472,8,248.82397223542043,5.397603336352133,7.9181381596212175,Type_B,Non-Responder
P0472,13,359.5066831823584,4.788294092313828,7.651034692472491,Type_B,Non-Responder
P0472,22,666.4139548908644,3.464592740150799,7.785428934404903,Type_B,Non-Responder
P0472,29,1140.2449083275471,2.2951914051995455,7.7918109591578535,Type_B,Non-Responder
P0472,35,1809.1459384065713,,7.853375336667688,Type_B,Non-Responder
P0472,43,3096.6055057565195,5.7867252789639805,7.908734201133343,Type_B,Non-Responder
P0473,0,19.214196178206294,4.424698397096495,6.266776424742389,Type_B,Non-Responder
P0473,9,60.72424372782041,5.0753455865526025,6.991847801428179,Type_B,Non-Responder
P0473,17,169.46598240756214,4.447420679507698,7.562659648665119,Type_B,Non-Responder
P0473,20,245.88222205486866,6.303697492855245,7.595726145125895,Type_B,Non-Responder
P0473,26,591.1390826475705,4.67976000084875,8.352833351580454,Type_B,Non-Responder
P0474,0,117.4543109769809,10.492095327951542,7.211181438380149,Type_B,Non-Responder
P0474,6,176.89172652106683,,8.47257622112131,Type_B,Non-Responder
P0474,12,284.74595601451585,11.354057224063704,9.993857658346146,Type_B,Non-Responder
P0474,20,475.72361829431895,11.53541028880895,12.32097161403086,Type_B,Non-Responder
P0474,27,725.85848613158,9.969509690268447,14.148169665142394,Type_B,Non-Responder
P0474,33,1151.3018336609484,9.553058582079295,16.67230559074598,Type_B,Non-Responder
P0475,0,27.457513754252794,3.088857130923869,16.832779404892005,Type_B,Responder
P0475,7,,1.8480338501395979,11.275379523109471,Type_B,Responder
P0475,14,4.163835781707382,3.3491013602007063,7.271588528130505,Type_B,Responder
P0475,24,0.2793048336844793,2.0489023564154834,4.472468795096608,Type_B,Responder
P0475,26,5.189708656372344,,3.77511139465411,Type_B,Responder
P0475,33,0.0,1.3864907526911177,2.446469917815987,Type_B,Responder
P0476,0,69.98633340876071,5.4128568092724345,10.785334561863129,Type_A,Non-Responder
P0476,6,,5.591040461471831,7.956405868656784,Type_A,Non-Responder
P0476,15,54.6992139859675,,5.000500459477209,Type_A,Non-Responder
P0476,19,,4.132849100598845,4.079634500942032,Type_A,Non-Responder
P0476,25,36.56045386254662,,2.9777777188746315,Type_A,Non-Responder
P0476,36,27.035834984768314,,1.5068528806466217,Type_A,Non-Responder
P0476,41,,6.014772047068719,1.4156830575937511,Type_A,Non-Responder
P0477,0,312.3308607547066,9.212454374756394,7.420012665684006,Type_A,Responder
P0477,7,104.66214671734065,8.831419561348063,5.536457219877628,Type_A,Responder
P0477,14,35.88340808230616,8.508981376614889,4.118125896895282,Type_A,Responder
P0477,19,,8.31783236327506,3.467697217554083,Type_A,Responder
P0477,27,10.407593281590037,8.978753664838736,2.582792823265604,Type_A,Responder
P0477,35,1.0730644670176825,9.13632652449045,2.1173909503040336,Type_A,Responder
P0478,0,82.84742317792212,9.77308452324512,7.813498873154291,Type_B,Responder
P0478,8,43.081221442056744,9.621981238650365,4.035771303092235,Type_B,Responder
P0478,12,27.04843571280195,11.025632384081202,3.1713342840995935,Type_B,Responder
P0478,19,14.73025461443898,,1.6196374298791618,Type_B,Responder
P0478,28,3.985659968119439,,0.6972544956018982,Type_B,Responder
P0479,0,124.42020587324393,1.197050183546798,12.509929978731385,Type_B,Non-Responder
P0479,6,132.16285509482398,0.8907437276749703,,Type_B,Non-Responder
P0479,14,160.0233982862017,1.3118214089086095,13.572421813754243,Type_B,Non-Responder
P0479,21,185.7643915730294,0.0,13.586257405267503,Type_B,Non-Responder
P0479,28,233.0655515736938,0.8491076488989671,13.586558844386538,Type_B,Non-Responder
P0479,35,258.8906710059201,1.2125234756089334,13.767676872392599,Type_B,Non-Responder
P0479,42,283.22642191319136,2.6348821596202647,14.29907627398937,Type_B,Non-Responder
P0480,0,8.952152695748218,7.683510779241136,6.331561084042425,Type_A,Non-Responder
P0480,7,,6.839178540098771,7.0742143846196965,Type_A,Non-Responder
P0480,13,6.326405104497697,6.713027812455656,7.720824642010553,Type_A,Non-Responder
P0480,20,0.4552827307041527,5.990203628611539,8.365235551260865,Type_A,Non-Responder
P0480,28,,,9.649130480559176,Type_A,Non-Responder
P0480,35,,5.952009934675032,10.510705993325313,Type_A,Non-Responder
P0480,43,1.9778740987916716,6.312861471239689,,Type_A,Non-Responder
P0480,51,0.8943380228210489,6.403461299863071,12.924339397826834,Type_A,Non-Responder
P0481,0,11.078190965409926,6.847140268208683,6.552237604952644,Type_B,Non-Responder
P0481,7,14.094284704044595,5.363049271944624,9.627515871296032,Type_B,Non-Responder
P0481,11,14.297266087958825,6.22576381474604,12.131868723000293,Type_B,Non-Responder
P0481,21,20.151447992445064,,21.027177354622445,Type_B,Non-Responder
P0481,26,20.213900823657443,6.310852469298791,28.55107694254823,Type_B,Non-Responder
P0481,34,26.27569271601614,6.8913058845251465,45.05487655714046,Type_B,Non-Responder
P0481,43,36.92110272819893,7.030666932816241,73.74897376216695,Type_B,Non-Responder
P0481,48,,,97.78316584180627,Type_B,Non-Responder
P0482,1,32.22485519239183,6.22305368560218,11.15030111793677,Type_A,Responder
P0482,7,27.68803515353218,8.834372752257492,7.649429869799867,Type_A,Responder
P0482,14,25.309633954879526,6.873475879727236,4.628672658451498,Type_A,Responder
P0482,22,19.874178218457757,6.434464727894868,2.531806636195596,Type_A,Responder
P0483,0,,5.60236782361403,10.495020588938425,Type_B,Responder
P0483,6,207.75588121522273,5.808389401118542,7.600192823269103,Type_B,Responder
P0483,13,99.69684882328423,7.342145882194379,5.372744928868492,Type_B,Responder
P0483,22,41.29981979681898,6.781764199015566,3.2845906649048016,Type_B,Responder
P0483,27,23.348314778837644,5.566938858117229,2.559546526216191,Type_B,Responder
P0483,35,10.548772863490228,6.562726955601754,,Type_B,Responder
P0484,1,31.768524301171258,10.721038388085326,9.12918648441401,Type_B,Responder
P0484,9,18.759023998868344,8.007644918344656,7.639220299284922,Type_B,Responder
P0484,13,15.927495670026635,8.614718268354954,6.891104906239678,Type_B,Responder
P0484,22,12.967309135820624,9.42766815251325,5.822469270947268,Type_B,Responder
P0484,26,3.633767283956325,9.166915263285112,5.49901561483414,Type_B,Responder
P0484,32,2.227508275222585,9.151813588827489,4.943275815134628,Type_B,Responder
P0484,41,1.1415577148806375,11.463971333740304,4.102384279287843,Type_B,Responder
P0484,52,0.0,10.633839936390595,3.212591643112632,Type_B,Responder
P0485,0,,4.611514657160556,4.863621220508397,Type_A,Non-Responder
P0485,7,93.13278685754753,4.8612546332442,4.847438136752336,Type_A,Non-Responder
P0485,14,105.29802315091692,4.731995820501114,4.739701689302189,Type_A,Non-Responder
P0485,22,,6.562600311586481,4.637233782438971,Type_A,Non-Responder
P0485,28,159.31054688874138,2.088436866924499,4.378261736158489,Type_A,Non-Responder
P0485,34,169.99977806075006,5.573819066324257,4.334183872948494,Type_A,Non-Responder
P0485,42,222.76738303944592,4.846103548091554,4.466136333116418,Type_A,Non-Responder
P0486,0,54.8530033509336,1.2590293182557883,7.51106392190687,Type_A,Responder
P0486,6,15.607478415166439,1.6439212914489543,8.332275061349705,Type_A,Responder
P0486,12,,2.8303510290483196,9.103459901501587,Type_A,Responder
P0486,22,1.2357325428386878,1.1976506428081783,10.690005107235061,Type_A,Responder
P0486,26,1.4723395839018576,2.469976167003559,11.76352224689786,Type_A,Responder
P0487,0,1097.6530875371166,4.857540316444332,19.976482218219648,Type_A,Non-Responder
P0487,4,1443.0913293695269,3.770381576261611,,Type_A,Non-Responder
P0487,13,3214.7714020860844,6.090931660151088,19.264171875904896,Type_A,Non-Responder
P0487,19,5740.462663595746,5.781404946784967,19.025531976754273,Type_A,Non-Responder
P0487,29,14848.390616360612,5.610256465606575,19.090605936422882,Type_A,Non-Responder
P0487,35,23638.06497152504,6.089971379999525,19.718361194469484,Type_A,Non-Responder
P0487,43,47078.496737326175,7.172747983076483,19.712101626838738,Type_A,Non-Responder
P0488,0,45.42001333559722,6.46502991852095,9.751033022087046,Type_A,Responder
P0488,7,20.35418473905257,6.0450598746012805,6.612336530504473,Type_A,Responder
P0488,13,12.862665567502027,6.09135391637083,5.221524496376283,Type_A,Responder
P0488,17,4.594417192075294,5.381910792738783,,Type_A,Responder
P0489,1,13.68364115204285,,11.333299204904126,Type_B,Non-Responder
P0489,8,20.890425020812536,1.5975523580342679,10.495306289922627,Type_B,Non-Responder
P0489,15,29.432442573819934,4.244967189355253,,Type_B,Non-Responder
P0489,20,,3.1719899830367946,9.594562647756797,Type_B,Non-Responder
P0489,29,37.52132092007337,3.4826101226464248,8.877321661432905,Type_B,Non-Responder
P0490,1,47.14574825851034,4.055646170417817,5.103668682949844,Type_B,Non-Responder
P0490,6,74.18344696625199,1.3376909897276392,7.223514314935154,Type_B,Non-Responder
P0490,13,94.71584181397047,1.8822105546615566,11.983620873285393,Type_B,Non-Responder
P0490,18,108.25074282976075,2.113991911471824,16.70081607608798,Type_B,Non-Responder
P0490,28,175.88783323414282,2.471396478802532,35.76223271481592,Type_B,Non-Responder
P0490,36,254.47979466176278,2.0751049667615615,63.652422262629614,Type_B,Non-Responder
P0490,40,278.7077941864981,2.585172335384402,86.72754072154449,Type_B,Non-Responder
P0491,0,30.35533589686732,8.062719954157659,4.97388778793818,Type_B,Non-Responder
P0491,7,60.058099221689375,6.983099809000297,6.439535359544224,Type_B,Non-Responder
P0491,16,149.0046137900471,6.174197338052629,9.4658952621833,Type_B,Non-Responder
P0491,20,252.51838272073215,7.13069835556039,10.99675499998757,Type_B,Non-Responder
P0491,28,560.7991849644245,7.373089663222386,15.248603686934896,Type_B,Non-Responder
P0492,2,45.46315950656821,4.011322144762716,15.436293223211582,Type_B,Non-Responder
P0492,8,38.33937721052706,3.6331914727509185,14.167371062617336,Type_B,Non-Responder
P0492,11,35.14060533764756,4.800366063803593,13.419644405165274,Type_B,Non-Responder
P0492,18,,5.139348999160868,12.863551528588882,Type_B,Non-Responder
P0492,28,20.92656542175038,3.626839187808253,11.653710161213544,Type_B,Non-Responder
P0492,34,17.03725497211965,3.5815792337542027,10.466583039986782,Type_B,Non-Responder
P0492,41,13.527349567447438,3.5265970067685566,10.459273902361524,Type_B,Non-Responder
P0492,46,14.096133054519962,5.579125908070906,10.313938323309683,Type_B,Non-Responder
P0493,0,,9.315301875439012,7.529793634423692,Type_B,Responder
P0493,6,1.7248429163968284,8.32671095271054,5.622624426788013,Type_B,Responder
P0493,13,3.6077381796896697,9.592086528716862,3.956798571310476,Type_B,Responder
P0493,23,2.393889080417565,6.064332072275702,2.302524731386002,Type_B,Responder
P0494,0,6.3527972355639974,1.6435131451548897,9.143632448139602,Type_B,Non-Responder
P0494,5,9.61610909048996,0.052225392320580544,9.71631335961789,Type_B,Non-Responder
P0494,12,15.595605992948197,1.6835321167322026,10.77198933393295,Type_B,Non-Responder
P0494,18,39.11541804495294,0.9661871667487557,11.754564780315487,Type_B,Non-Responder
P0494,25,85.05866139986523,0.0,12.560902137969558,Type_B,Non-Responder
P0495,0,127.1062576724421,0.524327596447451,10.186137632208144,Type_A,Responder
P0495,5,57.93276639443656,2.8129956524390862,9.269644902261543,Type_A,Responder
P0495,14,12.530612299451159,1.7453758619644064,8.2091744276326,Type_A,Responder
P0495,20,6.628285846180917,2.171003659328738,7.503583872329991,Type_A,Responder
P0495,28,0.0,0.8788595443792527,6.528250980257249,Type_A,Responder
P0495,33,0.020991703297978337,,6.3009584773135705,Type_A,Responder
P0495,42,1.8621059222106204,4.106374661146882,5.421405607876005,Type_A,Responder
P0495,50,0.0,2.7016048561551926,4.66362688826164,Type_A,Responder
P0496,1,24.101755791778263,2.241079489453664,8.555507565747387,Type_B,Non-Responder
P0496,5,24.06828441017356,2.8595727493106833,,Type_B,Non-Responder
P0496,15,31.679043251833285,,19.893235216207746,Type_B,Non-Responder
P0496,21,35.78626288697764,1.2896521570139556,28.148223631816496,Type_B,Non-Responder
P0497,0,49.55787775758405,7.443885717784927,9.730451809191942,Type_A,Non-Responder
P0497,6,74.98768106273435,7.89528014759863,8.561119706974356,Type_A,Non-Responder
P0497,13,123.25977934164818,7.378549211054551,,Type_A,Non-Responder
P0497,19,198.21620803023953,6.911880845616807,6.895114889841518,Type_A,Non-Responder
P0497,28,379.57073647105665,6.532776680013188,5.903332922121086,Type_A,Non-Responder
P0498,0,18.275490337348344,3.520513302276201,8.330095021870802,Type_A,Responder
P0498,8,6.848949206924577,0.7665340203818782,4.415067293214989,Type_A,Responder
P0498,13,3.4372384709821566,0.47309500652029923,3.113245985790672,Type_A,Responder
P0498,20,1.2442202216806513,1.6449924493973733,1.8024973661505073,Type_A,Responder
P0498,31,0.12242190176617607,3.079002977423257,1.0147235589277184,Type_A,Responder
P0498,36,0.0,2.249439474471727,0.6836923414388982,Type_A,Responder
P0498,42,0.0,0.6533206081922549,0.44276993454709057,Type_A,Responder
P0499,0,86.92282798126487,10.704677000295096,6.231367852765589,Type_B,Non-Responder
P0499,7,168.02692954665747,8.710206497599595,6.431685457207664,Type_B,Non-Responder
P0499,13,300.90149479000695,9.603658302321069,6.03386392023196,Type_B,Non-Responder
P0499,23,772.3321192342556,10.605077654894952,5.932255091223589,Type_B,Non-Responder
P0499,30,1465.483145742623,9.696131649543126,6.298586242593694,Type_B,Non-Responder
P0499,35,2375.8517506992166,11.477877485425408,5.940315735948148,Type_B,Non-Responder
P0499,39,,9.395497919339682,6.120621252419374,Type_B,Non-Responder
P0499,49,9195.804747752985,8.79316398231797,5.974369147234568,Type_B,Non-Responder
P0500,0,5.81235187346286,5.385188402657291,19.316087721062708,Type_B,Non-Responder
P0500,5,7.042025601993137,5.814711419848354,19.140907242015842,Type_B,Non-Responder
P0500,15,11.327027201432841,4.69755169271416,,Type_B,Non-Responder
P0500,22,13.650117445999173,5.826195147010322,19.305417002541894,Type_B,Non-Responder
P0500,25,12.381683665311577,5.757809252584967,,Type_B,Non-Responder
P0501,0,38.70404881197864,4.498949034561351,3.8920118466699094,Type_B,Non-Responder
P0501,7,48.1497188728471,2.406018860592806,4.04941929822888,Type_B,Non-Responder
P0501,13,64.20004972656483,4.760058994168789,4.117902179492295,Type_B,Non-Responder
P0501,18,81.62132825931883,4.048331501437409,3.8882684459136723,Type_B,Non-Responder
P0501,29,132.6346728239677,3.5569715447474994,4.10749773515509,Type_B,Non-Responder
P0501,34,174.76531971114414,3.7738646086376426,4.094451550164837,Type_B,Non-Responder
P0501,43,282.8046673246165,6.083220045337102,4.228466331820921,Type_B,Non-Responder
P0501,50,395.32269338790417,4.781708969611569,4.150863789856877,Type_B,Non-Responder
P0502,0,103.95841650356421,2.3461667077271264,5.335164159751046,Type_A,Non-Responder
P0502,6,153.3105754338383,1.8648110924623233,6.432120969072709,Type_A,Non-Responder
P0502,15,290.49082199879297,0.9641743861627552,7.924131637213963,Type_A,Non-Responder
P0502,20,389.1253245252649,1.413771872790099,8.714825313934437,Type_A,Non-Responder
P0502,27,582.3216310533478,1.091640925648712,10.164360139092418,Type_A,Non-Responder
P0503,0,155.43902464852297,0.19417522516801267,,Type_A,Non-Responder
P0503,5,196.4219799943516,1.0496873527943507,6.110484429881489,Type_A,Non-Responder
P0503,16,318.30833585928264,1.3145705352400443,6.840474406352737,Type_A,Non-Responder
P0503,23,405.8782177699381,2.449449343996439,6.710901027370606,Type_A,Non-Responder
P0503,27,505.40051462842575,2.784760873128267,6.940791716177809,Type_A,Non-Responder
P0503,36,759.899248298099,0.0,7.049257986922046,Type_A,Non-Responder
P0503,41,981.8246482454781,1.4870753762487339,7.5583290482284085,Type_A,Non-Responder
P0504,0,15.5284958000516,6.806783364475717,5.777290940012256,Type_A,Responder
P0504,5,,8.770485247125766,4.436736698133137,Type_A,Responder
P0504,12,4.339612915550322,9.998626792201708,2.7133504399484965,Type_A,Responder
P0504,22,2.2851398805171548,10.447114868743606,1.3801233334972236,Type_A,Responder
P0504,26,2.7602283485538273,7.838380157815658,0.9385587795768539,Type_A,Responder
P0504,32,1.4839236681561232,7.071466481300741,0.804990927610176,Type_A,Responder
P0505,1,31.32000123473602,6.301515989495297,7.937191775533074,Type_A,Non-Responder
P0505,6,26.13539403991866,7.195719199198665,8.526248609516575,Type_A,Non-Responder
P0505,11,22.411119966907282,7.25529240368099,,Type_A,Non-Responder
P0505,20,19.939279516850018,8.95373998866174,9.126270377477681,Type_A,Non-Responder
P0506,0,55.89884222897787,5.857981068828757,16.220996713480705,Type_A,Responder
P0506,7,18.3846389056933,5.095648046340451,10.690263582518186,Type_A,Responder
P0506,14,8.592867714153437,5.604491788740271,6.963956190494264,Type_A,Responder
P0506,18,5.813555380941168,5.24963700830534,5.479657158842751,Type_A,Responder
P0506,25,0.0,5.640902835878505,3.8033940206321044,Type_A,Responder
P0506,33,,5.921620997074891,2.4089588615037494,Type_A,Responder
P0506,40,0.0,6.122560503484282,1.9619635720744875,Type_A,Responder
P0506,48,0.9936064552397764,,1.1137078492465422,Type_A,Responder
P0507,0,373.74297130642117,2.988612019564667,7.812055007165147,Type_A,Non-Responder
P0507,7,349.63348675822687,3.5262167646463283,10.148246881956501,Type_A,Non-Responder
P0507,11,321.5555061793522,3.904980542926811,12.410386627803197,Type_A,Non-Responder
P0507,23,280.13933644328694,5.395993720731464,20.42598723738405,Type_A,Non-Responder
P0507,26,264.813283240965,2.6584446173655634,23.84141813564805,Type_A,Non-Responder
P0507,34,233.7222142594947,3.5556830691244175,32.64757364841592,Type_A,Non-Responder
P0507,43,210.25768447195577,2.842251693514015,47.56730648264726,Type_A,Non-Responder
P0507,46,189.5058483615308,,55.58072955636929,Type_A,Non-Responder
P0508,0,,9.661653834014334,10.064309570255217,Type_B,Non-Responder
P0508,6,95.33132874108635,8.88184898832423,12.186419373698111,Type_B,Non-Responder
P0508,14,90.94972494367991,,15.302306512354681,Type_B,Non-Responder
P0508,20,101.10020573677191,10.640809278701978,18.857741203462215,Type_B,Non-Responder
P0508,28,98.6423401194891,9.734373135895519,23.956101773922438,Type_B,Non-Responder
P0509,2,14.972043624251016,,4.588439713073232,Type_A,Responder
P0509,6,10.930689653958693,4.421847236446244,,Type_A,Responder
P0509,12,0.7659888635856653,4.478823745981824,2.8108403499898045,Type_A,Responder
P0509,20,1.533104750946939,5.372914514739984,1.9286460633115272,Type_A,Responder
P0509,24,0.49512573909396873,4.295652721096092,1.6584302977247374,Type_A,Responder
P0510,0,36.62259224784529,,8.852834800376964,Type_B,Non-Responder
P0510,4,42.09764930014411,3.0228000021658503,9.25171383038748,Type_B,Non-Responder
P0510,14,60.06857878428131,3.2844388267685627,10.98344875007667,Type_B,Non-Responder
P0510,21,69.48929706464705,2.5117267640452945,12.371906916738881,Type_B,Non-Responder
P0510,28,84.86176375362359,1.3846967727595219,14.498583278360167,Type_B,Non-Responder
P0511,0,99.68037453848419,8.282732921428446,7.497113603815615,Type_B,Responder
P0511,4,56.52054892628241,7.752271315719245,,Type_B,Responder
P0511,12,23.467541995114626,8.350863957456784,1.9937506070926938,Type_B,Responder
P0511,21,7.946217233985576,7.014293306726342,0.844962247353526,Type_B,Responder
P0511,29,5.926358619806895,8.643150519073313,0.40121124911393163,Type_B,Responder
P0511,38,1.9994410394866202,7.697330965007781,0.1444282429181353,Type_B,Responder
P0511,42,3.361970594087216,7.074701860564601,0.15254154983079538,Type_B,Responder
P0511,48,0.0,6.977068427159312,0.1,Type_B,Responder
P0512,0,217.75615122269056,5.6738866948151445,13.468548417440426,Type_B,Responder
P0512,5,179.65113097089142,4.100738469157338,7.864928790489964,Type_B,Responder
P0512,13,119.81894535248875,6.530734139921301,,Type_B,Responder
P0512,20,78.66107751242797,,1.245345910507929,Type_B,Responder
P0512,28,52.91416665603986,6.426088911788444,0.6637942975411504,Type_B,Responder
P0513,0,,,16.27844483609952,Type_A,Non-Responder
P0513,8,,5.5006118828583626,18.509132283155818,Type_A,Non-Responder
P0513,14,203.57465462181344,8.134621559865105,20.803806250327046,Type_A,Non-Responder
P0513,21,309.3869177141921,7.531339336908443,,Type_A,Non-Responder
P0513,27,459.5363394065978,8.579445735020027,26.41597409084516,Type_A,Non-Responder
P0513,34,,8.44369274309216,31.340226642191627,Type_A,Non-Responder
P0514,0,58.21038686313516,2.272792774333211,15.850110871942427,Type_B,Non-Responder
P0514,6,123.62780447944708,3.5622548105506135,28.665767285049085,Type_B,Non-Responder
P0514,15,,3.4884975557838813,67.23153014442357,Type_B,Non-Responder
P0514,21,722.4380418569119,3.3145784416456836,115.96265153953654,Type_B,Non-Responder
P0514,26,1345.8161996656772,,177.2817785135417,Type_B,Non-Responder
P0514,34,3261.6056169731705,1.6185736929532522,363.2442408016927,Type_B,Non-Responder
P0514,43,8641.379618195177,2.6955735918405876,846.1530090868343,Type_B,Non-Responder
P0515,0,200.30669436133675,11.059659117838004,11.648745075569233,Type_B,Non-Responder
P0515,7,197.54175488338564,7.593584278384692,13.403472146187317,Type_B,Non-Responder
P0515,13,,7.1140127262937956,15.814879488304674,Type_B,Non-Responder
P0515,21,185.90164125734645,9.366198596105011,,Type_B,Non-Responder
P0515,25,173.1652440290154,8.588779835240771,19.78861593221562,Type_B,Non-Responder
P0515,34,157.84157224193086,9.942919070625987,23.65791779400427,Type_B,Non-Responder
P0515,41,142.39993665126252,8.96191842024971,27.954603064899842,Type_B,Non-Responder
P0515,48,121.31990826104621,7.781878983478829,33.204292443478415,Type_B,Non-Responder
P0516,0,139.84928439989753,11.182610648822898,9.940561894986054,Type_B,Responder
P0516,6,81.18220532534471,10.577401969320736,6.0487917780675255,Type_B,Responder
P0516,12,51.65574143187879,11.869041237001394,3.731226882591218,Type_B,Responder
P0516,22,20.74731867037534,8.085292797984266,1.5896301710167164,Type_B,Responder
P0516,26,14.507586067315632,10.494848927872212,1.161676461390025,Type_B,Responder
P0516,35,3.1895512142821905,10.538039616668605,0.4555195513028535,Type_B,Responder
P0516,41,4.4781340265277185,11.441223794510792,0.33192198816190105,Type_B,Responder
P0517,0,154.41390584167337,,6.059506763892877,Type_A,Responder
P0517,6,73.27715872003466,5.425412533549076,3.5627285887691187,Type_A,Responder
P0517,12,33.16814010424881,4.1785356284454584,,Type_A,Responder
P0517,21,,5.139591963543836,0.9718308334078274,Type_A,Responder
P0517,25,5.321697012149857,3.9550124086168483,0.8748704035015402,Type_A,Responder
P0517,37,1.6332245688311062,4.059183095704496,0.1,Type_A,Responder
P0517,42,0.0,5.062340001515004,0.1,Type_A,Responder
P0517,48,1.1176805934985508,4.111604778307584,0.1,Type_A,Responder
P0518,1,70.61130867166051,,13.837679891989495,Type_A,Non-Responder
P0518,7,73.63203333297066,4.521574196886216,13.597804490958186,Type_A,Non-Responder
P0518,14,63.83180381913501,5.4387041567079875,13.444130146788723,Type_A,Non-Responder
P0518,20,67.82209449846226,4.565026290818956,13.005741930516066,Type_A,Non-Responder
P0518,26,66.32638971458643,,12.640798308709908,Type_A,Non-Responder
P0518,34,71.07041422092821,5.086507649188115,11.999790319462821,Type_A,Non-Responder
P0518,44,74.27411198921007,6.770064720442595,11.341650020623705,Type_A,Non-Responder
P0518,48,75.3751401202151,3.8452934989573295,11.155810036521551,Type_A,Non-Responder
P0519,0,82.13976096405776,7.922444418905767,8.684542491503773,Type_A,Non-Responder
P0519,8,150.12677438544534,9.480850378754981,10.277484726556205,Type_A,Non-Responder
P0519,14,221.54323316196934,9.338926521341692,11.481283199055104,Type_A,Non-Responder
P0519,21,348.5237146874614,9.796638043472417,12.423045838802224,Type_A,Non-Responder
P0519,26,472.7658550683905,9.707470603413697,13.520994337674074,Type_A,Non-Responder
P0520,0,34.44726128938107,,2.435219721265795,Type_B,Responder
P0520,4,28.154676065522718,,1.8533280449434202,Type_B,Responder
P0520,14,,,1.2966306329310497,Type_B,Responder
P0520,18,,1.9583581021787977,0.9403194415256121,Type_B,Responder
P0520,29,1.6156057699504172,0.0,0.562475174449935,Type_B,Responder
P0521,0,83.91296048508642,0.02874573327504315,9.15948973896063,Type_B,Non-Responder
P0521,4,108.5184112571124,0.0,10.176244861782045,Type_B,Non-Responder
P0521,16,243.21700275319938,0.2980884203525823,13.750757320509425,Type_B,Non-Responder
P0521,21,353.13878210289647,0.2101890363913499,15.559774538660385,Type_B,Non-Responder
P0521,27,483.50013252700245,0.028138596771966506,18.93219528184202,Type_B,Non-Responder
P0521,31,631.4257466720518,1.469738138120806,21.23610904124104,Type_B,Non-Responder
P0521,39,,0.0,27.40263237915038,Type_B,Non-Responder
P0521,47,1603.5432050964384,1.0913114371484318,34.16764906308987,Type_B,Non-Responder
P0522,1,32.131182010426905,4.075986428597348,3.8298117386318684,Type_B,Non-Responder
P0522,8,35.98397403804234,4.383918831254872,4.442407269607884,Type_B,Non-Responder
P0522,13,44.93362313453486,,4.797662062959459,Type_B,Non-Responder
P0522,21,56.37131491074957,5.382758765293257,5.542416003352356,Type_B,Non-Responder
P0522,29,76.3263616572068,5.327002419176143,6.456302370344772,Type_B,Non-Responder
P0522,33,79.21910589687973,5.135803356532993,6.472826581872704,Type_B,Non-Responder
P0523,0,62.11049126706171,7.130640228478942,9.175232615088488,Type_A,Responder
P0523,6,,6.406345944805573,6.416313481814705,Type_A,Responder
P0523,14,25.437984696877354,6.144380561903738,3.7877862142064322,Type_A,Responder
P0523,21,16.28255236352724,8.366721556616863,2.3280325183725097,Type_A,Responder
P0524,0,,2.9542385389055865,3.7926790759346036,Type_A,Non-Responder
P0524,8,51.51157214564597,4.851867452668895,3.9846938407384265,Type_A,Non-Responder
P0524,11,58.212260888701046,4.9593331078891065,4.026577053510842,Type_A,Non-Responder
P0524,19,66.53330663060409,3.5674776281765617,4.099126200568957,Type_A,Non-Responder
P0524,30,91.87229667056917,,4.136952604105176,Type_A,Non-Responder
P0525,0,77.81833095054368,2.2472374190239943,9.314284557344983,Type_A,Non-Responder
P0525,9,237.2762098121825,3.508429209907458,13.254202998568086,Type_A,Non-Responder
P0525,14,414.2759760348397,1.426810550531482,15.540155072298617,Type_A,Non-Responder
P0525,20,753.3437297488215,2.8709859768057915,18.82217820358964,Type_A,Non-Responder
P0526,1,66.32466161668602,5.638979698742375,14.147458572270331,Type_B,Non-Responder
P0526,7,123.60869206932834,8.08084156414265,19.532779461862077,Type_B,Non-Responder
P0526,14,214.46673772901573,6.640787979026265,26.884207725858754,Type_B,Non-Responder
P0526,20,326.1860826985591,6.066258360704686,37.34152210851276,Type_B,Non-Responder
P0526,27,635.9890875549899,5.936374842651603,,Type_B,Non-Responder
P0527,1,12.870812284996116,7.271847957530822,8.625250264871866,Type_B,Responder
P0527,9,,8.232529782759697,6.196972190965983,Type_B,Responder
P0527,13,3.1762882139357105,5.936546593436584,5.2235916126192565,Type_B,Responder
P0527,18,,,4.294298096471862,Type_B,Responder
P0527,26,0.0,6.380107256546706,3.130705880576673,Type_B,Responder
P0527,30,1.6232992038615646,9.42207550456908,2.7265723972200235,Type_B,Responder
P0528,0,18.744890905774596,2.44225502707927,10.512024545632654,Type_B,Responder
P0528,7,8.330666381936354,3.0660897461325165,11.045523021503408,Type_B,Responder
P0528,16,5.6256994231726205,3.0885886687385677,11.670068200408833,Type_B,Responder
P0528,20,4.697517755644407,4.022981452606433,11.738544416139778,Type_B,Responder
P0529,1,75.10669768512788,7.5617511064824505,7.786397314927523,Type_B,Non-Responder
P0529,6,97.81444203009968,6.010432745223871,10.127963463475403,Type_B,Non-Responder
P0529,14,145.2167883091225,6.2026242462553824,14.892257870433225,Type_B,Non-Responder
P0529,20,224.08906470029137,7.272409656668178,20.778971692619034,Type_B,Non-Responder
P0530,0,45.58332882268548,9.928316732906648,8.758255045344004,Type_B,Responder
P0530,4,20.71616034560423,10.681326699255308,6.7069637761977345,Type_B,Responder
P0530,13,0.0,8.621712372068295,3.4499425578770344,Type_B,Responder
P0530,18,0.5138965974451445,8.916939385354137,2.4526645350710075,Type_B,Responder
P0530,28,0.0,9.836719064968499,1.256295944483451,Type_B,Responder
P0530,35,0.0,,0.7814366200040419,Type_B,Responder
P0530,39,,8.890065092781628,0.7849552381693404,Type_B,Responder
P0530,50,0.0,7.65151445571835,0.24653235081302236,Type_B,Responder
P0531,2,38.142768073568824,1.7526244355555116,11.677871672269301,Type_B,Non-Responder
P0531,5,47.03985108389427,2.272405849652546,,Type_B,Non-Responder
P0531,14,,3.9907509502044425,8.973646267308592,Type_B,Non-Responder
P0531,19,168.24805365050577,2.948164244644566,,Type_B,Non-Responder
P0531,28,388.74729401746464,3.1188738047162845,6.533795917371638,Type_B,Non-Responder
P0531,35,714.1574829333384,1.7503669689272514,5.862557745724344,Type_B,Non-Responder
P0531,42,1527.3446081740628,1.6763608143491853,4.685764296569347,Type_B,Non-Responder
P0532,0,296.3253136202504,3.490965344772514,4.380727839276,Type_B,Non-Responder
P0532,6,551.2569770365128,2.446752935885827,4.924947444494229,Type_B,Non-Responder
P0532,13,1017.9480749862365,2.080381920484691,5.757656212891894,Type_B,Non-Responder
P0532,23,2429.9783018395224,3.2441681600799357,6.9476081675985215,Type_B,Non-Responder
P0532,30,4553.05123571777,1.8071967526861086,8.064488374375243,Type_B,Non-Responder
P0532,34,,4.217027860750352,8.8854180994814,Type_B,Non-Responder
P0533,0,56.281188070723914,4.797079732331349,11.118051431495317,Type_A,Responder
P0533,7,,3.4046098455170233,,Type_A,Responder
P0533,12,14.74923787235614,2.576653392147416,11.028333543742889,Type_A,Responder
P0533,23,5.136599978119717,3.5476869521713157,11.49234349170913,Type_A,Responder
P0534,0,519.5250276565599,5.941798634374759,8.718540697402503,Type_A,Responder
P0534,5,380.00810217465636,,6.821611894049721,Type_A,Responder
P0534,14,,6.2661252622113865,4.385272420776286,Type_A,Responder
P0534,17,,7.332088159982353,3.7633085207745887,Type_A,Responder
P0534,28,71.12392608516234,5.608901986487196,2.0611023037019227,Type_A,Responder
P0534,39,36.90448760880746,6.444931850672312,1.3560936700256645,Type_A,Responder
P0535,0,50.88353252408472,7.69032841548672,9.708943948929779,Type_B,Non-Responder
P0535,6,51.24366358057711,10.55707224708317,11.876457016499689,Type_B,Non-Responder
P0535,15,40.342537135294556,7.732803788296263,15.498763685163476,Type_B,Non-Responder
P0535,23,35.073738342815055,7.489357237945305,19.485727669146794,Type_B,Non-Responder
P0535,27,35.36284246788047,5.945689867599291,22.112035199881046,Type_B,Non-Responder
P0536,0,6.731235056166273,7.736606042563631,4.254639107006345,Type_B,Responder
P0536,7,2.9415338963012876,6.753893421219277,3.0707967456951493,Type_B,Responder
P0536,13,2.3626893375321023,8.556121028157374,2.064485967212968,Type_B,Responder
P0536,20,3.417326432292705,9.420358651219212,1.6761332082589857,Type_B,Responder
P0537,0,27.56868784832121,9.158187230563092,4.947785425628341,Type_A,Responder
P0537,2,24.288016813586186,9.017517121037905,4.210320875149083,Type_A,Responder
P0537,12,14.132200809336615,10.718651511142822,2.256073539447926,Type_A,Responder
P0537,21,10.46396501702805,9.852242604020807,1.448801144638877,Type_A,Responder
P0537,29,11.1225127158712,10.095382176050679,0.7949795261370296,Type_A,Responder
P0537,35,7.448249579278894,9.377988012283886,,Type_A,Responder
P0537,44,4.405388669274559,7.578305549383323,0.4581689227903211,Type_A,Responder
P0538,0,72.57618224179873,,12.286345395991201,Type_A,Non-Responder
P0538,6,154.57497973997513,6.09593758905758,,Type_A,Non-Responder
P0538,13,329.1945211537314,5.503403386774996,12.398118232235682,Type_A,Non-Responder
P0538,21,836.6989918186623,5.819624970719744,12.854174242540891,Type_A,Non-Responder
P0538,26,1473.4627849893645,7.726016612983743,13.130443978874187,Type_A,Non-Responder
P0538,35,4455.979824062296,5.214845211491701,13.824625267102984,Type_A,Non-Responder
P0538,44,11110.375106241014,4.5986970760926456,13.932884033503436,Type_A,Non-Responder
P0539,0,42.1371271175192,5.675919716182802,14.725904617173274,Type_A,Non-Responder
P0539,4,32.20584962670734,7.772279229224228,16.176989301285545,Type_A,Non-Responder
P0539,14,25.16837942549802,6.67254430702459,,Type_A,Non-Responder
P0539,20,20.13103825913105,5.416055420573307,21.9815924717395,Type_A,Non-Responder
P0539,29,15.492555310795048,7.016811011833482,26.95810306106532,Type_A,Non-Responder
P0539,35,11.982097746295462,6.8481047108556155,30.926033781765558,Type_A,Non-Responder
P0539,41,9.685183554235383,5.579145668745283,35.57102846983013,Type_A,Non-Responder
P0539,49,11.500821713762132,7.776989653018717,43.099426477598975,Type_A,Non-Responder
P0540,0,45.37348944125834,9.828031014941596,2.8263365653154287,Type_B,Responder
P0540,6,,9.426655146051566,1.9182611886040615,Type_B,Responder
P0540,12,8.518580756187069,9.295183559321105,1.4796021105741515,Type_B,Responder
P0540,19,3.8622645311637673,9.383442174457873,0.8800574987531262,Type_B,Responder
P0540,26,6.242381380120373,8.26122707403565,0.5944974352621284,Type_B,Responder
P0541,0,28.484925486931875,6.126890050136673,2.6950626486403366,Type_A,Non-Responder
P0541,8,68.22843661996374,6.930829311525931,3.363488166023674,Type_A,Non-Responder
P0541,14,,6.6655857406777645,3.7750956079886517,Type_A,Non-Responder
P0541,23,,6.448674277611142,5.059755095061752,Type_A,Non-Responder
P0541,27,505.9429021844146,8.325810966790085,5.971165721509506,Type_A,Non-Responder
P0542,0,109.81863835269975,,3.6428686195649105,Type_B,Non-Responder
P0542,4,144.21302470264865,7.898351447785063,3.5679926916784974,Type_B,Non-Responder
P0542,17,267.133949716517,,3.6349063536007993,Type_B,Non-Responder
P0542,22,378.58000632598055,,3.395278030591666,Type_B,Non-Responder
P0542,27,,8.173201278841097,3.2366753786581315,Type_B,Non-Responder
P0542,36,674.7548159568133,8.142706954305826,3.137449492465207,Type_B,Non-Responder
P0542,40,,9.495265991277817,3.37593707616469,Type_B,Non-Responder
P0543,0,25.095555751296015,5.866799667137765,12.627852025870942,Type_A,Responder
P0543,7,7.069369013458177,8.03579972209181,8.900678026039843,Type_A,Responder
P0543,13,1.9124469663667987,7.755491107712795,6.865264189044873,Type_A,Responder
P0543,19,1.2212062411965618,5.922664634621502,5.233898458036585,Type_A,Responder
P0543,26,0.0,7.304545562770484,4.011633294897106,Type_A,Responder
P0543,36,1.0736469700637898,6.823296942795306,2.7930521649471207,Type_A,Responder
P0543,43,0.0,7.053254620919755,1.8753118908795043,Type_A,Responder
P0543,47,0.0,4.042960680068018,1.4836988831648656,Type_A,Responder
P0544,0,93.5840502555119,1.297238707451665,9.272274132988594,Type_B,Non-Responder
P0544,7,207.6737551493889,1.0169836431166872,12.477726884176812,Type_B,Non-Responder
P0544,11,326.5835186514837,,14.827786998051446,Type_B,Non-Responder
P0544,19,766.2254147164011,2.121992265898921,20.971234431741557,Type_B,Non-Responder
P0544,27,1986.429661936778,1.473708016538564,30.84198352887046,Type_B,Non-Responder
P0544,34,4425.052665554303,0.7362602767476728,42.496656394607434,Type_B,Non-Responder
P0544,41,9917.588645763357,1.714664759352354,59.290387412945506,Type_B,Non-Responder
P0544,49,25331.06581967475,1.7918888238712367,82.42758403522322,Type_B,Non-Responder
P0545,0,17.625017952022613,6.749882016392523,6.336676187376006,Type_B,Responder
P0545,11,8.083201113464135,7.285349844646034,2.833169742190687,Type_B,Responder
P0545,16,2.1622666935762056,5.944520145127412,1.940763895250408,Type_B,Responder
P0545,21,0.43803587555572654,7.301087143834804,1.522408194761288,Type_B,Responder
P0545,27,,,0.8423437074965314,Type_B,Responder
P0545,34,1.520342596988443,6.844280787272085,0.5700057126338708,Type_B,Responder
P0546,1,26.654023732364376,8.575825451369251,,Type_A,Non-Responder
P0546,6,22.197683885095508,7.364870670378126,7.20485739980906,Type_A,Non-Responder
P0546,14,15.302292898068865,7.257390367345195,10.413546670076784,Type_A,Non-Responder
P0546,18,13.09131736766671,8.447221345390147,12.333771384900421,Type_A,Non-Responder
P0546,28,9.764589671025067,7.671142231243166,19.64657190049953,Type_A,Non-Responder
P0546,33,7.317501395659373,7.394867559369945,25.099419251818578,Type_A,Non-Responder
P0546,42,5.860209274926874,8.498617736109122,37.43632152179744,Type_A,Non-Responder
P0547,0,122.83595538120981,2.6205228157052254,5.604826409832163,Type_B,Responder
P0547,8,35.78092881837596,2.6051495454319404,3.177665523886011,Type_B,Responder
P0547,18,9.997826537721009,1.5034840730875008,1.9733708640730094,Type_B,Responder
P0547,18,9.610547836697267,1.789968024559991,1.8894852407018674,Type_B,Responder
P0547,27,1.0378303762922858,0.9524167504057195,1.0193731076978567,Type_B,Responder
P0548,0,24.21660566431792,0.0,10.1411808983242,Type_A,Non-Responder
P0548,6,27.491853881140838,0.647836241488975,12.113431774549168,Type_A,Non-Responder
P0548,13,26.196422804061257,,14.866939713434464,Type_A,Non-Responder
P0548,21,23.322152858317384,1.9995432973554461,18.81829855563316,Type_A,Non-Responder
P0548,26,30.102695322592915,0.38981033917845204,22.04752446572369,Type_A,Non-Responder
P0549,1,42.7835862322126,,5.117764499959017,Type_B,Non-Responder
P0549,5,46.49734789698435,2.3659175914713204,5.78145303705449,Type_B,Non-Responder
P0549,14,,4.116484593980252,8.439818573907765,Type_B,Non-Responder
P0549,20,71.3203468584458,5.64015491245613,10.289273608837775,Type_B,Non-Responder
P0549,29,86.04655428148178,3.080677063697113,14.473965894769812,Type_B,Non-Responder
P0549,35,105.11722031750351,2.2722122229949875,17.928759691704617,Type_B,Non-Responder
P0549,41,120.62728117067819,1.0833737674857566,21.546343594822563,Type_B,Non-Responder
P0549,49,,4.0308489891142525,29.567842417234314,Type_B,Non-Responder
P0550,0,95.67973268694304,6.877215501797365,16.9334142079513,Type_A,Responder
P0550,8,31.96854441468558,,10.320662124936806,Type_A,Responder
P0550,13,12.419244714114932,,7.7699980838717,Type_A,Responder
P0550,20,6.877111116232555,8.82896322496285,5.199769318684857,Type_A,Responder
P0550,27,3.8334994201050008,8.176016931952917,3.481831584404385,Type_A,Responder
P0550,33,2.0788798584807338,8.219909668069459,2.366301393893118,Type_A,Responder
P0550,41,1.3802626490819976,7.84168346704392,1.4432768300978829,Type_A,Responder
P0551,2,33.274585425562755,0.9764665573151698,5.256324161265392,Type_B,Responder
P0551,6,,1.2962088161127319,4.568044413971822,Type_B,Responder
P0551,12,18.119560403562495,0.5516408049171642,4.143646402114055,Type_B,Responder
P0551,21,5.88959929884983,0.7440599052246475,3.2952618842619907,Type_B,Responder
P0552,0,52.11905168530875,2.253267683944876,15.662910480361296,Type_A,Non-Responder
P0552,5,66.6774244910233,,18.237792402594906,Type_A,Non-Responder
P0552,14,92.09978297726066,2.8532416657338557,24.813720881052017,Type_A,Non-Responder
P0552,20,110.66502210843944,1.4044556498414569,,Type_A,Non-Responder
P0552,26,140.28296432350083,0.7323965282876537,38.132609686646305,Type_A,Non-Responder
P0552,36,,1.8169753265401791,55.921303907184004,Type_A,Non-Responder
P0553,0,21.95824602744137,6.270754185540514,4.734521040321262,Type_A,Responder
P0553,8,15.472432832487312,6.656075282233782,3.044108283562426,Type_A,Responder
P0553,10,,5.512008913220903,2.8519719525188445,Type_A,Responder
P0553,22,6.0774175669974095,4.160656408113096,1.4835316690304978,Type_A,Responder
P0553,25,2.543210381478036,5.960137105293852,1.3220770119914504,Type_A,Responder
P0553,36,2.8247732231120026,5.03489150370021,0.8661125597694121,Type_A,Responder
P0554,0,19.065982367668397,0.4898203661449952,3.3340230927916514,Type_A,Non-Responder
P0554,7,24.93997272155101,0.4996561540030785,4.45049526220255,Type_A,Non-Responder
P0554,13,50.1245045387719,0.771162765174381,5.861365145741575,Type_A,Non-Responder
P0554,21,115.7920810401769,,8.446737283657306,Type_A,Non-Responder
P0554,29,239.79742287424034,1.018067997977067,12.35396266683426,Type_A,Non-Responder
P0554,35,456.5757824031301,0.5487542103557391,15.540170951354893,Type_A,Non-Responder
P0554,40,844.5344237172603,1.0924918867238766,19.226465553149957,Type_A,Non-Responder
P0554,50,2326.1983545742482,1.033780628317857,29.33924879201811,Type_A,Non-Responder
P0555,0,117.6671364392472,10.002636120137703,11.280494814169039,Type_B,Responder
P0555,8,19.46630889988169,8.393349947309083,8.45621379998571,Type_B,Responder
P0555,17,3.687493432920834,,6.145433237456581,Type_B,Responder
P0555,21,0.0,10.290503464198586,5.23243204404021,Type_B,Responder
P0555,26,2.5870553498528808,8.588854679771558,4.549877498096505,Type_B,Responder
P0555,33,0.0,9.80723398617009,3.492686529435743,Type_B,Responder
P0556,0,102.41880635452216,3.572845348663309,,Type_B,Non-Responder
P0556,6,103.72118886728873,2.4460128517005377,10.542031769044579,Type_B,Non-Responder
P0556,13,114.79330910223678,2.81938284514609,11.326566136229617,Type_B,Non-Responder
P0556,18,117.27075853892465,3.317371932229076,12.370866103175501,Type_B,Non-Responder
P0557,2,108.43336824486445,0.0,6.2799976970424,Type_B,Non-Responder
P0557,5,113.90768998739387,1.5693402611555207,7.0583140150548225,Type_B,Non-Responder
P0557,14,172.00636335012376,1.963220368605513,11.142605316847764,Type_B,Non-Responder
P0557,19,183.82533556142414,2.104014780795445,13.573199591127265,Type_B,Non-Responder
P0557,27,290.48622467942744,1.283044493136368,20.760282841414057,Type_B,Non-Responder
P0558,0,13.86578851137804,6.39461003848102,11.936939283913867,Type_B,Non-Responder
P0558,5,24.35495096467131,7.254195495480695,11.99247563256331,Type_B,Non-Responder
P0558,14,76.8965107664427,7.970518734261614,12.098966277763141,Type_B,Non-Responder
P0558,21,199.68462270779392,5.2447869492614965,12.448978642721094,Type_B,Non-Responder
P0558,26,421.56073685277124,5.7948108429354965,13.04386207986537,Type_B,Non-Responder
P0558,34,1265.3517923682248,7.663365996483905,13.760043500314557,Type_B,Non-Responder
P0559,0,21.10070061379417,8.95165813021453,2.5781165978635876,Type_B,Non-Responder
P0559,5,20.688380119042186,10.656162098527457,4.069499203490976,Type_B,Non-Responder
P0559,11,23.99269394037571,9.542573567054747,6.40562810181639,Type_B,Non-Responder
P0559,22,31.085831094028766,8.389876049849887,16.26597543613333,Type_B,Non-Responder
P0560,0,134.14008618542917,9.958407318835988,5.305173585911209,Type_A,Responder
P0560,8,22.012625793459904,9.239537579552918,3.1896572026437022,Type_A,Responder
P0560,15,1.6868671734037508,9.417924893568353,1.7204494513691089,Type_A,Responder
P0560,20,0.0,10.08356337124002,1.2384140259870728,Type_A,Responder
P0561,0,289.0694677599535,3.17538397596629,5.700813805851341,Type_B,Responder
P0561,9,90.02955273802542,5.073730213516749,2.829696707529096,Type_B,Responder
P0561,13,50.5911862963988,2.652058065669676,2.4713838613427535,Type_B,Responder
P0561,23,,,0.9793120677847258,Type_B,Responder
P0561,27,6.241104670572346,3.3559542562585243,,Type_B,Responder
P0561,36,3.3252435733737453,2.0166214866547767,0.47795351342023606,Type_B,Responder
P0562,1,70.29594244172385,5.370403380751149,5.44554158974407,Type_A,Responder
P0562,5,40.365301010798426,7.807298990559514,4.8279073886820365,Type_A,Responder
P0562,13,14.551799634386134,7.203546404961009,4.06940916313678,Type_A,Responder
P0562,22,7.975686317032023,8.389543219679984,3.591528233835214,Type_A,Responder
P0562,27,1.4773400980920932,7.803144677315824,,Type_A,Responder
P0562,35,2.0280159336830854,8.764982589975482,2.6132780985598005,Type_A,Responder
P0563,0,98.5109083181306,1.4917878568910032,5.543428953553677,Type_B,Responder
P0563,12,,0.8382838064117595,3.2760087360887837,Type_B,Responder
P0563,12,14.976305200071694,1.1006971155672696,3.065127333120077,Type_B,Responder
P0563,21,2.871903812203489,3.5806672452614974,2.215193271408157,Type_B,Responder
P0563,26,4.187094192135786,2.509272065016104,1.7226777530809072,Type_B,Responder
P0563,34,5.147677941796066,3.367954367179449,,Type_B,Responder
P0563,42,0.0,3.6301665655876834,0.8263424109001714,Type_B,Responder
P0564,0,164.8777831165731,5.019770007558747,2.7334628650150457,Type_A,Non-Responder
P0564,7,160.75501286547063,,2.859207611748063,Type_A,Non-Responder
P0564,12,176.2989468978647,3.256212601345857,3.2547239040773306,Type_A,Non-Responder
P0564,24,221.86773295928998,4.392049783397736,3.981769532307344,Type_A,Non-Responder
P0564,30,240.24770631976534,1.9612664638855974,4.352601390818384,Type_A,Non-Responder
P0564,33,265.07772549208346,3.173358926058462,4.724069463375106,Type_A,Non-Responder
P0565,0,32.147504041046744,8.493234497050663,5.559225297453367,Type_A,Non-Responder
P0565,7,92.81377978405614,7.6126443593001,6.247344194607249,Type_A,Non-Responder
P0565,13,220.37371876241133,8.376155937274852,6.705972371049848,Type_A,Non-Responder
P0565,20,618.1934047848513,9.408712539237973,7.466521549188253,Type_A,Non-Responder
P0566,0,478.8298024064079,0.4799479755316196,8.513480802122338,Type_A,Responder
P0566,6,363.8129896242683,0.0,6.120628636616861,Type_A,Responder
P0566,15,234.1692490935704,1.7453453481188257,3.4538642890158613,Type_A,Responder
P0566,21,166.4158390026597,,2.3940194972372573,Type_A,Responder
P0566,29,114.15584109908124,0.21658329012139488,1.464305078223169,Type_A,Responder
P0566,34,,0.0,1.178353079648241,Type_A,Responder
P0567,0,12.082342136564877,8.857027954837262,7.7028599653185035,Type_A,Non-Responder
P0567,7,18.097364944781855,6.990843187220097,6.90079861627198,Type_A,Non-Responder
P0567,13,28.972804085552823,8.310059420929868,6.345661808154059,Type_A,Non-Responder
P0567,23,59.101861969894216,7.828001055615826,5.270310776686351,Type_A,Non-Responder
P0567,29,89.45676148505972,7.063281586735324,4.719612156256306,Type_A,Non-Responder
P0568,2,57.86812573520659,6.730466769830702,28.088549695737935,Type_A,Responder
P0568,7,26.52283366005841,,20.6425347610462,Type_A,Responder
P0568,13,8.09155742325013,7.243104577814853,14.031224528441449,Type_A,Responder
P0568,21,1.5037213018831692,7.963512254735208,,Type_A,Responder
P0568,26,2.4374540346788107,8.877073130543288,5.938982654000728,Type_A,Responder
P0568,34,0.0,7.669957737849881,3.643235834387741,Type_A,Responder
P0568,39,0.5949844214907448,5.668242870557859,2.5450471000477557,Type_A,Responder
P0569,0,47.83163923569289,3.34629032881001,4.2532780697997445,Type_B,Non-Responder
P0569,4,60.28531110676548,5.064047433728213,4.862672998204922,Type_B,Non-Responder
P0569,16,98.21655753886355,4.097481021830144,8.33798278387122,Type_B,Non-Responder
P0569,23,118.44640700617484,6.268115483148854,,Type_B,Non-Responder
P0569,28,137.46109606913456,3.121456874145511,13.766632162584369,Type_B,Non-Responder
P0569,34,176.0596819571368,4.1674094156796535,16.98291813676197,Type_B,Non-Responder
P0569,42,234.4085790470585,4.2158188713368085,23.377794771054106,Type_B,Non-Responder
P0569,50,335.85609644869834,5.521749448485592,33.70864008815504,Type_B,Non-Responder
P0570,0,95.67873030055125,8.659176856512525,23.62603637015443,Type_B,Responder
P0570,7,32.60199698146947,11.898320580534955,24.047016840740767,Type_B,Responder
P0570,15,11.046628991517949,,,Type_B,Responder
P0570,21,2.2790677013230902,11.02522591988421,24.172872886067307,Type_B,Responder
P0570,29,3.4728499242025213,11.439214030212636,25.14018353894772,Type_B,Responder
P0571,0,79.030410056459,8.985331676523668,5.173843255142424,Type_B,Non-Responder
P0571,6,118.52868819354924,10.419868105251627,6.641882449696905,Type_B,Non-Responder
P0571,14,203.23450259367712,9.00843043033819,9.648567705490876,Type_B,Non-Responder
P0571,20,272.9227737854511,10.744473828870294,13.085538910298526,Type_B,Non-Responder
P0571,25,384.2650206235715,10.499561701147535,17.237108830053707,Type_B,Non-Responder
P0571,35,707.2596031944946,9.59393713600384,27.72054504031528,Type_B,Non-Responder
P0571,43,1292.9495490649647,,40.21859167828148,Type_B,Non-Responder
P0571,47,,10.143196001674124,49.449935694922786,Type_B,Non-Responder
P0572,0,139.54464127044787,0.0,7.534439993316575,Type_B,Non-Responder
P0572,5,,0.741271272585337,6.6101680165240655,Type_B,Non-Responder
P0572,14,731.8510684569119,3.6447928927048068,5.050165343620394,Type_B,Non-Responder
P0572,20,1573.518758888978,2.027684021412767,4.191103409848563,Type_B,Non-Responder
P0572,29,,0.10656695416472972,3.0915550368965143,Type_B,Non-Responder
P0572,36,,0.17343552170450327,2.5521869220054754,Type_B,Non-Responder
P0572,46,38587.9723378055,0.0,1.8626264011441946,Type_B,Non-Responder
P0572,46,,0.0,1.881220596671,Type_B,Non-Responder
P0573,0,51.05623582402654,1.3324682619883654,21.676979431265064,Type_A,Non-Responder
P0573,5,53.48891485062047,3.6906501647176873,23.719810493303193,Type_A,Non-Responder
P0573,12,52.129882559345745,,26.799064610950282,Type_A,Non-Responder
P0573,19,56.49232227712179,2.804950221663665,31.489055494342512,Type_A,Non-Responder
P0574,0,200.34067693211682,0.0,4.00384383645058,Type_B,Non-Responder
P0574,6,136.9480075228583,2.5777964445052226,3.642634755313492,Type_B,Non-Responder
P0574,14,73.75253648163324,0.0,3.274511010460143,Type_B,Non-Responder
P0574,22,,1.531531454668046,2.865107770683075,Type_B,Non-Responder
P0575,0,286.08000398510694,9.555503745828013,3.953803209583092,Type_A,Non-Responder
P0575,7,478.98816095430993,12.101227745061713,5.550106918753477,Type_A,Non-Responder
P0575,14,881.743387351634,8.766320942787347,7.2658005975570035,Type_A,Non-Responder
P0575,20,1430.6687479779146,8.183614657906784,,Type_A,Non-Responder
P0575,28,2732.5968657045737,11.357334290358722,12.343171710892225,Type_A,Non-Responder
P0576,2,36.46095571160086,,7.390699774402422,Type_A,Responder
P0576,5,28.019981168552896,2.0428002810432635,5.735556051922593,Type_A,Responder
P0576,13,13.468845416987001,1.0202541018200328,3.0945611575246534,Type_A,Responder
P0576,21,12.166987739274646,1.2438888596351665,1.7988038961280748,Type_A,Responder
P0576,27,3.493660797370608,0.17825860745119737,1.031666682460664,Type_A,Responder
P0577,0,,5.884137293664736,7.611467501524969,Type_B,Responder
P0577,8,14.152589201128178,,5.073662116634141,Type_B,Responder
P0577,11,15.359278070826106,3.929285808110453,4.416596241578091,Type_B,Responder
P0577,19,6.388445269949608,2.567118762350211,2.869237935249652,Type_B,Responder
P0578,0,,2.71569977187211,7.099197122238507,Type_B,Non-Responder
P0578,7,212.20461004453546,1.1990416655324065,,Type_B,Non-Responder
P0578,13,392.07757080832033,2.857093682770798,11.77062868895201,Type_B,Non-Responder
P0578,23,1058.3051934193104,3.832718397501451,16.902956396946575,Type_B,Non-Responder
P0578,27,,2.2512793166151583,20.36118512004539,Type_B,Non-Responder
P0579,0,,7.774892079176306,24.106945275457512,Type_A,Responder
P0579,6,35.28615409111924,6.712962756872927,14.380187683353963,Type_A,Responder
P0579,11,13.421738561641165,7.1339737922434825,9.736792331468623,Type_A,Responder
P0579,21,1.422231866023195,,4.4577256648531565,Type_A,Responder
P0579,25,0.8198620736274538,7.125589265959149,3.229625460568901,Type_A,Responder
P0579,32,1.710082138984993,6.800406956271599,1.9913384106198717,Type_A,Responder
P0579,43,1.1276530421986313,7.917567469632849,0.725519992950744,Type_A,Responder
P0580,0,130.1322893714676,2.372998596585698,8.657156918152573,Type_A,Non-Responder
P0580,9,347.18737294296403,3.7126116203897803,18.70827854298239,Type_A,Non-Responder
P0580,16,654.586257691682,1.8468315643093027,32.55536505473977,Type_A,Non-Responder
P0580,17,735.3530470159594,2.4914474934870166,34.96649288926538,Type_A,Non-Responder
P0580,26,1942.3863940057527,2.810232779365471,74.95199991052861,Type_A,Non-Responder
P0580,35,5274.103429547585,2.5551203165791954,155.79603029072643,Type_A,Non-Responder
P0580,40,9028.020916074795,1.7142110353704372,233.72226394514908,Type_A,Non-Responder
P0580,48,19891.17380650626,3.142024248271347,457.0027259904304,Type_A,Non-Responder
P0581,0,92.57494605324854,1.8949243840573025,8.882729721332293,Type_A,Responder
P0581,8,36.918035875676594,2.185595926205994,4.83604799357816,Type_A,Responder
P0581,13,19.140060808881014,0.7188191253563885,3.2335787489815018,Type_A,Responder
P0581,25,5.887582458011527,0.7698928348109,1.2739353730641436,Type_A,Responder
P0581,28,3.191884054679544,1.580736796561152,1.0586244583018711,Type_A,Responder
P0581,33,0.0,2.3163867879795514,,Type_A,Responder
P0581,40,1.9338145726255271,1.2161379817909035,0.5032890404076644,Type_A,Responder
P0582,0,31.408195657962402,6.288599935696357,4.9735321184983645,Type_A,Responder
P0582,8,15.988716557933065,8.12371049168984,4.035962405398854,Type_A,Responder
P0582,14,11.23665412724813,,3.461005542202395,Type_A,Responder
P0582,19,5.800325573592026,,3.075448327879205,Type_A,Responder
P0582,25,3.719199851336702,,2.685919211336911,Type_A,Responder
P0582,33,0.22544674434981804,6.887824688680946,2.2751547560140684,Type_A,Responder
P0583,0,172.56940076202218,8.881534593120934,3.7718250836937086,Type_A,Responder
P0583,5,100.60227254724498,8.504836261575042,,Type_A,Responder
P0583,12,55.31078404507169,,2.8299179153828597,Type_A,Responder
P0583,22,18.324041329955534,6.886204408071069,2.216742010109897,Type_A,Responder
P0583,27,13.923336669308561,8.37265001342737,1.6968140164270442,Type_A,Responder
P0583,32,6.252391130954011,6.238596792988858,1.8063387451803858,Type_A,Responder
P0583,43,2.121831687916254,8.068635046947277,1.4516424107251475,Type_A,Responder
P0583,46,0.0,7.5570542783363495,1.07412172171813,Type_A,Responder
P0584,0,14.156289803789013,10.409911695116767,4.414708014658107,Type_A,Non-Responder
P0584,7,27.371886932561665,8.785510621206603,,Type_A,Non-Responder
P0584,16,,,5.388796673363032,Type_A,Non-Responder
P0584,21,95.94382746264124,8.731263972445307,6.061812862459044,Type_A,Non-Responder
P0584,26,136.19590730332018,10.96277697285143,6.316987993026954,Type_A,Non-Responder
P0584,35,290.1454382851353,9.92134870774166,7.381074670101372,Type_A,Non-Responder
P0584,39,408.45778107425,9.021593226651714,8.161973551067385,Type_A,Non-Responder
P0584,49,,11.002884691695495,9.289463456264206,Type_A,Non-Responder
P0585,0,54.00358969715623,8.76909308569045,13.682434852244777,Type_A,Non-Responder
P0585,8,137.18768448049917,9.921021353874838,15.841228838318523,Type_A,Non-Responder
P0585,16,379.8528524225397,,17.233288038178934,Type_A,Non-Responder
P0585,20,669.5418414942029,8.941939236533372,17.608098429204404,Type_A,Non-Responder
P0585,27,1527.1662668642223,7.867088196342248,19.70402483609128,Type_A,Non-Responder
P0585,34,3603.00502510193,7.642361220810066,22.482942580987398,Type_A,Non-Responder
P0585,42,8750.569971453582,9.967226109395032,25.22509728461642,Type_A,Non-Responder
P0585,48,17849.504040815962,9.90513843263214,27.400253920999944,Type_A,Non-Responder
P0586,0,20.66655727465423,1.9860989451718887,4.653567034922811,Type_A,Responder
P0586,6,,2.356372814026368,3.237877818802294,Type_A,Responder
P0586,14,4.023055218923509,4.0874486926839495,2.1938825529298773,Type_A,Responder
P0586,20,0.0,2.921146365169257,1.774179689997481,Type_A,Responder
P0586,26,0.0,1.4309306459801872,1.1427318325722131,Type_A,Responder
P0587,0,30.99564997634245,9.07136795539888,15.006582594289663,Type_B,Responder
P0587,7,7.370981728189458,9.917790319183936,11.326555982991254,Type_B,Responder
P0587,13,1.5308650540730888,9.85020091068437,9.177218222433149,Type_B,Responder
P0587,21,0.0,9.389524903597994,6.697825356088137,Type_B,Responder
P0587,26,0.9666455873375551,8.79196126310972,5.523250236691305,Type_B,Responder
P0587,36,,11.803039877115037,4.067011431979449,Type_B,Responder
P0587,41,2.710032543185243,8.679220723207907,3.201123040817539,Type_B,Responder
P0587,52,0.2916316640806981,9.076809708085896,2.3746277396937145,Type_B,Responder
P0588,0,58.40523970339842,6.021153021203288,6.476319461652808,Type_A,Responder
P0588,7,38.13472161796423,6.513977544512769,5.007860566508358,Type_A,Responder
P0588,15,25.623629394725057,5.335497853561735,3.9693555652419463,Type_A,Responder
P0588,18,17.763663065875015,3.332434547467055,3.3660363446618864,Type_A,Responder
P0588,28,8.420989296056426,6.636041663387906,2.5648936058900507,Type_A,Responder
P0588,33,8.066073001364176,4.449748530367943,2.0328945240844236,Type_A,Responder
P0588,41,2.5209978772991564,6.163725555955001,1.6306708880620178,Type_A,Responder
P0589,0,73.63346458492295,1.5739705472762242,4.6290797740071765,Type_B,Non-Responder
P0589,2,85.13202320412832,2.368391051847875,4.870378687280572,Type_B,Non-Responder
P0589,13,376.55562671504333,1.5746989664420024,4.975815799230759,Type_B,Non-Responder
P0589,20,964.605101172037,4.074910375885613,5.308730240302397,Type_B,Non-Responder
P0590,0,6.765053175352117,2.2285109644800825,3.9390859370092466,Type_A,Non-Responder
P0590,8,18.44131443836836,3.2793607873621164,3.6780607662589504,Type_A,Non-Responder
P0590,13,,5.362944824615762,3.2911335731363316,Type_A,Non-Responder
P0590,17,38.4037675769263,4.564196226720939,3.3304403662938475,Type_A,Non-Responder
P0591,0,26.318634909705036,1.8208807729688155,8.172506620218924,Type_A,Non-Responder
P0591,7,30.387487028304598,0.016460882089504913,10.458174206491226,Type_A,Non-Responder
P0591,13,36.3539495996883,,12.696707862667802,Type_A,Non-Responder
P0591,19,45.65774429583481,0.0,15.448990640823107,Type_A,Non-Responder
P0591,28,,3.396891768347966,20.431980732100715,Type_A,Non-Responder
P0591,34,76.50143437808455,2.463089427295829,25.694521372063836,Type_A,Non-Responder
P0591,42,95.12134630793697,4.141113193325848,32.851515230122594,Type_A,Non-Responder
P0591,49,113.11951165397801,1.6451117951983116,40.8665534483942,Type_A,Non-Responder
P0592,0,,4.392401995512329,13.760653358607941,Type_A,Responder
P0592,9,,2.7690456846020624,10.370328367476823,Type_A,Responder
P0592,14,0.08371256341196509,3.4989317281340306,8.830616207842908,Type_A,Responder
P0592,22,0.0,3.7280124463092115,6.540817633582066,Type_A,Responder
P0592,27,0.0,4.214784141075424,5.578101727264497,Type_A,Responder
P0592,36,0.0,5.624219506135223,4.3103545621360615,Type_A,Responder
P0592,43,0.14109269514072253,4.618600009379297,3.564566031067403,Type_A,Responder
P0592,47,0.0,4.918617677529987,3.021666407014958,Type_A,Responder
P0593,0,516.9568979652306,4.949229625767831,3.982595749273458,Type_A,Non-Responder
P0593,8,521.8519053775645,6.286334033910151,3.11239734589496,Type_A,Non-Responder
P0593,14,556.3494450131589,6.328179001558078,2.7392706507915467,Type_A,Non-Responder
P0593,21,531.082944961361,6.310834408803148,2.1722329520563286,Type_A,Non-Responder
P0593,25,501.588678252,6.404249789423211,2.016055278350811,Type_A,Non-Responder
P0593,31,502.5739335973913,5.35993661142662,1.8110005760724446,Type_A,Non-Responder
P0593,40,496.90269393388695,6.931169617237718,1.2545014282166136,Type_A,Non-Responder
P0594,0,997.044896416507,7.168379822549703,4.658274292372468,Type_B,Responder
P0594,5,661.8188180374501,5.889448765018638,3.5266714848357728,Type_B,Responder
P0594,11,349.99109167088665,6.895633312744078,2.4201195380736054,Type_B,Responder
P0594,21,125.33050732812112,7.421732107658697,1.3594289089114997,Type_B,Responder
P0595,1,125.20025334214058,5.901363824917245,6.321208310467249,Type_A,Non-Responder
P0595,7,157.51261259984167,2.5527084897159855,6.917856418294116,Type_A,Non-Responder
P0595,13,195.220260658476,4.926791198363725,8.194426301374127,Type_A,Non-Responder
P0595,23,271.2281308089017,3.9397642736193514,9.90523151818984,Type_A,Non-Responder
P0595,27,,6.163143082313532,10.561102484594693,Type_A,Non-Responder
P0596,0,,3.2033390946639297,7.44033023180523,Type_B,Non-Responder
P0596,6,66.85768591518331,3.5316719818184774,8.622005239402723,Type_B,Non-Responder
P0596,14,70.30794885860391,3.4637117966337914,11.497662681101145,Type_B,Non-Responder
P0596,19,77.86996998047614,4.3482117877826845,13.775950994097439,Type_B,Non-Responder
P0596,28,87.17962841277836,3.839261365716573,18.748678004804265,Type_B,Non-Responder
P0597,0,26.366184776682246,7.304048637130123,5.097433166756473,Type_B,Non-Responder
P0597,7,21.444509503737894,10.413478466289286,5.012017399070949,Type_B,Non-Responder
P0597,14,22.917144225045995,9.011456946431657,4.779215813251916,Type_B,Non-Responder
P0597,19,19.13923283731344,7.6074610828257345,4.399457032690737,Type_B,Non-Responder
P0597,28,19.919685890925088,7.564693789414015,4.062910380591351,Type_B,Non-Responder
P0597,36,18.355389011157314,,,Type_B,Non-Responder
P0598,0,143.0896451103473,6.758295016865431,13.037695361542522,Type_B,Responder
P0598,9,,8.652446203346084,10.929525461343893,Type_B,Responder
P0598,13,68.71340823031926,8.735598720516094,9.718230584161335,Type_B,Responder
P0598,21,46.096162313554785,7.876581285101477,8.335790130762142,Type_B,Responder
P0598,26,30.2723125411939,9.248660587052884,7.411725065268319,Type_B,Responder
P0599,0,,1.5015554692084987,5.427350703513144,Type_B,Responder
P0599,7,94.15700626950505,1.5756507733810974,4.025461499426479,Type_B,Responder
P0599,12,57.500203410019544,1.180823002042784,3.1789536625895534,Type_B,Responder
P0599,19,20.594350614745604,2.8256199504267343,2.0928404119684205,Type_B,Responder
P0599,26,7.769764957923366,1.0984326623689542,1.6260365481870063,Type_B,Responder
P0599,35,4.7021284755815485,0.14410627242346896,1.070532303386201,Type_B,Responder
P0600,0,,,4.59798897154718,Type_A,Non-Responder
P0600,6,56.950549614533436,4.587769233433542,5.975639171874343,Type_A,Non-Responder
P0600,12,59.027371609541014,3.7353750841095605,7.285199661901549,Type_A,Non-Responder
P0600,21,59.46874532541072,,10.486109284075308,Type_A,Non-Responder
P0600,26,60.706874755334766,5.179057883529281,12.704997078873305,Type_A,Non-Responder
P0600,33,65.40053842626065,4.31130098833697,16.301803304790006,Type_A,Non-Responder
P0601,0,13.622248035435321,5.082429628299016,17.772620035668776,Type_B,Non-Responder
P0601,8,14.71258829257159,4.084643158842149,22.794927399159047,Type_B,Non-Responder
P0601,15,18.787386697878244,5.6016446896356555,28.546180535793052,Type_B,Non-Responder
P0601,21,19.890704385988823,4.357000973927819,34.80993449038018,Type_B,Non-Responder
P0602,0,92.51081864668294,4.476194467861862,5.202749455882097,Type_A,Non-Responder
P0602,7,206.473540486988,3.3811526881632075,6.769016290965804,Type_A,Non-Responder
P0602,13,,3.469397798751057,8.572250181280092,Type_A,Non-Responder
P0602,18,738.3670594253562,5.30295178017723,10.624773788891522,Type_A,Non-Responder
P0602,28,2393.8279990988376,4.226925274911044,15.901014590693304,Type_A,Non-Responder
P0602,33,3887.3150002513457,4.246028270198886,19.285605323331843,Type_A,Non-Responder
P0602,44,15180.04582890626,4.912040807111161,29.296763290298863,Type_A,Non-Responder
P0602,49,30536.803780071557,5.103299733034612,35.06995949861481,Type_A,Non-Responder
P0603,0,13.19771138368857,3.902263337178912,6.731109802797461,Type_A,Responder
P0603,7,4.5127971614105125,7.156309494476865,6.199499828572505,Type_A,Responder
P0603,14,4.5010988201689415,3.8814165946412764,5.558298743629723,Type_A,Responder
P0603,20,2.291742278008712,3.252470423016637,5.1262275872818,Type_A,Responder
P0603,31,2.6060535305786074,5.694109845270787,4.368569405143093,Type_A,Responder
P0603,33,,3.949872610636831,4.396335992404961,Type_A,Responder
P0604,1,30.983721571423338,3.521882460633061,8.402924513828445,Type_A,Responder
P0604,8,25.90405880208714,,6.966489947215366,Type_A,Responder
P0604,14,21.560278060658824,3.4001300089334547,6.06998519107953,Type_A,Responder
P0604,20,18.82042427368545,2.3158739520561067,5.319791362757108,Type_A,Responder
P0604,29,13.020193744427035,4.874422526436791,3.9137827672237555,Type_A,Responder
P0604,35,7.126359285185567,,3.482548513290194,Type_A,Responder
P0604,38,9.182554577662959,3.3941203577291286,3.069864114705255,Type_A,Responder
P0605,0,,2.5646666179368047,3.753463567050126,Type_A,Responder
P0605,5,21.102857207456736,4.737308312029385,2.929717131466992,Type_A,Responder
P0605,13,7.206800330435465,6.300903716685383,1.8233432390496567,Type_A,Responder
P0605,20,0.0,5.653505937150718,1.2267883014851335,Type_A,Responder
P0605,26,0.0,2.6924534607531823,0.7334336390338168,Type_A,Responder
P0605,34,0.0,5.177901680503545,0.5098954329234816,Type_A,Responder
P0605,42,0.0,3.59880188180804,0.33421863299556287,Type_A,Responder
P0606,0,97.99748450005163,5.463640999000043,15.594904491046927,Type_A,Non-Responder
P0606,5,142.67913716531038,6.514690619418239,16.9389702161917,Type_A,Non-Responder
P0606,14,277.8760983283603,5.964305153295298,20.460380737209604,Type_A,Non-Responder
P0606,23,,6.99806264732235,23.56979737505534,Type_A,Non-Responder
P0606,30,817.4015530098742,9.330012173750442,25.897467387323264,Type_A,Non-Responder
P0606,32,976.6780980989104,7.931360548827353,27.308548932817818,Type_A,Non-Responder
P0607,0,,9.053563151279729,8.962561218249608,Type_B,Responder
P0607,6,11.576574644980909,8.967270078825003,7.5453549418067105,Type_B,Responder
P0607,13,11.488680817262168,7.753679968694824,5.865531826402928,Type_B,Responder
P0607,19,14.849247324824804,9.693248538166124,4.909181229158136,Type_B,Responder
P0607,27,14.698792380356778,8.746014916994014,3.474222029655799,Type_B,Responder
P0607,34,14.321780503781305,6.603122020634889,2.6989429758446937,Type_B,Responder
P0607,41,14.276955902327527,8.956178686835338,,Type_B,Responder
P0607,49,17.594358571112856,9.089899249967644,1.5184986264201428,Type_B,Responder
P0608,1,25.492974012339644,1.9137948266581581,3.907034260500811,Type_A,Non-Responder
P0608,8,20.238840086458154,3.024704461589829,5.280103832194952,Type_A,Non-Responder
P0608,17,11.806700505572348,0.8733400830066103,9.446618339032424,Type_A,Non-Responder
P0608,20,9.931714088799044,1.503671402111814,10.685433559022972,Type_A,Non-Responder
P0609,0,43.402601281593036,4.867597714378106,4.776079887659257,Type_A,Non-Responder
P0609,5,55.065845806675554,2.0196194525624183,5.705983272572756,Type_A,Non-Responder
P0609,12,68.6560000819371,3.3173444660991382,7.923907697024115,Type_A,Non-Responder
P0609,18,89.73922706817494,3.6419886262801096,10.456821547922607,Type_A,Non-Responder
P0609,29,126.57519630793932,3.493976660544774,16.467050288157342,Type_A,Non-Responder
P0610,1,,3.869757992017562,2.4932230675482576,Type_A,Non-Responder
P0610,6,,6.229162876022979,2.38969227460487,Type_A,Non-Responder
P0610,11,88.68152381912212,5.8845227099127175,2.535238642558234,Type_A,Non-Responder
P0610,21,188.3669468074184,8.436274369459378,2.151133754299956,Type_A,Non-Responder
P0610,30,321.2872753234394,5.9186807179647,2.002016483054003,Type_A,Non-Responder
P0610,34,428.8920895779012,7.156404520016702,2.0735616602751983,Type_A,Non-Responder
P0610,43,746.7323155785567,4.479614702795917,1.854599316896275,Type_A,Non-Responder
P0611,0,89.58591256939465,9.262645493774016,10.222636022280119,Type_A,Non-Responder
P0611,7,267.06048215816367,7.13591597802941,,Type_A,Non-Responder
P0611,11,500.1138378544599,7.412072791443731,15.232792725919293,Type_A,Non-Responder
P0611,21,2416.888553812245,8.018367793195232,20.79697772103249,Type_A,Non-Responder
P0611,25,,8.603877893018874,23.329388389508342,Type_A,Non-Responder
P0611,36,20008.381464750553,7.5899889205513915,32.157594729201705,Type_A,Non-Responder
P0611,43,60486.60323679837,8.058456900040554,41.71779774293291,Type_A,Non-Responder
P0612,0,,,9.628785722063746,Type_A,Non-Responder
P0612,5,49.03345777556664,1.229393325603211,11.054729854189207,Type_A,Non-Responder
P0612,10,93.23248099032348,1.850833471358143,12.244693667565874,Type_A,Non-Responder
P0612,20,288.097886370049,1.7968927420706917,15.897109292780305,Type_A,Non-Responder
P0612,25,525.1148261426364,1.8268287307560394,17.78352171042844,Type_A,Non-Responder
P0613,1,70.8393320791503,7.356794241993842,3.034709598362618,Type_B,Responder
P0613,4,65.00572315308388,4.780588979658273,,Type_B,Responder
P0613,14,57.22230858783019,7.995158370454686,1.782756911085287,Type_B,Responder
P0613,22,52.9947193425134,8.241794072345115,1.656699152708097,Type_B,Responder
P0613,31,44.377149507685395,6.048893766595348,1.0840308016532527,Type_B,Responder
P0614,0,24.008672541198603,4.299161272586789,5.737401004587957,Type_A,Responder
P0614,5,16.300623737353778,2.1706931565642478,4.546862168107909,Type_A,Responder
P0614,15,9.484565310893206,2.4139163100483927,3.0871028070185322,Type_A,Responder
P0614,22,5.466572220038357,,2.1347572791450187,Type_A,Responder
P0614,26,,2.440496686613442,1.8334766494016241,Type_A,Responder
P0615,0,34.740571615850506,,5.888027762787133,Type_A,Non-Responder
P0615,4,49.75225568329298,10.397792595750559,6.896572236713095,Type_A,Non-Responder
P0615,13,109.5363690639016,9.063344562192524,9.593578225595413,Type_A,Non-Responder
P0615,21,213.92029940724902,8.09947925000813,13.293182308970279,Type_A,Non-Responder
P0615,27,371.0909093983934,8.989937666135305,16.50324206074767,Type_A,Non-Responder
P0615,34,612.6489906807353,9.557053285626495,21.841847607389376,Type_A,Non-Responder
P0616,0,206.17386332777062,5.047985991601807,4.265348891998499,Type_B,Non-Responder
P0616,6,385.00570510432993,6.5263015735307315,4.0423859939753415,Type_B,Non-Responder
P0616,17,1151.485937969635,7.071921674262946,3.605325963160395,Type_B,Non-Responder
P0616,22,1977.5053396081723,9.283318320345785,,Type_B,Non-Responder
P0616,27,3086.7409315933414,7.307616748781312,3.07863466416731,Type_B,Non-Responder
P0616,36,7457.553706334037,4.883544845147378,3.032929529806603,Type_B,Non-Responder
P0616,40,10089.29543359718,7.155509434644841,,Type_B,Non-Responder
P0617,0,37.345581830713165,1.9076477327892838,4.3726550151424,Type_A,Non-Responder
P0617,9,92.85425284657404,1.4664535530613036,6.566618649401638,Type_A,Non-Responder
P0617,14,146.95083119533112,1.1549070415460556,8.516450682864482,Type_A,Non-Responder
P0617,20,277.47739926074763,1.4494016784522288,12.081940740593604,Type_A,Non-Responder
P0617,27,,1.5173353866468098,16.914975938598385,Type_A,Non-Responder
P0617,36,1504.454719052429,2.99173949308479,27.155688555384256,Type_A,Non-Responder
P0618,0,70.64605043103234,9.95306513319002,4.830216754231366,Type_B,Non-Responder
P0618,6,115.68810118953573,8.507437428725105,5.6398089402606875,Type_B,Non-Responder
P0618,13,227.52399206837075,10.00106757962652,6.825798768062266,Type_B,Non-Responder
P0618,19,438.0280883866901,7.921011524127403,8.208602538203184,Type_B,Non-Responder
P0618,26,875.0247825454811,10.352660670479839,9.890828327896456,Type_B,Non-Responder
P0619,0,2.8969310148532865,3.208227179594226,3.577156303411942,Type_B,Non-Responder
P0619,5,6.455365674867945,0.760877367680517,4.326334922868722,Type_B,Non-Responder
P0619,14,3.6413510702737897,2.0182345507917194,6.635516779904642,Type_B,Non-Responder
P0619,19,5.011248172417464,2.053062389740981,8.187165353397345,Type_B,Non-Responder
P0619,29,6.03355724715019,2.701890710104207,12.192582353263692,Type_B,Non-Responder
P0619,33,4.902166693230882,0.0,14.677165823189304,Type_B,Non-Responder
P0619,42,6.537931140528857,,22.12669882388544,Type_B,Non-Responder
P0619,49,3.8520430628800857,4.446287405278563,29.94200509880601,Type_B,Non-Responder
P0620,0,93.48824403017751,9.3123389823399,14.852053730078303,Type_A,Non-Responder
P0620,7,161.17618301843532,,13.764370031187335,Type_A,Non-Responder
P0620,12,,7.949405977679858,12.491895337994555,Type_A,Non-Responder
P0620,22,544.6635582885827,8.674219294484782,11.205804191809621,Type_A,Non-Responder
P0620,28,939.1651901588789,9.457880919569828,10.45473467582043,Type_A,Non-Responder
P0620,36,1801.3564953073883,8.723071770534183,9.402320768372888,Type_A,Non-Responder
P0620,41,3096.4938530149584,9.081970415673178,8.75125706019819,Type_A,Non-Responder
P0620,48,6089.18500129882,10.650931628807008,8.024168972307871,Type_A,Non-Responder
P0621,0,86.68486154675315,5.522170489575557,3.17255752506443,Type_A,Responder
P0621,6,51.21885756196901,6.388899337491164,2.5385997866195913,Type_A,Responder
P0621,13,28.199777948463897,,1.3745256424301364,Type_A,Responder
P0621,21,10.634680089226913,5.929961145165597,0.9303320510302008,Type_A,Responder
P0622,2,68.2301885469288,5.441779484008299,17.657206814216185,Type_B,Non-Responder
P0622,6,,3.8450197984357377,26.63914948523268,Type_B,Non-Responder
P0622,14,64.62917548135623,4.371699405219385,64.30560489634195,Type_B,Non-Responder
P0622,19,61.640886986399934,,,Type_B,Non-Responder
P0622,28,55.624539177269654,5.707875451851161,304.12228087406453,Type_B,Non-Responder
P0622,34,55.16668592369123,5.341153924035497,585.4230632422352,Type_B,Non-Responder
P0623,0,6.9332297775728255,2.697462228349668,3.7307838176949106,Type_B,Non-Responder
P0623,7,14.196980545303102,0.7815183978428742,4.4064615142877335,Type_B,Non-Responder
P0623,14,28.44774552543706,1.9590642615172624,5.21607483563018,Type_B,Non-Responder
P0623,21,51.35324080615332,2.1149591951036584,6.264492762308308,Type_B,Non-Responder
P0623,29,,0.13508322201434964,7.363593645008283,Type_B,Non-Responder
P0623,35,224.36008760006234,1.4018299024538106,8.309862740825542,Type_B,Non-Responder
P0624,0,171.23846544700308,9.04270636405869,8.204648907305053,Type_A,Responder
P0624,7,118.63200407566312,8.380375043324882,5.44947845715673,Type_A,Responder
P0624,15,,9.28104480760449,3.169430874416003,Type_A,Responder
P0624,21,55.21374231921308,9.207551938571987,2.040402478834234,Type_A,Responder
P0624,27,34.49204000502715,9.61800934184712,1.4648026687348628,Type_A,Responder
P0625,0,,1.467597407507786,9.424221792988874,Type_B,Non-Responder
P0625,7,47.122768352801025,3.2778130927603835,,Type_B,Non-Responder
P0625,14,81.83269698751415,1.5864435842613558,15.201662315502958,Type_B,Non-Responder
P0625,21,137.35882301032558,2.042645786126675,19.71011094064837,Type_B,Non-Responder
P0625,29,236.4886471831538,1.2430517531596137,26.38239146945285,Type_B,Non-Responder
P0625,34,312.7559231828229,1.534515609065098,31.922774952930975,Type_B,Non-Responder
P0625,40,537.8945220969407,3.1602885770324596,38.62288290262067,Type_B,Non-Responder
P0626,0,60.45645346892726,8.790162594456474,9.56892212006582,Type_A,Responder
P0626,7,30.983230310860943,6.922444307817443,7.5561157372065955,Type_A,Responder
P0626,15,7.9565843072660885,9.612822931598185,6.214559494168807,Type_A,Responder
P0626,19,4.41846465909403,,5.578972227250177,Type_A,Responder
P0626,29,,8.979273121494568,4.060807222955823,Type_A,Responder
P0626,36,1.4292275569660207,,3.39689103834359,Type_A,Responder
P0626,42,2.0385073750346008,7.365356186992131,2.5761016453480834,Type_A,Responder
P0627,0,13.152285934570612,,16.919780395414097,Type_B,Responder
P0627,6,5.679066966396984,9.159114205678947,10.886464277629038,Type_B,Responder
P0627,15,2.8271742870374608,7.554116403933871,5.821226254651556,Type_B,Responder
P0627,20,2.262290654708992,6.895445222018025,3.834056649216957,Type_B,Responder
P0627,27,1.3234339325928293,8.896469862774984,2.421920689316251,Type_B,Responder
P0628,0,139.3892554118306,7.809045105584902,18.11398090728906,Type_A,Responder
P0628,8,56.775193773038325,5.847237060480314,11.72675225808352,Type_A,Responder
P0628,13,28.68750403325866,6.510357301393135,,Type_A,Responder
P0628,22,13.174384746985885,7.003947175927454,5.447553543736171,Type_A,Responder
P0628,28,2.3065854628115385,6.2846379384555595,3.701470138760171,Type_A,Responder
P0628,32,2.20277578236857,8.338740626799538,2.8938669445820238,Type_A,Responder
P0628,42,0.39964047644937806,6.759413536966325,1.6532984226335419,Type_A,Responder
P0628,48,0.0,6.044726426062989,1.0798048911006943,Type_A,Responder
P0629,0,40.2789248153063,7.805980898229981,21.435908882232987,Type_A,Responder
P0629,9,9.854818340284302,9.382668959266601,11.297192864011521,Type_A,Responder
P0629,14,5.787268443862099,,,Type_A,Responder
P0629,21,1.5919816314287054,10.42142154508586,4.941014366262117,Type_A,Responder
P0629,27,0.0,9.419316302673327,3.3455868646856235,Type_A,Responder
P0630,0,126.99487845159972,2.4685060483808368,2.710071410715667,Type_A,Responder
P0630,6,,3.834861719807324,1.77254836560004,Type_A,Responder
P0630,16,36.127002719534715,4.385280551447371,0.9183423789608807,Type_A,Responder
P0630,22,20.21140557949957,5.483375968045689,,Type_A,Responder
P0630,28,11.246625784907406,6.060757661832238,0.4705399859258714,Type_A,Responder
P0630,35,2.463778283513979,5.482211819396236,0.2865220494422134,Type_A,Responder
P0630,42,0.8465080487913759,4.27916116025913,0.2050929410018058,Type_A,Responder
P0631,0,290.8356755363809,1.8560709323189932,5.4035417051635655,Type_B,Non-Responder
P0631,9,880.0982427456064,0.4641854620086244,4.470257905907872,Type_B,Non-Responder
P0631,16,2130.142173771881,1.7285680138812896,3.822858091392751,Type_B,Non-Responder
P0631,23,4784.823126451602,1.3060354622115895,3.5758708797199534,Type_B,Non-Responder
P0631,28,8513.038038254066,2.073850807739956,3.061971160203591,Type_B,Non-Responder
P0632,0,,5.871801710881915,4.210698394493389,Type_B,Non-Responder
P0632,3,87.40685167019473,5.367446009200045,4.016302309420339,Type_B,Non-Responder
P0632,15,123.14975422754333,,3.9515254876665353,Type_B,Non-Responder
P0632,19,148.21020708318667,7.050739452086636,3.7566824760000066,Type_B,Non-Responder
P0632,28,226.98343945031002,7.272584269319116,3.95976881253817,Type_B,Non-Responder
P0632,35,,6.725950956440054,,Type_B,Non-Responder
P0632,42,,7.282423068032364,3.4185363122074808,Type_B,Non-Responder
P0633,0,67.8535662038293,2.6642616411546585,3.916205641408527,Type_B,Responder
P0633,8,,3.2882917216983873,2.5969338199909417,Type_B,Responder
P0633,14,13.242294440265336,2.6666185162006353,,Type_B,Responder
P0633,20,6.556734717146375,2.604592284216727,1.6132850002954706,Type_B,Responder
P0633,26,4.601103054517745,2.8060756775396056,1.0835303797869824,Type_B,Responder
P0634,1,125.08809531376727,4.811651671124811,10.096027914876114,Type_B,Responder
P0634,5,75.79800904757491,4.241888879245431,7.638704180421512,Type_B,Responder
P0634,12,29.48861679587637,3.7836717304706773,4.366953159690693,Type_B,Responder
P0634,21,12.735670351524186,,2.1784851411714596,Type_B,Responder
P0634,27,4.006489149799102,3.931337386516509,1.2576605730605903,Type_B,Responder
P0634,33,0.8911187224426583,3.135964248754906,0.9282879491018179,Type_B,Responder
P0634,42,0.0,2.905640325852537,0.5321670104281456,Type_B,Responder
P0634,49,2.7353104007420854,2.8905469227904206,0.17860906958154496,Type_B,Responder
P0635,1,178.34820891301112,10.088153840585479,15.818509995888833,Type_B,Responder
P0635,7,75.97511716117113,9.434184307395627,10.960952685168547,Type_B,Responder
P0635,14,35.356242091009506,,7.165394939250056,Type_B,Responder
P0635,19,20.922732297529162,9.175257294981815,5.42412161673238,Type_B,Responder
P0635,27,,8.942712571205103,2.966256041112517,Type_B,Responder
P0635,32,6.88563941622591,10.409818353537556,2.318684065457287,Type_B,Responder
P0636,0,249.3757342693141,2.0803974364210975,16.485349750720477,Type_B,Non-Responder
P0636,8,285.76888436042464,3.5341268352741197,21.828257125064386,Type_B,Non-Responder
P0636,15,310.29884075998217,2.5097450942055994,27.60139477907062,Type_B,Non-Responder
P0636,19,,,31.028620472694147,Type_B,Non-Responder
P0636,29,358.14030170163403,,42.963559146459396,Type_B,Non-Responder
P0636,35,386.2815783903147,2.3427559179292743,53.57384746000062,Type_B,Non-Responder
P0637,0,24.1016358814791,9.006604696607907,9.187509039814667,Type_B,Responder
P0637,8,11.096578733675742,7.747821213642734,,Type_B,Responder
P0637,14,5.2385873880792415,8.671129088978123,9.628207683123637,Type_B,Responder
P0637,21,0.0,,9.78054014223613,Type_B,Responder
P0637,27,2.309965972125264,8.962746302820205,10.448556111980059,Type_B,Responder
P0637,34,0.4242395738363032,9.930967732996026,10.96254979660865,Type_B,Responder
P0637,45,0.0,8.638385106707837,11.506039293229836,Type_B,Responder
P0637,51,0.0,7.445847000909718,,Type_B,Responder
P0638,0,257.1370421364265,4.5518936157523715,5.186583391568792,Type_B,Responder
P0638,4,182.81478598508872,3.985732369009706,4.412740966266817,Type_B,Responder
P0638,14,71.76119268339927,3.3422582144250566,3.191360661648955,Type_B,Responder
P0638,22,30.71906657837673,3.314337332265765,2.533539158378304,Type_B,Responder
P0638,28,20.688165488076642,5.344682296369617,1.855664072605326,Type_B,Responder
P0638,34,9.169577745033498,2.9268583155636776,1.5590518448822943,Type_B,Responder
P0638,42,3.413697137474548,4.3319717122491666,1.1756597260103059,Type_B,Responder
P0639,0,29.778669743927477,9.357103337539078,8.339657018355583,Type_A,Responder
P0639,6,12.495587054799516,8.558353076377726,5.211127947622032,Type_A,Responder
P0639,15,2.4907650126509746,9.182038589242968,2.5046106834972184,Type_A,Responder
P0639,20,2.3311865112042094,9.75382643104182,1.581471874246174,Type_A,Responder
P0639,28,1.3727896477562926,8.819867851193292,0.9330968144046095,Type_A,Responder
P0639,38,1.619208007014432,8.219050324789858,0.4090652704971389,Type_A,Responder
P0639,43,1.3223560109651347,9.422392366446624,0.22746656915137284,Type_A,Responder
P0639,50,2.1668289887815337,9.412631132950455,0.17418383236095775,Type_A,Responder
P0640,0,102.99816144716966,5.74561090362222,3.731818372978333,Type_A,Non-Responder
P0640,6,90.88100141957256,7.3565038138541095,6.018832040556846,Type_A,Non-Responder
P0640,15,86.61040259240687,7.465845724686018,11.835403798548397,Type_A,Non-Responder
P0640,24,80.6104604725265,7.427768971800025,22.94575620207234,Type_A,Non-Responder
P0640,26,67.08146715434665,6.120807862214496,26.622438485213856,Type_A,Non-Responder
P0640,35,57.01895997914468,8.341227680506565,53.64238005853622,Type_A,Non-Responder
P0640,40,54.39721072610297,7.2869348667921185,,Type_A,Non-Responder
P0641,0,2.4340163621326107,0.974394200436915,6.505627748476539,Type_B,Responder
P0641,7,7.04811322563077,2.052809001117421,3.292279383430183,Type_B,Responder
P0641,12,4.003801388114255,0.0,1.9442507508303495,Type_B,Responder
P0641,22,0.0,1.4147744456544826,0.6582877144597965,Type_B,Responder
P0641,29,3.40688104763088,0.35768878728042885,0.33386137587888043,Type_B,Responder
P0641,36,3.032228683242535,0.0,0.13402171620200226,Type_B,Responder
P0642,1,7.339503425426287,10.306778154100977,9.365406421238973,Type_B,Responder
P0642,6,8.522450917124676,7.640206342387622,8.339026841453224,Type_B,Responder
P0642,14,5.233022643069306,9.23390682920863,7.2368616940810915,Type_B,Responder
P0642,21,4.922159619617854,8.76310004140969,6.242778718750401,Type_B,Responder
P0642,31,2.107091336717307,9.545735018158929,5.099026143612287,Type_B,Responder
P0642,32,0.102066918656609,,4.921227094485449,Type_B,Responder
P0642,41,0.5353142552725819,10.02562815824212,4.276975638200718,Type_B,Responder
P0642,48,0.0,,3.6103062903522782,Type_B,Responder
P0643,0,79.25160162216356,3.7102322003217036,8.305875823766618,Type_A,Responder
P0643,8,15.919966544605671,2.511474410610947,7.196208707777152,Type_A,Responder
P0643,13,9.396312682576124,4.174085356310997,5.96834734713369,Type_A,Responder
P0643,20,,2.6565159434084573,5.317182299919796,Type_A,Responder
P0643,28,0.13783577676364417,2.345546288663575,4.347582120976212,Type_A,Responder
P0643,33,,3.0053094215049128,3.685891870357927,Type_A,Responder
P0643,41,0.13695157573321667,,3.3020787626299977,Type_A,Responder
P0643,52,,1.4952513054074699,,Type_A,Responder
P0644,0,31.270667998949534,1.766242061317087,6.668429425228621,Type_A,Responder
P0644,6,29.419220515010792,1.5696391962564615,4.945930772216742,Type_A,Responder
P0644,12,25.29846983510355,1.3229610904878422,3.6511668153832,Type_A,Responder
P0644,21,18.225959265701846,2.502617176960185,2.2089246785090153,Type_A,Responder
P0644,26,18.070295521179478,1.9724839153199358,1.895548903717338,Type_A,Responder
P0644,35,16.6956386105901,1.0037941986545824,1.0730738797435015,Type_A,Responder
P0644,42,11.328328695246405,3.119864952447534,,Type_A,Responder
P0644,45,9.17222840120602,,,Type_A,Responder
P0645,0,,7.577166079807988,3.196234907791,Type_A,Non-Responder
P0645,9,300.5143485242556,5.992027839516629,3.0759448825931535,Type_A,Non-Responder
P0645,13,524.555757676731,4.839740666492266,3.0340929192644572,Type_A,Non-Responder
P0645,22,1993.9003483867998,5.478739695061453,2.6874982453306413,Type_A,Non-Responder
P0645,28,4843.208780331656,4.9471845625951,2.8006361529703026,Type_A,Non-Responder
P0645,36,15897.55558442837,5.938001641354483,2.747763082109498,Type_A,Non-Responder
P0646,2,161.49313413265756,5.755661184750189,7.5032581296469685,Type_B,Non-Responder
P0646,7,244.53176204181162,4.625384343130867,6.078102574829912,Type_B,Non-Responder
P0646,14,412.2039550313869,5.266798731919807,4.642998077107656,Type_B,Non-Responder
P0646,22,840.6651253606879,4.65910516242867,3.1711814662380444,Type_B,Non-Responder
P0646,26,1154.4781325853478,6.784485254376863,2.71432697019134,Type_B,Non-Responder
P0646,37,3232.95018063586,5.036848641381011,1.6755515078015744,Type_B,Non-Responder
P0646,40,4101.168127033378,4.748886391053447,1.827302029283758,Type_B,Non-Responder
P0647,0,30.223488449571935,3.115605351674666,7.785492022135501,Type_A,Non-Responder
P0647,4,33.968241951173,3.7111254263319404,10.180258872407737,Type_A,Non-Responder
P0647,12,66.31074911505756,,17.5577027231985,Type_A,Non-Responder
P0647,21,,,31.351622438150784,Type_A,Non-Responder
P0647,30,320.4054347461052,2.5889221691550706,55.3396757680068,Type_A,Non-Responder
P0648,0,25.571540616264134,5.884040016943082,6.015502475962789,Type_A,Responder
P0648,7,13.448914526753807,6.066134624218666,4.78242846861292,Type_A,Responder
P0648,15,4.052842045518424,6.506561211321953,3.180122508824092,Type_A,Responder
P0648,24,4.219337590906821,5.122145486695892,2.424573140422268,Type_A,Responder
P0648,29,4.329840614567838,,2.145848995795245,Type_A,Responder
P0649,1,35.36892479258157,8.22972557878639,4.255438068668234,Type_B,Non-Responder
P0649,6,46.304079405255266,9.742925744258152,5.452955635174111,Type_B,Non-Responder
P0649,12,79.51454221282425,8.737627742481003,7.375306239851966,Type_B,Non-Responder
P0649,22,161.48397666076875,8.967421511448839,12.61056010645818,Type_B,Non-Responder
P0649,27,243.05106475957453,7.384745331704705,17.23103231664498,Type_B,Non-Responder
P0649,33,375.1278172188178,,24.078818533787,Type_B,Non-Responder
P0650,0,64.077033315506,1.9177943851399442,14.10109341416539,Type_B,Non-Responder
P0650,6,122.9795881295383,0.9734885056068763,19.282552460269613,Type_B,Non-Responder
P0650,15,346.8959923972294,4.736198732438057,28.171984659693397,Type_B,Non-Responder
P0650,21,,3.7207697920663643,36.821954296287075,Type_B,Non-Responder
P0651,0,50.76677260060776,8.56679231210294,9.049609532848615,Type_B,Non-Responder
P0651,8,85.53517287032783,7.867041736872641,23.56944995054752,Type_B,Non-Responder
P0651,14,139.87314623919406,8.848824138242087,46.81486190564997,Type_B,Non-Responder
P0651,21,242.9457668215409,,105.81645283203233,Type_B,Non-Responder
P0651,28,449.47522990344686,8.908101112758525,236.73506333232407,Type_B,Non-Responder
P0651,35,834.6725078221134,9.781383545916874,521.7681299723304,Type_B,Non-Responder
P0651,40,1272.081466994373,9.303917444373834,965.6414720953146,Type_B,Non-Responder
P0651,51,,8.78400359376753,3574.705266692881,Type_B,Non-Responder
P0652,0,18.833866468469683,0.6138558004157709,7.779492654081616,Type_B,Non-Responder
P0652,6,21.529800125267105,0.18241790784103062,9.473404021806338,Type_B,Non-Responder
P0652,12,35.38825644763452,1.5212156807991264,11.154545410795484,Type_B,Non-Responder
P0652,18,44.4536134323019,0.42852713767682893,13.32944277399575,Type_B,Non-Responder
P0653,3,161.1793198115295,5.5297803952084195,19.197938503202046,Type_B,Non-Responder
P0653,7,251.12585750092902,,22.984297103188958,Type_B,Non-Responder
P0653,13,460.472860464705,7.704988991560459,32.00741502135552,Type_B,Non-Responder
P0653,18,714.1139912324478,7.136454426662224,40.461747747661775,Type_B,Non-Responder
P0653,27,1724.1045326930823,4.492524351660473,65.0546303385745,Type_B,Non-Responder
P0654,0,96.66986088250357,3.0657687578455564,9.298381780561481,Type_B,Responder
P0654,6,36.173065976493945,6.410196491488651,,Type_B,Responder
P0654,13,8.64737083303907,4.140536673586359,4.379668199205267,Type_B,Responder
P0654,18,5.75991822158318,2.672834767533848,3.4473184742957743,Type_B,Responder
P0654,26,2.30345696011332,3.0771633905900977,2.2101892844424733,Type_B,Responder
P0654,35,3.654449440902259,5.215887665484643,1.2372974372399357,Type_B,Responder
P0654,41,1.0634940565688762,4.0034493699506,0.938561335097265,Type_B,Responder
P0654,46,0.985457433510015,4.429500965272295,0.7107058529294982,Type_B,Responder
P0655,2,43.483853854197896,3.5113171925250897,19.674234060429374,Type_B,Responder
P0655,7,23.203293631948657,2.451707786423993,15.178403953512564,Type_B,Responder
P0655,14,8.006537586999181,3.6935391345709716,10.57233309451226,Type_B,Responder
P0655,19,3.8963130058375235,1.8904653896287507,,Type_B,Responder
P0655,28,0.9899813911428564,,5.2344901822301635,Type_B,Responder
P0655,35,0.0,4.392173736982883,3.81316483325244,Type_B,Responder
P0655,40,0.0,3.5525071672786543,,Type_B,Responder
P0656,0,141.58035721137233,9.107885373849728,7.457641981765462,Type_A,Responder
P0656,5,112.60730988337849,9.065563263380518,7.90323019932596,Type_A,Responder
P0656,12,91.08344831825576,8.975623286288837,8.470390573932335,Type_A,Responder
P0656,22,63.974596914269284,7.851254903627405,9.514387671953962,Type_A,Responder
P0656,29,,7.861318461860628,10.380208220893271,Type_A,Responder
P0657,0,116.87552650470342,2.9262047169999668,10.79792505762704,Type_A,Responder
P0657,5,83.36366463658526,4.298595254613873,10.64199514304159,Type_A,Responder
P0657,15,49.417520147482655,4.365759425137569,9.400476011275542,Type_A,Responder
P0657,21,41.260041700604,3.5875091982678025,8.946505861189106,Type_A,Responder
P0657,30,25.710620769002965,2.8799087882190832,8.714317476550635,Type_A,Responder
P0657,33,24.37926502415067,4.000873417621213,8.82110386215454,Type_A,Responder
P0657,40,17.90873574236167,0.6371904482801329,7.959639360286403,Type_A,Responder
P0658,0,73.02172126867175,3.2943432445623206,8.809238293722158,Type_A,Non-Responder
P0658,6,78.53862960427794,2.783014531316728,7.223406517163142,Type_A,Non-Responder
P0658,13,84.69055732891043,3.5482523759306277,6.035093636070165,Type_A,Non-Responder
P0658,20,93.18905542893131,2.422282261997583,4.934080644652916,Type_A,Non-Responder
P0658,27,93.7859333856673,3.19771671519753,3.916767151375445,Type_A,Non-Responder
P0659,0,125.25013772158066,,9.009949953977976,Type_A,Non-Responder
P0659,8,173.38378658698608,,9.281976928870723,Type_A,Non-Responder
P0659,12,211.7385431024591,,9.428548473290936,Type_A,Non-Responder
P0659,23,365.1491098230489,2.996562298389906,10.022524687805806,Type_A,Non-Responder
P0660,0,212.25615235423504,1.9386853522033203,11.255752442036686,Type_A,Non-Responder
P0660,8,249.2227382354014,3.751183815217307,9.78199036803399,Type_A,Non-Responder
P0660,12,268.2641909206947,2.773490631221671,9.336456834281444,Type_A,Non-Responder
P0660,20,319.8112465619286,4.359956161362783,8.19763844958593,Type_A,Non-Responder
P0660,26,363.5167574634698,2.197252214638868,7.461143230558217,Type_A,Non-Responder
P0660,34,427.1618039251367,3.5878521440634397,6.531645024248473,Type_A,Non-Responder
P0660,41,504.25561816984805,4.723421796879684,6.106406106056534,Type_A,Non-Responder
P0660,51,626.0047653610187,3.9396889035501284,5.592647561790009,Type_A,Non-Responder
P0661,0,24.357834675674788,1.7746037845222635,6.480176147431494,Type_A,Responder
P0661,8,13.087510951999036,1.4641208548951052,5.703405059792082,Type_A,Responder
P0661,12,7.0491955852085955,1.6496228986779058,5.15463596935763,Type_A,Responder
P0661,22,0.1830441310784905,,4.417304037850135,Type_A,Responder
P0661,26,,2.7764893730152664,3.989326352159111,Type_A,Responder
P0661,36,2.671526528953135,2.2735505470874786,3.4945527611325597,Type_A,Responder
P0661,40,2.4044392266734107,2.8538342292387355,3.4756548970780816,Type_A,Responder
P0662,0,80.6680280549996,3.4654770425849586,15.298012819134412,Type_A,Non-Responder
P0662,7,115.7145875916031,4.451621434754496,16.794408667782402,Type_A,Non-Responder
P0662,14,179.07031524356483,4.399377922282823,18.662759019899816,Type_A,Non-Responder
P0662,18,231.8938859608756,4.547195391253963,19.783074649489667,Type_A,Non-Responder
P0662,26,384.2099722616195,5.210234393323368,21.57338879035703,Type_A,Non-Responder
P0662,35,595.4039021250353,4.576151477276832,24.338460305388075,Type_A,Non-Responder
P0662,42,,4.613983045847681,26.470842213115354,Type_A,Non-Responder
P0663,0,28.580414638236004,6.307993172837065,,Type_A,Non-Responder
P0663,6,,4.45359363227206,,Type_A,Non-Responder
P0663,13,101.89768885112683,5.3991882439079735,9.751206572363337,Type_A,Non-Responder
P0663,22,252.34778335915888,4.351991402886583,13.677348639957764,Type_A,Non-Responder
P0663,29,,2.796618046189345,17.287175528728454,Type_A,Non-Responder
P0664,2,263.4483600511177,0.29194022133018493,11.75826737748518,Type_B,Non-Responder
P0664,5,296.8091432408522,1.9859440777206978,13.517413433080796,Type_B,Non-Responder
P0664,12,380.34307162137435,0.04034402259499115,17.432163781889994,Type_B,Non-Responder
P0664,22,480.97981112788744,0.08481299615980431,25.8591548311629,Type_B,Non-Responder
P0664,25,523.6098465128564,,,Type_B,Non-Responder
P0664,34,721.0253870420373,1.630756646041584,,Type_B,Non-Responder
P0664,41,922.1868947614907,0.0,54.40745393771048,Type_B,Non-Responder
P0665,1,148.71268422075352,7.1552844129273865,4.670298088888063,Type_A,Non-Responder
P0665,6,182.4769815488689,6.030007145938632,4.176070210453021,Type_A,Non-Responder
P0665,13,,,3.59469041489164,Type_A,Non-Responder
P0665,17,,8.88319058966153,3.5790882161897857,Type_A,Non-Responder
P0666,0,23.975479545442347,5.0683679680114135,15.377616172144988,Type_B,Non-Responder
P0666,4,28.706374479977118,3.856148465509611,16.355372402081173,Type_B,Non-Responder
P0666,17,72.07084879357207,,18.734854680247484,Type_B,Non-Responder
P0666,21,100.76012131694485,5.566911489291671,19.242735289493353,Type_B,Non-Responder
P0666,29,186.1145481738711,5.789465826025475,,Type_B,Non-Responder
P0667,1,62.55006542420713,9.565030550166469,,Type_B,Non-Responder
P0667,5,78.64145418551668,10.213067408316952,12.86981260864298,Type_B,Non-Responder
P0667,12,113.67169051005668,,15.939725075121839,Type_B,Non-Responder
P0667,23,178.9853754773859,7.277386709928481,21.525380619710596,Type_B,Non-Responder
P0668,0,200.17404302561346,,10.243524721183022,Type_A,Non-Responder
P0668,7,470.3291942585757,,9.847764380674402,Type_A,Non-Responder
P0668,16,1430.9867922229082,0.0,8.911878202669193,Type_A,Non-Responder
P0668,20,2446.4711091252625,0.13557235597196748,8.707841261593565,Type_A,Non-Responder
P0669,0,3.3458322424176554,,3.0381541386783932,Type_B,Responder
P0669,6,,1.0363686101856313,1.6336982584096675,Type_B,Responder
P0669,13,,1.2005990207868793,0.6783500901665437,Type_B,Responder
P0669,18,0.8030121706278176,1.49562152823859,0.2771430150543873,Type_B,Responder
P0669,26,2.3006426951854615,0.22709193761688884,0.28171503053627117,Type_B,Responder
P0669,34,,0.6610537664014526,0.1,Type_B,Responder
P0670,2,28.373127686360615,2.683628079257838,6.018827934290321,Type_B,Responder
P0670,6,20.71823340496189,2.7796912196223,5.770961361588427,Type_B,Responder
P0670,15,10.510907396730156,,5.125781640374575,Type_B,Responder
P0670,21,6.770720835561087,4.1535272798224865,4.891721408559384,Type_B,Responder
P0670,27,4.0206712699057405,1.3745882632609134,4.525841660174823,Type_B,Responder
P0670,34,1.5980293340051213,2.7694363721732183,4.123357955381438,Type_B,Responder
P0671,0,40.833932976906496,7.978677188563856,11.15132115553937,Type_B,Non-Responder
P0671,8,122.2018502015429,8.158446708696708,8.723524372080233,Type_B,Non-Responder
P0671,13,234.3748006000243,8.356063364393666,7.557250508184344,Type_B,Non-Responder
P0671,21,725.9864676441798,9.43533826832882,6.021089540198382,Type_B,Non-Responder
P0671,29,2152.5479986394807,8.840166599962084,4.9960282126671585,Type_B,Non-Responder
P0671,35,4767.674540593006,8.02847348189958,4.3090319205289305,Type_B,Non-Responder
P0671,39,8102.887424489372,7.715222672316368,3.838364893597822,Type_B,Non-Responder
P0671,51,,,2.880444227520262,Type_B,Non-Responder
P0672,1,19.72579793034741,9.264851527984266,13.81146262786988,Type_B,Non-Responder
P0672,7,37.705809120117515,9.469686983302397,15.966759480474545,Type_B,Non-Responder
P0672,15,106.37657300637609,8.58598873279379,18.716758569559573,Type_B,Non-Responder
P0672,22,251.20817896036831,9.555107583948955,23.065587905831535,Type_B,Non-Responder
P0672,27,,6.903454412689751,25.952042531471132,Type_B,Non-Responder
P0673,3,154.32006523089706,,8.586022543005608,Type_A,Non-Responder
P0673,7,176.75797320447919,7.386847590204221,8.914976644365407,Type_A,Non-Responder
P0673,12,,7.976096350672193,10.074159072447165,Type_A,Non-Responder
P0673,23,420.1652079218092,7.228902673526572,13.300737808130517,Type_A,Non-Responder
P0674,3,264.045627298287,6.3160196103705255,11.771160532665208,Type_B,Non-Responder
P0674,8,220.32976029162654,,13.853268915727396,Type_B,Non-Responder
P0674,12,197.2283946260818,6.594432097187288,15.463026239156918,Type_B,Non-Responder
P0674,20,127.80694444779093,6.31843937496464,20.551691082434942,Type_B,Non-Responder
P0674,28,88.94604995201486,6.603862330328388,27.910498939408075,Type_B,Non-Responder
P0675,0,119.6137778254024,9.100378563473479,15.596169123973388,Type_B,Non-Responder
P0675,6,171.45679881186675,,17.93159009467442,Type_B,Non-Responder
P0675,14,272.2309924116682,10.137917798944706,23.55054139891535,Type_B,Non-Responder
P0675,24,507.73970764948035,10.279674542504907,31.983405272465966,Type_B,Non-Responder
P0675,27,616.0414186050908,8.309766939034553,34.027348236956485,Type_B,Non-Responder
P0675,34,1051.931933323028,7.558306239775183,,Type_B,Non-Responder
P0675,42,1593.825403013175,9.998407512995707,55.53301363969358,Type_B,Non-Responder
P0676,2,13.71512199300483,4.474788583207489,7.490431997792949,Type_B,Responder
P0676,6,8.393016051285352,3.3367442592231633,,Type_B,Responder
P0676,15,2.9182557285112187,2.0126113815622775,4.75595364104669,Type_B,Responder
P0676,23,1.7725415390751182,3.8713926353075134,,Type_B,Responder
P0677,0,91.48911994882931,7.469987690528397,3.0627094450936236,Type_A,Responder
P0677,8,33.44597932918186,8.441822720688885,2.2440922403395196,Type_A,Responder
P0677,11,24.413916567282545,11.08695937093191,1.9293564050275758,Type_A,Responder
P0677,18,12.333473676732357,,1.4257872233232751,Type_A,Responder
P0677,28,5.4399625252550265,,0.9457531317136796,Type_A,Responder
P0677,35,3.8029725868223325,9.805973497116476,0.5596447949957358,Type_A,Responder
P0677,43,0.338699707375151,7.7129800531110515,0.4867102307976603,Type_A,Responder
P0677,52,0.8544667049284094,8.88533379103839,0.2644619953087889,Type_A,Responder
P0678,0,9.710201699586495,5.7347247432624515,4.539330933913732,Type_A,Responder
P0678,7,,7.741058751741249,2.969109614470388,Type_A,Responder
P0678,16,,7.877622073131722,1.883076112949703,Type_A,Responder
P0678,19,1.4762532239496964,7.3812820277398306,1.7106898114578348,Type_A,Responder
P0678,28,0.0,8.124070546759622,1.0107642553926672,Type_A,Responder
P0678,36,1.7325475304341633,8.520810374582306,,Type_A,Responder
P0679,0,38.18653119120475,10.035371286393195,8.808692080102244,Type_B,Non-Responder
P0679,5,34.35316101219892,9.833514552251534,9.111193701249196,Type_B,Non-Responder
P0679,15,,11.108651125844126,8.973547704514555,Type_B,Non-Responder
P0679,18,22.4536933283108,9.116214763258876,8.665894556414424,Type_B,Non-Responder
P0679,26,18.83163262560756,9.626296091738318,8.694601537907733,Type_B,Non-Responder
P0679,36,23.101855554768747,9.237377356398813,8.414319832355705,Type_B,Non-Responder
P0679,44,19.281127842555634,8.727687871421539,8.43916563607685,Type_B,Non-Responder
P0680,0,40.820880178817276,,3.4302987556623745,Type_A,Non-Responder
P0680,7,38.34579839938295,1.12942835863757,4.988390312877413,Type_A,Non-Responder
P0680,16,41.2535188581505,2.886046181416744,7.691036489572544,Type_A,Non-Responder
P0680,20,42.39873261728098,0.6549611226077261,8.941747072795653,Type_A,Non-Responder
P0680,28,40.45540350411716,1.3874056069882905,13.123277452164375,Type_A,Non-Responder
P0680,32,47.43208122786466,1.200080355950041,15.852031624777982,Type_A,Non-Responder
P0681,0,147.85117065378304,5.912734724983239,3.144113247707086,Type_A,Non-Responder
P0681,6,209.86140307793224,5.294746659555881,3.5243466403732646,Type_A,Non-Responder
P0681,14,300.2848717640756,2.667125115207649,3.8522462512093707,Type_A,Non-Responder
P0681,20,,3.4827621337968657,4.1351277175885786,Type_A,Non-Responder
P0682,2,168.44447066985373,5.513896940695259,2.7003818911428943,Type_A,Non-Responder
P0682,7,105.82138759105669,7.0585395904677775,2.720512764518596,Type_A,Non-Responder
P0682,12,71.3363170713623,,2.7543821291359274,Type_A,Non-Responder
P0682,22,36.11014024963913,8.95312212949478,2.96683574182515,Type_A,Non-Responder
P0682,26,23.35009490247023,8.835004129368457,3.153721232408559,Type_A,Non-Responder
P0682,34,13.171371511460025,,3.283104695759658,Type_A,Non-Responder
P0683,2,30.56334294171997,7.466000400668429,3.087397693556796,Type_A,Responder
P0683,6,,5.944393837842808,2.774599833402414,Type_A,Responder
P0683,15,5.275167526088334,8.059575540410986,2.2876107565202575,Type_A,Responder
P0683,21,1.3187504387828033,7.239193317323386,2.104676218169228,Type_A,Responder
P0683,27,2.0066990440772052,4.4217433371010415,1.8283370711273725,Type_A,Responder
P0683,35,3.3032421255840205,7.645095562464061,1.6489031870261364,Type_A,Responder
P0684,0,,2.2994370603914875,7.6819091830010064,Type_B,Non-Responder
P0684,2,449.6151528313129,0.30584108027297274,,Type_B,Non-Responder
P0684,13,768.1353815797511,3.1950237825538634,20.36699431496734,Type_B,Non-Responder
P0684,21,1140.5706584085947,0.0,37.61630203673828,Type_B,Non-Responder
P0685,0,43.05197726131918,8.158729690612386,3.729282636851026,Type_B,Non-Responder
P0685,7,52.04776321249467,7.495088888435019,6.099412983654252,Type_B,Non-Responder
P0685,14,65.13018358594269,9.136565213615201,9.397994504379044,Type_B,Non-Responder
P0685,20,81.90749037629712,8.170835396157509,14.246001265736108,Type_B,Non-Responder
P0685,28,110.66482178292095,7.114379750398697,24.24279388194029,Type_B,Non-Responder
P0685,35,141.29994269314088,7.857787830432466,38.92364884804281,Type_B,Non-Responder
P0685,41,171.83900395640077,7.654264385406863,58.403075142960546,Type_B,Non-Responder
P0685,51,232.02395627553796,6.949703820336932,117.40041809403517,Type_B,Non-Responder
P0686,0,50.61341128150515,9.949285750898756,3.706961496657958,Type_A,Responder
P0686,6,25.555280651013312,6.7454797072641215,3.277749761338975,Type_A,Responder
P0686,13,,7.3788574058614245,2.654154658701696,Type_A,Responder
P0686,22,2.6687095450911364,7.308606776375442,2.383885787380937,Type_A,Responder
P0686,27,2.981393042969689,7.820902787085427,1.7698058223932518,Type_A,Responder
P0686,34,0.7333848510573924,9.528099717287411,1.728079516224481,Type_A,Responder
P0687,1,665.0351683422876,5.331497369144598,19.46885637400992,Type_B,Non-Responder
P0687,6,920.1288841704497,3.3769876415312683,24.20430318671552,Type_B,Non-Responder
P0687,13,1576.2713844984185,4.454577594962719,34.58495530717113,Type_B,Non-Responder
P0687,20,2587.9916396754156,1.6719847150241347,49.18936241055205,Type_B,Non-Responder
P0687,25,3756.9946378640734,4.184817016590256,63.45092346708122,Type_B,Non-Responder
P0687,34,7128.250433303712,3.6900814865571894,95.09306869389177,Type_B,Non-Responder
P0687,42,12686.463090672813,4.897421306454048,138.34619109212517,Type_B,Non-Responder
P0688,2,43.2795524618886,7.6984904429530765,11.779494749687215,Type_B,Non-Responder
P0688,7,53.07513763817801,6.063748251927181,16.507915377414534,Type_B,Non-Responder
P0688,13,69.87023678877651,7.802848603195431,23.64614485988571,Type_B,Non-Responder
P0688,21,111.86957783353647,6.853500342155349,41.759541363969724,Type_B,Non-Responder
P0689,0,90.32389659233658,1.6937052657776421,13.273579077467025,Type_B,Responder
P0689,7,59.070667436216716,3.936788860366464,7.657502794083968,Type_B,Responder
P0689,15,35.07667973181076,,4.084960503850486,Type_B,Responder
P0689,21,21.916069834062846,3.656868569945792,2.826647309414151,Type_B,Responder
P0689,29,,3.2181364235087497,,Type_B,Responder
P0690,0,37.477713853204364,5.551449309898875,3.7628990269786815,Type_A,Non-Responder
P0690,8,32.03064738555258,4.54907714862967,4.694179629101191,Type_A,Non-Responder
P0690,13,29.186059003711986,7.206574722500691,5.6377338873433285,Type_A,Non-Responder
P0690,22,23.68982586274787,4.771504059633839,7.388041851436088,Type_A,Non-Responder
P0690,26,22.5689097782382,7.117394793981836,8.498834101856106,Type_A,Non-Responder
P0691,0,292.4993062812288,4.268220070561592,8.553493830090654,Type_B,Responder
P0691,7,102.82529342380145,4.643294086701048,6.773893925843995,Type_B,Responder
P0691,12,50.29833923394845,2.917825609290032,6.319683805578348,Type_B,Responder
P0691,21,15.046789391444536,3.560404086590257,4.707056153005017,Type_B,Responder
P0692,2,185.34416514573917,0.0,6.461370003255952,Type_B,Non-Responder
P0692,7,277.88399704382107,1.3954340088597945,6.905132119921632,Type_B,Non-Responder
P0692,17,634.906899869539,0.8711836345231859,7.304129884921517,Type_B,Non-Responder
P0692,19,777.5995140510412,0.1375027375009762,7.376020877001724,Type_B,Non-Responder
P0692,28,1507.863255802887,0.0,8.175083678163405,Type_B,Non-Responder
P0693,2,42.911206188245565,3.642956810890252,4.0452292834881,Type_B,Non-Responder
P0693,3,,3.8199823771866255,3.962390549226557,Type_B,Non-Responder
P0693,15,69.244471898044,1.6530173942898527,3.4675558136466385,Type_B,Non-Responder
P0693,21,84.19978893503094,2.8233860931648653,3.266908260378262,Type_B,Non-Responder
P0693,26,99.93160221865857,2.5259141761723587,2.9704167364654976,Type_B,Non-Responder
P0693,35,148.96904806646177,,2.3366785396256713,Type_B,Non-Responder
P0694,1,61.66148017839111,3.5848513322473385,4.995051923673411,Type_A,Responder
P0694,4,,6.343693499401843,4.2377320647074175,Type_A,Responder
P0694,12,11.98729129732256,5.836757228830495,3.001916947215815,Type_A,Responder
P0694,18,3.474466234900566,6.24955202428151,2.474017285614811,Type_A,Responder
P0694,30,0.0,,1.5623183504334566,Type_A,Responder
P0694,33,0.30159333634192875,5.922828623856272,1.3643708483013244,Type_A,Responder
P0694,42,0.0,6.0027458422149635,1.0761871654338608,Type_A,Responder
P0695,0,300.68133145650916,3.71330560919772,9.178607717759629,Type_A,Non-Responder
P0695,8,627.0119994747981,3.2510858454378875,9.414666036424475,Type_A,Non-Responder
P0695,13,947.2158390861955,4.472074274558632,9.319815159651878,Type_A,Non-Responder
P0695,22,2043.966701620019,3.832993062014445,9.147200990257371,Type_A,Non-Responder
P0696,0,,2.539606797848041,13.779363603105752,Type_B,Non-Responder
P0696,6,,4.973346497005004,13.62501700030333,Type_B,Non-Responder
P0696,10,28.14182458697527,,14.064700529114367,Type_B,Non-Responder
P0696,22,,3.919628955991983,13.781922083019081,Type_B,Non-Responder
P0696,26,37.063073285649295,4.673114076143526,13.94749198503351,Type_B,Non-Responder
P0697,0,4.512285966550724,0.7920837814544445,7.410462186436335,Type_A,Non-Responder
P0697,6,,1.426844927563732,8.81853768296883,Type_A,Non-Responder
P0697,12,8.83926702874737,0.0,10.199893056539018,Type_A,Non-Responder
P0697,21,11.21621349295765,0.12291828887853984,13.499450841864192,Type_A,Non-Responder
P0697,27,9.606490406772435,1.6047336057730575,15.706557247099857,Type_A,Non-Responder
P0697,36,16.791195900703542,0.6205610560745636,20.89675040170953,Type_A,Non-Responder
P0697,41,18.072908341148707,1.155255895995062,23.967135595074485,Type_A,Non-Responder
P0697,50,27.14425045142692,,30.26386184537195,Type_A,Non-Responder
P0698,0,183.06026475071047,7.777804438730612,15.135029775775028,Type_B,Responder
P0698,7,79.25197571165369,7.12189593128893,10.72743034074401,Type_B,Responder
P0698,13,36.67444567024723,9.392188274718125,7.8297736614420925,Type_B,Responder
P0698,20,17.5776999266673,10.040216504682974,5.465676931112162,Type_B,Responder
P0698,28,3.9999399495059182,8.766861601529646,3.7841706226674328,Type_B,Responder
P0698,34,3.9789796330649123,9.5610805592785,2.8214133313022107,Type_B,Responder
P0699,0,17.092634659656436,2.8849464776615625,6.6828640681373015,Type_A,Non-Responder
P0699,7,34.494277341551914,3.3052663362258516,7.594135763785017,Type_A,Non-Responder
P0699,13,63.15226799147886,,8.36598018396273,Type_A,Non-Responder
P0699,21,113.1145039976423,,9.761208492258366,Type_A,Non-Responder
P0699,26,168.80410394126073,2.4943762637003783,10.771702687827378,Type_A,Non-Responder
P0700,1,179.9718774287064,2.0256000757801105,11.8910999903739,Type_A,Responder
P0700,7,117.7172832151555,1.0654524083897705,12.941368615820167,Type_A,Responder
P0700,13,71.49724587248613,0.9658488266694885,13.694884786431523,Type_A,Responder
P0700,20,,2.197743103273106,14.55823783152887,Type_A,Responder
P0701,1,91.69377438870939,0.20119350731595542,7.350022608524896,Type_B,Non-Responder
P0701,8,193.94154157732095,0.0,7.791799325145016,Type_B,Non-Responder
P0701,14,,0.17520635985082644,7.925273211623425,Type_B,Non-Responder
P0701,20,742.7169052949324,0.9392144747595863,8.189785711936532,Type_B,Non-Responder
P0701,27,1760.835746267713,2.0395654084055,8.57695942976928,Type_B,Non-Responder
P0701,37,,0.3947730702658041,9.099782623361175,Type_B,Non-Responder
P0701,42,10044.744019286998,2.1861968874173705,9.56011423132682,Type_B,Non-Responder
P0701,51,27190.67713678165,0.0,10.001219470655176,Type_B,Non-Responder
P0702,1,66.99143982025333,9.420224667717465,9.43885096483119,Type_A,Non-Responder
P0702,5,92.67824970964796,10.765107156570588,9.940706834244034,Type_A,Non-Responder
P0702,12,181.76639061823232,9.940883110019936,10.510199153815673,Type_A,Non-Responder
P0702,19,394.3557217232692,9.826124138342328,11.142486118459384,Type_A,Non-Responder
P0702,27,912.7205785057455,9.152292956303766,12.184333769689443,Type_A,Non-Responder
P0702,35,2170.0089549545132,10.621215695541142,13.630467047524192,Type_A,Non-Responder
P0703,0,41.66648758689022,9.074316160428623,5.573692511742506,Type_A,Responder
P0703,6,24.3055865006046,6.691961517860136,4.436086513839811,Type_A,Responder
P0703,14,19.31218797825605,7.715272271914026,3.2320410091979936,Type_A,Responder
P0703,21,10.05627447270284,7.277805447885976,2.420739207545246,Type_A,Responder
P0703,29,4.266357718056266,9.707497657552628,1.7837264557823327,Type_A,Responder
P0704,2,13.407800370496648,7.499678138072977,6.060814646010191,Type_B,Responder
P0704,8,7.340565026635135,8.512880355151628,3.4923218706071713,Type_B,Responder
P0704,15,0.0,9.359291025973185,1.739465171064288,Type_B,Responder
P0704,19,2.9859181613084065,7.013087260557212,1.246376970390957,Type_B,Responder
P0704,26,0.005074657081488743,8.924450092589868,0.5986227553931892,Type_B,Responder
P0705,2,792.2108740852551,6.345592883298668,8.820702513679999,Type_A,Non-Responder
P0705,5,1002.5008396985339,6.551821623659375,9.341237751192992,Type_A,Non-Responder
P0705,11,1832.957322727115,10.184375729023749,10.613757622696179,Type_A,Non-Responder
P0705,22,5347.563467115734,9.456744609832302,14.162883748148232,Type_A,Non-Responder
P0705,27,8219.702162618247,7.110633135212504,16.049359196693043,Type_A,Non-Responder
P0705,32,14299.972519729241,7.9640177544178625,18.47005866463633,Type_A,Non-Responder
P0705,42,40465.50324381555,6.093365411850847,25.188020981204463,Type_A,Non-Responder
P0706,0,54.06056043481925,1.2972493775103804,7.755531280940549,Type_A,Non-Responder
P0706,7,107.11334551135515,1.246601850269641,9.4329178463795,Type_A,Non-Responder
P0706,14,230.76407567428726,0.9135427602976319,11.17357001270163,Type_A,Non-Responder
P0706,20,417.9276055895802,,12.762731056337293,Type_A,Non-Responder
P0706,25,657.1462144836578,0.7016894914312138,14.646093322442916,Type_A,Non-Responder
P0706,36,1660.0675578295622,2.805490228798134,20.354679441121675,Type_A,Non-Responder
P0707,2,55.969662314800196,,7.028264070297837,Type_A,Non-Responder
P0707,4,56.36591570524239,8.690476646977597,8.865008886058755,Type_A,Non-Responder
P0707,14,94.54119285666334,10.012170240231768,20.07629157058728,Type_A,Non-Responder
P0707,21,130.92910629010447,9.922632428020922,35.06686700304539,Type_A,Non-Responder
P0707,28,188.21475735450258,8.650772759613684,63.13206738053457,Type_A,Non-Responder
P0707,38,336.9885098028156,9.462025005237686,148.6382293597627,Type_A,Non-Responder
P0707,44,473.94930716931117,8.931121537343655,251.96297793163532,Type_A,Non-Responder
P0707,51,693.2387095980484,6.53822791716008,438.1596727924227,Type_A,Non-Responder
P0708,0,,8.873782232686745,6.681783483113137,Type_B,Responder
P0708,6,6.761082431564581,8.217548930767549,4.006756093361566,Type_B,Responder
P0708,14,0.4086563668253089,11.061430578689139,2.3914512985726435,Type_B,Responder
P0708,22,1.802070948777235,9.387194056555625,1.4855357092855486,Type_B,Responder
P0709,0,73.09367493405725,7.633650661404187,10.650575342555168,Type_A,Non-Responder
P0709,6,77.39561446455981,7.006659962261474,15.540994633877805,Type_A,Non-Responder
P0709,14,,,25.23628071675693,Type_A,Non-Responder
P0709,18,67.77327447083611,8.67070991197303,32.76669424257257,Type_A,Non-Responder
P0709,28,60.701114792511895,6.61145647457298,59.24781976827191,Type_A,Non-Responder
P0709,32,66.25631341156173,6.8188104187519,76.63155593381536,Type_A,Non-Responder
P0709,42,63.990803610050065,6.264934959567589,146.0572078081673,Type_A,Non-Responder
P0710,1,,4.518914714672143,5.906054843641524,Type_A,Non-Responder
P0710,8,42.44154645302276,2.7202364653870985,8.637836634245238,Type_A,Non-Responder
P0710,15,41.31061770900238,4.507321641301203,12.632095283224604,Type_A,Non-Responder
P0710,19,41.79571085934169,3.6857110897155043,15.645246358331821,Type_A,Non-Responder
P0711,1,223.24937588722727,10.272147517215924,3.1862688331246067,Type_A,Responder
P0711,8,86.42719323937128,9.508647587887816,2.2192673538416905,Type_A,Responder
P0711,12,54.550800301007186,8.945201044737326,1.7290106219513832,Type_A,Responder
P0711,20,22.198719719876003,,1.1434265023681394,Type_A,Responder
P0712,0,604.4461402734922,7.938032152602785,6.774281862002528,Type_A,Non-Responder
P0712,6,726.3418802159649,9.604680688765159,7.605148209528474,Type_A,Non-Responder
P0712,13,906.3041010851856,7.7115225548995845,8.410377106777963,Type_A,Non-Responder
P0712,21,1285.084961719625,8.162358425083658,9.104025122956417,Type_A,Non-Responder
P0712,27,1831.1272024039563,8.51312079890308,10.02650531543092,Type_A,Non-Responder
P0712,34,2698.700875132518,8.884703309483015,11.178872126285194,Type_A,Non-Responder
P0712,42,3824.325697824225,9.702077364382516,12.171791008960737,Type_A,Non-Responder
P0713,0,124.64383418967734,,4.538332895101992,Type_A,Responder
P0713,9,22.060803538270203,3.3203913940597785,4.442921067309182,Type_A,Responder
P0713,13,7.562817272006472,0.19818159676315128,4.324508080369317,Type_A,Responder
P0713,22,3.4319857203398936,3.3614183549153718,4.675199242623998,Type_A,Responder
P0713,27,,2.727283208496705,4.47744646377249,Type_A,Responder
P0713,35,0.41151517569014473,2.7757782997783083,4.469984764701493,Type_A,Responder
P0714,0,126.10240582581952,5.777102953920712,7.103047859104944,Type_A,Non-Responder
P0714,4,205.70345169999874,4.299168178684474,,Type_A,Non-Responder
P0714,13,553.5962375155866,6.464224598457769,9.02199374063751,Type_A,Non-Responder
P0714,21,1494.6924893081957,7.277531332797887,10.033310770910452,Type_A,Non-Responder
P0715,1,35.262169392058496,5.785193017468679,7.9014558343957395,Type_B,Non-Responder
P0715,8,27.96083746339893,,16.51145522848959,Type_B,Non-Responder
P0715,12,20.880815989571932,,25.18522805985582,Type_B,Non-Responder
P0715,19,15.985778309741248,6.228144761310246,52.27389062123161,Type_B,Non-Responder
P0715,28,,7.58239551902995,130.09242506091127,Type_B,Non-Responder
P0715,35,9.355178369021111,7.444554709748616,267.3610759801946,Type_B,Non-Responder
P0715,41,4.971643484160099,6.6110314848222265,497.1074966080555,Type_B,Non-Responder
P0716,0,127.09056900574794,1.6011129174885803,,Type_B,Responder
P0716,7,97.99723994765944,1.4743305535857067,8.20720708683403,Type_B,Responder
P0716,14,78.75080764134752,0.0,4.720047644180757,Type_B,Responder
P0716,20,62.23650873706989,1.7402022845997034,3.2205759726606114,Type_B,Responder
P0716,30,,1.1978714073781336,1.689475824698231,Type_B,Responder
P0717,0,25.652912490154435,4.406006066572454,8.004303017399954,Type_B,Non-Responder
P0717,7,,4.020092969948648,8.026994578205526,Type_B,Non-Responder
P0717,14,,4.780749818104632,8.2293135223854,Type_B,Non-Responder
P0717,20,56.82110086397276,5.300316914461515,8.18973493078547,Type_B,Non-Responder
P0717,28,84.2378470046509,4.576160623278076,8.238176360641374,Type_B,Non-Responder
P0717,33,102.16825901859191,5.4546265779266445,8.81568122794107,Type_B,Non-Responder
P0717,42,153.36572556853199,4.730041588077284,8.592352715929449,Type_B,Non-Responder
P0718,0,,,3.6127331205750166,Type_A,Responder
P0718,5,32.423143773481364,0.14028305785831785,2.6786878010039263,Type_A,Responder
P0718,16,11.37363639941802,1.5083760360509582,1.3901558765517323,Type_A,Responder
P0718,21,5.856612559285827,1.3536596944269434,0.7572445426668488,Type_A,Responder
P0718,27,6.314850461868128,1.4398403700922375,0.7540921144684363,Type_A,Responder
P0718,36,0.9957898984847866,2.271925395035865,0.33810551171694353,Type_A,Responder
P0719,0,28.233949346454608,7.806608378436685,13.237598725889788,Type_A,Responder
P0719,9,10.76914965339353,9.484468397654295,10.853523448524912,Type_A,Responder
P0719,11,8.402305678031675,,10.188018303009208,Type_A,Responder
P0719,20,,7.5901691518029635,8.471762461274118,Type_A,Responder
P0720,0,137.26126438354714,6.1822025440129895,6.860615758163899,Type_A,Responder
P0720,6,133.79995867128048,5.634737819531632,4.876973040032608,Type_A,Responder
P0720,13,122.14954393269294,4.0975028024700455,3.1836149190317156,Type_A,Responder
P0720,21,112.21177665631578,5.588053511579407,1.8591599703312094,Type_A,Responder
P0720,30,105.2416412282102,6.120641467331806,1.2430851173877795,Type_A,Responder
P0721,0,58.83670855627397,4.4418021536430325,3.620816411484127,Type_B,Non-Responder
P0721,5,,7.592214242759282,4.328537648760916,Type_B,Non-Responder
P0721,11,68.04870726296048,7.207708350660327,,Type_B,Non-Responder
P0721,21,90.51800727705911,5.820774909867428,7.151128150095666,Type_B,Non-Responder
P0721,27,106.89369597110284,,8.802885500386898,Type_B,Non-Responder
P0721,36,119.04489280543504,7.664997085609769,11.254994344757385,Type_B,Non-Responder
P0722,0,50.8420466491534,8.425390852773203,2.3816117459737107,Type_B,Responder
P0722,7,28.36762494357416,10.320771833652474,1.762175252229337,Type_B,Responder
P0722,16,12.429572417519815,9.304266909057167,1.4162945813151175,Type_B,Responder
P0722,21,7.1638383539507675,8.645182725982021,1.0002290060274195,Type_B,Responder
P0722,28,9.311478001697392,,0.723559209228087,Type_B,Responder
P0722,32,5.3453579749205,8.773139620298567,0.4950179231692721,Type_B,Responder
P0723,2,223.92778816156462,7.713692675302743,14.708947214362794,Type_B,Non-Responder
P0723,6,187.9590675128816,6.2014235489115865,14.185343772842177,Type_B,Non-Responder
P0723,12,162.7753238929243,9.74007492610216,13.569712656409346,Type_B,Non-Responder
P0723,23,135.95550175414962,8.889565112062202,12.28928550652329,Type_B,Non-Responder
P0723,25,,8.351331494176872,11.651898184141379,Type_B,Non-Responder
P0723,35,122.32879156294673,7.5535629739019114,,Type_B,Non-Responder
P0723,44,103.06693006983892,8.976083272224262,10.018971125348331,Type_B,Non-Responder
P0724,0,27.35652538297827,6.06082777721272,2.3113893867994264,Type_A,Non-Responder
P0724,6,,6.635367308548727,2.0401100321858494,Type_A,Non-Responder
P0724,12,,7.686966125527262,2.1997339152114663,Type_A,Non-Responder
P0724,21,172.41290717223382,7.120841799786064,2.3394784516017855,Type_A,Non-Responder
P0724,25,245.9942074027016,7.627589932761532,2.143322497796727,Type_A,Non-Responder
P0725,0,31.556281121413054,6.280498292402353,11.016882851149493,Type_A,Non-Responder
P0725,7,29.438694281937153,7.28378547346758,,Type_A,Non-Responder
P0725,14,22.96845643587387,5.531442886582574,13.398664027164775,Type_A,Non-Responder
P0725,20,18.088121938581814,7.95222302864122,14.27478826811108,Type_A,Non-Responder
P0725,27,13.740808188140576,5.594157603610862,15.597000673215788,Type_A,Non-Responder
P0725,34,9.963114880120942,5.8542898140617545,16.806395551434882,Type_A,Non-Responder
P0725,40,,5.664389498021907,18.76169876674274,Type_A,Non-Responder
P0725,49,3.186558370699075,4.694183993404879,21.20097644217549,Type_A,Non-Responder
P0726,0,78.64462741431282,0.5242452218141741,14.208321597598179,Type_B,Non-Responder
P0726,7,198.6969904479579,0.29153817935307846,17.281775119708847,Type_B,Non-Responder
P0726,13,458.5400471219507,2.3919965864148964,20.808659424504068,Type_B,Non-Responder
P0726,21,1284.2595174926826,2.0657690603476038,26.202587744984534,Type_B,Non-Responder
P0726,26,,2.0503082277134075,31.08079354956331,Type_B,Non-Responder
P0726,33,,2.239778906099819,38.49491746980216,Type_B,Non-Responder
P0726,41,26736.6796676224,1.4622263007055694,48.7080982144584,Type_B,Non-Responder
P0727,1,,2.6780750260957626,3.6402298300258953,Type_B,Responder
P0727,6,349.02959773806936,2.218556050627834,3.199142071627282,Type_B,Responder
P0727,12,328.76496240308205,3.4737662322991483,2.342108212983526,Type_B,Responder
P0727,19,276.6946286656884,1.9239384741691872,1.8152713653094454,Type_B,Responder
P0727,30,226.47048292438285,1.9670880934141683,1.2831567642952681,Type_B,Responder
P0727,33,233.42355116727222,1.5832255900485221,1.0235771294112235,Type_B,Responder
P0727,42,187.8406577799813,3.3941697605378702,0.7229361973135406,Type_B,Responder
P0728,0,7.898459563548396,5.668414446931137,8.749932517394587,Type_B,Responder
P0728,7,4.423878538003003,5.894059199062734,8.158340367973496,Type_B,Responder
P0728,12,,3.7885443041708546,7.710427752892024,Type_B,Responder
P0728,20,3.071053640519599,4.52827149185137,6.877675540798179,Type_B,Responder
P0728,26,1.5098538618579125,6.55503776753677,6.407971731381352,Type_B,Responder
P0728,33,,5.300792803137091,6.148768990059715,Type_B,Responder
P0728,41,,3.931622353644384,5.569321766242495,Type_B,Responder
P0728,48,0.0,4.085902012614166,4.966019933265198,Type_B,Responder
P0729,0,111.08852937148856,9.815241956925114,3.384552655232007,Type_B,Non-Responder
P0729,7,197.77216898640032,5.995654708355515,4.653819241723858,Type_B,Non-Responder
P0729,15,398.1608525929594,7.901092378043488,6.655321719151152,Type_B,Non-Responder
P0729,21,647.2669831614439,,8.728522098783912,Type_B,Non-Responder
P0729,27,975.7523646620194,9.88767880741786,11.170390793260031,Type_B,Non-Responder
P0729,37,2392.2513238063098,8.007135157061127,17.562916687398683,Type_B,Non-Responder
P0729,41,3531.9438845340933,,21.104326311047227,Type_B,Non-Responder
P0730,0,127.01804090097235,5.021218917886699,15.32788936844885,Type_A,Non-Responder
P0730,6,146.85363915288136,6.401509590100816,16.845470292099215,Type_A,Non-Responder
P0730,16,,5.694632572755042,19.36693759709448,Type_A,Non-Responder
P0730,20,173.68336212565066,6.0176204130138755,21.00357899353789,Type_A,Non-Responder
P0731,1,21.719730977909034,0.3680115908775834,7.021471740451502,Type_A,Responder
P0731,7,14.345953290235158,,9.780958237522432,Type_A,Responder
P0731,13,11.313314089920791,1.2599679381775006,12.979056010010401,Type_A,Responder
P0731,20,3.069163131527329,1.1778030829888602,18.433502010261815,Type_A,Responder
P0731,30,1.131615937887173,0.7300842797013003,31.17536953953925,Type_A,Responder
P0731,35,2.7674646015660795,,,Type_A,Responder
P0731,45,3.329311979122152,1.474944905240954,65.24577986057558,Type_A,Responder
P0732,0,,4.353675952557462,4.91168206912783,Type_B,Non-Responder
P0732,8,151.30813338322884,4.1854426001325296,6.036298144583328,Type_B,Non-Responder
P0732,14,,3.9707498603486724,6.907750521473652,Type_B,Non-Responder
P0732,21,267.6524530254376,4.566976626835067,8.237477802257574,Type_B,Non-Responder
P0732,28,405.68868488568637,6.379508511828838,9.335562230912913,Type_B,Non-Responder
P0733,0,28.927261374109133,0.37239626905591994,21.92449587097221,Type_A,Responder
P0733,5,11.776182276712905,1.1472902078532026,12.846998932438085,Type_A,Responder
P0733,15,2.6761831628701924,1.0963908676133352,4.83735595026311,Type_A,Responder
P0733,24,,1.2403916193696451,1.9044333370517463,Type_A,Responder
P0734,0,36.26628122986074,4.201518407332622,5.727696214420064,Type_B,Responder
P0734,6,14.248140467286596,4.186757981462167,,Type_B,Responder
P0734,16,4.200644219992705,4.649732204450745,2.273111402204334,Type_B,Responder
P0734,21,4.079135565082695,4.979819071744206,1.572697521546093,Type_B,Responder
P0734,26,0.1283299700468954,4.478447365666776,,Type_B,Responder
P0735,0,,9.008085310955678,6.482726316055739,Type_B,Non-Responder
P0735,5,,7.941351773034534,5.866413918602296,Type_B,Non-Responder
P0735,14,103.26767765318122,,5.557301584012724,Type_B,Non-Responder
P0735,19,173.99723799002743,7.249624798034466,5.205867869753234,Type_B,Non-Responder
P0736,0,34.54607179455354,7.770944966644247,5.568057810038622,Type_B,Non-Responder
P0736,6,67.3726615325709,9.47077266949201,4.807899203937579,Type_B,Non-Responder
P0736,17,160.38504595774526,7.285814367493875,3.3713065720003255,Type_B,Non-Responder
P0736,22,238.5745606409531,8.343888430233399,2.8666259346520486,Type_B,Non-Responder
P0736,28,389.4982444170547,8.552096953521218,2.3841420518175633,Type_B,Non-Responder
P0736,35,810.5818005415701,7.549832941716829,1.8363047042794751,Type_B,Non-Responder
P0737,0,72.87705095642617,4.245571054044949,13.875175491525848,Type_A,Non-Responder
P0737,6,133.39295139619088,4.50929909055719,19.70282511273605,Type_A,Non-Responder
P0737,15,288.3829436973839,3.54210927589696,34.490157268394626,Type_A,Non-Responder
P0737,19,411.60307301804727,4.825928631882274,42.77051931413767,Type_A,Non-Responder
P0737,29,979.2606597000993,4.135939797540973,81.15356118370642,Type_A,Non-Responder
P0737,36,2022.1356035404363,3.0714896450781164,120.2605949096827,Type_A,Non-Responder
P0738,0,27.273940691732726,,9.406493402689946,Type_B,Responder
P0738,6,7.885325960036239,4.7482895651717065,7.102456846456407,Type_B,Responder
P0738,13,6.346533470046758,4.405522556528327,5.085411595431577,Type_B,Responder
P0738,19,,5.053231002197617,3.804970000165617,Type_B,Responder
P0739,2,49.41667287305481,4.179344025524374,7.756465985818218,Type_A,Non-Responder
P0739,5,55.24218398383058,,8.383871154841712,Type_A,Non-Responder
P0739,13,61.35788739205938,6.1720551972878095,10.834324252595131,Type_A,Non-Responder
P0739,19,75.67062238547715,6.269831753867498,13.586649117258284,Type_A,Non-Responder
P0739,27,85.93538438365883,6.65029357954808,17.24208954621629,Type_A,Non-Responder
P0740,0,,4.84442219125456,7.7627313792234,Type_A,Responder
P0740,6,44.52548706567011,4.891467198769886,6.153854703125102,Type_A,Responder
P0740,16,7.9096449564560585,5.035052551538271,3.330120778709908,Type_A,Responder
P0740,20,5.91345199518333,3.424668072279723,3.032562395191564,Type_A,Responder
P0740,25,,,2.2037074630657787,Type_A,Responder
P0740,33,2.865488883537613,,,Type_A,Responder
P0741,0,178.3196457601237,9.670998796772711,4.956975483183607,Type_B,Responder
P0741,6,,9.306180805249873,3.8541703078004086,Type_B,Responder
P0741,16,40.89768807503727,9.177753690242568,2.5030515759742062,Type_B,Responder
P0741,20,31.42755787876589,9.993002381080442,2.2790710153813905,Type_B,Responder
P0742,0,20.322744764597413,7.483507908370347,7.718460954551089,Type_A,Non-Responder
P0742,9,35.695462573148596,9.92744562960524,12.405492500832413,Type_A,Non-Responder
P0742,16,57.466351427498424,8.909844026753433,17.22482443658513,Type_A,Non-Responder
P0742,19,65.16190549890896,9.416606979981374,19.934309868025377,Type_A,Non-Responder
P0743,0,140.30319153348177,6.45899343672388,5.390358059549166,Type_A,Non-Responder
P0743,7,187.46576568045813,6.653361064524038,6.008960925564054,Type_A,Non-Responder
P0743,12,228.7151304725741,6.0135292132738805,6.16901291081262,Type_A,Non-Responder
P0743,21,355.5918385767123,6.640647793128933,7.079429435102424,Type_A,Non-Responder
P0743,27,473.0932651059676,5.501786027794684,7.733668411012607,Type_A,Non-Responder
P0744,0,15.617384909664596,8.043518070050443,12.9268003129312,Type_B,Non-Responder
P0744,7,30.179029674719164,6.976886712970332,20.061165405310067,Type_B,Non-Responder
P0744,14,47.762994790393726,7.604953362854817,30.662245471178718,Type_B,Non-Responder
P0744,22,83.49990033127956,7.770369628474237,50.78041963425105,Type_B,Non-Responder
P0744,27,120.20322155316416,7.7564952360164945,69.61571634124137,Type_B,Non-Responder
P0745,0,114.39585656589573,3.6856986271729073,6.360781267551428,Type_A,Non-Responder
P0745,8,188.73057349362435,2.7087073493597456,8.034038576066344,Type_A,Non-Responder
P0745,15,343.7254517191154,4.134922272185724,9.473286441140981,Type_A,Non-Responder
P0745,21,,2.529764072415798,11.368531094846244,Type_A,Non-Responder
P0745,28,944.5761680315029,,13.173535007516907,Type_A,Non-Responder
P0745,33,1449.8108509079925,4.592317460291615,14.80889804578615,Type_A,Non-Responder
P0745,45,3571.2842597612703,1.1817266912399407,19.772769173925973,Type_A,Non-Responder
P0746,1,130.9800551555871,2.997621410451564,2.582134763781824,Type_A,Responder
P0746,6,92.25827205430214,1.957091845104883,2.15031744995309,Type_A,Responder
P0746,14,59.83671472104623,2.128099730095019,1.4386134527006742,Type_A,Responder
P0746,20,42.05715186307932,2.040142639096744,1.350699060459104,Type_A,Responder
P0746,28,31.63514307089711,4.111759779608005,0.7020920011643719,Type_A,Responder
P0746,34,21.099045210630557,2.8793621980537107,0.6254804486201927,Type_A,Responder
P0746,42,13.15091411570344,0.5469550874265074,0.5737801449094986,Type_A,Responder
P0747,0,167.69905145819055,5.907805776410435,6.807997477534726,Type_B,Non-Responder
P0747,6,222.7595223740755,7.946914557506264,6.454660031137607,Type_B,Non-Responder
P0747,14,303.02364963821935,,5.931807658681529,Type_B,Non-Responder
P0747,24,387.8289383972723,,5.533611465209464,Type_B,Non-Responder
P0748,0,56.66234620038461,4.440297727525004,5.152119118354623,Type_B,Responder
P0748,5,44.454677461445215,6.354832968001278,3.299316084323855,Type_B,Responder
P0748,15,28.416437830408707,4.8425503373288485,1.6143779991554867,Type_B,Responder
P0748,20,23.038093722376942,3.660608125897502,1.1522698689507167,Type_B,Responder
P0748,26,,5.759035648284329,0.6081132229231139,Type_B,Responder
P0748,36,8.312824291240576,3.646379096512285,0.21698778560757265,Type_B,Responder
P0749,1,,6.105854097555572,6.612219358445172,Type_A,Non-Responder
P0749,4,,5.643663396644452,6.8541519754140054,Type_A,Non-Responder
P0749,14,137.41930821770075,6.210858138714121,7.08005305352766,Type_A,Non-Responder
P0749,19,178.02961787885283,5.773780474227843,7.197787253000631,Type_A,Non-Responder
P0750,0,274.9073484104861,4.566608181854303,9.77801065046638,Type_A,Non-Responder
P0750,8,366.0066147750913,5.25176286071609,6.480875123312884,Type_A,Non-Responder
P0750,15,469.1308633330349,5.3382933495595815,4.7720436380255284,Type_A,Non-Responder
P0750,20,518.1795334937436,8.356065039541225,3.841243297322143,Type_A,Non-Responder
P0750,27,,5.606897178764011,2.8005717082445782,Type_A,Non-Responder
P0750,35,922.7004570075378,,1.919908500464211,Type_A,Non-Responder
P0751,0,112.39627373978132,2.1720772937327992,2.3514136316132586,Type_B,Responder
P0751,7,25.889308300578215,0.286992982225059,1.8161711903659319,Type_B,Responder
P0751,14,7.959999469998463,2.859769645400443,1.4193446052984366,Type_B,Responder
P0751,19,2.4944175610649526,1.2156123655954998,1.282608536298524,Type_B,Responder
P0751,27,2.7174500123800085,1.4947874778620633,0.884687810464522,Type_B,Responder
P0751,32,0.0,1.1254459446157918,,Type_B,Responder
P0751,37,1.2354033688144272,1.121375784657956,0.565792048501956,Type_B,Responder
P0751,48,1.3387530029995751,1.406368737258491,0.511879170655325,Type_B,Responder
P0752,1,232.36033585920137,2.2537743480651313,8.593923672233107,Type_B,Non-Responder
P0752,5,279.0478422123559,1.9212915923458695,11.09749816660958,Type_B,Non-Responder
P0752,14,405.25032519219405,2.5778800642999222,20.433607370338116,Type_B,Non-Responder
P0752,22,561.8202859898496,1.9583339694280872,34.50364808461353,Type_B,Non-Responder
P0752,29,744.1419518424118,2.431255483242424,55.236051015908444,Type_B,Non-Responder
P0752,35,884.2662568900234,1.1010527743550944,83.77582545806007,Type_B,Non-Responder
P0752,39,1076.0291969311597,2.6331952266804906,109.50706123817444,Type_B,Non-Responder
P0753,0,41.957587146851516,8.091685263606845,7.446013526313101,Type_A,Non-Responder
P0753,10,40.04459505824773,7.614903972433177,7.072661509129466,Type_A,Non-Responder
P0753,14,,9.141088555336058,7.113673880651168,Type_A,Non-Responder
P0753,21,50.54252267675869,7.695917161164658,6.56509802334898,Type_A,Non-Responder
P0754,0,54.11726329773052,6.1838907463640735,4.547242489810019,Type_A,Responder
P0754,10,6.273047520632265,5.437251060904668,2.294111513006517,Type_A,Responder
P0754,14,1.2242412061898813,6.694208976821469,1.605835713270425,Type_A,Responder
P0754,19,1.3203160900074262,6.985822719200795,1.1880336920489896,Type_A,Responder
P0754,28,1.060421975481678,7.05230648622357,0.49850637553775634,Type_A,Responder
P0754,31,0.0,5.556914992508102,0.48076746626554384,Type_A,Responder
P0754,43,0.0,5.937493523776336,0.13622967535703145,Type_A,Responder
P0755,1,76.74361385731592,7.899209771876785,4.470243000747077,Type_A,Responder
P0755,10,33.87105136229518,6.331844834931768,3.887715310640638,Type_A,Responder
P0755,13,23.929619805729875,9.766150056412894,4.085766322146561,Type_A,Responder
P0755,18,17.46341407055268,7.2615964502117025,3.577826756128025,Type_A,Responder
P0755,27,6.870483819705898,7.1486532749796705,3.3368618184169017,Type_A,Responder
P0755,36,5.852502583398855,9.534370816045033,2.7741550154856056,Type_A,Responder
P0755,38,0.9574482570807861,6.239378333823105,2.842547452423591,Type_A,Responder
P0755,50,1.3012953606517836,8.133826705638036,2.4662004842044207,Type_A,Responder
P0756,0,53.01370541832308,5.945502405720497,3.6265806335130133,Type_B,Non-Responder
P0756,7,82.80435383448452,,5.068552374340096,Type_B,Non-Responder
P0756,13,110.26173778292357,6.931185240721243,6.550909556311741,Type_B,Non-Responder
P0756,21,180.53624431148646,6.227621086841038,9.963995854911845,Type_B,Non-Responder
P0757,0,52.40050490960117,6.8431574658193215,6.529993637496764,Type_B,Non-Responder
P0757,5,90.0782843527497,5.921167561958838,9.184366081275567,Type_B,Non-Responder
P0757,16,334.6948684407643,7.507227535992944,20.319643179100648,Type_B,Non-Responder
P0757,19,506.59183409182623,6.923526741437277,25.801087661616847,Type_B,Non-Responder
P0757,29,1612.2226057332814,8.840562452967749,51.79874478294415,Type_B,Non-Responder
P0757,35,3195.005161001807,6.405037564565739,76.21763683928884,Type_B,Non-Responder
P0757,41,6436.66395861272,7.203148829839355,118.450438488535,Type_B,Non-Responder
P0757,50,18987.616760175195,6.708545708429099,217.83126889280518,Type_B,Non-Responder
P0758,0,75.67865556658927,2.179311092979136,4.751803734670765,Type_A,Responder
P0758,7,17.746005641010832,1.263433902210836,2.957210849624153,Type_A,Responder
P0758,13,7.962110626961991,2.159130939291061,2.020427581313065,Type_A,Responder
P0758,18,7.022996570036267,2.578217951666239,1.121453351092625,Type_A,Responder
P0758,29,0.0,,0.5055341563876965,Type_A,Responder
P0759,0,52.40845855897454,8.196822333311802,6.810533097689097,Type_A,Non-Responder
P0759,6,100.16979350602159,,7.270607688965378,Type_A,Non-Responder
P0759,14,230.13056110509885,7.105835831374769,8.301620109937174,Type_A,Non-Responder
P0759,22,584.1225819860057,6.997315156899075,10.017086443070825,Type_A,Non-Responder
P0759,28,,5.512518300379055,10.651396580119897,Type_A,Non-Responder
P0760,0,,1.1877299952357792,5.905658561987368,Type_A,Non-Responder
P0760,5,46.54755980138572,0.674101842838035,6.308297662229966,Type_A,Non-Responder
P0760,14,120.4031459847902,0.8885707845237931,7.032293678376444,Type_A,Non-Responder
P0760,20,219.5099030037157,,7.54381228273652,Type_A,Non-Responder
P0760,28,489.38519173572877,3.0376836724343255,8.689394915183236,Type_A,Non-Responder
P0761,0,14.932312765462287,2.9597746895863084,24.307612781909576,Type_B,Non-Responder
P0761,3,16.61045211421482,3.7459668079102384,23.935253519326153,Type_B,Non-Responder
P0761,13,31.452339392388964,2.365180223801321,22.192962357683008,Type_B,Non-Responder
P0761,20,47.83535057609643,3.672767224084483,21.09193887635327,Type_B,Non-Responder
P0762,1,8.8536919066193,6.786696039207213,4.316409581442572,Type_A,Responder
P0762,9,2.3990351551115476,6.8874220890685125,3.7557871020230813,Type_A,Responder
P0762,15,1.0617572484554467,,3.0014542496128636,Type_A,Responder
P0762,20,,,2.8313597498104435,Type_A,Responder
P0762,29,0.18838916022990349,6.448008522348034,2.481961031890936,Type_A,Responder
P0763,1,90.31785716428102,7.96287172837266,10.3780858642997,Type_A,Responder
P0763,5,,8.969372542307836,8.852731441795127,Type_A,Responder
P0763,12,44.84951029281693,4.813077024829657,6.650431015518163,Type_A,Responder
P0763,19,30.661735181096542,8.775477154951874,5.17951251027745,Type_A,Responder
P0763,25,24.016056316512042,9.069351577990926,4.034658874726415,Type_A,Responder
P0763,36,,8.766431977131305,2.5862901556428928,Type_A,Responder
P0763,40,9.46647293814693,9.401520985790178,2.2444238248973534,Type_A,Responder
P0763,48,6.897950549391882,8.814216480898244,1.6439630606055422,Type_A,Responder
P0764,0,70.16444253348207,1.7477717687121426,3.733341902229211,Type_A,Responder
P0764,6,47.111497277804176,4.4646058096122925,1.9895118411468922,Type_A,Responder
P0764,14,24.211073298608795,4.726927266704818,0.9032621255976696,Type_A,Responder
P0764,21,18.02249144293516,2.8842630505440923,0.4363643705751343,Type_A,Responder
P0764,26,11.37116613320475,3.0938935563142955,0.2361994480062964,Type_A,Responder
P0765,0,214.63760459971425,8.911197081588629,7.303014619025174,Type_B,Non-Responder
P0765,7,373.7609403443307,8.269786536982238,10.244396876221677,Type_B,Non-Responder
P0765,12,613.5239598343986,6.583952407776166,13.60476234782279,Type_B,Non-Responder
P0765,19,,8.279492278818875,20.019871742136814,Type_B,Non-Responder
P0765,26,1900.8863906662725,9.354496309758199,30.439390975014348,Type_B,Non-Responder
P0766,0,275.20036722589197,4.486271180337429,4.511867204739653,Type_A,Non-Responder
P0766,4,312.3363009258216,2.890701787106922,4.484447455402751,Type_A,Non-Responder
P0766,12,435.58656229635113,4.304517887043912,4.864167829228761,Type_A,Non-Responder
P0766,22,704.8270661214898,2.9603253783182444,4.9058542607368585,Type_A,Non-Responder
P0766,26,793.5968949674121,3.915664809310259,5.153622662197546,Type_A,Non-Responder
P0766,36,1287.2344289992723,2.0919048973161853,5.366090694328392,Type_A,Non-Responder
P0766,43,1704.3939407580992,3.287802978005918,5.7355505466038075,Type_A,Non-Responder
P0766,51,2471.576797732323,3.9478184454361895,5.9502587190614715,Type_A,Non-Responder
P0767,2,67.57812719124887,,7.026674945486649,Type_B,Non-Responder
P0767,7,73.95393076215075,5.355529263997145,7.071819091440838,Type_B,Non-Responder
P0767,13,90.8917829179793,5.8419408052495365,7.223066594190491,Type_B,Non-Responder
P0767,21,122.99012677133808,6.04975900470386,7.146248416541499,Type_B,Non-Responder
P0767,27,155.0943962722092,6.319682277083658,7.179297753909536,Type_B,Non-Responder
P0767,35,188.84532134297083,4.424017654049846,7.476777121782459,Type_B,Non-Responder
P0767,40,255.46252191797376,6.720468845439822,7.69461047941027,Type_B,Non-Responder
P0768,0,13.264262850983496,3.750262927226588,2.729077922384917,Type_B,Responder
P0768,9,,2.7440232063527064,3.0329708997886695,Type_B,Responder
P0768,14,1.7357686624695898,3.278249420461435,3.2342921608641175,Type_B,Responder
P0768,20,5.898479920482114,3.3711250277888776,3.6743717824493145,Type_B,Responder
P0769,2,56.524165923360165,6.628935453494235,5.8647284331252605,Type_A,Non-Responder
P0769,6,78.70975773956954,7.300028807172477,7.384390231801362,Type_A,Non-Responder
P0769,14,140.48365746278168,8.130249900222905,11.96203333075912,Type_A,Non-Responder
P0769,19,208.14614424004617,6.437251755661114,15.938864059804065,Type_A,Non-Responder
P0769,28,410.76834518630847,7.182525107171367,27.930946983614383,Type_A,Non-Responder
P0770,0,40.85413847366421,10.315978670304931,9.6172481776043,Type_B,Non-Responder
P0770,7,,,10.500289833566681,Type_B,Non-Responder
P0770,14,72.12139557275464,,12.176702445896725,Type_B,Non-Responder
P0770,23,,9.936277241639981,14.45293416882369,Type_B,Non-Responder
P0770,26,115.95267380505332,9.821234871148002,15.074047564451357,Type_B,Non-Responder
P0770,35,184.4399012542804,10.064890049033037,18.78096502667792,Type_B,Non-Responder
P0771,0,,3.1389942812701213,5.889204766484,Type_B,Responder
P0771,7,60.10263718850896,2.679765448884205,4.966299426139625,Type_B,Responder
P0771,12,,5.158876215843179,4.328562681823575,Type_B,Responder
P0771,21,,3.766705417005725,4.014987232735082,Type_B,Responder
P0772,0,66.20049573610378,3.964481322605028,17.10536639492469,Type_B,Responder
P0772,6,,4.171204601844087,8.288978773296035,Type_B,Responder
P0772,14,0.8690022854982202,,3.0247363424383775,Type_B,Responder
P0772,23,2.5588169140362713,4.337172971577611,0.7977074427777209,Type_B,Responder
P0772,28,0.0,3.318862923776785,0.43676173798369056,Type_B,Responder
P0773,1,72.10741031949433,6.635098453854016,7.047197494154078,Type_A,Responder
P0773,6,59.819468251151335,6.156478537192357,,Type_A,Responder
P0773,12,37.727454450991196,6.903078107174148,3.8447265371978947,Type_A,Responder
P0773,19,27.307706718679373,6.963888825318475,2.5730622283917457,Type_A,Responder
P0773,26,15.65317123221755,7.265045588203548,1.564529075805816,Type_A,Responder
P0773,37,9.45599757386471,,0.750527642110074,Type_A,Responder
P0773,43,6.42116192795618,5.594316617041319,0.5945170305353638,Type_A,Responder
P0774,0,183.3086931010068,,16.86255321415749,Type_A,Responder
P0774,10,79.38458195815171,8.28777663867299,8.091292327989507,Type_A,Responder
P0774,13,60.853877857413316,8.305505622542722,6.7790326388359645,Type_A,Responder
P0774,17,43.07653078316019,8.992599884046948,4.905658356622116,Type_A,Responder
P0774,27,14.290691452335983,9.43597643638546,2.273134287162597,Type_A,Responder
P0774,35,7.779330399083888,6.716310873524909,1.2274289425918232,Type_A,Responder
P0774,45,2.175319664501581,9.181854364906448,0.4712468877439575,Type_A,Responder
P0774,48,5.571894730181174,7.987845559345608,0.5471713197339287,Type_A,Responder
P0775,0,150.60894290952896,2.8327997573130994,6.618284331923655,Type_B,Non-Responder
P0775,6,168.7290941325751,3.3572024053108627,4.503859627813312,Type_B,Non-Responder
P0775,16,178.95043257467185,3.025707388177387,2.4380333589392897,Type_B,Non-Responder
P0775,20,176.09506355119376,4.475550191825017,1.9310948257841083,Type_B,Non-Responder
P0775,28,180.77758206629068,3.825014905406589,1.0988632085655117,Type_B,Non-Responder
P0776,0,24.799437078442903,4.899123311571527,6.032186679863885,Type_A,Non-Responder
P0776,5,28.72646151658926,4.592867444605349,6.14906253524565,Type_A,Non-Responder
P0776,12,26.530605962896065,,6.110356328324078,Type_A,Non-Responder
P0776,22,27.686294134924488,5.830701029118483,,Type_A,Non-Responder
P0776,29,27.91277682232302,4.076927840182716,5.846998415639984,Type_A,Non-Responder
P0777,0,25.673006310435227,6.545174024276642,7.039432381023641,Type_B,Responder
P0777,7,14.943878584413934,5.70888085892374,3.9793217018390874,Type_B,Responder
P0777,14,10.388197695977153,9.065831896567916,2.1403305559393613,Type_B,Responder
P0777,20,8.744091541457095,6.719825329252799,1.2969158253819213,Type_B,Responder
P0777,26,7.88869476979116,,0.8326669590658573,Type_B,Responder
P0777,36,3.8974478556238106,6.1047812662001535,0.23952415131706373,Type_B,Responder
P0777,41,3.9673699647897656,7.511871081453881,0.24115898353751053,Type_B,Responder
P0778,0,250.56276604498,4.212100648156136,4.791459164630496,Type_B,Non-Responder
P0778,9,555.2711615026244,4.829450331009809,5.001160694930046,Type_B,Non-Responder
P0778,13,819.6893815806319,5.323916147064126,,Type_B,Non-Responder
P0778,21,1790.9244107720579,4.046862558483037,5.359935966960798,Type_B,Non-Responder
P0778,30,4393.0525207087585,,5.937494987335801,Type_B,Non-Responder
P0778,36,7889.068877084353,4.78802605487126,5.9974429497083355,Type_B,Non-Responder
P0778,44,16940.30007420946,4.591636116710266,6.551291319383214,Type_B,Non-Responder
P0778,47,22946.843868787044,5.011508867203596,6.691285359200118,Type_B,Non-Responder
P0779,0,194.44701054846047,2.2574906235294945,13.594102595404838,Type_B,Non-Responder
P0779,6,391.8295320036721,3.4282700577329708,13.921412106683576,Type_B,Non-Responder
P0779,11,675.0021772246156,,13.812080215807972,Type_B,Non-Responder
P0779,21,2410.7214965308062,2.664302981949681,14.818003933989537,Type_B,Non-Responder
P0779,28,,3.321169655460642,15.379885042185139,Type_B,Non-Responder
P0779,33,10049.252697785676,2.4267213897279634,16.35987878671069,Type_B,Non-Responder
P0779,43,31524.795040472996,3.739143633798478,17.431402359258133,Type_B,Non-Responder
P0779,45,37271.186272128834,3.357934111334555,17.381981970526482,Type_B,Non-Responder
P0780,0,99.53151901774399,1.3034489434342287,5.43000025575363,Type_B,Non-Responder
P0780,6,138.83521413728934,0.9874600401083875,6.416641783259132,Type_B,Non-Responder
P0780,15,211.94529505514524,1.6360508964890341,7.696375346418472,Type_B,Non-Responder
P0780,21,313.94900378064403,2.276196410331985,9.019855438211195,Type_B,Non-Responder
P0780,26,385.8771442745901,,9.983797944361815,Type_B,Non-Responder
P0780,34,592.8549104126865,1.8533903838650363,11.484526678125645,Type_B,Non-Responder
P0780,42,867.2375198535949,0.8170924635688385,14.157388385345559,Type_B,Non-Responder
P0780,51,1388.16844208617,0.5437053366608875,17.624076310185952,Type_B,Non-Responder
P0781,0,,1.4215677822694688,8.607224698397413,Type_B,Responder
P0781,5,,1.1185443567716218,6.4111359095576415,Type_B,Responder
P0781,13,,2.123733887761657,4.1685644415414895,Type_B,Responder
P0781,20,13.420060967362486,1.7014621769867047,2.6527646519995294,Type_B,Responder
P0782,0,217.0749874583531,9.974774650592444,,Type_A,Non-Responder
P0782,5,,8.504191027791435,6.050703481545954,Type_A,Non-Responder
P0782,14,575.7179244861104,10.788620004343583,6.246495782015507,Type_A,Non-Responder
P0782,23,1040.9370076511243,,6.346680996043568,Type_A,Non-Responder
P0783,0,14.459210869322803,2.6350620409856607,8.6707991072094,Type_B,Non-Responder
P0783,4,19.442295898161248,3.2572876914253497,9.535467443492777,Type_B,Non-Responder
P0783,15,27.051437910870916,,12.364287890206844,Type_B,Non-Responder
P0783,19,30.695810620898655,3.5708795889596416,13.1483654396126,Type_B,Non-Responder
P0784,0,48.04812002095141,8.950956052299771,4.010448313772598,Type_A,Responder
P0784,8,,8.405421634128713,3.165307121517164,Type_A,Responder
P0784,13,15.088553661317011,,2.6453965652354596,Type_A,Responder
P0784,23,4.27397124766572,7.509969189082505,1.766251143074778,Type_A,Responder
P0784,28,1.0766142151391143,10.07566717227116,1.7695039984959602,Type_A,Responder
P0785,0,213.41554982876139,,10.202541344864901,Type_B,Non-Responder
P0785,8,444.4171249007231,6.13574303759796,14.937526057859051,Type_B,Non-Responder
P0785,12,746.2357034037873,3.046053957518864,18.32398353461408,Type_B,Non-Responder
P0785,19,1637.9449312251031,5.136535487106922,25.69083895795466,Type_B,Non-Responder
P0786,0,17.313519405750966,,8.167384908478876,Type_A,Non-Responder
P0786,7,44.64882445672713,3.6896509020507704,7.999503786177289,Type_A,Non-Responder
P0786,10,53.5240577940601,3.7967865313687947,7.711946949686103,Type_A,Non-Responder
P0786,21,168.875110546849,3.172547276828983,7.522114278431041,Type_A,Non-Responder
P0786,30,428.41661922634137,3.5791403607569308,7.475386034981788,Type_A,Non-Responder
P0787,2,,0.0,5.006616799754042,Type_A,Responder
P0787,7,215.39576855446003,0.0,3.87088307975823,Type_A,Responder
P0787,14,,1.2164190522507226,2.775623379326782,Type_A,Responder
P0787,19,188.6647549405628,3.872844069573299,2.2861227442456493,Type_A,Responder
P0788,0,56.67647409674507,,6.248882620576887,Type_A,Non-Responder
P0788,7,134.88631395989006,2.547982275013085,8.579051649455534,Type_A,Non-Responder
P0788,16,370.99587643648266,2.038257815281395,12.39972084167683,Type_A,Non-Responder
P0788,21,699.6357909799125,0.7759449242370193,,Type_A,Non-Responder
P0788,28,1709.722783231232,2.1371100424605793,22.479495224515034,Type_A,Non-Responder
P0788,32,2884.289192433223,2.2139642170461027,26.84135375080324,Type_A,Non-Responder
P0789,0,18.726103354172764,9.896143715453618,15.7843380481572,Type_A,Responder
P0789,6,5.378048930288877,11.316345302321793,,Type_A,Responder
P0789,17,3.448616970201271,9.06195110859212,6.614817035799737,Type_A,Responder
P0789,21,0.7113442717331351,10.048067768218017,5.428452316232475,Type_A,Responder
P0789,27,0.0,9.295484749166322,3.8486301035833503,Type_A,Responder
P0789,35,0.0,10.702125676209757,2.620536019473166,Type_A,Responder
P0790,0,366.7545426443526,1.5862507572097306,11.316752638778917,Type_A,Non-Responder
P0790,7,589.4153967226688,1.8010411563668416,19.017151603429962,Type_A,Non-Responder
P0790,14,936.2881099051799,1.395765832535496,32.49238688968235,Type_A,Non-Responder
P0790,21,,1.907743379749264,54.44829999610557,Type_A,Non-Responder
P0790,28,2476.574164671902,3.4920703937771664,90.6130080862086,Type_A,Non-Responder
P0790,34,3649.6901937109615,0.7965253936873888,143.60284228152187,Type_A,Non-Responder
P0790,40,5515.718006768093,,217.3019519403965,Type_A,Non-Responder
P0790,45,7107.102850209172,1.7283002216431882,313.8808070794378,Type_A,Non-Responder
P0791,0,34.80404047476717,6.9206014493884425,8.350926704584893,Type_B,Responder
P0791,7,15.641725373309724,8.349197249462406,5.834932256134904,Type_B,Responder
P0791,11,6.740887358661263,,4.902598076980983,Type_B,Responder
P0791,20,3.385457364793368,5.672183476681231,3.0996674809618825,Type_B,Responder
P0792,0,,4.821543653838775,9.915552890616462,Type_B,Responder
P0792,6,,3.996254404100088,4.09152846333577,Type_B,Responder
P0792,14,6.920441322663794,,1.4231310790238292,Type_B,Responder
P0792,19,5.799974729364139,5.361259960256347,0.7052673015868645,Type_B,Responder
P0792,28,,3.8560837825608063,0.19793350437131557,Type_B,Responder
P0792,35,0.4602499405450705,2.4205146143359624,0.1,Type_B,Responder
P0792,45,0.08736481647947131,3.308081060349578,0.15114115072660084,Type_B,Responder
P0792,49,0.0,4.1280250859009024,,Type_B,Responder
P0793,0,48.358147951684295,4.684062859435215,3.709714384680343,Type_B,Responder
P0793,6,35.69660965472842,4.5006416872553885,2.222779272942372,Type_B,Responder
P0793,13,19.825335284263595,3.4717065229978545,1.2820439033397977,Type_B,Responder
P0793,19,11.7850676012074,4.653855113418568,0.7518629698245023,Type_B,Responder
P0794,2,13.527257581608394,8.97357487374657,20.912132496113152,Type_A,Responder
P0794,4,13.502608553441968,10.695504686494328,19.404488040230245,Type_A,Responder
P0794,11,8.701772134302065,,16.182210915652227,Type_A,Responder
P0794,22,8.680493621388095,9.380983391992881,11.624351520027071,Type_A,Responder
P0794,28,2.9629233319593786,11.147109412831215,9.916217986669363,Type_A,Responder
P0794,31,3.481796264298052,11.515160135835172,9.16353132806514,Type_A,Responder
P0795,2,85.19113278383192,3.5766772769224415,6.322287997827985,Type_B,Non-Responder
P0795,6,80.50831808032397,4.47594088995741,5.591658363911341,Type_B,Non-Responder
P0795,11,85.01427870855501,0.7486807804329234,4.732241655237859,Type_B,Non-Responder
P0795,19,78.87461260821713,1.5731360753993586,3.759456350170711,Type_B,Non-Responder
P0795,23,82.34091891898215,0.9824783417963228,3.4896803709039927,Type_B,Non-Responder
P0796,0,8.720548194767243,3.994214018025383,4.559967469724249,Type_B,Responder
P0796,7,4.5931538793855,3.6664751199750563,2.7992517451756176,Type_B,Responder
P0796,14,,3.0178163306496817,1.7341065787295127,Type_B,Responder
P0796,21,2.311018953203082,4.100742187344504,1.0335502755919563,Type_B,Responder
P0796,26,1.9189966308548232,4.814935710891424,0.4875743626142433,Type_B,Responder
P0797,1,4.23213692354439,0.6428279327287866,23.547630074242072,Type_A,Responder
P0797,6,4.479411939743048,0.3393778176133553,,Type_A,Responder
P0797,13,,0.03920898651440252,14.082272573372906,Type_A,Responder
P0797,18,1.2935848168414172,2.267305313531745,11.50274654830317,Type_A,Responder
P0797,31,1.3334780763589094,,6.441535643417815,Type_A,Responder
P0797,37,5.4746917047900245,0.028569155109384514,5.126762361089863,Type_A,Responder
P0797,41,0.0,1.1045305053388559,4.432897648677053,Type_A,Responder
P0798,0,97.60124675650262,2.29680954037261,10.541660067284317,Type_A,Responder
P0798,5,69.7006488121149,1.9367740214194318,9.004003373785617,Type_A,Responder
P0798,14,36.585442687477894,1.4965530161909057,7.284947388950171,Type_A,Responder
P0798,22,20.730142497807872,2.9235357078634663,5.633933947905974,Type_A,Responder
P0799,1,57.65958982240704,7.6802271737476016,11.875118265413876,Type_A,Non-Responder
P0799,6,,,,Type_A,Non-Responder
P0799,13,145.74604186700847,6.030359185456078,14.211062196662692,Type_A,Non-Responder
P0799,20,250.70746294445664,6.114061695993302,15.63181552318282,Type_A,Non-Responder
P0799,25,359.85826327459404,7.147796331231551,17.007014494112024,Type_A,Non-Responder
P0799,33,598.4677585815635,7.8684762818180385,19.651173629189167,Type_A,Non-Responder
P0799,42,1074.9498756716944,6.042844573948579,22.53596058586394,Type_A,Non-Responder
P0800,0,11.698313786590266,5.235831878969025,5.233475553733976,Type_B,Responder
P0800,6,14.617468339328509,7.217524697681056,3.1150180048679106,Type_B,Responder
P0800,14,,7.080953462731953,1.5063359459380672,Type_B,Responder
P0800,20,18.426644436256193,6.49273796925966,1.0390913988289294,Type_B,Responder
P0801,0,61.75765388140344,8.496112975099518,6.5893118778387665,Type_A,Non-Responder
P0801,7,,7.8133086279832895,6.512700220304902,Type_A,Non-Responder
P0801,13,117.90371779327712,9.686368108861403,6.205851454331171,Type_A,Non-Responder
P0801,22,177.4469396867664,9.681196137366708,6.415284094080831,Type_A,Non-Responder
P0801,29,233.62247569827716,6.961525889089638,,Type_A,Non-Responder
P0801,35,277.1360955420014,8.322974558018274,6.571182233088874,Type_A,Non-Responder
P0802,1,65.97251790368965,7.653655072527816,6.119018244424883,Type_B,Non-Responder
P0802,4,76.91301581011035,7.631055149174386,6.479146086925016,Type_B,Non-Responder
P0802,13,116.03275790366685,6.875021052499788,7.921378424133841,Type_B,Non-Responder
P0802,19,158.8685334588073,6.940398760074161,9.297563121787787,Type_B,Non-Responder
P0802,26,237.01862338229773,6.2478350345287765,11.073307557513086,Type_B,Non-Responder
P0802,36,393.7265457956792,5.975504926092927,13.949601612402317,Type_B,Non-Responder
P0802,42,543.2090691506643,5.861177762527435,16.144506135711826,Type_B,Non-Responder
P0802,49,872.1447120940653,7.834139190970678,19.359932885279065,Type_B,Non-Responder
P0803,1,103.78528765280781,3.3326674310306688,7.422830591427011,Type_A,Responder
P0803,7,92.31922932576403,3.6311017944656183,5.379126246558675,Type_A,Responder
P0803,11,90.46344927345442,5.510133350029021,4.517586496714731,Type_A,Responder
P0803,22,82.02879763552124,,2.5928155373139794,Type_A,Responder
P0803,25,78.50256964990265,3.9624125486653874,2.1373421574088076,Type_A,Responder
P0803,34,,4.887894277717354,1.4778053541173772,Type_A,Responder
P0803,41,76.14159311981955,3.0030913861897415,0.930545543152727,Type_A,Responder
P0803,49,75.62282382700757,4.327871362022715,0.5604261039278257,Type_A,Responder
P0804,0,34.662580502493554,4.885956330018829,5.4813633286616135,Type_B,Responder
P0804,6,12.191149329181062,4.848848554810638,3.099205523183751,Type_B,Responder
P0804,13,3.0327578341712513,4.860654075140031,1.5716435292436524,Type_B,Responder
P0804,21,0.0,4.3515759743953435,0.8538430641298593,Type_B,Responder
P0805,0,80.20450473750776,0.88864123121011,4.147245499091011,Type_A,Non-Responder
P0805,4,81.22495820341072,1.7748271151111803,4.266227135548731,Type_A,Non-Responder
P0805,14,79.91241271139947,0.9827627758408066,4.822260846854288,Type_A,Non-Responder
P0805,21,86.86256132062462,0.8699129030337058,5.057292253042839,Type_A,Non-Responder
P0806,2,107.23584266589799,,9.383834173326099,Type_B,Responder
P0806,5,89.21835877540627,10.026544068425954,7.232729969648523,Type_B,Responder
P0806,15,75.73429019808614,,3.3391539363565985,Type_B,Responder
P0806,21,58.53244744062406,8.859045831739756,1.950527799878721,Type_B,Responder
P0806,24,52.18212144334432,7.898213641757226,1.4004998486509372,Type_B,Responder
P0807,0,50.91195352134239,4.97615191771538,8.16622510517677,Type_A,Non-Responder
P0807,7,47.87069163008987,6.491420834883346,8.34729002507105,Type_A,Non-Responder
P0807,12,43.501405316748574,4.6484685421087635,8.87433004328297,Type_A,Non-Responder
P0807,22,,,9.728956001201318,Type_A,Non-Responder
P0807,29,30.40245617266793,4.500815491805332,9.874483691071735,Type_A,Non-Responder
P0807,34,23.68405024191429,5.231705250195452,10.32385439337922,Type_A,Non-Responder
P0807,41,19.57490845171883,,10.761738691598351,Type_A,Non-Responder
P0808,0,12.286471005488348,9.347245850042762,9.624597724764966,Type_B,Responder
P0808,7,3.500912767887875,8.767001873493953,6.552207999374431,Type_B,Responder
P0808,14,3.9025279763338436,9.395077202694422,4.658063287226391,Type_B,Responder
P0808,18,0.0,10.469019842968084,3.973515506169383,Type_B,Responder
P0808,30,0.0,,2.07547808535915,Type_B,Responder
P0809,0,202.5120354301365,5.47406689621758,18.752591258357718,Type_A,Responder
P0809,3,150.75691415670101,4.3389739095058,17.829724385101276,Type_A,Responder
P0809,14,57.56797024211229,,15.386180770988048,Type_A,Responder
P0809,20,35.00322672185183,4.693997283639887,14.734834851263404,Type_A,Responder
P0809,24,21.836764429771815,1.8209225999012226,14.306950888706703,Type_A,Responder
P0809,33,,,12.595500984726733,Type_A,Responder
P0809,43,9.584997207075304,2.9757351234475777,10.973313729931439,Type_A,Responder
P0810,0,198.122371075741,,7.532659529130111,Type_B,Non-Responder
P0810,7,,4.360666197137968,7.682985122644235,Type_B,Non-Responder
P0810,12,,0.9876847077121651,7.489293148488153,Type_B,Non-Responder
P0810,19,561.137707379557,,7.749312300380513,Type_B,Non-Responder
P0811,0,34.567760040465764,4.533119539168347,8.993198986330421,Type_B,Non-Responder
P0811,6,66.5696382513707,4.996675397617653,9.631183078754097,Type_B,Non-Responder
P0811,13,130.1696308021243,4.6160191876570265,10.144486050488181,Type_B,Non-Responder
P0811,21,315.2104163945122,4.036261673568113,11.403257289899129,Type_B,Non-Responder
P0811,26,578.2393156107237,,12.763037741619689,Type_B,Non-Responder
P0811,33,1180.0063003706373,5.015635885819195,14.215914984233372,Type_B,Non-Responder
P0811,43,3264.5927749551724,2.935117610023534,16.021892230524603,Type_B,Non-Responder
P0811,46,4647.673868307044,5.899248485960671,16.770364230785567,Type_B,Non-Responder
P0812,1,,1.1123836695642335,4.627128188375956,Type_A,Non-Responder
P0812,5,114.96537763114722,3.4076854163829333,5.023774460205844,Type_A,Non-Responder
P0812,14,162.17283732061327,0.6212713631097948,7.301909240698761,Type_A,Non-Responder
P0812,20,202.79804438166536,3.196968248552192,8.485551841901433,Type_A,Non-Responder
P0812,27,242.14910318660912,1.2848063127758964,,Type_A,Non-Responder
P0813,0,28.74562777273198,9.259080286124997,9.309380795719612,Type_B,Responder
P0813,6,22.366526848000607,7.597280200659984,7.666706141873874,Type_B,Responder
P0813,14,13.537816349579945,,5.971373034873276,Type_B,Responder
P0813,19,11.317439081500462,7.239097433665477,5.2350365500219285,Type_B,Responder
P0814,0,28.036962927413587,9.368674241323903,5.4906568757411485,Type_B,Non-Responder
P0814,9,32.99292618518372,,5.195868927319786,Type_B,Non-Responder
P0814,12,35.11805598030498,8.303373129729234,5.233235720318011,Type_B,Non-Responder
P0814,20,41.38782810607189,9.177145934569745,,Type_B,Non-Responder
P0815,0,,,6.83138306244908,Type_B,Responder
P0815,6,61.847213883607836,4.579065300561228,3.5538070409978624,Type_B,Responder
P0815,15,37.899492344017546,,1.2088575564752684,Type_B,Responder
P0815,23,22.23186680128079,5.983553953813182,0.4363687672274291,Type_B,Responder
P0815,26,16.50021328240446,6.1368994971696065,0.5515964822033094,Type_B,Responder
P0815,34,11.052978595522386,6.58134659270375,0.1,Type_B,Responder
P0815,45,7.754161646878616,5.746440009170202,0.1,Type_B,Responder
P0816,1,51.67716567643561,2.379890825710145,4.810172802216364,Type_A,Non-Responder
P0816,6,89.15114162888031,2.125800775443819,5.745778353861282,Type_A,Non-Responder
P0816,12,209.7733856481976,0.6080379701235058,6.319926616698402,Type_A,Non-Responder
P0816,21,630.6139251176245,1.1582306271579637,8.183723090037198,Type_A,Non-Responder
P0816,29,1727.201389780436,0.8807593695207537,10.250485709005106,Type_A,Non-Responder
P0816,35,3770.951834930212,1.8474423533428863,12.375439703021287,Type_A,Non-Responder
P0816,41,7777.364417394223,1.4670786919648438,14.79981714816402,Type_A,Non-Responder
P0817,1,57.4495484211385,5.067987871176679,6.2117211112898465,Type_B,Non-Responder
P0817,8,84.41379447720077,4.223434201538039,6.2997920946126085,Type_B,Non-Responder
P0817,17,,6.350304346482052,6.5217192048779005,Type_B,Non-Responder
P0817,21,138.42954553902868,4.545423710842146,,Type_B,Non-Responder
P0818,0,308.67100012097745,,8.782273195709035,Type_A,Non-Responder
P0818,7,631.5298435646258,11.130261603397056,9.142699232815168,Type_A,Non-Responder
P0818,15,1568.5611922900061,9.243951545643558,9.220070131538208,Type_A,Non-Responder
P0818,18,2326.1849519269167,8.916811139953573,9.614993180418992,Type_A,Non-Responder
P0818,27,6415.430899752205,8.84741301432216,9.846722193453683,Type_A,Non-Responder
P0818,35,15772.056513640968,,9.741023734158707,Type_A,Non-Responder
P0819,1,,6.010840881784428,7.828671762193117,Type_B,Non-Responder
P0819,8,46.329957861205294,7.04367679148074,8.789070043524061,Type_B,Non-Responder
P0819,12,46.567609805368,,9.190860450921015,Type_B,Non-Responder
P0819,21,49.79845883063978,6.496921477383118,10.444050557720352,Type_B,Non-Responder
P0819,28,48.70485246651261,5.8749446314826645,11.56387579549888,Type_B,Non-Responder
P0820,0,410.395001567652,4.776098083990434,8.053100986240675,Type_A,Non-Responder
P0820,7,1109.2713329179408,5.149254823081757,11.34482728205915,Type_A,Non-Responder
P0820,14,3278.275457407475,3.3291428245339825,15.361668277426379,Type_A,Non-Responder
P0820,24,14482.494109590843,2.843517714858012,24.896940891522018,Type_A,Non-Responder
P0820,28,24707.130902599078,,29.828478001969234,Type_A,Non-Responder
P0821,0,83.05227192019142,,8.285763201744661,Type_B,Non-Responder
P0821,7,75.31292208218525,4.142561379565326,7.750685604472786,Type_B,Non-Responder
P0821,11,72.18331875390707,3.6831293050986633,7.884854513403929,Type_B,Non-Responder
P0821,20,56.447739341053854,2.60840516968488,7.2337087407466125,Type_B,Non-Responder
P0821,25,45.39066222386573,4.8128495730254395,6.512071511588999,Type_B,Non-Responder
P0821,36,38.033862771621735,4.453728145564705,5.798280692368993,Type_B,Non-Responder
P0821,43,40.80783924800226,1.2958204142901852,5.398217564154783,Type_B,Non-Responder
P0821,48,37.171844651422326,,5.191727613685027,Type_B,Non-Responder
P0822,0,187.86088191015938,,5.474741646504187,Type_B,Non-Responder
P0822,7,150.6001351668181,0.0,6.627610481976512,Type_B,Non-Responder
P0822,12,137.478168512091,2.148402645341821,7.645987285711897,Type_B,Non-Responder
P0822,20,108.05265964523869,2.116502698763023,9.16591982747679,Type_B,Non-Responder
P0822,26,106.48532457330623,1.318720932667984,11.540890358087239,Type_B,Non-Responder
P0823,1,45.69200620158574,,4.516002366632442,Type_B,Responder
P0823,7,46.73453721166372,3.1256280405636816,3.76784893643302,Type_B,Responder
P0823,13,35.91078496796568,1.5931517952263154,3.0825444939905022,Type_B,Responder
P0823,21,32.10709197579859,2.4035681578728427,2.7072973490464998,Type_B,Responder
P0823,28,31.050478097292675,2.7144461717743353,1.9394447103927064,Type_B,Responder
P0823,36,30.484831113652948,2.8333557174314197,1.5155168698912047,Type_B,Responder
P0823,42,29.92690146367425,3.0229720940211036,1.3901861153936101,Type_B,Responder
P0824,0,24.186073342777007,4.546364273344846,8.728508086386878,Type_A,Non-Responder
P0824,4,34.67922692992172,3.781900495415377,7.66074302383093,Type_A,Non-Responder
P0824,14,106.32997741777758,6.66803781110919,5.3354526656446355,Type_A,Non-Responder
P0824,20,213.14624517849964,6.7724368389399245,4.297111967296769,Type_A,Non-Responder
P0824,27,507.6376944562162,4.719103188062407,3.4164436408692658,Type_A,Non-Responder
P0825,0,141.5003240955266,6.938268971984737,12.887434424174183,Type_A,Responder
P0825,2,122.9709647482243,6.430232549156058,10.468336977411937,Type_A,Responder
P0825,12,58.57613312922171,7.902615228613216,3.803099307723757,Type_A,Responder
P0825,21,32.626014669500066,6.8749755850273155,1.3939022659227716,Type_A,Responder
P0825,26,22.454285006409535,5.831355191567059,0.9567255304866313,Type_A,Responder
P0825,35,11.107781978028127,6.12495855207225,0.29883068890359565,Type_A,Responder
P0825,44,6.143513270493381,5.872809995109551,0.17073202169186302,Type_A,Responder
P0826,0,317.5701187256117,5.377826883343878,4.065420700042305,Type_A,Responder
P0826,5,215.15722924490345,5.292317903062744,3.055155455474274,Type_A,Responder
P0826,15,110.72891677775021,,2.0490945409657693,Type_A,Responder
P0826,21,69.95682936081478,4.4832342653244055,1.475111281463076,Type_A,Responder
P0826,28,45.44153252133696,5.131925680626215,1.2180457779498055,Type_A,Responder
P0826,36,20.90447192474977,3.6589985710447617,0.8077619028221364,Type_A,Responder
P0826,41,14.460732969697,3.86003178181657,0.7014545622687124,Type_A,Responder
P0827,1,102.59384601188256,3.8710096982788222,,Type_A,Responder
P0827,8,49.88144828364887,5.985080282580477,3.112428994626353,Type_A,Responder
P0827,14,25.574759852254974,6.017410505418954,2.3824207889807623,Type_A,Responder
P0827,21,10.527934020469768,3.6461015892522477,1.1953384781567606,Type_A,Responder
P0827,30,3.8306660530028402,6.86337326570213,0.6073655082428298,Type_A,Responder
P0827,35,0.6077229658661181,3.702612336429355,0.786891893261417,Type_A,Responder
P0828,0,13.904233250995146,4.956380586511894,9.48422583958696,Type_B,Non-Responder
P0828,5,30.66426492275132,4.292184360484601,12.17051434185755,Type_B,Non-Responder
P0828,17,159.47135069484145,2.8750847843244838,,Type_B,Non-Responder
P0828,21,257.46431075591744,5.620431417247483,28.927523867972763,Type_B,Non-Responder
P0829,0,31.814153224042606,7.056391681615238,4.549347333424672,Type_A,Responder
P0829,8,5.983789330550401,6.8799586884993085,2.0144010597003446,Type_A,Responder
P0829,12,6.506880986337071,7.967850957607452,,Type_A,Responder
P0829,20,1.652511825256504,5.6694389762371955,0.8091732463315797,Type_A,Responder
P0829,29,2.356028931778379,5.738954582546443,0.19386473341529428,Type_A,Responder
P0829,34,0.0,6.25913350319944,0.1,Type_A,Responder
P0829,42,0.8447454816033221,7.171038977928836,0.1,Type_A,Responder
P0829,49,1.2609374465164918,5.570737664515719,0.1,Type_A,Responder
P0830,0,50.512435987068955,0.0,4.895648712393529,Type_B,Non-Responder
P0830,6,55.64779228287655,0.6524477889514789,6.568118784977393,Type_B,Non-Responder
P0830,11,60.97197958128048,1.358230067730299,8.220945342565686,Type_B,Non-Responder
P0830,20,77.83829152601751,1.6755168088069945,12.373510960566293,Type_B,Non-Responder
P0830,26,110.44024481308674,1.9977429678019893,17.00344232171531,Type_B,Non-Responder
P0830,32,135.11547381823135,,22.74797085058063,Type_B,Non-Responder
P0830,43,193.14184812504047,,39.46506087972962,Type_B,Non-Responder
P0830,49,,0.41027369179795115,53.62208968669195,Type_B,Non-Responder
P0831,0,42.1639785660065,8.079114512645003,3.7683504169749953,Type_A,Responder
P0831,7,17.52806594004368,8.84387372455095,2.7881450952723608,Type_A,Responder
P0831,14,10.152712330396138,7.831457564788966,2.175251456417084,Type_A,Responder
P0831,20,6.657572917124856,7.791476273559758,1.3624857246271198,Type_A,Responder
P0831,27,3.4554528046655513,9.77788395197317,1.0841412670802448,Type_A,Responder
P0832,0,,,10.972049519209632,Type_A,Non-Responder
P0832,7,118.08023490671663,6.999493687086386,10.764810598459645,Type_A,Non-Responder
P0832,14,142.62092741763405,6.89620187772669,10.32316061468589,Type_A,Non-Responder
P0832,21,166.24992257632425,6.44496654018144,10.088219933014035,Type_A,Non-Responder
P0832,25,,7.052003874936505,9.857636934237574,Type_A,Non-Responder
P0833,2,,1.8102122610421982,18.417173346313284,Type_B,Responder
P0833,6,,0.0,14.228129082290693,Type_B,Responder
P0833,12,2.276977685003903,2.989201379477593,9.738301850721315,Type_B,Responder
P0833,21,0.0,0.7704576498669264,5.227628493708101,Type_B,Responder
P0833,29,3.597764670616742,1.2736074481000936,2.986305928018465,Type_B,Responder
P0833,36,0.0,0.3204980385397378,1.882913962363028,Type_B,Responder
P0834,0,131.61941171652776,8.697577323637306,7.514343283007205,Type_A,Non-Responder
P0834,8,154.19498413117523,7.452256541887407,8.20055692773241,Type_A,Non-Responder
P0834,12,159.58982358368604,8.73047031317765,8.936059593860902,Type_A,Non-Responder
P0834,20,184.3078745592196,8.4331305337804,9.810617163641796,Type_A,Non-Responder
P0834,30,218.5228357100752,,11.625440088427238,Type_A,Non-Responder
P0834,32,214.44471514551228,8.711798932272956,12.113231100864907,Type_A,Non-Responder
P0834,40,235.29272581701545,5.941117143619378,13.693854103989786,Type_A,Non-Responder
P0834,51,282.66762275064156,8.987987558316995,16.46634571155563,Type_A,Non-Responder
P0835,1,31.91453151275632,4.6793112668341434,3.547117014942526,Type_A,Non-Responder
P0835,6,40.07152504819253,,3.4563975630570685,Type_A,Non-Responder
P0835,15,51.40356619942319,4.009654128380189,3.3513974492947414,Type_A,Non-Responder
P0835,22,62.7481483946909,5.4287737594667576,3.291922376668419,Type_A,Non-Responder
P0835,27,86.72390722887576,6.652193589363215,3.406644895829258,Type_A,Non-Responder
P0836,1,16.61525842614915,8.573024635978742,8.670489140725444,Type_B,Responder
P0836,8,5.937799793034218,6.141717773225453,4.037825122595736,Type_B,Responder
P0836,14,3.910154084591472,7.286103840127558,2.0801537908692165,Type_B,Responder
P0836,21,3.319715315995181,7.935126366320536,1.036285784253031,Type_B,Responder
P0836,27,,6.348912292500931,0.44549310069903963,Type_B,Responder
P0836,35,0.0,8.026499594202802,0.2967719557200966,Type_B,Responder
P0836,42,0.0,5.7794697309792475,0.1,Type_B,Responder
P0837,1,14.742916008146425,0.3524920111195548,12.189065573195895,Type_A,Non-Responder
P0837,7,14.531046781485959,1.7631038887526371,16.146344347528764,Type_A,Non-Responder
P0837,12,14.176065244097526,0.0,19.866770574936847,Type_A,Non-Responder
P0837,20,,0.4447138347276984,28.301919808946394,Type_A,Non-Responder
P0837,28,11.798269611054824,0.0,40.166429559435734,Type_A,Non-Responder
P0838,0,,6.542194055996983,3.9689581301784282,Type_B,Non-Responder
P0838,7,102.6296224950197,7.141551737179439,,Type_B,Non-Responder
P0838,11,128.885314104612,7.624531214506923,7.670357632842156,Type_B,Non-Responder
P0838,22,225.20477386149736,,14.169778443591401,Type_B,Non-Responder
P0838,25,261.1895413083616,6.818647567306471,17.61463355859235,Type_B,Non-Responder
P0839,0,35.26894651375987,6.159315842232266,16.5989664025124,Type_B,Non-Responder
P0839,6,51.00959866651125,3.961006219019163,,Type_B,Non-Responder
P0839,15,95.43852162987383,4.070459795318062,36.80339269169512,Type_B,Non-Responder
P0839,20,,6.2850906056082305,49.78982432819291,Type_B,Non-Responder
P0839,24,170.28347994948348,,61.31362960608362,Type_B,Non-Responder
P0839,34,,3.534168675004013,105.5634318091835,Type_B,Non-Responder
P0839,42,588.1140702753745,3.541744689245387,166.0306797724272,Type_B,Non-Responder
P0840,0,97.60020032936485,2.5349882647071595,15.83682678622518,Type_A,Non-Responder
P0840,7,124.60364713812764,,15.674729394484258,Type_A,Non-Responder
P0840,16,199.90011029204658,3.949083677543023,15.907402159513966,Type_A,Non-Responder
P0840,19,228.9734297973023,2.0284181790667475,15.777688602071821,Type_A,Non-Responder
P0840,28,328.08650097215434,2.5152484133964204,15.998929994256654,Type_A,Non-Responder
P0840,32,399.68019855700476,4.488449652815009,16.17167786690224,Type_A,Non-Responder
P0840,45,677.7144444859728,1.8554838257685105,16.245294870759693,Type_A,Non-Responder
P0840,50,875.1471392482043,2.3079733613289926,16.381085171654256,Type_A,Non-Responder
P0841,0,,2.9095153464465895,3.813902566151307,Type_B,Non-Responder
P0841,6,23.531800523500475,2.464231821494267,3.724005771472454,Type_B,Non-Responder
P0841,13,21.47239814550459,0.9097669518630807,3.7529349314996345,Type_B,Non-Responder
P0841,19,19.687650184497187,2.8591080341503625,,Type_B,Non-Responder
P0841,29,25.50922209341832,1.4032310092137412,3.455228177846955,Type_B,Non-Responder
P0841,35,20.428842406020202,3.0780853250323257,3.341930546071763,Type_B,Non-Responder
P0841,39,21.145989958781158,2.277618635308309,3.28866114852935,Type_B,Non-Responder
P0842,4,990.6043701474138,2.9099121557663574,7.693750813494407,Type_A,Responder
P0842,7,755.0708154443865,3.522691229573831,6.420703193837958,Type_A,Responder
P0842,9,610.873744770235,3.4904731623840193,5.77180989617365,Type_A,Responder
P0842,17,301.4242522925232,3.323117668738222,4.472167020685034,Type_A,Responder
P0842,28,113.44415491827101,3.6233160873320105,2.715229651663203,Type_A,Responder
P0842,36,54.178771978255476,4.440509363040558,1.7663190995565992,Type_A,Responder
P0842,42,29.18343033504638,,1.4765736080343494,Type_A,Responder
P0842,49,,4.652305437672314,1.1389563465462007,Type_A,Responder
P0843,0,54.85959693900336,8.09230905554034,10.415006997326042,Type_B,Responder
P0843,8,17.251163305690913,,7.944996793809387,Type_B,Responder
P0843,11,9.10431736955775,7.165628922169295,7.27437895319256,Type_B,Responder
P0843,18,2.859927002777217,10.252656374209918,6.1188929936001015,Type_B,Responder
P0843,26,0.2839163298939146,9.47555556368696,4.8816304352307505,Type_B,Responder
P0843,36,,9.253835420891441,3.8395710293997576,Type_B,Responder
P0843,42,0.0,9.540699098274693,3.1906008981773524,Type_B,Responder
P0844,2,43.99121621346188,3.7249313040573804,6.302143462195111,Type_A,Responder
P0844,8,21.978454039330224,5.6223817983251445,4.5206653813199695,Type_A,Responder
P0844,13,12.235804676049643,5.088298376170563,3.604801081842153,Type_A,Responder
P0844,21,3.049568556411148,4.481199359455491,2.414094826601707,Type_A,Responder
P0845,0,65.29895755447203,,3.645539958872709,Type_B,Responder
P0845,6,,2.8974827325869077,3.1630763275648937,Type_B,Responder
P0845,12,18.231216798244667,2.3043257106113493,2.6979581359426343,Type_B,Responder
P0845,20,6.907714320088111,2.4936253241603255,2.054614104537055,Type_B,Responder
P0845,28,2.721412060677711,2.2250447670341997,1.5711579490151708,Type_B,Responder
P0845,38,0.3517888704063329,2.7705230582642644,1.075395147892525,Type_B,Responder
P0845,40,1.4112047554557097,1.957978205229501,1.1336621173438155,Type_B,Responder
P0845,48,1.3505193404270366,2.449517803734546,0.7701310298576856,Type_B,Responder
P0846,0,43.569941978090206,3.6727725048816575,7.706795534198145,Type_A,Non-Responder
P0846,9,52.70156672438672,3.803530768362855,12.66239910044265,Type_A,Non-Responder
P0846,13,51.97442446981206,2.103236930995517,15.79845672859897,Type_A,Non-Responder
P0846,21,73.65586765199305,1.0258040559363446,24.169797146692986,Type_A,Non-Responder
P0846,27,78.68264549511109,3.7151938008603933,34.84905674630649,Type_A,Non-Responder
P0846,36,104.63825030195987,2.6007418471762698,58.84738152070983,Type_A,Non-Responder
P0846,39,111.64250757830821,3.625731950546335,70.50631537134153,Type_A,Non-Responder
P0846,47,138.34633930954467,2.304606905626582,110.34441582735329,Type_A,Non-Responder
P0847,0,142.79084812388294,8.02348489587924,6.016599049154143,Type_B,Non-Responder
P0847,7,302.22054413056674,7.776528946416091,6.871861792981939,Type_B,Non-Responder
P0847,16,822.393452855793,8.806431514042943,8.27058286758907,Type_B,Non-Responder
P0847,19,1230.5452848677974,7.704089271246107,9.138709675977704,Type_B,Non-Responder
P0847,27,3004.3397424528835,,10.539033762185682,Type_B,Non-Responder
P0847,37,9288.165185065967,7.803451940974733,12.222545649472345,Type_B,Non-Responder
P0847,42,16941.230561900735,9.435257023451813,13.416079692235662,Type_B,Non-Responder
P0847,49,36156.18110110084,8.148758534585905,,Type_B,Non-Responder
P0848,0,174.19933747060628,9.231498794774085,3.9062350541977584,Type_A,Responder
P0848,6,121.20548202839686,7.835987081114749,2.938805735934195,Type_A,Responder
P0848,14,75.75820743996155,8.376004691858725,1.6979706945631718,Type_A,Responder
P0848,20,62.560322162245775,9.30104860720119,1.3561102672349739,Type_A,Responder
P0848,27,,9.516706927545489,0.7651435835808581,Type_A,Responder
P0849,0,41.05470219259367,7.186016236710278,8.267348059716245,Type_A,Non-Responder
P0849,7,71.89115799588453,7.45011055037535,8.916174520045876,Type_A,Non-Responder
P0849,13,112.94764535516684,6.9727928907515695,9.526295159663636,Type_A,Non-Responder
P0849,22,,7.193886245226365,,Type_A,Non-Responder
P0849,27,268.4035319523252,5.214244338020843,10.383905396666805,Type_A,Non-Responder
P0850,0,181.33527689643097,9.542182474025891,4.784143175912382,Type_B,Non-Responder
P0850,5,138.62877474195992,8.815916144588147,6.179254169754083,Type_B,Non-Responder
P0850,12,89.30826291413082,10.317831271995008,8.983036345917787,Type_B,Non-Responder
P0850,19,68.06224340426655,6.020796337739176,12.607143116821348,Type_B,Non-Responder
P0851,2,73.68546505904271,8.340051388282637,7.976552254667708,Type_A,Non-Responder
P0851,7,72.54833711163228,8.212431696872263,9.540754383111851,Type_A,Non-Responder
P0851,14,,9.215904195420658,11.664412778464241,Type_A,Non-Responder
P0851,20,91.98766110024444,8.551161379554275,14.01948708060307,Type_A,Non-Responder
P0851,28,108.77505557468076,8.561774779540958,18.02326469342637,Type_A,Non-Responder
P0852,0,73.87034518024174,4.754030194362203,6.156837443120472,Type_A,Non-Responder
P0852,5,114.85500125180445,,6.555032892234004,Type_A,Non-Responder
P0852,13,238.37100184981216,6.809275761297873,6.964448405058848,Type_A,Non-Responder
P0852,19,,7.319157996538614,7.530924638630013,Type_A,Non-Responder
P0852,25,621.684224006795,,7.8047486543248255,Type_A,Non-Responder
P0853,0,21.690454800484403,0.38829936314646374,7.406994365493177,Type_A,Non-Responder
P0853,7,30.048531047788288,0.588774070134351,9.724737885302853,Type_A,Non-Responder
P0853,13,40.65394611206118,2.1207342701668237,12.268946105841726,Type_A,Non-Responder
P0853,22,57.74220682337463,0.5995911406903486,17.743801608676545,Type_A,Non-Responder
P0853,26,66.88373132254867,0.39924048441862725,21.00976842899711,Type_A,Non-Responder
P0853,37,93.34971343225426,0.3867587701497541,33.93637522608938,Type_A,Non-Responder
P0853,45,136.59794843564788,2.805752986197506,48.088239838746894,Type_A,Non-Responder
P0853,49,149.28957361020923,0.0,56.26594634476173,Type_A,Non-Responder
P0854,0,69.47507666853518,2.561495374729464,6.045430756098693,Type_A,Non-Responder
P0854,5,104.50055315462072,2.6036107048108468,8.125576694149919,Type_A,Non-Responder
P0854,12,184.895560914982,,11.47639299551133,Type_A,Non-Responder
P0854,19,338.5821443197318,3.6217592867075563,16.93935813159847,Type_A,Non-Responder
P0854,26,685.3987942960655,4.243706865162234,25.405202322539274,Type_A,Non-Responder
P0854,35,1559.4327648253861,4.682694403770275,40.20605767898665,Type_A,Non-Responder
P0855,0,129.84241478893716,,5.273025235342729,Type_B,Responder
P0855,8,54.575557800494956,4.722419072223455,3.3189933044036946,Type_B,Responder
P0855,14,25.569245616959062,4.313607359816927,2.4610731333227025,Type_B,Responder
P0855,21,13.007029595870003,4.1774651515970325,1.8286561305611855,Type_B,Responder
P0856,0,,2.1081447398559803,8.753115574882484,Type_A,Non-Responder
P0856,4,21.128721800157106,3.8018691215647475,7.332999434132114,Type_A,Non-Responder
P0856,12,49.24049166441143,3.6993625288310703,5.369869786243364,Type_A,Non-Responder
P0856,20,98.32237523057827,3.2912742272340627,3.930690875668891,Type_A,Non-Responder
P0856,26,163.6187480653945,,3.128599738569752,Type_A,Non-Responder
P0856,34,347.79718611568194,0.5518773881289136,2.200150127741188,Type_A,Non-Responder
P0857,1,31.05146149243499,6.883603399888836,6.850287262307374,Type_A,Responder
P0857,4,26.640794780858254,7.598580637451714,5.31992899074961,Type_A,Responder
P0857,12,16.814594672344015,6.5903269182480315,2.8247261988699557,Type_A,Responder
P0857,21,9.880628749969858,7.9440268547139565,1.5042760158079902,Type_A,Responder
P0857,29,3.260269326142518,6.983570343866925,0.9245616675902543,Type_A,Responder
P0857,35,3.1663381690078647,7.3274426382428715,0.5372446651864178,Type_A,Responder
P0857,43,0.0,6.437954428677948,0.3413388441171538,Type_A,Responder
P0857,48,,8.586693321158004,0.33773177300769963,Type_A,Responder
P0858,0,13.407478355800784,,2.834126947404608,Type_B,Non-Responder
P0858,8,9.359977495568337,8.597082346437698,3.4321093801401803,Type_B,Non-Responder
P0858,13,7.592359323632275,8.874981179618548,4.254595860669669,Type_B,Non-Responder
P0858,18,5.245842538348725,10.686767819871525,4.901137309370966,Type_B,Non-Responder
P0858,29,,8.921013432020052,6.733528358421087,Type_B,Non-Responder
P0858,34,3.630582220254694,7.7822700317611595,7.844152483393437,Type_B,Non-Responder
P0858,42,6.416261797907709,8.298175824868796,10.195858351383544,Type_B,Non-Responder
P0858,48,3.6428488000025347,9.9847763834732,12.355683562397335,Type_B,Non-Responder
P0859,0,84.1811329908967,1.461316572538999,4.338708230539298,Type_A,Non-Responder
P0859,8,131.10741956361304,0.4541173505794869,6.25494971478282,Type_A,Non-Responder
P0859,13,168.23072652150827,1.3467696706651924,8.250681524512524,Type_A,Non-Responder
P0859,22,280.6227390947301,2.884166389713444,13.425660413161815,Type_A,Non-Responder
P0859,29,421.148635805192,0.5804483228975601,19.142608187788497,Type_A,Non-Responder
P0859,36,606.622965715919,1.9727371677480185,26.875469809456703,Type_A,Non-Responder
P0860,0,70.9663548645804,,14.608790770183173,Type_B,Non-Responder
P0860,8,101.08513904207513,5.605280811677605,,Type_B,Non-Responder
P0860,15,137.9470590455485,7.138596006920913,24.442371417460564,Type_B,Non-Responder
P0860,20,165.04972016159962,4.15946705319594,30.062755137164853,Type_B,Non-Responder
P0860,26,194.11271240311314,5.842250017447307,37.16728164462241,Type_B,Non-Responder
P0860,34,265.770595998555,7.2304028710928225,48.12680650776444,Type_B,Non-Responder
P0860,39,340.5865134689959,4.926258783174984,57.66214819565861,Type_B,Non-Responder
P0861,1,28.93020754649035,3.096473122504228,9.023790935205886,Type_B,Non-Responder
P0861,5,37.65924040321381,3.4553416236705954,8.914502452717914,Type_B,Non-Responder
P0861,13,52.40632324637639,2.3006467037490275,9.084833713026725,Type_B,Non-Responder
P0861,20,67.55329489158328,3.4750149562405683,9.227738660619579,Type_B,Non-Responder
P0861,25,75.42210978219191,5.3643596320675435,9.42731024523211,Type_B,Non-Responder
P0861,32,102.33987885130865,3.196190498880728,,Type_B,Non-Responder
P0862,1,9.076143759069524,2.129148836182583,7.994407606109615,Type_B,Non-Responder
P0862,5,11.730141918263985,1.3385754084746722,8.913578561247238,Type_B,Non-Responder
P0862,14,,2.5691341389215157,10.877228366218842,Type_B,Non-Responder
P0862,22,75.42025305179044,2.1752039888242525,12.878908150258049,Type_B,Non-Responder
P0862,27,139.06899728699582,0.787625065024607,14.651503834987125,Type_B,Non-Responder
P0862,34,303.75763702768234,1.6374682868021806,16.939640733789993,Type_B,Non-Responder
P0862,42,808.1055963591928,1.5968461553540454,19.99036968955307,Type_B,Non-Responder
P0862,48,1643.7112671618559,2.6031447803336762,23.455868362465967,Type_B,Non-Responder
P0863,0,49.30412360766436,0.6861625764747198,5.549231472445503,Type_A,Non-Responder
P0863,7,27.69816994111591,0.0,4.335920233082744,Type_A,Non-Responder
P0863,17,13.316833763190477,1.9182008159052861,3.2545709722917837,Type_A,Non-Responder
P0863,22,7.561402231601365,1.193977436781232,2.7602961299227937,Type_A,Non-Responder
P0863,28,4.01448020683217,,2.3207783251467973,Type_A,Non-Responder
P0863,34,,,1.9815533906096103,Type_A,Non-Responder
P0863,42,2.532283144704609,0.0,1.4910633143605734,Type_A,Non-Responder
P0863,50,0.2605857995376355,1.5561881150890553,1.1744963823984182,Type_A,Non-Responder
P0864,0,52.14236399850885,1.1522558294556347,6.465171085023294,Type_B,Non-Responder
P0864,6,,3.863122484457153,6.517593411160858,Type_B,Non-Responder
P0864,15,135.5292821254884,3.9537130582103064,6.121713596022492,Type_B,Non-Responder
P0864,21,208.4909833730711,,5.965796026504827,Type_B,Non-Responder
P0864,27,325.71656161817594,4.038559521732597,5.802116324809916,Type_B,Non-Responder
P0864,35,539.2818019060758,2.852613733668506,6.073070441309493,Type_B,Non-Responder
P0864,43,,4.49354110796115,5.810508313618626,Type_B,Non-Responder
P0865,0,18.86006570358237,2.651245469573761,4.987492326363254,Type_A,Responder
P0865,7,12.989919558000988,,3.0660343494213786,Type_A,Responder
P0865,13,4.160081024675639,3.7676290785437594,1.9794708801531493,Type_A,Responder
P0865,19,4.325532102758207,3.5291596908549243,1.2322076095425467,Type_A,Responder
P0865,28,0.0,3.1515224100409513,0.5413610002986335,Type_A,Responder
P0866,0,212.85582450327192,3.4831493107725526,9.85688046824677,Type_B,Responder
P0866,8,129.66297001825313,,7.109848127245541,Type_B,Responder
P0866,14,95.59216928110462,4.991281290811748,5.339447310389282,Type_B,Responder
P0866,22,61.522543810615375,2.365141866249563,3.994397654313929,Type_B,Responder
P0866,28,38.319875390480014,,2.920427820310564,Type_B,Responder
P0866,35,25.528030142304935,4.175551807591257,2.157120216458711,Type_B,Responder
P0867,2,93.51920795182292,3.0230870461901636,10.151279101330267,Type_A,Non-Responder
P0867,8,84.2114839894183,2.9235191314579905,11.462296941771807,Type_A,Non-Responder
P0867,13,,1.7333899960665646,12.849759402439524,Type_A,Non-Responder
P0867,20,64.75196345010713,2.6559900669024548,14.817005196581986,Type_A,Non-Responder
P0867,25,60.242128629807034,,16.81833045709623,Type_A,Non-Responder
P0867,32,52.41668013298879,2.979657912636528,19.08396923327895,Type_A,Non-Responder
P0868,0,23.610984746164988,,5.047283577348213,Type_A,Non-Responder
P0868,6,58.94098481237386,7.788063436524242,4.8115214707205745,Type_A,Non-Responder
P0868,12,162.68361575204733,7.954483370997559,4.435554921904413,Type_A,Non-Responder
P0868,22,868.5756404283883,,4.192582639419734,Type_A,Non-Responder
P0868,29,2805.98902077141,10.010023453809398,3.9585687412963373,Type_A,Non-Responder
P0868,32,4599.420233260973,9.608456672289407,4.040027591277023,Type_A,Non-Responder
P0868,41,,9.05637375698438,3.9746236911492288,Type_A,Non-Responder
P0868,47,57446.79527490721,11.418944671572653,3.6595216552960435,Type_A,Non-Responder
P0869,0,,9.646394675536248,5.359756483810448,Type_B,Non-Responder
P0869,3,36.45684623162067,8.36136940676254,5.3629123317726775,Type_B,Non-Responder
P0869,12,213.82796580522435,6.024977653761823,4.912615806362653,Type_B,Non-Responder
P0869,19,801.2540488744015,9.457355968220766,4.7084595073047595,Type_B,Non-Responder
P0870,0,318.60455105263685,8.986639116307893,7.233217265215331,Type_A,Non-Responder
P0870,6,462.44021296389604,10.044057079061583,8.684731073941922,Type_A,Non-Responder
P0870,15,797.1929415313564,9.85666639040392,11.9377194716743,Type_A,Non-Responder
P0870,20,1076.552952758143,8.196463361829757,13.975157951973637,Type_A,Non-Responder
P0871,0,,2.506982113104799,4.5224936194530905,Type_A,Responder
P0871,5,16.957823648468658,2.683264793256475,3.592382244355194,Type_A,Responder
P0871,16,9.136129172128793,2.8221355899518286,2.190434292951386,Type_A,Responder
P0871,22,6.691164613456649,,1.6844670716200265,Type_A,Responder
P0871,29,6.346636668509779,,1.246151223867478,Type_A,Responder
P0872,0,141.95936682059866,9.10629915175168,6.951950731757566,Type_A,Non-Responder
P0872,6,124.70990816454237,9.673727566485852,7.9081397868093015,Type_A,Non-Responder
P0872,14,121.44803934899961,,10.652086272524816,Type_A,Non-Responder
P0872,20,115.46130856480339,7.290665450491795,12.663246059473021,Type_A,Non-Responder
P0872,26,108.35197979100774,,14.992268415821911,Type_A,Non-Responder
P0873,0,9.694998153795606,8.571080580276998,9.771444044618976,Type_A,Responder
P0873,8,9.202298594134733,7.417530387268239,6.064327283043068,Type_A,Responder
P0873,13,11.022894262169583,8.822063598140643,4.423448446944716,Type_A,Responder
P0873,21,13.673503576086638,10.32448349704132,2.9499008665732553,Type_A,Responder
P0874,0,9.536203354976777,7.367372290747269,8.439695316004117,Type_A,Non-Responder
P0874,9,15.857919225576385,7.108536481816006,10.226490655441944,Type_A,Non-Responder
P0874,15,20.558954067862896,7.9882552515149685,11.437723273668798,Type_A,Non-Responder
P0874,21,21.1836816551826,6.310028214775488,12.332139678740601,Type_A,Non-Responder
P0874,30,23.770599966056857,,14.790987820407372,Type_A,Non-Responder
P0874,36,,7.206617741499687,15.786822268799066,Type_A,Non-Responder
P0875,0,48.721033237958686,,32.96479905188448,Type_B,Non-Responder
P0875,8,,4.993323080078197,,Type_B,Non-Responder
P0875,14,,5.938939036941903,26.828244250455967,Type_B,Non-Responder
P0875,18,128.0279083440885,5.573063233499365,24.80840705032473,Type_B,Non-Responder
P0875,27,240.08658872288927,,21.681666307103377,Type_B,Non-Responder
P0876,2,36.839991268038624,6.1542226687318555,4.65386759344784,Type_A,Non-Responder
P0876,8,36.01381265842388,5.974465198361553,5.003682137738098,Type_A,Non-Responder
P0876,16,41.893974345339,5.430682518885944,6.41936892002928,Type_A,Non-Responder
P0876,19,45.66550670150536,6.749779291420846,7.019799520675601,Type_A,Non-Responder
P0877,3,39.996153480412744,2.6669646146092116,8.323090711559523,Type_B,Responder
P0877,7,26.13184312841551,5.489535466145044,,Type_B,Responder
P0877,17,10.024295170032474,4.2221595423317275,4.366071474740664,Type_B,Responder
P0877,20,,4.696215035841203,3.8097718019850357,Type_B,Responder
P0877,26,4.628004680421088,4.679581992335565,2.8825995130302764,Type_B,Responder
P0877,36,0.0,4.965827897431232,1.9593366788514561,Type_B,Responder
P0877,44,2.185828664150006,3.2846571674188256,1.2067674799535089,Type_B,Responder
P0877,50,0.0,6.638625954195556,0.8965334896021914,Type_B,Responder
P0878,1,133.30789315307229,7.152895575232798,11.359525348404924,Type_B,Non-Responder
P0878,6,172.26789340528384,6.277571632517931,13.668641957929022,Type_B,Non-Responder
P0878,14,273.70918720258913,7.284720094511953,18.156731862871524,Type_B,Non-Responder
P0878,17,346.7639078537808,8.444634655689308,19.99524500751449,Type_B,Non-Responder
P0878,28,666.0282289230207,9.626111594041873,28.481664875679897,Type_B,Non-Responder
P0878,37,1093.0537608160084,8.05007334052633,37.446486313476484,Type_B,Non-Responder
P0879,3,40.83967489659368,6.710766094495842,3.6726587004903926,Type_B,Responder
P0879,6,33.33784926787902,,3.390598634626876,Type_B,Responder
P0879,12,20.953266385101717,7.053679954911118,2.2419155213824586,Type_B,Responder
P0879,20,16.02419466310342,8.274281095654503,1.4001332670298692,Type_B,Responder
P0879,26,10.995311326457422,,1.056102749735043,Type_B,Responder
P0879,35,7.250726901640801,4.811727642025877,0.823537558608496,Type_B,Responder
P0879,42,4.995650483756592,7.23446716139385,0.41888996613936014,Type_B,Responder
P0879,50,3.1677695885081074,6.217667396511127,0.515544022813816,Type_B,Responder
P0880,0,15.341059656307648,8.148308717484538,6.832723972508708,Type_A,Non-Responder
P0880,4,14.683388188382335,8.969631533906792,8.468060724411794,Type_A,Non-Responder
P0880,11,12.435764129384483,8.1973028465333,,Type_A,Non-Responder
P0880,21,11.460102510343912,,20.617988670227064,Type_A,Non-Responder
P0880,29,16.95236701717745,6.945365899956142,32.34149154105181,Type_A,Non-Responder
P0880,33,11.927047086966274,,40.901894305165406,Type_A,Non-Responder
P0880,43,10.940809619236092,8.15930101463137,71.59447438872643,Type_A,Non-Responder
P0881,0,101.19718527329951,8.261643060149751,8.956761134752295,Type_B,Non-Responder
P0881,9,,7.958105231115889,15.164145243716998,Type_B,Non-Responder
P0881,14,345.9570092987432,8.666971314818023,19.711774475563075,Type_B,Non-Responder
P0881,19,527.5414836085217,7.041422949721462,,Type_B,Non-Responder
P0882,0,19.31937842700711,0.2552331657713718,5.160674847870165,Type_B,Responder
P0882,7,9.89533106620653,4.159827423625513,2.023909112201252,Type_B,Responder
P0882,15,4.57587982028678,4.340322804683936,0.8003765279272859,Type_B,Responder
P0882,19,6.624930741548588,3.180807375340319,0.4412221306679721,Type_B,Responder
P0882,27,2.725358370043174,2.8208380724690847,0.22267241449413563,Type_B,Responder
P0882,33,3.2492273459242234,2.2987335375295634,0.1,Type_B,Responder
P0882,43,1.3818140580055425,4.135085028697256,0.1,Type_B,Responder
P0882,49,0.545622556458825,2.8565337039513503,0.1,Type_B,Responder
P0883,0,,2.544285941945565,10.174401969036467,Type_A,Non-Responder
P0883,8,20.99578618168623,1.6401717555415516,11.169820557521348,Type_A,Non-Responder
P0883,14,33.35610099807308,0.9645104183371598,12.024109689102925,Type_A,Non-Responder
P0883,19,,2.902305782473036,12.47183317485832,Type_A,Non-Responder
P0883,27,75.13776168079724,0.8649145101158213,13.908611066623578,Type_A,Non-Responder
P0883,34,104.20025501426986,1.7446210587329436,14.73111498023971,Type_A,Non-Responder
P0883,40,158.578842372592,,16.146248367862167,Type_A,Non-Responder
P0883,48,253.51247113055786,1.7112158950585088,17.459220390149532,Type_A,Non-Responder
P0884,0,582.6458255366047,,7.826359453460804,Type_A,Non-Responder
P0884,6,767.2060412180347,4.261642466245706,9.832389928853257,Type_A,Non-Responder
P0884,15,1128.6260083138259,2.9892518859312283,13.69937742022039,Type_A,Non-Responder
P0884,20,1485.1769973438306,4.27432576082077,16.905367849747,Type_A,Non-Responder
P0884,28,2179.5873476847946,3.5927881919890083,22.728679242615094,Type_A,Non-Responder
P0884,33,2865.8517395580584,5.203278432622118,27.550298151520607,Type_A,Non-Responder
P0884,42,4424.294904234979,4.588124445652977,38.63100069649108,Type_A,Non-Responder
P0884,50,7022.242127622355,2.719627112270933,,Type_A,Non-Responder
P0885,0,68.58943297391889,5.1823174546001365,6.192914638157121,Type_A,Non-Responder
P0885,7,96.37285113417995,5.870766606273643,6.155481012070634,Type_A,Non-Responder
P0885,13,118.65576609566143,4.064308457437709,6.205967373034964,Type_A,Non-Responder
P0885,22,140.67931605697342,4.400882626646151,6.03648024569008,Type_A,Non-Responder
P0886,2,2.4595087328767233,,5.049880928397851,Type_B,Responder
P0886,5,,,,Type_B,Responder
P0886,14,0.0,3.0259652103569623,3.001490178033415,Type_B,Responder
P0886,20,0.0,2.0743674505717973,2.423502521432271,Type_B,Responder
P0887,0,120.73577954028562,3.516252366177917,9.901599695292782,Type_B,Non-Responder
P0887,7,164.78850173950497,3.5107257189361896,14.081309189122374,Type_B,Non-Responder
P0887,14,224.54161360713,5.0334203689745785,19.21610550041038,Type_B,Non-Responder
P0887,22,316.7142591753513,3.5148418284261216,26.935825788845566,Type_B,Non-Responder
P0887,30,440.92584790366027,3.786179473994862,37.547766345121374,Type_B,Non-Responder
P0887,32,453.7772138033726,2.2235605778249,40.74695177664437,Type_B,Non-Responder
P0887,42,722.4240292904884,2.7301510543592062,63.474935491702766,Type_B,Non-Responder
P0888,0,140.01291415430683,3.1195152280044534,10.45742898086598,Type_B,Responder
P0888,9,119.66905186763502,2.664527515183879,,Type_B,Responder
P0888,14,121.6113756237744,1.8633971819353166,3.6398704791885415,Type_B,Responder
P0888,23,107.52724824281012,2.882516529260469,1.8531155701064195,Type_B,Responder
P0888,24,109.08900504659806,3.332428398645919,1.8404368825431892,Type_B,Responder
P0888,33,85.87302593029372,4.3963833126750345,0.9451599768562426,Type_B,Responder
P0888,41,78.97053189832013,2.494154038272277,0.45046911753370145,Type_B,Responder
P0889,0,35.6003999915162,9.475745928627605,5.4070108249299285,Type_B,Non-Responder
P0889,9,83.4103186929483,7.495955300271566,5.367859254703608,Type_B,Non-Responder
P0889,13,114.75273543480716,9.17008356748434,5.355120836345351,Type_B,Non-Responder
P0889,19,195.91024661515618,8.27489481118934,5.226940210555811,Type_B,Non-Responder
P0890,0,68.4993703074663,2.352668023103746,6.287071333247355,Type_A,Non-Responder
P0890,5,87.21294914536067,2.774213805955579,6.418902410725659,Type_A,Non-Responder
P0890,14,135.9218038806176,1.0650910554516382,5.710648703762551,Type_A,Non-Responder
P0890,19,178.53516554860533,1.7089988371136438,5.723170839719842,Type_A,Non-Responder
P0890,28,,1.7900583265106178,5.091243420688903,Type_A,Non-Responder
P0890,34,,2.5592451108233245,5.144132373267103,Type_A,Non-Responder
P0890,43,467.9643078389884,2.057684762588327,4.694302854700145,Type_A,Non-Responder
P0890,49,610.6027326875155,,4.529574185335526,Type_A,Non-Responder
P0891,0,313.2346516561096,6.507469007515004,8.50710728880829,Type_A,Responder
P0891,8,157.54664920265444,7.6694200122600495,6.434570079682436,Type_A,Responder
P0891,11,124.76884655435217,5.807577044271203,5.74129108280745,Type_A,Responder
P0891,20,52.783632665194304,6.393660629445641,4.311517497427356,Type_A,Responder
P0891,23,36.94578233056889,6.126084798241594,3.9158072968247257,Type_A,Responder
P0891,35,13.913075574617615,4.965329245113667,2.441723209990358,Type_A,Responder
P0891,41,5.562424914405215,5.712386344073088,1.9156258307716536,Type_A,Responder
P0892,2,75.11930326546836,6.734510752868835,4.080527964894047,Type_A,Responder
P0892,6,38.5817665577477,7.359907817282606,2.9433691347065936,Type_A,Responder
P0892,14,3.1749808208266233,6.526618199933512,1.7459904917066988,Type_A,Responder
P0892,19,2.1871386124685532,7.013989083838192,1.3983838686116163,Type_A,Responder
P0892,29,0.0,8.735239898583076,0.6041810316478538,Type_A,Responder
P0892,35,0.6812716260365828,5.680912461566464,0.39084543396332,Type_A,Responder
P0892,40,,,0.1370767715925154,Type_A,Responder
P0892,48,1.1989339615918084,7.9717875159414815,0.1,Type_A,Responder
P0893,0,60.961894586727,4.951681083272809,4.014111295327352,Type_B,Non-Responder
P0893,8,,4.609471258843981,3.962171036185408,Type_B,Non-Responder
P0893,13,129.53445522222148,3.8561164476115426,4.35010113500228,Type_B,Non-Responder
P0893,20,174.0290751640253,2.6095424795222906,4.495069155142,Type_B,Non-Responder
P0893,28,259.0993869089557,4.227701049616958,4.539945611915293,Type_B,Non-Responder
P0893,36,,4.5506461106734335,4.832002818307597,Type_B,Non-Responder
P0893,42,466.03017489398417,3.6992410199849597,4.708143313019419,Type_B,Non-Responder
P0893,50,692.9495116107823,4.110007154030922,5.130344013979215,Type_B,Non-Responder
P0894,0,67.37239608321134,8.943732390469227,5.939855747102348,Type_B,Responder
P0894,7,30.74255046324748,,5.014135197492493,Type_B,Responder
P0894,14,,7.024618282612694,3.948747467404288,Type_B,Responder
P0894,20,7.397951087296281,7.430715391328819,3.2684003511514765,Type_B,Responder
P0894,25,9.949303616590575,7.81143186613281,2.480186532049628,Type_B,Responder
P0895,0,52.40140764977919,,10.806887278201474,Type_B,Responder
P0895,7,21.80696780662273,0.0,6.602225114885605,Type_B,Responder
P0895,14,7.6456878578876575,0.0,4.211661082043424,Type_B,Responder
P0895,20,4.4020059838094,0.0,3.0463336042927005,Type_B,Responder
P0896,0,46.09849405623281,4.741505982993423,5.78048391750883,Type_A,Responder
P0896,7,28.66863470488768,4.241686722419492,3.9463242665611475,Type_A,Responder
P0896,14,13.04762983487572,4.103533988323446,2.614369726664732,Type_A,Responder
P0896,19,8.777964115703591,5.5928319892799445,2.0901636501709024,Type_A,Responder
P0896,25,5.834967872986128,4.079412309291527,1.5946240673945324,Type_A,Responder
P0896,33,1.3868894641961995,5.405989473117861,1.0182664484274733,Type_A,Responder
P0896,41,0.0,4.638943482999692,0.6968259053998802,Type_A,Responder
P0897,1,36.662311665990785,9.294891863660519,11.11106889579925,Type_B,Non-Responder
P0897,3,40.4234904493959,8.043176360966282,11.982543827803879,Type_B,Non-Responder
P0897,12,63.88015158056133,10.642179398352017,17.454855193937306,Type_B,Non-Responder
P0897,21,,9.830114661685425,26.236357166179726,Type_B,Non-Responder
P0897,32,186.94689288182832,7.272598182782858,43.53066707636498,Type_B,Non-Responder
P0897,35,,9.021404495772604,50.22997702925982,Type_B,Non-Responder
P0897,42,296.40644862708956,9.938276371695768,68.29681644616585,Type_B,Non-Responder
P0898,0,11.916134718541723,4.073587584614686,5.227473617550502,Type_A,Responder
P0898,3,7.923689093640234,5.888991818435349,4.700135872681984,Type_A,Responder
P0898,14,3.4488559230101297,5.034500604763221,2.942931695228839,Type_A,Responder
P0898,21,5.316804368642203,4.710290462060738,2.190478230686142,Type_A,Responder
P0898,29,0.0,,1.3589737535829394,Type_A,Responder
P0898,32,1.6268861025234642,3.8039922637571575,1.5183173230289986,Type_A,Responder
P0898,42,0.0,4.93406730916961,,Type_A,Responder
P0898,48,,4.787272715614938,0.7000806413084578,Type_A,Responder
P0899,1,,0.11903656622559433,25.458850929797425,Type_A,Non-Responder
P0899,6,575.1569677838245,0.33299562529059457,29.959419500501234,Type_A,Non-Responder
P0899,13,851.7913159604252,0.0,37.500125683774954,Type_A,Non-Responder
P0899,19,,0.4930813162599461,44.265955151408356,Type_A,Non-Responder
P0899,29,,1.6510719177138373,62.62815428217419,Type_A,Non-Responder
P0899,38,2967.6952098883157,,80.33011312159681,Type_A,Non-Responder
P0900,0,153.75468189190133,4.703931088083964,5.89703516006057,Type_B,Non-Responder
P0900,8,115.6476300859599,4.038199814418292,6.7663066492823765,Type_B,Non-Responder
P0900,14,87.16041322271144,6.8305033198897105,7.216012419347734,Type_B,Non-Responder
P0900,19,68.29004664945049,5.448963175368793,7.920359300757484,Type_B,Non-Responder
P0900,27,50.13477531337779,4.129888501226103,8.657400805668399,Type_B,Non-Responder
P0900,34,38.96761136960988,4.500639307720366,9.423065218600742,Type_B,Non-Responder
P0900,43,30.48908553083779,3.720233520917266,10.468504919113856,Type_B,Non-Responder
P0900,51,19.416766618483834,5.571846609245074,11.800119162891116,Type_B,Non-Responder
P0901,1,155.35950971688573,10.445570961133123,20.450132845635135,Type_B,Non-Responder
P0901,5,201.23988850510875,7.961279152727481,20.87051865608234,Type_B,Non-Responder
P0901,15,359.4700205100966,10.36744188686494,19.907628825705384,Type_B,Non-Responder
P0901,21,555.016096162349,8.891081841269548,18.79552448702461,Type_B,Non-Responder
P0901,26,697.8918105866588,8.890847361637363,18.014523758656015,Type_B,Non-Responder
P0902,1,48.520595826717525,2.7587712760730696,7.940663974064911,Type_B,Non-Responder
P0902,4,44.671157970956,1.1637072369277068,9.725163315045156,Type_B,Non-Responder
P0902,12,38.15991162701333,2.788755364591701,17.207541990336082,Type_B,Non-Responder
P0902,20,28.28922095289053,1.4744861705108696,29.720716485627072,Type_B,Non-Responder
P0902,27,20.7245256656302,1.7029991509120663,48.24382069492961,Type_B,Non-Responder
P0902,37,11.823572878889546,3.804893301778737,96.84361224615077,Type_B,Non-Responder
P0902,42,12.265664817754082,2.6596129535550115,138.1737168317702,Type_B,Non-Responder
P0902,48,11.763650948488468,1.5809745102613602,202.98402299095858,Type_B,Non-Responder
P0903,0,83.28066794861478,4.128989239914838,15.153707113352354,Type_B,Non-Responder
P0903,8,58.78334436250285,,13.211207861267571,Type_B,Non-Responder
P0903,15,47.61667937010155,5.306159663332572,11.850587475065357,Type_B,Non-Responder
P0903,18,40.813947453272114,5.658726298876218,11.130916317906541,Type_B,Non-Responder
P0903,27,28.862175726026695,4.420754914631224,9.817703316613347,Type_B,Non-Responder
P0903,36,23.39024621710368,5.072057312302465,8.328731094567127,Type_B,Non-Responder
P0904,0,589.4331733363819,5.78205585183916,7.625255601877639,Type_A,Responder
P0904,5,314.72230933919764,4.855362059523788,5.400279498285113,Type_A,Responder
P0904,14,,5.626670147888651,2.7542091164255087,Type_A,Responder
P0904,22,34.997291164324835,6.006785515254462,1.3383198654755128,Type_A,Responder
P0904,26,19.90492556461753,5.647315724724696,0.9091070650619104,Type_A,Responder
P0904,36,4.364884301508913,5.0928156441903525,0.448185736355171,Type_A,Responder
P0904,40,,,0.3215605836843227,Type_A,Responder
P0905,0,162.054099890561,5.4189876831172965,,Type_A,Non-Responder
P0905,6,202.66562357825342,,4.898953116348136,Type_A,Non-Responder
P0905,13,275.4904709854264,5.795021378908145,4.970849948688363,Type_A,Non-Responder
P0905,22,393.0557643928366,5.600510228260532,5.125679298227639,Type_A,Non-Responder
P0905,28,,6.056260252635967,4.857885837737137,Type_A,Non-Responder
P0905,33,634.7269077340643,,4.673683956417496,Type_A,Non-Responder
P0905,42,912.4880926949761,6.232694201513882,4.632910326005558,Type_A,Non-Responder
P0906,1,13.207139601511301,3.940793621181064,5.975430904165535,Type_A,Non-Responder
P0906,9,39.05746473721747,3.4101232763480698,8.807848265137713,Type_A,Non-Responder
P0906,15,63.72178875471805,6.693395351107615,11.544438859888329,Type_A,Non-Responder
P0906,22,135.32214951053143,5.417899547776458,15.54571963741735,Type_A,Non-Responder
P0906,27,239.27919997919366,5.859950464295084,19.14575980585945,Type_A,Non-Responder
P0907,1,66.79338623423695,8.137409795966647,11.58951522599506,Type_A,Responder
P0907,6,32.864125350377755,7.409429499545938,9.334621966862725,Type_A,Responder
P0907,11,16.034621998255062,7.686794246672066,7.393291307820506,Type_A,Responder
P0907,24,1.135324178801866,7.091537178091633,4.374015094394189,Type_A,Responder
P0907,27,0.7260859959479804,9.272658529045263,3.856184238821762,Type_A,Responder
P0907,35,2.283669953246918,6.938677481844077,2.8305488776721464,Type_A,Responder
P0907,41,1.2780671418413594,6.90026940178975,2.3141460950140904,Type_A,Responder
P0908,0,31.884950032093098,1.9281403309604528,11.658773323091351,Type_B,Responder
P0908,7,19.991146900219114,1.0756067998237482,8.83300502748428,Type_B,Responder
P0908,16,3.3192201708065463,2.095413980270418,6.199758756397729,Type_B,Responder
P0908,21,3.309191139443204,1.5299496723082318,4.629304268531172,Type_B,Responder
P0908,29,2.655151538183692,2.1454525825894684,3.413150378228524,Type_B,Responder
P0908,31,0.28316146694872146,2.387502573959939,3.0538794533612075,Type_B,Responder
P0908,43,0.9988666735997035,1.634363143142639,1.770485819563651,Type_B,Responder
P0908,47,2.0531086809584203,2.5266331482707605,1.4412107044504234,Type_B,Responder
P0909,0,76.57522435727306,1.5532532173556413,13.005985265896237,Type_A,Responder
P0909,8,81.89894884561095,2.9969499950834284,5.562946158007552,Type_A,Responder
P0909,13,82.62985601383741,,3.3085908678223666,Type_A,Responder
P0909,22,94.65922527535083,1.3805176676854916,1.3029589501373722,Type_A,Responder
P0909,28,,0.0,0.8413748864205275,Type_A,Responder
P0909,34,123.05419415034287,0.5901246025024819,,Type_A,Responder
P0910,1,11.229016848227488,4.423912622726165,9.092213938992936,Type_B,Responder
P0910,7,5.747278475251899,4.781992587487945,6.50852519318068,Type_B,Responder
P0910,14,0.11407920883022027,2.802174767177447,4.838167829663626,Type_B,Responder
P0910,22,1.3530806291444277,2.8535985620701707,3.463832509259234,Type_B,Responder
P0910,27,0.0,2.5144172901996074,2.349519759989443,Type_B,Responder
P0910,34,,2.4082931182916116,1.810603977224118,Type_B,Responder
P0910,42,0.32264771395793923,2.9966185089559016,1.2495540993708858,Type_B,Responder
P0911,0,85.58262840573293,6.448215235442203,2.7861176349857097,Type_B,Non-Responder
P0911,5,98.78362132512862,6.018894832852046,3.104333969475584,Type_B,Non-Responder
P0911,12,153.86459840336042,2.1823941077947158,3.713379992571768,Type_B,Non-Responder
P0911,20,232.06450683146957,3.766743375660914,4.566679211827795,Type_B,Non-Responder
P0911,29,391.1098429193224,5.262444480619873,5.992313047577786,Type_B,Non-Responder
P0911,34,476.52448786303654,,6.783422693319192,Type_B,Non-Responder
P0912,3,83.02699008123086,5.689470313808442,7.287441462875561,Type_B,Responder
P0912,8,68.70829770577411,5.939694770052806,5.514826596875423,Type_B,Responder
P0912,17,36.79541797021932,8.1645568235042,3.2043047991455023,Type_B,Responder
P0912,23,28.596771571574337,5.35582695788988,2.2880086096258334,Type_B,Responder
P0912,26,19.912997892648356,7.068740696150817,1.8500149408955977,Type_B,Responder
P0912,35,12.29662478265733,4.714106658960187,1.1633159006422735,Type_B,Responder
P0912,41,7.274794299029354,5.546930730827676,0.8481509663580848,Type_B,Responder
P0913,0,38.615206018728905,,6.496578239139829,Type_B,Responder
P0913,6,33.57454381653467,3.061918265951653,5.666855552631329,Type_B,Responder
P0913,15,26.07426925044025,1.7666665952605016,4.628268931485965,Type_B,Responder
P0913,20,15.3322691203821,0.24374591784614186,4.109930425878992,Type_B,Responder
P0914,0,48.31204533043275,4.52498132349682,6.80105632646221,Type_A,Non-Responder
P0914,5,,5.1408765563196965,5.585115524218866,Type_A,Non-Responder
P0914,13,156.6810030215923,3.8402981804462932,4.282391974305168,Type_A,Non-Responder
P0914,18,267.9840739258859,3.6287365532826588,3.6192234711957227,Type_A,Non-Responder
P0914,25,483.064838450847,4.699593538125848,2.739624389852981,Type_A,Non-Responder
P0915,0,46.66734558568754,8.147797744919204,8.709731515518804,Type_A,Responder
P0915,4,33.05448972194996,8.882526869000458,7.79188313166205,Type_A,Responder
P0915,12,14.080419773767137,,6.127357942258888,Type_A,Responder
P0915,20,10.315970830307974,7.85062589491189,4.533085881968274,Type_A,Responder
P0915,27,5.992477436118426,8.004852261060039,3.5443523374949257,Type_A,Responder
P0915,35,1.2478799542050367,7.91679234378397,2.786757865631193,Type_A,Responder
P0915,43,2.3138726775574647,7.893258137802048,2.1910060950475505,Type_A,Responder
P0915,49,0.0,8.847192724882524,1.6937459766205119,Type_A,Responder
P0916,1,,6.188790841676083,9.022433215418308,Type_B,Non-Responder
P0916,7,59.540590559089125,4.855696437550759,7.161198266536501,Type_B,Non-Responder
P0916,16,82.08407240669507,3.3772028150224274,5.374155860844872,Type_B,Non-Responder
P0916,22,85.06128041652629,3.6483413295174394,4.084664890718718,Type_B,Non-Responder
P0916,29,107.96547938137817,5.163084387246733,3.4039770589750633,Type_B,Non-Responder
P0916,33,128.1528455911477,4.322999259452567,2.9302137510288344,Type_B,Non-Responder
P0917,1,156.62077846031454,2.275167173015386,6.963087797319461,Type_B,Non-Responder
P0917,4,171.16685228034237,1.7062263552542885,7.473443965841466,Type_B,Non-Responder
P0917,16,186.73275372668246,3.0844628189316214,8.401985926298735,Type_B,Non-Responder
P0917,22,199.17591014997072,3.686333652730302,9.08260329154373,Type_B,Non-Responder
P0918,0,192.94001942018727,1.073996094529996,13.582133225789077,Type_A,Responder
P0918,6,89.88441951182564,,8.358759179322435,Type_A,Responder
P0918,13,39.666733547919065,,4.843588368513193,Type_A,Responder
P0918,20,17.0420905230815,2.696083269619683,2.976959593798383,Type_A,Responder
P0919,2,212.06543344724048,,7.468320672921664,Type_A,Non-Responder
P0919,8,401.2338631422178,,8.663067544540873,Type_A,Non-Responder
P0919,14,743.5570016626385,,9.914380707708274,Type_A,Non-Responder
P0919,20,1324.1361263294655,9.866204113170799,12.123177304008387,Type_A,Non-Responder
P0919,29,3008.406959910636,9.93704327948739,15.097501153746405,Type_A,Non-Responder
P0920,2,185.65905164893618,4.631085914038085,6.8570248872945365,Type_B,Non-Responder
P0920,5,207.21167934196674,4.075702718408538,7.967444243264831,Type_B,Non-Responder
P0920,11,247.73307555124197,,,Type_B,Non-Responder
P0920,19,286.2347228843534,2.401197122903233,12.230563889193382,Type_B,Non-Responder
P0920,26,342.4388651661167,4.590753266239632,15.346476710034738,Type_B,Non-Responder
P0920,35,412.10788845781536,3.246215536413268,20.278550780055383,Type_B,Non-Responder
P0920,41,503.1982662454828,4.0659030226977295,25.026647086655974,Type_B,Non-Responder
P0921,1,536.8979494876072,7.93128485988869,7.6814992639732935,Type_B,Non-Responder
P0921,8,653.9889717348121,7.695517652434937,7.75182997431559,Type_B,Non-Responder
P0921,15,864.196236069591,7.704806548551519,7.562100546039215,Type_B,Non-Responder
P0921,19,,,7.596484967204856,Type_B,Non-Responder
P0921,28,1437.6380943399358,8.78111529993353,7.047366874027111,Type_B,Non-Responder
P0921,36,1887.6635305419932,8.124649244334105,,Type_B,Non-Responder
P0922,0,,2.3028422147600365,5.8412939274510025,Type_B,Responder
P0922,6,20.070937993708576,2.771058333935732,4.708891476820377,Type_B,Responder
P0922,14,9.526891180360728,1.35761384103695,3.9101573768444275,Type_B,Responder
P0922,18,4.740394237163073,3.066947317615676,3.5227100404829756,Type_B,Responder
P0922,25,1.653169979974515,1.2943947418528818,2.714863166889784,Type_B,Responder
P0922,38,2.1788483752298213,2.203902816356422,1.827094287584664,Type_B,Responder
P0923,0,150.31836171949863,4.325301421078316,9.193878796574847,Type_A,Responder
P0923,7,148.54319253408667,2.904836300836985,8.331183299438344,Type_A,Responder
P0923,11,,5.6280480326764755,7.708928498650237,Type_A,Responder
P0923,21,140.51612343386216,3.4258504075867373,6.403294147146231,Type_A,Responder
P0924,0,18.825455541900496,11.065295098811056,,Type_B,Non-Responder
P0924,8,11.226044099388197,9.953766689982901,9.561894737533036,Type_B,Non-Responder
P0924,14,13.154136455411658,7.66836579612256,11.395212581114361,Type_B,Non-Responder
P0924,21,,9.344361800275832,14.469300077302098,Type_B,Non-Responder
P0924,26,5.878837951452203,10.407495347160229,17.10597824261476,Type_B,Non-Responder
P0925,1,39.53666642641453,9.870329409724645,11.182786367410696,Type_A,Responder
P0925,8,22.67225665005211,9.831791273044479,8.21084768204991,Type_A,Responder
P0925,14,15.168845066700085,8.968189201421804,6.6785452302920945,Type_A,Responder
P0925,20,10.612440771086364,8.785807636865908,4.938044651470047,Type_A,Responder
P0925,28,2.055484814406315,,3.3671079137942357,Type_A,Responder
P0925,36,3.307324370126355,7.48249140614085,,Type_A,Responder
P0925,41,0.983374492900703,9.854336766528368,1.9415876185261756,Type_A,Responder
P0925,49,,7.262412842981076,1.4496107243876872,Type_A,Responder
P0926,0,803.7099545971482,5.989109473181325,6.264340986088526,Type_B,Responder
P0926,4,567.9751366716087,6.103040997657096,5.8087126639172855,Type_B,Responder
P0926,14,254.1710163412662,6.602926668346324,4.101939170916343,Type_B,Responder
P0926,21,143.15140341906013,8.190161762904042,3.0266248146695136,Type_B,Responder
P0926,29,73.77659202222198,6.62954511559559,2.33890593510524,Type_B,Responder
P0926,32,60.376647641511326,6.323626238806515,2.075128000578217,Type_B,Responder
P0927,0,30.023292137307166,6.017186688804877,2.524676618605337,Type_A,Non-Responder
P0927,6,42.4420275017115,6.998748752229371,2.5690127118803296,Type_A,Non-Responder
P0927,13,62.01866804866548,8.763833341015246,2.313387284622233,Type_A,Non-Responder
P0927,20,83.9695060127776,6.335775857846861,2.0038998741504304,Type_A,Non-Responder
P0927,28,122.88377584707396,7.3974581051408785,1.7496599950467513,Type_A,Non-Responder
P0927,36,184.77665616586725,7.259435174815924,1.6645067255673003,Type_A,Non-Responder
P0928,0,67.124539316413,5.526184616710571,4.11526659895387,Type_A,Responder
P0928,4,38.81552469591892,5.786532379174253,3.7792795939736434,Type_A,Responder
P0928,16,10.864345372924197,7.036109923032348,3.184444996985651,Type_A,Responder
P0928,20,8.150604727863001,,3.0597533138683906,Type_A,Responder
P0928,29,2.762829597895972,5.015618665674123,2.8799030586323897,Type_A,Responder
P0928,35,5.044838486732264,6.456345572765072,2.5108026565314288,Type_A,Responder
P0929,1,99.75666559572235,4.669156143790512,,Type_A,Non-Responder
P0929,5,,3.6037893769704885,22.758525358353157,Type_A,Non-Responder
P0929,14,192.44063170411616,4.444368004133214,31.545509346756017,Type_A,Non-Responder
P0929,20,241.23475359233194,,39.213855385580224,Type_A,Non-Responder
P0929,26,317.41205145641476,4.9602478842295135,49.2944377137697,Type_A,Non-Responder
P0929,35,506.5761247873447,4.426287044016038,70.92628907659028,Type_A,Non-Responder
P0929,44,694.8300617408424,4.892994736302784,101.77002971363653,Type_A,Non-Responder
P0930,2,34.717047840331624,4.089282211484759,7.005221981834746,Type_A,Responder
P0930,9,15.673635078618783,,7.596496225858896,Type_A,Responder
P0930,13,10.857356308524453,2.677843315908502,7.875007200628954,Type_A,Responder
P0930,21,2.524926347730658,3.557021353037137,8.679120396065903,Type_A,Responder
P0930,25,5.385332570946356,4.359138994726634,8.970896409752585,Type_A,Responder
P0931,0,,1.5619231617684948,4.866754805577489,Type_B,Non-Responder
P0931,5,40.87468271066777,3.777736172119157,5.151698147532897,Type_B,Non-Responder
P0931,12,23.17484318554639,5.326509712448135,5.893700702233029,Type_B,Non-Responder
P0931,20,,4.6836852505931,6.883927643207312,Type_B,Non-Responder
P0932,0,112.9310852915846,5.393815227350521,13.086597174838632,Type_B,Responder
P0932,7,65.0602634450257,,10.674822156921284,Type_B,Responder
P0932,15,31.75467323453713,3.237601262673501,8.50963961944423,Type_B,Responder
P0932,24,15.929400524064812,4.713707695939526,6.827181804996479,Type_B,Responder
P0932,27,14.589858595246325,2.8645149720158436,6.101598639682129,Type_B,Responder
P0932,36,7.843211716870686,2.53354492766372,4.542654049512973,Type_B,Responder
P0933,0,25.098337840949736,8.242246423279889,3.0646956767133284,Type_B,Non-Responder
P0933,10,40.781982661295764,,1.7932620987542782,Type_B,Non-Responder
P0933,13,53.71616090256601,7.348405405808219,1.4725592615182104,Type_B,Non-Responder
P0933,19,72.84912374409132,7.293774719721815,1.21403503974549,Type_B,Non-Responder
P0933,26,104.83011265807079,7.337103798211003,0.9198255057235805,Type_B,Non-Responder
P0933,33,155.42763511905662,6.897642445186014,0.655252733472032,Type_B,Non-Responder
P0933,44,254.3800031658393,,0.5940163843970028,Type_B,Non-Responder
P0934,0,364.23190205048945,8.453116038118683,8.621054630389395,Type_A,Responder
P0934,5,204.33807800384062,8.951506764713663,6.263301477919273,Type_A,Responder
P0934,14,68.55202920735432,9.137589126430438,3.226763384034816,Type_A,Responder
P0934,16,52.99680981175852,10.22765532379126,2.800235355581855,Type_A,Responder
P0935,0,97.79122486572814,,12.237173288940761,Type_A,Responder
P0935,7,41.21825307351641,6.157456843026937,8.395001326085351,Type_A,Responder
P0935,16,10.151964210772809,3.60955942562131,,Type_A,Responder
P0935,21,3.9112963461088417,4.2783736581319545,3.9942204506094567,Type_A,Responder
P0935,27,2.8671996473730887,,2.9234765899524358,Type_A,Responder
P0935,31,1.5839192375805848,4.200828012388954,2.3896777471811697,Type_A,Responder
P0936,1,46.56838208156907,4.522926910231513,11.356608190260761,Type_A,Non-Responder
P0936,7,72.96329733493232,5.249793811998474,11.469638764684037,Type_A,Non-Responder
P0936,13,129.7459492398874,5.349650559713124,11.71232943038133,Type_A,Non-Responder
P0936,22,289.47969536426024,6.744611723770156,11.82127004498497,Type_A,Non-Responder
P0936,28,472.05242593086797,6.832260702038418,11.993506021956794,Type_A,Non-Responder
P0936,34,787.2574873793396,5.474427821865189,11.827409277848815,Type_A,Non-Responder
P0936,39,1134.0281571021776,2.4484325655933974,11.925335033986007,Type_A,Non-Responder
P0936,47,2359.0057251753415,6.580660617411699,11.967580248979123,Type_A,Non-Responder
P0937,0,127.68013848002106,7.6890793561406445,6.170509118079315,Type_B,Responder
P0937,6,74.18468211057237,9.570843080314098,4.772184410132725,Type_B,Responder
P0937,12,48.774669766479754,8.735447302463623,3.5375519448756165,Type_B,Responder
P0937,20,26.768865966209788,9.528569149091918,2.664739439612356,Type_B,Responder
P0937,28,11.403079719571496,8.539272657373656,1.7086771053964258,Type_B,Responder
P0937,35,9.123060689819681,,1.3995596852426833,Type_B,Responder
P0937,41,2.287383039716874,10.965103907381755,,Type_B,Responder
P0938,0,59.5227222199767,0.0,10.037439047230725,Type_A,Non-Responder
P0938,8,73.19636874292664,0.5802432634932156,8.80021569934116,Type_A,Non-Responder
P0938,14,91.80455425815404,,8.59330079129427,Type_A,Non-Responder
P0938,20,,0.594086084682369,7.916477342465613,Type_A,Non-Responder
P0939,2,236.90769879603747,,6.696484348681896,Type_B,Non-Responder
P0939,7,154.37166086929477,7.778383514625074,7.0313691808607315,Type_B,Non-Responder
P0939,12,113.2268452548115,6.984438692970173,8.432693282321866,Type_B,Non-Responder
P0939,20,61.38231186766521,7.836364435698943,9.825626719198256,Type_B,Non-Responder
P0939,28,35.30964928314306,7.524932874724115,11.823034300688303,Type_B,Non-Responder
P0939,34,25.485172952159893,8.330254066106054,13.62501986155743,Type_B,Non-Responder
P0939,39,14.84234448581406,8.070934946923126,15.409826256574409,Type_B,Non-Responder
P0939,48,3.3613710324683823,,18.05877062275721,Type_B,Non-Responder
P0940,2,88.3152188915613,4.461628278941619,19.155539420977284,Type_A,Non-Responder
P0940,4,96.3294852032664,3.6955513352384934,20.630256726666587,Type_A,Non-Responder
P0940,16,198.8747106501507,5.478212793593631,34.5951318690457,Type_A,Non-Responder
P0940,20,,2.8582673180348594,40.3976348339904,Type_A,Non-Responder
P0940,30,501.84392764034794,,60.162083220364075,Type_A,Non-Responder
P0940,33,638.969402903673,5.0296388023589795,,Type_A,Non-Responder
P0940,40,948.8587032791928,,88.61896917340229,Type_A,Non-Responder
P0941,3,25.04349274625615,4.793753569013571,5.57754868612054,Type_B,Non-Responder
P0941,8,31.4872234166017,4.2793692961770855,5.575619575482065,Type_B,Non-Responder
P0941,13,38.85067425250746,5.2186615189502055,5.171196539224338,Type_B,Non-Responder
P0941,21,50.10398796382717,5.9925685897713565,4.717796238336972,Type_B,Non-Responder
P0941,28,67.59167002604768,6.314604088022752,4.763994026282451,Type_B,Non-Responder
P0941,34,83.010592151768,,4.669549538087854,Type_B,Non-Responder
P0941,38,105.14261780189655,5.833711015638712,4.690344960069002,Type_B,Non-Responder
P0941,50,184.74696834067916,5.741070744478262,4.252111208065506,Type_B,Non-Responder
P0942,0,95.1612846830568,8.760797399813232,5.7991281513797395,Type_B,Responder
P0942,5,43.41321448255106,7.349776329306733,4.808519024589285,Type_B,Responder
P0942,14,16.314189605979628,9.287708211796163,3.658268417982992,Type_B,Responder
P0942,21,4.138731863490893,9.080912210899038,2.596282264379196,Type_B,Responder
P0943,1,10.2467267711271,,13.852335832994429,Type_A,Non-Responder
P0943,9,25.4820675835637,5.48183750476529,11.98269359222002,Type_A,Non-Responder
P0943,14,46.08971597668829,5.162327144809564,11.154143985391721,Type_A,Non-Responder
P0943,19,,,10.049589564497756,Type_A,Non-Responder
P0943,27,203.64257560010145,3.756691669972075,8.867889853766973,Type_A,Non-Responder
P0943,35,498.0501469286966,3.363111803334087,7.6789913264327145,Type_A,Non-Responder
P0944,0,26.423246728958524,5.178403520300948,4.901060116068185,Type_B,Responder
P0944,7,15.159435618932791,5.217820213155292,4.56690316176236,Type_B,Responder
P0944,12,7.775207754737344,5.148427005756274,4.407733638852032,Type_B,Responder
P0944,22,4.599040997572088,6.59724668723741,4.244842747978031,Type_B,Responder
P0944,27,0.0,4.419562511995653,4.285628551184712,Type_B,Responder
P0944,34,0.0,6.781563147395227,4.132454951663455,Type_B,Responder
P0944,42,0.0,5.794152198113749,3.748985371636745,Type_B,Responder
P0945,0,95.9050837861496,2.0583705096676796,4.686337242287052,Type_B,Non-Responder
P0945,6,78.70771939184344,0.5479900733246588,7.028136370012561,Type_B,Non-Responder
P0945,11,58.819825994248724,2.478321489451351,9.578194478935789,Type_B,Non-Responder
P0945,21,51.618709841803266,0.5247029957044401,18.43155161619326,Type_B,Non-Responder
P0945,27,42.925061479505466,,28.680084458162973,Type_B,Non-Responder
P0945,33,31.586171374077757,,43.24000451580897,Type_B,Non-Responder
P0945,41,22.437996764256194,,73.98320150311206,Type_B,Non-Responder
P0945,50,19.952895412842125,1.2450122077461956,133.63273516276402,Type_B,Non-Responder
P0946,1,,5.726767401507328,4.304590477463759,Type_A,Non-Responder
P0946,5,2.6327642528594963,5.40596339952455,3.4150866043490593,Type_A,Non-Responder
P0946,14,12.683735612797475,3.0710293629048886,1.975655220742269,Type_A,Non-Responder
P0946,21,32.27282035018809,3.9376263645400984,1.3734822445928636,Type_A,Non-Responder
P0946,26,57.79739656812117,4.984399503086676,0.9121359294975577,Type_A,Non-Responder
P0946,37,196.22252562792434,3.92655294341595,0.7066288803134345,Type_A,Non-Responder
P0946,39,237.06632261759046,3.0499977552364816,0.4945082639639077,Type_A,Non-Responder
P0947,0,67.67463848832405,4.569905071409388,5.2342970544547525,Type_A,Non-Responder
P0947,6,94.93090246184974,5.903150071321528,4.568453559008614,Type_A,Non-Responder
P0947,14,139.54591422850544,4.815284153754629,3.3901525133041233,Type_A,Non-Responder
P0947,21,186.03911065616262,4.25395718108156,2.592426018437263,Type_A,Non-Responder
P0948,1,10.030138962726411,8.89178107829435,8.703084330084003,Type_B,Responder
P0948,8,8.173582130680206,8.960435437737178,,Type_B,Responder
P0948,13,0.0,7.892659053125537,2.9281712004595266,Type_B,Responder
P0948,19,2.086699706017158,7.8032687377053245,1.7480592610483077,Type_B,Responder
P0948,28,0.0,7.000667006524873,0.7820376778913003,Type_B,Responder
P0948,35,1.1759650513235904,8.199587895537508,0.5902473523227223,Type_B,Responder
P0949,0,23.705211269470073,6.123613030951104,10.003669081251893,Type_A,Non-Responder
P0949,7,,5.908410146196787,9.930474703557039,Type_A,Non-Responder
P0949,9,11.690014708852285,6.817575111698663,10.164589213444769,Type_A,Non-Responder
P0949,20,10.986362952522914,6.752755878014976,,Type_A,Non-Responder
P0949,24,7.872048006805414,4.730570230591899,10.396228644777244,Type_A,Non-Responder
P0949,36,2.5570331353972726,4.449504102279297,10.25891179851169,Type_A,Non-Responder
P0950,0,146.750191871446,,7.018774205173903,Type_A,Non-Responder
P0950,8,353.4434960742171,9.990794503474131,8.60511852238553,Type_A,Non-Responder
P0950,12,571.4835350272923,8.976212817924214,9.676992023301086,Type_A,Non-Responder
P0950,19,1219.725108464133,9.951256942133842,11.60824864651474,Type_A,Non-Responder
P0950,28,3055.3622879711047,9.49661219612647,14.551411218751417,Type_A,Non-Responder
P0951,0,110.2215272193177,0.4845051738176228,11.426823430131112,Type_A,Responder
P0951,7,50.94531605464868,0.0,10.347213070618558,Type_A,Responder
P0951,15,18.230169088937664,,8.643166863582342,Type_A,Responder
P0951,21,14.311612312468196,0.5102040957581715,7.571583033701382,Type_A,Responder
P0951,27,5.229672983672273,2.2923646972912306,7.1432393564596826,Type_A,Responder
P0951,35,0.09173833512211926,1.2213128284298673,6.05518220373871,Type_A,Responder
P0951,39,0.42984254440716796,2.1433639820951105,5.927719297197197,Type_A,Responder
P0951,49,,0.6224556505193323,4.988496408043436,Type_A,Responder
P0952,1,105.54997991490569,1.9523179502802401,3.62974983544986,Type_A,Responder
P0952,5,65.90690707675174,0.0,2.5723246028077966,Type_A,Responder
P0952,13,30.547400801820423,2.4979612948795067,1.5508552359632115,Type_A,Responder
P0952,19,13.78590736447626,0.3565798276727532,,Type_A,Responder
P0952,24,4.984029933090912,1.7753471190102244,0.7124125108428949,Type_A,Responder
P0952,36,0.0,0.0,,Type_A,Responder
P0952,39,2.8866987385068383,0.3803447961545475,0.16851030000677936,Type_A,Responder
P0953,0,84.40496490860023,9.69174125516317,4.771264468049388,Type_B,Non-Responder
P0953,6,97.457655920896,9.824285153773221,4.073954176608956,Type_B,Non-Responder
P0953,14,124.10805648729553,10.594255463412441,3.2473625734401033,Type_B,Non-Responder
P0953,19,156.78511962595948,10.06515895054289,2.9047777065517626,Type_B,Non-Responder
P0953,27,179.8770699649395,7.898800611426159,2.4400850032957755,Type_B,Non-Responder
P0954,0,,,17.32307042156306,Type_A,Responder
P0954,7,50.14789565259124,,10.809632988067369,Type_A,Responder
P0954,16,19.179131181966024,3.262255618835712,6.202121362868081,Type_A,Responder
P0954,22,,4.124131343450728,4.277331386467342,Type_A,Responder
P0954,26,7.829195957503451,4.059636328053016,3.3252058261158846,Type_A,Responder
P0954,32,6.938852674655183,,2.4053589378567346,Type_A,Responder
P0954,40,0.0,3.382683258126091,1.4651864956844778,Type_A,Responder
P0955,0,19.321233320778727,9.79251144171479,5.879950003062038,Type_B,Non-Responder
P0955,7,21.80154045686909,8.615652335676527,8.949811116617576,Type_B,Non-Responder
P0955,12,23.868341768970335,7.8236269463918715,12.312817757137662,Type_B,Non-Responder
P0955,21,25.665897739928095,6.599801988738352,20.871497023960423,Type_B,Non-Responder
P0955,29,28.97835919738772,8.782496711838213,34.042819847480104,Type_B,Non-Responder
P0956,1,70.65285879604157,3.277033006677252,5.733078592230804,Type_A,Responder
P0956,6,,1.812160228066483,4.273053228305595,Type_A,Responder
P0956,14,34.78103203523996,,2.433095763510679,Type_A,Responder
P0956,20,25.74362309581461,0.962583249162824,1.7444563414072534,Type_A,Responder
P0956,28,16.27251701211505,3.0074811531991488,1.076459226989616,Type_A,Responder
P0957,0,119.87794634005522,2.039409317056618,7.351425679482583,Type_B,Responder
P0957,7,117.68750335743648,1.0237500253126324,5.755540817053134,Type_B,Responder
P0957,12,112.30671751050595,1.8806541489438924,4.786848930787427,Type_B,Responder
P0957,19,111.5783269997202,1.333765383377246,3.567825060903387,Type_B,Responder
P0957,29,99.04774992854475,1.826217357682457,,Type_B,Responder
P0957,33,101.91699722448382,2.6896515507655923,2.1463568796589243,Type_B,Responder
P0958,1,28.35414148820693,4.5748530816510495,9.081599501158664,Type_A,Non-Responder
P0958,7,47.458145366508525,,14.208102828498602,Type_A,Non-Responder
P0958,13,67.07771866597975,3.3935454157805767,22.079985559942617,Type_A,Non-Responder
P0958,21,102.81742610472294,5.905198399267315,41.456552250051125,Type_A,Non-Responder
P0958,27,146.1222732342952,3.6437867520371645,65.35483861537058,Type_A,Non-Responder
P0958,39,312.86524419861877,3.731681964742799,172.66177726763172,Type_A,Non-Responder
P0958,40,312.0039335821159,3.099519728105801,185.5919813757721,Type_A,Non-Responder
P0958,47,469.89497418829825,5.026488920539583,332.48299717769515,Type_A,Non-Responder
P0959,0,113.59599793244428,9.416374114267319,21.09326954357902,Type_B,Responder
P0959,4,63.92706129975614,9.216284586006994,17.27468371879578,Type_B,Responder
P0959,13,18.413728028599436,,10.171848786434426,Type_B,Responder
P0959,17,,10.792025226267592,8.245143618276702,Type_B,Responder
P0959,27,1.1597740985980463,10.83539625983612,4.882411117616977,Type_B,Responder
P0959,37,2.0616899387684753,9.098722423747462,2.7241070148475637,Type_B,Responder
P0959,37,,8.742259319768616,2.988289932038257,Type_B,Responder
P0960,0,22.33091361867224,8.935377995682918,5.32730249613591,Type_A,Responder
P0960,6,10.792109089436646,9.661828695733643,5.5746762867070725,Type_A,Responder
P0960,13,11.152407306910053,8.908770513204805,,Type_A,Responder
P0960,22,4.268641523125851,10.449375304840565,5.933344181387006,Type_A,Responder
P0961,3,121.19158955340012,5.8698232395537,5.26785931590381,Type_A,Responder
P0961,5,96.43289094511759,7.897396691811974,4.388296017052817,Type_A,Responder
P0961,15,27.695934925701867,8.248695559290416,1.9635159143260879,Type_A,Responder
P0961,20,14.696206684651276,7.636208410859903,1.4821428894023252,Type_A,Responder
P0961,27,7.3266322131082475,6.0328867450722505,0.7245752698409577,Type_A,Responder
P0961,34,4.177162942777601,7.932621387897081,0.32740373136609424,Type_A,Responder
P0961,42,0.17467190674661248,8.800338109093937,,Type_A,Responder
P0962,2,,3.686023939209952,13.638775937165336,Type_B,Non-Responder
P0962,6,64.20242330287873,2.7176686698995645,12.60289580992149,Type_B,Non-Responder
P0962,16,42.83963512339487,0.8252571504314821,11.353637239872503,Type_B,Non-Responder
P0962,22,40.73048963215357,2.9747622846834045,10.601310548108115,Type_B,Non-Responder
P0962,29,31.404753243537552,3.425806944364912,9.329902419759115,Type_B,Non-Responder
P0962,32,28.16304579817924,1.8629959292131688,9.114147874320576,Type_B,Non-Responder
P0962,40,,2.3635532541818143,8.590875361196977,Type_B,Non-Responder
P0962,49,16.359950334424536,2.2548872604248253,7.511672183839754,Type_B,Non-Responder
P0963,0,,3.9551281248787094,7.362927525913601,Type_A,Non-Responder
P0963,6,23.428001931057974,3.273421592183876,10.02416010687975,Type_A,Non-Responder
P0963,14,31.919388660493585,5.102776542205773,14.712910625387584,Type_A,Non-Responder
P0963,22,32.4066026999763,5.91170776090897,23.040164020425905,Type_A,Non-Responder
P0963,30,32.054242168647065,5.38025197009264,34.5344836307069,Type_A,Non-Responder
P0964,0,143.44834690285492,9.762779576349125,14.771779922218698,Type_A,Non-Responder
P0964,7,138.28280453475946,8.31420939304001,16.657377289563502,Type_A,Non-Responder
P0964,13,,9.299206676511846,18.9086908455156,Type_A,Non-Responder
P0964,19,141.28968821149502,8.587641005883743,21.00748697969615,Type_A,Non-Responder
P0965,0,217.19343135778817,9.656472437667041,17.7233943584496,Type_A,Non-Responder
P0965,5,253.46484675094916,10.721623010940677,15.873610838367076,Type_A,Non-Responder
P0965,15,293.5941799621401,8.00084917310992,14.969057016437713,Type_A,Non-Responder
P0965,21,365.24750766319914,9.625876843766036,13.741093926618406,Type_A,Non-Responder
P0965,29,452.2920507977761,9.553056865967438,12.915641977991987,Type_A,Non-Responder
P0965,38,639.5537708441759,7.633225423832611,12.538096585697659,Type_A,Non-Responder
P0965,38,648.5655014782261,10.07957488861868,,Type_A,Non-Responder
P0965,47,830.823606255802,,11.037873819558147,Type_A,Non-Responder
P0966,0,67.61648290653753,9.447273679065875,6.27155050711846,Type_B,Responder
P0966,7,17.879933984556832,7.360436311353382,6.731470195773317,Type_B,Responder
P0966,15,2.9375140076133595,,6.991652524566001,Type_B,Responder
P0966,20,0.0,,7.013244954496223,Type_B,Responder
P0966,32,0.0,8.433976059556528,7.693534916704688,Type_B,Responder
P0967,0,21.846545184030322,6.153357979928515,8.98099284861961,Type_A,Non-Responder
P0967,8,25.895306145954322,3.3805837363417863,15.650574542691626,Type_A,Non-Responder
P0967,13,23.857291798467912,3.801827496885741,21.191154439583936,Type_A,Non-Responder
P0967,21,23.869780238886754,4.571709354338187,37.17934624195989,Type_A,Non-Responder
P0967,30,33.54754130671217,,72.21872033702442,Type_A,Non-Responder
P0967,34,34.82544973381263,4.551320955180456,91.9940128898836,Type_A,Non-Responder
P0967,42,37.08075520004248,4.133222699967226,162.72260456136146,Type_A,Non-Responder
P0967,50,,4.971787374480483,275.86694534802626,Type_A,Non-Responder
P0968,1,46.76245832925419,5.643917185267012,10.448511988028526,Type_A,Responder
P0968,6,42.179197593809434,,,Type_A,Responder
P0968,13,39.62064489487626,6.549977314530793,4.679912954433018,Type_A,Responder
P0968,21,37.17782767968246,5.816026540123408,,Type_A,Responder
P0969,0,,9.376782897552458,14.565994278630589,Type_B,Non-Responder
P0969,7,90.2428189137197,8.33825882798913,17.288954896522505,Type_B,Non-Responder
P0969,11,127.87317068103319,8.968907251410329,19.468322196680365,Type_B,Non-Responder
P0969,22,312.83660567023423,9.869552234022976,25.903320523696472,Type_B,Non-Responder
P0969,26,415.6227181664257,8.184560763773243,28.023305446055492,Type_B,Non-Responder
P0969,38,989.3056592456758,10.546649681629157,38.348200592920456,Type_B,Non-Responder
P0970,1,46.23304001682885,6.503016837088994,10.294702991006183,Type_A,Non-Responder
P0970,4,59.735883004576806,7.10958576982014,11.983347597197405,Type_A,Non-Responder
P0970,12,,4.692974672180041,15.388642907071523,Type_A,Non-Responder
P0970,20,148.55219918379228,,19.811948833319097,Type_A,Non-Responder
P0970,27,229.45604673861686,5.862794621564218,24.5386449621508,Type_A,Non-Responder
P0970,35,,4.400372688347423,32.298909656850284,Type_A,Non-Responder
P0970,40,422.18900594777534,,38.352546324684546,Type_A,Non-Responder
P0971,1,22.197597224947593,4.032100159186999,6.4644094685035185,Type_B,Responder
P0971,5,17.495313301096218,4.887421384346282,4.859177164995986,Type_B,Responder
P0971,15,7.007931444063521,2.602724761637373,2.5675439912707057,Type_B,Responder
P0971,17,3.907432187554504,5.525193264979128,,Type_B,Responder
P0972,1,,8.920254611202767,6.964030564796289,Type_B,Non-Responder
P0972,5,10.75582968594566,9.076372447775219,7.6957451870649285,Type_B,Non-Responder
P0972,15,11.545123023401475,,9.381984583443394,Type_B,Non-Responder
P0972,22,9.170856838084815,8.741719349626864,10.94484960864876,Type_B,Non-Responder
P0972,27,,7.0466793724951415,12.537858514023284,Type_B,Non-Responder
P0972,37,10.080851580816066,7.381914800204781,15.575379035414267,Type_B,Non-Responder
P0973,0,41.523823574478385,3.382349237029871,5.9186638808093655,Type_A,Responder
P0973,5,,3.1629306591342994,4.147279792457721,Type_A,Responder
P0973,15,5.80751910802256,2.6855616420764736,2.4093775634347443,Type_A,Responder
P0973,19,5.294994844043673,4.7195139951663325,1.8496749451652612,Type_A,Responder
P0974,1,81.03343408086852,4.941881716143387,11.828952524623043,Type_A,Non-Responder
P0974,6,,3.8098857092689613,11.173495287423618,Type_A,Non-Responder
P0974,13,334.6924023086991,,10.169790249212456,Type_A,Non-Responder
P0974,20,715.6613615042188,3.5960737232326014,9.60872844532507,Type_A,Non-Responder
P0975,0,48.71928822103254,5.368557880626714,6.462471962639643,Type_B,Non-Responder
P0975,2,60.13259202671657,6.573315052470991,,Type_B,Non-Responder
P0975,15,,7.644724714987962,6.460291645754075,Type_B,Non-Responder
P0975,20,217.80426412619835,8.994146124552522,6.227439294113352,Type_B,Non-Responder
P0975,28,398.4369544799639,8.352769055381726,6.099960091440328,Type_B,Non-Responder
P0975,32,,7.0461842233518,6.079385181293984,Type_B,Non-Responder
P0975,38,855.163218443711,5.656607297657441,5.917961178823832,Type_B,Non-Responder
P0976,0,,0.0,4.335006340729653,Type_B,Responder
P0976,5,114.45515232580078,3.2481109881848926,2.8718979297871505,Type_B,Responder
P0976,13,64.75390129116415,0.0,1.3548707690771993,Type_B,Responder
P0976,19,37.62190889979647,0.7693777466723606,0.775493438556714,Type_B,Responder
P0976,28,16.832837071029555,0.0,0.3876076997345802,Type_B,Responder
P0977,2,9.994770739424956,5.919656605785249,11.748722841941278,Type_A,Responder
P0977,6,11.263053545236946,6.758634102760747,10.67746501916144,Type_A,Responder
P0977,13,,,9.148579101253157,Type_A,Responder
P0977,20,14.353103111060179,6.347506246498558,,Type_A,Responder
P0977,28,8.990937255264821,7.239999890208025,6.511109906890604,Type_A,Responder
P0977,33,8.073511866712934,7.780862484134865,5.814554040672507,Type_A,Responder
P0977,43,6.92164019539332,8.509641819174465,4.698497828549445,Type_A,Responder
P0977,48,9.59494556043712,6.681126236726433,4.306294511115915,Type_A,Responder
P0978,0,96.23784598943895,2.630367615692541,5.697047398109988,Type_A,Responder
P0978,5,60.132543765460206,3.080480693225409,4.195545395862086,Type_A,Responder
P0978,13,20.47433893599165,2.769147307119891,2.5865639291196647,Type_A,Responder
P0978,18,12.15475570712001,3.027105989888685,1.6249687900654954,Type_A,Responder
P0978,26,1.5161951937313631,1.0680028879689338,,Type_A,Responder
P0978,36,0.0,3.1466116068263243,0.5169695682381128,Type_A,Responder
P0978,40,2.461577001590808,3.5385399187236177,0.39632360253823606,Type_A,Responder
P0978,49,0.0,2.567876983967583,0.2841148653274452,Type_A,Responder
P0979,3,5.541672337741043,7.381310783485428,13.292340433509134,Type_B,Responder
P0979,5,5.975268442128847,6.358113618680301,12.130344226983476,Type_B,Responder
P0979,13,1.0846010805485913,7.565132477250544,9.317919646998345,Type_B,Responder
P0979,21,2.181037337324175,6.218198000674674,7.076182362369392,Type_B,Responder
P0979,26,0.0,8.350919628687322,,Type_B,Responder
P0979,36,1.5952068738199727,,4.3877572766032715,Type_B,Responder
P0979,42,1.9902734637057862,7.7816745792456015,3.344826139123529,Type_B,Responder
P0979,50,0.0,5.835935161826594,2.4348015172349577,Type_B,Responder
P0980,0,68.38920096766114,1.8192986846324868,4.776582061646164,Type_B,Responder
P0980,3,,1.9544994758672798,4.592593278877706,Type_B,Responder
P0980,15,40.51275935114066,2.003909456939438,4.353969713251188,Type_B,Responder
P0980,22,32.94721539554773,2.06966764580556,4.383865283009542,Type_B,Responder
P0980,29,24.030800373324404,1.1054943006861249,4.1841626539368395,Type_B,Responder
P0980,34,,1.6279557753394935,4.1302674408058735,Type_B,Responder
P0980,41,22.31296121974785,2.3604324334436133,3.9415444725728994,Type_B,Responder
P0980,47,12.922262294239562,2.5140157403272787,3.6994059346534858,Type_B,Responder
P0981,0,174.3175737039584,7.116646552906143,6.190523752449771,Type_A,Non-Responder
P0981,4,216.20171815195494,6.674252544285064,6.472423364253438,Type_A,Non-Responder
P0981,13,,8.003953016034902,6.47782391934647,Type_A,Non-Responder
P0981,18,695.5326415072215,8.243353597927724,6.8324816122599765,Type_A,Non-Responder
P0981,28,1374.9309679290623,4.637897815140759,7.536348345766487,Type_A,Non-Responder
P0982,1,16.200043477369995,7.737431076566972,,Type_B,Non-Responder
P0982,5,13.914477645112958,9.459500066462821,6.250231820552355,Type_B,Non-Responder
P0982,13,18.246668671940714,8.600788810820363,9.513651490288549,Type_B,Non-Responder
P0982,21,19.49960534932578,,14.761841515841402,Type_B,Non-Responder
P0982,28,26.582545994049305,8.029734555846034,22.021773460142864,Type_B,Non-Responder
P0982,35,26.776829170703653,6.11495798057632,31.824136968497097,Type_B,Non-Responder
P0982,40,33.20838106130641,,41.56084430607629,Type_B,Non-Responder
P0982,45,36.301866645775405,,54.41075791424167,Type_B,Non-Responder
P0983,0,,0.9467238124782189,2.1514672391853495,Type_A,Non-Responder
P0983,7,30.108285227240906,2.196838671045588,2.5369198631386682,Type_A,Non-Responder
P0983,12,53.83848386901677,1.1783191152619743,2.6886473882195903,Type_A,Non-Responder
P0983,22,218.0744148180397,4.466731398570022,2.849662552688346,Type_A,Non-Responder
P0983,28,469.3432388436269,1.218191020621215,3.449368865814982,Type_A,Non-Responder
P0983,35,1091.5448534780571,3.3448897832269826,3.569165490030292,Type_A,Non-Responder
P0983,43,2994.801434864733,4.104604001518775,4.01847243745676,Type_A,Non-Responder
P0984,0,55.154008743243,6.90153903103446,8.060815686616188,Type_B,Responder
P0984,7,,6.6598456227136555,7.339010016808596,Type_B,Responder
P0984,13,11.895758130839818,8.307696728556696,7.397873576047843,Type_B,Responder
P0984,19,4.70842325577692,7.738204684704509,7.324755371643706,Type_B,Responder
P0984,28,,,7.032863996323656,Type_B,Responder
P0984,32,0.0,6.300081757485297,7.052829713627513,Type_B,Responder
P0985,0,52.735171716927624,3.0744234517969233,2.347070011325094,Type_B,Responder
P0985,9,18.27693071554358,3.4044407247879365,1.7808358715695278,Type_B,Responder
P0985,14,9.368713826799679,4.327143159531775,1.457519381613124,Type_B,Responder
P0985,23,1.2883852316694766,4.044912796284624,1.2986888563022616,Type_B,Responder
P0985,26,0.0,2.768185356790435,1.2257307280371776,Type_B,Responder
P0985,33,0.9334037506860979,4.624977048517826,0.9294126207601773,Type_B,Responder
P0986,0,49.77925459594035,5.5698122941755175,5.878885495389108,Type_A,Non-Responder
P0986,5,50.15991147105707,5.535166522795746,7.403758255966305,Type_A,Non-Responder
P0986,14,63.76388305516389,6.774758668219876,10.982571748943013,Type_A,Non-Responder
P0986,20,68.76913513528771,4.315586386884102,13.625852806541745,Type_A,Non-Responder
P0986,25,71.04064626695963,4.7805548317519175,16.42875423012163,Type_A,Non-Responder
P0986,35,91.10183443946353,6.342565022204809,25.50977564560134,Type_A,Non-Responder
P0987,0,181.59382677389146,7.114992652153416,5.788541503453045,Type_A,Responder
P0987,6,116.55954323481153,6.272352535861246,4.173807010201932,Type_A,Responder
P0987,12,66.26454714085992,7.104348557808587,2.956083026628632,Type_A,Responder
P0987,20,34.42170820148784,9.361986045048193,2.1602548902407754,Type_A,Responder
P0988,0,90.04306271742742,7.437527980916378,17.872361130147986,Type_A,Non-Responder
P0988,4,94.12791373404252,6.254780221009537,17.526752083676765,Type_A,Non-Responder
P0988,12,92.26886309653507,5.484131014163903,16.699957874681026,Type_A,Non-Responder
P0988,18,102.18108405812032,7.0646578185544655,15.426616664287744,Type_A,Non-Responder
P0989,0,28.944907073093397,,12.432034047670266,Type_A,Non-Responder
P0989,7,24.344907792483887,2.8642036245951847,16.66423747660262,Type_A,Non-Responder
P0989,13,25.908273204920974,3.237807745870863,20.71093349509504,Type_A,Non-Responder
P0989,19,31.592124760855295,,26.9536286217024,Type_A,Non-Responder
P0989,29,33.965404073681896,4.873979104531016,39.60818586544492,Type_A,Non-Responder
P0989,35,,2.410075756062798,51.84967181209734,Type_A,Non-Responder
P0989,43,29.440395166851214,3.762798057624414,73.97997691559098,Type_A,Non-Responder
P0989,47,34.31962770575173,4.672199694391872,86.00649915934879,Type_A,Non-Responder
P0990,0,175.09352516918446,1.072162446482098,9.785726174150065,Type_A,Responder
P0990,5,100.5109939604678,3.761626865434774,7.601473596946695,Type_A,Responder
P0990,16,27.49051967911788,3.797598945572412,4.638631186863977,Type_A,Responder
P0990,22,13.30205367567141,3.705075468839202,3.563090063148864,Type_A,Responder
P0991,0,86.69226697338668,6.418513827980943,8.632163838154957,Type_B,Non-Responder
P0991,6,97.70022318482776,5.172208788830993,11.801060632652856,Type_B,Non-Responder
P0991,12,104.45239021447038,8.13033211964589,15.9578259565885,Type_B,Non-Responder
P0991,23,117.93919403663278,6.031969382179293,27.346427575052488,Type_B,Non-Responder
P0991,27,,7.809462074169615,32.9971906033602,Type_B,Non-Responder
P0991,36,168.12907643700257,7.424196152241009,50.5221707447499,Type_B,Non-Responder
P0991,43,214.75918038220414,6.756461296967122,,Type_B,Non-Responder
P0991,48,252.12458016486178,7.800521675017867,88.28517028715957,Type_B,Non-Responder
P0992,0,100.29107382449219,,4.572555563477917,Type_A,Non-Responder
P0992,5,88.92340760773715,8.417592969221616,5.441023724599891,Type_A,Non-Responder
P0992,14,,9.843899284029039,6.890624843727872,Type_A,Non-Responder
P0992,21,56.7324504227461,9.812699061201965,8.443811075774397,Type_A,Non-Responder
P0992,26,46.1218043205307,,10.404025265715477,Type_A,Non-Responder
P0992,36,35.84981465733624,10.03331967514768,13.925032997871732,Type_A,Non-Responder
P0993,0,51.225857094268335,1.2109243402930105,6.0887741161049584,Type_B,Responder
P0993,7,,0.45723548036049655,4.128930686426665,Type_B,Responder
P0993,12,22.258081413288803,0.0,3.2813811366777803,Type_B,Responder
P0993,19,13.85456792376884,1.9478144156541122,2.0336934760367478,Type_B,Responder
P0993,28,6.675922434992013,2.3321276332478384,1.4346441278977418,Type_B,Responder
P0993,36,7.438626212807643,1.4176777072724474,0.8446266364234962,Type_B,Responder
P0994,0,18.79654028419084,0.7005827366807276,2.149959367266003,Type_A,Responder
P0994,6,6.785590388401598,2.4462658269332254,1.453612759242594,Type_A,Responder
P0994,13,4.890026395022834,,0.7710116957613423,Type_A,Responder
P0994,20,5.359252839969638,3.19351465202992,0.7877168229566329,Type_A,Responder
P0994,27,1.9955664015689418,2.8040099192879575,0.5457244522448252,Type_A,Responder
P0994,33,0.0,2.755866061577634,0.14252341262403637,Type_A,Responder
P0994,44,0.2277500997693603,3.010888233474425,0.1,Type_A,Responder
P0995,0,452.4367542596795,9.927118988503615,14.806972884884088,Type_A,Responder
P0995,6,183.31926076451168,6.41358155775404,9.594576014612727,Type_A,Responder
P0995,14,55.228665101376976,7.248617119062986,4.975839075637156,Type_A,Responder
P0995,22,,5.372883602525461,2.925156775666598,Type_A,Responder
P0996,0,263.0152416848116,4.2619999315277015,9.519032525536739,Type_A,Non-Responder
P0996,8,558.9042867319753,4.211802652938557,11.15928971375531,Type_A,Non-Responder
P0996,15,,3.2013684345206035,12.812335149073263,Type_A,Non-Responder
P0996,22,2012.889448593453,,,Type_A,Non-Responder
P0996,27,3643.9464027029044,4.368883761680294,17.16028321075837,Type_A,Non-Responder
P0997,0,90.31900486109048,2.60348547361246,,Type_B,Non-Responder
P0997,7,47.932271439233816,3.3642053872210607,12.654329045851126,Type_B,Non-Responder
P0997,12,29.42247318290369,1.3587147102530723,17.980491083591765,Type_B,Non-Responder
P0997,19,16.960421789145588,2.137081494771125,31.831064071438643,Type_B,Non-Responder
P0997,29,10.75559249722111,1.8169703969505109,67.23767817682418,Type_B,Non-Responder
P0997,36,4.220589049056828,2.6309084497366,117.61055529116057,Type_B,Non-Responder
P0998,1,41.20039591042853,0.5074890483070041,4.60230680053826,Type_B,Responder
P0998,6,24.864448440663267,2.3630713084410706,4.11593537101544,Type_B,Responder
P0998,14,10.262906012774865,0.4215396747196515,3.645831528073642,Type_B,Responder
P0998,21,5.216788003696257,0.7378750645420564,3.14178076993791,Type_B,Responder
P0999,2,83.61254065857267,8.610563084848,5.149953259729733,Type_B,Non-Responder
P0999,3,88.10092100416105,9.284505230919164,5.317795062416815,Type_B,Non-Responder
P0999,13,243.98300496110102,9.924777613771449,7.330105939083502,Type_B,Non-Responder
P0999,20,563.1467540253036,7.58516006327498,9.027546647854736,Type_B,Non-Responder
P0999,28,1409.098010244286,10.173177311595039,11.61802517270993,Type_B,Non-Responder
P0999,36,3895.759077707378,9.108077214536179,14.749312942824666,Type_B,Non-Responder
