patient_id,age,gender,cancer_type,cancer_stage,tumor_size_cm,smoking_status,alcohol_use,family_history,bmi,diagnosis_date,treatment_type,hospital_visits_per_year,followup_months,survival_status,risk_level
ONC-03642,54.0,Male,Colorectal,Stage II,1.98,Current,Heavy,No,29.1,2016-04-15,Radiation Therapy,4.0,1.0,Deceased,Medium
ONC-05087,59.0,Male,Lung,Stage I,0.83,Never,,No,22.2,2017-03-10,Immunotherapy,7.0,,Alive,Low
ONC-01658,,Female,,Stage IV,2.46,Former,Regular,Yes,19.3,2023-12-26,Combination Therapy,4.0,2.0,Alive,High
ONC-06843,67.0,Male,Ovarian,Stage I,,,Heavy,No,22.7,2017-02-22,Palliative Care,4.0,7.0,Deceased,Low
ONC-00789,51.0,Female,Ovarian,Stage I,3.02,Never,Heavy,No,21.8,2024-11-04,Immunotherapy,14.0,,Alive,Low
ONC-04337,73.0,Female,Blood (Leukemia),Stage III,1.99,Current,Heavy,Yes,29.8,2020-08-26,Palliative Care,6.0,7.0,Alive,High
ONC-06173,68.0,Other,Liver,Stage I,6.74,Never,Occasional,Yes,28.4,2015-12-18,Immunotherapy,2.0,2.0,Alive,
ONC-00446,48.0,Female,Skin (Melanoma),Stage I,1.26,,,No,27.8,2015-06-29,Radiation Therapy,10.0,13.0,Deceased,High
ONC-02166,43.0,,Liver,Stage III,0.26,Former,None,No,26.2,2022-03-15,Palliative Care,8.0,10.0,,High
ONC-03857,66.0,Male,,Stage III,3.13,Former,Regular,Yes,21.9,2016-03-03,Surgery,5.0,54.0,Alive,Medium
ONC-02773,45.0,,Colorectal,Stage IV,,Current,Occasional,Yes,34.6,2022-11-19,Palliative Care,9.0,9.0,Alive,Critical
ONC-05078,67.0,Other,Pancreatic,Stage II,3.83,,None,Yes,26.5,2024-04-15,Combination Therapy,7.0,16.0,Alive,Medium
ONC-02039,67.0,Other,Brain,Stage II,3.43,Never,,Yes,26.0,2015-01-13,Radiation Therapy,4.0,22.0,Alive,Critical
ONC-05113,51.0,Female,Blood (Leukemia),Stage IV,3.25,Current,Occasional,No,34.0,,Radiation Therapy,4.0,4.0,Deceased,High
ONC-06827,55.0,Other,Blood (Leukemia),Stage III,2.4,Current,Regular,Yes,20.5,2018-07-13,Radiation Therapy,,30.0,Alive,High
ONC-06442,71.0,,Liver,Stage I,2.22,Former,Occasional,No,20.3,2021-03-14,Palliative Care,7.0,13.0,Alive,Low
ONC-04880,61.0,Male,Ovarian,Stage IV,3.06,N/A,Occasional,Yes,22.5,2017-11-19,Combination Therapy,4.0,34.0,Deceased,Critical
ONC-04943,41.0,Other,Blood (Leukemia),Stage IV,1.68,,Regular,,28.4,2018-11-04,Immunotherapy,,28.0,Alive,Critical
ONC-04464,57.0,Female,Prostate,Stage IV,0.41,,Regular,No,22.7,,Palliative Care,9.0,20.0,Alive,Critical
ONC-04323,77.0,Other,Breast,Stage III,2.8,Current,None,No,,,Palliative Care,4.0,19.0,Deceased,High
ONC-05756,40.0,Male,Skin (Melanoma),Stage II,3.89,Current,Occasional,Yes,24.4,2016-09-12,Radiation Therapy,8.0,14.0,Deceased,Medium
ONC-00461,75.0,Male,Skin (Melanoma),Stage IV,1.75,Current,,No,22.1,2024-08-18,Chemotherapy,4.0,16.0,Deceased,Critical
ONC-06094,61.0,Female,Ovarian,Stage I,4.89,Former,None,No,17.1,,Chemotherapy,3.0,28.0,Alive,Low
ONC-02352,54.0,Other,Blood (Leukemia),Stage III,5.31,Former,None,Yes,20.6,2017-10-09,Surgery,3.0,0.0,Alive,Medium
ONC-01196,88.0,Other,Blood (Leukemia),Stage II,,Current,Heavy,Yes,32.8,2024-05-02,Chemotherapy,,8.0,Alive,Medium
ONC-01755,53.0,Female,Breast,Stage I,0.55,Former,,Yes,,2023-11-30,Combination Therapy,6.0,36.0,Alive,Medium
ONC-06284,59.0,Other,Liver,Stage II,1.81,Current,Regular,No,12.7,2016-03-21,Palliative Care,,7.0,Deceased,Medium
ONC-06039,59.0,Female,Prostate,Stage I,7.67,Former,Regular,No,26.5,,Immunotherapy,4.0,9.0,Alive,Low
ONC-07190,37.0,Other,Breast,Stage II,2.96,,None,No,16.8,2022-07-17,,5.0,1.0,Deceased,Medium
ONC-04307,62.0,Other,Prostate,Stage III,8.43,Never,Heavy,No,,2017-06-25,Radiation Therapy,,14.0,Alive,Medium
ONC-05039,37.0,Female,Breast,Stage II,0.1,Current,Regular,No,26.4,2018-07-12,Chemotherapy,7.0,,,Medium
ONC-02632,61.0,Other,Skin (Melanoma),Stage III,0.77,Never,None,Yes,24.6,2018-06-29,Surgery,5.0,0.0,Alive,Critical
ONC-04140,53.0,Male,Blood (Leukemia),Stage II,1.98,Current,Heavy,No,22.5,2021-01-14,Radiation Therapy,4.0,7.0,Alive,Medium
ONC-01042,53.0,Other,Colorectal,Stage IV,,Current,,Yes,23.8,2019-11-29,Combination Therapy,3.0,14.0,Alive,High
ONC-05769,72.0,Female,Brain,Stage I,1.21,Current,None,Yes,36.7,2023-07-17,,4.0,10.0,Alive,Low
ONC-06998,61.0,Male,Lung,Stage IV,2.68,Never,Regular,No,18.9,2022-02-15,Immunotherapy,9.0,2.0,Alive,Critical
ONC-03805,40.0,Male,Blood (Leukemia),Stage IV,3.75,Former,Regular,Yes,20.2,2019-04-24,Chemotherapy,5.0,10.0,Alive,
ONC-02906,,Male,Lung,Stage I,2.88,Current,,No,26.6,2016-12-07,Surgery,6.0,24.0,Alive,Low
ONC-02409,61.0,Male,Pancreatic,Stage III,0.9,Never,None,Yes,19.8,2022-06-17,Palliative Care,4.0,,Deceased,
ONC-01740,23.0,Male,Blood (Leukemia),Stage IV,0.57,Never,None,Yes,29.1,2022-06-26,Radiation Therapy,3.0,0.0,Alive,Critical
ONC-04801,50.0,Other,Brain,,3.74,Former,Heavy,Yes,,,Radiation Therapy,4.0,9.0,Deceased,Critical
ONC-05998,62.0,Female,Pancreatic,Stage III,3.79,Never,Heavy,Yes,26.8,2015-03-16,Chemotherapy,8.0,10.0,Alive,High
ONC-01437,60.0,Other,Ovarian,,4.02,Former,Occasional,No,35.1,2018-05-08,,7.0,5.0,Alive,Medium
ONC-04552,55.0,Female,Brain,Stage II,1.66,Never,None,No,28.4,2019-01-10,Palliative Care,8.0,11.0,Deceased,Medium
ONC-02005,56.0,Male,Blood (Leukemia),Stage III,4.68,Former,Heavy,No,22.3,2018-04-06,Palliative Care,,3.0,Alive,High
ONC-00836,78.0,Other,Liver,Stage II,,Former,Occasional,Yes,25.7,2020-09-26,Combination Therapy,11.0,46.0,Alive,
ONC-04222,32.0,Other,Colorectal,Stage II,0.94,Current,Occasional,No,16.6,,Immunotherapy,5.0,26.0,Alive,Critical
ONC-03837,50.0,Male,Blood (Leukemia),Stage II,4.9,Current,Heavy,Yes,30.3,2022-07-25,Surgery,6.0,25.0,Alive,Low
ONC-02303,36.0,Female,Prostate,Stage II,7.68,Never,Occasional,No,25.4,2016-08-13,,7.0,20.0,Alive,High
ONC-06311,63.0,Male,Breast,Stage II,0.93,,Heavy,Yes,22.5,2023-09-28,Radiation Therapy,6.0,0.0,Deceased,Low
ONC-04771,84.0,Female,,Stage I,2.23,Never,Regular,No,21.5,2016-11-10,Immunotherapy,5.0,1.0,Deceased,Low
ONC-04965,41.0,Other,Brain,Stage II,2.44,Current,Regular,No,28.7,,Surgery,6.0,38.0,Alive,High
ONC-01635,68.0,,Breast,Stage IV,2.97,Former,Occasional,No,30.0,2016-08-14,,7.0,6.0,,
ONC-02655,37.0,Male,Skin (Melanoma),Stage III,3.27,Former,Regular,Yes,22.8,2021-12-01,Chemotherapy,6.0,75.0,Alive,Critical
ONC-03415,38.0,Male,Skin (Melanoma),Stage II,2.97,Current,,No,36.8,2024-11-27,Surgery,2.0,2.0,Alive,Medium
ONC-05841,40.0,Male,Brain,Stage III,0.27,Current,Occasional,No,27.6,,Immunotherapy,8.0,0.0,Alive,Critical
ONC-04876,66.0,Other,Liver,Stage III,0.1,Current,None,No,24.9,,Surgery,,29.0,Deceased,Medium
ONC-04712,32.0,Other,Prostate,Stage I,7.83,Current,Heavy,,26.3,2015-02-26,Immunotherapy,5.0,2.0,Deceased,Medium
ONC-05268,51.0,Male,Pancreatic,Stage I,7.8,,Heavy,No,29.0,,Surgery,2.0,15.0,Deceased,Low
ONC-00611,50.0,Other,Pancreatic,,0.91,Never,Occasional,,27.9,,,4.0,38.0,,Medium
ONC-01180,46.0,Male,Brain,Stage I,5.31,Never,None,No,27.1,,Combination Therapy,6.0,85.0,Alive,Low
ONC-00101,55.0,Female,Prostate,Stage I,1.43,Former,Heavy,Yes,26.7,,Radiation Therapy,,24.0,Deceased,Low
ONC-04485,57.0,Male,Colorectal,Stage IV,0.51,Former,Heavy,Yes,31.8,2017-12-01,Surgery,10.0,30.0,Deceased,Critical
ONC-06596,70.0,Male,Blood (Leukemia),Stage IV,8.69,Never,None,No,21.5,2021-03-19,Surgery,5.0,3.0,Deceased,High
ONC-05165,63.0,Female,Brain,Stage IV,8.34,Never,,No,22.5,2017-03-06,,4.0,39.0,Alive,Critical
ONC-05319,76.0,Male,Colorectal,Stage I,4.68,Current,None,No,,2024-02-18,Immunotherapy,8.0,4.0,Alive,Medium
ONC-03275,70.0,Male,Ovarian,Stage II,3.19,Current,Regular,No,18.7,2024-05-01,Combination Therapy,8.0,,Alive,
ONC-04292,73.0,Female,Brain,Stage II,5.99,Never,Heavy,Yes,25.5,2024-02-10,Immunotherapy,5.0,11.0,Alive,High
ONC-07316,48.0,,Ovarian,Stage IV,2.66,Current,Occasional,Yes,20.1,2022-09-14,Immunotherapy,10.0,21.0,Alive,Critical
ONC-01742,70.0,,Breast,Stage IV,1.2,Never,None,Yes,31.0,2019-02-10,Palliative Care,5.0,1.0,Deceased,High
ONC-04717,,Male,Ovarian,Stage IV,2.51,,Occasional,Yes,30.6,2017-11-10,Immunotherapy,4.0,4.0,Deceased,Critical
ONC-04509,68.0,Other,Pancreatic,Stage I,1.57,Former,Regular,No,32.4,2023-04-13,Radiation Therapy,9.0,10.0,,Medium
ONC-05437,45.0,,Prostate,Stage III,1.49,Former,Occasional,Yes,,2015-05-14,Immunotherapy,3.0,13.0,Deceased,Medium
ONC-06507,69.0,Male,,Stage I,0.52,Never,Occasional,Yes,24.9,2017-03-15,Immunotherapy,5.0,,Alive,High
ONC-06866,69.0,Female,Prostate,Stage IV,5.82,Never,Regular,No,28.4,2022-03-28,Radiation Therapy,1.0,17.0,Alive,Critical
ONC-03254,61.0,,Ovarian,,15.98,Current,Regular,No,,2020-10-17,Surgery,8.0,0.0,Alive,Critical
ONC-05296,76.0,Male,Prostate,Stage III,4.03,Never,,No,22.2,2023-12-28,Chemotherapy,8.0,17.0,Alive,High
ONC-06340,,Other,Prostate,Stage IV,0.4,Former,None,Yes,28.4,2017-02-25,Radiation Therapy,8.0,32.0,Alive,
ONC-01173,63.0,Other,Ovarian,Stage IV,0.2,Current,Regular,No,24.7,2018-12-21,Immunotherapy,3.0,3.0,Alive,Critical
ONC-03817,39.0,Female,Brain,Stage III,6.5,Never,Regular,Yes,21.9,2023-06-04,Surgery,,24.0,Alive,High
ONC-04611,60.0,Female,Lung,Stage III,2.59,Former,Regular,Yes,30.4,2022-03-06,Combination Therapy,,22.0,Alive,Medium
ONC-05793,55.0,Male,Prostate,Stage II,4.49,Current,None,Yes,34.2,2024-08-08,Chemotherapy,6.0,18.0,Alive,Medium
ONC-01107,41.0,Other,Liver,Stage I,1.56,Current,None,No,22.1,2020-08-23,,4.0,44.0,,Low
ONC-02569,64.0,Male,Blood (Leukemia),Stage III,3.06,Former,None,No,,2018-08-18,Immunotherapy,9.0,15.0,Alive,
ONC-00949,73.0,Female,Liver,Stage II,5.53,Former,Heavy,Yes,21.8,2018-01-18,Immunotherapy,7.0,4.0,Alive,Medium
ONC-06049,43.0,Other,Pancreatic,Stage I,1.68,,Regular,Yes,21.2,2024-06-20,Radiation Therapy,7.0,,Deceased,High
ONC-06155,44.0,Male,Pancreatic,Stage III,1.9,,Heavy,Yes,36.9,2019-03-09,Combination Therapy,6.0,7.0,Deceased,High
ONC-04381,87.0,Female,,Stage I,3.59,Never,Regular,Yes,30.1,2022-05-12,Immunotherapy,8.0,23.0,Alive,Low
ONC-03686,79.0,Other,Lung,Stage III,2.86,Never,Occasional,No,31.4,2019-04-10,Chemotherapy,6.0,49.0,Alive,Medium
ONC-04340,64.0,Other,Brain,Stage IV,6.04,Never,Occasional,No,,2022-06-13,Combination Therapy,7.0,3.0,Alive,High
ONC-06586,69.0,Other,Breast,Stage II,2.74,Current,,No,27.3,2023-10-02,,8.0,,Alive,High
ONC-05089,89.0,Other,,Stage I,10.17,Never,Heavy,Yes,22.3,2016-11-12,Chemotherapy,7.0,41.0,Deceased,Critical
ONC-05561,54.0,Female,Ovarian,Stage II,0.25,,Regular,Yes,27.3,2019-08-28,Chemotherapy,12.0,1.0,,Critical
ONC-03565,,,Colorectal,Stage II,1.86,,Heavy,No,25.9,2015-01-06,Surgery,12.0,3.0,Deceased,
ONC-02743,26.0,Male,Liver,Stage III,7.54,Never,Heavy,No,24.6,2019-03-01,Immunotherapy,4.0,1.0,Deceased,High
ONC-00831,61.0,Female,Colorectal,Stage II,0.78,,Heavy,No,18.2,2015-05-02,Immunotherapy,5.0,12.0,Alive,High
ONC-04596,65.0,Other,Skin (Melanoma),Stage III,4.59,,,No,32.2,2023-07-15,Palliative Care,9.0,41.0,Alive,Medium
ONC-01230,77.0,,Liver,Stage III,7.67,Current,None,Yes,24.4,2019-02-17,,6.0,5.0,Alive,High
ONC-04017,45.0,Male,Lung,Stage I,0.9,Former,Occasional,,31.4,2022-07-12,Chemotherapy,9.0,14.0,Alive,Medium
ONC-00211,69.0,Male,Pancreatic,Stage IV,1.62,Former,Regular,No,17.3,2022-07-31,,5.0,16.0,Alive,High
ONC-02495,71.0,Male,Liver,Stage III,2.57,Current,Heavy,No,23.0,,Radiation Therapy,8.0,0.0,Alive,High
ONC-05764,64.0,Female,Blood (Leukemia),Stage II,1.43,Current,Heavy,Yes,23.1,2023-01-10,,4.0,18.0,Alive,Critical
ONC-01351,51.0,Female,Blood (Leukemia),Stage IV,0.22,Former,Heavy,No,34.5,2024-04-06,,2.0,28.0,Alive,
ONC-05138,72.0,Male,Colorectal,Stage III,2.87,Never,Heavy,Yes,38.3,2017-10-03,Palliative Care,5.0,18.0,Alive,High
ONC-05320,63.0,Other,Breast,Stage III,0.68,Former,Heavy,,31.7,2017-12-05,Palliative Care,,,Deceased,Medium
ONC-05434,,Female,Blood (Leukemia),Stage I,,Current,Heavy,Yes,,2022-07-15,Palliative Care,7.0,12.0,,High
ONC-01522,58.0,Other,Blood (Leukemia),Stage I,,,None,,20.3,2021-03-08,Surgery,5.0,9.0,Alive,Low
ONC-04837,69.0,Other,Breast,Stage I,2.76,Former,Occasional,Yes,24.6,2021-01-19,Combination Therapy,9.0,17.0,Alive,Medium
ONC-02307,56.0,Male,Pancreatic,Stage III,1.02,Current,Occasional,,22.7,2018-11-13,Palliative Care,3.0,2.0,Alive,High
ONC-03764,69.0,Female,,Stage I,5.42,Current,Occasional,Yes,23.8,2024-09-03,Chemotherapy,6.0,18.0,Deceased,
ONC-02712,69.0,Male,Lung,Stage IV,2.75,Current,None,No,29.1,2024-07-03,Surgery,7.0,2.0,Deceased,Medium
ONC-01683,64.0,Female,Lung,,4.2,Former,Occasional,No,29.5,2020-03-13,Palliative Care,5.0,7.0,Deceased,Low
ONC-03627,68.0,Female,Pancreatic,Stage IV,7.81,Never,Occasional,No,28.8,2019-04-26,Immunotherapy,5.0,25.0,Deceased,High
ONC-00739,,Other,Blood (Leukemia),Stage II,0.77,Former,None,No,,2019-11-30,Combination Therapy,3.0,6.0,,Low
ONC-02556,73.0,Female,Breast,Stage III,1.98,Former,None,Yes,19.1,2017-10-01,Combination Therapy,8.0,28.0,Alive,Medium
ONC-03370,52.0,Male,Liver,Stage III,1.32,Never,Regular,Yes,31.0,2024-09-15,Immunotherapy,,29.0,Alive,
ONC-02781,56.0,Male,Brain,Stage III,4.16,,Regular,No,27.2,2022-01-05,Chemotherapy,,29.0,Alive,High
ONC-02557,40.0,Female,Pancreatic,Stage III,2.75,Former,Regular,Yes,22.9,2016-02-02,Palliative Care,9.0,2.0,Deceased,Low
ONC-01443,52.0,Other,Lung,Stage IV,1.33,Former,Heavy,Yes,20.3,2021-09-30,Surgery,5.0,1.0,Alive,
ONC-03203,59.0,Other,Colorectal,Stage II,3.16,Current,Occasional,No,31.1,2019-08-05,,5.0,83.0,Alive,Critical
ONC-00095,41.0,,Pancreatic,Stage IV,16.55,,Heavy,Yes,27.9,2021-09-21,Combination Therapy,6.0,,Deceased,High
ONC-06830,53.0,Female,Skin (Melanoma),Stage III,7.88,Current,None,No,22.0,2021-06-29,Chemotherapy,5.0,,,High
ONC-03165,69.0,,Blood (Leukemia),Stage IV,0.53,Never,Occasional,No,29.9,2020-06-11,Surgery,8.0,,,Critical
ONC-06576,90.0,Other,,Stage III,4.06,Former,Heavy,,21.8,2022-06-13,,6.0,22.0,Deceased,Medium
ONC-07233,72.0,Other,Pancreatic,Stage II,0.72,,Regular,No,32.1,2019-03-31,Immunotherapy,9.0,11.0,Alive,Low
ONC-06798,39.0,Male,Pancreatic,Stage II,,Never,Regular,,24.7,2024-04-28,Radiation Therapy,,21.0,Alive,Medium
ONC-03616,60.0,Other,Prostate,Stage IV,2.95,Current,None,No,,2024-06-08,Radiation Therapy,7.0,,Deceased,Medium
ONC-05494,56.0,Male,Ovarian,Stage II,2.64,Never,Occasional,,30.8,,Radiation Therapy,2.0,5.0,Alive,Medium
ONC-07372,,Other,Liver,Stage III,6.58,,Regular,No,26.5,2018-06-10,Chemotherapy,,2.0,Alive,Critical
ONC-05612,40.0,Male,Pancreatic,Stage I,1.45,Never,Occasional,Yes,23.4,2016-06-26,Palliative Care,,22.0,Alive,Medium
ONC-01176,60.0,Other,Breast,Stage IV,1.74,Former,None,Yes,16.7,2015-08-13,,10.0,57.0,Deceased,Critical
ONC-06731,55.0,Female,Pancreatic,Stage IV,3.46,Current,Occasional,,20.5,2016-09-12,Chemotherapy,7.0,5.0,Deceased,Critical
ONC-00416,59.0,Other,Brain,Stage I,3.49,,Heavy,,26.9,2016-04-07,Immunotherapy,6.0,5.0,Alive,Medium
ONC-01782,75.0,Other,Prostate,Stage I,1.85,Never,None,No,34.1,2016-03-21,Combination Therapy,8.0,6.0,Alive,
ONC-03859,68.0,Female,Colorectal,Stage I,4.12,,Heavy,No,20.3,2016-06-29,Surgery,4.0,18.0,Deceased,Low
ONC-00935,61.0,Male,Colorectal,Stage III,9.26,Never,None,No,13.8,2015-04-25,,,37.0,Alive,Critical
ONC-04214,59.0,Female,,Stage II,6.7,Never,Heavy,Yes,31.1,2022-12-06,Surgery,3.0,75.0,Deceased,Critical
ONC-05017,59.0,Other,Ovarian,Stage II,4.3,Never,None,,26.8,2021-04-16,Combination Therapy,1.0,9.0,Alive,Medium
ONC-07271,66.0,Female,Ovarian,Stage IV,6.31,Current,Regular,Yes,24.4,2021-04-27,Immunotherapy,6.0,4.0,Alive,Critical
ONC-04952,47.0,Male,Colorectal,Stage II,3.74,Never,Regular,Yes,27.8,2016-11-12,Palliative Care,6.0,2.0,,Medium
ONC-06637,67.0,Male,Lung,Stage III,0.87,,Occasional,Yes,37.2,2016-12-28,Radiation Therapy,4.0,25.0,Alive,Critical
ONC-01321,62.0,Male,Ovarian,Stage III,1.47,Former,,No,20.9,2021-03-02,Palliative Care,8.0,4.0,Alive,Low
ONC-02742,,Male,,Stage III,4.02,Current,Heavy,Yes,,,Surgery,5.0,3.0,Deceased,Medium
ONC-05867,64.0,Other,Lung,Stage I,6.41,Former,Regular,Yes,25.0,2018-06-02,Palliative Care,3.0,1.0,Alive,Medium
ONC-03778,64.0,Other,Breast,Stage I,10.59,Former,Occasional,No,25.4,2020-09-05,Chemotherapy,4.0,,Deceased,Low
ONC-06085,66.0,Female,Lung,Stage II,1.85,Never,Regular,No,22.0,2017-10-20,Palliative Care,5.0,4.0,Alive,Medium
ONC-03875,65.0,Female,Lung,Stage I,2.31,Former,None,No,,2019-02-12,Palliative Care,3.0,19.0,Alive,Medium
ONC-05239,43.0,,Blood (Leukemia),,1.77,Current,Regular,No,33.7,2021-01-24,Combination Therapy,9.0,5.0,Deceased,High
ONC-03400,51.0,Other,Skin (Melanoma),,1.49,Never,Heavy,No,20.6,2024-09-10,Immunotherapy,4.0,9.0,Alive,Critical
ONC-06240,,Male,Skin (Melanoma),Stage III,2.74,Never,Occasional,Yes,28.7,2015-10-28,Combination Therapy,5.0,9.0,Deceased,High
ONC-03861,62.0,Other,Liver,Stage I,1.21,,Heavy,No,26.1,2020-07-04,Immunotherapy,8.0,17.0,,Medium
ONC-06628,51.0,Female,Ovarian,Stage I,2.17,Current,Heavy,No,,2021-01-16,Surgery,7.0,5.0,Alive,Medium
ONC-00375,57.0,,Prostate,Stage IV,4.59,Current,Occasional,Yes,31.4,2023-05-13,,2.0,17.0,Deceased,Medium
ONC-05342,46.0,Female,Liver,Stage III,17.13,Never,Occasional,Yes,32.6,2020-06-05,Chemotherapy,6.0,69.0,Alive,Medium
ONC-06617,64.0,Female,Lung,Stage IV,6.47,Former,Heavy,Yes,27.4,2015-08-03,Chemotherapy,5.0,11.0,Alive,
ONC-04761,81.0,Female,Brain,Stage III,4.66,Current,Regular,No,26.7,2021-12-11,Surgery,2.0,8.0,Deceased,Medium
ONC-00113,44.0,,Skin (Melanoma),Stage III,1.51,Never,Occasional,Yes,26.2,2024-08-24,Palliative Care,3.0,0.0,,Critical
ONC-00986,,Female,Ovarian,Stage IV,0.53,,,No,24.6,2020-02-18,Palliative Care,5.0,22.0,Alive,Medium
ONC-00122,50.0,Other,Prostate,Stage II,12.25,Never,Occasional,Yes,27.7,2018-09-07,Chemotherapy,3.0,10.0,Deceased,Low
ONC-01127,62.0,Other,Skin (Melanoma),Stage III,2.57,Former,Heavy,Yes,25.5,2021-05-12,Radiation Therapy,8.0,9.0,Alive,High
ONC-00141,62.0,Female,Skin (Melanoma),Stage II,3.02,Former,Regular,,23.3,2015-02-01,Immunotherapy,3.0,5.0,Deceased,
ONC-06178,46.0,Male,Ovarian,Stage II,0.72,,Regular,No,22.8,2019-04-27,,5.0,17.0,Deceased,Medium
ONC-02917,75.0,Female,Lung,Stage IV,0.32,Never,Regular,No,26.0,2016-03-12,Chemotherapy,8.0,13.0,Deceased,Critical
ONC-03372,60.0,Female,Liver,Stage IV,1.61,Current,Regular,Yes,27.4,2016-08-14,Immunotherapy,3.0,29.0,Alive,High
ONC-07097,69.0,Female,Blood (Leukemia),Stage IV,1.88,Never,Heavy,,29.9,2016-01-28,Radiation Therapy,6.0,18.0,Deceased,Medium
ONC-06433,56.0,Other,Prostate,Stage II,6.95,Never,None,No,21.3,2023-10-07,Chemotherapy,5.0,27.0,Alive,Low
ONC-03984,14.0,Female,Lung,Stage IV,9.61,Never,Occasional,Yes,19.3,2022-08-09,Radiation Therapy,5.0,23.0,Alive,High
ONC-02174,87.0,Male,Brain,Stage III,6.5,Current,Regular,Yes,38.0,2020-07-16,,9.0,53.0,Alive,High
ONC-05207,51.0,Female,Prostate,,6.58,Current,None,No,21.8,2022-12-18,Combination Therapy,5.0,37.0,Deceased,Critical
ONC-05285,62.0,,Prostate,Stage II,3.18,Current,Heavy,No,29.4,2015-06-23,Palliative Care,6.0,6.0,Alive,Low
ONC-00413,73.0,Male,Brain,Stage III,3.96,Former,Regular,Yes,30.4,,Immunotherapy,5.0,5.0,Alive,Critical
ONC-03612,55.0,Male,Colorectal,Stage III,0.36,Current,Occasional,No,25.4,2016-10-12,Surgery,6.0,52.0,Deceased,Medium
ONC-06249,45.0,,Blood (Leukemia),,4.96,Never,None,No,28.8,2020-10-10,Chemotherapy,11.0,10.0,Alive,High
ONC-06141,,Female,,Stage IV,2.1,Current,None,Yes,,2022-12-01,Immunotherapy,5.0,51.0,Deceased,High
ONC-00245,67.0,Other,,Stage I,1.2,,None,Yes,24.8,2017-02-09,Combination Therapy,4.0,11.0,Deceased,Low
ONC-03017,46.0,,Skin (Melanoma),,2.76,Never,None,Yes,29.2,2020-12-22,Surgery,9.0,10.0,Deceased,Low
ONC-06355,81.0,Other,Blood (Leukemia),Stage I,1.64,Never,,No,32.0,2017-01-11,Immunotherapy,,0.0,Deceased,Low
ONC-05028,58.0,Female,,Stage II,,,Occasional,,32.6,2021-02-05,Chemotherapy,4.0,9.0,Alive,Medium
ONC-06869,69.0,,Pancreatic,Stage II,13.23,Unknown,Occasional,No,30.4,2019-04-18,Radiation Therapy,7.0,3.0,Alive,Low
ONC-00103,67.0,Female,Skin (Melanoma),Stage II,0.38,Never,None,No,26.9,2016-11-12,Palliative Care,4.0,,Alive,Medium
ONC-03087,86.0,Other,Blood (Leukemia),Stage III,5.32,Current,Occasional,No,25.6,2018-03-06,Radiation Therapy,5.0,19.0,Deceased,Critical
ONC-01798,,,Breast,Stage III,3.81,Never,,Yes,22.0,2017-01-27,Chemotherapy,12.0,71.0,Alive,High
ONC-01885,74.0,Female,Skin (Melanoma),Stage III,1.21,Current,None,No,15.2,2016-03-24,,3.0,74.0,Alive,Medium
ONC-04742,57.0,Female,Colorectal,Stage II,0.7,Former,Heavy,Yes,31.2,2015-07-07,Palliative Care,7.0,2.0,Alive,Low
ONC-06354,63.0,,Pancreatic,Stage II,3.67,Former,Heavy,Yes,23.4,,Surgery,7.0,5.0,Deceased,Low
ONC-01264,54.0,Other,Breast,Stage IV,4.45,Former,Regular,Yes,29.2,2022-05-06,Surgery,6.0,10.0,Alive,
ONC-03440,38.0,Female,Brain,Stage I,0.1,Current,Regular,No,24.9,2015-11-01,Combination Therapy,6.0,6.0,Alive,Low
ONC-07054,55.0,Male,Breast,Stage IV,8.37,,,No,23.0,,Chemotherapy,,2.0,Alive,High
ONC-01198,54.0,Other,Lung,Stage I,12.55,,None,Yes,23.5,2020-08-04,Chemotherapy,9.0,14.0,Alive,Low
ONC-03770,51.0,,Skin (Melanoma),Stage III,2.85,Current,Regular,No,25.6,2024-04-14,Chemotherapy,3.0,4.0,Deceased,Low
ONC-03029,46.0,,Liver,Stage IV,4.34,,Occasional,No,27.1,2020-07-26,,8.0,8.0,Deceased,Critical
ONC-02199,44.0,Female,Prostate,Stage I,2.84,Never,Occasional,No,34.4,2017-03-03,Combination Therapy,6.0,5.0,Alive,Low
ONC-05618,52.0,Male,Pancreatic,Stage I,0.67,,Regular,No,21.2,2023-10-28,Combination Therapy,9.0,7.0,Alive,Medium
ONC-05448,86.0,Female,Lung,Stage II,1.63,Never,None,,19.1,2018-10-03,Radiation Therapy,8.0,3.0,Deceased,Medium
ONC-07158,60.0,Other,Prostate,Stage III,5.04,Former,None,No,26.3,2022-06-27,Chemotherapy,,4.0,Alive,High
ONC-01666,67.0,Other,Ovarian,Stage III,0.47,Former,None,No,35.3,2023-12-28,Radiation Therapy,6.0,3.0,Alive,High
ONC-06117,53.0,Other,Skin (Melanoma),,1.57,Never,Regular,Yes,28.3,2018-11-18,,5.0,25.0,Alive,High
ONC-04871,49.0,Male,Ovarian,Stage III,6.9,Never,None,No,30.1,2024-10-18,Combination Therapy,7.0,12.0,Alive,High
ONC-02482,80.0,Other,Breast,Stage I,2.05,Never,,No,26.0,,Immunotherapy,,3.0,,Low
ONC-01116,54.0,Female,Prostate,Stage IV,0.93,Never,Occasional,Yes,17.6,2018-05-01,Chemotherapy,,15.0,Alive,Critical
ONC-01258,71.0,Female,Liver,Stage III,0.28,Never,Occasional,Yes,28.0,2024-11-17,Radiation Therapy,13.0,11.0,Alive,High
ONC-01792,53.0,Female,Breast,,12.43,Former,Occasional,No,21.0,2024-09-04,Palliative Care,4.0,7.0,Deceased,Critical
ONC-03332,71.0,Male,Breast,Stage IV,1.33,Current,Heavy,Yes,19.6,2019-04-29,Palliative Care,4.0,7.0,Deceased,High
ONC-05114,74.0,Female,Blood (Leukemia),Stage III,3.01,Current,Heavy,No,27.0,,Combination Therapy,10.0,4.0,,Medium
ONC-04376,80.0,Female,Liver,Stage IV,4.23,Current,Regular,No,19.7,2016-09-12,Palliative Care,,39.0,Alive,Critical
ONC-04897,54.0,,Brain,Stage II,6.23,Never,Occasional,No,26.5,2022-01-18,Radiation Therapy,7.0,15.0,Deceased,Medium
ONC-00352,82.0,Female,Prostate,Stage I,4.08,Never,Regular,,31.4,2021-07-28,Surgery,6.0,2.0,Alive,Medium
ONC-02856,43.0,Male,Breast,Stage I,6.98,Former,Regular,Yes,15.7,2020-11-11,Immunotherapy,7.0,7.0,Alive,Medium
ONC-05532,,Other,Ovarian,Stage I,4.41,Current,,Yes,27.7,2023-01-31,Chemotherapy,,6.0,,Medium
ONC-04826,44.0,Female,Colorectal,Stage IV,1.05,Former,Occasional,No,23.6,2016-09-04,,5.0,1.0,Deceased,High
ONC-05201,58.0,Female,Pancreatic,Stage II,6.29,Never,,Yes,12.0,2020-07-27,Chemotherapy,6.0,25.0,,High
ONC-01355,45.0,Other,Lung,Stage III,4.66,,Heavy,Yes,26.1,2024-07-14,Chemotherapy,9.0,14.0,Alive,Low
ONC-02519,40.0,,Brain,Stage I,0.56,,None,No,28.4,2023-05-30,Combination Therapy,3.0,6.0,Alive,Medium
ONC-04589,62.0,Female,Ovarian,Stage II,0.43,Former,Occasional,No,31.2,2019-12-22,Immunotherapy,6.0,39.0,Alive,High
ONC-02718,57.0,,Breast,Stage I,6.33,Former,Occasional,No,29.1,2015-07-30,Immunotherapy,3.0,,Alive,Medium
ONC-01442,25.0,Female,,Stage I,5.46,Never,Heavy,Yes,,2021-08-18,Immunotherapy,7.0,,,Low
ONC-03572,58.0,Other,Colorectal,Stage II,1.78,Current,Regular,Yes,26.3,2020-07-01,Palliative Care,12.0,5.0,Alive,High
ONC-06371,43.0,Female,Skin (Melanoma),Stage II,1.71,Current,Regular,No,,2015-12-04,,4.0,10.0,Deceased,High
ONC-00443,73.0,Other,Colorectal,Stage II,3.18,,Heavy,No,23.3,2016-01-12,Radiation Therapy,7.0,9.0,,Medium
ONC-00233,57.0,Male,Ovarian,Stage I,1.72,,,No,35.9,2019-08-02,Chemotherapy,2.0,18.0,Deceased,High
ONC-03078,50.0,Female,Pancreatic,Stage IV,5.13,Current,Regular,,23.3,2022-06-09,Surgery,8.0,,Deceased,Critical
ONC-05341,,,Brain,Stage I,1.88,Never,Regular,,28.4,2023-01-20,Radiation Therapy,6.0,,Alive,Low
ONC-02801,51.0,Other,,Stage IV,4.09,Never,,Yes,,2022-01-01,Palliative Care,9.0,11.0,,High
ONC-03061,39.0,Male,Colorectal,Stage III,4.15,Former,Occasional,No,28.2,2023-05-21,Chemotherapy,,27.0,Alive,High
ONC-00522,40.0,Other,Prostate,Stage III,15.48,,Heavy,No,22.1,2018-05-12,Surgery,6.0,8.0,Deceased,Medium
ONC-07323,54.0,Male,Prostate,,1.49,Former,Occasional,No,22.9,2020-12-15,Surgery,7.0,4.0,Alive,High
ONC-06548,51.0,Male,Blood (Leukemia),,2.89,Current,Heavy,,20.9,2017-04-07,Surgery,10.0,22.0,Alive,
ONC-06338,,Male,Pancreatic,Stage I,2.28,Current,None,Yes,20.4,2015-12-04,,11.0,,Deceased,Medium
ONC-01512,58.0,Male,Breast,Stage I,,Former,Regular,Yes,23.5,2023-05-04,Chemotherapy,7.0,14.0,Deceased,Low
ONC-03222,40.0,Female,Lung,Stage III,7.35,,Occasional,,19.3,2024-07-22,Surgery,9.0,22.0,Alive,Medium
ONC-00523,56.0,Other,Skin (Melanoma),Stage II,1.45,Former,Occasional,No,27.2,2024-11-22,Combination Therapy,6.0,0.0,Alive,High
ONC-00806,47.0,Male,Pancreatic,Stage III,1.21,Current,Regular,Yes,28.1,2020-11-12,Immunotherapy,9.0,2.0,Alive,Medium
ONC-02941,87.0,Female,Ovarian,Stage I,0.5,Current,Occasional,Yes,40.0,2016-08-18,,4.0,,Deceased,Low
ONC-06611,58.0,,Skin (Melanoma),Stage I,5.9,,Occasional,No,26.8,2024-12-24,Combination Therapy,4.0,14.0,Alive,Medium
ONC-04196,43.0,Other,Blood (Leukemia),Stage III,11.7,Never,Regular,No,19.5,2018-03-05,Chemotherapy,3.0,19.0,Deceased,Medium
ONC-05621,,Male,Brain,Stage III,3.47,Former,Occasional,No,28.3,2022-04-19,Chemotherapy,7.0,40.0,Alive,Low
ONC-06165,51.0,Female,Lung,Stage II,2.37,Former,Regular,Yes,25.0,2020-05-03,Chemotherapy,5.0,6.0,Alive,Medium
ONC-00992,54.0,Male,Pancreatic,Stage III,10.3,Never,None,No,27.4,2022-03-12,Palliative Care,,7.0,Deceased,Low
ONC-05616,56.0,,Liver,Stage II,2.01,Never,Occasional,No,21.0,2016-04-04,Combination Therapy,6.0,72.0,Alive,
ONC-04102,,Female,Brain,Stage II,0.91,Never,Heavy,No,27.4,2023-01-27,,5.0,18.0,Alive,Medium
ONC-05283,39.0,Other,Liver,Stage IV,1.4,Never,Heavy,Yes,26.8,2018-06-26,,9.0,2.0,Alive,High
ONC-04290,86.0,Female,Brain,Stage IV,0.92,Current,,Yes,27.0,2023-03-22,Combination Therapy,7.0,25.0,Alive,High
ONC-00135,,,Liver,Stage I,2.71,Current,Regular,Yes,22.9,2017-01-08,Radiation Therapy,,6.0,Deceased,
ONC-06592,,Female,Prostate,Stage I,,Never,Occasional,No,32.4,2023-03-15,Immunotherapy,6.0,5.0,Alive,Medium
ONC-03643,70.0,,Breast,,2.02,Current,None,No,31.6,2018-06-15,Combination Therapy,6.0,4.0,Deceased,Low
ONC-06662,24.0,Male,Pancreatic,Stage III,1.24,Never,None,Yes,19.1,2023-05-08,Radiation Therapy,6.0,3.0,Alive,Medium
ONC-05187,41.0,Female,Lung,Stage II,7.66,,Heavy,No,28.3,2021-07-30,Immunotherapy,5.0,5.0,Alive,Low
ONC-04125,81.0,Other,Ovarian,Stage I,1.22,Never,None,Yes,,2019-08-29,Immunotherapy,11.0,16.0,Deceased,Medium
ONC-07090,59.0,Male,Pancreatic,Stage III,7.43,Never,Regular,Yes,26.5,,Radiation Therapy,6.0,37.0,Alive,Medium
ONC-02909,90.0,Male,Ovarian,Stage II,2.06,Current,Heavy,Yes,24.5,2023-02-12,Palliative Care,6.0,10.0,Alive,
ONC-02442,,Male,Prostate,Stage IV,17.45,Former,Heavy,,20.3,2019-06-28,Surgery,4.0,76.0,Deceased,High
ONC-00744,58.0,Male,Prostate,Stage I,1.67,Never,Heavy,,17.9,2017-01-03,,4.0,10.0,Alive,Low
ONC-05163,46.0,,Colorectal,Stage IV,2.04,,None,No,31.6,2019-09-29,Immunotherapy,4.0,25.0,Deceased,Medium
ONC-02607,54.0,,Prostate,Stage III,6.89,Never,Heavy,Yes,26.6,2024-06-20,Radiation Therapy,5.0,,Alive,High
ONC-06336,60.0,Female,Liver,Stage I,0.1,,Occasional,Yes,37.1,2020-01-29,Immunotherapy,3.0,2.0,Alive,Low
ONC-05364,75.0,Male,Skin (Melanoma),Stage III,2.03,Current,Heavy,No,28.1,2023-09-05,Combination Therapy,4.0,57.0,Alive,Low
ONC-03294,51.0,,Liver,Stage IV,3.97,,Heavy,Yes,29.8,2018-12-25,,4.0,12.0,Deceased,Low
ONC-04781,,Other,Blood (Leukemia),Stage IV,0.91,Never,Regular,No,25.7,2017-10-25,Palliative Care,7.0,7.0,Alive,Critical
ONC-04293,44.0,Female,Blood (Leukemia),Stage III,1.53,Current,,Yes,21.8,2022-06-24,Immunotherapy,5.0,,Deceased,High
ONC-00102,70.0,Other,Ovarian,Stage IV,13.91,Current,Heavy,,18.6,2021-12-04,Surgery,8.0,17.0,Alive,Critical
ONC-02422,56.0,Male,Prostate,Stage IV,0.1,Never,None,No,33.7,2016-05-08,Immunotherapy,5.0,21.0,Deceased,High
ONC-01850,58.0,Other,Breast,Stage II,3.77,Former,Occasional,No,36.6,2023-11-24,Surgery,1.0,20.0,Alive,Medium
ONC-02521,64.0,Other,Brain,Stage I,6.12,Never,Regular,Yes,30.7,2020-06-02,Palliative Care,11.0,4.0,Alive,Medium
ONC-03171,43.0,Other,Brain,,3.76,Never,,No,31.7,2018-10-01,Immunotherapy,9.0,14.0,Alive,Medium
ONC-05375,,Male,Prostate,Stage III,1.28,Former,Heavy,No,25.7,2022-02-12,Combination Therapy,9.0,27.0,Alive,Critical
ONC-01741,46.0,Other,Prostate,Stage II,0.27,Never,Occasional,Yes,33.4,2017-03-20,Chemotherapy,4.0,,Alive,Medium
ONC-00408,58.0,Other,Brain,Stage II,9.54,Never,Regular,No,26.6,2018-04-24,Chemotherapy,9.0,6.0,Alive,
ONC-04851,45.0,Male,Ovarian,Stage II,0.1,Current,None,Yes,12.0,2023-12-26,Radiation Therapy,3.0,51.0,Alive,High
ONC-03533,63.0,Other,Skin (Melanoma),Stage I,4.82,Never,Heavy,,24.5,2022-04-06,Combination Therapy,2.0,7.0,Alive,Low
ONC-03488,74.0,Female,Lung,Stage IV,5.82,Never,,Yes,28.0,2017-02-13,Immunotherapy,8.0,48.0,Deceased,Critical
ONC-04684,97.0,Male,Colorectal,Stage IV,1.19,Former,Regular,No,20.8,2024-11-28,Combination Therapy,2.0,3.0,Deceased,High
ONC-02974,52.0,,Pancreatic,Stage I,1.05,Former,Heavy,No,32.5,2023-03-01,Radiation Therapy,6.0,2.0,Alive,Low
ONC-06540,,Male,Skin (Melanoma),Stage II,0.38,Never,Occasional,Yes,26.0,2016-12-22,Combination Therapy,7.0,27.0,Deceased,Medium
ONC-00579,54.0,Other,Prostate,Stage I,1.26,Current,,,33.2,2021-09-08,,7.0,8.0,Alive,Medium
ONC-02456,,,Prostate,,0.55,-,Regular,Yes,26.1,2024-05-14,Surgery,8.0,1.0,Alive,Low
ONC-02831,46.0,Male,Colorectal,Stage II,3.47,Never,Heavy,Yes,25.2,2024-03-01,Palliative Care,6.0,1.0,Alive,Low
ONC-03638,53.0,Male,,Stage II,2.75,Former,Occasional,No,31.6,2018-10-10,Combination Therapy,5.0,0.0,Alive,High
ONC-02853,76.0,,Breast,Stage I,3.07,Never,Heavy,Yes,34.1,2023-10-03,Immunotherapy,5.0,13.0,Alive,High
ONC-04062,59.0,Female,Ovarian,Stage III,1.4,Current,,No,16.8,,Palliative Care,3.0,0.0,Alive,Critical
ONC-05603,62.0,Female,Breast,Stage I,1.11,Former,None,No,25.3,2016-10-07,,5.0,,Alive,Low
ONC-00247,55.0,Other,Pancreatic,Stage II,2.77,Never,Heavy,Yes,32.9,2021-03-11,Radiation Therapy,3.0,10.0,Deceased,Medium
ONC-05818,68.0,Female,Blood (Leukemia),,7.77,Current,Regular,Yes,27.2,2015-03-24,Surgery,9.0,8.0,Deceased,Critical
ONC-05122,60.0,Female,Lung,Stage IV,2.28,Current,None,Yes,23.1,2020-10-30,Surgery,11.0,9.0,Deceased,Critical
ONC-04522,80.0,Male,Colorectal,Stage III,0.96,Current,None,No,27.8,2019-07-10,Surgery,4.0,31.0,Alive,Low
ONC-04276,59.0,Female,Skin (Melanoma),Stage III,0.86,Former,Heavy,No,27.1,2017-08-12,,12.0,23.0,Alive,Critical
ONC-00853,,Other,,Stage II,1.19,Never,None,Yes,28.0,2015-03-19,,6.0,3.0,Deceased,High
ONC-03016,,Other,Lung,Stage IV,7.29,Never,Occasional,Yes,28.6,,Surgery,8.0,25.0,Alive,High
ONC-02511,,Other,Brain,Stage IV,0.74,Current,None,No,22.1,2019-07-06,Combination Therapy,5.0,15.0,Alive,Medium
ONC-06744,69.0,Male,Colorectal,Stage II,1.37,Never,Heavy,No,,2015-12-03,Surgery,6.0,105.0,Deceased,Medium
ONC-04630,,Female,Skin (Melanoma),Stage II,0.1,Former,Occasional,,33.9,2023-01-26,Immunotherapy,2.0,9.0,Alive,
ONC-01967,56.0,Female,Pancreatic,Stage IV,0.59,Current,Occasional,Yes,20.4,2024-10-22,Surgery,4.0,11.0,Alive,High
ONC-05881,77.0,Female,Liver,Stage IV,1.62,Never,None,No,24.3,2015-01-07,Chemotherapy,9.0,13.0,Alive,Medium
ONC-00277,45.0,Female,Skin (Melanoma),Stage II,4.83,,Heavy,No,25.3,2021-07-12,Immunotherapy,4.0,44.0,,Medium
ONC-00452,50.0,Female,,,1.92,Former,Heavy,Yes,29.5,2020-04-25,Chemotherapy,5.0,,Alive,Low
ONC-00781,51.0,N/A,Colorectal,,6.54,Former,Occasional,Yes,19.5,2019-07-01,Combination Therapy,,7.0,Alive,High
ONC-04959,47.0,Female,Liver,Stage IV,6.35,Former,Regular,No,34.9,2023-10-22,Surgery,2.0,26.0,Alive,High
ONC-07430,64.0,Other,Breast,Stage IV,6.72,Current,Heavy,,23.6,2021-09-02,Palliative Care,3.0,0.0,Alive,Critical
ONC-03208,56.0,Other,Liver,Stage I,7.02,Never,Occasional,No,19.6,2024-04-27,,8.0,7.0,Alive,Medium
ONC-01228,55.0,Male,Lung,Stage IV,5.47,Never,Occasional,No,36.9,2021-05-25,Radiation Therapy,9.0,44.0,Deceased,Medium
ONC-02538,66.0,Male,Lung,Stage III,0.1,,Regular,Yes,14.9,2021-06-19,Radiation Therapy,7.0,12.0,Alive,Medium
ONC-02857,,Male,Pancreatic,Stage III,4.1,Current,Occasional,Yes,22.6,2023-09-06,Chemotherapy,5.0,21.0,Alive,High
ONC-02874,49.0,Female,Prostate,Stage III,0.1,Never,Regular,Yes,29.1,,Chemotherapy,5.0,12.0,Alive,High
ONC-02938,54.0,Male,Colorectal,Stage IV,,Never,Heavy,No,29.5,2018-01-01,Combination Therapy,6.0,9.0,Alive,Critical
ONC-06148,72.0,Male,Brain,Stage I,2.75,Never,None,Yes,28.8,2016-11-24,Immunotherapy,5.0,0.0,Alive,Low
ONC-02126,39.0,Other,,Stage II,0.12,Never,Occasional,No,27.6,2022-04-24,Immunotherapy,5.0,7.0,Alive,Low
ONC-03304,47.0,Female,Pancreatic,,3.31,Never,Occasional,Yes,33.3,2015-01-12,Palliative Care,5.0,6.0,Deceased,Low
ONC-06009,63.0,Male,Prostate,Stage I,7.06,Never,Heavy,,23.2,2015-12-05,Chemotherapy,4.0,37.0,Alive,High
ONC-00388,48.0,Other,Skin (Melanoma),,6.01,Former,Occasional,Yes,25.6,2020-10-19,Chemotherapy,12.0,31.0,Deceased,High
ONC-05294,36.0,Other,Skin (Melanoma),Stage IV,1.96,Never,Regular,No,29.9,2024-07-09,Combination Therapy,,1.0,Deceased,High
ONC-00460,35.0,Female,Colorectal,Stage IV,1.27,Never,Regular,No,22.1,2020-03-10,Immunotherapy,9.0,73.0,Alive,High
ONC-03077,47.0,,Pancreatic,Stage IV,3.9,Current,,,20.0,2016-05-19,Radiation Therapy,2.0,6.0,Alive,Medium
ONC-00434,77.0,,Ovarian,Stage III,0.1,Never,None,Yes,,2019-04-10,Chemotherapy,4.0,,Alive,
ONC-05563,68.0,Male,Brain,Stage I,4.56,Current,Regular,Yes,23.4,2021-04-18,Surgery,5.0,17.0,Alive,Low
ONC-00057,,,Ovarian,Stage IV,0.95,Former,Heavy,Yes,26.6,2024-08-10,Combination Therapy,3.0,1.0,Alive,High
ONC-03531,42.0,Other,Ovarian,Stage I,,,Heavy,No,20.7,2019-02-22,Palliative Care,7.0,7.0,Alive,Medium
ONC-06668,63.0,Other,Lung,Stage II,1.32,Former,Heavy,Yes,,2022-05-10,Radiation Therapy,6.0,60.0,,Low
ONC-03743,77.0,Female,Prostate,Stage I,6.82,Former,Regular,,,2019-01-22,Combination Therapy,3.0,22.0,Alive,Low
ONC-03382,69.0,,,Stage III,3.76,Current,Regular,Yes,25.5,2024-09-25,Combination Therapy,4.0,23.0,,High
ONC-07456,48.0,Male,Skin (Melanoma),Stage II,5.25,,Occasional,Yes,,2019-09-08,,7.0,0.0,Alive,Medium
ONC-04867,78.0,Male,Brain,Stage III,0.11,Former,Occasional,Yes,25.6,2024-11-07,Radiation Therapy,6.0,3.0,,Medium
ONC-03114,72.0,Female,Colorectal,Stage II,0.98,Current,Regular,No,21.9,2017-11-17,Combination Therapy,4.0,20.0,Alive,Medium
ONC-01193,57.0,,Pancreatic,Stage IV,1.24,Current,,Yes,23.4,2017-10-31,Immunotherapy,4.0,33.0,Alive,Medium
ONC-05072,72.0,Other,Skin (Melanoma),Stage IV,2.67,Former,None,Yes,22.3,2018-12-22,Immunotherapy,,9.0,Alive,Medium
ONC-07216,50.0,,Liver,Stage II,0.2,Never,Occasional,Yes,25.2,2024-10-12,Combination Therapy,6.0,36.0,Deceased,High
ONC-02458,76.0,Female,Liver,Stage I,1.58,Current,Regular,No,27.5,2017-05-19,Immunotherapy,,7.0,Alive,Low
ONC-01662,52.0,Male,Brain,Stage III,0.88,Never,None,Yes,27.6,2024-08-18,Surgery,6.0,15.0,Alive,Critical
ONC-06414,52.0,Male,Skin (Melanoma),Stage II,0.23,Former,,No,26.2,2020-11-10,,2.0,34.0,Alive,Low
ONC-00562,53.0,Female,Blood (Leukemia),Stage I,1.32,Former,Regular,No,29.7,2017-02-19,Radiation Therapy,5.0,12.0,,Low
ONC-01436,53.0,Other,Prostate,Stage II,3.69,Former,Regular,Yes,29.3,,Surgery,9.0,22.0,Alive,Medium
ONC-03921,39.0,Male,,Stage IV,3.3,Former,Occasional,Yes,25.0,2021-04-14,Combination Therapy,5.0,27.0,Alive,High
ONC-01142,64.0,Other,Brain,Stage IV,2.06,Never,Occasional,No,35.9,2022-06-01,,11.0,18.0,Deceased,Critical
ONC-01488,,Male,Liver,Stage IV,1.21,Former,,Yes,27.3,2022-01-10,Palliative Care,,62.0,,High
ONC-05429,68.0,Female,Prostate,Stage III,1.55,Never,Heavy,Yes,27.3,,Immunotherapy,6.0,16.0,Alive,High
ONC-07017,40.0,Female,Lung,Stage I,8.53,Never,Regular,,23.1,2016-07-20,Immunotherapy,9.0,0.0,Deceased,Low
ONC-06118,69.0,Other,Skin (Melanoma),Stage II,9.49,Never,Regular,Yes,22.2,2024-12-13,Immunotherapy,6.0,24.0,Deceased,Critical
ONC-03038,34.0,Male,Blood (Leukemia),,7.02,Current,Heavy,No,20.6,2023-03-01,Immunotherapy,5.0,11.0,Alive,Critical
ONC-01335,,,Brain,Stage I,4.96,Current,Heavy,Yes,,2016-12-18,Surgery,10.0,18.0,Alive,Low
ONC-05403,61.0,Other,Prostate,,1.61,Never,Heavy,No,28.6,2016-07-25,,4.0,8.0,Alive,High
ONC-05649,60.0,Female,Prostate,Stage II,2.68,Current,Regular,No,33.6,2024-12-18,Surgery,8.0,71.0,Alive,Low
ONC-00577,78.0,,Lung,Stage II,2.87,Current,None,No,21.0,2024-11-14,Immunotherapy,2.0,8.0,Deceased,
ONC-05821,74.0,Male,Pancreatic,Stage I,3.76,Former,None,No,18.8,2020-05-27,,8.0,21.0,Alive,Low
ONC-05802,75.0,Female,Liver,Stage II,0.78,Former,Regular,No,31.4,2024-08-09,Radiation Therapy,6.0,56.0,Alive,High
ONC-03518,71.0,Female,Prostate,Stage II,0.68,Never,Heavy,Yes,,2015-08-27,Chemotherapy,9.0,7.0,Alive,Low
ONC-02893,62.0,Female,Lung,Stage I,5.56,Current,None,No,32.9,2022-01-19,Radiation Therapy,8.0,3.0,Alive,Medium
ONC-04934,49.0,Male,Prostate,Stage II,0.28,Never,Heavy,Yes,22.4,2022-02-03,,4.0,7.0,Deceased,High
ONC-00276,66.0,Other,Colorectal,Stage IV,1.78,Never,,No,25.7,2016-07-24,Palliative Care,,32.0,Alive,Critical
ONC-03116,60.0,Female,Brain,Stage I,13.34,,None,No,21.0,2022-03-27,Surgery,4.0,19.0,Alive,Low
ONC-05857,41.0,Female,Brain,Stage II,,Former,,No,,2017-10-10,Chemotherapy,4.0,2.0,,Low
ONC-07170,47.0,Female,Breast,Stage III,3.31,Current,Regular,Yes,26.9,2023-06-20,Palliative Care,9.0,3.0,Alive,Critical
ONC-07217,,Other,Liver,Stage II,1.21,Former,Heavy,Yes,27.0,2023-03-16,Palliative Care,,18.0,Alive,Medium
ONC-04484,55.0,Other,Lung,Stage II,0.42,Current,Regular,Yes,27.2,2015-10-22,,7.0,8.0,Alive,Medium
ONC-03144,54.0,,Brain,Stage IV,,Never,Heavy,Yes,21.3,2018-03-23,Chemotherapy,6.0,4.0,Alive,High
ONC-07015,47.0,Female,Breast,Stage IV,4.01,,Occasional,No,27.5,2017-07-11,Surgery,6.0,11.0,Alive,Critical
ONC-06518,,Female,Ovarian,Stage III,2.67,Never,Occasional,Yes,27.4,2021-07-19,,4.0,3.0,Alive,High
ONC-02114,83.0,Other,Liver,Stage I,5.89,Former,Occasional,No,23.8,2022-05-11,Surgery,,12.0,Deceased,Low
ONC-06672,,Other,Ovarian,Stage III,7.88,Current,,No,23.1,2024-02-12,Surgery,5.0,10.0,Alive,Medium
ONC-03546,60.0,Male,Pancreatic,Stage II,0.84,Never,Occasional,No,24.8,2020-08-30,,7.0,13.0,Alive,Medium
ONC-06780,61.0,Other,Blood (Leukemia),Stage I,6.37,Never,None,No,32.4,2015-07-13,Palliative Care,10.0,17.0,Alive,Low
ONC-07481,48.0,Other,Pancreatic,Stage IV,1.01,Never,Heavy,Yes,22.7,2019-12-31,Chemotherapy,6.0,1.0,Alive,Medium
ONC-00583,62.0,Other,,Stage IV,3.57,-,Heavy,No,36.3,2019-06-03,Combination Therapy,8.0,7.0,,Critical
ONC-06491,72.0,Female,Ovarian,Stage IV,2.54,Former,None,No,30.6,2016-10-24,Combination Therapy,5.0,5.0,,Medium
ONC-03617,78.0,Female,Lung,Stage III,0.17,Never,None,Yes,,,Immunotherapy,5.0,4.0,Alive,
ONC-07328,64.0,Male,Skin (Melanoma),Stage III,10.42,Current,Regular,Yes,28.5,2015-05-22,Combination Therapy,5.0,12.0,Deceased,Medium
ONC-02685,64.0,Female,Brain,Stage I,8.15,Never,Regular,Yes,28.7,2024-10-13,Palliative Care,10.0,6.0,Alive,Low
ONC-03107,,Female,Skin (Melanoma),Stage IV,0.89,Former,Occasional,Yes,32.3,2015-04-25,Surgery,7.0,24.0,,Critical
ONC-03497,54.0,Male,Blood (Leukemia),Stage IV,3.48,,Occasional,Yes,34.6,2024-08-08,,7.0,33.0,,High
ONC-00894,64.0,Female,Pancreatic,Stage III,4.44,Never,,Yes,24.5,2024-04-06,Surgery,9.0,1.0,Alive,Critical
ONC-06648,42.0,Female,Skin (Melanoma),Stage IV,3.15,Current,Heavy,Yes,31.3,2016-06-29,Combination Therapy,1.0,26.0,Deceased,Critical
ONC-06228,53.0,Other,Brain,Stage I,4.91,Never,Heavy,No,24.1,2023-10-24,Radiation Therapy,6.0,0.0,Alive,Low
ONC-06859,76.0,Female,Colorectal,Stage IV,3.97,Never,,Yes,22.1,,Surgery,11.0,4.0,Alive,High
ONC-02471,51.0,Male,Liver,Stage IV,0.12,Never,Heavy,Yes,26.4,2021-06-24,Palliative Care,7.0,23.0,Deceased,High
ONC-00188,58.0,,Lung,Stage I,2.62,Current,Heavy,No,,,,8.0,22.0,Deceased,Low
ONC-00719,63.0,Other,,Stage II,3.62,,Occasional,Yes,22.6,2016-05-03,Radiation Therapy,4.0,8.0,Alive,Medium
ONC-02894,64.0,Male,Lung,Stage II,7.43,Former,,Yes,18.3,2023-12-03,Surgery,4.0,9.0,Deceased,
ONC-00997,,Male,Lung,Stage I,1.75,Current,Occasional,Yes,24.9,,Radiation Therapy,4.0,0.0,Deceased,Low
ONC-02409,61.0,Male,Pancreatic,Stage III,0.9,Never,None,Yes,19.8,2022-06-17,Palliative Care,5.0,,Deceased,
ONC-03650,66.0,Other,Pancreatic,Stage I,0.78,Former,Regular,No,27.3,2021-12-06,Chemotherapy,6.0,30.0,Alive,Medium
ONC-05877,,Male,Brain,,1.36,Current,Heavy,Yes,32.0,2024-07-02,Radiation Therapy,7.0,12.0,Alive,Low
ONC-01219,69.0,Other,Skin (Melanoma),Stage IV,3.37,Current,Regular,Yes,23.1,2019-04-11,,5.0,32.0,Deceased,High
ONC-02931,75.0,Male,Prostate,Stage I,1.42,Former,Heavy,No,19.9,2019-09-07,Radiation Therapy,4.0,15.0,Alive,Low
ONC-05028,58.0,Female,,Stage II,,,Occasional,,32.6,2021-02-05,Chemotherapy,5.0,9.0,Alive,Medium
ONC-04305,43.0,Other,Lung,Stage II,4.19,Current,,Yes,31.5,2016-01-19,Chemotherapy,6.0,19.0,Alive,Low
ONC-05088,49.0,Other,Ovarian,Stage IV,7.82,Former,Occasional,,24.0,2015-07-29,Chemotherapy,7.0,21.0,Alive,Critical
ONC-03582,47.0,,Ovarian,Stage I,12.36,Current,Heavy,Yes,35.9,,Immunotherapy,11.0,62.0,Deceased,Medium
ONC-01819,65.0,Male,Blood (Leukemia),Stage IV,2.57,Former,,,32.1,,Radiation Therapy,9.0,63.0,Alive,
ONC-01071,,Female,Lung,Stage I,5.38,Never,Occasional,No,19.0,2023-05-04,Chemotherapy,5.0,,Deceased,Low
ONC-04946,69.0,Female,Liver,Stage I,4.52,Former,Regular,,12.8,2017-01-17,Radiation Therapy,6.0,18.0,Deceased,Low
ONC-05917,58.0,Other,Ovarian,Stage III,1.79,Former,Heavy,No,29.4,2016-03-02,Radiation Therapy,8.0,9.0,Alive,Medium
ONC-05892,57.0,Female,Pancreatic,Stage I,3.69,Former,Occasional,No,26.3,2015-12-08,Palliative Care,8.0,21.0,,
ONC-01348,72.0,Female,Liver,Stage I,0.58,Current,Heavy,Yes,33.5,2019-03-18,Combination Therapy,6.0,33.0,Alive,Medium
ONC-00701,48.0,,Colorectal,Stage III,6.04,Current,,No,28.5,,Palliative Care,5.0,26.0,Alive,High
ONC-03225,74.0,Female,Pancreatic,Stage II,8.79,Never,Regular,No,34.7,2016-02-03,,9.0,26.0,Alive,Medium
ONC-04659,53.0,Male,,Stage I,6.81,Never,Regular,Yes,35.5,2017-07-20,Immunotherapy,2.0,93.0,Alive,Medium
ONC-04958,75.0,Female,Skin (Melanoma),Stage III,3.8,Current,None,Yes,30.7,2018-04-16,Chemotherapy,9.0,30.0,Alive,Medium
ONC-06379,70.0,Male,Lung,Stage I,0.94,Never,None,Yes,27.4,,Surgery,4.0,14.0,,
ONC-01210,52.0,Other,Lung,,1.76,,Heavy,No,27.3,2024-08-18,N/A,3.0,5.0,Alive,Low
ONC-02817,,Other,Ovarian,Stage IV,4.2,Never,None,No,25.2,2015-12-06,Chemotherapy,7.0,5.0,Alive,High
ONC-01705,57.0,Female,Liver,Stage I,4.79,,Unknown,,25.2,2021-09-01,Combination Therapy,8.0,3.0,Alive,High
ONC-01956,49.0,Female,Prostate,Stage I,8.23,Former,,Yes,26.0,2019-04-02,Immunotherapy,12.0,30.0,Alive,Low
ONC-06231,56.0,Other,Pancreatic,Stage IV,9.33,Never,None,No,22.7,2021-04-19,Surgery,5.0,13.0,Alive,Critical
ONC-07229,67.0,Male,Breast,Stage I,3.39,Never,Regular,Yes,26.5,2017-04-28,,10.0,1.0,Deceased,Low
ONC-02791,,Male,,Stage IV,0.53,Never,Occasional,Yes,29.8,2015-04-21,Surgery,,7.0,Deceased,High
ONC-06497,68.0,Other,Pancreatic,Stage III,9.33,Never,Heavy,Yes,27.5,2020-01-15,Palliative Care,7.0,15.0,Alive,Critical
ONC-04569,52.0,Female,,Stage IV,1.04,Former,Regular,Yes,,2018-08-08,,6.0,12.0,Alive,Medium
ONC-05115,71.0,Other,Liver,Stage IV,5.12,Former,Occasional,No,18.1,2018-06-23,Combination Therapy,5.0,18.0,Alive,High
ONC-03985,32.0,Male,Prostate,Stage III,3.2,Former,Occasional,No,21.7,,Palliative Care,2.0,4.0,Alive,
ONC-03962,77.0,,Ovarian,Stage II,,Former,Regular,No,29.3,,Palliative Care,7.0,8.0,Alive,Medium
ONC-01016,72.0,Male,Colorectal,Stage I,0.58,,Occasional,Yes,22.4,2015-11-04,Radiation Therapy,9.0,,Deceased,Medium
ONC-04587,97.0,Other,Skin (Melanoma),Stage I,2.82,,Regular,No,27.0,2017-10-28,Combination Therapy,4.0,17.0,Alive,Low
ONC-05479,61.0,Female,Colorectal,Stage I,,Former,None,Yes,26.3,2022-06-02,Surgery,8.0,,Alive,Low
ONC-02025,66.0,Female,Prostate,Stage IV,7.8,,Heavy,Yes,,2023-05-11,,6.0,0.0,Alive,Critical
ONC-02879,74.0,Female,Prostate,Stage IV,,Never,Regular,Yes,29.9,2022-10-05,Surgery,8.0,24.0,Alive,Critical
ONC-03557,58.0,Male,Blood (Leukemia),Stage I,7.98,Current,,No,17.3,2019-05-30,Combination Therapy,9.0,17.0,Deceased,Low
ONC-04540,52.0,Other,Pancreatic,Stage III,4.28,Current,Regular,Yes,27.6,2021-05-01,Surgery,,1.0,Alive,High
ONC-06456,61.0,,Breast,Stage I,4.84,,Heavy,Yes,23.3,2021-02-02,Chemotherapy,5.0,10.0,Alive,Low
ONC-01764,68.0,,Prostate,Stage IV,0.48,Current,Occasional,,31.0,,Chemotherapy,6.0,75.0,Alive,High
ONC-02793,67.0,Other,Colorectal,Stage IV,0.41,Current,,Yes,36.0,2023-11-10,Combination Therapy,4.0,8.0,,Critical
ONC-06842,61.0,Other,Colorectal,Stage I,11.32,Never,None,Yes,23.3,2022-09-11,Surgery,9.0,19.0,Deceased,Medium
ONC-06768,74.0,Other,Prostate,Stage II,,Former,,Yes,28.7,2015-02-27,Palliative Care,9.0,8.0,Deceased,Medium
ONC-01642,64.0,Female,Skin (Melanoma),Stage II,0.72,Never,None,,22.8,2024-10-10,Surgery,3.0,4.0,Alive,Low
ONC-03354,52.0,Male,,Stage IV,0.76,Former,None,Yes,23.2,2022-09-09,Chemotherapy,8.0,33.0,Alive,Critical
ONC-03360,57.0,Male,Colorectal,Stage I,1.37,Never,Heavy,Yes,32.2,2024-09-16,Surgery,6.0,12.0,Deceased,Low
ONC-00728,,Female,Brain,Stage III,4.25,,None,Yes,21.5,2016-06-11,Palliative Care,4.0,28.0,Alive,Medium
ONC-05686,40.0,Female,Brain,Stage II,7.13,Never,None,Yes,19.9,2020-03-21,Palliative Care,5.0,1.0,Alive,Low
ONC-03967,64.0,Female,Lung,Stage III,1.7,Current,Occasional,,30.1,2023-10-15,Palliative Care,2.0,26.0,Alive,High
ONC-01344,91.0,Male,Liver,Stage IV,8.76,Former,Regular,No,25.1,2018-11-19,,6.0,8.0,Alive,Critical
ONC-07061,26.0,Other,Colorectal,Stage II,0.12,Never,Heavy,Yes,25.3,2017-11-04,Combination Therapy,7.0,47.0,Deceased,Medium
ONC-02594,49.0,,Skin (Melanoma),Stage I,6.8,Current,Heavy,No,19.3,2020-11-04,Immunotherapy,5.0,,Deceased,
ONC-06559,72.0,Other,Colorectal,Stage I,1.41,Never,Occasional,Yes,23.2,2017-07-20,Surgery,,19.0,Alive,High
ONC-01096,59.0,,Prostate,,3.83,Former,Heavy,No,25.9,2020-11-19,Chemotherapy,7.0,56.0,Alive,Low
ONC-01902,30.0,Other,Brain,Stage I,4.41,Never,Heavy,No,25.3,2024-08-31,Combination Therapy,,39.0,Alive,Low
ONC-04147,38.0,,Skin (Melanoma),Stage II,,Current,Occasional,Yes,22.2,2023-07-12,Combination Therapy,7.0,3.0,Deceased,Medium
ONC-04467,51.0,Male,Blood (Leukemia),Stage II,4.81,Former,,Yes,16.7,,Immunotherapy,4.0,0.0,Alive,Medium
ONC-07290,57.0,Other,Brain,Stage IV,0.34,Never,None,Yes,28.4,2017-04-07,Surgery,2.0,15.0,Alive,Critical
ONC-05167,42.0,Female,Lung,Stage II,5.19,Never,Occasional,Yes,29.8,2018-10-15,Combination Therapy,8.0,22.0,Deceased,Medium
ONC-05719,52.0,Other,Lung,,4.04,Former,Heavy,Yes,27.2,2018-02-23,Palliative Care,4.0,2.0,Alive,Medium
ONC-06926,58.0,Other,Pancreatic,Stage II,0.1,Never,None,No,29.0,2015-06-01,Immunotherapy,6.0,11.0,,High
ONC-01168,,Male,Blood (Leukemia),Stage I,6.26,Former,Regular,Yes,19.9,2015-12-19,Palliative Care,,0.0,Alive,Low
ONC-00184,,Other,Lung,Stage III,8.4,Former,Occasional,No,22.3,2022-10-13,Immunotherapy,7.0,13.0,Alive,
ONC-06539,47.0,,Liver,Stage II,4.15,Current,None,No,25.5,2021-11-12,Surgery,4.0,13.0,Deceased,Medium
ONC-04553,32.0,Other,Ovarian,Stage IV,3.59,Current,Occasional,No,19.4,2018-04-24,Palliative Care,5.0,45.0,Deceased,High
ONC-03170,77.0,Other,Brain,Stage I,3.77,Former,Regular,Yes,21.9,2015-11-13,Immunotherapy,4.0,27.0,Deceased,
ONC-02224,,Male,Pancreatic,Stage III,0.57,Never,Occasional,Yes,19.4,2022-08-15,Radiation Therapy,5.0,17.0,Deceased,Critical
ONC-02036,65.0,Other,Brain,Stage III,13.57,Former,None,No,18.0,2018-03-03,Surgery,8.0,10.0,Deceased,High
ONC-00913,49.0,Female,Ovarian,Stage IV,,Former,None,No,32.3,2024-06-26,Chemotherapy,4.0,18.0,Alive,Critical
ONC-02067,45.0,Male,Blood (Leukemia),Stage II,0.37,Never,Regular,Yes,22.0,2015-06-19,Chemotherapy,2.0,30.0,Alive,Medium
ONC-04434,51.0,Male,Pancreatic,Stage I,1.32,Former,,Yes,33.3,2020-01-17,Combination Therapy,3.0,22.0,Deceased,Medium
ONC-01345,55.0,Male,Pancreatic,Stage II,0.1,Current,Heavy,No,31.6,2019-07-09,Surgery,4.0,9.0,Alive,Medium
ONC-02453,8.0,Female,Breast,,0.22,Current,,Yes,31.8,2019-03-31,Chemotherapy,4.0,10.0,Alive,Medium
ONC-05522,24.0,Male,Blood (Leukemia),Stage III,5.04,Current,None,Yes,32.0,2020-02-19,,6.0,14.0,Deceased,Medium
ONC-06970,60.0,Male,Blood (Leukemia),,2.11,Current,Regular,,21.9,2019-12-28,Chemotherapy,3.0,,Alive,High
ONC-07001,76.0,Other,Lung,Stage IV,0.1,Former,None,,20.2,2017-07-16,Surgery,4.0,26.0,Alive,High
ONC-07351,59.0,Other,Brain,Stage IV,2.13,,Occasional,Yes,38.7,,Combination Therapy,6.0,12.0,,Critical
ONC-03691,72.0,Male,Breast,Stage II,0.94,Former,Regular,No,20.4,,,3.0,3.0,Alive,High
ONC-06966,66.0,Male,Breast,Stage IV,3.17,Current,None,,36.4,2024-09-16,Chemotherapy,4.0,17.0,Alive,Critical
ONC-00054,70.0,Other,Liver,Stage IV,7.9,,Heavy,No,21.1,2023-06-07,Chemotherapy,5.0,12.0,,Critical
ONC-07038,44.0,Unknown,Brain,Stage IV,5.55,,None,,25.3,2020-11-19,Combination Therapy,8.0,24.0,Alive,Critical
ONC-05703,70.0,Female,Prostate,,1.97,Current,None,Yes,22.0,2021-10-21,Chemotherapy,10.0,45.0,Alive,Medium
ONC-05927,85.0,,,Stage II,3.87,-,Heavy,No,31.9,2015-11-10,Surgery,,21.0,Alive,Medium
ONC-03471,83.0,Other,Brain,Stage IV,10.99,Former,Occasional,No,22.4,2021-03-04,Radiation Therapy,9.0,3.0,Deceased,High
ONC-07293,48.0,,Lung,Stage IV,3.1,Never,Occasional,Yes,21.8,2023-11-03,Immunotherapy,5.0,0.0,Alive,Critical
ONC-00564,46.0,,Colorectal,Stage II,3.13,Current,None,Yes,30.4,,Surgery,,23.0,Alive,Medium
ONC-03461,50.0,Female,Lung,Stage III,0.97,Former,Regular,Yes,23.3,2024-04-07,Palliative Care,8.0,5.0,Alive,Critical
ONC-05142,,Male,Breast,Stage II,3.08,Former,Regular,No,21.2,2016-09-21,Chemotherapy,,21.0,Alive,High
ONC-03264,46.0,Female,,Stage III,2.24,Former,Occasional,Yes,28.7,2024-09-16,Immunotherapy,6.0,80.0,Alive,Critical
ONC-07365,65.0,Male,Brain,Stage IV,4.35,,Heavy,No,19.8,2017-09-29,Immunotherapy,5.0,18.0,Alive,Medium
ONC-00597,57.0,Other,Brain,,0.36,Current,Regular,Yes,26.6,2016-01-17,Radiation Therapy,2.0,13.0,,Critical
ONC-03654,78.0,Female,Brain,Stage IV,2.83,Current,Heavy,No,27.9,2024-08-31,Combination Therapy,3.0,30.0,Alive,High
ONC-07282,45.0,Female,Lung,Stage III,4.92,Former,Occasional,,24.2,2015-02-09,Surgery,9.0,62.0,,
ONC-02236,93.0,Male,Prostate,Stage I,3.29,Former,Occasional,Yes,29.3,2016-01-10,,5.0,23.0,,Low
ONC-01079,57.0,Other,Breast,Stage II,,Current,None,,28.2,2015-07-07,Surgery,6.0,2.0,Alive,Low
ONC-06409,53.0,Female,Liver,,0.1,Never,Occasional,Yes,29.5,2023-11-27,Combination Therapy,3.0,19.0,Deceased,High
ONC-03739,49.0,Male,Blood (Leukemia),Stage IV,12.45,Never,Occasional,No,20.6,2024-11-09,Combination Therapy,7.0,67.0,Alive,High
ONC-03493,70.0,Male,Blood (Leukemia),Stage II,6.37,Never,Heavy,Yes,21.6,2022-04-09,Immunotherapy,5.0,35.0,Alive,Medium
ONC-04812,78.0,Other,Ovarian,Stage I,8.98,,,No,29.5,2024-04-09,Combination Therapy,6.0,0.0,Alive,Low
ONC-02748,42.0,,Skin (Melanoma),Stage II,1.73,Never,None,No,,2015-11-24,Immunotherapy,1.0,30.0,Deceased,Low
ONC-02828,69.0,Female,Colorectal,Stage III,0.8,Current,Heavy,Yes,28.7,2017-06-22,Radiation Therapy,6.0,4.0,Alive,Critical
ONC-06789,,Male,,Stage III,18.05,,Heavy,No,26.4,,Immunotherapy,7.0,0.0,,Medium
ONC-01872,41.0,Male,Lung,Stage IV,0.1,Current,Heavy,Yes,26.9,2022-03-28,Immunotherapy,4.0,17.0,,Medium
ONC-01499,63.0,Other,Colorectal,Stage I,4.18,Never,Heavy,Yes,31.6,,Chemotherapy,11.0,6.0,Deceased,Low
ONC-06158,76.0,Other,,Stage II,2.41,Current,,No,20.9,,,7.0,,Alive,Critical
ONC-01565,,Other,Brain,,5.01,Former,None,No,23.6,2022-11-14,Surgery,6.0,13.0,,Low
ONC-03180,77.0,Other,Prostate,Stage II,,,None,Yes,22.7,2019-08-17,Combination Therapy,7.0,9.0,Alive,Medium
ONC-04679,75.0,Female,Ovarian,Stage I,0.1,Never,Heavy,No,28.8,2024-03-10,Chemotherapy,10.0,31.0,Deceased,Low
ONC-06341,63.0,,Ovarian,Stage III,1.64,Current,Occasional,Yes,23.1,,Combination Therapy,4.0,11.0,Alive,
ONC-02420,77.0,,Brain,Stage II,1.48,Current,None,Yes,31.1,2017-01-10,,9.0,11.0,Alive,High
ONC-06634,58.0,Female,Breast,Stage IV,6.47,Never,NA,Yes,27.2,2017-11-29,Combination Therapy,4.0,7.0,Alive,High
ONC-02398,91.0,Female,Brain,Stage I,1.86,Never,Heavy,No,25.3,2020-07-22,,5.0,7.0,Alive,Low
ONC-06844,78.0,Female,Ovarian,Stage I,1.84,Current,Heavy,Yes,,2024-08-18,Combination Therapy,8.0,11.0,Alive,Medium
ONC-03024,74.0,Female,Liver,Stage II,4.1,Former,Regular,Yes,,2023-10-13,Combination Therapy,5.0,19.0,Deceased,Medium
ONC-04835,79.0,Male,Pancreatic,Stage I,1.09,Former,None,No,,2019-12-23,Immunotherapy,7.0,10.0,Deceased,Critical
ONC-01832,62.0,,Ovarian,Stage III,0.62,Current,Regular,Yes,36.4,2016-10-10,Chemotherapy,3.0,13.0,Deceased,Medium
ONC-02573,60.0,,Breast,Stage IV,1.47,Former,None,Yes,26.1,2019-03-31,Surgery,5.0,7.0,Alive,Low
ONC-02306,78.0,Female,Prostate,Stage IV,3.02,Former,None,Yes,25.2,2016-06-18,Immunotherapy,3.0,0.0,Alive,Critical
ONC-00696,49.0,Female,Breast,Stage I,1.55,,None,No,20.5,,Combination Therapy,,0.0,Alive,Low
ONC-00966,61.0,Male,Breast,Stage I,3.75,,None,,20.4,2017-05-14,Combination Therapy,11.0,3.0,Deceased,Low
ONC-00900,41.0,Female,Liver,Stage III,0.61,Current,Occasional,Yes,20.1,2023-07-23,Combination Therapy,3.0,4.0,Alive,Medium
ONC-02393,48.0,Female,Prostate,Stage IV,12.58,Current,Occasional,No,35.9,2023-03-04,Chemotherapy,6.0,30.0,Alive,High
ONC-06357,54.0,Female,Prostate,Stage I,2.0,Current,None,Yes,21.5,2019-06-27,Surgery,3.0,19.0,Alive,Low
ONC-02687,64.0,,,Stage III,1.17,Former,Heavy,No,25.2,2023-01-26,Radiation Therapy,,3.0,,Medium
ONC-03182,99.0,Male,,Stage I,5.71,Former,Occasional,Yes,20.6,2019-06-11,Radiation Therapy,6.0,5.0,Deceased,High
ONC-06691,74.0,Male,Lung,Stage I,6.44,Current,Heavy,No,29.1,,Chemotherapy,4.0,0.0,Alive,Low
ONC-05622,76.0,Male,Colorectal,,0.78,,Heavy,No,23.9,2018-03-23,Combination Therapy,5.0,16.0,Alive,Medium
ONC-07105,55.0,Female,Colorectal,Stage II,3.56,Never,None,No,,2023-02-18,Chemotherapy,,19.0,Deceased,High
ONC-05783,32.0,Male,Skin (Melanoma),Stage IV,0.27,Former,None,No,22.4,2017-11-04,Combination Therapy,5.0,10.0,Alive,Medium
ONC-06333,62.0,Female,Blood (Leukemia),Stage III,11.28,,Regular,No,,2020-05-29,Chemotherapy,1.0,,Alive,High
ONC-01926,66.0,Female,Lung,Stage III,10.1,Current,Occasional,Yes,27.7,2017-05-27,Immunotherapy,7.0,1.0,Alive,Medium
ONC-07486,23.0,Male,Ovarian,Stage II,1.62,Never,Regular,No,30.3,2018-09-26,Immunotherapy,9.0,4.0,Deceased,Medium
ONC-01569,,Other,Lung,Stage II,4.55,Current,,Yes,24.2,2024-12-10,Combination Therapy,10.0,17.0,Deceased,Low
ONC-02889,71.0,Male,,Stage II,8.0,Never,,No,23.6,,Chemotherapy,,5.0,Deceased,Medium
ONC-03172,43.0,Female,Lung,Stage III,5.33,Current,Heavy,Yes,23.7,2021-07-15,Immunotherapy,7.0,21.0,Alive,Critical
ONC-04161,,Other,Brain,Stage III,0.1,Current,Regular,Yes,24.9,2015-01-08,Radiation Therapy,2.0,85.0,Deceased,Medium
ONC-02270,53.0,Female,Ovarian,Stage III,0.44,Never,Regular,No,22.5,2020-01-19,Palliative Care,9.0,11.0,Alive,
ONC-00972,36.0,Female,Brain,Stage I,0.64,Current,None,No,17.5,2018-04-18,Combination Therapy,7.0,0.0,Alive,Low
ONC-03831,68.0,Other,Blood (Leukemia),Stage I,3.99,Current,Heavy,,26.4,2018-03-07,,6.0,10.0,Deceased,Low
ONC-06416,32.0,Female,Lung,Stage II,1.8,Never,Heavy,,35.7,,Combination Therapy,3.0,,Alive,Low
ONC-03449,53.0,Female,Breast,Stage I,0.72,Current,Regular,Yes,32.6,2016-07-12,Palliative Care,4.0,9.0,Alive,Low
ONC-03218,55.0,Other,Liver,Stage I,1.95,Former,Heavy,Yes,24.6,2018-05-28,Chemotherapy,4.0,29.0,Deceased,Low
ONC-07063,54.0,Male,Liver,Stage I,1.89,Current,Occasional,,27.7,2018-11-08,Combination Therapy,7.0,11.0,Deceased,Medium
ONC-03583,51.0,,Breast,Stage III,3.14,Never,None,Yes,36.5,2016-07-31,Surgery,8.0,0.0,,Medium
ONC-01931,64.0,Male,Breast,Stage II,3.68,Former,,No,35.1,2020-04-26,Radiation Therapy,10.0,30.0,Alive,
ONC-05475,62.0,Other,Liver,Stage III,1.24,Former,None,Yes,16.7,2019-02-08,,4.0,8.0,Deceased,High
ONC-06725,84.0,Male,Pancreatic,Stage II,3.1,,Occasional,,,2017-03-27,Surgery,8.0,20.0,Alive,Low
ONC-03257,35.0,Male,Lung,Stage I,3.84,Former,None,No,24.0,2024-05-01,,7.0,12.0,Deceased,High
ONC-07439,45.0,Female,Ovarian,Stage I,,Never,Occasional,Yes,28.6,2016-10-18,Immunotherapy,5.0,33.0,Alive,Low
ONC-01476,76.0,Other,,Stage III,8.1,Current,Heavy,No,32.0,2016-04-21,Palliative Care,6.0,0.0,,Critical
ONC-03169,,Female,Brain,Stage IV,1.99,Current,Occasional,No,23.3,2021-07-26,,8.0,5.0,Alive,Critical
ONC-02127,57.0,Other,Breast,Stage IV,0.73,Current,,No,22.5,2018-12-14,Chemotherapy,3.0,49.0,Deceased,Critical
ONC-03746,90.0,Male,Pancreatic,Stage III,7.75,,None,Yes,28.3,,,8.0,23.0,Deceased,Medium
ONC-06496,,Other,Lung,Stage II,2.02,Never,Occasional,No,29.4,2016-04-02,Palliative Care,9.0,19.0,Alive,Low
ONC-01236,34.0,Other,Lung,Stage III,5.94,Never,Heavy,No,28.0,2017-07-30,Combination Therapy,6.0,2.0,Deceased,High
ONC-05975,47.0,Other,Breast,Stage I,2.3,Never,Occasional,No,,2015-09-12,Immunotherapy,3.0,1.0,Deceased,Low
ONC-02973,86.0,Male,Lung,Stage III,0.1,Never,None,Yes,24.0,2023-12-15,Combination Therapy,6.0,15.0,Alive,
ONC-05981,57.0,Male,Prostate,Stage I,3.42,Current,Regular,No,27.5,2021-09-28,,3.0,11.0,Alive,High
ONC-03728,88.0,Other,Brain,Stage I,2.01,Former,Regular,No,,2019-05-19,Immunotherapy,7.0,,Alive,Medium
ONC-03010,36.0,Other,Skin (Melanoma),Stage I,4.67,Current,,Yes,31.2,2023-10-13,Combination Therapy,,0.0,Alive,Low
ONC-02347,30.0,Female,Liver,Stage III,5.21,Never,Regular,No,32.6,,Chemotherapy,6.0,2.0,Alive,High
ONC-02617,71.0,Female,Brain,Stage I,11.24,Former,Regular,,24.2,2015-08-16,Palliative Care,5.0,51.0,,Low
ONC-07194,46.0,Male,Prostate,Stage IV,11.01,,None,Yes,29.9,2015-12-24,Immunotherapy,7.0,16.0,Alive,High
ONC-02205,51.0,Male,Liver,Stage III,6.88,Never,,Yes,19.5,2016-09-27,Palliative Care,5.0,1.0,Alive,Critical
ONC-03735,28.0,Other,Liver,Stage III,7.95,Former,Occasional,No,26.5,,Chemotherapy,5.0,62.0,Alive,High
ONC-03827,,,Prostate,Stage III,,Never,Occasional,No,21.9,,Surgery,11.0,2.0,Deceased,
ONC-00508,59.0,Female,Ovarian,Stage III,1.69,Former,None,No,26.4,2016-02-10,Palliative Care,9.0,17.0,Alive,High
ONC-07045,74.0,Male,Skin (Melanoma),Stage III,5.41,Current,Heavy,No,24.9,2020-09-05,Combination Therapy,4.0,5.0,Alive,Medium
ONC-02651,70.0,Female,Brain,Stage IV,2.06,Former,None,Yes,24.1,2016-07-25,Radiation Therapy,7.0,21.0,Deceased,Critical
ONC-01225,81.0,Male,Skin (Melanoma),Stage III,7.91,Never,Occasional,Yes,27.3,2024-10-08,Combination Therapy,3.0,28.0,Alive,Critical
ONC-07226,,,Lung,Stage IV,7.47,Former,Heavy,Yes,29.6,2017-10-04,Immunotherapy,6.0,10.0,,Critical
ONC-04492,55.0,,Liver,Stage III,8.61,Never,Heavy,Yes,27.6,2023-07-22,Immunotherapy,,30.0,Alive,Low
ONC-02610,,Other,Ovarian,,10.69,Current,Occasional,,24.7,2023-10-28,Palliative Care,11.0,3.0,Alive,Low
ONC-07292,20.0,Other,Colorectal,Stage IV,1.99,Former,Heavy,Yes,27.1,2018-05-01,,8.0,19.0,Alive,Critical
ONC-02344,61.0,Female,Brain,Stage I,1.76,Never,None,No,,2016-03-21,Combination Therapy,7.0,28.0,,Medium
ONC-01797,,Other,Ovarian,Stage III,2.28,,Occasional,Yes,18.3,2018-09-15,Combination Therapy,,14.0,Alive,High
ONC-01128,87.0,Male,Lung,Stage IV,3.84,Current,Regular,No,20.7,2018-04-17,Combination Therapy,6.0,14.0,Deceased,High
ONC-02369,,,,Stage II,6.12,Former,None,Yes,22.5,2017-03-20,Radiation Therapy,,18.0,Alive,Medium
ONC-01171,58.0,Male,Blood (Leukemia),Stage II,2.14,Former,Occasional,No,25.2,2021-03-20,Chemotherapy,7.0,15.0,Alive,Medium
ONC-05400,20.0,Female,Skin (Melanoma),Stage III,8.83,Never,Regular,No,30.1,2024-10-13,Surgery,4.0,9.0,Alive,Critical
ONC-02342,75.0,Female,Liver,Stage III,0.93,,Occasional,,22.4,2015-11-10,,11.0,11.0,Deceased,Critical
ONC-04601,57.0,Other,Liver,Stage II,0.29,Never,Regular,No,18.0,2021-04-13,Surgery,7.0,7.0,Alive,High
ONC-00025,53.0,Male,Breast,Stage I,1.65,Never,Heavy,No,29.8,2020-05-25,Chemotherapy,4.0,1.0,Deceased,High
ONC-04449,75.0,Male,,Stage I,0.24,Current,Heavy,Yes,26.7,2021-04-22,Chemotherapy,10.0,9.0,Alive,High
ONC-05315,66.0,Female,Breast,Stage III,3.62,Former,Occasional,No,33.0,2022-08-05,Combination Therapy,8.0,5.0,Alive,Medium
ONC-06457,64.0,Male,Liver,Stage III,1.09,Former,Regular,No,,,Combination Therapy,,14.0,Deceased,High
ONC-00731,39.0,Male,Skin (Melanoma),Stage I,3.31,Current,Occasional,Yes,33.1,2017-01-26,Palliative Care,3.0,21.0,Alive,Medium
ONC-00552,73.0,Female,Brain,Stage I,0.76,Never,Regular,Yes,24.0,2017-05-29,Radiation Therapy,9.0,31.0,Alive,Low
ONC-06816,56.0,Female,Ovarian,Stage I,1.94,Never,Regular,,34.0,2015-08-21,Surgery,7.0,,Alive,Low
ONC-05059,46.0,,Brain,Stage I,6.35,Current,None,,25.7,2023-01-26,Palliative Care,,12.0,Deceased,
ONC-00146,41.0,Male,Prostate,Stage I,1.56,Current,Occasional,No,21.6,2018-12-09,Palliative Care,11.0,1.0,Deceased,Low
ONC-00798,44.0,Female,Pancreatic,Stage IV,0.31,Current,None,,19.0,2015-06-29,Palliative Care,2.0,0.0,Alive,Critical
ONC-05665,61.0,Female,Pancreatic,Stage II,1.34,Never,Occasional,Yes,20.9,2019-10-30,Surgery,11.0,9.0,Deceased,Medium
ONC-02328,48.0,Other,Ovarian,Stage II,0.59,Never,Heavy,No,29.4,2015-01-05,Chemotherapy,2.0,17.0,,High
ONC-06676,,Female,Brain,Stage IV,0.8,Current,Regular,No,28.2,2022-08-08,Immunotherapy,7.0,6.0,Alive,Critical
ONC-05080,74.0,Other,Prostate,Stage IV,0.65,,Regular,No,27.8,2022-04-04,Combination Therapy,2.0,15.0,Deceased,Critical
ONC-00512,50.0,Female,Lung,Stage IV,0.37,Current,Occasional,,21.8,2022-03-08,Radiation Therapy,6.0,,Alive,Critical
ONC-06983,64.0,Male,Pancreatic,Stage I,,Never,Heavy,Yes,32.5,2020-04-16,Palliative Care,7.0,34.0,Alive,Low
ONC-01941,4.0,Other,Colorectal,Stage III,0.62,,Occasional,Yes,33.2,2024-11-14,Immunotherapy,4.0,12.0,Alive,High
ONC-04134,55.0,Male,Brain,Stage IV,3.82,Current,Regular,,30.5,2019-11-25,N/A,,34.0,Alive,High
ONC-07160,62.0,Male,Breast,Stage II,5.67,Current,Regular,No,30.5,2015-07-04,Radiation Therapy,8.0,12.0,Alive,High
ONC-02374,61.0,,Colorectal,Stage III,,Never,None,Yes,13.7,2018-08-27,Surgery,5.0,13.0,Deceased,Medium
ONC-06176,68.0,Female,Breast,Stage I,0.2,Former,None,Yes,15.6,2024-01-09,Radiation Therapy,6.0,9.0,Alive,Low
ONC-05477,84.0,Other,Colorectal,Stage I,6.61,Former,None,,24.0,2024-04-30,Surgery,,38.0,Alive,High
ONC-02297,71.0,Female,Ovarian,Stage I,,Former,Regular,Yes,28.8,2015-09-03,Surgery,4.0,2.0,Alive,Low
ONC-03710,51.0,Male,Skin (Melanoma),Stage III,6.22,Former,Regular,No,31.1,2021-12-24,Radiation Therapy,4.0,13.0,Deceased,Medium
ONC-00489,22.0,Other,Pancreatic,Stage I,0.39,Current,,Yes,36.2,2015-05-18,,5.0,18.0,Alive,Low
ONC-01058,51.0,Female,Colorectal,Stage I,1.88,Never,Regular,No,,2017-07-14,Palliative Care,5.0,2.0,Alive,Low
ONC-00080,26.0,Female,Brain,Stage II,1.22,Former,Heavy,No,34.5,,Combination Therapy,7.0,53.0,,High
ONC-03560,58.0,Male,Lung,Stage I,0.18,Never,Regular,No,23.0,2019-09-15,Combination Therapy,6.0,10.0,Alive,Low
ONC-00800,77.0,Other,,Stage III,1.58,Never,Heavy,Yes,21.3,2019-06-22,Radiation Therapy,,32.0,Alive,High
ONC-04458,59.0,Male,Prostate,Stage III,5.67,,Regular,,22.9,2019-09-24,,,10.0,,High
ONC-04545,,Male,Lung,Stage II,3.12,,Regular,Yes,24.4,2024-11-06,Combination Therapy,5.0,,Alive,Critical
ONC-01226,54.0,Male,Colorectal,Stage I,6.47,Current,,No,,2015-06-21,Combination Therapy,3.0,5.0,Deceased,Medium
ONC-05055,56.0,,Breast,Stage III,3.44,,Heavy,Yes,16.3,2018-12-09,Palliative Care,3.0,0.0,Deceased,High
ONC-07119,55.0,Other,Prostate,Stage II,3.17,Current,Heavy,No,25.2,2022-06-12,Palliative Care,5.0,10.0,Deceased,Medium
ONC-01618,83.0,,Lung,Stage III,9.53,Former,Occasional,No,30.2,2018-08-20,Chemotherapy,6.0,27.0,Alive,High
ONC-04513,75.0,Male,,Stage IV,0.16,Never,Heavy,No,27.2,,Palliative Care,2.0,12.0,Alive,High
ONC-03166,56.0,Male,Ovarian,Stage III,0.51,,Heavy,Yes,30.2,,Radiation Therapy,4.0,23.0,Alive,High
ONC-04402,59.0,Female,Ovarian,Stage IV,3.17,Former,Regular,No,17.3,2019-11-18,Surgery,6.0,9.0,Alive,High
ONC-07377,54.0,Female,Liver,Stage II,5.68,Current,Occasional,Yes,29.3,2017-12-09,Combination Therapy,7.0,40.0,Deceased,Medium
ONC-01697,68.0,Female,Blood (Leukemia),Stage I,7.89,Former,None,Yes,20.4,2016-09-29,,9.0,20.0,Deceased,Medium
ONC-06180,39.0,Other,Ovarian,Stage I,5.17,,Heavy,Yes,30.5,,Surgery,,9.0,,Low
ONC-05427,65.0,Male,Liver,Stage I,0.93,Never,Heavy,No,19.2,2018-06-08,,4.0,,Deceased,Medium
ONC-01003,55.0,Male,Liver,,1.28,Current,Regular,Yes,21.6,2023-01-05,Radiation Therapy,9.0,46.0,Alive,Medium
ONC-00282,33.0,,Prostate,Stage III,3.67,Never,Heavy,No,15.8,,,4.0,49.0,Alive,Medium
ONC-07220,62.0,,Skin (Melanoma),Stage II,3.18,,Occasional,Yes,21.5,2024-12-22,Radiation Therapy,3.0,33.0,Alive,
ONC-04973,39.0,Other,Ovarian,Stage II,2.89,Former,Heavy,No,26.4,2016-05-10,Chemotherapy,5.0,24.0,Alive,Medium
ONC-03235,,,Pancreatic,,0.38,Former,Regular,No,29.5,2016-09-28,Surgery,8.0,20.0,Alive,
ONC-01676,49.0,Other,Brain,Stage III,2.09,Never,,,19.0,,Immunotherapy,6.0,,Alive,High
ONC-01214,54.0,,Colorectal,Stage IV,0.49,Never,None,No,,2024-05-18,Surgery,6.0,21.0,Alive,Critical
ONC-03587,74.0,,Liver,,0.29,Former,None,No,33.6,2024-04-13,Chemotherapy,7.0,24.0,Alive,Low
ONC-06315,64.0,Female,Brain,Stage II,6.39,Current,None,,23.2,2020-11-07,Chemotherapy,7.0,,Deceased,High
ONC-03871,50.0,Other,Lung,Stage III,3.51,Current,Regular,Yes,28.3,2015-08-14,Palliative Care,5.0,10.0,Deceased,Medium
ONC-00742,65.0,Other,Brain,Stage III,6.7,Former,Regular,No,21.0,2022-06-23,Combination Therapy,6.0,5.0,Deceased,High
ONC-04921,40.0,Female,Prostate,,0.22,Never,Regular,No,22.8,2015-05-20,Combination Therapy,3.0,23.0,Alive,Medium
ONC-01497,44.0,Male,Colorectal,Stage III,5.78,Current,,Yes,17.4,2016-04-01,Palliative Care,12.0,26.0,Alive,High
ONC-04443,86.0,Male,Breast,Stage I,3.24,,Regular,Yes,29.9,2019-02-23,Surgery,6.0,3.0,Deceased,Low
ONC-06921,47.0,Male,Liver,Stage I,0.83,Current,None,Yes,22.1,2021-07-21,Immunotherapy,8.0,15.0,Alive,Low
ONC-03064,93.0,Male,Liver,Stage II,5.24,,,Yes,25.9,2019-06-07,Palliative Care,5.0,51.0,Deceased,Medium
ONC-07116,51.0,,Pancreatic,Stage I,,Former,Occasional,No,24.1,,Palliative Care,3.0,45.0,Deceased,Low
ONC-05365,74.0,Male,Prostate,Stage III,9.31,Former,Occasional,No,,,Immunotherapy,8.0,49.0,,Medium
ONC-02424,65.0,Male,Colorectal,Stage II,0.96,Former,Occasional,No,22.2,2018-12-23,Surgery,6.0,,Alive,Medium
ONC-03325,90.0,Other,Colorectal,Stage III,0.1,Current,None,Yes,24.4,2022-07-13,Combination Therapy,7.0,17.0,Alive,High
ONC-06824,40.0,Male,Colorectal,Stage IV,0.22,Current,Heavy,Yes,23.9,2018-07-15,Immunotherapy,4.0,55.0,Alive,Medium
ONC-03866,49.0,Other,,Stage IV,0.71,Current,Heavy,No,31.8,2023-03-01,Palliative Care,2.0,5.0,Alive,Critical
ONC-02732,51.0,Female,Blood (Leukemia),Stage I,3.7,,Regular,No,22.8,2016-08-19,Chemotherapy,,55.0,Deceased,Medium
ONC-00755,54.0,Male,Brain,Stage I,2.7,Current,Occasional,No,20.2,2020-07-27,Combination Therapy,5.0,,Deceased,Medium
ONC-01647,,Female,Brain,Stage III,2.14,Never,,,26.0,2016-10-25,,4.0,,Alive,High
ONC-04877,,Male,Lung,Stage IV,3.64,Former,Regular,Yes,30.4,,Combination Therapy,6.0,60.0,Deceased,Critical
ONC-04064,80.0,,,Stage II,1.17,Current,None,Yes,25.7,2016-05-24,,4.0,,Deceased,Medium
ONC-00014,58.0,Male,Skin (Melanoma),Stage IV,0.18,Current,Regular,Yes,38.3,,,6.0,,,High
ONC-05627,51.0,Male,Liver,Stage II,0.48,Current,Occasional,No,39.3,,Radiation Therapy,8.0,5.0,,Medium
ONC-01303,52.0,Female,Breast,Stage III,0.34,Never,Regular,No,35.8,2021-05-16,Palliative Care,3.0,28.0,Alive,Medium
ONC-01674,40.0,Male,Blood (Leukemia),Stage III,1.55,Never,Occasional,No,25.4,2018-09-14,Surgery,2.0,35.0,Alive,High
ONC-01870,43.0,Other,Pancreatic,Stage IV,0.52,Former,Regular,No,25.1,2016-07-09,Immunotherapy,5.0,17.0,Alive,High
ONC-06095,54.0,,Colorectal,Stage IV,1.75,Current,Occasional,No,24.4,2020-03-30,Radiation Therapy,3.0,15.0,,
ONC-05177,79.0,Male,,Stage II,4.71,Former,Occasional,No,,2022-04-01,Immunotherapy,0.0,49.0,Deceased,Medium
ONC-06134,,Female,Prostate,Stage II,1.93,Never,Heavy,Yes,,2019-05-28,Combination Therapy,5.0,,Deceased,Low
ONC-02751,53.0,Male,Liver,Stage I,4.67,,Heavy,Yes,36.4,2017-09-06,,5.0,5.0,Alive,Low
ONC-05524,58.0,Female,Liver,Stage III,1.56,Never,Occasional,,27.2,2023-11-03,Combination Therapy,7.0,,Alive,Medium
ONC-04555,83.0,,Liver,,9.93,Never,Occasional,No,28.2,2016-02-29,Surgery,7.0,27.0,Alive,Low
ONC-04769,88.0,Male,Colorectal,Stage IV,3.68,,None,No,24.6,2019-01-22,,10.0,54.0,Alive,Critical
ONC-00485,69.0,Other,Liver,Stage II,0.6,Never,Occasional,No,27.0,2023-10-13,Palliative Care,,25.0,Deceased,High
ONC-03391,67.0,Female,Colorectal,Stage III,1.52,,None,Yes,30.9,2016-04-22,Surgery,5.0,18.0,Alive,
ONC-04393,79.0,,Prostate,Stage I,0.25,Current,Regular,Yes,33.7,2023-02-07,Combination Therapy,,10.0,Alive,Low
ONC-03862,52.0,Male,Pancreatic,Stage III,0.69,,Heavy,No,31.3,2022-05-12,Surgery,6.0,1.0,Alive,Critical
ONC-02464,39.0,Female,Colorectal,Stage II,2.2,Current,Occasional,Yes,24.2,2015-04-21,Immunotherapy,7.0,15.0,Alive,Medium
ONC-07179,53.0,Male,Colorectal,Stage II,4.86,Never,,No,29.6,2024-03-20,Radiation Therapy,7.0,62.0,Alive,Medium
ONC-04822,52.0,Other,Ovarian,Stage II,3.07,Current,Regular,No,,2017-12-17,Chemotherapy,6.0,,Alive,Low
ONC-00516,58.0,Male,Colorectal,Stage II,2.13,Never,Heavy,Yes,24.5,2015-04-18,Immunotherapy,2.0,13.0,Alive,Medium
ONC-00027,93.0,Female,Ovarian,Stage IV,3.55,Never,None,Yes,35.2,2023-05-22,,6.0,23.0,Alive,High
ONC-04351,49.0,Male,Skin (Melanoma),Stage II,0.98,,Occasional,Yes,25.6,2016-07-02,Radiation Therapy,,1.0,Alive,Low
ONC-06432,70.0,Male,Ovarian,Stage II,1.32,,Regular,No,,,Combination Therapy,4.0,17.0,Deceased,Medium
ONC-02954,85.0,Female,Blood (Leukemia),Stage I,3.47,Former,Heavy,,20.0,2022-11-13,Surgery,8.0,0.0,Alive,
ONC-06990,32.0,Other,Brain,Stage IV,6.65,Current,Regular,Yes,26.8,2021-12-24,Palliative Care,5.0,12.0,Deceased,Critical
ONC-06622,75.0,Female,,Stage I,0.75,Former,Heavy,Yes,28.7,,Radiation Therapy,7.0,21.0,Deceased,Low
ONC-05708,70.0,Other,Liver,Stage III,0.75,,None,No,21.6,2020-04-29,Combination Therapy,3.0,13.0,Deceased,Critical
ONC-03520,46.0,Female,Breast,Stage IV,2.45,Never,Heavy,Yes,21.9,2018-10-04,Surgery,,,Alive,Critical
ONC-03363,58.0,Male,Breast,Stage IV,20.0,Current,None,Yes,24.0,2016-11-16,Immunotherapy,5.0,37.0,Deceased,High
ONC-06513,66.0,Female,Colorectal,Stage I,0.1,Current,Regular,,18.8,2022-03-23,Palliative Care,5.0,1.0,Alive,Medium
ONC-03754,75.0,Male,Blood (Leukemia),Stage IV,9.55,,,Yes,27.2,2024-07-11,Immunotherapy,9.0,5.0,Alive,Critical
ONC-07324,56.0,Male,Breast,Stage III,0.16,Former,Occasional,,34.1,2015-07-19,Surgery,8.0,,Alive,High
ONC-00075,78.0,Female,Prostate,Stage II,2.03,Former,Regular,Yes,12.7,,Chemotherapy,6.0,9.0,Alive,Low
ONC-00896,,Male,,Stage I,5.56,Never,Regular,Yes,25.7,2017-06-15,Radiation Therapy,,9.0,Deceased,High
ONC-06508,72.0,Male,Skin (Melanoma),Stage II,5.73,Former,Occasional,Yes,28.8,2017-09-04,Combination Therapy,8.0,10.0,Alive,Medium
ONC-05808,62.0,Male,Colorectal,Stage III,0.38,Former,None,Yes,,2020-06-10,Combination Therapy,5.0,0.0,Alive,High
ONC-01539,44.0,Male,Prostate,,18.44,Never,Regular,No,32.5,2024-10-04,Palliative Care,,6.0,,
ONC-06663,55.0,Other,Skin (Melanoma),Stage III,9.02,Former,None,Yes,29.0,2022-08-06,Radiation Therapy,3.0,39.0,Deceased,High
ONC-06395,65.0,Other,Liver,Stage III,3.12,Former,None,No,29.0,2023-11-17,Combination Therapy,7.0,8.0,Deceased,
ONC-02243,38.0,Other,,Stage III,1.06,Former,Occasional,No,20.4,2018-03-31,Combination Therapy,,7.0,Alive,High
ONC-00255,59.0,Male,Brain,Stage IV,2.01,,Heavy,Yes,28.9,2015-03-10,,10.0,15.0,Deceased,Critical
ONC-03041,59.0,Female,Brain,Stage III,1.3,Never,,Yes,26.2,2020-09-15,Surgery,3.0,0.0,Alive,High
ONC-03544,47.0,,Pancreatic,Stage II,5.89,Current,,Yes,,2022-06-05,Chemotherapy,9.0,9.0,Deceased,Low
ONC-06150,53.0,Male,,Stage II,7.36,Never,,,,,Surgery,9.0,6.0,Alive,Low
ONC-00906,,,Lung,Stage III,1.64,Never,None,No,18.6,2020-09-29,Combination Therapy,4.0,46.0,Alive,High
ONC-06446,61.0,Female,Skin (Melanoma),Stage III,14.57,,None,No,22.2,2019-12-08,Immunotherapy,5.0,18.0,Alive,Critical
ONC-04399,70.0,Male,Pancreatic,Stage II,1.93,Never,None,Yes,24.5,,Radiation Therapy,6.0,55.0,Deceased,High
ONC-01325,52.0,,Breast,Stage IV,0.1,Never,Occasional,No,27.3,2017-02-08,Surgery,11.0,5.0,Alive,Critical
ONC-00501,45.0,Other,Pancreatic,Stage II,0.94,Former,Heavy,Yes,,2023-05-31,Combination Therapy,6.0,12.0,Alive,Critical
ONC-06486,41.0,Other,Liver,Stage III,4.15,Current,Occasional,Yes,20.7,2024-07-22,Radiation Therapy,6.0,5.0,Alive,Medium
ONC-03744,32.0,Other,Blood (Leukemia),Stage II,4.03,Never,Regular,No,27.4,2016-01-27,Surgery,5.0,2.0,Deceased,Medium
ONC-00492,56.0,Female,Ovarian,Stage III,0.14,Never,Occasional,No,30.2,2019-07-13,Combination Therapy,7.0,8.0,Alive,Medium
ONC-02977,43.0,,Skin (Melanoma),Stage III,1.79,Current,Regular,No,20.6,,Palliative Care,5.0,9.0,Alive,High
ONC-06479,68.0,Female,Skin (Melanoma),Stage II,0.83,Never,,No,29.5,2018-06-24,Surgery,8.0,3.0,Alive,Medium
ONC-03200,67.0,Male,Prostate,Stage III,4.98,Former,None,Yes,24.3,2024-06-20,Chemotherapy,8.0,13.0,Deceased,Medium
ONC-04898,43.0,Other,Lung,Stage III,1.55,Never,Regular,,19.5,2016-07-31,Surgery,3.0,15.0,Alive,Medium
ONC-00403,72.0,Other,Prostate,Stage II,3.18,,Occasional,Yes,26.9,2019-02-10,Palliative Care,,29.0,Alive,Medium
ONC-02468,,Male,Colorectal,Stage III,1.38,Current,Heavy,No,21.7,2015-04-09,Palliative Care,7.0,25.0,,High
ONC-06473,55.0,Other,Lung,Stage IV,0.61,Former,Heavy,No,21.8,2024-12-07,Radiation Therapy,,6.0,Deceased,Critical
ONC-01133,77.0,Female,Blood (Leukemia),Stage II,2.86,Former,None,No,30.6,2019-09-22,,4.0,1.0,Alive,Low
ONC-05899,48.0,,Skin (Melanoma),Stage I,0.65,,Regular,Yes,16.0,2019-04-08,Combination Therapy,6.0,47.0,Alive,Low
ONC-04593,56.0,Other,Lung,Stage IV,9.51,Former,Regular,No,28.4,2024-01-06,Immunotherapy,6.0,1.0,Deceased,High
ONC-02675,,Female,Brain,Stage II,5.25,Former,Occasional,,34.0,2024-07-08,Palliative Care,6.0,14.0,Alive,Low
ONC-02806,45.0,Male,Ovarian,Stage II,1.51,Former,None,No,22.4,,Surgery,5.0,29.0,Deceased,Medium
ONC-01422,81.0,,Prostate,Stage I,4.1,Current,None,Yes,20.9,2017-01-16,,4.0,0.0,Alive,Medium
ONC-07460,60.0,Other,Brain,Stage II,1.12,Never,Occasional,Yes,25.6,2019-11-18,Combination Therapy,5.0,19.0,Alive,Medium
ONC-05326,74.0,Other,Lung,,4.44,Former,None,No,31.4,2024-11-07,Surgery,4.0,1.0,Alive,Low
ONC-01475,49.0,Other,Lung,Stage III,2.07,Current,Occasional,Yes,30.1,2020-07-31,Chemotherapy,6.0,6.0,Alive,High
ONC-03562,73.0,Other,Pancreatic,Stage IV,2.72,,None,No,29.0,2015-11-29,Chemotherapy,5.0,7.0,Alive,Critical
ONC-00267,74.0,Female,Breast,Stage III,6.26,Never,Occasional,Yes,35.7,2017-02-06,Immunotherapy,2.0,,Alive,High
ONC-01032,34.0,,Colorectal,Stage I,1.98,Former,Regular,Yes,28.0,,,2.0,18.0,Alive,Medium
ONC-00763,76.0,Other,Liver,Stage III,0.1,Never,Regular,Yes,26.0,,Chemotherapy,6.0,16.0,Alive,Critical
ONC-00064,58.0,Other,Skin (Melanoma),Stage III,0.92,Current,None,Yes,34.4,2018-06-28,Surgery,8.0,41.0,Alive,Medium
ONC-07129,28.0,Female,Liver,Stage III,3.25,Former,Regular,No,23.9,,Palliative Care,8.0,27.0,Deceased,High
ONC-06179,72.0,Female,Skin (Melanoma),Stage II,2.48,Current,None,Yes,25.6,2023-08-16,Immunotherapy,11.0,11.0,Alive,Low
ONC-04878,,Female,,Stage IV,4.61,Never,Regular,No,28.3,2016-01-21,Immunotherapy,9.0,18.0,Alive,High
ONC-00457,56.0,Other,Lung,Stage III,2.21,Current,Heavy,,24.8,2019-01-02,Chemotherapy,5.0,2.0,,Low
ONC-01649,86.0,,Liver,Stage IV,0.35,Current,Regular,No,23.2,2023-06-06,Radiation Therapy,8.0,9.0,Alive,
ONC-05658,53.0,Male,Prostate,Stage III,0.72,Current,Regular,Yes,26.7,2024-09-18,Palliative Care,6.0,1.0,Alive,High
ONC-00214,66.0,Male,Liver,Stage IV,1.7,Former,None,No,26.0,2023-01-04,Surgery,2.0,0.0,Alive,Critical
ONC-06765,76.0,Female,Brain,Stage II,4.86,Never,Regular,Yes,22.1,2016-01-06,Palliative Care,8.0,,Alive,Medium
ONC-04676,50.0,Male,Lung,Stage IV,1.28,Current,Heavy,No,26.3,2021-01-27,Immunotherapy,,1.0,Deceased,Critical
ONC-06417,68.0,Female,Prostate,Stage II,2.61,,Regular,Yes,20.3,2017-02-20,Combination Therapy,6.0,120.0,Deceased,Low
ONC-00009,50.0,Male,Ovarian,Stage II,1.3,Never,None,No,25.1,2019-07-02,Radiation Therapy,10.0,7.0,Alive,Medium
ONC-01838,53.0,,Brain,Stage IV,1.25,Never,Occasional,No,26.0,2020-10-15,Combination Therapy,8.0,48.0,Alive,Critical
ONC-07108,79.0,Male,Blood (Leukemia),Stage II,0.97,Never,None,,14.8,2019-12-28,Palliative Care,5.0,2.0,Deceased,Medium
ONC-05680,61.0,Female,Blood (Leukemia),Stage I,1.04,Current,Occasional,No,26.0,2015-12-02,Surgery,3.0,8.0,Alive,Low
ONC-04203,75.0,Other,Liver,Stage II,2.07,Current,,Yes,29.4,2017-04-07,Radiation Therapy,12.0,1.0,,High
ONC-02812,52.0,Female,Pancreatic,Stage II,,Former,Occasional,No,26.8,2018-07-21,Surgery,,6.0,Alive,Medium
ONC-01108,84.0,Female,Skin (Melanoma),Stage IV,0.85,Current,Heavy,,27.5,2017-03-12,Immunotherapy,9.0,23.0,Deceased,High
ONC-05147,89.0,Female,,Stage IV,5.75,Current,None,Yes,26.2,2024-10-20,Radiation Therapy,3.0,24.0,Deceased,High
ONC-04884,63.0,Male,Breast,,3.1,Former,Regular,No,27.0,2020-04-11,Chemotherapy,3.0,17.0,Deceased,Medium
ONC-05829,45.0,Other,Pancreatic,Stage II,3.24,Former,None,,29.6,2024-04-27,Chemotherapy,10.0,36.0,Alive,High
ONC-03028,46.0,Male,Ovarian,Stage II,1.47,,Heavy,No,31.4,2022-02-26,Immunotherapy,6.0,5.0,Alive,Low
ONC-03480,71.0,Male,Lung,Stage I,7.43,Never,Heavy,Yes,31.1,2016-01-01,Combination Therapy,4.0,,Alive,Low
ONC-00702,52.0,Other,Ovarian,Stage IV,1.58,Never,,Yes,15.0,2023-11-07,Radiation Therapy,7.0,18.0,Alive,High
ONC-07203,40.0,Male,Pancreatic,Stage I,0.19,Current,,No,22.9,2015-12-21,Combination Therapy,8.0,14.0,Alive,Low
ONC-06494,,Other,Liver,Stage IV,1.97,,Heavy,No,20.1,2020-11-27,Combination Therapy,8.0,13.0,Alive,Critical
ONC-00672,72.0,Male,Prostate,Stage I,0.68,Never,None,Yes,19.9,2016-01-01,Palliative Care,6.0,15.0,Alive,Medium
ONC-01420,,Male,Liver,Stage III,0.16,,Occasional,No,15.8,2017-01-26,Palliative Care,4.0,52.0,Alive,Critical
ONC-05915,,Male,,Stage I,1.66,Never,Heavy,No,33.9,2023-12-02,,3.0,3.0,Alive,
ONC-06698,80.0,Female,Blood (Leukemia),Stage III,7.75,Current,None,Yes,23.0,2021-08-07,Surgery,8.0,7.0,Alive,Critical
ONC-03211,52.0,Other,Liver,Stage I,4.47,Never,Heavy,No,22.9,2019-06-28,Combination Therapy,7.0,11.0,Alive,Critical
ONC-04802,53.0,Male,Prostate,Stage II,1.38,Current,Heavy,Yes,25.1,2018-08-21,Radiation Therapy,11.0,,Alive,Low
ONC-02439,57.0,,Pancreatic,Stage III,2.51,Current,Occasional,,25.9,2015-07-24,Palliative Care,4.0,4.0,Deceased,High
ONC-05288,62.0,Male,Lung,Stage II,3.97,Former,Regular,No,31.8,2016-06-10,Radiation Therapy,10.0,16.0,Alive,High
ONC-05624,,Other,Prostate,Stage I,2.17,Former,Heavy,No,24.7,2024-04-29,Palliative Care,,35.0,Deceased,Low
ONC-03111,,Other,Colorectal,Stage IV,3.44,Current,Regular,Yes,22.9,2020-06-02,,4.0,31.0,Alive,High
ONC-04250,48.0,,Lung,Stage IV,0.76,Former,Regular,No,18.8,,Palliative Care,5.0,16.0,Deceased,Critical
ONC-06261,47.0,Female,Skin (Melanoma),,5.61,Never,Heavy,No,25.8,2024-02-20,Combination Therapy,7.0,24.0,Deceased,Critical
ONC-00897,54.0,Male,Blood (Leukemia),Stage II,1.48,Never,Regular,Yes,21.0,2015-03-27,Palliative Care,5.0,12.0,Alive,
ONC-03618,49.0,Other,Skin (Melanoma),Stage III,6.81,Former,Regular,No,17.6,2022-12-09,Immunotherapy,2.0,14.0,Alive,Medium
ONC-01998,,Other,Ovarian,Stage III,6.17,Current,Regular,No,20.5,2015-06-21,Combination Therapy,7.0,28.0,Alive,Medium
ONC-05797,58.0,Other,Ovarian,Stage I,6.14,Former,Regular,Yes,25.4,2021-02-08,Surgery,5.0,16.0,Alive,Low
ONC-07267,48.0,Female,Ovarian,Stage I,3.93,Current,,Yes,15.6,2022-07-17,Radiation Therapy,6.0,16.0,,Low
ONC-07300,77.0,Female,Blood (Leukemia),Stage II,1.85,Never,Occasional,No,27.7,2024-07-09,Palliative Care,4.0,20.0,Alive,Medium
ONC-06408,74.0,Male,Liver,Stage II,1.84,Former,Occasional,Yes,29.0,2017-08-07,Surgery,7.0,0.0,Alive,Medium
ONC-01812,89.0,Female,Skin (Melanoma),Stage III,2.9,Former,Heavy,,,2019-05-20,Chemotherapy,3.0,1.0,Alive,Low
ONC-05349,55.0,,Breast,Stage III,3.63,Never,Occasional,No,24.1,2020-04-26,Surgery,4.0,36.0,Deceased,Medium
ONC-03474,65.0,Male,Liver,Stage II,1.35,Current,None,Yes,27.1,2017-11-23,,9.0,37.0,Alive,Low
ONC-00100,70.0,,,Stage III,4.18,Never,Heavy,,28.5,2023-02-07,Chemotherapy,5.0,20.0,Alive,Critical
ONC-02700,39.0,Male,,Stage I,2.57,Never,Heavy,No,24.3,2023-01-22,Radiation Therapy,3.0,12.0,Alive,Critical
ONC-04291,73.0,Male,Blood (Leukemia),Stage III,0.61,Current,Regular,No,24.9,2021-08-08,Palliative Care,,,,Medium
ONC-03191,,Female,Liver,Stage IV,3.86,Current,Occasional,Yes,23.1,2018-06-06,Chemotherapy,11.0,4.0,Alive,Critical
ONC-06107,66.0,Other,Breast,Stage I,2.69,Never,Heavy,Yes,29.8,2020-03-18,Surgery,6.0,5.0,Alive,Medium
ONC-06572,,,Prostate,Stage IV,6.13,Former,None,No,36.4,2022-05-13,Radiation Therapy,4.0,1.0,Alive,High
ONC-06973,43.0,Male,Blood (Leukemia),Stage IV,0.16,Current,Occasional,No,20.5,2024-09-13,Palliative Care,4.0,12.0,,Critical
ONC-01516,40.0,Male,Pancreatic,,5.91,Former,Heavy,No,30.5,2020-05-07,Chemotherapy,7.0,8.0,Deceased,Medium
ONC-06211,65.0,Male,Prostate,Stage III,1.35,Never,Heavy,Yes,21.3,2019-07-07,Immunotherapy,4.0,0.0,Alive,Critical
ONC-04339,50.0,Female,Skin (Melanoma),Stage II,0.87,Current,,,24.7,2021-08-11,Chemotherapy,6.0,7.0,Alive,Medium
ONC-01464,79.0,Female,Prostate,Stage IV,5.03,Former,Regular,,18.6,2017-08-10,Combination Therapy,2.0,23.0,Deceased,High
ONC-05728,76.0,,Breast,Stage III,0.64,,Heavy,No,35.2,2016-01-13,,,26.0,Alive,
ONC-05121,68.0,Male,Blood (Leukemia),Stage III,3.13,,None,,37.8,2017-10-05,Palliative Care,,13.0,Alive,High
ONC-05804,69.0,Male,Brain,Stage I,1.31,Former,Regular,Yes,25.9,2017-08-12,Combination Therapy,6.0,0.0,Alive,Low
ONC-00132,82.0,Other,,Stage I,3.38,Current,,,31.0,2019-08-10,Radiation Therapy,4.0,11.0,Deceased,Low
ONC-00886,62.0,Other,Brain,Stage I,1.48,,Heavy,No,29.7,2021-08-04,Chemotherapy,,40.0,Alive,
ONC-05488,73.0,Female,Liver,Stage III,1.84,Current,None,Yes,22.5,2022-10-06,Radiation Therapy,8.0,20.0,Alive,
ONC-03045,41.0,Male,Liver,Stage IV,5.69,Current,Regular,Yes,27.2,2016-05-31,Palliative Care,5.0,6.0,Deceased,High
ONC-02912,67.0,Male,Breast,Stage I,3.97,Former,None,Yes,21.4,2020-04-25,Surgery,6.0,14.0,Alive,Low
ONC-03080,55.0,,Blood (Leukemia),Stage III,,Current,Heavy,,28.7,,Immunotherapy,4.0,18.0,Alive,High
ONC-07475,73.0,Other,Liver,Stage II,0.1,Never,Heavy,,21.4,2015-09-15,Immunotherapy,2.0,,Alive,Medium
ONC-05031,52.0,Female,Liver,Stage IV,3.46,Never,None,No,26.1,2015-04-10,Radiation Therapy,3.0,8.0,,Critical
ONC-00053,67.0,Female,Lung,Stage IV,0.71,Current,Regular,No,29.8,2021-11-14,Palliative Care,6.0,4.0,Deceased,Medium
ONC-04077,,Male,Colorectal,Stage II,0.15,Never,Regular,Yes,34.2,,,,23.0,Alive,Low
ONC-03625,72.0,Female,Prostate,Stage II,3.25,Former,,,15.7,2015-02-26,Radiation Therapy,10.0,15.0,Alive,High
ONC-04804,,Female,Lung,Stage I,5.03,Former,None,No,27.8,2015-03-14,Combination Therapy,9.0,22.0,Alive,Medium
ONC-01679,57.0,Male,Liver,Stage IV,11.62,Former,Regular,Yes,26.8,2017-09-12,Immunotherapy,3.0,9.0,Alive,Critical
ONC-07053,32.0,Male,Prostate,Stage I,9.22,Current,None,No,23.9,2024-02-01,Chemotherapy,7.0,5.0,Alive,Medium
ONC-03301,61.0,Male,Colorectal,Stage IV,0.1,Current,Regular,No,,2018-09-21,Surgery,7.0,43.0,Alive,High
ONC-07155,50.0,Other,Prostate,Stage I,5.46,,Heavy,No,20.1,2019-08-15,Palliative Care,6.0,31.0,Deceased,Medium
ONC-06766,31.0,,Ovarian,Stage II,1.56,Never,,Yes,26.3,2021-08-05,Immunotherapy,1.0,63.0,Alive,Low
ONC-05712,44.0,Other,Blood (Leukemia),Stage I,0.18,Current,Occasional,Yes,26.1,2023-07-18,,,0.0,Alive,Low
ONC-04133,83.0,Female,Prostate,Stage I,0.66,Former,Occasional,No,21.2,2022-05-31,Chemotherapy,4.0,2.0,Alive,
ONC-03456,63.0,Other,Blood (Leukemia),Stage II,14.76,Never,None,Yes,23.6,2015-10-15,Palliative Care,7.0,,Alive,Low
ONC-03436,57.0,Male,Colorectal,Stage IV,10.47,Former,Heavy,No,19.3,,Chemotherapy,8.0,7.0,Alive,High
ONC-06590,45.0,Male,Colorectal,Stage IV,4.04,Former,Heavy,No,22.5,2017-06-15,Chemotherapy,5.0,35.0,Deceased,Medium
ONC-06157,69.0,Male,,Stage I,1.13,Former,Heavy,No,20.2,2020-11-04,Palliative Care,6.0,,Alive,Medium
ONC-04109,78.0,Other,Blood (Leukemia),Stage II,0.74,Never,,No,30.9,2023-07-26,Palliative Care,,27.0,Deceased,High
ONC-01137,45.0,Male,Ovarian,Stage III,2.51,Former,Regular,No,28.9,2020-07-13,Palliative Care,4.0,1.0,Deceased,High
ONC-01330,43.0,Female,Skin (Melanoma),Stage I,1.0,Current,Regular,No,21.9,2022-12-26,Radiation Therapy,,8.0,Deceased,Medium
ONC-06782,56.0,Other,Liver,Stage I,10.26,Never,None,No,24.4,2022-04-29,Radiation Therapy,10.0,,Deceased,Medium
ONC-00758,79.0,Female,,Stage I,6.17,Never,Heavy,No,,,Radiation Therapy,,3.0,Deceased,
ONC-00572,47.0,Female,Blood (Leukemia),Stage III,5.5,,Regular,Yes,22.7,,Radiation Therapy,2.0,3.0,Deceased,Medium
ONC-03295,68.0,Male,Pancreatic,Stage IV,0.19,Former,Regular,Yes,20.2,2017-04-20,Chemotherapy,14.0,11.0,Alive,Medium
ONC-05036,41.0,Other,Lung,Stage I,8.63,Former,Heavy,No,,2020-03-19,Palliative Care,,36.0,Deceased,Low
ONC-07301,66.0,Female,Blood (Leukemia),Stage II,4.11,Former,Regular,,,2023-02-11,Surgery,6.0,5.0,Alive,Medium
ONC-03886,71.0,,Pancreatic,Stage III,7.39,Former,Heavy,No,28.1,2018-04-27,Surgery,,14.0,Deceased,Medium
ONC-03139,67.0,Female,Skin (Melanoma),Stage IV,1.3,Current,Heavy,Yes,35.9,2024-06-14,Immunotherapy,11.0,8.0,Alive,Critical
ONC-06122,77.0,Male,Brain,Stage I,0.1,Never,Occasional,Yes,24.7,2024-03-05,,9.0,16.0,Alive,Critical
ONC-01544,64.0,Male,Pancreatic,Stage II,7.01,,Occasional,No,22.7,,Radiation Therapy,5.0,13.0,Alive,Medium
ONC-06963,39.0,Female,Liver,,1.45,Former,None,Yes,28.4,,Surgery,5.0,7.0,Alive,Low
ONC-02634,49.0,Female,Colorectal,Stage IV,13.95,Never,Regular,No,30.3,,Combination Therapy,7.0,10.0,Alive,Critical
ONC-06331,47.0,Male,Lung,Stage IV,0.39,Never,Occasional,,21.8,2018-07-25,Surgery,11.0,,Deceased,Critical
ONC-04845,61.0,Other,Lung,Stage I,5.23,Never,None,No,30.1,2019-03-23,Combination Therapy,8.0,4.0,Alive,Low
ONC-04180,57.0,Other,Lung,Stage II,1.84,Former,Regular,No,24.3,2015-03-09,Palliative Care,6.0,5.0,Deceased,High
ONC-03547,,Female,Colorectal,Stage I,0.25,Never,,Yes,26.0,,Combination Therapy,6.0,21.0,Alive,Low
ONC-01084,36.0,,Blood (Leukemia),Stage IV,8.5,Current,Heavy,Yes,21.7,2017-05-05,-,6.0,25.0,Alive,Medium
ONC-06756,28.0,Male,Breast,Stage III,0.78,Never,None,No,32.5,2016-04-11,,10.0,40.0,Deceased,Low
ONC-00876,32.0,Female,Ovarian,,,N/A,Heavy,Yes,23.5,2024-07-29,Radiation Therapy,8.0,16.0,Alive,High
ONC-01129,,,Ovarian,Stage III,10.75,Never,Regular,No,20.6,2023-11-14,Chemotherapy,5.0,27.0,Alive,Medium
ONC-01189,67.0,Female,Ovarian,Stage III,1.23,Current,Regular,No,22.5,2015-10-04,Surgery,2.0,0.0,Alive,Medium
ONC-01577,60.0,Other,Colorectal,,0.52,Current,Regular,No,22.2,,,5.0,0.0,Alive,Critical
ONC-05635,58.0,Male,Colorectal,Stage II,0.49,,Occasional,No,21.6,2023-11-08,Radiation Therapy,,1.0,Deceased,Critical
ONC-07469,70.0,Female,Pancreatic,Stage I,2.47,Never,Heavy,No,28.3,2020-02-05,Combination Therapy,5.0,25.0,Alive,Critical
ONC-03136,46.0,,Lung,Stage I,1.7,Current,Heavy,No,26.0,2018-06-10,Immunotherapy,8.0,7.0,Alive,Low
ONC-05637,72.0,Other,,Stage III,4.4,Never,None,Yes,17.6,2024-06-07,Palliative Care,10.0,25.0,Alive,High
ONC-07004,73.0,Female,Blood (Leukemia),Stage II,4.51,Never,Occasional,No,32.9,2015-12-30,Immunotherapy,1.0,,Alive,High
ONC-06390,52.0,Female,Colorectal,,0.31,Never,Heavy,No,24.4,2021-04-17,Palliative Care,4.0,5.0,Deceased,High
ONC-02721,57.0,Other,Lung,Stage IV,0.85,Current,Regular,No,23.3,,Immunotherapy,,0.0,Alive,Critical
ONC-04901,,Male,Ovarian,Stage II,3.41,Current,Regular,Yes,30.8,2016-03-04,Palliative Care,3.0,19.0,Alive,
ONC-01525,70.0,Female,Ovarian,Stage II,4.1,Never,Heavy,Yes,24.5,2024-01-13,Palliative Care,11.0,2.0,Deceased,Medium
ONC-03378,32.0,Other,Prostate,,6.22,Never,Regular,Yes,30.2,2016-01-11,,4.0,28.0,Deceased,High
ONC-06503,49.0,Male,Brain,Stage II,,Never,Occasional,Yes,26.4,2017-04-02,,,1.0,Deceased,Medium
ONC-05757,62.0,Female,Pancreatic,Stage IV,5.81,Never,Regular,Yes,,,Combination Therapy,3.0,3.0,Deceased,High
ONC-03505,5.0,Female,Brain,Stage IV,1.85,Never,Regular,No,21.9,,Palliative Care,4.0,13.0,Deceased,High
ONC-01507,,,Liver,,1.43,Former,Occasional,,35.4,2016-03-21,Combination Therapy,7.0,15.0,Alive,High
ONC-06730,56.0,Other,Liver,Stage III,3.39,Former,Occasional,Yes,26.0,2015-05-10,Radiation Therapy,6.0,20.0,Alive,Critical
ONC-00182,78.0,Female,Prostate,Stage IV,2.15,Former,,Yes,26.3,2020-12-08,Radiation Therapy,4.0,0.0,Alive,Critical
ONC-01684,45.0,Female,Blood (Leukemia),Stage IV,4.48,Current,Heavy,No,31.9,2023-06-06,Combination Therapy,6.0,22.0,Deceased,Medium
ONC-02843,30.0,,Blood (Leukemia),Stage II,1.52,Never,Regular,Yes,19.5,2022-07-25,Palliative Care,,39.0,Alive,Low
ONC-06317,65.0,Male,Liver,Stage IV,0.63,Never,Occasional,Yes,25.6,2024-07-20,Immunotherapy,8.0,21.0,Alive,Critical
ONC-07162,48.0,Other,Liver,Stage II,0.99,Former,None,Yes,22.5,,Surgery,7.0,14.0,Alive,Low
ONC-04989,43.0,Other,Pancreatic,Stage IV,0.71,,None,Yes,35.8,2022-11-09,Chemotherapy,7.0,13.0,Deceased,High
ONC-04009,66.0,Male,Liver,Stage III,0.92,Former,Regular,No,31.7,,Chemotherapy,6.0,25.0,Alive,Critical
ONC-03527,64.0,Male,Prostate,Stage II,1.71,Never,Heavy,Yes,33.7,2017-12-30,Chemotherapy,2.0,7.0,Alive,Low
ONC-04988,93.0,,Skin (Melanoma),,1.68,,Regular,No,26.8,2016-02-27,Chemotherapy,2.0,13.0,Alive,
ONC-06882,40.0,Male,Pancreatic,Stage II,0.61,Current,Occasional,No,24.5,2018-09-16,Chemotherapy,8.0,35.0,Deceased,High
ONC-01435,64.0,Female,Blood (Leukemia),Stage I,0.16,Never,Heavy,Yes,25.8,2023-02-21,Palliative Care,8.0,54.0,Alive,Low
ONC-06631,58.0,Male,Brain,Stage IV,,,Heavy,No,20.0,,Chemotherapy,3.0,1.0,Deceased,Critical
ONC-03676,53.0,Female,Prostate,Stage II,2.24,Former,Regular,Yes,32.4,2022-11-06,Palliative Care,5.0,5.0,Deceased,Medium
ONC-03517,47.0,,Brain,,1.44,Former,None,Yes,23.5,2017-03-04,Radiation Therapy,4.0,6.0,Alive,High
ONC-07304,62.0,Male,Breast,Stage II,20.0,Current,Regular,Yes,16.9,2020-09-10,Palliative Care,1.0,4.0,Alive,Medium
ONC-05707,66.0,Male,Pancreatic,Stage II,1.83,,Occasional,Yes,25.7,2022-06-14,Surgery,6.0,2.0,Alive,Medium
ONC-02688,78.0,Other,Blood (Leukemia),Stage II,1.65,Current,Heavy,Yes,17.5,2023-07-18,Palliative Care,7.0,9.0,Deceased,Medium
ONC-01842,,Female,Ovarian,Stage IV,6.31,Never,Occasional,No,17.9,,Combination Therapy,2.0,8.0,Alive,High
ONC-05203,33.0,Male,Blood (Leukemia),Stage II,6.25,Current,Heavy,Yes,30.5,2023-04-18,Combination Therapy,7.0,16.0,Alive,Medium
ONC-05515,24.0,,Blood (Leukemia),Stage III,1.0,Current,Heavy,,26.9,2015-11-21,,5.0,11.0,Deceased,Medium
ONC-00633,64.0,Male,Colorectal,Stage II,2.73,Current,,,23.7,2024-06-02,Immunotherapy,6.0,2.0,Alive,Medium
ONC-06900,75.0,Male,Liver,,2.01,Never,Regular,No,25.1,2017-04-11,Immunotherapy,8.0,69.0,Alive,High
ONC-03785,80.0,Male,,Stage III,5.8,Former,Heavy,No,23.5,2023-06-07,Surgery,8.0,7.0,Alive,Medium
ONC-04377,53.0,Male,Lung,Stage II,5.73,Former,Heavy,No,29.4,2020-08-11,Palliative Care,,,Deceased,Low
ONC-05875,67.0,Other,,Stage IV,1.06,Never,Heavy,Yes,25.5,2023-10-15,Immunotherapy,7.0,72.0,Alive,Critical
ONC-04288,79.0,Male,Lung,Stage III,0.7,Never,None,No,29.5,2015-05-29,Immunotherapy,6.0,5.0,Alive,High
ONC-05767,62.0,Female,Blood (Leukemia),Stage I,4.24,,Heavy,No,16.0,2022-10-12,Combination Therapy,8.0,1.0,Alive,Medium
ONC-03475,45.0,,Skin (Melanoma),Stage IV,0.21,Former,Heavy,No,22.1,2020-10-19,Immunotherapy,6.0,1.0,Deceased,High
ONC-00480,,Female,Liver,Stage II,0.83,Former,Regular,Yes,29.0,2019-10-09,Chemotherapy,4.0,33.0,Alive,High
ONC-02100,35.0,Other,Blood (Leukemia),Stage II,0.35,Never,None,No,26.8,2018-08-26,Palliative Care,7.0,13.0,Alive,High
ONC-01283,,Female,Prostate,Stage II,14.53,Never,Regular,No,29.4,2017-01-04,,5.0,33.0,Alive,Medium
ONC-05844,65.0,Female,Ovarian,Stage II,3.82,-,Regular,No,20.2,2018-03-27,Combination Therapy,5.0,4.0,Alive,High
ONC-05280,50.0,Male,Blood (Leukemia),Stage IV,1.17,Former,,No,21.9,2024-12-21,,5.0,32.0,Alive,Critical
ONC-00595,32.0,Male,Ovarian,Stage II,4.67,Never,Regular,Yes,23.2,2016-08-18,,5.0,10.0,,Low
ONC-06051,62.0,,Liver,Stage IV,0.1,Current,,No,18.3,2021-11-20,Surgery,7.0,7.0,Alive,High
ONC-01123,,Female,Ovarian,Stage II,,Never,Occasional,Yes,25.1,2018-09-03,Chemotherapy,6.0,10.0,Alive,Low
ONC-01964,72.0,Female,Prostate,Stage III,,Former,Heavy,No,30.5,2018-06-26,Immunotherapy,5.0,26.0,Alive,Medium
ONC-04229,59.0,Male,Colorectal,Stage I,1.35,Never,Occasional,No,35.8,2019-07-06,Chemotherapy,6.0,7.0,Alive,Low
ONC-04159,44.0,Male,Breast,Stage III,5.89,Former,None,No,24.5,2023-11-03,Chemotherapy,5.0,4.0,Alive,High
ONC-02456,,,Prostate,,0.55,-,Regular,Yes,26.1,2024-05-14,Surgery,7.0,1.0,Alive,Low
ONC-01033,,Female,Breast,Stage IV,0.88,Never,Regular,No,23.9,2018-02-23,Radiation Therapy,6.0,77.0,Deceased,Critical
ONC-07049,71.0,Male,Skin (Melanoma),Stage III,6.69,Former,Occasional,,22.6,2019-10-06,Palliative Care,7.0,11.0,Alive,Critical
ONC-01831,91.0,Male,Prostate,Stage I,4.06,Former,Heavy,No,24.2,2023-06-20,Combination Therapy,3.0,1.0,Deceased,Critical
ONC-07477,67.0,Male,Lung,Stage III,11.25,,Heavy,No,23.9,2023-12-27,Combination Therapy,8.0,,Alive,Medium
ONC-03701,,Other,Lung,Stage I,6.92,Never,Occasional,No,36.4,2019-12-02,Radiation Therapy,8.0,,Alive,Low
ONC-02359,70.0,Female,Colorectal,Stage IV,10.2,Current,,Yes,26.3,2015-04-03,Immunotherapy,3.0,,,High
ONC-05722,32.0,Male,Breast,Stage III,9.53,Never,Regular,Yes,27.5,2022-08-06,Immunotherapy,9.0,5.0,Alive,Low
ONC-00950,44.0,,Blood (Leukemia),,5.41,Former,Heavy,No,32.4,2023-07-12,Chemotherapy,5.0,7.0,Deceased,High
ONC-00864,34.0,Male,Liver,,1.75,Current,Regular,Yes,32.6,2016-10-23,Palliative Care,6.0,21.0,Alive,Critical
ONC-02987,84.0,Male,Colorectal,Stage II,1.71,Current,Occasional,Yes,29.4,2017-06-29,Radiation Therapy,5.0,33.0,Alive,Low
ONC-06993,74.0,Male,,Stage IV,1.33,Never,Regular,No,21.7,2018-12-25,Combination Therapy,8.0,0.0,,High
ONC-00624,75.0,Other,Liver,Stage II,1.3,Never,Heavy,No,33.7,2015-09-28,Radiation Therapy,5.0,1.0,Alive,Medium
ONC-03891,41.0,Female,Pancreatic,Stage II,1.18,Never,,Yes,19.2,2018-07-18,,9.0,34.0,Alive,Medium
ONC-00055,55.0,Female,Skin (Melanoma),Stage IV,1.36,,,,,2017-08-18,Radiation Therapy,7.0,4.0,Alive,Critical
ONC-01333,73.0,Male,Lung,Stage IV,7.81,Current,Regular,No,23.6,2019-10-10,Radiation Therapy,7.0,3.0,Alive,High
ONC-00178,61.0,Male,Prostate,Stage III,2.87,Former,Regular,No,26.4,2020-01-01,Combination Therapy,5.0,49.0,Deceased,Medium
ONC-03499,77.0,Male,Colorectal,Stage III,,Current,Occasional,Yes,25.1,2020-06-02,Chemotherapy,13.0,23.0,Alive,High
ONC-07273,62.0,Female,Liver,Stage II,2.75,Former,Occasional,Yes,31.7,,Palliative Care,,2.0,Deceased,Critical
ONC-05672,50.0,Other,Colorectal,Stage III,0.26,Former,Occasional,Yes,29.6,2021-09-01,,9.0,25.0,,High
ONC-06849,47.0,Male,,Stage II,0.53,Former,,No,25.2,2023-02-03,Combination Therapy,3.0,58.0,Alive,
ONC-05012,30.0,Other,Colorectal,Stage III,4.95,Never,Occasional,Yes,28.1,2024-11-13,Immunotherapy,10.0,11.0,Alive,High
ONC-00904,67.0,Female,Pancreatic,Stage IV,0.1,Current,None,Yes,,,Chemotherapy,8.0,15.0,,High
ONC-01458,57.0,Other,Brain,Stage IV,9.91,Former,Regular,No,24.6,2019-02-25,Radiation Therapy,2.0,36.0,Deceased,Critical
ONC-01075,79.0,Male,Prostate,Stage II,3.22,Never,Heavy,,22.7,2024-03-22,Palliative Care,8.0,20.0,Deceased,Medium
ONC-01830,56.0,Female,Pancreatic,Stage I,3.84,Current,Occasional,,31.4,2020-11-11,Palliative Care,4.0,20.0,Deceased,Medium
ONC-02291,61.0,Other,Skin (Melanoma),Stage IV,8.5,Current,Heavy,Yes,21.1,2023-05-08,Immunotherapy,3.0,42.0,Deceased,Medium
ONC-06987,,Male,,Stage II,4.23,Current,Occasional,No,24.1,2015-04-07,Radiation Therapy,11.0,0.0,Alive,Medium
ONC-02563,,Other,Prostate,Stage IV,1.56,Never,Occasional,No,17.5,2018-03-30,Radiation Therapy,6.0,13.0,Alive,High
ONC-02285,,Other,Lung,Stage II,,Never,None,No,38.1,2017-03-01,Combination Therapy,5.0,66.0,Deceased,Medium
ONC-01803,65.0,Other,Prostate,Stage IV,0.51,Never,Heavy,No,31.5,2021-02-08,Palliative Care,5.0,2.0,Alive,High
ONC-00150,56.0,Male,Breast,Stage III,1.31,Current,None,No,28.4,2020-03-10,,6.0,12.0,Alive,Critical
ONC-01858,79.0,Other,Blood (Leukemia),Stage III,0.79,Former,Regular,No,27.1,2019-01-29,Radiation Therapy,6.0,11.0,Deceased,Critical
ONC-02044,59.0,Other,Pancreatic,Stage IV,6.8,Never,Heavy,No,27.6,,Palliative Care,2.0,13.0,Alive,High
ONC-06265,76.0,Other,Brain,Stage III,,Current,None,No,26.6,2016-02-24,Radiation Therapy,7.0,33.0,Alive,High
ONC-01990,53.0,Other,Breast,Stage I,0.79,Former,,No,33.1,2019-04-04,Surgery,4.0,18.0,Alive,Low
ONC-03553,52.0,Male,Colorectal,Stage IV,1.19,Current,Regular,Yes,20.6,2020-08-14,Combination Therapy,,,Alive,Critical
ONC-04810,63.0,Other,Skin (Melanoma),Stage I,1.96,Current,None,No,28.4,2016-02-07,Combination Therapy,3.0,17.0,Deceased,Medium
ONC-05481,,,Breast,Stage II,5.13,Former,Heavy,,20.3,2017-09-09,,,34.0,Alive,High
ONC-03458,73.0,Female,Liver,Stage IV,0.25,Current,None,No,25.5,2015-12-15,Surgery,,,Deceased,High
ONC-03818,45.0,Female,Ovarian,Stage III,3.18,,Occasional,Yes,29.8,2018-03-11,Chemotherapy,3.0,9.0,Alive,High
ONC-02764,45.0,Other,Liver,Stage IV,2.07,Never,Regular,No,29.5,2019-03-24,Radiation Therapy,10.0,67.0,Alive,High
ONC-05864,,Female,Blood (Leukemia),Stage IV,0.89,Never,,Yes,27.7,2017-04-10,Chemotherapy,6.0,26.0,Deceased,Critical
ONC-04685,46.0,Female,Blood (Leukemia),,1.64,Never,Occasional,No,22.9,2022-05-06,Combination Therapy,2.0,8.0,Alive,Low
ONC-02318,48.0,Female,Colorectal,Stage III,1.01,Former,Occasional,Yes,,2021-11-12,Surgery,5.0,23.0,Alive,High
ONC-02663,67.0,Other,Skin (Melanoma),Stage IV,1.14,,Regular,,27.8,2018-04-12,Combination Therapy,4.0,3.0,Deceased,Critical
ONC-04495,59.0,Female,Prostate,Stage I,2.1,Current,Heavy,Yes,30.8,2019-06-18,Surgery,9.0,51.0,Alive,High
ONC-03515,45.0,Female,Blood (Leukemia),Stage I,2.77,Current,Regular,No,35.0,,,6.0,2.0,Alive,Medium
ONC-07191,56.0,Other,Blood (Leukemia),Stage III,12.08,Current,None,No,21.2,2016-03-22,Combination Therapy,7.0,0.0,Deceased,High
ONC-06899,67.0,Male,Skin (Melanoma),,4.52,Former,None,No,19.4,2024-10-21,Palliative Care,,12.0,Deceased,High
ONC-03124,52.0,Other,Lung,Stage I,2.59,Never,Regular,Yes,27.2,2024-01-22,,5.0,57.0,Alive,Medium
ONC-00893,56.0,Male,Breast,Stage IV,0.35,Current,,Yes,35.4,,,4.0,3.0,Alive,High
ONC-05710,68.0,Female,Pancreatic,Stage IV,1.7,-,None,No,30.6,2021-09-30,Radiation Therapy,6.0,40.0,Alive,Medium
ONC-00371,44.0,Female,Liver,Stage I,,Never,Occasional,No,24.1,,Palliative Care,6.0,,Deceased,Critical
ONC-05544,53.0,Female,Liver,Stage II,2.3,Former,None,Yes,21.6,2019-09-05,Chemotherapy,8.0,1.0,Alive,Low
ONC-06213,53.0,Male,Lung,Stage I,2.25,Current,Occasional,No,23.8,2023-06-08,Surgery,4.0,13.0,Deceased,Low
ONC-03626,,Other,,Stage III,7.1,Current,Occasional,No,26.1,2021-03-25,Immunotherapy,5.0,25.0,Alive,
ONC-02278,49.0,Female,Prostate,,0.72,Current,Regular,No,16.4,2016-04-20,,7.0,3.0,,Low
ONC-00159,45.0,Other,Lung,Stage I,1.23,Never,Heavy,,32.5,2016-10-26,Chemotherapy,4.0,7.0,Deceased,Medium
ONC-06750,63.0,Male,Prostate,Stage II,1.07,Current,Heavy,No,34.9,2023-02-28,Surgery,2.0,36.0,Alive,
ONC-00951,53.0,NA,Pancreatic,Stage I,1.51,Never,Regular,Yes,27.1,2021-03-14,Palliative Care,4.0,32.0,Alive,Medium
ONC-01164,41.0,N/A,Blood (Leukemia),Stage IV,12.42,Former,Occasional,,22.6,2021-07-01,Combination Therapy,4.0,23.0,Deceased,Critical
ONC-01392,75.0,Other,Liver,Stage II,3.1,Former,,Yes,26.0,2019-12-01,Chemotherapy,4.0,5.0,,High
ONC-00771,83.0,Male,Colorectal,Stage III,,Former,Heavy,No,26.2,2024-03-18,Radiation Therapy,11.0,1.0,,
ONC-05103,73.0,Other,Pancreatic,Stage III,1.02,Current,Regular,No,12.6,2018-08-09,Palliative Care,7.0,8.0,Alive,Critical
ONC-06106,57.0,Male,Breast,Stage I,5.02,Never,None,No,26.5,2024-10-22,Immunotherapy,,30.0,Alive,Medium
ONC-05863,,Female,Lung,Stage I,0.1,Never,Regular,No,30.5,,Immunotherapy,5.0,11.0,Deceased,Low
ONC-07306,41.0,Male,,Stage II,1.68,,Heavy,,24.4,2017-12-12,Immunotherapy,6.0,22.0,Alive,Medium
ONC-00422,56.0,Other,Lung,,5.68,Current,None,Yes,23.7,2023-11-18,Combination Therapy,5.0,7.0,,High
ONC-03668,49.0,Other,Prostate,Stage IV,1.94,Current,Heavy,No,21.2,2016-04-01,Radiation Therapy,2.0,0.0,Alive,High
ONC-00248,51.0,Female,Liver,Stage IV,11.32,Former,,No,28.9,2020-10-01,,8.0,3.0,Alive,Critical
ONC-02951,39.0,Female,Prostate,Stage II,5.97,Never,Occasional,Yes,27.9,2019-08-14,Palliative Care,7.0,14.0,Deceased,Medium
ONC-00047,80.0,,Liver,Stage II,0.84,Former,,No,30.4,2018-03-21,Chemotherapy,3.0,2.0,Alive,Medium
ONC-07199,54.0,Other,Prostate,Stage II,0.41,Current,Regular,No,37.1,2023-02-25,Immunotherapy,4.0,1.0,Alive,Low
ONC-03577,62.0,Other,Prostate,Stage IV,4.28,Never,None,Yes,24.7,2015-09-01,Immunotherapy,8.0,3.0,Alive,Critical
ONC-00902,58.0,Male,Brain,Stage IV,4.29,Former,None,Yes,24.2,2020-09-14,Immunotherapy,7.0,28.0,Deceased,High
ONC-04783,53.0,Other,Ovarian,Stage III,10.19,Current,Occasional,No,25.0,2020-01-04,Palliative Care,4.0,9.0,Alive,Low
ONC-02757,68.0,Male,Breast,Stage IV,12.2,,None,Yes,27.4,2016-05-11,Chemotherapy,7.0,4.0,Alive,High
ONC-07332,65.0,Male,Blood (Leukemia),Stage I,2.98,,Heavy,Yes,29.5,2017-03-10,Combination Therapy,7.0,8.0,Alive,
ONC-03548,54.0,Other,Ovarian,Stage IV,2.97,Never,Heavy,Yes,32.2,,Palliative Care,8.0,64.0,Alive,High
ONC-03327,41.0,,Brain,Stage IV,1.1,Never,Heavy,Yes,29.8,2022-02-07,Radiation Therapy,5.0,1.0,Alive,Critical
ONC-02985,,Female,Pancreatic,Stage I,0.59,Former,Heavy,Yes,,2015-07-31,Chemotherapy,3.0,11.0,Deceased,Medium
ONC-05381,91.0,,Prostate,Stage I,0.1,Former,Regular,,31.5,2019-06-14,Combination Therapy,4.0,4.0,Alive,Low
ONC-02316,43.0,Male,Breast,Stage II,17.71,Never,Heavy,Yes,25.5,2024-09-18,Surgery,8.0,3.0,Alive,Low
ONC-06930,74.0,Other,Lung,Stage II,1.8,Former,Regular,Yes,29.3,2024-04-05,Combination Therapy,5.0,,Alive,Critical
ONC-05071,34.0,Male,Pancreatic,Stage III,5.81,Never,Regular,,20.6,2022-01-20,Combination Therapy,,17.0,Alive,Low
ONC-03092,29.0,Female,Blood (Leukemia),Stage II,3.5,Never,Regular,No,17.8,2022-11-20,Combination Therapy,,15.0,Alive,High
ONC-06767,33.0,Other,Ovarian,Stage IV,3.95,Former,Heavy,Yes,29.1,2017-05-11,Palliative Care,6.0,6.0,Alive,Critical
ONC-04620,78.0,Male,Skin (Melanoma),Stage II,2.6,Former,Regular,Yes,25.1,2021-07-29,Surgery,5.0,77.0,Alive,Low
ONC-05324,75.0,Male,Ovarian,Stage III,0.83,Former,Regular,No,23.8,2021-03-07,Surgery,7.0,4.0,Deceased,Medium
ONC-00195,71.0,Other,Skin (Melanoma),Stage IV,1.16,Former,Regular,No,23.4,2015-10-26,,4.0,37.0,Alive,High
ONC-01699,64.0,Female,Ovarian,Stage IV,1.91,Current,,,19.8,2018-12-30,Surgery,4.0,39.0,Alive,Critical
ONC-00532,58.0,Male,Blood (Leukemia),Stage II,1.75,Current,None,No,29.2,2020-05-25,Palliative Care,9.0,33.0,Alive,
ONC-06700,40.0,Female,Breast,Stage I,11.19,,None,No,24.5,2022-03-17,Immunotherapy,4.0,53.0,Deceased,Low
ONC-01430,71.0,Male,,Stage II,4.81,Current,Occasional,,30.2,2024-06-15,Palliative Care,3.0,7.0,Alive,Medium
ONC-05465,49.0,Female,Lung,Stage I,0.23,Current,Regular,Yes,29.0,2021-12-20,Radiation Therapy,,1.0,Alive,Low
ONC-01265,71.0,Other,Blood (Leukemia),Stage II,2.4,Former,,No,24.9,2023-12-27,Chemotherapy,7.0,,,Critical
ONC-07499,64.0,Male,Ovarian,,2.98,Former,Regular,No,25.0,2015-10-12,Chemotherapy,5.0,7.0,Alive,Critical
ONC-01916,53.0,,Colorectal,Stage IV,4.48,Former,Heavy,No,27.2,2019-11-25,Chemotherapy,4.0,1.0,Alive,High
ONC-03187,73.0,Male,Pancreatic,,1.94,Never,Occasional,Yes,26.6,2021-10-14,Combination Therapy,1.0,13.0,Alive,Medium
ONC-04790,76.0,Female,Liver,Stage IV,0.98,Never,Occasional,No,21.6,2020-05-18,Radiation Therapy,12.0,8.0,Alive,High
ONC-04773,26.0,Other,Pancreatic,Stage II,0.74,Never,Regular,No,22.3,2018-09-11,Immunotherapy,2.0,25.0,Deceased,Low
ONC-00346,43.0,Female,Liver,,3.32,Current,Occasional,Yes,25.0,2024-02-03,Radiation Therapy,,,Alive,Medium
ONC-03067,88.0,Other,Colorectal,Stage II,0.81,Former,Heavy,No,31.0,2024-10-22,Radiation Therapy,7.0,31.0,,High
ONC-03622,63.0,Other,Ovarian,Stage III,1.07,Former,,Yes,23.1,2024-05-24,Immunotherapy,4.0,23.0,Alive,Critical
ONC-02353,,Other,Liver,Stage I,1.49,Current,Heavy,,23.5,2024-03-28,Chemotherapy,5.0,9.0,Alive,
ONC-06509,35.0,Other,Breast,Stage II,0.25,Never,Occasional,No,22.9,2023-05-29,Immunotherapy,,4.0,Deceased,High
ONC-02709,34.0,Male,Colorectal,Stage III,,Former,Regular,No,20.4,2021-03-17,Radiation Therapy,9.0,,Deceased,Medium
ONC-00447,74.0,Male,Colorectal,Stage III,3.23,Never,None,Yes,33.5,2017-05-13,Palliative Care,,,Alive,High
ONC-00963,73.0,Male,Colorectal,,6.97,Former,Occasional,Yes,27.1,2017-04-03,Surgery,5.0,8.0,Deceased,High
ONC-03904,47.0,Other,Breast,Stage II,10.0,Current,Regular,No,25.2,2015-05-08,Immunotherapy,9.0,3.0,Alive,Low
ONC-01203,45.0,Male,,Stage I,,Former,None,No,29.0,2016-06-14,Radiation Therapy,4.0,31.0,Deceased,
ONC-04323,77.0,Other,Breast,Stage III,2.8,Current,None,No,,,Palliative Care,5.0,19.0,Deceased,High
ONC-02832,82.0,Male,Blood (Leukemia),Stage II,0.1,Former,Heavy,No,33.5,2017-12-16,Combination Therapy,9.0,2.0,Deceased,High
ONC-00163,54.0,,Prostate,Stage III,7.63,Former,None,,24.6,2018-03-13,,12.0,18.0,Deceased,Low
ONC-00626,65.0,,Brain,Stage IV,1.88,Former,,Yes,24.4,2024-03-21,Immunotherapy,6.0,22.0,Alive,Medium
ONC-02984,52.0,Other,,Stage III,1.27,Former,,,26.6,2020-02-26,Radiation Therapy,5.0,20.0,Alive,High
ONC-04123,51.0,Female,Colorectal,,10.6,Former,Regular,Yes,22.5,2020-12-07,Palliative Care,,19.0,Alive,Low
ONC-03451,63.0,Other,Colorectal,Stage III,4.59,Former,Heavy,Yes,33.4,2017-04-07,Chemotherapy,,19.0,Alive,Critical
ONC-05273,,,,Stage III,0.45,Former,,,18.1,2020-08-27,Palliative Care,4.0,1.0,Alive,Medium
ONC-03528,72.0,Other,,Stage I,5.55,Current,,No,26.0,2019-02-12,,6.0,0.0,Alive,Medium
ONC-00369,32.0,Other,Ovarian,Stage IV,8.72,,Occasional,No,31.3,2018-05-09,Surgery,10.0,9.0,Alive,Critical
ONC-03954,76.0,Male,,Stage IV,1.49,Current,Regular,No,19.9,2019-03-15,Combination Therapy,,28.0,Alive,Critical
ONC-05099,57.0,Female,Brain,Stage I,4.83,Current,None,Yes,,2021-04-22,,3.0,66.0,Deceased,Low
ONC-03630,51.0,Other,Ovarian,Stage IV,1.43,Never,,No,26.7,2023-07-21,Immunotherapy,6.0,11.0,Alive,Critical
ONC-06169,38.0,Other,Skin (Melanoma),Stage III,3.64,Current,None,No,22.6,2020-08-12,Palliative Care,2.0,16.0,Alive,Low
ONC-05313,54.0,Male,Brain,Stage III,0.82,Current,Regular,,16.9,2017-04-30,Chemotherapy,6.0,1.0,Alive,Medium
ONC-00622,39.0,Female,Pancreatic,Stage I,0.71,Never,Regular,No,26.0,2021-10-11,Combination Therapy,4.0,8.0,Alive,Low
ONC-00096,66.0,Female,Prostate,Stage I,1.51,,Regular,Yes,22.9,2018-03-04,Palliative Care,10.0,1.0,Alive,Low
ONC-01978,74.0,,Colorectal,Stage III,17.62,,Regular,Yes,30.7,,Chemotherapy,10.0,21.0,Deceased,High
ONC-00222,55.0,Male,Pancreatic,Stage III,2.5,,Regular,No,31.0,2021-05-14,Palliative Care,6.0,17.0,Deceased,High
ONC-02726,67.0,Female,Liver,Stage IV,2.5,Never,Heavy,Yes,19.4,2024-10-31,Surgery,5.0,0.0,,Critical
ONC-05961,50.0,Other,Ovarian,Stage IV,0.19,Current,Occasional,Yes,24.8,,Radiation Therapy,4.0,14.0,Alive,Critical
ONC-00713,,Female,Lung,Stage II,2.09,Current,Heavy,No,24.8,2018-03-28,Chemotherapy,9.0,15.0,Deceased,Medium
ONC-06475,61.0,Female,Lung,Stage IV,13.59,Never,Occasional,No,34.2,2023-06-11,Combination Therapy,7.0,3.0,Alive,Critical
ONC-04106,59.0,Female,Liver,Stage I,10.79,Never,Occasional,Yes,28.4,2015-08-22,Surgery,8.0,7.0,Alive,High
ONC-05048,67.0,Male,Lung,Stage IV,1.33,Current,None,No,17.7,2019-08-30,Immunotherapy,6.0,27.0,,Critical
ONC-07322,,Female,Prostate,Stage II,0.7,Current,,No,21.0,2020-03-10,Chemotherapy,4.0,27.0,Alive,
ONC-06052,63.0,Male,Ovarian,Stage III,4.7,Never,None,,24.8,2023-07-11,Immunotherapy,7.0,73.0,Alive,Low
ONC-01498,64.0,Male,Ovarian,Stage I,4.62,Current,Regular,No,30.5,2015-06-07,Chemotherapy,7.0,4.0,Deceased,Medium
ONC-05246,36.0,Male,Lung,Stage III,0.26,Never,Heavy,No,,2019-07-10,Palliative Care,5.0,,Alive,Low
ONC-07229,67.0,Male,Breast,Stage I,3.39,Never,Regular,Yes,26.5,2017-04-28,,10.0,1.0,Deceased,Low
ONC-03506,49.0,Male,Ovarian,Stage III,1.22,Never,Heavy,No,34.8,,Combination Therapy,5.0,34.0,Alive,Critical
ONC-03314,62.0,Other,Blood (Leukemia),Stage II,2.73,Former,Regular,Yes,35.0,2018-12-03,Radiation Therapy,7.0,35.0,Deceased,
ONC-01652,61.0,,Colorectal,Stage I,0.46,Never,Heavy,Yes,,2022-04-12,Radiation Therapy,5.0,8.0,Alive,Low
ONC-03611,57.0,Male,Prostate,Stage III,0.58,Never,Heavy,Yes,29.0,2021-03-17,,4.0,15.0,Alive,Medium
ONC-02579,58.0,Other,Brain,Stage IV,0.1,Current,,Yes,34.5,2017-11-21,Combination Therapy,,5.0,Deceased,Critical
ONC-06820,56.0,Female,Skin (Melanoma),Stage I,1.19,Never,Heavy,No,18.4,2016-11-06,Combination Therapy,11.0,56.0,Deceased,Medium
ONC-04028,73.0,Other,Lung,Stage I,1.19,Former,Occasional,,29.7,2023-07-01,Palliative Care,4.0,21.0,,Critical
ONC-04007,71.0,Male,Blood (Leukemia),,2.93,Current,,No,27.6,2022-05-03,Surgery,9.0,12.0,Alive,Medium
ONC-00787,53.0,Other,Brain,Stage III,1.64,,None,No,22.6,2017-08-19,Immunotherapy,4.0,4.0,Deceased,Low
ONC-01486,42.0,Other,Liver,Stage I,7.72,,Regular,No,21.1,2022-08-18,,,,Deceased,Low
ONC-00296,48.0,Male,Lung,Stage IV,1.65,Never,Occasional,No,27.1,2024-08-27,Palliative Care,6.0,29.0,Alive,Critical
ONC-02375,,Male,Skin (Melanoma),Stage IV,7.85,Former,Heavy,Yes,24.1,2018-08-03,Immunotherapy,7.0,1.0,Alive,High
ONC-06679,81.0,Female,Brain,Stage II,1.77,Former,None,No,28.5,2023-02-02,Palliative Care,12.0,42.0,Alive,High
ONC-06467,69.0,Female,Skin (Melanoma),Stage III,3.33,,Regular,Yes,19.0,2016-09-26,Palliative Care,,14.0,Deceased,High
ONC-04104,61.0,,Colorectal,Stage I,0.37,Former,None,,27.3,2020-12-13,Radiation Therapy,5.0,0.0,Deceased,High
ONC-04269,50.0,Other,Liver,Stage IV,1.02,Never,Occasional,,22.1,2019-10-17,Chemotherapy,5.0,0.0,Alive,Critical
ONC-00664,49.0,Other,Liver,Stage I,0.96,Former,Heavy,No,,2015-03-09,Surgery,5.0,27.0,Alive,Medium
ONC-06627,47.0,,Skin (Melanoma),,0.73,Never,None,Yes,20.7,2022-05-25,Immunotherapy,4.0,8.0,Alive,High
ONC-00685,93.0,Other,Skin (Melanoma),Stage II,0.66,Current,Occasional,,21.7,2015-12-21,,5.0,24.0,Deceased,High
ONC-00173,86.0,Other,Blood (Leukemia),Stage II,0.71,Former,Heavy,Yes,33.7,2024-02-06,Chemotherapy,2.0,8.0,Alive,
ONC-06495,61.0,Female,Prostate,Stage III,2.94,Never,Occasional,Yes,22.8,,Palliative Care,3.0,11.0,,High
ONC-00511,54.0,Female,Ovarian,Stage II,6.0,Former,Regular,No,28.2,2023-09-09,Palliative Care,7.0,120.0,Alive,Critical
ONC-05025,,Male,Breast,Stage I,1.96,Never,Heavy,No,35.3,2017-01-06,Combination Therapy,,4.0,Alive,Low
ONC-01145,57.0,Female,Liver,Stage II,4.24,Never,Regular,No,19.6,2022-12-12,Immunotherapy,1.0,4.0,Alive,Medium
ONC-01114,65.0,Female,Ovarian,Stage I,2.8,Current,Regular,Yes,21.1,2018-08-13,Chemotherapy,4.0,2.0,Alive,Medium
ONC-06712,44.0,Female,Pancreatic,Stage II,6.43,,None,Yes,29.4,2020-02-13,Combination Therapy,14.0,,Alive,Low
ONC-05211,15.0,Female,Prostate,,0.22,Never,Regular,Yes,19.6,2015-03-20,Palliative Care,,13.0,,Medium
ONC-04115,52.0,Male,Brain,Stage I,0.1,Current,Regular,No,24.1,2015-06-05,Immunotherapy,7.0,17.0,Alive,Low
ONC-03132,59.0,Female,Colorectal,Stage II,2.3,Current,Heavy,No,18.3,2023-06-20,Immunotherapy,7.0,4.0,,Low
ONC-01087,53.0,Female,Pancreatic,Stage III,12.52,Former,Occasional,Yes,27.8,2021-05-18,-,4.0,2.0,Alive,Critical
ONC-04637,39.0,Female,Prostate,Stage IV,9.56,Former,Occasional,No,23.2,2016-02-15,Palliative Care,2.0,19.0,Alive,Critical
ONC-00001,65.0,,Lung,Stage I,4.61,Never,,Yes,25.3,,Palliative Care,,16.0,Deceased,Medium
ONC-06460,43.0,Other,Colorectal,Stage IV,0.89,Former,,,25.7,,Combination Therapy,8.0,6.0,Alive,Critical
ONC-06320,56.0,Male,Lung,Stage III,4.66,Former,Occasional,No,30.6,2018-10-01,Immunotherapy,12.0,8.0,Alive,Medium
ONC-05435,,Male,Colorectal,Stage I,,Current,,No,22.5,2017-08-01,Chemotherapy,10.0,19.0,Deceased,Medium
ONC-03477,59.0,Other,Blood (Leukemia),Stage III,7.09,,,No,28.3,2015-06-02,Surgery,8.0,3.0,Alive,Critical
ONC-05430,61.0,Male,Skin (Melanoma),Stage III,7.5,,Occasional,No,25.4,2016-06-21,,9.0,30.0,Alive,Medium
ONC-05958,27.0,Female,Colorectal,Stage III,3.95,Current,Occasional,No,28.1,2017-01-17,Radiation Therapy,7.0,23.0,Deceased,High
ONC-05812,47.0,Other,Blood (Leukemia),Stage IV,5.95,Former,Regular,,17.0,2018-01-26,Surgery,5.0,9.0,Deceased,High
ONC-05479,61.0,Female,Colorectal,Stage I,,Former,None,Yes,26.3,2022-06-02,Surgery,9.0,,Alive,Low
ONC-00474,95.0,Other,Ovarian,Stage IV,,Current,None,No,25.8,2015-12-18,Chemotherapy,8.0,14.0,Alive,Critical
ONC-05353,71.0,Female,,Stage II,4.31,Current,,Yes,20.8,,Surgery,3.0,12.0,Deceased,
ONC-07497,22.0,Other,Breast,Stage I,1.64,Never,Occasional,Yes,,2022-08-14,Combination Therapy,2.0,35.0,Deceased,Medium
ONC-04094,73.0,Female,Lung,Stage I,0.16,,Occasional,Yes,28.9,2015-11-30,,7.0,8.0,Alive,High
ONC-00707,44.0,Male,Prostate,Stage IV,2.13,Never,Regular,No,22.6,2020-04-25,Radiation Therapy,,43.0,Deceased,Critical
ONC-05903,80.0,Male,,Stage I,0.49,Current,Occasional,Yes,30.3,2017-06-22,Chemotherapy,9.0,,Alive,Medium
ONC-07327,56.0,Male,Colorectal,Stage IV,,Never,None,Yes,25.0,2015-05-10,Immunotherapy,6.0,7.0,Deceased,High
ONC-03034,61.0,Other,Breast,Stage II,3.05,Former,None,No,23.1,2015-06-29,Radiation Therapy,8.0,6.0,Alive,High
ONC-02645,50.0,Female,Brain,Stage I,1.9,Never,Regular,Yes,28.2,2016-10-23,Chemotherapy,6.0,9.0,Alive,Low
ONC-07492,91.0,Other,Liver,Stage I,0.1,Never,,No,33.4,2020-03-25,Radiation Therapy,8.0,19.0,Alive,Low
ONC-04778,51.0,Other,Liver,Stage II,,Former,Occasional,No,17.3,2018-03-21,Palliative Care,8.0,,Deceased,
ONC-01194,55.0,Male,Skin (Melanoma),Stage II,0.54,Former,Occasional,,25.4,2021-07-12,Surgery,12.0,19.0,Alive,Low
ONC-05455,20.0,Female,Pancreatic,Stage IV,10.83,Current,Heavy,Yes,,2016-08-03,Radiation Therapy,8.0,59.0,Deceased,High
ONC-06447,40.0,Male,Prostate,Stage I,5.49,Current,Occasional,Yes,25.8,2019-08-31,Chemotherapy,,,Deceased,Medium
ONC-00333,81.0,Female,Ovarian,Stage II,1.34,Never,None,No,30.9,2022-06-06,,,33.0,Alive,Medium
ONC-03845,15.0,Female,Liver,Stage II,1.07,Current,None,No,26.9,2023-03-26,Surgery,9.0,11.0,Alive,Medium
ONC-05698,48.0,Female,Blood (Leukemia),Stage IV,4.54,Never,Regular,Yes,23.8,2017-06-11,Surgery,4.0,19.0,Alive,Critical
ONC-00060,51.0,Female,Liver,Stage I,3.3,Never,Heavy,Yes,24.5,2015-07-25,Radiation Therapy,4.0,6.0,Alive,Low
ONC-02417,37.0,Male,Lung,Stage II,3.08,Former,Regular,No,25.4,2018-07-06,Combination Therapy,12.0,9.0,Alive,High
ONC-03362,54.0,Female,Blood (Leukemia),Stage III,2.66,Former,Heavy,Yes,23.8,2024-12-27,Combination Therapy,9.0,2.0,,High
ONC-01277,40.0,Female,Ovarian,Stage IV,0.87,Current,,,26.3,2020-03-04,Palliative Care,4.0,,Alive,Critical
ONC-03312,75.0,Other,Breast,Stage IV,5.25,Former,None,Yes,22.3,2016-05-15,Radiation Therapy,3.0,23.0,Deceased,Critical
ONC-00148,42.0,Other,Pancreatic,Stage IV,13.0,Former,,No,32.6,2016-09-10,Immunotherapy,8.0,18.0,Alive,Critical
ONC-00616,65.0,Female,Brain,Stage I,1.51,Current,Regular,No,,2016-08-02,Palliative Care,,8.0,Deceased,Low
ONC-06242,52.0,Other,Ovarian,Stage II,5.33,Current,Occasional,Yes,15.0,2016-09-12,Palliative Care,6.0,26.0,Alive,Low
ONC-01242,73.0,Other,Blood (Leukemia),Stage IV,9.42,Former,Heavy,No,28.7,2023-07-01,Immunotherapy,4.0,37.0,,Critical
ONC-00651,85.0,Other,Lung,Stage I,0.1,Never,Heavy,No,21.3,2017-06-17,Palliative Care,3.0,,Alive,Low
ONC-06047,43.0,,Ovarian,Stage III,6.42,Never,,No,22.3,2017-03-17,Surgery,6.0,69.0,Alive,High
ONC-07118,61.0,Other,Liver,,2.66,Never,None,No,19.0,2018-12-23,,4.0,36.0,Deceased,Critical
ONC-01778,44.0,Male,Pancreatic,Stage III,0.78,Former,Heavy,Yes,24.6,2015-02-13,Chemotherapy,7.0,0.0,Alive,Critical
ONC-01261,,Female,Colorectal,,0.23,Former,,No,23.4,2019-05-23,Immunotherapy,2.0,28.0,Alive,Medium
ONC-01864,74.0,Other,Pancreatic,Stage II,4.53,Never,Heavy,No,29.4,2022-02-23,Immunotherapy,7.0,54.0,Deceased,Medium
ONC-02639,72.0,Male,Pancreatic,Stage III,3.35,Current,Occasional,No,,2017-08-14,Surgery,3.0,5.0,Alive,High
ONC-04101,43.0,Male,Brain,Stage II,3.22,Former,Regular,No,20.3,2020-05-11,Combination Therapy,5.0,13.0,Alive,Medium
ONC-03629,47.0,Other,Lung,Stage II,7.7,Current,Occasional,Yes,29.4,2021-07-07,Chemotherapy,11.0,2.0,Deceased,High
ONC-04638,50.0,Male,Colorectal,Stage I,0.16,Never,None,No,32.5,2015-03-24,,3.0,31.0,Alive,Medium
ONC-01286,49.0,Female,Skin (Melanoma),Stage III,1.48,Current,Regular,No,28.3,2022-01-01,Immunotherapy,7.0,25.0,Deceased,Critical
ONC-00351,80.0,Female,Brain,Stage II,1.49,Current,,No,22.5,2015-09-01,Surgery,6.0,20.0,Alive,High
ONC-02382,55.0,,Colorectal,Stage I,4.12,Former,None,,28.3,2020-08-23,Radiation Therapy,9.0,,Deceased,Medium
ONC-02587,47.0,Other,Ovarian,Stage IV,1.15,Current,Regular,Yes,29.9,2019-05-08,Combination Therapy,8.0,16.0,Alive,Medium
ONC-03554,88.0,Male,Blood (Leukemia),Stage IV,1.39,Current,Occasional,No,19.4,2021-01-30,Radiation Therapy,7.0,12.0,Deceased,High
ONC-07318,55.0,Other,Colorectal,Stage I,4.55,,Occasional,Yes,33.3,2015-03-31,Immunotherapy,,120.0,Alive,Low
ONC-05412,63.0,Other,Brain,Stage II,4.62,Never,Heavy,No,28.0,2024-10-20,Combination Therapy,6.0,18.0,Alive,Medium
ONC-05970,52.0,Male,Brain,Stage III,2.1,Current,,Yes,36.0,,Radiation Therapy,5.0,29.0,Deceased,Critical
ONC-06426,83.0,Female,Lung,Stage I,4.99,Former,Regular,Yes,23.8,2015-06-27,Immunotherapy,7.0,1.0,Deceased,High
ONC-05452,85.0,Other,Liver,Stage II,4.7,Never,Occasional,No,26.3,2022-04-01,,9.0,31.0,Alive,
ONC-06061,48.0,Other,Pancreatic,Stage III,1.0,Never,None,Yes,23.7,2023-04-01,Palliative Care,7.0,2.0,Alive,Low
ONC-03767,,,Brain,Stage II,3.69,Never,None,No,24.3,2023-02-01,Radiation Therapy,10.0,0.0,Deceased,Low
ONC-04497,79.0,Male,Colorectal,Stage I,0.47,Never,Occasional,Yes,17.9,2016-07-07,Combination Therapy,11.0,24.0,Alive,Medium
ONC-04248,52.0,Other,Blood (Leukemia),Stage I,4.11,Current,None,No,28.5,2022-03-01,Palliative Care,5.0,11.0,Alive,Low
ONC-02247,55.0,Female,Breast,Stage III,6.43,Never,Regular,Yes,22.7,2018-07-07,Chemotherapy,7.0,2.0,,Critical
ONC-05920,58.0,,Prostate,Stage I,2.5,Current,None,Yes,28.4,2017-05-03,Surgery,4.0,17.0,Deceased,Low
ONC-01749,39.0,Other,Prostate,Stage I,0.18,Never,,Yes,31.5,2015-07-27,Combination Therapy,2.0,32.0,Deceased,Low
ONC-05383,54.0,,Brain,Stage III,2.83,,None,Yes,26.9,,Combination Therapy,6.0,1.0,Alive,Low
ONC-02600,58.0,Other,Blood (Leukemia),Stage I,12.69,Current,Occasional,Yes,27.5,2021-10-29,Radiation Therapy,6.0,0.0,Deceased,Low
ONC-06093,65.0,Female,Brain,Stage IV,1.73,Current,Heavy,No,21.9,2019-11-12,Immunotherapy,5.0,,Alive,High
ONC-04582,54.0,Female,Blood (Leukemia),Stage I,1.24,Current,Regular,No,29.5,2020-06-06,Radiation Therapy,3.0,9.0,Alive,High
ONC-01859,24.0,,Brain,Stage III,1.38,Former,None,Yes,24.7,2024-02-10,Palliative Care,5.0,5.0,Alive,Medium
ONC-04559,61.0,,Ovarian,Stage IV,0.12,Former,Heavy,Yes,19.9,,Palliative Care,4.0,6.0,Alive,Critical
ONC-06168,,Male,,Stage II,0.67,Former,Regular,Yes,22.2,,Immunotherapy,5.0,32.0,Alive,
ONC-03053,59.0,Male,Skin (Melanoma),Stage I,,Current,Regular,,22.2,2022-09-02,Chemotherapy,1.0,44.0,Alive,High
ONC-02723,67.0,Other,Liver,Stage II,0.68,Former,Occasional,Yes,24.4,2020-01-11,,4.0,13.0,Deceased,
ONC-07350,59.0,Male,Lung,Stage II,3.25,Current,Heavy,No,32.7,2015-10-04,Combination Therapy,7.0,3.0,Alive,Low
ONC-06951,31.0,Male,Lung,,0.52,Never,Occasional,Yes,25.7,2022-07-09,Chemotherapy,6.0,15.0,Alive,Medium
ONC-02749,46.0,Female,Skin (Melanoma),Stage I,1.4,Never,Heavy,Yes,34.1,2018-09-03,Combination Therapy,,37.0,Alive,Medium
ONC-02142,30.0,Other,Liver,Stage III,5.21,Current,Occasional,Yes,15.9,2017-07-08,Surgery,5.0,8.0,Alive,Low
ONC-06654,43.0,Male,Blood (Leukemia),Stage I,0.7,Former,Occasional,,18.3,2020-10-10,Combination Therapy,3.0,11.0,Alive,Low
ONC-03167,,Female,Lung,Stage IV,7.79,Current,Occasional,Yes,26.2,2021-12-03,Chemotherapy,7.0,45.0,Alive,High
ONC-04043,77.0,Male,Prostate,Stage I,0.37,Never,Occasional,Yes,22.5,2024-08-27,Combination Therapy,6.0,20.0,,Medium
ONC-00201,48.0,Male,Pancreatic,Stage III,0.53,Former,Occasional,No,25.8,2023-02-27,Radiation Therapy,6.0,5.0,Deceased,High
ONC-03084,49.0,Male,Ovarian,Stage III,,Never,Heavy,Yes,22.2,2017-09-03,Chemotherapy,3.0,32.0,Deceased,
ONC-03250,66.0,Female,Prostate,,4.21,Former,Occasional,Yes,33.9,2022-11-18,Palliative Care,4.0,22.0,Alive,Critical
ONC-06383,69.0,Male,Brain,Stage I,0.19,Former,,No,,2018-09-04,Combination Therapy,6.0,,Deceased,Low
ONC-01773,44.0,Other,Blood (Leukemia),Stage I,5.78,Never,Regular,Yes,17.6,2017-04-18,Chemotherapy,5.0,16.0,Alive,Low
ONC-06163,64.0,Male,Ovarian,Stage IV,2.04,,Regular,Yes,29.9,2021-01-28,Immunotherapy,4.0,82.0,Alive,High
ONC-02148,64.0,Male,,Stage II,8.11,Current,Heavy,No,24.8,2024-08-17,Immunotherapy,5.0,13.0,Deceased,High
ONC-01062,62.0,Other,Pancreatic,Stage III,,Never,None,Yes,23.1,2023-09-21,,8.0,30.0,Alive,Critical
ONC-03027,68.0,Female,Breast,Stage II,0.69,Never,None,No,21.3,,Chemotherapy,5.0,9.0,Alive,Low
ONC-02572,60.0,Female,Colorectal,Stage II,0.18,,None,No,20.7,2019-07-04,Radiation Therapy,3.0,37.0,Deceased,High
ONC-06833,39.0,Other,Blood (Leukemia),Stage II,0.35,Former,Regular,Yes,,2020-05-30,Surgery,2.0,6.0,Deceased,Critical
ONC-06847,83.0,Female,Prostate,Stage IV,3.38,Current,None,Yes,32.2,2024-06-22,Radiation Therapy,4.0,21.0,Alive,Medium
ONC-05535,48.0,,Liver,Stage II,9.74,Former,,Yes,30.8,2017-02-25,Palliative Care,7.0,8.0,Deceased,Low
ONC-03374,59.0,Male,Lung,Stage IV,4.49,Current,None,No,27.1,2021-03-28,Surgery,8.0,6.0,Alive,Critical
ONC-01119,,Female,Lung,Stage I,3.46,Never,Heavy,Yes,33.8,2020-07-04,Surgery,,49.0,Alive,Low
ONC-02625,,Female,Breast,Stage IV,1.31,Former,,Yes,22.0,,,10.0,1.0,Alive,Low
ONC-00748,67.0,Female,Liver,Stage II,6.85,Former,None,No,35.1,2022-05-27,Combination Therapy,7.0,,Alive,Medium
ONC-01882,68.0,Female,Lung,Stage II,8.1,Current,None,Yes,30.0,2016-12-10,Surgery,,6.0,Deceased,High
ONC-07407,39.0,Male,,Stage I,6.47,Current,Heavy,No,,2024-12-28,Palliative Care,6.0,26.0,Deceased,Medium
ONC-02087,49.0,,Skin (Melanoma),Stage IV,1.12,Current,Heavy,Yes,27.7,,,8.0,15.0,,
ONC-05180,58.0,Female,,Stage III,0.4,Never,Regular,Yes,35.1,2016-08-08,Immunotherapy,7.0,13.0,Alive,Medium
ONC-06030,54.0,Female,Lung,Stage II,3.03,Current,Occasional,,32.1,2022-09-24,Chemotherapy,14.0,3.0,Alive,Medium
ONC-05731,29.0,,Pancreatic,Stage I,13.87,Current,,Yes,17.2,2020-07-10,Immunotherapy,3.0,0.0,Deceased,Low
ONC-03074,64.0,Other,Brain,Stage III,6.03,Never,Regular,Yes,22.1,2023-08-03,Immunotherapy,2.0,1.0,,High
ONC-06565,58.0,Male,Breast,Stage IV,0.8,Former,None,No,29.9,2019-04-09,Chemotherapy,3.0,36.0,Alive,High
ONC-07488,63.0,,Colorectal,Stage III,12.03,Never,Heavy,Yes,23.6,2019-09-01,Combination Therapy,4.0,13.0,Alive,Low
ONC-01011,59.0,Female,Pancreatic,Stage II,6.75,Former,Regular,,23.5,2019-10-19,Combination Therapy,7.0,8.0,Deceased,Medium
ONC-01307,49.0,Female,Skin (Melanoma),Stage II,10.06,Never,Occasional,No,25.0,2024-11-28,Chemotherapy,6.0,26.0,Alive,Medium
ONC-00463,83.0,Male,Brain,Stage IV,1.85,,Regular,No,22.6,2022-05-02,Chemotherapy,,12.0,Alive,Critical
ONC-02517,44.0,Female,Prostate,Stage I,1.16,Current,None,,23.9,,Immunotherapy,7.0,41.0,Alive,Low
ONC-02022,33.0,Male,Brain,Stage II,5.14,Former,None,Yes,25.6,2023-08-23,Palliative Care,7.0,5.0,Deceased,Critical
ONC-06196,65.0,Male,Ovarian,Stage I,1.97,Never,Heavy,,23.8,2017-02-16,Radiation Therapy,8.0,6.0,Alive,Medium
ONC-00988,40.0,Other,Breast,Stage III,2.5,Never,Occasional,,28.4,2019-10-16,Palliative Care,6.0,13.0,Deceased,High
ONC-01725,36.0,Female,Lung,Stage III,0.23,Never,,Yes,23.1,2020-04-22,Combination Therapy,2.0,13.0,Alive,Medium
ONC-05950,77.0,Other,Colorectal,Stage IV,14.92,Former,Occasional,Yes,30.5,2022-12-06,Combination Therapy,5.0,,Alive,Critical
ONC-03223,42.0,Female,Breast,Stage II,2.69,Former,,Yes,26.5,2022-05-19,Surgery,10.0,5.0,Deceased,Critical
ONC-07168,48.0,Female,Ovarian,Stage I,0.71,Former,None,No,36.2,2021-01-09,Radiation Therapy,11.0,11.0,Alive,Critical
ONC-03324,66.0,Male,Prostate,Stage II,2.89,Never,Heavy,No,28.6,2015-09-06,Surgery,2.0,5.0,Deceased,Low
ONC-07262,80.0,Other,Lung,Stage I,0.78,Never,Occasional,Yes,26.2,2022-09-12,Palliative Care,8.0,40.0,Alive,Low
ONC-05284,56.0,Female,Liver,Stage IV,2.61,Never,None,Yes,30.9,2017-01-07,Radiation Therapy,14.0,,Alive,High
ONC-04551,67.0,Other,Pancreatic,Stage I,3.25,Former,Occasional,No,28.2,2015-07-26,Palliative Care,8.0,25.0,,Medium
ONC-02324,48.0,Male,Blood (Leukemia),Stage III,0.9,Current,,Yes,32.0,2015-03-16,Chemotherapy,5.0,,Alive,Medium
ONC-04422,52.0,Other,Ovarian,Stage IV,2.36,Former,Heavy,,31.0,2023-09-23,Palliative Care,7.0,,Deceased,Critical
ONC-06514,56.0,Other,Lung,Stage I,0.63,Current,None,Yes,22.3,2020-05-23,Chemotherapy,11.0,2.0,Alive,Critical
ONC-01461,52.0,Other,Blood (Leukemia),Stage II,0.98,Never,Heavy,,28.8,2020-07-29,Combination Therapy,9.0,6.0,Alive,Medium
ONC-04114,52.0,Male,Liver,Stage III,6.65,Current,Heavy,No,25.4,2017-11-09,Palliative Care,7.0,,Deceased,Critical
ONC-00471,33.0,Male,Skin (Melanoma),Stage II,1.14,Former,None,,29.0,2019-08-26,Radiation Therapy,,9.0,Deceased,Low
ONC-06704,47.0,Male,Ovarian,Stage II,0.43,,Heavy,No,12.0,2024-12-18,Immunotherapy,7.0,10.0,Deceased,Medium
ONC-06755,40.0,Male,Colorectal,Stage II,0.1,Current,Heavy,Yes,31.7,2018-02-18,Radiation Therapy,7.0,,Alive,High
ONC-01875,44.0,,Liver,Stage III,0.75,Never,Regular,Yes,25.7,2021-03-15,,10.0,33.0,Alive,High
ONC-04556,59.0,Male,,Stage II,4.85,Never,None,No,24.4,2018-09-06,Chemotherapy,7.0,7.0,Alive,Medium
ONC-04969,50.0,Female,Breast,Stage III,3.19,Former,Heavy,No,30.9,2019-04-05,Immunotherapy,7.0,24.0,Alive,Low
ONC-01667,44.0,Male,Prostate,Stage II,0.77,Never,Heavy,Yes,20.8,2016-02-08,Palliative Care,7.0,2.0,Alive,High
ONC-03614,57.0,Other,,Stage III,0.88,,,Yes,28.9,2015-08-16,Palliative Care,6.0,19.0,Alive,High
ONC-02702,37.0,Female,Lung,Stage I,9.68,Never,Occasional,,20.4,2023-10-22,Combination Therapy,5.0,,,Low
ONC-06913,53.0,Female,Ovarian,Stage I,0.19,Never,None,No,31.6,2016-03-04,Radiation Therapy,7.0,19.0,Deceased,Low
ONC-06375,62.0,Other,Skin (Melanoma),Stage IV,15.49,Former,Regular,Yes,27.5,2024-09-01,Chemotherapy,,13.0,,Medium
ONC-07092,,Other,Ovarian,Stage IV,2.92,Current,None,No,24.9,2015-08-10,Chemotherapy,7.0,,Deceased,High
ONC-02837,52.0,,Colorectal,Stage I,,Never,None,Yes,20.6,2020-11-25,Combination Therapy,3.0,6.0,Alive,Low
ONC-01385,80.0,Female,Skin (Melanoma),Stage III,1.63,Current,Regular,No,29.8,2020-01-17,Radiation Therapy,4.0,20.0,Alive,Medium
ONC-06461,30.0,Female,Ovarian,Stage IV,4.1,Former,Occasional,Yes,14.7,2024-02-15,Radiation Therapy,2.0,32.0,Alive,Medium
ONC-02642,64.0,Other,Blood (Leukemia),Stage I,1.1,Current,Regular,Yes,33.3,2021-07-16,Immunotherapy,3.0,12.0,,Low
ONC-04353,,Other,Breast,,0.11,Current,Regular,Yes,27.3,2016-01-17,Surgery,4.0,32.0,Deceased,Critical
ONC-00916,67.0,Male,Ovarian,Stage III,0.18,Current,None,Yes,36.4,,Radiation Therapy,6.0,24.0,Alive,Medium
ONC-01223,50.0,Male,Breast,Stage IV,0.83,Former,Heavy,Yes,24.7,2019-08-01,Surgery,11.0,4.0,Alive,Low
ONC-05697,50.0,Other,Pancreatic,Stage II,7.76,Current,Occasional,Yes,28.1,2023-07-03,Chemotherapy,11.0,3.0,Deceased,Medium
ONC-03342,83.0,Female,Blood (Leukemia),Stage III,0.1,Current,Heavy,Yes,25.2,2017-12-11,Combination Therapy,4.0,12.0,Alive,Critical
ONC-06042,55.0,,,Stage IV,14.35,Never,None,Yes,,2017-01-02,Chemotherapy,3.0,14.0,Deceased,Low
ONC-04992,16.0,Male,Liver,Stage IV,2.56,Never,Occasional,,24.8,2017-02-09,Surgery,4.0,23.0,Deceased,Critical
ONC-06008,39.0,Other,Brain,Stage III,3.63,,Occasional,No,34.6,2016-04-14,Immunotherapy,15.0,22.0,Alive,High
ONC-00741,27.0,Female,,Stage II,4.76,Never,Occasional,No,19.8,2023-02-18,Immunotherapy,5.0,15.0,Alive,Medium
ONC-00130,75.0,Male,Pancreatic,Stage IV,5.77,Former,Heavy,No,19.9,2022-06-17,Radiation Therapy,5.0,25.0,Alive,High
ONC-02035,67.0,,Liver,Stage I,2.5,Former,Occasional,Yes,20.3,,Radiation Therapy,11.0,4.0,Deceased,Low
ONC-01641,25.0,Other,Lung,Stage I,5.34,Former,Heavy,Yes,21.4,2018-04-15,Chemotherapy,5.0,3.0,Deceased,Low
ONC-07114,,Female,Skin (Melanoma),Stage II,0.24,Former,Occasional,No,28.3,2020-01-04,Palliative Care,,,Alive,High
ONC-02009,39.0,Male,Skin (Melanoma),Stage III,2.42,Never,Regular,No,27.8,2019-03-08,,,8.0,Deceased,Medium
ONC-04868,31.0,,Blood (Leukemia),Stage I,4.67,Never,None,No,29.9,2019-12-21,Chemotherapy,1.0,3.0,Alive,Low
ONC-06781,47.0,Other,Skin (Melanoma),Stage III,7.43,Former,Regular,Yes,18.1,2017-09-04,Palliative Care,5.0,35.0,Alive,Medium
ONC-04964,42.0,Male,Liver,Stage I,1.74,Former,None,Yes,28.9,2016-10-09,Palliative Care,6.0,12.0,,
ONC-04176,56.0,Other,,Stage IV,1.86,Never,Occasional,No,24.8,2023-02-21,Surgery,5.0,6.0,Alive,High
ONC-01118,72.0,,Brain,Stage I,1.64,Never,None,Yes,28.3,2018-03-02,Radiation Therapy,5.0,,Deceased,
ONC-02533,48.0,Other,Brain,Stage I,2.38,Current,Regular,Yes,30.7,,Surgery,2.0,27.0,,Low
ONC-06818,72.0,Other,Skin (Melanoma),Stage III,,Current,Heavy,No,,2019-01-16,Radiation Therapy,6.0,18.0,Alive,Critical
ONC-03711,75.0,Male,Blood (Leukemia),Stage IV,,Former,Occasional,,18.7,,,7.0,0.0,Alive,Critical
ONC-03402,65.0,,Ovarian,Stage III,3.83,Never,Occasional,No,27.7,2015-01-18,Surgery,3.0,17.0,Deceased,Critical
ONC-00843,,Other,Liver,Stage IV,1.42,,Heavy,,15.4,2022-09-23,Immunotherapy,2.0,2.0,Deceased,Critical
ONC-00832,35.0,Female,Breast,Stage I,2.62,Former,Occasional,,29.2,2015-09-09,,11.0,13.0,Deceased,Low
ONC-01018,74.0,Female,Colorectal,,10.48,Former,Regular,Yes,24.1,2015-01-10,Palliative Care,4.0,29.0,Alive,Low
ONC-07480,55.0,Other,Skin (Melanoma),Stage II,3.49,,Heavy,,29.6,2019-05-28,Chemotherapy,6.0,70.0,Alive,Critical
ONC-03022,49.0,Female,Skin (Melanoma),,3.47,Current,None,Yes,37.3,2015-07-14,Combination Therapy,9.0,20.0,Deceased,Low
ONC-05222,57.0,,Prostate,Stage III,0.65,,None,No,30.4,2019-02-27,Immunotherapy,6.0,,,Low
ONC-00841,,Female,Blood (Leukemia),Stage II,0.27,Former,None,Yes,28.3,2022-12-24,Immunotherapy,,11.0,Deceased,
ONC-05691,38.0,Female,Pancreatic,Stage IV,1.81,Former,Occasional,No,28.8,2019-09-29,Palliative Care,9.0,20.0,Alive,
ONC-01702,46.0,Female,Liver,Stage I,1.5,Never,Occasional,Yes,26.6,2021-12-18,Palliative Care,,4.0,Alive,Medium
ONC-01376,47.0,Female,Lung,Stage II,4.69,Never,,Yes,32.5,2016-02-14,Combination Therapy,4.0,9.0,Alive,Medium
ONC-06621,62.0,Male,Breast,Stage III,0.14,Current,Heavy,No,23.9,2017-12-04,Radiation Therapy,6.0,56.0,Alive,Medium
ONC-02137,,Female,Pancreatic,Stage I,0.47,Never,Occasional,Yes,23.0,2020-03-10,Immunotherapy,6.0,32.0,Alive,Low
ONC-02125,53.0,Other,Pancreatic,Stage IV,2.55,Former,Occasional,,39.9,2016-11-06,Immunotherapy,10.0,38.0,Alive,Medium
ONC-00193,74.0,Other,Brain,,2.77,Never,None,Yes,25.4,,Palliative Care,3.0,8.0,Deceased,Critical
ONC-01529,91.0,Male,Lung,Stage II,1.75,Never,Heavy,Yes,26.7,2017-05-11,Surgery,12.0,11.0,Deceased,Low
ONC-02706,74.0,Male,Liver,Stage IV,2.81,Never,,Yes,31.9,2016-02-29,Immunotherapy,,54.0,Alive,Critical
ONC-05193,52.0,Female,,Stage II,2.19,Current,Occasional,Yes,25.0,2022-12-30,Immunotherapy,7.0,3.0,Alive,Critical
ONC-04472,48.0,Other,Blood (Leukemia),Stage I,5.31,Current,,No,25.1,2022-04-05,Combination Therapy,2.0,27.0,Deceased,Low
ONC-01269,51.0,Other,Lung,Stage I,1.39,Current,,Yes,28.6,,Palliative Care,,36.0,Deceased,Low
ONC-00537,68.0,Female,Liver,,2.75,Never,Heavy,No,25.0,,Radiation Therapy,6.0,5.0,Alive,High
ONC-06386,48.0,Female,Pancreatic,Stage IV,1.71,Former,Heavy,Yes,28.9,2021-01-17,Chemotherapy,8.0,13.0,Alive,Critical
ONC-00786,,Male,Pancreatic,Stage I,2.92,Former,Heavy,Yes,34.5,2022-12-31,Immunotherapy,4.0,18.0,Deceased,Low
ONC-01280,57.0,Other,,Stage II,7.7,Former,Heavy,Yes,33.7,2018-04-30,Surgery,7.0,7.0,,Medium
ONC-04846,50.0,Male,Liver,Stage II,0.59,Current,,No,,2015-10-28,Chemotherapy,5.0,3.0,Alive,Medium
ONC-01052,52.0,Male,Prostate,Stage III,,Never,Heavy,Yes,29.7,2015-10-12,Chemotherapy,,6.0,Alive,Low
ONC-02462,55.0,Other,Prostate,Stage I,1.94,Former,,Yes,27.3,2022-10-27,Immunotherapy,,64.0,Alive,Low
ONC-05155,48.0,Male,Prostate,Stage IV,3.84,Never,,No,22.3,2022-08-14,Surgery,9.0,3.0,Alive,Medium
ONC-04131,63.0,Female,Pancreatic,Stage I,11.48,Never,Heavy,Yes,,2023-12-22,Immunotherapy,,,Alive,Low
ONC-04169,55.0,Other,Pancreatic,Stage I,0.23,Current,Regular,Yes,32.9,2024-05-03,Chemotherapy,4.0,45.0,Alive,Medium
ONC-04018,,Other,Prostate,Stage III,0.45,,,No,22.3,2016-06-29,,,9.0,,Low
ONC-06255,64.0,Male,Skin (Melanoma),Stage II,4.25,Current,Occasional,No,25.2,2016-02-27,Radiation Therapy,5.0,46.0,Deceased,Low
ONC-03940,72.0,,Colorectal,Stage IV,0.47,,Regular,Yes,28.0,2024-11-08,Surgery,6.0,,Alive,High
ONC-05194,54.0,Male,Skin (Melanoma),Stage I,2.58,Former,None,No,24.9,2022-09-06,Chemotherapy,8.0,20.0,Alive,Low
ONC-03120,60.0,Male,Blood (Leukemia),Stage II,5.77,Never,Occasional,Yes,,2019-10-01,Combination Therapy,9.0,34.0,Deceased,Medium
ONC-03507,60.0,,Pancreatic,Stage IV,0.1,Current,None,Yes,22.1,2018-10-27,Chemotherapy,5.0,4.0,Alive,Low
ONC-01791,55.0,Female,Prostate,Stage II,7.54,,None,Yes,12.0,2017-09-18,,10.0,16.0,Deceased,Critical
ONC-03497,54.0,Male,Blood (Leukemia),Stage IV,3.48,,Occasional,Yes,34.6,2024-08-08,,7.0,33.0,,High
ONC-03422,,Other,Liver,Stage II,3.6,Never,Heavy,No,26.1,2022-03-24,Palliative Care,9.0,,Deceased,Low
ONC-05556,,Male,Colorectal,Stage IV,0.58,Current,Heavy,Yes,28.1,2019-01-22,Radiation Therapy,9.0,0.0,Deceased,High
ONC-03321,82.0,Male,,Stage I,0.24,,Occasional,Yes,33.6,2022-12-12,Radiation Therapy,6.0,,Deceased,Low
ONC-04341,51.0,,,Stage IV,0.26,Never,Occasional,No,32.7,2021-01-16,Chemotherapy,,22.0,,High
ONC-02124,76.0,Other,Skin (Melanoma),Stage I,1.84,Never,Heavy,No,27.0,,Combination Therapy,7.0,17.0,,High
ONC-01550,77.0,Male,Skin (Melanoma),Stage I,,Former,Occasional,No,22.1,2024-07-04,,2.0,15.0,Alive,Low
ONC-05322,23.0,Male,Blood (Leukemia),Stage IV,0.14,,None,Yes,,2020-05-12,Surgery,2.0,,Alive,Critical
ONC-00861,41.0,Female,Prostate,Stage III,4.08,Never,Occasional,Yes,30.4,2019-03-10,Combination Therapy,4.0,28.0,Deceased,High
ONC-02968,58.0,Other,Breast,Stage II,1.6,,Regular,No,26.1,2017-05-08,Radiation Therapy,3.0,,Alive,Medium
ONC-04098,56.0,Female,Lung,Stage III,3.41,Never,Regular,No,28.4,,Palliative Care,3.0,14.0,Alive,Low
ONC-04310,54.0,Female,Pancreatic,Stage IV,19.92,Former,Occasional,,28.0,2016-03-27,Radiation Therapy,1.0,11.0,Alive,High
ONC-01408,65.0,Female,Colorectal,Stage I,,Former,Regular,Yes,17.9,2020-02-15,Surgery,,37.0,Alive,
ONC-02897,,Other,Pancreatic,,2.32,Never,,Yes,20.9,2022-09-08,Combination Therapy,3.0,32.0,Alive,High
ONC-03842,61.0,Other,Prostate,Stage II,1.17,Former,Regular,Yes,21.5,2017-03-14,Chemotherapy,,2.0,Deceased,High
ONC-02029,79.0,Male,,Stage II,0.11,,None,Yes,24.6,2021-01-24,Radiation Therapy,9.0,15.0,Deceased,Low
ONC-05507,,,Liver,Stage IV,5.73,Current,None,No,37.6,2022-09-21,Immunotherapy,3.0,26.0,Alive,Critical
ONC-06002,61.0,Other,Skin (Melanoma),Stage IV,2.4,Current,Heavy,No,20.5,2023-08-28,Surgery,,16.0,Alive,High
ONC-00428,54.0,Male,Ovarian,Stage II,6.73,Current,None,No,,,Combination Therapy,9.0,0.0,Alive,Critical
ONC-01209,77.0,Female,Prostate,Stage III,7.32,Current,Occasional,No,29.2,2016-06-15,Combination Therapy,7.0,34.0,Alive,Low
ONC-02588,46.0,,Lung,Stage II,,Current,Regular,No,22.3,2018-06-07,Immunotherapy,7.0,3.0,,Medium
ONC-03836,54.0,Male,Skin (Melanoma),Stage II,3.7,Former,Heavy,Yes,24.0,2015-11-20,,10.0,3.0,Alive,Medium
ONC-01876,54.0,Other,Prostate,Stage III,0.1,Never,Occasional,No,,2021-03-27,Radiation Therapy,9.0,3.0,Alive,High
ONC-00390,,Other,Liver,Stage IV,0.79,,Occasional,,23.9,2023-02-23,Palliative Care,4.0,8.0,Alive,
ONC-00617,,Female,Brain,,1.01,Current,Regular,,22.7,2015-07-27,,5.0,,Alive,Low
ONC-00718,52.0,Female,Breast,Stage I,5.27,Current,Heavy,Yes,28.5,2022-05-02,Palliative Care,7.0,16.0,Deceased,Low
ONC-04986,66.0,Other,Liver,Stage II,2.95,Current,Heavy,No,21.9,2015-04-22,Combination Therapy,9.0,23.0,Alive,Medium
ONC-00373,,Male,Breast,Stage IV,1.32,Never,,Yes,,2021-04-23,Surgery,9.0,1.0,,Medium
ONC-05259,52.0,Other,Colorectal,Stage III,3.37,Current,Heavy,Yes,19.6,2022-04-25,Chemotherapy,5.0,2.0,Alive,High
ONC-04523,63.0,Male,Liver,Stage I,4.22,Never,None,Yes,19.0,2020-01-26,Chemotherapy,11.0,22.0,Alive,Low
ONC-03824,,Other,Lung,,3.96,Former,Occasional,Yes,27.7,2016-02-24,Radiation Therapy,9.0,12.0,Alive,Low
ONC-00319,45.0,Other,,Stage III,2.15,,None,Yes,25.9,2015-12-20,Immunotherapy,,6.0,Alive,High
ONC-07163,,Other,Brain,Stage II,2.25,Never,Regular,No,21.2,2015-05-26,Radiation Therapy,5.0,32.0,Alive,Medium
ONC-04985,43.0,,Ovarian,Stage IV,0.1,,Occasional,Yes,21.9,2017-03-21,Chemotherapy,8.0,37.0,Deceased,High
ONC-00005,48.0,Other,Brain,Stage III,0.46,,None,No,35.3,2015-11-19,Combination Therapy,4.0,12.0,Alive,Critical
ONC-01796,33.0,Other,Brain,Stage IV,6.59,Former,Regular,No,29.5,2016-01-03,Combination Therapy,,2.0,Alive,Critical
ONC-05030,46.0,Other,Lung,Stage III,1.26,Never,None,No,33.1,,Surgery,2.0,6.0,,Medium
ONC-06943,37.0,Male,Brain,Stage II,10.26,Former,Heavy,Yes,21.2,2018-08-14,Combination Therapy,5.0,9.0,Alive,Medium
ONC-01643,77.0,Female,Brain,Stage II,0.33,Former,Occasional,Yes,20.9,2015-03-12,Chemotherapy,,39.0,Alive,Low
ONC-03231,66.0,Other,Skin (Melanoma),Stage I,5.15,Former,Heavy,,22.6,,Radiation Therapy,,,Alive,Low
ONC-00688,74.0,,Ovarian,Stage I,7.97,Former,,No,23.1,2020-07-21,Chemotherapy,3.0,13.0,Alive,
ONC-07379,75.0,Male,Breast,Stage I,2.74,,Heavy,Yes,29.3,2017-12-05,Radiation Therapy,7.0,26.0,Alive,Low
ONC-06515,75.0,Other,Prostate,Stage IV,0.97,Former,Occasional,Yes,23.2,2016-01-07,Combination Therapy,7.0,22.0,Deceased,High
ONC-05415,57.0,Male,Brain,Stage III,3.78,Current,Heavy,Yes,31.7,2022-06-15,Combination Therapy,5.0,30.0,Alive,High
ONC-03059,52.0,Other,Colorectal,Stage III,3.61,Never,Heavy,No,28.2,2019-08-08,Combination Therapy,5.0,13.0,Alive,High
ONC-03550,35.0,Female,Skin (Melanoma),Stage I,4.98,Never,,Yes,19.8,2020-07-23,Surgery,8.0,7.0,Deceased,Low
ONC-04903,,,Pancreatic,,0.96,,Regular,No,24.5,2018-04-16,Radiation Therapy,9.0,10.0,Alive,
ONC-02986,78.0,Female,Colorectal,Stage III,3.73,Never,Regular,No,24.2,,Combination Therapy,10.0,2.0,Alive,Medium
ONC-02317,76.0,Male,Blood (Leukemia),Stage I,0.8,Never,None,Yes,35.2,2015-03-16,Combination Therapy,2.0,28.0,,Medium
ONC-05817,65.0,,Liver,Stage I,8.11,Current,Heavy,No,35.6,2021-10-21,Surgery,6.0,,Alive,Medium
ONC-00360,83.0,,Brain,Stage II,0.2,,Regular,Yes,21.7,2018-07-29,Radiation Therapy,,0.0,Deceased,Low
ONC-01339,48.0,Female,Skin (Melanoma),Stage I,3.24,Never,Occasional,No,27.1,2018-05-26,Combination Therapy,5.0,48.0,Alive,Medium
ONC-04185,43.0,,Breast,Stage II,1.77,Never,None,Yes,29.9,2016-10-08,Surgery,3.0,6.0,Deceased,High
ONC-05694,82.0,Female,Colorectal,Stage III,1.84,,Occasional,Yes,25.8,,Immunotherapy,4.0,36.0,Alive,Medium
ONC-00975,21.0,Male,Blood (Leukemia),Stage IV,1.12,Current,Regular,No,30.1,2022-07-09,Surgery,12.0,,Alive,Critical
ONC-00666,76.0,,Lung,Stage I,4.23,Current,,No,26.0,,Surgery,4.0,28.0,Alive,Medium
ONC-07168,48.0,Female,Ovarian,Stage I,0.71,Former,None,No,36.2,2021-01-09,Radiation Therapy,10.0,11.0,Alive,Critical
ONC-02493,63.0,Other,,,4.8,Former,None,Yes,27.7,2023-06-17,Radiation Therapy,7.0,,Alive,Medium
ONC-01290,64.0,,Breast,Stage II,0.1,Former,Heavy,No,35.8,2018-05-24,Combination Therapy,8.0,1.0,,Medium
ONC-02332,63.0,Female,Ovarian,Stage II,0.11,Never,None,No,30.4,2015-10-12,Palliative Care,6.0,35.0,Alive,Medium
ONC-06125,51.0,Female,Colorectal,Stage I,3.29,Never,,Yes,29.4,,Chemotherapy,4.0,15.0,Deceased,Medium
ONC-07037,40.0,Male,,Stage III,,Former,Regular,No,24.2,,Immunotherapy,4.0,8.0,Alive,Low
ONC-01041,,Female,Ovarian,,15.18,Current,Occasional,,33.1,2015-07-06,Combination Therapy,10.0,9.0,Alive,Low
ONC-02714,52.0,Female,Ovarian,Stage IV,1.25,Former,Occasional,,29.3,2022-10-26,Surgery,9.0,24.0,Deceased,Critical
ONC-07185,43.0,Other,Liver,Stage IV,1.52,Never,Occasional,No,28.2,2024-12-30,Combination Therapy,6.0,28.0,Alive,Critical
ONC-05498,73.0,Female,Prostate,Stage III,3.78,Former,Heavy,Yes,31.6,2016-04-28,Chemotherapy,1.0,2.0,Alive,Medium
ONC-00722,29.0,Female,Prostate,Stage III,3.56,Former,Heavy,,25.4,2015-07-19,Radiation Therapy,3.0,6.0,Alive,Medium
ONC-04668,56.0,Other,Lung,Stage III,1.55,Current,Occasional,Yes,23.9,2019-01-24,Chemotherapy,7.0,1.0,Alive,Medium
ONC-06527,64.0,Other,Blood (Leukemia),Stage II,0.1,Current,None,Yes,,2018-06-23,Combination Therapy,2.0,2.0,Deceased,High
ONC-02379,61.0,Female,Blood (Leukemia),Stage III,2.01,Former,Occasional,Yes,34.7,2019-01-06,Surgery,4.0,21.0,Alive,High
ONC-05293,44.0,Male,Breast,Stage II,3.5,Never,Occasional,,33.3,2015-05-16,Surgery,4.0,10.0,Alive,
ONC-03016,,Other,Lung,Stage IV,7.29,Never,Occasional,Yes,28.6,,Surgery,7.0,25.0,Alive,High
ONC-00740,53.0,Female,Lung,Stage I,0.93,Current,None,Yes,27.2,2015-09-23,Radiation Therapy,6.0,10.0,Deceased,Low
ONC-04650,62.0,Other,Blood (Leukemia),Stage II,0.34,Never,Regular,No,29.1,2015-08-27,,7.0,,Alive,High
ONC-00730,,NA,Liver,Stage I,13.88,Current,,No,29.0,,Radiation Therapy,4.0,17.0,Alive,Low
ONC-00922,63.0,Other,Colorectal,Stage III,,Current,Heavy,Yes,28.0,2021-10-08,Combination Therapy,4.0,22.0,Deceased,High
ONC-00969,32.0,Female,Breast,Stage IV,0.19,Current,Occasional,,30.2,2021-10-01,Surgery,12.0,53.0,Deceased,Critical
ONC-03243,51.0,Male,Colorectal,Stage II,1.67,Former,None,No,26.6,2018-07-01,Immunotherapy,13.0,29.0,Alive,Medium
ONC-01353,36.0,Other,Liver,Stage IV,2.27,,Occasional,Yes,26.0,2021-11-02,Combination Therapy,3.0,,Alive,High
ONC-00934,67.0,Female,Breast,Stage I,8.48,Former,None,Yes,20.4,2015-07-19,Immunotherapy,8.0,9.0,,Low
ONC-00442,72.0,Other,,Stage III,2.8,Current,Regular,Yes,28.3,2023-10-17,Palliative Care,8.0,2.0,Alive,High
ONC-02351,52.0,Male,,Stage IV,1.75,Former,None,Yes,21.9,2015-06-29,Chemotherapy,3.0,50.0,Alive,High
ONC-03032,,Other,Skin (Melanoma),Stage III,0.6,Never,Regular,Yes,18.9,2021-03-29,,,21.0,Deceased,High
ONC-01095,81.0,Male,Pancreatic,Stage II,6.42,Current,Heavy,No,27.2,2017-10-29,Palliative Care,2.0,29.0,Alive,Low
ONC-03481,,Female,Liver,Stage I,0.1,Former,Regular,No,24.9,2018-12-07,Radiation Therapy,,58.0,Alive,Medium
ONC-02802,50.0,Female,Liver,Stage III,0.1,Never,Heavy,No,28.9,,Radiation Therapy,7.0,4.0,Alive,
ONC-05775,90.0,Other,Breast,Stage IV,0.23,Current,Heavy,No,23.5,2022-12-11,Surgery,5.0,8.0,Alive,
ONC-02523,67.0,Female,Ovarian,Stage III,8.1,Former,None,Yes,25.7,2018-08-07,Immunotherapy,,21.0,Alive,High
ONC-00427,44.0,Female,,Stage III,0.26,Never,None,No,27.6,2020-02-17,Palliative Care,5.0,43.0,Alive,
ONC-02433,31.0,Male,Prostate,Stage III,4.56,Current,Regular,No,24.0,2015-11-25,,3.0,11.0,Alive,Medium
ONC-06974,,Male,Prostate,Stage II,,Former,Regular,Yes,32.1,2023-07-01,Combination Therapy,8.0,4.0,Alive,High
ONC-05267,45.0,Female,Ovarian,Stage IV,0.63,Former,Regular,Yes,25.3,2016-07-03,Chemotherapy,9.0,7.0,Alive,High
ONC-05111,81.0,Female,Colorectal,Stage III,10.46,Current,None,Yes,27.6,,Radiation Therapy,4.0,10.0,Deceased,
ONC-02907,59.0,,Blood (Leukemia),Stage I,1.65,Former,None,Yes,21.2,2021-02-12,Radiation Therapy,3.0,3.0,Alive,Low
ONC-01243,,Male,Prostate,Stage I,1.49,Current,Regular,No,24.1,2019-04-03,Radiation Therapy,6.0,14.0,Alive,Low
ONC-01750,47.0,,Ovarian,Stage I,5.21,,Regular,Yes,23.2,2017-11-29,Radiation Therapy,8.0,6.0,Alive,Low
ONC-02173,79.0,,Pancreatic,Stage III,6.88,Never,Occasional,,34.2,2016-02-29,Combination Therapy,4.0,0.0,Deceased,High
ONC-06908,58.0,Other,Ovarian,Stage II,7.13,Former,Heavy,Yes,29.3,2023-08-08,Combination Therapy,8.0,5.0,Deceased,Critical
ONC-00464,60.0,Other,Colorectal,Stage III,1.91,Current,None,No,25.8,2019-01-30,Combination Therapy,10.0,12.0,Alive,Medium
ONC-04433,50.0,Male,Liver,Stage IV,2.08,Never,None,No,29.8,2019-05-09,Combination Therapy,3.0,21.0,Alive,High
ONC-04059,58.0,Female,Prostate,Stage I,0.1,,Heavy,Yes,22.1,2024-07-12,Immunotherapy,9.0,7.0,Alive,Medium
ONC-03909,45.0,Other,Blood (Leukemia),,4.72,Current,None,Yes,28.6,2020-01-12,Palliative Care,,2.0,Alive,Critical
ONC-00453,,Other,Prostate,Stage IV,5.09,,Occasional,No,24.7,2022-08-06,Palliative Care,10.0,61.0,Alive,Critical
ONC-05625,,Male,Pancreatic,Stage III,0.87,Never,Heavy,Yes,33.2,2020-08-05,Chemotherapy,8.0,9.0,Alive,Medium
ONC-04474,60.0,Male,Prostate,Stage II,0.56,Current,Occasional,Yes,,2019-07-24,Immunotherapy,4.0,1.0,Alive,Medium
ONC-03682,53.0,Female,Brain,Stage I,3.67,Current,Occasional,No,19.4,,Radiation Therapy,7.0,13.0,,Low
ONC-04483,36.0,Male,Liver,Stage III,4.23,,Occasional,No,25.6,2016-07-07,Combination Therapy,8.0,8.0,Alive,
ONC-04753,50.0,Female,Liver,Stage III,0.36,Never,Occasional,No,23.8,2016-02-25,Combination Therapy,7.0,15.0,Deceased,Critical
ONC-06021,52.0,Male,Brain,Stage I,0.63,N/A,None,,,2016-07-20,Surgery,4.0,1.0,Alive,Low
ONC-07295,,Female,Colorectal,Stage IV,0.1,Former,Regular,Yes,24.9,2023-12-10,Radiation Therapy,4.0,25.0,Alive,Medium
ONC-01391,58.0,Female,Skin (Melanoma),Stage III,1.32,Never,Heavy,Yes,23.4,2024-11-16,Palliative Care,6.0,,Alive,High
ONC-04759,65.0,Other,Liver,,4.84,Never,Occasional,No,26.4,2017-04-17,Radiation Therapy,6.0,5.0,Alive,Critical
ONC-03350,45.0,Female,Blood (Leukemia),Stage II,,Former,Regular,No,23.5,2024-02-05,Radiation Therapy,8.0,9.0,Alive,Medium
ONC-00665,78.0,Male,Blood (Leukemia),Stage I,2.78,Current,Heavy,Yes,35.0,2023-04-24,Combination Therapy,3.0,18.0,Alive,Low
ONC-03198,33.0,Female,,Stage I,3.94,Current,None,No,31.5,2016-09-14,Chemotherapy,8.0,14.0,Deceased,Medium
ONC-05860,37.0,Other,Brain,Stage II,1.7,Current,Heavy,Yes,24.5,2021-09-22,Palliative Care,2.0,17.0,Alive,Low
ONC-07361,42.0,Other,Pancreatic,Stage I,3.38,Current,None,Yes,25.8,2020-06-06,Radiation Therapy,9.0,,Alive,Low
ONC-07027,54.0,Male,Lung,Stage I,2.61,Current,Regular,No,28.4,2022-10-29,Radiation Therapy,8.0,8.0,Alive,Low
ONC-04001,51.0,Male,Skin (Melanoma),Stage II,7.52,Former,Regular,No,25.7,2017-10-25,,,4.0,Deceased,Medium
ONC-01709,78.0,Female,Pancreatic,Stage III,3.47,Never,None,No,17.8,2018-09-04,Chemotherapy,7.0,11.0,,High
ONC-00406,56.0,Other,Prostate,Stage II,2.91,,Regular,No,31.0,2022-06-03,Surgery,7.0,19.0,Alive,Medium
ONC-00189,77.0,Other,Lung,Stage II,2.15,Never,Heavy,,25.4,2022-08-17,Combination Therapy,6.0,7.0,Alive,Critical
ONC-03474,65.0,Male,Liver,Stage II,1.35,Current,None,Yes,27.1,2017-11-23,,8.0,37.0,Alive,Low
ONC-03718,65.0,Other,Brain,Stage II,3.31,Never,,No,24.5,2017-09-22,Immunotherapy,11.0,57.0,Alive,Medium
ONC-06826,58.0,Other,Brain,,7.16,,Occasional,No,27.2,2020-12-25,Radiation Therapy,4.0,,Deceased,Medium
ONC-03004,81.0,Other,Blood (Leukemia),Stage IV,,Current,Regular,Yes,23.1,2020-11-27,,,1.0,Alive,High
ONC-06154,55.0,Other,Prostate,Stage II,7.12,Former,Heavy,Yes,29.6,2015-03-30,Combination Therapy,8.0,,Alive,
ONC-03899,55.0,Other,Skin (Melanoma),Stage IV,5.16,Never,None,No,24.9,2019-10-16,Radiation Therapy,,39.0,Deceased,High
ONC-02785,70.0,Other,Skin (Melanoma),,1.56,Former,None,Yes,25.6,,Chemotherapy,,17.0,Alive,Critical
ONC-00399,78.0,Other,Breast,Stage III,2.31,Never,None,Yes,20.2,2022-01-10,Palliative Care,,9.0,Alive,High
ONC-03764,69.0,Female,,Stage I,5.42,Current,Occasional,Yes,23.8,2024-09-03,Chemotherapy,5.0,18.0,Deceased,
ONC-07071,63.0,Male,Brain,Stage II,1.59,Current,,Yes,24.9,2015-03-12,Surgery,11.0,44.0,Alive,High
ONC-03601,,Female,Lung,Stage III,1.16,,,Yes,21.6,2018-03-26,Palliative Care,5.0,49.0,Alive,Medium
ONC-00136,43.0,Male,Skin (Melanoma),Stage III,2.61,Never,Heavy,Yes,,2016-08-04,Palliative Care,7.0,22.0,Alive,Medium
ONC-03613,56.0,Female,Pancreatic,,2.45,Former,None,Yes,32.3,2021-01-22,Combination Therapy,8.0,4.0,Deceased,
ONC-04462,62.0,Female,,Stage III,0.89,Former,None,No,25.3,2018-09-25,Surgery,3.0,11.0,Deceased,Critical
ONC-01885,74.0,Female,Skin (Melanoma),Stage III,1.21,Current,None,No,15.2,2016-03-24,,4.0,74.0,Alive,Medium
ONC-03431,55.0,Other,Liver,Stage II,11.31,Former,Regular,No,29.2,2016-10-15,Immunotherapy,4.0,63.0,Alive,Low
ONC-03364,53.0,Female,Ovarian,Stage I,0.28,Former,Heavy,No,34.2,2020-08-23,Combination Therapy,10.0,28.0,Alive,
ONC-06380,51.0,Male,Prostate,Stage IV,0.99,,None,No,28.3,2023-12-06,Radiation Therapy,5.0,31.0,Alive,High
ONC-03996,44.0,Female,Brain,Stage I,,Current,Regular,Yes,21.1,,Radiation Therapy,10.0,,Deceased,Low
ONC-02135,,Female,Skin (Melanoma),Stage IV,1.7,Former,,Yes,28.1,2024-11-24,Palliative Care,3.0,0.0,Alive,Critical
ONC-07303,31.0,Male,,Stage I,1.67,Former,Regular,Yes,32.5,2024-09-07,Radiation Therapy,9.0,12.0,Deceased,Low
ONC-00890,48.0,Other,Blood (Leukemia),Stage I,13.44,Current,Occasional,Yes,25.6,2017-08-30,Combination Therapy,,15.0,Deceased,Low
ONC-04459,55.0,Male,Liver,Stage IV,0.24,Current,Regular,No,20.8,2023-11-18,Palliative Care,,29.0,Alive,High
ONC-07302,35.0,Female,Prostate,Stage IV,3.62,Never,Regular,,23.4,2019-09-02,Combination Therapy,10.0,14.0,Alive,Critical
ONC-05800,45.0,Other,Lung,Stage III,3.7,Never,Regular,No,30.3,2019-10-18,,4.0,4.0,Alive,High
ONC-04097,92.0,Other,Brain,Stage IV,7.8,,Heavy,No,29.3,2016-11-02,,5.0,4.0,Deceased,Critical
ONC-00808,38.0,Other,Brain,Stage III,2.3,Never,None,,31.8,2023-04-22,,7.0,17.0,Alive,Medium
ONC-00751,60.0,Other,Blood (Leukemia),Stage III,9.42,Never,Regular,No,25.6,2016-02-03,Immunotherapy,4.0,22.0,Alive,Critical
ONC-05909,56.0,Male,Brain,Stage II,0.94,Never,,No,22.5,2020-12-01,Combination Therapy,7.0,11.0,Alive,Medium
ONC-07250,75.0,Male,Breast,Stage III,2.27,Never,Heavy,Yes,20.3,,Radiation Therapy,6.0,33.0,,High
ONC-02451,61.0,Female,Prostate,Stage III,1.78,Former,Regular,No,29.3,2015-11-15,Immunotherapy,5.0,5.0,Alive,High
ONC-04322,35.0,Other,Lung,Stage II,13.68,Never,Heavy,Yes,,2015-02-03,Palliative Care,7.0,10.0,Alive,High
ONC-02498,50.0,Female,Colorectal,Stage IV,2.6,Former,Heavy,,35.2,2021-07-25,Surgery,6.0,,,Medium
ONC-02532,43.0,Male,Brain,Stage IV,4.23,Current,Occasional,Yes,29.6,2022-08-15,Palliative Care,2.0,36.0,Alive,Critical
ONC-01584,47.0,Other,Blood (Leukemia),Stage III,0.42,Former,Heavy,No,21.4,,Surgery,6.0,1.0,Alive,Medium
ONC-07389,39.0,Female,Brain,Stage III,7.58,Current,Occasional,No,24.2,2021-04-14,Chemotherapy,5.0,1.0,Alive,Critical
ONC-00308,68.0,Other,Colorectal,,9.26,Former,None,No,26.8,2022-10-13,Chemotherapy,,7.0,,Low
ONC-02169,59.0,Other,Lung,Stage II,10.58,Never,Regular,No,24.4,2019-06-03,Combination Therapy,4.0,,Alive,Low
ONC-04057,52.0,Female,Lung,Stage IV,1.73,Never,Heavy,No,,2017-09-19,Palliative Care,6.0,25.0,Alive,Critical
ONC-03398,56.0,Female,Skin (Melanoma),,0.18,Never,Heavy,No,28.7,2022-08-26,Immunotherapy,7.0,17.0,Deceased,Medium
ONC-04483,36.0,Male,Liver,Stage III,4.23,,Occasional,No,25.6,2016-07-07,Combination Therapy,8.0,8.0,Alive,
ONC-05661,62.0,Female,Pancreatic,Stage II,2.13,Current,Occasional,,17.7,2016-08-04,Radiation Therapy,7.0,13.0,Deceased,Medium
ONC-02014,67.0,Female,Ovarian,Stage II,1.9,,Heavy,Yes,25.8,2016-01-05,Chemotherapy,6.0,35.0,Deceased,Low
ONC-01900,41.0,Female,Prostate,Stage II,1.47,,Occasional,Yes,22.1,2016-07-30,,5.0,28.0,Deceased,High
ONC-07388,,Male,Lung,Stage II,3.83,,Occasional,Yes,25.7,2019-07-25,Immunotherapy,8.0,21.0,Alive,High
ONC-06619,58.0,Male,Blood (Leukemia),,5.35,,Regular,Yes,34.7,2016-11-07,Radiation Therapy,6.0,,Deceased,Medium
ONC-01758,50.0,Other,Liver,Stage IV,1.18,Never,None,No,30.2,2024-12-07,,9.0,28.0,Alive,Medium
ONC-06978,47.0,Female,Ovarian,Stage IV,,Former,Occasional,No,20.8,2021-09-13,Combination Therapy,1.0,20.0,Deceased,Critical
ONC-03329,61.0,Male,Ovarian,Stage IV,2.61,Current,Regular,Yes,33.0,2021-06-14,Immunotherapy,8.0,58.0,,Critical
ONC-01241,62.0,Male,Ovarian,Stage II,0.25,Former,Regular,Yes,23.4,2023-02-06,Surgery,6.0,12.0,Alive,Medium
ONC-02272,52.0,Male,Lung,Stage I,2.02,Former,None,Yes,36.1,2024-05-26,,2.0,35.0,Deceased,Low
ONC-02312,,,Pancreatic,Stage I,,Current,None,No,20.2,2018-04-09,Combination Therapy,8.0,17.0,,High
ONC-00980,62.0,Male,Prostate,Stage II,14.93,Current,Heavy,No,29.2,2016-08-15,Radiation Therapy,4.0,26.0,Deceased,Low
ONC-04225,,,Prostate,Stage IV,1.76,Never,None,Yes,29.5,2017-01-02,Palliative Care,5.0,8.0,Alive,Critical
ONC-00729,31.0,Male,Colorectal,Stage III,3.87,Never,Heavy,Yes,21.4,2015-11-15,Surgery,7.0,4.0,Deceased,Medium
ONC-03953,,Other,,Stage IV,7.86,Former,Heavy,Yes,18.8,2024-10-23,Surgery,9.0,11.0,Deceased,
ONC-06711,44.0,Male,Lung,Stage IV,1.92,Current,Unknown,Yes,21.7,,Radiation Therapy,4.0,33.0,Deceased,Critical
ONC-04285,60.0,Other,Lung,Stage III,1.25,Former,Regular,Yes,25.7,2020-03-20,Palliative Care,,10.0,Alive,High
ONC-03287,56.0,Female,Breast,Stage I,1.07,Former,None,No,,2018-07-23,Palliative Care,4.0,9.0,Alive,Low
ONC-06665,67.0,,Pancreatic,Stage IV,1.01,Former,Occasional,Yes,30.7,2021-12-13,Palliative Care,3.0,9.0,Alive,Critical
ONC-02016,49.0,Other,Ovarian,Stage I,,Former,None,Yes,27.5,2024-06-18,Immunotherapy,8.0,,Deceased,Low
ONC-05476,60.0,Male,Colorectal,Stage III,0.74,Former,Heavy,Yes,23.6,2017-04-15,Radiation Therapy,8.0,10.0,Deceased,Critical
ONC-02200,32.0,,,Stage I,4.99,Former,Occasional,No,17.2,2017-09-27,Combination Therapy,6.0,32.0,Deceased,Low
ONC-00090,51.0,Other,Skin (Melanoma),Stage IV,6.18,,Heavy,Yes,30.4,2018-07-12,Radiation Therapy,3.0,,Alive,
ONC-02001,,Other,Ovarian,Stage I,8.03,Current,Heavy,Yes,31.6,2019-01-31,,10.0,,Alive,Low
ONC-03410,51.0,Female,Prostate,Stage III,2.45,Former,Occasional,,29.4,2023-12-20,,3.0,3.0,Alive,Medium
ONC-05514,57.0,Other,Colorectal,Stage III,4.41,Former,None,No,21.8,2021-08-15,Radiation Therapy,6.0,26.0,Alive,High
ONC-07135,64.0,Male,Liver,Stage IV,6.26,Current,Regular,Yes,31.7,2022-01-13,Immunotherapy,1.0,7.0,Alive,High
ONC-03842,61.0,Other,Prostate,Stage II,1.17,Former,Regular,Yes,21.5,2017-03-14,Chemotherapy,,2.0,Deceased,High
ONC-06405,18.0,Male,Breast,Stage III,0.45,,Regular,,29.8,2022-10-28,Surgery,7.0,7.0,Alive,High
ONC-01996,55.0,Other,Breast,Stage IV,3.01,Former,Heavy,No,28.6,,Surgery,5.0,1.0,Alive,High
ONC-02821,61.0,Female,Liver,Stage III,2.62,Former,Heavy,No,25.1,2015-06-16,Combination Therapy,6.0,22.0,,High
ONC-05212,64.0,Male,,Stage IV,2.65,Current,Heavy,No,22.5,2020-02-23,,6.0,,Alive,Critical
ONC-00505,78.0,Female,,Stage III,0.53,Never,Heavy,No,24.2,2019-02-04,Immunotherapy,,2.0,Alive,Medium
ONC-02254,62.0,Other,Liver,Stage III,0.39,Current,Regular,No,28.8,2021-07-15,Radiation Therapy,9.0,1.0,Alive,High
ONC-06264,55.0,Female,Breast,Stage III,4.56,Current,Occasional,Yes,29.0,2015-02-16,Combination Therapy,4.0,22.0,Alive,High
ONC-00086,49.0,,Liver,Stage III,2.4,Former,None,Yes,26.6,2024-12-22,Immunotherapy,3.0,16.0,Deceased,High
ONC-05685,,Other,,,4.72,Never,Occasional,Yes,17.2,2021-11-05,Combination Therapy,9.0,10.0,Alive,
ONC-02552,56.0,Male,Liver,Stage I,,Former,Heavy,Yes,15.2,2020-01-08,Surgery,7.0,32.0,Alive,Medium
ONC-05391,57.0,,Colorectal,Stage I,5.01,Current,Occasional,Yes,25.5,2020-12-09,Chemotherapy,1.0,1.0,Alive,Medium
ONC-01431,58.0,Female,Brain,Stage IV,14.26,Never,Heavy,No,28.9,2019-05-16,Combination Therapy,7.0,1.0,Deceased,Critical
ONC-04955,54.0,,Pancreatic,Stage I,0.55,Never,Regular,No,27.8,2020-05-15,Chemotherapy,8.0,5.0,Alive,Medium
ONC-02924,42.0,Female,Liver,Stage IV,2.38,Never,Occasional,No,24.3,2021-03-07,Combination Therapy,4.0,1.0,Deceased,Critical
ONC-01590,53.0,Other,Prostate,Stage II,,Never,Heavy,Yes,23.3,2015-10-23,Palliative Care,3.0,1.0,Deceased,Medium
ONC-03606,59.0,Male,Lung,Stage IV,0.85,,None,Yes,16.1,2020-07-08,Combination Therapy,6.0,23.0,Deceased,Critical
ONC-06373,63.0,Other,Liver,Stage II,5.14,,None,Yes,29.1,2024-03-21,Radiation Therapy,5.0,1.0,Alive,Medium
ONC-01715,68.0,Other,Prostate,,2.42,Current,,No,31.8,2015-01-22,Palliative Care,8.0,,Alive,Medium
ONC-00509,56.0,Other,Colorectal,Stage III,8.51,Never,Heavy,No,24.8,2017-11-30,Radiation Therapy,4.0,18.0,Alive,High
ONC-00315,,Female,Lung,Stage I,0.26,Never,Heavy,No,22.3,2019-02-05,Combination Therapy,,,Alive,
ONC-02334,54.0,Female,Brain,Stage II,4.61,,Heavy,Yes,31.3,,Surgery,4.0,6.0,Alive,Low
ONC-01731,51.0,Male,Liver,Stage III,0.86,Never,,,30.8,2023-01-31,Immunotherapy,6.0,36.0,Alive,Low
ONC-00653,36.0,Other,Brain,Stage II,2.07,Current,Occasional,,35.3,2022-10-20,Chemotherapy,5.0,5.0,Alive,Medium
ONC-05791,,Female,Breast,Stage II,2.76,Former,None,No,35.6,2017-02-06,Radiation Therapy,,12.0,Alive,Medium
ONC-02940,51.0,Female,Blood (Leukemia),Stage III,5.98,Current,Heavy,Yes,20.2,2022-08-17,Combination Therapy,4.0,17.0,Deceased,High
ONC-04297,50.0,Female,Lung,,4.12,Current,,No,35.6,2020-03-19,Radiation Therapy,6.0,3.0,Alive,High
ONC-02886,80.0,Male,Ovarian,Stage IV,0.1,Current,None,No,34.3,2021-05-27,Chemotherapy,5.0,7.0,Alive,High
ONC-00334,72.0,Female,Skin (Melanoma),Stage III,3.41,Current,Regular,No,31.2,,Radiation Therapy,4.0,83.0,Alive,Critical
ONC-06996,27.0,Male,Liver,Stage II,9.43,Never,None,No,37.4,2015-12-17,Combination Therapy,8.0,4.0,Deceased,Low
ONC-04966,42.0,Other,Lung,Stage II,2.56,Former,Regular,No,23.1,2021-10-20,Combination Therapy,11.0,3.0,Alive,Low
ONC-06365,58.0,Other,Lung,Stage III,0.17,Former,,Yes,16.9,,Radiation Therapy,5.0,2.0,,High
ONC-02269,52.0,Male,Brain,Stage IV,3.78,Former,Occasional,Yes,30.3,2022-11-24,Surgery,5.0,14.0,Alive,
ONC-02554,38.0,Male,Blood (Leukemia),Stage I,5.74,Current,None,Yes,26.3,2019-12-13,Chemotherapy,9.0,2.0,Alive,Low
ONC-03397,44.0,Female,,Stage II,4.43,Former,,No,26.7,2020-01-05,Radiation Therapy,6.0,45.0,Alive,Critical
ONC-05977,92.0,Other,Ovarian,Stage III,1.14,,None,No,24.1,,Radiation Therapy,4.0,1.0,,Medium
ONC-01749,39.0,Other,Prostate,Stage I,0.18,Never,,Yes,31.5,2015-07-27,Combination Therapy,2.0,32.0,Deceased,Low
ONC-03031,62.0,Male,Ovarian,Stage IV,14.36,Never,Occasional,Yes,25.3,2015-07-10,Palliative Care,4.0,31.0,,Medium
ONC-06258,53.0,Male,Breast,Stage IV,4.83,Current,Heavy,,26.5,2023-03-27,Combination Therapy,1.0,3.0,Alive,Critical
ONC-01183,56.0,Female,Prostate,Stage II,1.1,Former,None,No,,2019-02-13,Palliative Care,7.0,9.0,Alive,Medium
ONC-02586,61.0,Other,Pancreatic,Stage I,0.53,,Occasional,Yes,25.8,2017-04-19,,,6.0,Alive,
ONC-03030,46.0,Other,Lung,Stage I,0.54,Never,,No,29.5,2020-07-09,Chemotherapy,7.0,14.0,Deceased,Low
ONC-00684,68.0,Male,Breast,Stage I,0.82,Former,Heavy,No,27.1,2016-12-02,Radiation Therapy,4.0,,Alive,Low
ONC-00957,60.0,Other,Blood (Leukemia),Stage I,1.61,Never,Regular,No,34.2,,Chemotherapy,7.0,1.0,Alive,Medium
ONC-07023,68.0,Other,Ovarian,Stage III,6.63,Former,Regular,Yes,25.3,2023-03-31,Chemotherapy,,28.0,Deceased,Medium
ONC-02910,48.0,Other,Liver,Stage I,0.1,Current,None,No,21.7,2017-10-02,Palliative Care,3.0,15.0,,Low
ONC-04315,77.0,Female,Blood (Leukemia),,15.68,Current,Heavy,,30.4,2015-11-06,Combination Therapy,3.0,11.0,Alive,Low
ONC-02250,70.0,Male,Pancreatic,Stage IV,1.71,Current,Heavy,Yes,20.4,2018-06-25,,4.0,18.0,Alive,Critical
ONC-06880,50.0,Other,Liver,,1.66,Never,Heavy,Yes,17.9,,Combination Therapy,2.0,10.0,,Medium
ONC-03158,54.0,Female,Breast,Stage II,1.07,Former,None,Yes,,2015-03-28,Chemotherapy,7.0,5.0,,Medium
ONC-00640,51.0,Other,Ovarian,Stage I,2.32,,Regular,No,19.9,2018-12-16,Radiation Therapy,4.0,7.0,Alive,Low
ONC-00306,57.0,Other,Blood (Leukemia),Stage III,5.36,Current,Occasional,Yes,25.3,2019-06-12,Palliative Care,3.0,15.0,Alive,Low
ONC-01767,58.0,Other,Liver,Stage II,1.16,Current,Heavy,Yes,29.3,2016-03-02,Radiation Therapy,9.0,7.0,Deceased,Medium
ONC-04338,56.0,Female,Blood (Leukemia),Stage II,4.17,Never,Occasional,,25.1,,Palliative Care,0.0,5.0,Deceased,Medium
ONC-05469,68.0,Male,Breast,Stage I,7.93,Former,Heavy,No,30.8,2022-07-25,Immunotherapy,7.0,14.0,Alive,Medium
ONC-01327,19.0,,Pancreatic,Stage I,2.38,Never,Occasional,No,33.3,2022-08-26,,2.0,6.0,Deceased,Low
ONC-02186,68.0,Other,Prostate,Stage IV,5.16,,Regular,Yes,,2015-06-25,Immunotherapy,4.0,5.0,Alive,High
ONC-04478,34.0,Female,Lung,Stage II,2.59,,,Yes,21.4,,Palliative Care,6.0,56.0,Deceased,Medium
ONC-00232,70.0,Other,Liver,Stage III,1.33,Never,None,Yes,21.7,2019-10-02,Radiation Therapy,10.0,1.0,Deceased,Critical
ONC-02934,39.0,Male,Blood (Leukemia),Stage III,6.0,Current,Heavy,Yes,20.0,2019-09-11,,8.0,3.0,Alive,High
ONC-04697,44.0,,Liver,Stage I,0.27,Former,,No,29.9,2015-11-28,Chemotherapy,6.0,9.0,Alive,Low
ONC-00180,67.0,Female,Breast,Stage I,2.88,Former,Occasional,Yes,23.8,2016-08-07,Combination Therapy,5.0,,Alive,Medium
ONC-01986,52.0,Male,Lung,Stage IV,2.71,Former,Occasional,Yes,19.7,2024-04-29,Combination Therapy,8.0,,Alive,Critical
ONC-04920,55.0,Other,Breast,Stage III,2.71,Current,N/A,,28.8,2018-02-26,Radiation Therapy,7.0,25.0,Deceased,Critical
ONC-01648,50.0,Male,Breast,Stage I,3.36,Never,Regular,No,26.0,2020-12-06,Immunotherapy,7.0,9.0,Alive,Critical
ONC-01306,31.0,Other,Skin (Melanoma),Stage II,9.61,NA,Regular,Yes,26.4,2019-04-03,Palliative Care,4.0,11.0,Alive,Medium
ONC-06254,58.0,,Ovarian,Stage I,7.99,Current,Regular,Yes,,2020-12-11,Radiation Therapy,6.0,13.0,Alive,Low
ONC-00962,72.0,Other,Liver,Stage IV,3.16,Former,Occasional,,21.1,,Chemotherapy,4.0,7.0,Deceased,Critical
ONC-04870,33.0,Male,Liver,Stage IV,3.24,Current,None,Yes,29.3,2023-12-02,Immunotherapy,2.0,,Alive,High
ONC-01122,53.0,Other,Brain,Stage I,,Former,None,Yes,26.6,2021-10-18,Surgery,,31.0,Alive,Low
ONC-06334,41.0,Female,Pancreatic,Stage II,0.48,Current,Heavy,Yes,29.3,2020-02-10,Radiation Therapy,,6.0,Alive,Low
ONC-03412,58.0,,Liver,Stage I,2.97,Former,Regular,,28.7,2019-03-23,Chemotherapy,9.0,19.0,Alive,Low
ONC-01035,74.0,Other,Skin (Melanoma),Stage IV,0.89,Never,Heavy,Yes,25.6,2017-10-30,Immunotherapy,,11.0,Alive,High
ONC-04709,52.0,Male,Ovarian,Stage II,2.73,,Heavy,Yes,17.8,2016-01-18,Combination Therapy,6.0,13.0,Deceased,Low
ONC-00359,39.0,,Prostate,Stage IV,2.97,,Heavy,Yes,26.5,2024-04-17,Immunotherapy,4.0,29.0,Deceased,High
ONC-01788,53.0,Other,Colorectal,Stage III,1.64,Never,None,No,30.0,2016-09-22,,6.0,35.0,Alive,Medium
ONC-01282,67.0,Female,Brain,Stage III,5.41,Former,Heavy,Yes,,2018-09-14,,10.0,7.0,Deceased,High
ONC-01602,,Other,Breast,Stage IV,3.66,Never,Heavy,Yes,30.8,2018-05-23,Chemotherapy,6.0,1.0,Alive,Critical
ONC-01342,54.0,Female,Liver,Stage II,0.28,Current,Regular,Yes,17.4,2017-06-25,Chemotherapy,,,Alive,Low
ONC-07487,75.0,Other,Lung,Stage III,5.34,Never,None,No,30.6,2019-04-22,Surgery,4.0,19.0,,High
ONC-02722,42.0,Male,Ovarian,Stage II,2.42,Former,None,No,24.5,2019-11-08,Immunotherapy,5.0,39.0,,Critical
ONC-01545,53.0,Other,Liver,Stage I,0.72,Former,Regular,No,29.1,2024-01-19,Palliative Care,7.0,,Deceased,Low
ONC-00040,47.0,Other,,Stage IV,0.44,Never,Regular,Yes,25.8,2023-10-31,Palliative Care,,2.0,Alive,Critical
ONC-00384,46.0,Other,Liver,Stage I,,Never,,Yes,23.8,2022-04-05,Chemotherapy,6.0,10.0,Alive,Medium
ONC-03632,81.0,Male,,Stage II,4.28,Former,Heavy,No,23.1,,Radiation Therapy,2.0,60.0,Alive,Medium
ONC-02568,76.0,Other,Pancreatic,Stage I,8.9,Never,None,No,22.9,2018-09-19,Radiation Therapy,,5.0,Deceased,Medium
ONC-02259,35.0,Other,Liver,Stage I,4.98,,None,Yes,23.9,2020-12-03,Combination Therapy,3.0,37.0,Alive,Low
ONC-03115,55.0,Male,Skin (Melanoma),Stage I,0.63,Former,None,No,26.5,2023-01-19,Palliative Care,5.0,3.0,Deceased,Low
ONC-02763,40.0,Female,Brain,,4.09,Former,Occasional,Yes,24.3,2023-05-01,,5.0,1.0,Alive,Low
ONC-05855,73.0,Other,Lung,Stage II,2.14,Former,Occasional,Yes,30.3,2016-12-17,Palliative Care,6.0,13.0,Alive,Low
ONC-02758,56.0,Female,,Stage I,1.38,Never,Occasional,Yes,21.4,2015-07-04,Immunotherapy,8.0,5.0,Alive,Low
ONC-04504,58.0,Male,Ovarian,Stage I,0.1,Never,None,No,21.5,2022-07-20,Immunotherapy,4.0,5.0,Alive,Low
ONC-05592,41.0,Male,Colorectal,Stage IV,3.89,,Heavy,Yes,26.8,2020-12-15,Combination Therapy,8.0,,Alive,Critical
ONC-04127,57.0,Other,Blood (Leukemia),Stage III,6.47,Never,Occasional,No,27.6,2020-08-27,Surgery,,30.0,Alive,Medium
ONC-05250,63.0,Male,Colorectal,Stage IV,2.33,Current,Regular,No,23.2,2019-05-17,Combination Therapy,7.0,0.0,Deceased,High
ONC-05213,,Male,Pancreatic,Stage I,0.85,Former,None,Yes,25.4,2022-02-05,Radiation Therapy,6.0,1.0,Alive,Low
ONC-04082,46.0,,Skin (Melanoma),Stage II,0.1,Current,Regular,Yes,29.5,2024-08-08,Palliative Care,7.0,12.0,Deceased,High
ONC-03855,,Other,Liver,Stage I,13.73,,Heavy,Yes,20.0,2017-01-22,Surgery,5.0,10.0,Alive,Low
ONC-05110,53.0,Male,Brain,Stage I,6.1,Current,None,Yes,26.1,2023-01-12,Palliative Care,15.0,6.0,Deceased,High
ONC-06946,36.0,Male,Brain,,9.85,Former,Regular,No,26.7,2016-04-04,Chemotherapy,7.0,4.0,Deceased,Low
ONC-02262,66.0,,Liver,Stage IV,1.83,Former,None,No,21.3,,Combination Therapy,7.0,27.0,Alive,Critical
ONC-03339,63.0,Male,Breast,Stage IV,2.58,Former,Occasional,Yes,21.0,2017-02-20,Chemotherapy,7.0,15.0,Deceased,Critical
ONC-02408,51.0,Other,Brain,Stage III,1.39,Never,Heavy,No,25.7,2024-02-25,Surgery,9.0,9.0,Alive,Low
ONC-01366,61.0,Other,Skin (Melanoma),Stage IV,3.16,Former,Occasional,Yes,25.6,2016-08-23,Combination Therapy,8.0,29.0,Alive,Critical
ONC-00733,74.0,Male,Brain,Stage II,2.04,Never,None,Yes,27.4,2023-01-10,Chemotherapy,4.0,0.0,Deceased,Medium
ONC-06187,43.0,Male,,Stage I,,Former,None,Yes,28.2,2024-04-22,Palliative Care,5.0,,Deceased,Low
ONC-05144,81.0,Other,Breast,Stage III,2.85,Current,Occasional,No,19.7,,Palliative Care,,1.0,Alive,
ONC-05063,39.0,Female,Skin (Melanoma),,7.35,Former,Occasional,Yes,27.6,2023-12-24,Combination Therapy,,5.0,Alive,Medium
ONC-05880,61.0,Other,Prostate,,3.65,Current,None,Yes,34.5,2016-09-16,Radiation Therapy,5.0,13.0,Deceased,Low
ONC-03420,59.0,Male,Ovarian,Stage IV,0.41,Former,Heavy,Yes,,2023-05-03,Surgery,7.0,4.0,Alive,High
ONC-06701,40.0,Male,Breast,Stage III,6.1,Current,Regular,Yes,28.2,2022-03-11,Radiation Therapy,10.0,40.0,Alive,High
ONC-00757,50.0,Male,Ovarian,Stage II,1.72,Former,Heavy,,32.0,2022-01-02,Palliative Care,6.0,1.0,Deceased,Low
ONC-01060,72.0,Male,,,1.12,Never,Occasional,Yes,36.9,2019-10-22,Combination Therapy,4.0,5.0,Alive,Critical
ONC-04398,,Female,Liver,Stage III,1.12,Former,Heavy,No,25.7,2022-07-31,Radiation Therapy,,0.0,Alive,Critical
ONC-05046,61.0,,Liver,Stage I,5.83,Current,,No,22.7,2018-06-01,,9.0,24.0,Deceased,Low
ONC-05528,,,Prostate,Stage II,2.51,Current,Occasional,Yes,22.6,2021-12-30,Radiation Therapy,6.0,21.0,,Medium
ONC-03847,63.0,Male,Pancreatic,Stage IV,6.89,Current,Occasional,Yes,23.8,2017-06-05,Palliative Care,3.0,72.0,Deceased,Critical
ONC-04316,34.0,Male,Ovarian,,1.77,Never,Occasional,No,24.2,2024-01-01,Chemotherapy,6.0,76.0,Alive,High
ONC-04728,65.0,Female,Ovarian,Stage III,,Current,,No,32.3,2018-11-08,Palliative Care,9.0,17.0,Deceased,Critical
ONC-01948,43.0,Female,Lung,Stage IV,5.56,Current,None,Yes,,,Radiation Therapy,15.0,0.0,Alive,Critical
ONC-01615,66.0,Female,,Stage IV,1.32,Never,None,Yes,,2023-09-01,Palliative Care,4.0,41.0,Alive,Critical
ONC-01407,44.0,Male,,Stage I,0.45,Never,Heavy,No,24.3,,Radiation Therapy,3.0,5.0,Alive,
ONC-02271,53.0,Male,Blood (Leukemia),Stage IV,3.02,Current,Heavy,Yes,29.6,2019-01-02,Radiation Therapy,8.0,4.0,Deceased,Critical
ONC-02095,66.0,Other,Ovarian,Stage IV,2.63,Former,Regular,Yes,14.3,2017-05-06,Radiation Therapy,9.0,25.0,Deceased,Medium
ONC-04460,,Male,Skin (Melanoma),Stage IV,0.86,Current,None,No,15.2,2016-05-05,Immunotherapy,4.0,3.0,Deceased,High
ONC-01815,58.0,Other,Lung,Stage III,6.21,Current,Regular,Yes,18.3,2017-03-10,Chemotherapy,,2.0,Alive,Low
ONC-01527,81.0,Male,Brain,Stage II,2.47,Never,None,No,30.8,2024-10-04,Combination Therapy,4.0,21.0,Alive,High
ONC-03867,55.0,Female,Lung,Stage III,3.44,Current,Regular,Yes,31.4,,Surgery,6.0,,,Critical
ONC-05983,62.0,N/A,Breast,Stage I,0.12,Current,Regular,No,30.9,2020-01-01,Immunotherapy,6.0,3.0,Alive,Medium
ONC-04475,52.0,Female,Colorectal,Stage II,2.82,Never,Heavy,No,22.3,2023-02-01,Immunotherapy,4.0,25.0,Alive,Low
ONC-03692,89.0,Female,Ovarian,Stage III,3.14,,Heavy,Yes,28.9,2021-07-31,Combination Therapy,6.0,37.0,Deceased,High
ONC-02520,70.0,Male,Prostate,Stage II,0.1,,Heavy,No,28.4,2018-08-09,Surgery,6.0,4.0,Deceased,Medium
ONC-05371,54.0,Other,Breast,Stage IV,4.79,Never,Heavy,No,,2022-03-14,Surgery,9.0,,Deceased,Critical
ONC-06549,75.0,Other,Blood (Leukemia),Stage II,0.2,,None,Yes,28.4,2022-05-30,Chemotherapy,5.0,40.0,,High
ONC-01356,77.0,Other,,Stage II,2.42,Never,Regular,Yes,20.6,2018-04-15,Surgery,5.0,,Deceased,Medium
ONC-01068,66.0,Male,Blood (Leukemia),Stage II,2.79,Current,Heavy,Yes,24.4,,Chemotherapy,7.0,,Alive,Low
ONC-04906,81.0,Female,Liver,,11.72,Current,Occasional,No,14.0,2017-01-07,Palliative Care,3.0,32.0,Alive,High
ONC-03774,,Female,Liver,Stage I,5.07,Current,None,Yes,15.2,2015-04-19,Combination Therapy,6.0,12.0,Deceased,Low
ONC-06036,66.0,Male,Lung,Stage I,8.92,,Regular,No,20.5,2020-08-24,Palliative Care,8.0,4.0,Alive,Medium
ONC-03740,33.0,Male,Ovarian,Stage I,0.3,Never,,No,,,Immunotherapy,9.0,15.0,Deceased,
ONC-02839,58.0,Female,Colorectal,Stage III,0.15,Never,Regular,Yes,26.1,2022-01-03,Palliative Care,7.0,2.0,Alive,High
ONC-00761,70.0,Other,,Stage III,4.72,Current,Heavy,Yes,25.0,,Chemotherapy,8.0,14.0,Alive,Critical
ONC-04779,34.0,Other,Liver,Stage II,0.31,Current,Heavy,No,20.0,,Surgery,5.0,15.0,Alive,Low
ONC-01770,77.0,,Ovarian,,0.92,Never,None,No,18.5,2019-03-26,,4.0,45.0,Alive,Low
ONC-00979,69.0,Other,Brain,,1.78,Current,Occasional,,28.6,2019-10-02,Radiation Therapy,7.0,10.0,Deceased,Low
ONC-05148,63.0,Male,Pancreatic,Stage II,4.33,Current,None,No,25.2,2021-12-29,Palliative Care,2.0,0.0,Deceased,High
ONC-07289,63.0,Male,Colorectal,Stage III,0.1,Former,Heavy,No,31.1,2017-07-27,Surgery,8.0,25.0,,Medium
ONC-01031,59.0,Female,Prostate,Stage II,6.83,Never,Regular,,,2016-08-21,Immunotherapy,7.0,24.0,Alive,Low
ONC-01410,,,Skin (Melanoma),Stage II,3.63,Current,Heavy,No,25.5,,Radiation Therapy,3.0,0.0,Deceased,Critical
ONC-07494,62.0,Other,Breast,,2.4,Current,None,Yes,21.1,2018-11-09,Immunotherapy,1.0,3.0,Deceased,Low
ONC-05090,45.0,Other,Brain,Stage IV,3.97,Former,Occasional,Yes,17.8,2019-02-09,Radiation Therapy,5.0,6.0,,High
ONC-04561,55.0,NA,Prostate,Stage I,0.1,Former,Occasional,Yes,21.6,2019-03-20,Palliative Care,10.0,3.0,Alive,Low
ONC-06805,71.0,Other,,Stage IV,2.65,Former,Regular,,36.2,2017-12-05,Palliative Care,7.0,26.0,Alive,Critical
ONC-01555,39.0,Female,Liver,Stage II,0.71,Never,Regular,No,29.5,2018-02-04,Chemotherapy,,0.0,Deceased,Medium
ONC-06961,70.0,Female,Ovarian,Stage III,8.51,Former,Occasional,Yes,33.1,2019-10-10,Surgery,2.0,0.0,Alive,
ONC-06112,71.0,Male,Liver,Stage III,4.27,Former,Heavy,,24.6,2017-03-03,Surgery,3.0,9.0,Alive,High
ONC-02497,54.0,Female,Pancreatic,Stage II,1.36,Current,Heavy,No,24.0,2016-09-15,Chemotherapy,11.0,14.0,Deceased,Medium
ONC-03177,52.0,Male,Prostate,Stage I,3.6,Former,None,No,32.7,,Radiation Therapy,,6.0,Alive,Medium
ONC-07405,67.0,,Pancreatic,Stage I,0.46,Former,Heavy,Yes,25.7,2015-11-07,Palliative Care,7.0,41.0,Alive,Low
ONC-02102,40.0,,Pancreatic,Stage II,1.33,Current,Regular,Yes,29.8,2021-06-07,Palliative Care,9.0,3.0,Deceased,Low
ONC-00705,39.0,Female,Blood (Leukemia),Stage II,8.92,Never,Occasional,Yes,26.3,2022-06-19,Radiation Therapy,6.0,25.0,Deceased,Medium
ONC-06862,49.0,Other,Lung,Stage I,3.78,Former,Regular,Yes,29.9,2016-01-18,Immunotherapy,4.0,5.0,Deceased,Low
ONC-02548,,Female,Skin (Melanoma),Stage II,8.35,Current,Regular,No,19.6,2018-09-11,Chemotherapy,5.0,,Alive,Low
ONC-07236,77.0,Female,Ovarian,Stage II,0.94,Never,Regular,No,18.7,2023-03-30,,10.0,12.0,Deceased,Medium
ONC-05965,33.0,Male,Blood (Leukemia),Stage IV,0.2,Never,Regular,,22.1,2021-02-23,Immunotherapy,6.0,1.0,Alive,High
ONC-04641,47.0,,Blood (Leukemia),Stage III,0.59,Never,Regular,Yes,27.2,2015-09-16,Palliative Care,7.0,17.0,Alive,Low
ONC-06050,42.0,Other,Liver,Stage III,0.1,Current,Regular,,16.7,,Immunotherapy,5.0,,Alive,High
ONC-06250,45.0,Female,Lung,Stage III,9.22,Current,Heavy,Yes,20.1,2015-03-19,Radiation Therapy,,10.0,Alive,Critical
ONC-06600,69.0,Other,Brain,Stage II,9.52,Former,None,No,20.2,2024-08-03,Immunotherapy,4.0,40.0,Deceased,
ONC-03491,80.0,Other,Lung,Stage III,2.82,Former,Regular,No,26.6,2021-11-16,Palliative Care,,0.0,Alive,
ONC-06927,59.0,Male,Skin (Melanoma),Stage III,,Never,Heavy,No,22.1,2018-03-25,Palliative Care,3.0,15.0,Alive,Medium
ONC-05585,70.0,Other,Liver,Stage II,3.08,,Heavy,Yes,,2020-07-12,Radiation Therapy,5.0,81.0,Alive,Low
ONC-02659,69.0,,,Stage IV,,Never,Regular,Yes,20.0,2015-04-18,Chemotherapy,6.0,,Deceased,Critical
ONC-04412,72.0,Female,Brain,Stage III,0.98,Current,Heavy,Yes,25.2,,Chemotherapy,3.0,4.0,Deceased,Critical
ONC-07457,,Male,Lung,Stage III,0.26,Never,None,No,17.2,2019-04-10,Immunotherapy,6.0,21.0,Deceased,High
ONC-07478,62.0,Other,Breast,,1.87,Former,Regular,No,32.6,2015-08-18,Immunotherapy,9.0,13.0,Alive,Low
ONC-02092,45.0,Male,Brain,Stage II,2.88,Former,None,No,,2023-09-17,Radiation Therapy,9.0,1.0,Deceased,Low
ONC-01985,41.0,Female,Prostate,Stage IV,11.43,Current,Occasional,No,20.1,2019-03-24,Chemotherapy,4.0,16.0,Alive,Medium
ONC-03388,58.0,Other,Breast,Stage III,8.24,Current,Heavy,Yes,35.1,2018-01-31,Radiation Therapy,,64.0,Alive,High
ONC-01708,55.0,Male,Prostate,Stage III,4.11,Former,,No,16.6,2015-11-01,Combination Therapy,8.0,5.0,Alive,Critical
ONC-04321,74.0,Other,,Stage III,6.58,Current,Regular,Yes,26.3,2020-01-07,Radiation Therapy,5.0,12.0,Alive,Low
ONC-07254,60.0,Other,Brain,,0.93,Current,None,,27.5,2015-09-29,Combination Therapy,3.0,19.0,Alive,Critical
ONC-06443,56.0,Female,,Stage II,1.87,Current,Regular,No,23.7,2022-06-22,Combination Therapy,8.0,22.0,Alive,High
ONC-00695,,Male,Brain,,5.47,Former,Regular,No,20.6,2020-08-24,Palliative Care,5.0,6.0,Alive,High
ONC-07245,34.0,,Skin (Melanoma),Stage III,7.62,Current,Occasional,No,17.0,2020-10-09,Chemotherapy,5.0,,Deceased,Medium
ONC-03680,,Male,Ovarian,Stage II,10.21,Former,Regular,No,31.0,,Immunotherapy,7.0,61.0,,High
ONC-04888,73.0,Male,Breast,Stage IV,0.28,Former,Occasional,No,21.2,2018-08-16,Chemotherapy,,4.0,,
ONC-05768,76.0,Male,Ovarian,Stage I,0.4,Former,Regular,Yes,26.7,2024-10-06,Combination Therapy,4.0,0.0,Alive,Medium
ONC-03009,49.0,Female,Blood (Leukemia),Stage II,5.32,Former,Occasional,Yes,27.0,2017-02-08,Radiation Therapy,7.0,12.0,Alive,Low
ONC-04461,64.0,Female,Colorectal,Stage I,7.27,Never,Heavy,Yes,24.8,2018-02-11,Chemotherapy,9.0,3.0,Alive,Medium
ONC-01077,,Male,Blood (Leukemia),Stage IV,1.48,Never,None,No,29.1,2021-10-06,Radiation Therapy,8.0,17.0,Alive,High
ONC-03228,85.0,Other,,Stage I,5.43,,Heavy,,33.5,2018-01-16,,,54.0,Deceased,Low
ONC-00530,49.0,Male,,Stage III,3.42,Never,Occasional,No,27.5,2023-08-25,,6.0,7.0,Alive,Critical
ONC-07209,,Male,Ovarian,Stage I,0.96,Former,Heavy,No,29.4,2024-09-30,Palliative Care,3.0,3.0,,Low
ONC-02435,45.0,Female,Liver,Stage II,10.43,Former,Occasional,No,23.9,,Combination Therapy,5.0,76.0,Deceased,High
ONC-04734,75.0,Male,,Stage IV,0.86,Never,Occasional,,23.0,2019-07-03,Radiation Therapy,5.0,19.0,Alive,Critical
ONC-02589,27.0,Other,Brain,Stage III,5.47,,Heavy,No,27.6,2021-12-28,Radiation Therapy,10.0,39.0,Alive,Medium
ONC-03357,65.0,Male,Breast,Stage II,3.19,Former,Regular,Yes,28.1,2020-02-16,Immunotherapy,8.0,47.0,Alive,Medium
ONC-02949,41.0,Male,Ovarian,Stage I,2.4,Never,Heavy,Yes,24.4,2019-10-23,,8.0,13.0,Alive,Low
ONC-02131,62.0,,Breast,Stage I,2.97,Former,,No,26.3,2018-06-20,Combination Therapy,6.0,53.0,Alive,Low
ONC-05646,53.0,Male,Ovarian,,1.45,Never,Heavy,No,21.1,2019-09-05,Palliative Care,3.0,34.0,Alive,Medium
ONC-05444,52.0,Male,Blood (Leukemia),Stage II,0.49,Never,Heavy,No,26.9,2024-08-08,Surgery,4.0,6.0,Alive,High
ONC-00526,68.0,Other,Skin (Melanoma),Stage I,3.84,Former,Regular,No,26.6,2017-02-08,Radiation Therapy,3.0,31.0,Alive,
ONC-05534,39.0,Female,Lung,Stage IV,0.1,,Occasional,No,26.2,2020-08-23,,2.0,7.0,Deceased,Low
ONC-06992,49.0,Other,Colorectal,Stage III,0.19,Current,Regular,No,24.5,2016-10-03,Chemotherapy,9.0,37.0,,High
ONC-07025,77.0,Male,Breast,Stage II,9.28,Never,,Yes,22.9,2019-12-26,Immunotherapy,7.0,18.0,Deceased,Medium
ONC-06285,75.0,Female,Skin (Melanoma),Stage IV,3.23,Former,Heavy,No,30.7,2015-12-02,Radiation Therapy,10.0,7.0,Alive,Critical
ONC-06154,55.0,Other,Prostate,Stage II,7.12,Former,Heavy,Yes,29.6,2015-03-30,Combination Therapy,9.0,,Alive,
ONC-04277,48.0,Female,,Stage II,5.82,Never,,No,31.8,2017-04-22,Immunotherapy,8.0,2.0,Alive,High
ONC-02209,30.0,Other,Blood (Leukemia),Stage II,2.06,,None,No,26.1,2017-10-10,Surgery,5.0,8.0,Alive,
ONC-03610,39.0,Female,Ovarian,,2.22,Current,Occasional,No,31.8,2018-06-27,Radiation Therapy,6.0,14.0,Deceased,Low
ONC-03390,53.0,Female,Blood (Leukemia),Stage IV,2.03,Never,Heavy,Yes,18.4,2017-01-18,,2.0,8.0,Alive,High
ONC-01754,68.0,Male,Brain,Stage I,0.14,Former,None,No,21.2,2023-10-15,,,0.0,Alive,Low
ONC-05744,62.0,Other,Prostate,Stage III,0.96,Current,,No,21.3,2016-04-08,Palliative Care,6.0,,Alive,Medium
ONC-05988,68.0,Female,Prostate,Stage I,3.09,Former,,Yes,23.2,2021-04-30,Palliative Care,5.0,52.0,Alive,Low
ONC-01593,85.0,Other,Blood (Leukemia),Stage IV,5.34,Former,Regular,No,20.0,2019-03-16,Chemotherapy,3.0,20.0,Alive,Low
ONC-02012,61.0,Male,Breast,Stage IV,7.23,Former,Heavy,Yes,19.1,2020-08-22,Chemotherapy,,,Deceased,High
ONC-00020,72.0,Male,Breast,Stage II,3.75,Former,None,Yes,28.1,2018-02-14,,3.0,15.0,Alive,Low
ONC-05076,75.0,Female,Liver,Stage I,2.66,Never,Regular,Yes,24.7,,Immunotherapy,3.0,10.0,Deceased,Medium
ONC-01429,62.0,Female,Breast,Stage II,0.72,Current,Occasional,Yes,26.8,2023-12-22,Combination Therapy,8.0,18.0,Alive,Medium
ONC-04549,25.0,Female,Pancreatic,Stage II,1.45,Never,None,No,29.1,2023-02-07,Chemotherapy,4.0,11.0,Alive,Medium
ONC-06670,68.0,Female,Prostate,Stage IV,2.28,Former,Heavy,No,22.4,2018-11-15,Immunotherapy,8.0,12.0,Alive,Critical
ONC-05357,70.0,Male,Lung,Stage IV,1.33,Former,Heavy,No,33.4,2018-06-13,Palliative Care,5.0,,Alive,Critical
ONC-05588,57.0,Female,Breast,Stage IV,,,Heavy,Yes,24.3,2022-10-16,Palliative Care,4.0,5.0,Alive,High
ONC-03225,74.0,Female,Pancreatic,Stage II,8.79,Never,Regular,No,34.7,2016-02-03,,9.0,26.0,Alive,Medium
ONC-05615,43.0,Male,Liver,Stage IV,4.2,Never,Regular,No,,2015-11-22,Surgery,9.0,22.0,Deceased,Critical
ONC-01170,42.0,Male,Liver,Stage IV,1.68,Former,Regular,No,21.7,2016-12-10,,8.0,7.0,Alive,High
ONC-04882,73.0,Male,Skin (Melanoma),Stage I,0.73,,Heavy,Yes,28.2,2022-09-11,Combination Therapy,9.0,7.0,Deceased,Low
ONC-06714,53.0,Female,Prostate,Stage I,2.4,Current,Heavy,No,21.3,2021-03-26,Combination Therapy,5.0,4.0,Deceased,Low
ONC-03178,82.0,Other,,Stage I,1.17,Never,Regular,Yes,28.9,2021-09-29,Surgery,5.0,23.0,Alive,Medium
ONC-02041,75.0,Other,,,11.73,Former,Occasional,,31.2,2018-11-18,Chemotherapy,8.0,10.0,Deceased,High
ONC-01681,41.0,Other,Lung,Stage III,3.06,Former,,No,28.8,2019-11-19,Immunotherapy,3.0,20.0,Alive,High
ONC-02141,40.0,Female,Brain,Stage II,0.16,Former,Heavy,No,26.3,2017-07-16,Combination Therapy,8.0,21.0,Deceased,High
ONC-06912,69.0,Other,Skin (Melanoma),Stage II,6.02,Current,Occasional,Yes,26.0,2022-10-04,Combination Therapy,4.0,26.0,Deceased,Medium
ONC-02191,72.0,Female,Lung,Stage I,0.84,,None,No,20.1,2018-06-20,Radiation Therapy,7.0,4.0,Deceased,Low
ONC-06313,58.0,Male,Lung,Stage II,1.31,Never,Occasional,No,14.5,2023-12-05,Palliative Care,9.0,5.0,Alive,Medium
ONC-03356,71.0,Female,Breast,Stage IV,18.89,Never,None,No,25.3,2022-08-09,Surgery,7.0,8.0,Alive,Critical
ONC-00948,82.0,,,Stage II,0.9,Former,Heavy,No,22.3,2016-11-03,Palliative Care,8.0,28.0,Alive,Low
ONC-01929,76.0,Other,Breast,,6.92,Never,None,No,27.6,2017-12-01,,4.0,0.0,Alive,
ONC-07483,40.0,Other,Liver,Stage I,1.62,Never,Regular,No,18.7,2022-03-22,Immunotherapy,,38.0,Alive,Low
ONC-05331,52.0,Female,Skin (Melanoma),Stage I,1.89,Never,,Yes,,2024-12-03,Radiation Therapy,7.0,19.0,Alive,Low
ONC-06979,33.0,Male,Ovarian,Stage I,,Current,,No,27.0,2018-08-12,Radiation Therapy,9.0,1.0,Alive,Medium
ONC-07446,31.0,Other,Skin (Melanoma),Stage II,0.22,Former,Heavy,No,22.2,2024-06-18,Immunotherapy,8.0,1.0,Alive,Medium
ONC-05237,51.0,,Prostate,Stage IV,0.83,Never,Heavy,Yes,18.5,2015-03-18,,,9.0,Alive,Critical
ONC-02220,58.0,,Breast,Stage II,1.13,Never,Heavy,,28.7,2018-04-02,Combination Therapy,7.0,3.0,Alive,Medium
ONC-02093,55.0,Female,Colorectal,Stage I,6.91,Never,Heavy,Yes,27.7,2016-03-03,Palliative Care,,12.0,Deceased,
ONC-00905,22.0,Female,Colorectal,Stage IV,1.3,Former,Occasional,No,22.6,2017-11-08,Combination Therapy,,10.0,Alive,High
ONC-00084,65.0,Other,Brain,Stage II,0.3,Never,Occasional,No,22.4,2024-04-08,Chemotherapy,,16.0,Alive,Medium
ONC-02574,88.0,Female,,Stage II,5.93,Never,Regular,Yes,25.6,2023-03-01,Surgery,8.0,,Alive,Medium
ONC-05633,60.0,Unknown,Skin (Melanoma),Stage IV,7.67,Current,Regular,Yes,28.0,2017-02-13,,5.0,72.0,Alive,
ONC-04586,56.0,Female,Skin (Melanoma),Stage III,4.56,Former,,Yes,17.6,2015-07-20,-,3.0,,Alive,Critical
ONC-04643,53.0,Other,Pancreatic,Stage I,1.35,Current,None,,25.8,,Combination Therapy,7.0,13.0,Alive,Medium
ONC-02769,68.0,Other,Lung,Stage IV,8.23,Current,Heavy,Yes,22.9,2019-05-02,Palliative Care,6.0,8.0,Deceased,High
ONC-04658,41.0,Other,Skin (Melanoma),Stage III,1.17,Former,Occasional,No,23.9,2020-07-15,Palliative Care,13.0,6.0,Alive,High
ONC-02414,75.0,Other,Breast,Stage II,1.27,Current,Regular,Yes,26.3,2021-12-30,Chemotherapy,,29.0,,High
ONC-07344,63.0,Female,Ovarian,Stage IV,2.0,Current,None,Yes,23.8,2024-03-18,Combination Therapy,5.0,3.0,Alive,Critical
ONC-01524,92.0,Other,Skin (Melanoma),Stage IV,1.92,,Heavy,No,22.3,2016-06-26,Radiation Therapy,7.0,0.0,Deceased,High
ONC-05446,58.0,Male,Ovarian,Stage IV,3.37,Never,None,,23.9,2024-12-19,,4.0,,Alive,High
ONC-01389,69.0,Male,Skin (Melanoma),Stage I,2.15,Former,Heavy,No,23.7,2015-07-08,Palliative Care,6.0,0.0,Alive,Low
ONC-01024,44.0,Other,Breast,Stage III,,Never,,Yes,23.9,2018-03-12,Surgery,3.0,42.0,Alive,Critical
ONC-01626,41.0,Male,Prostate,Stage II,1.06,Never,None,No,32.3,2016-03-16,Combination Therapy,11.0,,Alive,Low
ONC-07266,51.0,Female,Liver,Stage IV,0.1,Former,Regular,Yes,23.8,2023-05-31,Combination Therapy,6.0,22.0,Alive,Critical
ONC-03417,56.0,Male,Prostate,Stage II,6.49,,Heavy,No,,2020-11-12,,7.0,21.0,,Medium
ONC-01147,51.0,Female,Liver,Stage II,0.8,,Regular,Yes,16.0,2016-08-26,Immunotherapy,8.0,,Deceased,Low
ONC-00679,92.0,,Pancreatic,Stage I,2.31,Current,Occasional,Yes,29.0,2023-10-23,Surgery,7.0,1.0,Alive,Low
ONC-04971,83.0,Female,Brain,Stage IV,1.51,Former,None,Yes,24.8,2015-05-04,Combination Therapy,6.0,5.0,Alive,High
ONC-05134,36.0,Female,Breast,Stage II,1.92,Former,None,,24.9,2023-08-03,,8.0,12.0,Deceased,Low
ONC-05257,60.0,Male,Skin (Melanoma),Stage II,3.92,Never,Occasional,No,,2024-04-06,Palliative Care,4.0,3.0,Alive,Medium
ONC-00246,,,Ovarian,Stage II,0.5,Former,,Yes,36.4,2017-02-17,Palliative Care,6.0,57.0,Alive,Medium
ONC-04755,,Other,Skin (Melanoma),Stage III,0.32,Current,,,29.0,2015-09-28,,12.0,0.0,Alive,Critical
ONC-02626,96.0,Other,Colorectal,Stage IV,4.07,Current,,No,35.6,2021-03-16,Combination Therapy,8.0,4.0,Deceased,Critical
ONC-03595,57.0,Female,Ovarian,Stage II,5.39,Current,Heavy,No,27.6,2022-04-18,Surgery,5.0,30.0,Alive,
ONC-01669,63.0,Male,,Stage I,6.18,Former,Heavy,No,34.9,2016-09-22,Immunotherapy,14.0,5.0,Alive,Medium
ONC-07390,55.0,Male,,Stage III,4.75,Never,Regular,No,31.1,2020-01-24,Surgery,3.0,40.0,Deceased,Medium
ONC-02245,42.0,Male,Lung,Stage I,15.66,Current,Occasional,No,21.9,2015-06-03,Combination Therapy,7.0,1.0,Alive,Medium
ONC-03146,57.0,Female,Liver,Stage I,1.76,Current,Regular,Yes,27.9,2022-08-17,Surgery,4.0,5.0,Alive,Medium
ONC-01515,58.0,Other,Liver,Stage II,0.74,,Regular,Yes,25.9,2016-04-09,Palliative Care,7.0,28.0,Deceased,Medium
ONC-07159,30.0,Other,Ovarian,Stage IV,2.61,Former,Heavy,Yes,20.7,2021-06-10,Chemotherapy,6.0,1.0,Deceased,Critical
ONC-00378,71.0,Female,Lung,Stage II,7.99,,Heavy,No,18.3,2024-03-16,Surgery,8.0,29.0,Alive,Medium
ONC-01556,68.0,Male,Pancreatic,Stage III,6.9,Former,None,Yes,30.6,2015-08-03,Radiation Therapy,10.0,0.0,Alive,Medium
ONC-06322,63.0,Male,Prostate,Stage IV,7.28,Former,Regular,Yes,28.9,2016-04-14,Palliative Care,9.0,26.0,Alive,Critical
ONC-02346,48.0,Female,Skin (Melanoma),Stage I,5.31,Current,Heavy,Yes,26.6,2016-03-28,,8.0,1.0,Alive,Low
ONC-04157,71.0,Male,Lung,Stage IV,7.17,Never,None,Yes,20.8,2020-05-31,Radiation Therapy,1.0,3.0,Alive,High
ONC-06263,64.0,Other,Colorectal,Stage IV,12.71,Never,,No,21.6,,Combination Therapy,,5.0,Alive,Critical
ONC-05789,56.0,Female,Colorectal,Stage I,0.94,Former,Regular,Yes,19.0,2020-03-05,Chemotherapy,,10.0,Deceased,High
ONC-03707,62.0,,Breast,Stage II,2.04,Former,Regular,Yes,30.2,2019-03-19,Radiation Therapy,4.0,7.0,Alive,High
ONC-02164,85.0,Other,Skin (Melanoma),Stage II,,Former,Heavy,Yes,23.6,2023-12-19,Combination Therapy,3.0,57.0,Deceased,Low
ONC-05197,52.0,Male,Blood (Leukemia),Stage I,0.32,,Regular,Yes,20.4,2017-12-24,Palliative Care,5.0,6.0,Alive,Low
ONC-03445,56.0,Other,Pancreatic,Stage II,0.1,Current,Occasional,No,16.6,2015-08-21,Chemotherapy,4.0,42.0,Deceased,Low
ONC-06077,27.0,Other,Colorectal,Stage III,6.42,Never,None,No,15.5,2024-06-14,Chemotherapy,5.0,7.0,Alive,High
ONC-01592,33.0,Other,Lung,Stage II,0.29,Never,None,No,22.2,2020-01-28,Surgery,6.0,50.0,Alive,Low
ONC-02465,41.0,Female,Pancreatic,Stage II,0.38,Former,None,Yes,27.4,2017-01-19,Palliative Care,4.0,13.0,Alive,Low
ONC-05061,51.0,,Skin (Melanoma),Stage II,4.55,,Heavy,Yes,23.2,2018-08-10,Immunotherapy,3.0,67.0,Alive,Low
ONC-03883,52.0,,,Stage I,1.59,Never,None,Yes,20.4,2020-09-26,Immunotherapy,7.0,,Deceased,High
ONC-03185,54.0,Other,Brain,Stage II,1.22,,Heavy,No,30.2,2022-10-11,Immunotherapy,8.0,20.0,Deceased,High
ONC-05994,53.0,Female,Pancreatic,Stage III,13.35,Former,None,Yes,29.9,2018-02-08,,9.0,0.0,Alive,Medium
ONC-07020,60.0,Female,Liver,Stage III,0.54,Current,Regular,No,32.4,2015-07-31,Combination Therapy,,3.0,Deceased,Medium
ONC-04649,34.0,Male,Breast,Stage III,0.31,Never,None,Yes,,2018-05-25,Radiation Therapy,6.0,10.0,Alive,Critical
ONC-07359,74.0,Other,Skin (Melanoma),Stage IV,1.45,Former,,Yes,24.1,,Chemotherapy,3.0,16.0,Alive,Low
ONC-00947,86.0,Male,Breast,Stage I,2.86,Never,None,Yes,19.4,2017-04-16,Chemotherapy,,18.0,Alive,Medium
ONC-02157,56.0,Other,Blood (Leukemia),Stage I,1.68,Former,None,Yes,16.4,2016-10-25,Combination Therapy,9.0,19.0,Alive,Low
ONC-02425,43.0,Male,Skin (Melanoma),,0.46,Never,None,,31.9,2017-08-31,Palliative Care,3.0,14.0,Deceased,Medium
ONC-07052,,Other,Liver,,3.54,Current,None,No,24.8,2019-09-12,Combination Therapy,2.0,30.0,Deceased,Medium
ONC-06877,46.0,Female,Pancreatic,Stage III,0.64,Current,,No,23.2,2024-04-26,Radiation Therapy,6.0,4.0,Deceased,High
ONC-02745,46.0,Male,Skin (Melanoma),Stage I,1.69,Current,None,,30.1,2017-03-07,,3.0,9.0,Deceased,Low
ONC-06732,79.0,,Breast,Stage I,0.64,Current,Heavy,No,29.0,2018-06-06,Palliative Care,7.0,11.0,Alive,
ONC-02795,47.0,Other,Skin (Melanoma),Stage III,0.1,Never,None,No,21.4,2019-09-14,Radiation Therapy,11.0,44.0,Alive,Critical
ONC-06922,45.0,Male,Prostate,Stage IV,0.93,Former,Regular,,16.3,2017-01-09,Palliative Care,4.0,33.0,Alive,Critical
ONC-01901,62.0,,Liver,Stage I,4.85,Former,Occasional,No,26.8,2018-02-12,,5.0,10.0,,Low
ONC-07132,51.0,Other,Breast,Stage I,1.26,Current,,Yes,27.2,2018-05-29,Chemotherapy,11.0,17.0,Alive,Low
ONC-05716,63.0,Female,Brain,Stage III,0.5,Former,None,Yes,23.7,2022-12-26,Palliative Care,7.0,61.0,Deceased,High
ONC-01001,75.0,Other,Skin (Melanoma),Stage II,5.43,Current,Occasional,No,33.9,2018-02-10,Chemotherapy,7.0,5.0,Deceased,Critical
ONC-06318,74.0,Female,Brain,Stage III,3.72,Never,Heavy,No,21.4,2022-11-01,Combination Therapy,6.0,8.0,Deceased,High
ONC-00608,69.0,Other,Breast,Stage III,3.34,,Occasional,No,24.9,2017-02-06,Combination Therapy,,9.0,Alive,Critical
ONC-01562,68.0,Other,Skin (Melanoma),Stage II,0.39,Current,None,Yes,26.9,2022-03-18,Palliative Care,6.0,4.0,Alive,Low
ONC-05241,55.0,Other,,Stage I,0.66,Former,Heavy,No,25.2,2015-12-12,Palliative Care,5.0,11.0,Alive,Low
ONC-03992,49.0,Male,,Stage IV,0.99,Former,Regular,No,13.8,,,8.0,25.0,Alive,Medium
ONC-03884,65.0,Male,Skin (Melanoma),Stage II,8.62,Former,,No,21.5,2024-02-23,Radiation Therapy,,2.0,Alive,Low
ONC-05363,43.0,Female,Breast,Stage III,0.12,Current,None,Yes,25.9,2024-12-20,Immunotherapy,3.0,11.0,Alive,High
ONC-00379,52.0,Other,Prostate,,5.09,Former,Occasional,Yes,25.2,2016-12-12,Chemotherapy,8.0,21.0,Deceased,Low
ONC-03882,55.0,Other,Ovarian,Stage II,8.07,,Regular,No,15.0,2015-04-02,Radiation Therapy,5.0,70.0,Deceased,Low
ONC-06368,41.0,Female,Ovarian,Stage IV,0.23,Current,Heavy,Yes,34.2,2023-11-15,Chemotherapy,7.0,20.0,Alive,High
ONC-06846,53.0,Female,Colorectal,Stage II,0.31,,None,Yes,34.0,2017-07-11,,7.0,7.0,,High
ONC-03733,74.0,Other,Blood (Leukemia),Stage IV,7.25,Current,Regular,No,27.9,2020-08-19,Immunotherapy,5.0,20.0,Alive,Critical
ONC-02159,59.0,Male,Prostate,,2.37,Never,Regular,No,40.4,,Surgery,10.0,15.0,Alive,
ONC-04427,41.0,Male,Prostate,Stage II,3.82,Former,Occasional,No,22.1,2018-04-01,Immunotherapy,6.0,18.0,Alive,Medium
ONC-03112,56.0,Male,Lung,Stage IV,0.94,Former,,Yes,25.3,2018-02-28,Combination Therapy,3.0,10.0,Alive,High
ONC-02922,35.0,Female,Prostate,Stage I,0.98,Current,Occasional,Yes,,2021-09-27,Immunotherapy,5.0,19.0,Deceased,Low
ONC-06801,77.0,Other,Lung,Stage IV,0.48,Never,None,Yes,21.1,2024-07-26,Combination Therapy,3.0,7.0,Alive,Critical
ONC-05885,48.0,,Colorectal,Stage IV,0.22,Current,Heavy,Yes,22.8,2023-08-15,Radiation Therapy,2.0,10.0,Alive,Critical
ONC-01451,86.0,Female,Pancreatic,Stage III,2.74,Former,Occasional,Yes,26.2,2018-08-15,Surgery,5.0,19.0,Alive,Medium
ONC-05564,49.0,Other,Ovarian,Stage II,,Never,,No,22.6,2017-02-16,Chemotherapy,7.0,2.0,Alive,Low
ONC-03810,76.0,Other,Colorectal,Stage I,6.88,Former,None,No,30.0,2017-02-16,Radiation Therapy,0.0,1.0,Alive,Low
ONC-01418,60.0,,Skin (Melanoma),Stage II,5.06,Former,None,No,23.3,2020-07-11,Palliative Care,,27.0,Deceased,Medium
ONC-02739,52.0,Male,Brain,Stage I,4.22,Never,Heavy,No,19.4,2017-09-08,,7.0,18.0,Alive,Medium
ONC-03832,56.0,Female,Prostate,Stage III,1.49,Former,Regular,Yes,23.0,2019-11-25,Palliative Care,6.0,14.0,Deceased,Medium
ONC-04010,42.0,Female,Pancreatic,Stage III,2.46,Never,Regular,Yes,22.5,,Palliative Care,,2.0,Deceased,High
ONC-00749,64.0,Male,Brain,Stage IV,1.4,Current,None,,25.4,2017-12-14,Immunotherapy,9.0,58.0,Alive,High
ONC-02734,,Male,Blood (Leukemia),Stage IV,4.87,Current,,Yes,26.5,2015-04-30,Chemotherapy,7.0,22.0,Deceased,Critical
ONC-05966,,Other,Brain,Stage I,1.7,Never,Occasional,No,26.8,2023-04-01,Combination Therapy,4.0,,Alive,Medium
ONC-04198,63.0,Other,Blood (Leukemia),Stage IV,1.55,Never,Occasional,Yes,25.2,2017-04-03,Surgery,2.0,2.0,Alive,High
ONC-00079,62.0,Other,,Stage II,1.92,Former,None,Yes,19.7,,Combination Therapy,7.0,40.0,Deceased,Low
ONC-07381,57.0,Female,Pancreatic,Stage I,0.16,Current,Regular,No,31.2,2019-09-30,Immunotherapy,,14.0,Alive,Medium
ONC-02298,57.0,Other,Prostate,Stage III,1.91,,None,,18.4,,Combination Therapy,8.0,45.0,Alive,Critical
ONC-07248,67.0,Male,Brain,Stage III,1.43,Current,Regular,Yes,24.7,2019-04-23,Radiation Therapy,,26.0,Deceased,
ONC-02671,68.0,Other,Colorectal,Stage II,1.33,Never,,No,20.6,2017-01-04,Palliative Care,6.0,7.0,Deceased,High
ONC-03179,53.0,Female,Blood (Leukemia),Stage IV,5.46,Never,,,18.3,2019-07-19,Immunotherapy,4.0,5.0,Alive,High
ONC-06334,41.0,Female,Pancreatic,Stage II,0.48,Current,Heavy,Yes,29.3,2020-02-10,Radiation Therapy,,6.0,Alive,Low
ONC-00116,84.0,Male,Ovarian,Stage III,0.3,Current,None,No,27.0,2022-11-11,Radiation Therapy,5.0,1.0,Alive,Critical
ONC-02268,,Female,Ovarian,Stage IV,3.92,,Heavy,Yes,25.5,2017-06-07,Palliative Care,,62.0,Alive,High
ONC-05474,56.0,Female,Colorectal,Stage I,4.58,Never,Occasional,,16.6,2016-04-26,Immunotherapy,6.0,0.0,Deceased,Low
ONC-01445,55.0,Other,Pancreatic,Stage IV,3.43,Never,Heavy,No,31.1,2022-07-03,Surgery,7.0,12.0,Alive,
ONC-01907,54.0,Male,Skin (Melanoma),Stage IV,4.06,Former,Heavy,No,,2015-01-12,Surgery,3.0,,Alive,Critical
ONC-06420,62.0,Male,Liver,Stage II,0.6,Never,Heavy,No,17.5,2022-03-03,Radiation Therapy,3.0,1.0,Alive,Medium
ONC-00335,72.0,Other,Colorectal,Stage II,9.59,Never,Occasional,Yes,23.7,2016-11-04,Immunotherapy,3.0,3.0,Alive,High
ONC-00636,56.0,Male,Pancreatic,Stage IV,0.1,Former,None,No,29.1,,Palliative Care,4.0,,Alive,High
ONC-02288,73.0,Female,Pancreatic,Stage II,4.05,Never,None,Yes,27.3,2022-12-07,Palliative Care,8.0,8.0,Alive,Low
ONC-06676,,Female,Brain,Stage IV,0.8,Current,Regular,No,28.2,2022-08-08,Immunotherapy,7.0,6.0,Alive,Critical
ONC-00652,62.0,Male,Colorectal,Stage I,1.01,Never,Occasional,Yes,,2022-12-10,Surgery,7.0,1.0,Alive,Low
ONC-05026,56.0,Other,Lung,Stage IV,3.36,Former,,No,18.3,2015-12-05,Palliative Care,2.0,2.0,Deceased,Critical
ONC-04218,52.0,Male,Liver,Stage III,4.99,Former,Regular,No,34.1,2015-07-31,Chemotherapy,6.0,4.0,Deceased,High
ONC-07425,68.0,Male,Brain,Stage I,1.17,Never,Occasional,Yes,31.5,2019-02-08,Immunotherapy,6.0,33.0,Alive,Medium
ONC-03731,59.0,Female,Pancreatic,Stage III,0.73,Current,None,Yes,35.4,2020-10-09,Immunotherapy,,3.0,Alive,Low
ONC-01546,56.0,Female,Blood (Leukemia),Stage IV,3.76,Former,Heavy,Yes,19.3,2017-05-07,Radiation Therapy,5.0,10.0,Alive,Medium
ONC-00326,70.0,Female,Liver,,0.14,Current,Regular,No,25.9,,Surgery,6.0,,Alive,Medium
ONC-02559,54.0,Female,Liver,Stage II,16.93,Never,Occasional,Yes,21.9,2024-11-18,Radiation Therapy,8.0,15.0,Deceased,Medium
ONC-00280,65.0,Other,,Stage III,9.45,Current,Occasional,No,28.4,2019-03-13,,6.0,14.0,Alive,Medium
ONC-02170,76.0,Female,Skin (Melanoma),Stage II,0.19,Never,Occasional,No,18.6,2021-06-06,Surgery,1.0,25.0,Deceased,High
ONC-06248,,Female,Colorectal,Stage IV,,Former,Occasional,No,31.6,2015-09-10,Immunotherapy,6.0,1.0,Alive,Critical
ONC-01181,84.0,,Breast,Stage I,1.65,Never,Occasional,No,23.7,2024-03-19,Combination Therapy,,47.0,,Low
ONC-01190,46.0,Male,Prostate,Stage II,1.92,Former,Heavy,No,22.2,2023-07-10,Chemotherapy,5.0,45.0,Deceased,Low
ONC-06203,78.0,Other,Lung,Stage IV,5.19,Current,,Yes,36.6,2017-04-29,Chemotherapy,6.0,55.0,Alive,High
ONC-03003,,Other,Pancreatic,Stage IV,1.3,Former,Occasional,Yes,21.7,2023-04-21,Radiation Therapy,5.0,,Deceased,
ONC-04694,52.0,,Blood (Leukemia),Stage I,0.17,Current,Occasional,Yes,18.8,2023-12-30,Chemotherapy,6.0,,Alive,Low
ONC-04324,38.0,Female,Ovarian,Stage I,7.43,,Occasional,Yes,30.3,,Palliative Care,4.0,19.0,Deceased,Low
ONC-06478,60.0,Other,Brain,Stage III,3.26,Current,Regular,Yes,29.6,2024-06-29,Surgery,6.0,15.0,Deceased,High
ONC-05620,76.0,Female,Prostate,Stage III,0.46,Current,,,21.8,2022-10-19,Immunotherapy,8.0,24.0,Deceased,Critical
ONC-05723,60.0,Male,Liver,Stage III,0.68,,Occasional,Yes,31.3,2015-11-14,,9.0,2.0,Alive,Medium
ONC-04122,61.0,Female,,Stage I,3.93,Never,Occasional,Yes,27.2,,Palliative Care,9.0,5.0,Deceased,Low
ONC-04600,65.0,Male,Brain,Stage III,3.2,Current,Regular,No,22.1,2018-10-23,Combination Therapy,5.0,79.0,Alive,Low
ONC-00801,53.0,Male,Liver,Stage I,0.11,Never,Heavy,No,17.7,2018-03-13,Palliative Care,6.0,9.0,Deceased,Low
ONC-02601,52.0,Male,Colorectal,Stage III,5.95,Current,Heavy,Yes,26.8,2024-03-27,Combination Therapy,5.0,0.0,Alive,High
ONC-03535,55.0,Other,Brain,Stage IV,0.59,Former,Occasional,Yes,30.0,2015-11-25,,5.0,20.0,Alive,Critical
ONC-06523,,Female,Ovarian,Stage IV,2.66,,Heavy,Yes,28.5,2021-04-25,Immunotherapy,6.0,16.0,Alive,Medium
ONC-02457,68.0,Female,Colorectal,Stage IV,6.28,Current,Heavy,,23.0,2018-06-02,Immunotherapy,6.0,2.0,Deceased,Critical
ONC-00118,74.0,Other,Prostate,Stage IV,4.55,Current,Heavy,Yes,,2024-12-05,Immunotherapy,4.0,24.0,Alive,High
ONC-02925,50.0,Other,Colorectal,Stage I,0.7,Never,Heavy,Yes,20.2,,Palliative Care,7.0,23.0,Alive,Low
ONC-01588,84.0,Female,Prostate,Stage II,5.2,Former,None,No,25.5,2023-03-17,Radiation Therapy,5.0,,Alive,Medium
ONC-05101,49.0,,Breast,Stage II,5.24,Current,Heavy,No,24.5,2023-03-30,Combination Therapy,5.0,,Deceased,Medium
ONC-05181,63.0,Other,Pancreatic,Stage IV,2.73,Never,Regular,Yes,27.7,2023-04-15,Radiation Therapy,6.0,3.0,Alive,Critical
ONC-02653,29.0,Male,,Stage I,1.22,Current,Heavy,No,32.8,2021-03-18,,4.0,6.0,Deceased,Low
ONC-04320,40.0,Other,Lung,Stage I,4.73,Current,None,Yes,25.5,2021-07-15,Palliative Care,6.0,13.0,Alive,Low
ONC-01310,83.0,Other,Liver,,0.8,Former,Occasional,No,37.0,2022-11-05,Combination Therapy,12.0,,Alive,High
ONC-06739,84.0,Other,Breast,,0.87,Never,Occasional,Yes,25.4,2017-08-31,Surgery,9.0,1.0,Deceased,Critical
ONC-05641,71.0,Other,Ovarian,,5.14,Former,Heavy,No,31.6,2015-06-09,Combination Therapy,6.0,,Deceased,Low
ONC-06897,45.0,Male,Blood (Leukemia),Stage IV,9.39,Former,Regular,No,26.9,2015-09-27,Palliative Care,9.0,,Alive,Medium
ONC-05066,79.0,Other,Prostate,,1.75,Never,None,No,17.8,2018-11-28,Radiation Therapy,,20.0,Alive,Medium
ONC-01911,77.0,Female,Lung,Stage III,4.52,Never,Occasional,Yes,17.0,,Immunotherapy,5.0,18.0,Alive,High
ONC-02002,20.0,Female,Brain,Stage IV,4.25,Never,Heavy,No,31.6,2015-04-06,Palliative Care,8.0,34.0,,High
ONC-00454,71.0,Male,Breast,Stage II,3.3,Current,,Yes,25.8,2018-06-02,Chemotherapy,5.0,14.0,Deceased,Low
ONC-03640,62.0,Female,Ovarian,Stage IV,0.31,Never,Heavy,No,34.3,2021-09-05,,5.0,0.0,Alive,Medium
ONC-06167,37.0,Other,Breast,Stage I,0.14,Current,None,Yes,32.3,2024-04-05,Surgery,7.0,47.0,Alive,Medium
ONC-04854,66.0,Other,Pancreatic,Stage III,7.92,Never,Occasional,Yes,21.6,2016-05-18,Chemotherapy,4.0,26.0,Deceased,High
ONC-04704,60.0,Other,Colorectal,Stage II,1.67,Current,Occasional,Yes,22.8,2022-06-02,Combination Therapy,9.0,38.0,Alive,High
ONC-07048,90.0,Other,Liver,Stage III,3.29,Never,Regular,No,25.8,2019-08-26,Chemotherapy,9.0,69.0,Alive,Critical
ONC-05011,50.0,Male,Breast,Stage IV,2.41,Never,Regular,Yes,26.3,2021-07-11,Surgery,6.0,10.0,Deceased,Critical
ONC-06520,41.0,N/A,Colorectal,Stage IV,3.53,Never,Occasional,No,23.5,2016-01-07,,11.0,5.0,Alive,Critical
ONC-06305,,Other,Pancreatic,Stage IV,1.77,Never,Regular,Yes,24.2,,Radiation Therapy,8.0,37.0,Alive,High
ONC-07011,54.0,Male,Colorectal,Stage III,4.5,Current,Heavy,Yes,28.5,2022-09-16,Immunotherapy,6.0,13.0,Deceased,Medium
ONC-05577,56.0,Female,Pancreatic,Stage II,1.37,Current,None,No,18.1,2023-12-29,Radiation Therapy,8.0,10.0,Alive,
ONC-03482,29.0,Female,,Stage II,3.62,Never,,No,22.4,2016-01-02,Radiation Therapy,6.0,29.0,Deceased,Medium
ONC-04179,73.0,Other,Skin (Melanoma),Stage III,1.55,Former,Regular,No,22.7,2020-05-21,,6.0,9.0,Deceased,Medium
ONC-03926,,Male,Ovarian,Stage IV,2.02,Never,Regular,No,17.2,2017-01-07,Chemotherapy,,11.0,Alive,Medium
ONC-02255,55.0,Female,Ovarian,Stage III,0.91,Former,Regular,Yes,,2020-10-24,Palliative Care,5.0,7.0,Alive,Critical
ONC-06608,51.0,Female,Prostate,Stage II,0.92,,Heavy,Yes,28.3,2022-10-24,Immunotherapy,7.0,18.0,Alive,Medium
ONC-06374,75.0,Other,Brain,Stage II,0.73,Former,Regular,No,25.8,2017-09-02,Surgery,,7.0,Alive,
ONC-03083,34.0,Male,Pancreatic,Stage III,3.2,Current,Heavy,No,21.8,2015-07-01,Chemotherapy,8.0,8.0,Deceased,Critical
ONC-02999,60.0,,Breast,Stage I,6.31,Current,None,Yes,20.0,2015-09-03,Palliative Care,6.0,5.0,Alive,Low
ONC-06394,46.0,Female,Blood (Leukemia),Stage II,0.11,Current,Regular,Yes,23.4,2015-01-31,Surgery,8.0,32.0,Deceased,Medium
ONC-02611,65.0,Female,Liver,Stage III,2.89,Never,Occasional,Yes,19.6,2016-11-20,,,11.0,Alive,Medium
ONC-04813,52.0,Female,Skin (Melanoma),Stage III,0.1,Current,Heavy,No,21.0,2016-01-29,Surgery,5.0,,Alive,Critical
ONC-01228,55.0,Male,Lung,Stage IV,5.47,Never,Occasional,No,36.9,2021-05-25,Radiation Therapy,9.0,44.0,Deceased,Medium
ONC-00325,62.0,Female,Breast,Stage II,3.45,Former,,Yes,27.9,,Surgery,3.0,24.0,Alive,Low
ONC-04241,25.0,Other,Lung,Stage I,1.14,Former,None,Yes,23.4,2019-04-17,Palliative Care,,,Deceased,Low
ONC-06239,45.0,Female,Colorectal,Stage I,2.07,Former,Occasional,Yes,23.2,2021-02-06,Radiation Therapy,5.0,29.0,Alive,Low
ONC-06671,52.0,Male,Brain,,7.74,Never,None,No,32.2,2020-11-11,Palliative Care,5.0,2.0,Alive,Medium
ONC-01294,75.0,Other,Blood (Leukemia),Stage IV,7.92,Never,,No,,2017-01-03,Palliative Care,9.0,56.0,Deceased,High
ONC-05897,41.0,Male,Colorectal,Stage I,0.1,Never,,No,22.2,2020-02-29,,6.0,,,Low
ONC-05657,30.0,Female,Prostate,Stage II,10.45,Never,None,Yes,19.5,2023-05-14,Palliative Care,,,Alive,Low
ONC-03835,,Female,Prostate,Stage IV,6.64,Current,None,No,22.7,2024-12-02,Palliative Care,6.0,4.0,Deceased,Critical
ONC-04836,74.0,Female,Liver,Stage IV,2.14,Never,Occasional,No,24.6,2021-08-14,Combination Therapy,3.0,19.0,Alive,High
ONC-06720,50.0,Other,Skin (Melanoma),Stage IV,3.15,Former,Heavy,No,30.6,2022-08-16,Palliative Care,5.0,1.0,Alive,High
ONC-04756,,,Prostate,Stage I,3.37,,Regular,No,26.6,2021-10-11,Immunotherapy,5.0,14.0,Deceased,Low
ONC-03300,74.0,Other,Prostate,Stage IV,1.44,Never,Heavy,Yes,25.3,,Combination Therapy,9.0,23.0,Alive,High
ONC-02204,29.0,,Lung,Stage III,3.27,Current,Heavy,Yes,22.0,,Immunotherapy,7.0,21.0,Alive,High
ONC-04916,59.0,Female,Colorectal,Stage III,3.69,Former,Regular,No,27.9,2024-10-06,Radiation Therapy,9.0,34.0,Alive,Medium
ONC-04563,71.0,Male,Brain,Stage II,10.73,Former,Regular,No,25.0,2024-12-15,Palliative Care,7.0,27.0,Deceased,Medium
ONC-00325,62.0,Female,Breast,Stage II,3.45,Former,,Yes,27.9,,Surgery,3.0,24.0,Alive,Low
ONC-02786,71.0,Other,Pancreatic,Stage IV,8.86,Current,None,No,23.0,2018-11-13,Immunotherapy,6.0,9.0,Deceased,Critical
ONC-02421,82.0,Male,Colorectal,Stage I,8.69,Current,Heavy,,24.5,2019-10-01,Radiation Therapy,8.0,7.0,Alive,
ONC-07046,46.0,Male,Colorectal,Stage II,4.43,Current,Occasional,Yes,25.0,2023-03-25,Surgery,4.0,23.0,Deceased,Low
ONC-04189,56.0,Female,Skin (Melanoma),Stage II,0.27,,None,No,21.9,2017-12-03,,6.0,7.0,Deceased,Medium
ONC-01423,50.0,Female,Breast,Stage II,5.41,Never,Heavy,,34.5,2024-08-14,Radiation Therapy,10.0,46.0,Alive,Low
ONC-04691,68.0,Other,,Stage I,7.18,Current,Heavy,,29.0,2015-02-25,Palliative Care,8.0,13.0,Alive,Medium
ONC-02994,,Female,,Stage IV,4.25,Never,Regular,No,30.6,2018-12-07,Chemotherapy,9.0,13.0,Alive,High
ONC-03679,,,Skin (Melanoma),Stage I,1.05,Current,Occasional,No,22.6,2019-12-13,Combination Therapy,12.0,23.0,Deceased,Low
ONC-03311,39.0,Other,Liver,Stage II,,Never,Regular,,31.3,2016-05-02,Radiation Therapy,6.0,44.0,Alive,Medium
ONC-00110,46.0,Male,Colorectal,Stage III,3.05,Current,Regular,Yes,25.9,2022-01-17,Surgery,3.0,5.0,Deceased,Medium
ONC-05922,72.0,Other,Lung,,,Former,Heavy,Yes,29.9,2017-03-09,Surgery,8.0,0.0,Alive,Medium
ONC-06084,51.0,Other,Skin (Melanoma),,0.35,Never,Occasional,Yes,21.0,2018-12-26,Palliative Care,6.0,33.0,Alive,Low
ONC-03789,55.0,Female,Colorectal,Stage I,2.18,Current,Occasional,No,26.4,2019-03-12,Chemotherapy,9.0,,Alive,Low
ONC-05567,34.0,,Colorectal,Stage I,3.97,Current,None,No,31.4,2017-07-10,Surgery,4.0,1.0,Alive,Medium
ONC-07239,48.0,,Skin (Melanoma),,7.16,,,Yes,21.7,2021-01-03,,4.0,20.0,Deceased,Low
ONC-05339,45.0,Female,,,12.15,Former,Heavy,Yes,24.0,2015-12-18,Surgery,3.0,6.0,Deceased,Medium
ONC-04535,55.0,Female,Brain,Stage III,3.68,,None,Yes,21.5,2015-02-26,Radiation Therapy,6.0,17.0,Alive,High
ONC-04349,40.0,,Skin (Melanoma),Stage I,3.05,Former,Occasional,No,25.0,2024-06-27,,7.0,0.0,,Low
ONC-04829,85.0,Other,Breast,,2.89,,Regular,Yes,23.8,2018-06-02,Combination Therapy,10.0,23.0,Alive,Critical
ONC-07067,65.0,Male,Liver,Stage I,3.81,Current,None,,23.7,2021-04-18,Immunotherapy,3.0,7.0,Alive,Low
ONC-03931,22.0,Female,Ovarian,Stage IV,3.32,Current,Heavy,No,28.9,2018-10-27,Palliative Care,,,Alive,High
ONC-06610,58.0,Other,Skin (Melanoma),Stage II,3.06,Never,Occasional,Yes,31.0,2017-03-20,Palliative Care,5.0,10.0,,Medium
ONC-03226,76.0,,Colorectal,Stage III,1.34,,,Yes,25.3,2015-05-03,Combination Therapy,,11.0,Alive,Medium
ONC-01426,90.0,Female,Lung,Stage III,1.88,Never,Regular,No,26.2,2022-03-15,Surgery,5.0,17.0,Deceased,High
ONC-06480,58.0,Other,Lung,Stage II,4.22,Current,Regular,Yes,28.8,2022-04-15,Immunotherapy,6.0,43.0,Alive,High
ONC-06954,71.0,Male,Ovarian,Stage I,2.91,Former,Heavy,No,27.0,2016-12-29,Immunotherapy,5.0,,Alive,Medium
ONC-07442,67.0,Other,Breast,Stage III,7.28,Former,Occasional,Yes,27.3,2017-09-02,NA,3.0,1.0,Alive,Critical
ONC-05495,58.0,Male,Breast,Stage II,2.91,,None,Yes,28.2,2016-09-07,Combination Therapy,,41.0,Alive,Medium
ONC-06037,39.0,Other,Liver,Stage II,0.21,Former,Regular,,21.1,2024-05-27,Chemotherapy,7.0,16.0,Alive,Medium
ONC-02070,,Male,Brain,Stage I,0.96,Never,None,Yes,22.0,2022-04-23,Chemotherapy,4.0,10.0,Deceased,Medium
ONC-01790,61.0,Male,Ovarian,Stage II,3.63,,Heavy,No,24.7,2023-07-23,Combination Therapy,7.0,8.0,Alive,Medium
ONC-01097,62.0,Male,Skin (Melanoma),Stage II,1.94,Former,Regular,No,25.9,2016-11-04,,,16.0,Alive,High
ONC-04432,52.0,Female,Brain,Stage III,2.76,,None,No,29.9,2015-12-03,Chemotherapy,6.0,,Deceased,Low
ONC-06268,19.0,Male,Pancreatic,Stage III,2.02,Current,Heavy,Yes,20.8,2019-03-28,Radiation Therapy,4.0,0.0,,Critical
ONC-06794,50.0,Male,Ovarian,Stage II,3.29,Never,None,No,17.8,2019-10-20,Palliative Care,5.0,17.0,Alive,Medium
ONC-00764,33.0,Female,Colorectal,Stage I,5.79,Former,Heavy,No,22.5,2019-09-25,Palliative Care,7.0,,Deceased,Low
ONC-05803,54.0,Female,Colorectal,Stage IV,2.18,Former,Heavy,,32.9,2021-10-11,Combination Therapy,8.0,7.0,Deceased,High
ONC-00961,41.0,Male,Colorectal,Stage IV,7.73,Never,,Yes,28.9,2016-02-01,Surgery,,35.0,Deceased,Critical
ONC-03620,55.0,Female,Colorectal,Stage III,3.74,,Heavy,No,27.7,,Surgery,,16.0,Alive,High
ONC-03894,39.0,Other,Prostate,Stage IV,3.21,Current,Regular,Yes,25.8,2020-12-26,Surgery,13.0,,Alive,Critical
ONC-01158,,Male,Colorectal,Stage IV,0.1,,Regular,Yes,24.7,2020-11-21,Combination Therapy,,20.0,Alive,Medium
ONC-02407,71.0,Other,Prostate,,2.27,Current,Regular,No,32.8,2017-04-21,Combination Therapy,10.0,20.0,Alive,Critical
ONC-05570,56.0,Male,,Stage IV,8.41,Never,Occasional,No,24.0,2024-07-19,Surgery,2.0,11.0,Alive,Critical
ONC-06685,64.0,Male,,Stage IV,0.97,Former,Occasional,Yes,20.5,2024-06-04,,7.0,8.0,Alive,Critical
ONC-06658,69.0,Male,Ovarian,Stage I,3.71,Never,Occasional,Yes,29.5,2017-04-10,,4.0,19.0,,Low
ONC-00604,,Other,,Stage I,1.08,Current,Regular,Yes,22.6,2016-04-11,Palliative Care,6.0,26.0,Alive,Low
ONC-05640,,Male,Ovarian,,1.19,Never,None,No,31.5,2017-09-23,Combination Therapy,3.0,0.0,Alive,Medium
ONC-03336,65.0,Other,Colorectal,Stage IV,4.03,Current,None,,29.2,2020-05-07,Combination Therapy,3.0,,Alive,High
ONC-06012,63.0,Male,,Stage II,1.59,Never,None,Yes,31.4,2016-06-05,Palliative Care,4.0,,Deceased,Low
ONC-06791,84.0,Female,Pancreatic,Stage IV,0.81,Former,Regular,No,33.1,2024-06-16,Radiation Therapy,7.0,1.0,Alive,Critical
ONC-05831,54.0,Other,Prostate,Stage II,11.98,Former,Regular,Yes,21.9,2015-08-03,Radiation Therapy,9.0,7.0,Deceased,Medium
ONC-03916,,Female,Prostate,Stage IV,7.96,Former,Heavy,No,30.5,2017-01-17,Chemotherapy,6.0,25.0,Alive,Critical
ONC-05658,53.0,Male,Prostate,Stage III,0.72,Current,Regular,Yes,26.7,2024-09-18,Palliative Care,6.0,1.0,Alive,High
ONC-06656,76.0,Female,Liver,Stage I,8.15,Current,Regular,,32.0,2018-11-15,Palliative Care,,1.0,Alive,Low
ONC-04612,57.0,Female,Ovarian,Stage III,0.48,Never,Regular,No,18.8,2022-01-24,Chemotherapy,7.0,9.0,Alive,High
ONC-06079,58.0,Other,Colorectal,Stage III,5.31,Current,Occasional,Yes,29.8,2020-08-17,Surgery,,1.0,Deceased,Low
ONC-00420,36.0,Female,Pancreatic,Stage III,0.1,,Occasional,No,,2019-07-10,Chemotherapy,4.0,44.0,Alive,Medium
ONC-02585,58.0,Other,Skin (Melanoma),Stage IV,,Never,Regular,,25.5,2023-01-08,Immunotherapy,9.0,1.0,Deceased,
ONC-06253,67.0,Other,Ovarian,Stage III,4.17,Never,Occasional,No,21.8,2024-10-30,Immunotherapy,,4.0,Alive,High
ONC-03183,74.0,Female,Skin (Melanoma),Stage IV,0.88,Former,None,Yes,21.4,,Surgery,7.0,3.0,Alive,Critical
ONC-03936,37.0,Female,Liver,Stage III,2.26,Current,Occasional,No,31.3,,Immunotherapy,4.0,32.0,Deceased,High
ONC-04105,50.0,Male,Liver,Stage IV,14.99,Current,Heavy,Yes,30.6,2019-01-03,Radiation Therapy,9.0,8.0,Alive,High
ONC-03568,37.0,Other,Lung,Stage I,,Never,Heavy,Yes,35.5,2021-09-14,,8.0,31.0,Alive,High
ONC-05811,65.0,Other,Ovarian,Stage III,0.2,Former,Occasional,Yes,21.7,2017-06-01,Palliative Care,1.0,15.0,Deceased,High
ONC-04054,58.0,Female,Blood (Leukemia),Stage II,1.02,Former,Heavy,Yes,33.5,2017-08-11,Immunotherapy,8.0,8.0,Alive,Medium
ONC-00681,58.0,Female,Blood (Leukemia),Stage II,5.02,Never,None,Yes,23.6,2023-04-10,Immunotherapy,3.0,13.0,Deceased,High
ONC-05918,48.0,Female,Skin (Melanoma),Stage IV,0.64,Never,None,No,25.8,,Surgery,4.0,1.0,Alive,High
ONC-06270,48.0,Female,Pancreatic,Stage I,1.2,Former,Heavy,Yes,23.7,2018-07-12,Immunotherapy,7.0,7.0,Alive,Low
ONC-06828,,Male,Skin (Melanoma),Stage II,5.45,Former,Occasional,,29.8,2016-06-04,Radiation Therapy,,14.0,Alive,Medium
ONC-00699,70.0,Other,Prostate,Stage II,0.16,Never,Regular,,22.8,2022-08-27,Combination Therapy,7.0,87.0,Deceased,Medium
ONC-01536,45.0,Female,Lung,Stage III,1.93,Current,None,No,33.1,2023-02-26,Radiation Therapy,,14.0,Alive,
ONC-01083,50.0,Other,Colorectal,Stage II,3.28,Never,,No,26.7,,Chemotherapy,5.0,2.0,Alive,High
ONC-05828,47.0,Female,Prostate,Stage IV,,Never,Occasional,No,23.9,2017-01-20,Chemotherapy,7.0,,,Critical
ONC-05224,69.0,Other,Liver,,0.36,Never,None,No,31.6,2019-06-23,,7.0,11.0,Alive,Low
ONC-07286,59.0,,Prostate,Stage II,4.95,Never,,No,27.9,2016-07-18,Chemotherapy,4.0,12.0,Alive,Medium
ONC-05274,50.0,Other,Brain,Stage I,0.75,Current,,,16.5,2023-08-31,Palliative Care,4.0,25.0,Deceased,
ONC-03270,,Male,Blood (Leukemia),Stage III,,Current,Occasional,No,17.6,2022-06-02,Chemotherapy,,2.0,Alive,High
ONC-07189,47.0,,,Stage IV,,Never,Regular,Yes,21.4,2018-03-04,Palliative Care,3.0,15.0,Deceased,High
ONC-02293,55.0,Other,Prostate,Stage III,5.49,Current,Occasional,Yes,26.7,,Surgery,,10.0,Alive,Low
ONC-06797,60.0,Female,Blood (Leukemia),Stage I,2.37,Current,None,No,24.6,2015-07-10,Radiation Therapy,9.0,11.0,Alive,Medium
ONC-06875,60.0,Male,Pancreatic,,5.26,Never,,,30.1,2024-04-25,Chemotherapy,3.0,0.0,Alive,Critical
ONC-06292,47.0,Other,Lung,Stage III,1.85,Current,Regular,Yes,19.0,2022-07-09,Chemotherapy,4.0,14.0,Alive,High
ONC-06933,50.0,Female,Prostate,Stage II,1.09,Never,Heavy,No,22.6,2015-07-23,Surgery,4.0,8.0,Alive,Medium
ONC-01691,47.0,Female,Blood (Leukemia),Stage II,3.42,Current,None,Yes,18.8,2022-06-30,Combination Therapy,4.0,10.0,Alive,Medium
ONC-01329,,Male,Ovarian,Stage IV,0.1,Former,Heavy,No,33.7,,Surgery,5.0,20.0,Alive,Critical
ONC-05978,,,Skin (Melanoma),Stage IV,12.33,Current,Occasional,,23.3,2024-06-05,Immunotherapy,5.0,0.0,Deceased,Critical
ONC-01873,73.0,Other,Pancreatic,Stage II,3.73,Current,Occasional,,36.7,2024-05-24,Surgery,8.0,40.0,Alive,Low
ONC-04369,85.0,Other,Skin (Melanoma),Stage IV,7.77,,Occasional,No,21.4,2024-02-25,Combination Therapy,,,Alive,High
ONC-00690,86.0,Other,Skin (Melanoma),Stage II,4.55,Current,None,No,21.6,2020-03-14,Chemotherapy,4.0,0.0,Deceased,Medium
ONC-03664,71.0,,Breast,Stage IV,6.77,Never,Regular,Yes,24.8,2018-12-11,Surgery,5.0,,Deceased,High
ONC-02902,56.0,Other,Prostate,Stage I,1.8,Former,Occasional,,18.5,2021-03-23,Combination Therapy,4.0,17.0,Alive,Low
ONC-03340,51.0,Male,Ovarian,Stage III,0.1,Never,Heavy,No,20.9,,Combination Therapy,11.0,25.0,Alive,Medium
ONC-04527,35.0,Other,,Stage III,10.4,,None,No,14.8,2024-11-07,Immunotherapy,6.0,25.0,Alive,Critical
ONC-04623,47.0,Male,Colorectal,Stage I,1.43,Never,None,Yes,25.7,,,10.0,4.0,Alive,Low
ONC-00995,49.0,Other,Breast,Stage IV,0.43,Current,,,16.7,2020-10-26,Combination Therapy,4.0,32.0,,Critical
ONC-06436,67.0,Male,Colorectal,Stage I,0.37,,None,No,27.7,2024-06-04,Immunotherapy,7.0,4.0,Alive,Low
ONC-07451,37.0,Other,Lung,Stage IV,9.31,Former,Occasional,No,18.4,,Surgery,5.0,9.0,Alive,Critical
ONC-01004,37.0,Male,Ovarian,Stage II,3.46,Former,Heavy,No,25.4,2015-04-17,Combination Therapy,9.0,69.0,Alive,Medium
ONC-02065,59.0,Other,,Stage I,2.56,Current,None,Yes,20.4,2015-05-28,Palliative Care,6.0,,Alive,Medium
ONC-00784,61.0,Other,Prostate,Stage IV,3.75,Never,Regular,Yes,26.6,2019-09-10,Chemotherapy,3.0,10.0,Alive,Critical
ONC-02963,75.0,Male,Ovarian,Stage II,1.01,Never,Regular,Yes,24.2,2017-09-02,Radiation Therapy,6.0,2.0,Alive,Low
ONC-06636,52.0,Female,Pancreatic,Stage III,1.08,Never,Occasional,No,24.5,2015-12-13,Palliative Care,9.0,13.0,Alive,Critical
ONC-04236,65.0,Male,,Stage II,10.15,Never,Occasional,No,24.5,,Combination Therapy,6.0,7.0,Alive,Medium
ONC-00732,83.0,Female,Lung,Stage II,2.49,Current,Regular,No,26.7,2016-10-19,Combination Therapy,5.0,9.0,,High
ONC-02040,70.0,Other,Breast,Stage II,,Current,Regular,Yes,25.6,2015-10-22,Combination Therapy,6.0,11.0,Alive,Medium
ONC-04831,63.0,Other,Ovarian,Stage IV,3.9,Never,Heavy,Yes,28.6,2023-08-05,Immunotherapy,9.0,2.0,Deceased,Critical
ONC-01157,29.0,Male,Skin (Melanoma),,3.83,Current,Regular,No,24.1,2021-07-16,,9.0,32.0,Alive,Low
ONC-04936,61.0,Male,Liver,Stage IV,2.21,,Regular,No,,2020-07-05,Surgery,9.0,7.0,Deceased,Critical
ONC-05077,73.0,Female,Blood (Leukemia),Stage III,2.57,Never,None,Yes,22.3,2015-05-14,,,6.0,Alive,High
ONC-07472,65.0,,Colorectal,Stage II,6.23,Former,None,No,29.0,2019-02-26,Radiation Therapy,4.0,7.0,Alive,Low
ONC-03917,50.0,Male,Blood (Leukemia),Stage III,9.38,Current,Heavy,Yes,36.6,2023-03-15,Chemotherapy,6.0,3.0,Deceased,Medium
ONC-00120,48.0,Female,Blood (Leukemia),Stage I,4.4,Current,Regular,Yes,28.0,2019-06-19,Radiation Therapy,6.0,43.0,Alive,Critical
ONC-01606,50.0,Male,Blood (Leukemia),Stage IV,3.19,Never,None,Yes,19.3,2016-10-25,Surgery,4.0,8.0,Alive,High
ONC-00643,57.0,Male,Skin (Melanoma),,1.58,Current,Occasional,Yes,19.8,2022-05-23,Immunotherapy,,18.0,Alive,Low
ONC-03033,54.0,Female,Prostate,Stage III,10.08,,None,No,21.9,2022-08-04,Combination Therapy,4.0,43.0,Deceased,
ONC-07088,46.0,Female,Breast,Stage II,6.94,Former,Regular,Yes,25.8,,Palliative Care,4.0,,Alive,Low
ONC-05871,73.0,Male,,Stage III,10.52,Never,,No,24.7,,Radiation Therapy,6.0,1.0,Deceased,Medium
ONC-04542,48.0,Male,Prostate,Stage IV,1.24,Former,Occasional,Yes,29.8,2018-03-25,Surgery,7.0,7.0,Alive,
ONC-03621,,,Breast,Stage II,2.3,Never,Regular,,30.5,2021-09-22,Combination Therapy,7.0,12.0,Alive,High
ONC-05323,63.0,Male,Pancreatic,Stage II,5.54,Never,Regular,No,22.4,2021-05-10,Palliative Care,9.0,0.0,Alive,High
ONC-01105,55.0,Male,Blood (Leukemia),Stage II,3.24,Current,Heavy,No,32.5,2018-03-13,Palliative Care,4.0,40.0,Alive,Medium
ONC-07485,80.0,Female,Skin (Melanoma),Stage I,7.29,Never,Regular,Yes,32.9,2017-02-03,Combination Therapy,5.0,14.0,Alive,Medium
ONC-00393,58.0,Female,Colorectal,Stage III,0.99,Former,Regular,No,20.7,2017-12-03,Combination Therapy,6.0,7.0,Alive,Medium
ONC-05581,65.0,Female,Breast,Stage III,3.0,,Regular,Yes,28.6,2022-08-02,,6.0,92.0,Alive,Low
ONC-00162,69.0,Other,Pancreatic,Stage III,3.74,Current,Heavy,Yes,29.0,2024-02-28,Chemotherapy,8.0,2.0,Deceased,High
ONC-00197,72.0,Female,Blood (Leukemia),Stage IV,7.8,Current,None,No,34.6,,Immunotherapy,3.0,3.0,Alive,Medium
ONC-07260,73.0,Female,,Stage III,4.42,Former,Heavy,Yes,17.5,2019-04-22,Chemotherapy,7.0,24.0,Alive,High
ONC-06822,,,Skin (Melanoma),Stage II,1.05,Never,Occasional,No,30.8,2024-09-12,Surgery,7.0,0.0,,Low
ONC-04121,44.0,Other,Prostate,Stage IV,1.34,Never,Occasional,Yes,,2018-03-20,Surgery,,39.0,Deceased,
ONC-01701,49.0,Other,,Stage II,,Former,None,No,20.9,2024-07-27,Immunotherapy,,8.0,Deceased,Medium
ONC-06659,,Male,Pancreatic,,2.05,Current,,Yes,24.8,2018-12-18,Chemotherapy,6.0,12.0,Alive,Medium
ONC-03385,47.0,Other,Colorectal,,0.34,Former,None,Yes,29.5,2017-09-03,Immunotherapy,10.0,16.0,Deceased,High
ONC-03088,46.0,Male,Liver,Stage I,2.67,Never,Heavy,Yes,17.9,2015-03-21,Surgery,5.0,11.0,Alive,Low
ONC-01436,53.0,Other,Prostate,Stage II,3.69,Former,Regular,Yes,29.3,,Surgery,9.0,22.0,Alive,Medium
ONC-02143,,Other,Ovarian,Stage IV,14.37,Former,Occasional,No,25.0,2016-02-13,Chemotherapy,11.0,19.0,Alive,Medium
ONC-04287,61.0,Male,Pancreatic,Stage I,6.04,Former,Regular,No,21.3,2021-02-20,Palliative Care,4.0,21.0,Deceased,Low
ONC-06857,35.0,Male,,,6.26,Former,Regular,Yes,15.6,2016-01-05,Immunotherapy,,20.0,Alive,Medium
ONC-00040,47.0,Other,,Stage IV,0.44,Never,Regular,Yes,25.8,2023-10-31,Palliative Care,,2.0,Alive,Critical
ONC-05814,68.0,Other,Pancreatic,Stage I,1.71,Never,Regular,No,21.9,2016-09-03,Radiation Therapy,,7.0,Alive,Low
ONC-00411,45.0,Male,Skin (Melanoma),,5.79,Never,None,,20.4,2019-01-15,Palliative Care,9.0,37.0,Alive,High
ONC-01538,57.0,Female,Blood (Leukemia),Stage IV,6.05,Former,Heavy,No,19.5,2024-09-28,Immunotherapy,5.0,5.0,,High
ONC-03829,59.0,Female,Liver,Stage IV,1.55,Never,Heavy,No,24.0,2024-09-05,Chemotherapy,2.0,14.0,,Critical
ONC-01732,71.0,Other,Skin (Melanoma),,0.95,Current,Regular,Yes,21.9,,Immunotherapy,6.0,24.0,,Medium
ONC-04421,56.0,N/A,Breast,Stage IV,2.78,Current,Occasional,Yes,21.3,2021-08-31,Immunotherapy,5.0,1.0,Deceased,Critical
ONC-01043,26.0,Male,Liver,Stage IV,1.23,Never,None,Yes,25.9,2021-05-31,Chemotherapy,6.0,1.0,Alive,Critical
ONC-00677,66.0,Male,Skin (Melanoma),Stage I,4.9,Current,Heavy,No,29.6,2016-12-23,Unknown,6.0,22.0,Alive,Low
ONC-03262,81.0,Other,Blood (Leukemia),Stage II,5.47,Never,Heavy,No,26.6,2017-08-22,Surgery,8.0,23.0,Deceased,Medium
ONC-00187,46.0,Female,Colorectal,Stage II,7.49,Never,Regular,No,27.0,2020-03-29,Combination Therapy,9.0,29.0,Alive,Low
ONC-05985,62.0,,Liver,Stage II,4.18,Current,None,Yes,18.1,2020-11-27,Surgery,3.0,10.0,Alive,Low
ONC-06545,43.0,Male,Breast,Stage I,2.92,Current,Heavy,Yes,23.4,,Surgery,9.0,28.0,Alive,Medium
ONC-05332,39.0,,Colorectal,Stage II,4.28,Never,Heavy,No,25.9,2023-06-29,Chemotherapy,5.0,32.0,,Low
ONC-06144,59.0,Female,Ovarian,Stage II,3.33,Current,Occasional,Yes,36.1,2024-08-23,Combination Therapy,4.0,6.0,Deceased,Low
ONC-01846,91.0,Other,Colorectal,Stage III,0.81,Former,None,Yes,31.7,,Combination Therapy,8.0,4.0,Alive,High
ONC-02942,43.0,Female,Blood (Leukemia),Stage I,2.44,Never,,No,19.0,2021-04-03,,8.0,20.0,Alive,Low
ONC-01387,,Male,Skin (Melanoma),Stage I,2.11,Never,Regular,No,31.3,2024-05-03,Radiation Therapy,10.0,,Alive,Medium
ONC-02335,81.0,Male,Colorectal,Stage II,0.39,Never,Occasional,Yes,20.8,2016-06-04,Combination Therapy,5.0,12.0,Deceased,Medium
ONC-01613,42.0,Female,Liver,Stage I,4.63,Never,Occasional,No,33.4,2019-05-20,Immunotherapy,6.0,9.0,Alive,Medium
ONC-03215,53.0,Female,Ovarian,Stage III,3.53,Former,Regular,Yes,22.7,2019-08-14,Immunotherapy,11.0,22.0,Deceased,Medium
ONC-06618,55.0,Female,Breast,Stage II,0.1,Former,,Yes,35.6,2020-09-26,Chemotherapy,4.0,31.0,,Medium
ONC-05837,41.0,Other,Brain,Stage II,1.37,Former,Occasional,No,22.9,2024-07-17,Immunotherapy,10.0,3.0,Alive,Low
ONC-05183,45.0,Male,Blood (Leukemia),Stage II,5.45,Never,,No,26.0,2018-01-13,Palliative Care,5.0,8.0,Deceased,Critical
ONC-04352,69.0,Male,Pancreatic,Stage IV,1.82,Former,Heavy,No,40.3,2019-01-23,Immunotherapy,9.0,27.0,Alive,High
ONC-03523,,Female,Colorectal,Stage IV,0.56,Current,Occasional,Yes,18.6,2016-07-11,Immunotherapy,12.0,12.0,,Critical
ONC-00029,89.0,N/A,Lung,Stage II,1.9,Never,None,Yes,31.2,2019-09-14,Palliative Care,3.0,5.0,Alive,Medium
ONC-03016,,Other,Lung,Stage IV,7.29,Never,Occasional,Yes,28.6,,Surgery,7.0,25.0,Alive,High
ONC-03633,60.0,Female,Colorectal,Stage I,8.02,Current,Regular,Yes,20.2,2018-10-24,Combination Therapy,8.0,20.0,Deceased,Low
ONC-06567,81.0,Male,Ovarian,Stage IV,4.76,Never,Occasional,Yes,28.0,2023-07-28,Chemotherapy,7.0,17.0,Deceased,High
ONC-06127,70.0,Other,Brain,Stage IV,3.73,Never,None,No,27.6,2016-07-30,,5.0,26.0,Deceased,
ONC-01284,88.0,Male,,Stage III,1.73,Current,None,No,29.6,2018-09-17,Surgery,4.0,12.0,Alive,High
ONC-06229,59.0,Other,Lung,Stage II,2.29,Former,Regular,,29.3,2019-02-11,Palliative Care,3.0,14.0,Deceased,Low
ONC-06306,16.0,Female,Pancreatic,Stage III,2.59,Current,,No,34.5,2016-09-11,Surgery,9.0,10.0,Alive,High
ONC-00192,65.0,Female,Ovarian,,7.17,Current,,Yes,26.9,,Combination Therapy,7.0,26.0,Alive,
ONC-01922,34.0,Other,Liver,Stage IV,0.19,Never,Occasional,No,25.7,2021-08-14,Immunotherapy,4.0,27.0,Alive,Critical
ONC-02499,55.0,Female,Brain,Stage III,2.03,,Occasional,Yes,27.0,2023-05-24,Surgery,8.0,24.0,Deceased,High
ONC-02668,51.0,Other,Skin (Melanoma),Stage II,5.82,Former,Occasional,Yes,30.6,2023-12-22,Unknown,5.0,34.0,Alive,Medium
ONC-06597,45.0,Other,Prostate,Stage IV,0.1,Current,Heavy,No,22.4,2017-06-19,Radiation Therapy,5.0,66.0,Deceased,
ONC-03759,58.0,Other,Breast,Stage III,6.76,Never,Regular,No,32.7,2021-02-07,Combination Therapy,5.0,27.0,Alive,Low
ONC-07472,65.0,,Colorectal,Stage II,6.23,Former,None,No,29.0,2019-02-26,Radiation Therapy,4.0,7.0,Alive,Low
ONC-03376,83.0,,Breast,Stage IV,9.04,Current,None,No,29.5,2024-04-10,Radiation Therapy,5.0,19.0,Alive,High
ONC-07243,44.0,Female,Ovarian,Stage I,0.65,Never,Heavy,Yes,30.0,2017-10-28,Immunotherapy,6.0,,Deceased,High
ONC-02194,85.0,Male,Lung,Stage IV,2.31,Former,Occasional,Yes,21.2,,Chemotherapy,7.0,21.0,Deceased,Critical
ONC-05389,55.0,Female,,Stage II,2.98,Former,Occasional,No,24.5,2015-05-16,,8.0,87.0,Alive,Medium
ONC-03448,65.0,Other,,Stage I,1.38,Never,Regular,,23.7,2021-05-30,Radiation Therapy,7.0,,Alive,Low
ONC-03015,30.0,Other,Breast,Stage III,0.56,Never,Occasional,No,27.7,2018-09-14,Radiation Therapy,10.0,94.0,Deceased,
ONC-04259,86.0,Other,Liver,Stage II,,Current,None,No,24.4,2024-02-09,Surgery,5.0,1.0,Alive,High
ONC-04088,85.0,,Colorectal,Stage I,0.1,Current,Occasional,,25.7,2018-08-21,Palliative Care,10.0,9.0,Alive,Low
ONC-06616,68.0,Male,Lung,Stage IV,2.3,Former,Occasional,Yes,32.9,,Surgery,6.0,5.0,Alive,High
ONC-05311,48.0,Male,Skin (Melanoma),Stage II,2.31,Current,None,Yes,30.5,2019-09-19,Combination Therapy,6.0,14.0,,High
ONC-04841,,Other,Skin (Melanoma),Stage II,1.87,Current,Heavy,Yes,28.5,2017-05-08,Combination Therapy,,27.0,Alive,Medium
ONC-01529,91.0,Male,Lung,Stage II,1.75,Never,Heavy,Yes,26.7,2017-05-11,Surgery,12.0,11.0,Deceased,Low
ONC-00880,49.0,,Skin (Melanoma),Stage I,0.24,Never,Heavy,No,28.0,2024-01-23,,,67.0,Alive,Medium
ONC-03152,,Male,Liver,Stage IV,2.36,Current,Occasional,Yes,31.2,2017-07-25,Palliative Care,4.0,,Alive,Critical
ONC-01484,69.0,Other,Lung,Stage II,2.24,Current,None,Yes,21.8,2019-04-12,Chemotherapy,7.0,6.0,Deceased,Medium
ONC-05623,48.0,Male,Lung,Stage II,0.73,Never,Heavy,Yes,30.9,2022-09-28,Chemotherapy,,,Alive,Low
ONC-06542,33.0,Other,Prostate,Stage II,0.35,Never,Regular,Yes,28.9,2021-02-06,,,0.0,Alive,Low
ONC-01760,61.0,Other,Liver,Stage II,1.53,,Regular,No,21.4,2022-06-01,Surgery,8.0,11.0,Alive,High
ONC-00343,65.0,Male,,Stage III,1.56,Never,,No,18.3,2020-08-05,Immunotherapy,7.0,31.0,Deceased,High
ONC-03091,64.0,Female,Prostate,,2.76,Current,Occasional,No,23.6,2019-12-29,Immunotherapy,6.0,7.0,Alive,Medium
ONC-02367,,Female,Pancreatic,,2.62,Current,Regular,Yes,28.3,,,5.0,14.0,Alive,Low
ONC-05170,82.0,Male,Blood (Leukemia),Stage IV,8.98,,,Yes,23.8,2024-10-21,Palliative Care,6.0,37.0,Alive,High
ONC-07240,51.0,Male,Pancreatic,Stage III,3.72,Current,Occasional,No,30.5,,Immunotherapy,3.0,17.0,Alive,High
ONC-00128,60.0,Other,,Stage II,2.41,Current,Regular,No,27.8,2021-09-12,Combination Therapy,6.0,17.0,,Low
ONC-02302,54.0,Male,Ovarian,Stage I,3.24,Former,Regular,No,,2017-09-30,Immunotherapy,,58.0,Alive,Low
ONC-00610,57.0,Male,,Stage II,1.34,Never,Regular,Yes,29.3,,Chemotherapy,6.0,,Deceased,Medium
ONC-01454,34.0,Female,Blood (Leukemia),Stage IV,0.17,,Regular,Yes,26.8,2018-08-19,Chemotherapy,3.0,15.0,Alive,Medium
ONC-06655,76.0,Other,Brain,Stage III,0.58,Former,Regular,Yes,18.3,2019-06-09,Surgery,2.0,90.0,Alive,
ONC-05154,74.0,Other,Colorectal,Stage III,1.0,Never,Regular,Yes,35.9,2024-05-06,Surgery,4.0,73.0,Deceased,High
ONC-03063,59.0,Male,Breast,Stage III,3.68,Former,,No,25.6,2020-06-07,,10.0,24.0,Deceased,Medium
ONC-05590,,Other,Blood (Leukemia),Stage II,0.27,Current,Regular,Yes,19.1,,Surgery,3.0,33.0,Deceased,High
ONC-01039,71.0,Female,Brain,Stage III,3.89,Never,Occasional,Yes,27.1,2016-06-07,Chemotherapy,8.0,72.0,Alive,
ONC-07296,48.0,Male,Pancreatic,Stage III,6.26,Former,None,Yes,15.0,,Combination Therapy,7.0,7.0,Alive,Medium
ONC-05179,68.0,Other,Prostate,Stage III,8.13,Current,Regular,,30.6,2023-12-05,Surgery,3.0,1.0,Deceased,Critical
ONC-05675,60.0,Other,Colorectal,Stage I,4.73,Former,Regular,No,33.4,,Immunotherapy,6.0,12.0,Alive,Low
ONC-01772,,Female,Ovarian,Stage II,3.01,Former,Occasional,,25.3,2021-11-03,,7.0,22.0,Alive,High
ONC-01270,48.0,,Brain,Stage II,4.83,Former,Occasional,No,15.9,2023-10-20,Radiation Therapy,2.0,41.0,Alive,Low
ONC-03930,59.0,Male,Skin (Melanoma),Stage I,2.67,Never,Regular,Yes,29.9,2017-06-24,Surgery,6.0,,Alive,Low
ONC-00405,,,Breast,Stage I,0.84,Former,Heavy,Yes,19.5,2021-02-19,Radiation Therapy,4.0,5.0,,Medium
ONC-06233,31.0,Male,Colorectal,Stage I,3.11,Current,Occasional,Yes,27.2,2020-10-18,Palliative Care,9.0,0.0,Alive,
ONC-03096,83.0,,Blood (Leukemia),Stage IV,5.87,,Heavy,,29.3,2023-08-15,Surgery,8.0,7.0,Deceased,Critical
ONC-01884,,Other,Blood (Leukemia),Stage III,12.23,Current,Heavy,Yes,27.4,2023-12-16,Surgery,4.0,14.0,Alive,Medium
ONC-03578,,Female,Blood (Leukemia),Stage I,1.28,Current,None,,27.7,2016-03-27,Surgery,2.0,16.0,,Low
ONC-02524,40.0,Male,Brain,,,Current,None,No,32.9,2015-07-12,Palliative Care,4.0,14.0,Alive,Critical
ONC-06705,47.0,Female,Brain,Stage I,1.19,,None,No,30.6,2017-11-23,Palliative Care,7.0,0.0,,Medium
ONC-01724,64.0,Male,Skin (Melanoma),,1.34,Never,None,No,26.2,2020-11-17,Radiation Therapy,,3.0,Alive,
ONC-05651,71.0,Male,Prostate,Stage III,3.5,Former,Regular,No,34.4,2017-11-29,Chemotherapy,8.0,3.0,Alive,Critical
ONC-06560,37.0,Male,Lung,Stage I,0.9,,None,No,25.9,2015-02-21,Immunotherapy,3.0,18.0,Alive,Low
ONC-02993,78.0,Female,Breast,Stage II,,Former,Heavy,No,28.7,2015-04-13,Radiation Therapy,4.0,2.0,Deceased,Medium
ONC-00133,40.0,Other,Liver,Stage I,1.78,Former,Regular,Yes,18.3,2021-06-25,Combination Therapy,7.0,15.0,Alive,High
ONC-00372,38.0,Female,Lung,,0.1,Current,Regular,,22.2,2020-10-29,Immunotherapy,8.0,13.0,Deceased,Low
ONC-02698,81.0,Other,Brain,Stage II,,Former,Regular,No,25.8,2017-04-20,Chemotherapy,4.0,4.0,Alive,Medium
ONC-04414,66.0,Other,Prostate,Stage I,0.87,Former,Heavy,No,31.6,2019-02-21,Immunotherapy,4.0,6.0,Deceased,Low
ONC-00329,,Other,Brain,Stage II,6.4,Former,Occasional,Yes,34.6,2016-09-08,Surgery,3.0,3.0,Deceased,Medium
ONC-04758,38.0,Other,Brain,Stage I,1.05,Current,Regular,Yes,24.7,2017-12-19,Palliative Care,6.0,15.0,,Low
ONC-03361,51.0,Other,Prostate,Stage II,3.07,Former,Heavy,No,25.3,2017-01-14,Immunotherapy,,3.0,Deceased,Medium
ONC-03893,51.0,,Lung,Stage III,2.49,Former,Occasional,No,23.2,2023-07-24,Radiation Therapy,6.0,28.0,,Critical
ONC-04574,47.0,Other,Colorectal,Stage IV,2.15,Never,None,No,27.6,2016-02-04,Combination Therapy,1.0,18.0,,Critical
ONC-06488,,Male,Skin (Melanoma),Stage III,10.66,Never,Occasional,Yes,18.3,2018-02-27,Combination Therapy,7.0,14.0,Alive,Low
ONC-03095,43.0,Other,Pancreatic,Stage III,5.12,Former,Occasional,No,20.0,2019-07-18,Palliative Care,4.0,3.0,Deceased,Medium
ONC-00168,,Female,Prostate,Stage IV,3.15,Never,Regular,Yes,27.7,2015-07-15,Chemotherapy,,8.0,Alive,Medium
ONC-05611,52.0,Male,,Stage I,1.32,Current,Regular,Yes,28.7,2024-02-03,Immunotherapy,6.0,39.0,Alive,Low
ONC-01959,47.0,Female,Liver,Stage III,2.12,Former,Heavy,,24.2,,Immunotherapy,3.0,14.0,Alive,Medium
ONC-02175,,Other,Prostate,Stage IV,4.57,Former,Occasional,Yes,28.8,2021-04-02,Immunotherapy,3.0,4.0,Alive,Critical
ONC-05893,77.0,Other,Blood (Leukemia),Stage II,1.92,Never,Occasional,Yes,,2024-11-19,Radiation Therapy,7.0,,Alive,Low
ONC-05321,44.0,Male,Brain,Stage III,0.72,Never,Occasional,No,24.4,2023-09-04,Combination Therapy,6.0,58.0,Deceased,Medium
ONC-03407,72.0,Female,Colorectal,,3.18,Never,Heavy,No,31.2,,Radiation Therapy,4.0,17.0,Alive,High
ONC-00362,71.0,Other,Pancreatic,Stage I,7.04,Never,Heavy,Yes,35.1,2015-08-08,Surgery,,6.0,Alive,Low
ONC-02845,,Female,Lung,Stage III,0.84,Current,Occasional,No,22.4,2019-07-30,,6.0,19.0,Deceased,Medium
ONC-06614,85.0,Male,Prostate,Stage I,1.13,Former,Regular,No,30.1,2022-09-18,Radiation Therapy,8.0,20.0,Deceased,Medium
ONC-05271,57.0,Other,Breast,Stage II,0.43,Current,Occasional,,29.2,,Combination Therapy,7.0,7.0,Alive,High
ONC-00723,,Male,Lung,Stage II,0.97,Never,Occasional,,23.7,2024-10-13,Radiation Therapy,6.0,,Deceased,High
ONC-02681,47.0,Female,Ovarian,Stage IV,4.12,Current,Heavy,No,29.8,2023-11-23,Surgery,4.0,23.0,Alive,High
ONC-02947,65.0,Other,Skin (Melanoma),Stage III,9.71,Current,,,34.6,2022-01-22,Radiation Therapy,9.0,16.0,Deceased,Critical
ONC-05539,82.0,Female,Prostate,Stage III,3.46,Never,Heavy,Yes,25.2,2022-12-03,Surgery,3.0,10.0,Alive,Medium
ONC-07172,43.0,Other,Lung,Stage IV,2.33,Former,Regular,No,18.3,2016-06-22,Chemotherapy,8.0,12.0,Deceased,Critical
ONC-04081,58.0,Female,Lung,Stage I,2.65,Former,Regular,No,31.7,,Radiation Therapy,5.0,15.0,Alive,Low
ONC-01622,41.0,Female,Blood (Leukemia),Stage II,1.42,Former,Occasional,No,30.8,2020-06-06,Palliative Care,5.0,14.0,,High
ONC-03071,64.0,Female,Skin (Melanoma),,1.05,Current,Occasional,No,23.7,2017-04-23,Palliative Care,,5.0,Alive,Low
ONC-04941,75.0,Other,Lung,Stage II,5.79,Current,None,No,32.7,2019-01-13,Immunotherapy,9.0,47.0,Alive,Medium
ONC-02606,40.0,Other,Brain,Stage III,0.76,Never,Occasional,Yes,,2018-12-20,Combination Therapy,3.0,8.0,Alive,Medium
ONC-02007,66.0,Other,Ovarian,Stage II,1.34,Current,Heavy,Yes,18.3,2019-11-20,Radiation Therapy,3.0,12.0,Alive,Low
ONC-04740,99.0,Male,Ovarian,Stage III,5.62,Current,Heavy,No,22.5,2024-09-01,Palliative Care,5.0,30.0,Alive,Critical
ONC-00316,32.0,Male,Pancreatic,Stage I,5.6,Never,Regular,Yes,,2015-06-13,Surgery,,7.0,Deceased,Low
ONC-06879,29.0,Female,Skin (Melanoma),Stage IV,1.2,Current,None,No,21.0,,Combination Therapy,7.0,16.0,,High
ONC-00215,30.0,Male,Pancreatic,Stage III,8.06,Never,Regular,No,24.2,2016-07-16,Surgery,10.0,2.0,Alive,High
ONC-04165,56.0,Female,Liver,Stage III,5.96,Never,None,,33.0,2017-03-29,Palliative Care,7.0,,Deceased,High
ONC-00659,37.0,Other,Pancreatic,Stage IV,6.34,Never,Occasional,Yes,18.4,2019-04-24,Palliative Care,6.0,18.0,Deceased,High
ONC-02927,78.0,,Breast,Stage IV,3.98,Former,None,Yes,31.7,2017-12-18,Surgery,5.0,2.0,Alive,High
ONC-02656,60.0,,Blood (Leukemia),Stage I,0.1,,Heavy,No,28.8,2016-07-27,Immunotherapy,5.0,24.0,Deceased,Low
ONC-06841,66.0,Female,Colorectal,Stage I,1.22,Current,Regular,Yes,30.2,2019-09-02,Chemotherapy,,32.0,Deceased,Low
ONC-04072,27.0,Female,Pancreatic,Stage I,5.67,Never,Occasional,No,24.0,2022-06-20,Immunotherapy,5.0,30.0,Alive,Low
ONC-06489,39.0,Male,Blood (Leukemia),Stage II,2.06,Current,Heavy,Yes,29.9,2020-03-14,Chemotherapy,2.0,23.0,Alive,High
ONC-05221,61.0,Male,Breast,Stage III,1.33,,None,Yes,23.1,2015-06-26,Immunotherapy,7.0,13.0,Alive,Critical
ONC-06790,51.0,Other,Blood (Leukemia),Stage III,0.88,Never,,Yes,34.5,2024-10-17,Chemotherapy,7.0,5.0,Deceased,High
ONC-00337,43.0,Female,Skin (Melanoma),Stage I,1.8,,None,Yes,34.7,2018-12-28,Immunotherapy,6.0,38.0,Alive,Low
ONC-03708,42.0,Other,Prostate,Stage II,5.4,Former,Heavy,No,23.2,,Surgery,5.0,22.0,Deceased,
ONC-06302,74.0,Female,Blood (Leukemia),Stage II,6.62,,,Yes,,2017-10-07,Combination Therapy,8.0,15.0,Deceased,Medium
ONC-02905,61.0,Other,Blood (Leukemia),,6.61,Current,Occasional,Yes,30.7,2023-11-05,Immunotherapy,6.0,0.0,Alive,High
ONC-02110,94.0,Male,Pancreatic,Stage I,0.17,Former,Occasional,Yes,21.6,2022-12-02,Surgery,2.0,9.0,Deceased,
ONC-00747,53.0,Male,,Stage IV,0.1,Never,,No,18.0,2024-12-02,Palliative Care,,18.0,Alive,High
ONC-03781,71.0,Female,Blood (Leukemia),Stage I,1.37,Former,Occasional,No,28.0,2023-12-09,Radiation Therapy,2.0,1.0,Deceased,
ONC-03987,31.0,Male,Skin (Melanoma),Stage I,0.12,Never,Occasional,No,27.8,,Radiation Therapy,5.0,,Alive,Medium
ONC-02710,34.0,Male,Breast,Stage II,10.16,,None,No,25.1,2021-05-05,Palliative Care,2.0,,Alive,Medium
ONC-06391,70.0,,Liver,Stage II,1.56,Current,Heavy,Yes,28.3,,,6.0,3.0,Alive,High
ONC-05904,53.0,Female,Ovarian,Stage II,2.59,Never,Occasional,No,29.4,2022-06-22,Immunotherapy,5.0,13.0,Alive,High
ONC-03815,70.0,Other,Pancreatic,Stage I,4.89,Former,Occasional,Yes,25.0,2022-11-23,Radiation Therapy,10.0,0.0,Alive,Medium
ONC-05373,48.0,Male,Skin (Melanoma),Stage I,,Former,Occasional,Yes,25.5,2022-02-27,Chemotherapy,6.0,12.0,Alive,Low
ONC-05982,43.0,,Lung,Stage IV,4.53,Current,Occasional,Yes,16.3,2023-10-08,Immunotherapy,8.0,21.0,Alive,High
ONC-01982,39.0,,Brain,Stage II,2.4,Never,None,No,24.8,2017-09-13,Palliative Care,7.0,19.0,Alive,Medium
ONC-04770,64.0,,Brain,Stage II,0.43,Former,Occasional,Yes,28.3,2019-06-26,Chemotherapy,8.0,14.0,Deceased,Critical
ONC-06743,62.0,Male,Liver,Stage IV,1.65,Current,Heavy,Yes,24.9,2015-12-25,Chemotherapy,7.0,7.0,Alive,Critical
ONC-05499,77.0,Male,Liver,Stage II,0.7,Never,Regular,No,,,Palliative Care,3.0,5.0,Alive,
ONC-02792,63.0,,Ovarian,Stage III,3.31,Never,Heavy,No,24.1,2023-09-03,,6.0,16.0,Alive,High
ONC-06718,62.0,Female,Prostate,,5.36,Never,Occasional,,,2016-05-27,Palliative Care,6.0,6.0,Alive,Low
ONC-04706,55.0,Other,Skin (Melanoma),Stage II,2.35,Former,,No,16.5,2020-10-10,Radiation Therapy,11.0,36.0,Alive,
ONC-00290,46.0,Other,Liver,Stage IV,11.25,Current,Occasional,Yes,22.5,2020-06-28,Radiation Therapy,7.0,17.0,Alive,High
ONC-04283,63.0,Male,Ovarian,Stage I,3.3,Current,None,Yes,22.9,2024-07-11,Immunotherapy,5.0,29.0,,Low
ONC-01802,58.0,Female,Ovarian,Stage I,0.62,Never,Regular,No,34.5,2024-12-13,Palliative Care,7.0,15.0,Alive,Medium
ONC-04528,63.0,Male,Skin (Melanoma),Stage IV,1.41,Former,Occasional,Yes,22.9,2017-07-26,Surgery,6.0,23.0,Alive,Critical
ONC-00921,68.0,Female,Lung,,2.61,Current,None,No,43.0,,Chemotherapy,7.0,65.0,Alive,Medium
ONC-04473,,Male,Breast,Stage IV,2.08,Never,Heavy,Yes,29.1,2017-04-21,Radiation Therapy,5.0,,Alive,High
ONC-04116,41.0,,Ovarian,Stage III,5.04,Current,None,Yes,28.3,,Chemotherapy,4.0,,Alive,High
ONC-04787,71.0,Male,Blood (Leukemia),Stage IV,,Current,Heavy,No,23.1,2023-03-02,Immunotherapy,9.0,5.0,Alive,High
ONC-01716,67.0,Male,,Stage II,2.11,Never,Heavy,Yes,14.9,2021-11-16,Palliative Care,7.0,39.0,Alive,Medium
ONC-00514,,Female,Skin (Melanoma),Stage III,0.26,Former,,No,19.1,2023-05-22,Combination Therapy,11.0,8.0,Alive,High
ONC-00846,55.0,Female,Lung,Stage I,1.44,Never,Occasional,Yes,23.4,2019-03-02,Radiation Therapy,3.0,22.0,Deceased,Low
ONC-03424,48.0,Other,Pancreatic,Stage II,0.72,Never,Occasional,No,,2024-02-24,,8.0,4.0,Deceased,Medium
ONC-06965,63.0,Male,Liver,Stage IV,4.99,Current,Regular,No,22.8,2021-11-02,,9.0,0.0,Deceased,Medium
ONC-01343,,Female,Blood (Leukemia),Stage II,1.76,Current,Heavy,No,28.6,2022-02-13,,2.0,14.0,Alive,Low
ONC-03408,44.0,Male,,Stage II,1.58,Never,Occasional,No,24.2,2022-02-16,Radiation Therapy,4.0,16.0,Alive,
ONC-02051,53.0,Female,Lung,Stage I,0.23,Never,,Yes,24.3,2018-02-27,Palliative Care,7.0,,Alive,Low
ONC-04345,57.0,Male,Brain,Stage III,0.94,Former,,No,30.7,2016-01-27,Palliative Care,9.0,59.0,Alive,Medium
ONC-00074,,Male,Pancreatic,Stage III,7.99,Never,Occasional,No,29.4,2016-05-04,Palliative Care,3.0,4.0,Alive,Medium
ONC-01490,62.0,Other,Ovarian,Stage III,2.59,Former,Heavy,No,39.1,2021-01-05,Radiation Therapy,6.0,4.0,Alive,Medium
ONC-07454,75.0,Other,Breast,Stage I,0.42,,,Yes,26.6,2016-08-11,Combination Therapy,5.0,16.0,Alive,Medium
ONC-01492,68.0,Male,Ovarian,Stage I,7.88,Never,Occasional,Yes,20.5,2024-05-05,Immunotherapy,12.0,0.0,Alive,Low
ONC-02210,53.0,Male,Pancreatic,Stage IV,0.24,Former,None,No,23.4,2021-08-27,Immunotherapy,7.0,16.0,Alive,Critical
ONC-00826,70.0,Female,Brain,Stage I,0.79,Former,None,Yes,24.3,2023-10-07,Combination Therapy,8.0,1.0,Alive,Medium
ONC-06652,55.0,Male,Ovarian,Stage I,1.88,Never,Regular,Yes,29.4,2017-11-04,Immunotherapy,5.0,20.0,Alive,Low
ONC-01813,63.0,Female,Pancreatic,Stage II,1.01,Current,Occasional,,25.2,2018-11-12,Surgery,6.0,6.0,Alive,
ONC-00493,61.0,Other,Prostate,Stage IV,0.24,Never,Regular,No,16.3,2016-04-24,Combination Therapy,7.0,64.0,,Critical
ONC-02630,65.0,Female,Prostate,,3.01,Former,None,No,19.0,2019-12-08,Palliative Care,4.0,6.0,Deceased,Low
ONC-02689,,Male,Brain,Stage III,0.51,Former,Occasional,No,30.0,2020-07-15,Combination Therapy,7.0,14.0,Alive,High
ONC-04791,26.0,,Breast,Stage III,5.15,Former,None,Yes,20.2,2017-09-15,Chemotherapy,9.0,3.0,Alive,Low
ONC-02996,56.0,Female,Breast,Stage I,2.26,Current,None,No,27.6,2019-03-07,Immunotherapy,6.0,22.0,Alive,Low
ONC-04726,47.0,Female,Ovarian,Stage III,8.02,NA,Regular,,25.5,2017-11-02,Surgery,6.0,,,Critical
ONC-00650,,Other,Brain,Stage II,3.11,Current,Occasional,No,29.4,2021-02-21,Surgery,6.0,1.0,Alive,Medium
ONC-02798,,Male,Ovarian,Stage I,0.3,Never,,No,35.8,2017-11-11,Palliative Care,6.0,2.0,Alive,
ONC-04410,35.0,,,Stage IV,4.07,Current,Occasional,No,30.3,2019-11-21,Radiation Therapy,6.0,6.0,Alive,
ONC-05478,65.0,Female,Ovarian,Stage II,0.1,Current,None,No,22.1,,Chemotherapy,8.0,13.0,Alive,Low
ONC-06209,70.0,,Prostate,,3.37,Current,Heavy,No,20.1,2016-05-15,Palliative Care,7.0,7.0,Deceased,Low
ONC-04049,57.0,,Ovarian,Stage I,0.27,,Heavy,Yes,26.3,2021-09-14,Surgery,6.0,120.0,Alive,Low
ONC-00256,64.0,Other,Ovarian,Stage III,0.72,Current,Heavy,Yes,19.4,,Surgery,3.0,7.0,Alive,Low
ONC-01685,59.0,Male,Prostate,,7.1,Former,Heavy,,30.6,2020-06-17,Radiation Therapy,7.0,,Alive,Medium
ONC-07403,,Other,Skin (Melanoma),Stage III,3.04,,None,No,21.5,,Chemotherapy,8.0,7.0,Deceased,Critical
ONC-05258,69.0,Female,Breast,Stage IV,0.81,,Regular,No,25.6,2015-01-03,Surgery,5.0,29.0,Deceased,Critical
ONC-04409,37.0,Female,Brain,Stage IV,0.58,Former,None,No,32.9,2021-07-06,Surgery,4.0,49.0,,High
ONC-00869,91.0,Other,Lung,Stage I,12.63,Former,None,No,,2024-02-12,Immunotherapy,6.0,1.0,Deceased,Medium
ONC-02615,44.0,Female,Blood (Leukemia),Stage III,4.74,Current,None,No,21.9,2016-09-17,Chemotherapy,7.0,15.0,Alive,High
ONC-00433,53.0,Female,Prostate,Stage III,0.95,Current,Heavy,No,,2022-07-24,,8.0,6.0,Deceased,High
ONC-02790,67.0,Female,Pancreatic,Stage IV,4.19,Never,Heavy,Yes,27.3,2019-07-26,Palliative Care,5.0,4.0,Alive,Critical
ONC-07345,63.0,,Skin (Melanoma),Stage IV,0.82,Current,Heavy,No,23.7,,Surgery,5.0,1.0,Alive,High
ONC-00774,35.0,Male,Colorectal,Stage III,1.98,Former,Regular,No,35.0,2023-11-08,Surgery,4.0,0.0,Alive,Medium
ONC-02992,64.0,Female,Skin (Melanoma),Stage III,3.49,Never,Heavy,No,,2023-10-30,Radiation Therapy,5.0,48.0,Deceased,Medium
ONC-00954,53.0,,Blood (Leukemia),Stage IV,1.03,Current,None,,21.6,,,9.0,12.0,Deceased,High
ONC-02598,47.0,Male,,Stage I,0.67,N/A,Occasional,Yes,31.4,2024-11-21,Combination Therapy,8.0,17.0,Alive,Low
ONC-05104,78.0,Other,Brain,Stage II,1.78,,,Yes,27.0,2022-11-16,Palliative Care,5.0,23.0,,Medium
ONC-02339,53.0,,,Stage III,2.01,Former,Occasional,No,26.4,,Chemotherapy,5.0,16.0,,Medium
ONC-00743,68.0,Female,Pancreatic,Stage III,3.12,Never,,No,30.8,2020-06-27,Immunotherapy,8.0,10.0,Alive,Medium
ONC-02058,65.0,Other,Liver,Stage I,3.87,Former,Occasional,No,29.0,2018-09-23,Combination Therapy,4.0,25.0,Alive,Medium
ONC-05773,72.0,Male,Skin (Melanoma),Stage III,0.61,Current,,Yes,19.8,2020-01-06,,3.0,9.0,Alive,High
ONC-00117,65.0,,Lung,Stage II,3.76,Former,Heavy,Yes,23.1,2016-02-03,Chemotherapy,,12.0,Deceased,Low
ONC-03635,36.0,Female,Skin (Melanoma),Stage II,0.76,Current,Occasional,No,23.4,2021-04-01,Palliative Care,6.0,19.0,,Low
ONC-04148,50.0,Female,Pancreatic,Stage III,2.37,Current,None,No,21.0,2024-12-01,Immunotherapy,7.0,,Alive,
ONC-04079,,Male,Ovarian,Stage IV,2.5,Never,Regular,No,25.2,2015-05-12,Radiation Therapy,1.0,3.0,Alive,High
ONC-04923,,Male,Prostate,Stage II,6.13,Former,Regular,Yes,22.1,2022-04-16,Chemotherapy,3.0,6.0,Alive,Medium
ONC-07337,84.0,Female,Prostate,Stage III,3.87,Current,None,,36.3,2017-01-20,Chemotherapy,,7.0,Alive,Critical
ONC-04893,84.0,Female,Brain,Stage IV,4.36,Former,None,,31.5,2024-02-09,Surgery,2.0,5.0,Deceased,Critical
ONC-04194,65.0,Female,Skin (Melanoma),Stage I,0.62,Former,None,No,23.3,2021-10-27,Immunotherapy,3.0,24.0,Deceased,Medium
ONC-05216,74.0,,Prostate,Stage III,0.1,Never,Heavy,No,22.6,2015-08-26,Palliative Care,7.0,6.0,Alive,High
ONC-06657,85.0,Male,Lung,Stage I,1.09,Former,Heavy,No,25.9,,Surgery,3.0,,Alive,
ONC-06832,56.0,Male,Ovarian,Stage I,0.29,Current,Regular,No,23.0,2018-09-23,Radiation Therapy,6.0,1.0,Alive,Medium
ONC-06883,60.0,,Brain,Stage IV,9.2,Never,Heavy,No,29.0,2023-11-21,Radiation Therapy,4.0,2.0,Deceased,Critical
ONC-01786,79.0,Female,Breast,,3.3,Never,Heavy,No,27.0,2019-10-22,Immunotherapy,,15.0,Deceased,High
ONC-07123,,Other,Lung,Stage I,2.96,Current,Heavy,No,35.2,2020-02-24,Immunotherapy,6.0,13.0,Deceased,High
ONC-06582,64.0,Male,Liver,Stage II,0.76,Current,None,,30.6,2020-12-12,Chemotherapy,7.0,0.0,Deceased,Low
ONC-00738,56.0,Female,,Stage II,12.06,Former,Occasional,Yes,19.4,2024-06-06,Immunotherapy,,25.0,Deceased,Medium
ONC-02807,65.0,Other,Breast,,5.12,Never,Regular,Yes,28.1,2017-11-12,Radiation Therapy,3.0,,Alive,Critical
ONC-00081,62.0,Other,Skin (Melanoma),Stage I,3.51,,Occasional,Yes,,2017-12-19,Palliative Care,6.0,5.0,Alive,Medium
ONC-04887,73.0,Male,Liver,Stage III,2.01,Never,Heavy,,22.6,2019-12-06,Radiation Therapy,4.0,36.0,Alive,High
ONC-05788,46.0,Female,Blood (Leukemia),Stage III,9.34,Former,Heavy,Yes,23.3,2024-04-06,Immunotherapy,5.0,8.0,Alive,High
ONC-07357,,Female,Colorectal,Stage IV,2.52,Never,None,Yes,18.3,2018-09-08,,6.0,5.0,Deceased,Critical
ONC-06934,66.0,Female,Ovarian,Stage III,7.26,Never,Regular,Yes,17.2,2022-02-22,Radiation Therapy,7.0,6.0,,Critical
ONC-02018,59.0,Male,Brain,Stage II,8.08,Former,None,No,22.8,2021-08-28,Radiation Therapy,5.0,27.0,Alive,Low
ONC-04068,55.0,Female,Prostate,Stage II,3.8,Current,Regular,Yes,25.9,2018-06-04,Immunotherapy,9.0,12.0,Alive,Medium
ONC-03636,,Other,Breast,Stage III,0.95,Never,Heavy,No,26.7,2022-01-07,Combination Therapy,3.0,20.0,Alive,High
ONC-06865,46.0,Female,Lung,Stage IV,1.96,Current,None,Yes,18.6,2019-04-22,Chemotherapy,3.0,,Alive,
ONC-00174,50.0,Male,Pancreatic,Stage I,2.55,Never,None,No,29.9,2018-06-24,Combination Therapy,9.0,6.0,Alive,Low
ONC-04004,51.0,Female,Ovarian,Stage IV,0.91,,Heavy,Yes,14.1,2015-08-19,Combination Therapy,7.0,28.0,Deceased,Critical
ONC-06199,84.0,Male,Skin (Melanoma),Stage I,4.76,,Regular,Yes,21.5,2017-08-10,Surgery,,6.0,Deceased,Medium
ONC-01167,29.0,Male,Skin (Melanoma),Stage I,1.38,Former,None,,25.7,2020-06-23,Radiation Therapy,7.0,58.0,Alive,Low
ONC-00910,48.0,Other,Skin (Melanoma),Stage III,1.87,Never,Regular,Yes,22.3,2023-08-21,,6.0,4.0,Alive,Medium
ONC-01720,46.0,Other,Colorectal,Stage I,7.83,Former,Occasional,Yes,25.4,2018-02-06,Surgery,,17.0,Alive,Medium
ONC-03555,64.0,Other,Pancreatic,Stage I,1.12,Current,Occasional,,23.5,2018-01-25,Chemotherapy,7.0,20.0,Deceased,Low
ONC-05842,49.0,Other,Pancreatic,Stage I,1.8,Never,None,,28.1,2016-06-06,,4.0,0.0,Alive,Low
ONC-05397,53.0,Female,Breast,Stage II,0.16,Current,Regular,No,22.1,2018-04-18,Surgery,8.0,15.0,Alive,Critical
ONC-04411,61.0,Female,Pancreatic,Stage III,3.3,Current,,,,2020-01-29,Surgery,6.0,21.0,Alive,High
ONC-01979,38.0,Other,Breast,Stage I,5.0,Current,None,Yes,30.9,2023-01-08,Immunotherapy,2.0,4.0,Alive,Medium
ONC-04108,27.0,Female,Prostate,Stage III,19.29,,Regular,,25.8,,Immunotherapy,,82.0,Alive,Medium
ONC-07145,60.0,Male,Breast,Stage I,0.46,Never,Occasional,,35.3,2023-02-02,,12.0,26.0,Alive,Low
ONC-01975,66.0,,Liver,Stage II,0.36,Current,Occasional,No,20.7,2016-11-26,,10.0,64.0,Alive,Low
ONC-01946,30.0,Female,Breast,Stage II,6.69,Former,Heavy,Yes,19.6,2017-12-09,,10.0,26.0,Alive,Medium
ONC-01421,72.0,Other,Blood (Leukemia),Stage IV,2.83,Current,Regular,Yes,21.0,2018-09-05,Immunotherapy,8.0,2.0,Alive,Critical
ONC-02387,60.0,Female,Prostate,,1.63,Current,,Yes,26.9,2019-07-23,,5.0,8.0,Alive,High
ONC-01537,14.0,Female,Pancreatic,Stage III,3.62,Former,Occasional,Yes,18.8,2021-08-02,,8.0,14.0,Alive,High
ONC-07419,64.0,Other,Blood (Leukemia),Stage III,7.8,Current,Regular,No,26.0,2018-01-24,Palliative Care,8.0,1.0,Alive,Medium
ONC-02536,43.0,Male,Prostate,,0.1,Current,Heavy,Yes,34.9,2020-05-03,Immunotherapy,4.0,17.0,Deceased,
ONC-03399,,Male,,,5.04,Former,Occasional,No,37.3,2018-10-08,Combination Therapy,8.0,36.0,,Low
ONC-04570,67.0,Female,Breast,Stage IV,5.46,Former,Heavy,No,33.4,,Palliative Care,5.0,74.0,Deceased,Critical
ONC-00185,30.0,Other,,Stage I,5.51,Former,None,No,27.0,2022-06-28,Radiation Therapy,9.0,15.0,Deceased,Low
ONC-06504,93.0,Other,Brain,Stage II,3.75,Former,Regular,Yes,27.1,2015-11-27,Chemotherapy,8.0,40.0,Alive,Medium
ONC-02608,55.0,,Colorectal,Stage I,8.74,Current,Heavy,No,27.9,2018-03-16,Combination Therapy,11.0,5.0,Alive,Low
ONC-06164,66.0,Male,,Stage I,9.29,Never,None,,29.1,2021-11-11,Radiation Therapy,5.0,,Alive,Low
ONC-06585,68.0,,Liver,Stage IV,9.53,Never,None,No,25.4,,Combination Therapy,4.0,0.0,Alive,High
ONC-03330,98.0,Other,Colorectal,Stage I,0.75,Never,None,No,,2017-08-29,Immunotherapy,,4.0,Alive,Medium
ONC-06477,67.0,Male,Pancreatic,Stage III,5.18,Former,Regular,Yes,23.9,2021-06-24,Surgery,8.0,8.0,Alive,Critical
ONC-01072,54.0,Female,Skin (Melanoma),Stage IV,2.24,Former,None,No,24.5,2016-03-31,Chemotherapy,5.0,62.0,Alive,High
ONC-05378,56.0,Male,Skin (Melanoma),Stage IV,7.22,Former,Regular,Yes,30.3,,Surgery,7.0,22.0,Deceased,
ONC-06738,60.0,Female,Ovarian,Stage I,0.2,,Occasional,,21.0,2023-07-17,Chemotherapy,,,Deceased,Medium
ONC-03709,74.0,Male,Blood (Leukemia),Stage I,1.6,Former,None,,16.3,2022-02-22,Surgery,4.0,11.0,Alive,Medium
ONC-05337,67.0,Female,Prostate,Stage I,2.47,Current,None,No,33.7,2017-03-29,Combination Therapy,8.0,38.0,Alive,Medium
ONC-00933,66.0,,Breast,Stage III,1.84,Never,Occasional,Yes,32.4,2022-07-27,Combination Therapy,6.0,5.0,Alive,Medium
ONC-01650,62.0,Female,Liver,Stage II,1.05,Never,,Yes,29.2,2015-10-28,Combination Therapy,7.0,41.0,Deceased,Medium
ONC-00356,47.0,,Brain,Stage II,0.14,,Occasional,No,31.0,2023-05-11,Surgery,8.0,15.0,Alive,Medium
ONC-00068,67.0,Other,Liver,Stage II,0.58,Former,Heavy,,25.7,2019-11-20,Palliative Care,6.0,15.0,Alive,Medium
ONC-02392,42.0,Other,Prostate,Stage IV,0.98,Current,None,Yes,31.1,,Combination Therapy,9.0,7.0,Alive,Critical
ONC-04265,38.0,Male,Skin (Melanoma),Stage IV,0.25,Former,Occasional,Yes,34.5,2019-06-01,Immunotherapy,6.0,16.0,Deceased,High
ONC-03674,65.0,Female,Breast,Stage IV,,Former,Heavy,No,13.0,2015-09-05,Immunotherapy,7.0,2.0,Alive,Critical
ONC-05136,,Male,Pancreatic,Stage I,2.1,Former,Regular,Yes,35.7,,Combination Therapy,6.0,2.0,Deceased,Low
ONC-04037,,Female,Colorectal,Stage I,1.72,Former,Occasional,Yes,30.4,,Surgery,10.0,39.0,Alive,Low
ONC-01818,42.0,Male,Lung,Stage II,0.27,Current,Regular,Yes,24.0,2020-03-30,Immunotherapy,9.0,18.0,Alive,High
ONC-03567,,,Ovarian,Stage I,9.39,Never,Occasional,No,18.9,2024-02-03,Radiation Therapy,6.0,33.0,Deceased,Low
ONC-07050,60.0,Female,Liver,Stage III,1.03,Never,None,Yes,25.9,2017-06-23,Chemotherapy,8.0,,Alive,Critical
ONC-01253,90.0,Male,Lung,Stage III,0.55,Former,None,No,24.3,2017-02-18,Combination Therapy,5.0,3.0,Alive,Critical
ONC-04899,54.0,Other,Ovarian,Stage IV,0.57,Never,,Yes,20.3,2023-09-26,Radiation Therapy,8.0,,Alive,High
ONC-07354,80.0,Male,Liver,,0.79,Former,None,Yes,28.1,2024-02-19,Radiation Therapy,2.0,51.0,Deceased,Low
ONC-04224,27.0,Male,Prostate,Stage II,1.49,Never,Regular,No,27.9,2020-04-07,Combination Therapy,4.0,5.0,Deceased,
ONC-01671,69.0,Male,Liver,Stage II,,,Occasional,Yes,32.5,2018-10-08,Chemotherapy,,12.0,Alive,Medium
ONC-01126,34.0,Male,Brain,Stage III,1.85,Current,Heavy,No,26.5,2024-11-25,Immunotherapy,6.0,37.0,Alive,Medium
ONC-06437,78.0,Female,Lung,Stage I,0.1,Current,Heavy,,31.9,2022-04-24,Surgery,12.0,10.0,Alive,Low
ONC-00244,39.0,Female,Liver,Stage II,0.76,Current,None,No,22.9,2024-07-01,Radiation Therapy,8.0,2.0,Alive,Low
ONC-00969,32.0,Female,Breast,Stage IV,0.19,Current,Occasional,,30.2,2021-10-01,Surgery,12.0,53.0,Deceased,Critical
ONC-02496,70.0,Female,Colorectal,,1.43,Current,Occasional,Yes,35.3,2018-12-13,Palliative Care,7.0,7.0,Alive,Critical
ONC-04386,62.0,Other,Ovarian,Stage I,0.85,Current,Regular,Yes,26.1,2024-10-18,Palliative Care,7.0,4.0,Deceased,Low
ONC-01217,77.0,Other,Breast,Stage III,10.56,Former,Regular,,20.1,2023-06-29,Surgery,6.0,11.0,Alive,Critical
ONC-06208,66.0,Male,Liver,Stage IV,,Former,Heavy,Yes,,2016-02-24,Immunotherapy,6.0,,Alive,High
ONC-06450,,Other,Pancreatic,Stage II,4.86,,Occasional,Yes,15.9,2016-10-22,Radiation Therapy,9.0,12.0,Deceased,Critical
ONC-02993,78.0,Female,Breast,Stage II,,Former,Heavy,No,28.7,2015-04-13,Radiation Therapy,4.0,2.0,Deceased,Medium
ONC-07257,42.0,Other,Prostate,Stage II,11.79,Current,None,,22.6,2019-12-31,Palliative Care,,6.0,Deceased,Low
ONC-04375,71.0,Other,Liver,Stage I,,,,No,23.5,2024-06-12,Radiation Therapy,6.0,4.0,Deceased,High
ONC-04083,36.0,Female,Liver,Stage II,2.66,Never,Occasional,Yes,22.7,2016-05-18,Immunotherapy,10.0,,Alive,Medium
ONC-02704,77.0,Other,Skin (Melanoma),,0.66,Former,Heavy,Yes,30.7,2022-09-09,Radiation Therapy,,2.0,Alive,Medium
ONC-06858,27.0,Male,Brain,Stage I,1.05,,Occasional,No,28.7,2019-08-07,Radiation Therapy,9.0,26.0,Alive,Low
ONC-03062,56.0,Other,,Stage IV,6.36,Former,,No,29.9,2018-08-29,Radiation Therapy,,12.0,Alive,High
ONC-02992,64.0,Female,Skin (Melanoma),Stage III,3.49,Never,Heavy,No,,2023-10-30,Radiation Therapy,5.0,48.0,Deceased,Medium
ONC-07429,58.0,Other,,Stage IV,13.83,,Heavy,No,25.2,2017-08-01,Surgery,2.0,9.0,Deceased,Critical
ONC-06330,64.0,Male,Pancreatic,Stage IV,0.93,,Occasional,No,25.7,,Immunotherapy,4.0,0.0,Alive,Critical
ONC-05265,50.0,Other,Brain,Stage IV,1.14,Never,None,Yes,15.3,2018-09-03,Immunotherapy,5.0,58.0,Alive,High
ONC-04052,28.0,Male,Breast,Stage III,0.18,Former,Occasional,Yes,29.8,2021-10-27,Combination Therapy,8.0,9.0,,
ONC-05695,,Female,Pancreatic,Stage III,0.73,Current,Heavy,No,,2020-01-01,Radiation Therapy,,36.0,Alive,Critical
ONC-02983,72.0,Male,Breast,Stage I,7.87,Former,Heavy,No,21.5,2015-12-11,Combination Therapy,8.0,21.0,Alive,Medium
ONC-00061,45.0,Female,Colorectal,Stage IV,0.23,Former,Heavy,No,24.1,2024-05-12,Surgery,8.0,82.0,Alive,
ONC-02129,32.0,Male,Ovarian,Stage III,6.5,Never,None,Yes,31.9,2016-05-10,Combination Therapy,3.0,22.0,Alive,Medium
ONC-02959,,Male,Prostate,Stage I,4.14,,Heavy,No,27.4,2022-12-22,Immunotherapy,3.0,23.0,Alive,Medium
ONC-06038,86.0,Male,Lung,Stage II,1.24,,None,Yes,30.1,2017-08-21,Combination Therapy,,15.0,Deceased,Medium
ONC-02163,48.0,Other,Lung,Stage II,2.06,Current,Regular,No,17.7,2016-11-29,Chemotherapy,8.0,43.0,,High
ONC-03492,49.0,Male,Brain,Stage III,1.53,Current,Heavy,No,34.2,2024-06-22,Immunotherapy,8.0,29.0,Alive,Medium
ONC-06232,46.0,Other,Brain,Stage II,2.17,Former,Occasional,Yes,33.9,2023-01-05,Immunotherapy,4.0,5.0,Alive,Low
ONC-05733,43.0,Other,Brain,Stage IV,1.58,Former,,No,26.5,2017-01-19,Immunotherapy,9.0,,Alive,Critical
ONC-04231,49.0,Male,Ovarian,Stage IV,5.09,Former,Heavy,Yes,22.2,2016-01-14,Chemotherapy,5.0,19.0,Alive,High
ONC-00877,,Other,Liver,Stage III,2.24,Former,Heavy,No,24.4,,-,4.0,20.0,Deceased,Medium
ONC-02982,43.0,Male,,,0.1,Former,Regular,Yes,26.7,2015-03-19,Palliative Care,6.0,20.0,Deceased,Medium
ONC-03922,34.0,Other,Lung,Stage IV,6.44,Current,Regular,Yes,28.2,,Combination Therapy,6.0,2.0,Alive,High
ONC-02153,,,Pancreatic,Stage III,0.3,Never,None,Yes,30.3,2018-05-18,,7.0,2.0,Alive,Medium
ONC-05545,57.0,Female,Prostate,Stage I,1.95,Never,Heavy,No,25.5,2019-11-08,Radiation Therapy,3.0,23.0,,Medium
ONC-06694,60.0,Female,Breast,Stage III,0.6,Never,None,No,26.1,2020-08-14,Immunotherapy,,19.0,Deceased,Medium
ONC-00543,58.0,Other,Pancreatic,Stage II,2.62,Current,Heavy,No,32.3,2020-11-23,Combination Therapy,4.0,14.0,,Low
ONC-06297,,Female,Ovarian,Stage IV,5.31,Never,Occasional,No,30.4,2021-11-17,Palliative Care,6.0,0.0,Deceased,Critical
ONC-05503,56.0,Female,,Stage IV,,Former,Heavy,,23.8,2022-06-12,Radiation Therapy,,4.0,,Critical
ONC-05536,55.0,Male,,,2.11,Never,None,No,34.1,2018-02-28,Combination Therapy,,13.0,Alive,Medium
ONC-02956,84.0,Other,,Stage IV,2.16,,None,Yes,25.6,2020-03-29,Surgery,6.0,2.0,Alive,High
ONC-06649,55.0,Male,,Stage III,4.41,Never,None,Yes,31.1,2022-10-24,,6.0,114.0,Deceased,Critical
ONC-07002,56.0,Female,Ovarian,Stage IV,0.17,Never,Occasional,,26.7,2019-05-18,Palliative Care,10.0,38.0,Alive,High
ONC-07127,64.0,Other,Brain,Stage II,4.65,,None,,21.3,2016-03-18,Chemotherapy,6.0,25.0,Alive,High
ONC-05589,22.0,Male,Ovarian,Stage IV,1.2,Never,None,No,34.5,2015-07-10,Surgery,8.0,63.0,Alive,Critical
ONC-07376,,Female,Colorectal,Stage IV,1.12,Never,Heavy,,20.7,2016-03-08,Surgery,4.0,7.0,Alive,High
ONC-06810,75.0,Female,Prostate,Stage III,2.78,Current,None,No,24.4,2023-03-25,Palliative Care,4.0,3.0,Alive,Medium
ONC-03438,72.0,Other,Brain,Stage III,6.55,Current,,No,37.6,2020-07-19,Radiation Therapy,4.0,,Alive,High
ONC-03760,53.0,Male,Blood (Leukemia),Stage I,4.18,Never,Regular,No,27.7,2023-09-09,Radiation Therapy,3.0,0.0,Deceased,Low
ONC-04056,45.0,Female,Skin (Melanoma),Stage III,4.07,Current,Occasional,No,33.2,2018-09-04,Palliative Care,5.0,12.0,,Critical
ONC-01491,45.0,Male,Brain,Stage III,0.8,Former,Occasional,Yes,26.8,2021-03-22,Immunotherapy,5.0,0.0,Alive,Medium
ONC-00946,65.0,Other,Colorectal,Stage II,0.91,,Occasional,No,23.1,2020-11-05,Radiation Therapy,5.0,13.0,Alive,Medium
ONC-01078,74.0,Male,Skin (Melanoma),Stage II,0.85,Never,None,,20.3,2017-02-07,Combination Therapy,1.0,9.0,Alive,Medium
ONC-00369,32.0,Other,Ovarian,Stage IV,8.72,,Occasional,No,31.3,2018-05-09,Surgery,10.0,9.0,Alive,Critical
ONC-00563,29.0,Female,Breast,Stage III,8.65,Current,Heavy,Yes,19.8,2019-12-10,Surgery,5.0,25.0,Deceased,Medium
ONC-01450,,Female,Lung,Stage IV,2.49,Current,Occasional,No,,2017-04-08,Radiation Therapy,9.0,41.0,Deceased,High
ONC-05074,,,Colorectal,Stage I,7.22,Never,Heavy,Yes,25.1,2017-03-15,Radiation Therapy,9.0,0.0,Alive,Low
ONC-07329,47.0,Other,Lung,Stage I,,Former,None,No,26.6,2020-08-28,Surgery,,,Alive,Medium
ONC-00700,46.0,Other,Pancreatic,Stage III,0.42,Current,None,No,27.8,2017-02-13,Surgery,5.0,9.0,Alive,High
ONC-01299,39.0,Other,Lung,Stage I,3.03,Never,Regular,Yes,22.7,2024-08-14,Combination Therapy,,28.0,Alive,Low
ONC-01364,38.0,Other,Pancreatic,,2.8,Former,Regular,,23.7,2023-07-16,Chemotherapy,4.0,2.0,,High
ONC-03561,31.0,Other,Liver,Stage I,0.29,Never,Occasional,No,16.7,2019-07-07,Radiation Therapy,6.0,26.0,Alive,High
ONC-01380,53.0,Male,Skin (Melanoma),,2.81,,None,No,23.0,2020-09-18,Immunotherapy,,1.0,Alive,Medium
ONC-06884,,Female,Lung,Stage I,2.63,Never,None,,33.8,2023-02-23,Chemotherapy,,,,Medium
ONC-04819,55.0,Female,Lung,Stage III,1.95,Current,,Yes,34.6,,Surgery,8.0,10.0,Alive,High
ONC-00153,,Female,Pancreatic,Stage II,1.87,Former,Heavy,No,20.1,2022-08-12,Combination Therapy,4.0,31.0,Alive,Medium
ONC-03118,89.0,Other,Blood (Leukemia),Stage I,4.83,Never,Heavy,No,38.1,2015-02-14,,11.0,7.0,Alive,Low
ONC-06381,41.0,Male,Brain,Stage I,3.98,Former,Heavy,No,25.2,2018-11-16,Surgery,7.0,38.0,Alive,Low
ONC-04550,53.0,Other,Skin (Melanoma),Stage II,2.39,Never,Heavy,No,17.7,,Radiation Therapy,6.0,36.0,Alive,Low
ONC-00229,70.0,Other,Brain,Stage I,5.7,Current,Occasional,Yes,28.8,2016-11-04,Radiation Therapy,5.0,14.0,Deceased,Low
ONC-04437,,Female,Colorectal,Stage I,1.52,Current,,No,30.5,2023-09-24,Combination Therapy,6.0,12.0,Deceased,Low
ONC-01954,56.0,,Blood (Leukemia),Stage II,0.94,Current,None,No,21.9,2016-04-09,Surgery,7.0,,Alive,Medium
ONC-01298,78.0,Male,Ovarian,Stage I,1.95,Current,Occasional,Yes,26.4,2024-10-07,Chemotherapy,5.0,21.0,Alive,Low
ONC-01900,41.0,Female,Prostate,Stage II,1.47,,Occasional,Yes,22.1,2016-07-30,,5.0,28.0,Deceased,High
ONC-04662,,Male,Liver,Stage I,1.23,Former,Regular,No,31.1,2016-09-23,Palliative Care,9.0,,Deceased,High
ONC-05929,91.0,Male,,Stage II,1.43,Former,Occasional,No,33.1,2020-07-12,Combination Therapy,6.0,47.0,Alive,Medium
ONC-06666,53.0,Female,Lung,Stage III,3.99,Never,Heavy,Yes,24.9,2024-09-14,,5.0,,Alive,High
ONC-04328,,Female,Lung,,0.62,Former,Heavy,No,26.8,2023-09-13,Radiation Therapy,14.0,55.0,Alive,High
ONC-01131,66.0,Female,Blood (Leukemia),Stage II,7.73,Never,None,No,29.0,2018-03-07,Combination Therapy,7.0,14.0,Alive,Medium
ONC-00131,41.0,Male,Prostate,Stage IV,1.77,Never,Heavy,Yes,18.8,2023-05-08,Palliative Care,5.0,21.0,,Medium
ONC-06938,67.0,Female,,Stage IV,3.37,Former,Regular,Yes,25.0,2017-06-19,Radiation Therapy,1.0,27.0,Deceased,High
ONC-01405,45.0,Female,Pancreatic,Stage I,7.3,Never,Heavy,Yes,,2019-04-08,Surgery,8.0,11.0,Alive,Medium
ONC-00494,,Female,,Stage III,0.14,Current,Heavy,Yes,21.8,2023-06-30,,7.0,16.0,,High
ONC-04278,76.0,Other,,Stage I,1.95,Current,None,No,17.8,2024-02-02,Surgery,6.0,1.0,Deceased,High
ONC-04644,90.0,Male,Pancreatic,Stage III,7.24,,Occasional,Yes,20.3,2017-01-27,Surgery,0.0,6.0,Deceased,High
ONC-05348,95.0,,Liver,Stage III,11.32,Never,Regular,Yes,28.1,2020-03-19,,4.0,18.0,Alive,Critical
ONC-05856,46.0,Female,Colorectal,Stage III,3.95,,None,Yes,26.2,2017-02-26,Palliative Care,4.0,19.0,Alive,Medium
ONC-01599,48.0,Female,Prostate,Stage I,5.81,Never,Occasional,No,37.6,2018-01-30,Palliative Care,10.0,26.0,Alive,High
ONC-03259,60.0,Male,Brain,,3.75,Never,Occasional,No,,2022-06-11,Combination Therapy,4.0,24.0,Deceased,High
ONC-03716,62.0,Male,Ovarian,Stage III,,Never,,No,19.7,2019-03-03,Combination Therapy,7.0,36.0,Alive,High
ONC-00928,70.0,,Ovarian,Stage I,10.71,Never,Regular,No,30.0,2020-01-22,Chemotherapy,5.0,1.0,Alive,Critical
ONC-03216,94.0,Other,Skin (Melanoma),Stage IV,2.83,Never,Heavy,No,32.1,2020-11-27,Combination Therapy,10.0,25.0,Deceased,High
ONC-05308,58.0,Female,Lung,Stage I,11.62,Former,Regular,Yes,29.8,2021-06-25,Surgery,4.0,7.0,Deceased,High
ONC-06071,99.0,Male,Colorectal,,1.54,Never,Heavy,,21.5,2017-07-03,,7.0,23.0,Alive,High
ONC-02248,52.0,Other,Skin (Melanoma),Stage IV,0.33,Never,Regular,Yes,,2020-05-30,Combination Therapy,,3.0,Alive,High
ONC-02846,59.0,Female,Breast,Stage I,0.5,Former,Heavy,Yes,27.0,2020-09-16,Immunotherapy,7.0,,Alive,Low
ONC-01377,84.0,Male,Brain,Stage IV,1.75,Current,Heavy,Yes,25.2,2023-01-28,Immunotherapy,9.0,,Deceased,High
ONC-01103,24.0,,Brain,Stage I,0.37,Never,Regular,No,30.2,2020-08-18,Surgery,10.0,29.0,Alive,Low
ONC-02265,40.0,Other,Brain,Stage IV,1.43,Former,Regular,Yes,19.1,2017-09-23,,8.0,12.0,Alive,High
ONC-02484,,Other,Prostate,Stage IV,0.69,,Regular,No,18.9,2023-06-09,Surgery,7.0,32.0,Alive,Critical
ONC-06387,47.0,Male,Ovarian,,2.19,,Regular,Yes,28.8,2020-02-10,Combination Therapy,4.0,55.0,Deceased,High
ONC-00058,45.0,Female,Breast,Stage III,7.95,Former,Occasional,No,23.3,2017-06-17,Radiation Therapy,8.0,1.0,Alive,Medium
ONC-06837,51.0,Male,Colorectal,Stage II,1.89,Former,Occasional,No,38.0,2015-05-26,Chemotherapy,,1.0,Deceased,Medium
ONC-06981,65.0,Other,Brain,Stage III,7.1,Never,Heavy,No,30.7,2018-06-24,Palliative Care,6.0,3.0,,Medium
ONC-03342,83.0,Female,Blood (Leukemia),Stage III,0.1,Current,Heavy,Yes,25.2,2017-12-11,Combination Therapy,4.0,12.0,Alive,Critical
ONC-02437,61.0,,Prostate,Stage I,0.32,Current,Heavy,No,25.9,2016-11-28,Palliative Care,7.0,13.0,Alive,Medium
ONC-02647,47.0,Male,Pancreatic,Stage IV,9.87,Current,Regular,Yes,34.1,2022-10-13,Immunotherapy,9.0,26.0,,Critical
ONC-02064,82.0,Other,Pancreatic,,3.02,Never,None,Yes,31.5,2019-09-23,Radiation Therapy,4.0,79.0,Alive,
ONC-05949,50.0,Female,Skin (Melanoma),Stage I,5.62,Never,Regular,No,22.2,2023-06-24,Immunotherapy,7.0,21.0,Alive,Low
ONC-06556,76.0,Female,Colorectal,Stage II,4.12,Never,Regular,No,19.0,2015-01-23,Radiation Therapy,7.0,25.0,Deceased,Low
ONC-01403,50.0,Other,Prostate,Stage I,12.85,Never,Occasional,No,25.9,2015-10-11,Radiation Therapy,4.0,4.0,,Low
ONC-04531,60.0,Female,Blood (Leukemia),Stage II,3.08,Former,,,20.2,2018-08-23,Chemotherapy,4.0,3.0,Deceased,Low
ONC-02371,38.0,Female,Brain,Stage II,4.88,Current,None,,24.2,2015-04-07,Surgery,2.0,29.0,Alive,Low
ONC-02920,65.0,Female,Skin (Melanoma),,10.41,Former,,No,21.3,2016-12-21,Immunotherapy,6.0,8.0,Alive,Critical
ONC-06874,,Female,Prostate,Stage II,0.16,Current,,No,26.2,2020-01-16,Surgery,7.0,14.0,Alive,Medium
ONC-06603,55.0,Female,Colorectal,Stage IV,0.75,Unknown,,Yes,26.4,2017-11-17,Surgery,5.0,0.0,Alive,Low
ONC-02277,36.0,Male,Breast,Stage II,1.97,Never,Regular,Yes,20.0,2020-06-16,,8.0,12.0,Alive,Medium
ONC-05015,36.0,Male,,Stage III,4.43,N/A,Regular,Yes,16.4,2021-01-18,Combination Therapy,12.0,4.0,Alive,
ONC-06233,31.0,Male,Colorectal,Stage I,3.11,Current,Occasional,Yes,27.2,2020-10-18,Palliative Care,8.0,0.0,Alive,
ONC-03713,75.0,Male,Breast,Stage IV,1.64,Former,Occasional,Yes,21.4,2020-04-24,Surgery,6.0,6.0,Alive,Critical
ONC-05678,42.0,,Blood (Leukemia),Stage IV,0.64,,None,No,29.8,2015-08-28,Chemotherapy,,28.0,Deceased,Critical
ONC-03573,43.0,Other,Liver,Stage I,3.76,Never,Occasional,Yes,22.0,2015-11-01,Chemotherapy,4.0,2.0,Alive,Low
ONC-07167,71.0,Other,Prostate,Stage I,0.45,Never,None,No,21.5,2019-06-27,Radiation Therapy,5.0,7.0,Alive,
ONC-03677,85.0,Other,Colorectal,Stage IV,4.82,Former,None,No,28.5,2022-10-11,,7.0,4.0,,High
ONC-03854,46.0,Female,Prostate,Stage III,1.33,Never,None,No,25.5,2015-07-06,Chemotherapy,6.0,31.0,Alive,Low
ONC-06003,27.0,Male,Lung,Stage II,,Current,Occasional,Yes,26.2,2022-01-18,Combination Therapy,6.0,6.0,Alive,Low
ONC-06068,52.0,Female,Prostate,Stage IV,,Current,None,No,17.0,2022-10-18,Surgery,,38.0,Alive,High
ONC-00042,56.0,Male,Liver,Stage III,3.39,Former,Regular,No,30.9,2022-08-15,Combination Therapy,4.0,5.0,Alive,Medium
ONC-02715,,Female,Brain,,6.67,Current,Regular,No,17.4,,Radiation Therapy,,,Deceased,
ONC-06555,39.0,Other,Skin (Melanoma),Stage III,1.94,Current,Occasional,,20.1,2022-03-17,Combination Therapy,5.0,84.0,Alive,High
ONC-00839,83.0,Male,Pancreatic,Stage III,2.85,Former,Regular,Yes,26.6,2024-01-12,Palliative Care,5.0,47.0,Deceased,High
ONC-03485,83.0,Male,Prostate,Stage II,0.12,Never,Heavy,No,18.0,2017-12-29,Palliative Care,9.0,15.0,Alive,Medium
ONC-04725,73.0,Other,Ovarian,Stage II,3.09,Never,Regular,No,,2019-08-01,Immunotherapy,7.0,22.0,Alive,Medium
ONC-05884,58.0,Other,Blood (Leukemia),Stage II,2.21,Former,None,No,21.9,2015-07-30,Radiation Therapy,8.0,1.0,Deceased,Low
ONC-03878,39.0,Male,Skin (Melanoma),Stage IV,0.16,Never,None,No,31.9,2020-03-24,Surgery,9.0,3.0,Alive,High
ONC-01730,55.0,,Ovarian,Stage II,1.35,Never,Occasional,Yes,21.8,2018-09-02,Palliative Care,6.0,22.0,Deceased,Medium
ONC-04298,52.0,Male,Breast,Stage IV,1.69,Former,Heavy,Yes,27.2,2019-12-04,Immunotherapy,5.0,2.0,Alive,Medium
ONC-00588,,Other,Prostate,Stage IV,0.26,Never,Heavy,Yes,15.6,2017-10-21,Radiation Therapy,9.0,28.0,Alive,Critical
ONC-06140,63.0,,Brain,Stage IV,0.85,Former,Occasional,Yes,24.4,2023-05-05,Radiation Therapy,9.0,7.0,Alive,High
ONC-00824,73.0,Other,Prostate,Stage II,4.16,Never,None,No,23.2,,Surgery,7.0,26.0,Alive,High
ONC-03195,34.0,Female,Lung,Stage II,5.6,Former,None,No,26.0,2017-02-20,Palliative Care,1.0,48.0,Deceased,Low
ONC-02778,38.0,Male,Colorectal,,0.19,Former,Occasional,No,21.2,2018-07-18,Radiation Therapy,7.0,18.0,Alive,Low
ONC-02854,61.0,Male,Ovarian,Stage II,1.93,Current,Regular,No,22.8,2018-12-08,Surgery,,2.0,Alive,Medium
ONC-02962,38.0,Other,Skin (Melanoma),Stage II,1.75,Never,Regular,Yes,26.0,,Immunotherapy,4.0,8.0,Alive,Low
ONC-07317,85.0,Female,Blood (Leukemia),Stage IV,1.77,Current,None,No,26.8,2018-07-20,Combination Therapy,9.0,25.0,Alive,Critical
ONC-02643,39.0,Female,Breast,,9.38,Former,Heavy,,28.9,2022-12-14,Radiation Therapy,7.0,18.0,Alive,Critical
ONC-03941,63.0,Other,Skin (Melanoma),Stage III,4.76,Current,Occasional,No,29.9,2017-10-08,Immunotherapy,9.0,21.0,Alive,High
ONC-04699,,Female,Lung,,7.79,Current,Regular,Yes,22.9,,Radiation Therapy,8.0,35.0,Alive,High
ONC-01765,65.0,Male,Lung,Stage IV,3.29,Current,None,Yes,33.2,2022-10-24,Immunotherapy,6.0,,Alive,High
ONC-00714,45.0,Other,Liver,Stage IV,0.84,Current,None,Yes,23.9,2017-05-01,Radiation Therapy,10.0,2.0,Alive,Medium
ONC-03774,,Female,Liver,Stage I,5.07,Current,None,Yes,15.2,2015-04-19,Combination Therapy,6.0,12.0,Deceased,Low
ONC-00196,57.0,Male,Pancreatic,,1.25,Former,Occasional,No,24.5,2024-08-29,Palliative Care,,16.0,Alive,High
ONC-01874,57.0,Other,Prostate,Stage II,5.9,Current,,No,32.3,2024-11-19,,7.0,,Deceased,Medium
ONC-02017,54.0,Female,Lung,Stage I,5.96,,None,No,24.6,2017-07-20,Immunotherapy,11.0,19.0,Alive,Low
ONC-02593,52.0,,Ovarian,Stage IV,6.46,Former,Regular,,18.9,2016-12-06,,6.0,5.0,Alive,High
ONC-01091,55.0,Female,Liver,Stage I,1.94,Current,None,No,,2020-03-23,Immunotherapy,6.0,6.0,Alive,Low
ONC-01448,61.0,Other,Skin (Melanoma),Stage II,16.84,Current,Regular,,36.8,2023-06-13,Radiation Therapy,4.0,,Deceased,Low
ONC-04634,,,Pancreatic,Stage II,0.51,Current,Heavy,No,23.0,2021-08-10,Chemotherapy,2.0,0.0,Deceased,Medium
ONC-07399,68.0,Other,Skin (Melanoma),,0.61,Current,None,Yes,24.1,2023-02-19,Radiation Therapy,2.0,4.0,Alive,Low
ONC-07059,65.0,,Lung,Stage IV,2.85,,Heavy,Yes,25.3,,Palliative Care,7.0,12.0,,High
ONC-01645,30.0,,Prostate,Stage II,3.85,Former,Occasional,No,28.0,2020-10-03,,6.0,18.0,Alive,Low
ONC-04279,77.0,Other,Pancreatic,Stage III,8.88,Former,Occasional,Yes,28.7,2020-04-24,Palliative Care,3.0,0.0,Deceased,High
ONC-03160,,Other,Ovarian,Stage IV,2.24,Current,None,Yes,29.2,2024-09-27,Radiation Therapy,7.0,2.0,Alive,Critical
ONC-05896,53.0,Other,Brain,Stage IV,4.73,Former,Regular,Yes,29.2,2019-11-10,Radiation Therapy,9.0,,Alive,Low
ONC-05748,63.0,Female,Liver,Stage I,7.04,Former,Occasional,Yes,29.7,2017-10-18,Radiation Therapy,4.0,26.0,Alive,High
ONC-04139,48.0,Female,Skin (Melanoma),Stage III,7.91,Never,Occasional,Yes,24.5,2015-05-04,Radiation Therapy,3.0,38.0,Alive,High
ONC-03463,68.0,Male,Colorectal,,1.68,Current,Heavy,Yes,23.4,2016-01-16,Palliative Care,8.0,10.0,Deceased,Low
ONC-02946,45.0,Other,Breast,Stage IV,0.34,Current,Regular,Yes,18.7,2022-04-18,Combination Therapy,8.0,15.0,Alive,Critical
ONC-02426,96.0,Other,Ovarian,Stage IV,4.58,Former,Occasional,No,29.0,2020-03-24,Combination Therapy,7.0,5.0,Deceased,High
ONC-00475,79.0,Female,Pancreatic,Stage IV,2.32,,Occasional,Yes,24.3,,,6.0,28.0,Alive,High
ONC-00398,46.0,Female,Liver,Stage IV,1.88,Former,None,Yes,28.1,2020-12-26,Chemotherapy,6.0,14.0,Deceased,High
ONC-07215,41.0,Other,Breast,,0.13,Never,Heavy,Yes,15.1,2024-04-25,Immunotherapy,8.0,16.0,Alive,Medium
ONC-04160,45.0,Female,,Stage IV,1.97,Former,Occasional,No,17.2,2020-07-01,Immunotherapy,0.0,,Alive,High
ONC-00370,67.0,Female,Breast,Stage II,3.52,Never,Occasional,Yes,20.3,,Chemotherapy,4.0,16.0,,Low
ONC-05815,,Female,Ovarian,Stage I,0.52,Former,Regular,Yes,24.8,2021-07-24,Palliative Care,,,Alive,Low
ONC-03113,73.0,Other,Ovarian,,1.31,Former,None,No,28.1,2024-02-16,Combination Therapy,5.0,2.0,Alive,Critical
ONC-02237,54.0,Other,Pancreatic,Stage II,15.15,Never,Heavy,No,21.0,2016-10-05,Immunotherapy,4.0,6.0,Deceased,High
ONC-07426,81.0,Male,Blood (Leukemia),,0.7,Former,Regular,,33.0,2023-07-14,Surgery,7.0,7.0,Deceased,Low
ONC-03978,91.0,Male,Skin (Melanoma),Stage IV,0.34,,Occasional,No,28.1,2023-12-28,Palliative Care,9.0,19.0,Deceased,High
ONC-05305,38.0,,Liver,Stage I,0.2,Former,None,Yes,26.8,2024-09-10,Radiation Therapy,5.0,7.0,Alive,High
ONC-05440,,Female,Skin (Melanoma),Stage II,4.65,Former,Occasional,No,23.1,2018-10-19,Surgery,6.0,9.0,Alive,Low
ONC-05423,,Female,Liver,Stage IV,,Never,,Yes,24.9,2017-05-19,Chemotherapy,4.0,47.0,Alive,Critical
ONC-06517,,Male,Blood (Leukemia),Stage II,0.1,Former,Regular,Yes,29.6,,Immunotherapy,5.0,37.0,Alive,Medium
ONC-01766,65.0,Other,Skin (Melanoma),,13.92,Current,Regular,No,26.3,2018-05-03,,,5.0,Alive,Medium
ONC-00717,,Female,Pancreatic,Stage I,3.47,Current,Regular,No,27.3,,Palliative Care,2.0,2.0,Alive,Medium
ONC-02377,72.0,Other,Prostate,Stage II,2.29,Former,None,No,30.9,2019-01-23,Radiation Therapy,3.0,13.0,Alive,Medium
ONC-02960,71.0,Other,Liver,Stage II,0.96,Former,Occasional,Yes,30.7,2021-01-09,Immunotherapy,9.0,,Alive,High
ONC-02221,69.0,,,Stage I,3.32,Former,Regular,No,14.5,2020-10-31,Surgery,4.0,2.0,,Medium
ONC-04006,67.0,Female,Prostate,Stage III,5.98,Current,Heavy,No,25.9,2024-12-02,Radiation Therapy,,14.0,Alive,High
ONC-02747,44.0,Male,Prostate,Stage III,5.08,Current,Regular,Yes,25.5,2017-09-11,Palliative Care,6.0,8.0,Alive,Critical
ONC-06070,76.0,Male,Ovarian,Stage II,2.98,Never,,No,31.3,2018-07-06,Combination Therapy,5.0,0.0,Alive,Medium
ONC-04508,46.0,Male,Skin (Melanoma),Stage I,0.46,Never,None,Yes,28.9,2015-09-19,Immunotherapy,,7.0,Alive,High
ONC-04930,23.0,Male,Liver,Stage III,3.44,Never,Regular,Yes,15.7,2017-10-13,Combination Therapy,3.0,19.0,Alive,High
ONC-01936,53.0,Female,Ovarian,Stage II,5.15,Current,Occasional,No,19.9,,Immunotherapy,9.0,70.0,Alive,Low
ONC-07144,73.0,Female,Lung,Stage II,1.44,Never,Occasional,,23.4,2023-05-10,Palliative Care,8.0,42.0,Alive,Low
ONC-01239,77.0,Other,Lung,Stage IV,2.7,Current,Heavy,Yes,21.1,2016-06-01,,,11.0,Deceased,High
ONC-04022,65.0,Other,,Stage II,6.79,Never,Regular,Yes,31.8,2020-10-22,Immunotherapy,3.0,13.0,Alive,Medium
ONC-04048,46.0,Female,Prostate,Stage II,3.17,Former,None,Yes,30.4,,Surgery,4.0,13.0,Alive,Low
ONC-06181,50.0,Male,Pancreatic,Stage I,0.86,,Heavy,Yes,23.2,2020-03-16,Palliative Care,5.0,1.0,,Medium
ONC-05969,51.0,Female,,Stage IV,1.7,,Heavy,No,33.3,,Combination Therapy,7.0,16.0,Alive,Critical
ONC-02463,89.0,Male,Ovarian,Stage IV,3.28,Former,Heavy,No,23.5,,Radiation Therapy,4.0,1.0,Deceased,Medium
ONC-05056,55.0,Other,Lung,Stage IV,3.08,Current,Occasional,Yes,27.4,2017-07-04,Surgery,,6.0,Alive,Critical
ONC-06307,39.0,Female,Breast,Stage I,,Current,Regular,,18.8,2022-10-11,Immunotherapy,8.0,13.0,Alive,Low
ONC-01837,47.0,Other,Lung,Stage I,1.28,Former,Heavy,No,34.3,,Combination Therapy,4.0,3.0,Alive,Medium
ONC-01612,91.0,Female,Lung,Stage II,2.55,Current,Regular,Yes,,2024-04-14,Radiation Therapy,3.0,39.0,Alive,Low
ONC-06132,,Male,Skin (Melanoma),Stage IV,3.3,Former,Occasional,No,26.3,2016-06-17,Combination Therapy,9.0,3.0,Alive,Critical
ONC-07040,,,Pancreatic,,8.85,Never,Heavy,No,30.0,2019-07-23,Combination Therapy,4.0,,Deceased,Low
ONC-00161,62.0,Female,Pancreatic,Stage II,5.22,Former,,No,21.4,2022-08-10,,7.0,18.0,Deceased,Medium
ONC-05297,54.0,Male,Blood (Leukemia),Stage IV,8.13,Former,Heavy,,12.0,2019-11-25,Combination Therapy,6.0,2.0,Alive,Critical
ONC-01972,47.0,Female,Colorectal,Stage III,0.1,Former,None,Yes,30.6,2022-07-31,Immunotherapy,9.0,29.0,Alive,Critical
ONC-07336,51.0,,,Stage II,6.34,Never,Occasional,No,12.7,2018-10-06,Chemotherapy,2.0,59.0,Deceased,Medium
ONC-02652,82.0,,Colorectal,Stage III,0.86,Never,Occasional,Yes,32.0,2022-08-17,Palliative Care,3.0,4.0,Deceased,
ONC-02088,35.0,Female,,Stage I,0.64,Former,None,Yes,28.5,2021-06-03,Radiation Therapy,9.0,,Deceased,Low
ONC-00450,17.0,,Colorectal,Stage III,0.27,,Heavy,No,22.9,,Surgery,5.0,2.0,,High
ONC-01381,46.0,Other,Prostate,Stage I,0.9,Former,None,No,24.8,2018-11-03,,6.0,41.0,Alive,Medium
ONC-06299,59.0,Male,Pancreatic,Stage III,4.16,Current,None,Yes,26.2,2019-06-28,,3.0,4.0,Alive,Critical
ONC-05685,,Other,,,4.72,Never,Occasional,Yes,17.2,2021-11-05,Combination Therapy,10.0,10.0,Alive,
ONC-06580,35.0,Male,Brain,Stage II,0.87,Former,Heavy,Yes,23.1,,Immunotherapy,4.0,3.0,Deceased,Critical
ONC-03539,59.0,Other,Brain,Stage IV,0.54,Current,Regular,,31.2,2024-12-26,Palliative Care,5.0,18.0,Alive,High
ONC-05118,73.0,Male,Ovarian,Stage III,3.55,Former,None,No,25.6,2019-03-04,Surgery,5.0,4.0,Alive,Medium
ONC-03784,69.0,Female,Pancreatic,,0.77,Former,Heavy,Yes,23.2,2019-03-12,Combination Therapy,7.0,14.0,,High
ONC-01110,79.0,Female,Skin (Melanoma),Stage III,1.08,Current,,Yes,27.0,2019-08-26,,7.0,16.0,,Medium
ONC-03839,64.0,Male,Breast,Stage IV,0.69,Current,,No,21.2,2022-05-21,Combination Therapy,7.0,4.0,Alive,High
ONC-05902,73.0,,Pancreatic,Stage IV,7.05,Former,Heavy,Yes,25.5,2019-05-02,Combination Therapy,2.0,58.0,Alive,High
ONC-03726,56.0,Other,Skin (Melanoma),Stage III,8.79,Never,Regular,Yes,24.3,2016-01-12,Radiation Therapy,4.0,12.0,Alive,Medium
ONC-03753,79.0,Female,Breast,Stage I,1.32,Current,Heavy,No,23.3,2015-06-20,Immunotherapy,7.0,23.0,Alive,Medium
ONC-00164,62.0,,Skin (Melanoma),Stage IV,9.7,Former,None,Yes,26.2,2024-02-28,Immunotherapy,5.0,0.0,Deceased,Critical
ONC-00445,67.0,Other,Colorectal,Stage II,6.83,Former,Heavy,Yes,16.6,2019-04-30,Radiation Therapy,6.0,19.0,Alive,Critical
ONC-00641,52.0,Other,Breast,Stage III,0.35,Former,None,No,29.6,2021-06-26,Chemotherapy,,25.0,Alive,High
ONC-06644,44.0,Other,Breast,Stage II,0.48,Former,None,No,33.7,2016-11-04,Combination Therapy,5.0,34.0,Alive,
ONC-07288,68.0,Other,Prostate,Stage II,0.56,,Occasional,No,31.5,2016-07-02,Surgery,5.0,74.0,Deceased,Medium
ONC-01154,53.0,Male,Skin (Melanoma),Stage IV,0.34,Former,Regular,No,16.7,2023-03-25,Surgery,4.0,0.0,Alive,High
ONC-07213,70.0,,Colorectal,Stage I,5.52,Current,Regular,Yes,22.0,2019-06-10,Surgery,5.0,5.0,Deceased,High
ONC-05417,56.0,Female,Liver,Stage II,3.51,Former,,Yes,25.3,2017-01-30,Immunotherapy,6.0,5.0,Alive,Medium
ONC-01182,59.0,Other,Brain,Stage I,5.57,,,Yes,29.8,2024-03-06,Palliative Care,,7.0,Alive,Low
ONC-04252,80.0,Other,Ovarian,Stage I,5.1,Never,None,No,,2016-07-22,Surgery,1.0,4.0,Deceased,Low
ONC-00736,34.0,Other,Blood (Leukemia),Stage I,1.24,Never,Heavy,No,33.8,2022-11-26,Radiation Therapy,7.0,36.0,Alive,Low
ONC-01138,51.0,Male,Lung,Stage III,8.38,Never,Occasional,Yes,25.8,,Surgery,4.0,13.0,Alive,Critical
ONC-05230,,Female,,Stage IV,5.16,Former,Regular,No,24.4,2020-04-17,Radiation Therapy,4.0,,Deceased,High
ONC-07394,55.0,,Breast,Stage I,0.41,Current,Regular,No,28.2,2023-02-11,Palliative Care,,17.0,Alive,Low
ONC-05945,68.0,Male,Lung,Stage II,0.15,Never,Heavy,No,,,Immunotherapy,4.0,1.0,Alive,Medium
ONC-05482,41.0,,Skin (Melanoma),Stage I,2.92,Current,Occasional,No,30.0,2018-04-10,Immunotherapy,4.0,22.0,Alive,High
ONC-04096,64.0,Male,Prostate,Stage I,1.79,Former,Regular,Yes,28.8,2019-03-04,,8.0,19.0,,Low
ONC-04152,57.0,Female,,Stage II,0.6,Former,NA,Yes,,2016-06-23,Radiation Therapy,5.0,22.0,Deceased,Low
ONC-05392,80.0,Female,Prostate,Stage II,0.27,Former,None,No,27.1,2018-03-19,Combination Therapy,9.0,,Deceased,Low
ONC-04546,68.0,Male,,Stage II,1.01,Never,Regular,,24.1,2020-06-13,Immunotherapy,8.0,,Alive,
ONC-00637,63.0,Other,Ovarian,Stage III,1.99,Current,,Yes,30.3,2015-06-05,Combination Therapy,4.0,30.0,Alive,
ONC-03465,56.0,Female,Colorectal,,2.69,Never,None,No,,2021-08-29,Combination Therapy,5.0,28.0,Alive,Low
ONC-03944,78.0,Male,Colorectal,Stage II,7.3,Former,Heavy,Yes,27.9,2016-07-31,Radiation Therapy,8.0,10.0,,Medium
ONC-00109,,Other,Liver,,5.57,Current,None,No,29.5,2024-05-04,Radiation Therapy,4.0,11.0,Deceased,Low
ONC-05112,44.0,Male,Prostate,Stage I,0.54,Never,,No,32.6,2023-10-04,Combination Therapy,8.0,4.0,Alive,Medium
ONC-05238,55.0,Male,Breast,,0.85,Current,Occasional,No,18.3,2024-07-19,Immunotherapy,5.0,5.0,Alive,Medium
ONC-05874,45.0,Female,Skin (Melanoma),Stage I,0.47,Never,Regular,Yes,28.0,2022-06-17,Surgery,3.0,7.0,,Low
ONC-00280,65.0,Other,,Stage III,9.45,Current,Occasional,No,28.4,2019-03-13,,5.0,14.0,Alive,Medium
ONC-07268,78.0,Male,Colorectal,Stage II,2.75,Never,Heavy,No,27.1,2024-05-31,Surgery,,0.0,Alive,Medium
ONC-04765,38.0,Other,Pancreatic,Stage I,0.64,Current,None,No,28.5,,,,8.0,Alive,Medium
ONC-02396,48.0,Female,Prostate,Stage III,6.02,Current,Heavy,Yes,21.9,2015-05-13,Radiation Therapy,,3.0,Alive,Medium
ONC-05431,63.0,,Brain,Stage IV,6.39,Never,None,Yes,25.0,2017-11-20,Immunotherapy,3.0,40.0,,High
ONC-01821,53.0,Other,Breast,Stage II,1.05,Former,None,No,28.8,2020-04-10,Combination Therapy,,45.0,Alive,Medium
ONC-04839,43.0,Female,Colorectal,Stage IV,2.64,Former,Regular,No,26.8,2016-04-11,Chemotherapy,10.0,,Alive,Critical
ONC-06985,72.0,Female,Ovarian,Stage I,3.15,Current,None,Yes,21.8,2021-01-31,Combination Therapy,8.0,20.0,Alive,Low
ONC-00139,67.0,Male,Pancreatic,Stage IV,0.86,Current,None,No,28.1,2019-10-27,Surgery,4.0,1.0,Alive,High
ONC-06236,43.0,Other,Skin (Melanoma),Stage IV,4.44,,Heavy,No,17.0,2016-10-21,Surgery,6.0,47.0,Alive,Medium
ONC-01855,74.0,Other,Lung,Stage IV,0.1,Current,Occasional,,24.3,2015-01-28,,6.0,13.0,Alive,Critical
ONC-04455,,Male,Pancreatic,Stage II,6.49,Current,None,No,16.8,2019-07-23,Combination Therapy,6.0,12.0,Deceased,Low
ONC-01295,79.0,Male,Colorectal,Stage IV,0.83,Never,Regular,No,31.5,2016-01-21,Radiation Therapy,7.0,32.0,Deceased,High
ONC-07117,48.0,Other,Brain,Stage II,0.37,Current,None,,29.1,2015-10-31,Chemotherapy,,35.0,Alive,Low
ONC-03318,38.0,Female,Colorectal,Stage I,2.42,Current,,,35.3,2016-04-27,Combination Therapy,5.0,1.0,Alive,Low
ONC-04011,38.0,Female,Pancreatic,Stage IV,11.45,Former,Regular,No,25.5,2018-09-02,Immunotherapy,6.0,0.0,Alive,Critical
ONC-04875,46.0,Male,Prostate,Stage I,5.47,Current,None,Yes,26.0,2017-05-24,Chemotherapy,2.0,36.0,Alive,Low
ONC-02737,,Other,Pancreatic,,1.8,Never,None,Yes,22.0,2015-12-15,Palliative Care,2.0,18.0,Alive,
ONC-00914,75.0,Other,Liver,Stage II,1.6,Never,Regular,Yes,,2021-06-23,Chemotherapy,8.0,16.0,Alive,Medium
ONC-02154,57.0,Other,Brain,Stage IV,3.37,Current,,,35.7,2015-05-14,Combination Therapy,6.0,38.0,Deceased,Critical
ONC-04354,69.0,Male,Skin (Melanoma),Stage III,3.46,Never,Heavy,Yes,26.9,2020-12-15,Chemotherapy,6.0,0.0,Alive,High
ONC-01421,72.0,Other,Blood (Leukemia),Stage IV,2.83,Current,Regular,Yes,21.0,2018-09-05,Immunotherapy,7.0,2.0,Alive,Critical
ONC-00121,55.0,,Lung,Stage IV,2.53,Current,None,Yes,31.3,2023-10-28,Radiation Therapy,6.0,8.0,Alive,Medium
ONC-07051,48.0,Female,Breast,Stage III,4.61,Former,Occasional,Yes,30.8,,Palliative Care,9.0,15.0,Deceased,Critical
ONC-01587,41.0,Other,,Stage I,3.33,Never,None,,32.0,2017-11-09,Combination Therapy,,0.0,Alive,
ONC-04172,53.0,Other,Blood (Leukemia),Stage I,4.2,Never,None,No,29.8,2019-07-08,,7.0,27.0,Alive,Medium
ONC-07136,49.0,Male,Lung,Stage II,1.35,Former,Occasional,Yes,30.9,2024-03-30,Radiation Therapy,6.0,10.0,Deceased,High
ONC-03224,50.0,Other,Skin (Melanoma),Stage I,0.64,,,Yes,32.1,2021-05-15,Immunotherapy,7.0,27.0,Alive,Low
ONC-00038,51.0,Male,Breast,Stage III,6.04,Current,None,No,27.0,,,,22.0,Deceased,Medium
ONC-06751,55.0,Male,Ovarian,Stage III,0.84,Current,Regular,Yes,29.7,2016-10-15,Chemotherapy,9.0,15.0,Alive,
ONC-01382,41.0,Male,Prostate,Stage II,1.74,Never,Regular,No,30.1,2018-08-03,Combination Therapy,7.0,,Alive,High
ONC-05256,71.0,,Colorectal,Stage IV,5.03,Former,Heavy,No,29.7,2016-08-15,Radiation Therapy,6.0,,Alive,
ONC-01247,59.0,Male,Skin (Melanoma),Stage III,0.68,Never,Regular,No,17.2,2021-10-18,Surgery,,29.0,Deceased,High
ONC-02623,58.0,Other,Prostate,Stage I,1.04,Current,None,,23.3,2023-04-12,Surgery,5.0,6.0,Alive,High
ONC-06189,44.0,Female,,Stage II,,Former,,No,24.2,2024-02-28,Palliative Care,7.0,60.0,Alive,High
ONC-01245,,Female,,Stage IV,0.44,Former,Occasional,Yes,30.8,2015-06-21,Palliative Care,7.0,1.0,Deceased,High
ONC-04039,69.0,Male,Brain,Stage I,0.31,Current,None,Yes,27.7,2020-03-11,Immunotherapy,5.0,81.0,Deceased,Low
ONC-00246,,,Ovarian,Stage II,0.5,Former,,Yes,36.4,2017-02-17,Palliative Care,5.0,57.0,Alive,Medium
ONC-03465,56.0,Female,Colorectal,,2.69,Never,None,No,,2021-08-29,Combination Therapy,4.0,28.0,Alive,Low
ONC-07227,61.0,Other,Lung,Stage I,8.55,Never,,Yes,22.4,2017-05-22,Surgery,9.0,,Alive,Medium
ONC-02971,41.0,Other,Brain,Stage IV,7.05,Former,,,28.1,,Combination Therapy,1.0,14.0,Alive,Critical
ONC-01848,56.0,Other,Brain,Stage III,5.63,Former,Regular,Yes,26.4,2015-02-01,Chemotherapy,10.0,2.0,Alive,High
ONC-03940,72.0,,Colorectal,Stage IV,0.47,,Regular,Yes,28.0,2024-11-08,Surgery,6.0,,Alive,High
ONC-07058,66.0,Male,Pancreatic,Stage II,5.09,Former,None,No,26.0,2016-08-03,,7.0,,Alive,
ONC-00241,,Female,Brain,Stage II,0.45,Current,Heavy,Yes,,2018-11-11,Palliative Care,3.0,,,
ONC-05372,62.0,Male,Blood (Leukemia),Stage III,0.1,Never,None,No,23.3,2017-03-13,Surgery,6.0,6.0,Deceased,Critical
ONC-02196,55.0,Male,Prostate,Stage III,3.71,Former,Heavy,Yes,30.1,2016-01-04,,,0.0,Deceased,High
ONC-03819,57.0,Male,Prostate,Stage I,,Current,None,Yes,32.6,2020-01-19,Radiation Therapy,5.0,12.0,Deceased,High
ONC-02030,,Other,Blood (Leukemia),,14.63,Current,Regular,Yes,29.9,2022-06-21,Combination Therapy,9.0,4.0,Alive,Low
ONC-06945,66.0,Male,Ovarian,Stage II,0.43,Never,None,No,18.3,2019-01-06,Surgery,5.0,14.0,Deceased,High
ONC-07206,53.0,Other,Brain,Stage IV,4.04,Former,Occasional,Yes,30.1,2017-11-25,Surgery,,8.0,Deceased,Critical
ONC-00194,62.0,,,Stage II,1.15,Current,None,No,27.0,2024-12-20,,6.0,35.0,,High
ONC-05217,48.0,,,Stage IV,0.2,Never,Regular,Yes,25.2,2022-07-21,Chemotherapy,10.0,35.0,Alive,Critical
ONC-01727,,Female,Skin (Melanoma),Stage II,0.66,Never,None,Yes,23.8,2022-03-27,Immunotherapy,,,Alive,Medium
ONC-04584,53.0,Male,Colorectal,Stage I,0.92,Never,Occasional,No,32.0,2024-09-09,,8.0,15.0,Alive,High
ONC-06760,52.0,Other,Pancreatic,Stage II,2.29,Former,Heavy,Yes,29.3,2024-12-06,Surgery,7.0,12.0,Deceased,Medium
ONC-02080,47.0,Male,,Stage III,1.45,,,No,28.1,2021-08-30,Palliative Care,4.0,51.0,Alive,Medium
ONC-03688,67.0,Female,Brain,Stage I,0.95,Never,Occasional,No,24.3,2017-05-03,Chemotherapy,5.0,99.0,,Medium
ONC-00036,62.0,Female,Prostate,Stage III,10.53,Current,,Yes,25.3,2016-04-03,Surgery,,,Deceased,Medium
ONC-00632,34.0,Female,Colorectal,Stage IV,1.84,Current,Regular,No,26.0,,Immunotherapy,9.0,27.0,Alive,Critical
ONC-01722,67.0,Female,Lung,Stage III,0.1,Former,Regular,,32.5,2022-06-09,Chemotherapy,9.0,16.0,Deceased,Medium
ONC-05660,,Male,Blood (Leukemia),Stage IV,9.77,,None,,26.0,2015-09-14,Immunotherapy,12.0,89.0,Alive,Critical
ONC-05879,80.0,Female,Brain,Stage IV,0.7,Current,,No,26.4,2023-11-25,Immunotherapy,3.0,25.0,Alive,Critical
ONC-07032,73.0,Female,Skin (Melanoma),Stage II,15.58,,Occasional,Yes,32.1,,Radiation Therapy,6.0,0.0,Alive,Medium
ONC-02130,51.0,Female,Breast,,3.35,Former,Regular,No,23.9,,Radiation Therapy,4.0,14.0,Alive,High
ONC-03378,32.0,Other,Prostate,,6.22,Never,Regular,Yes,30.2,2016-01-11,,3.0,28.0,Deceased,High
ONC-04233,65.0,Male,Colorectal,Stage III,4.06,Current,Occasional,Yes,23.4,2015-03-25,Combination Therapy,2.0,20.0,Alive,High
ONC-03439,56.0,,Brain,Stage III,1.59,Former,Regular,Yes,31.3,2022-09-20,Palliative Care,7.0,7.0,Alive,Critical
ONC-01395,51.0,Other,Blood (Leukemia),Stage III,1.61,Former,Regular,Yes,30.3,2016-07-28,,4.0,0.0,Alive,Medium
ONC-06703,57.0,Female,Breast,Stage II,5.71,Current,Heavy,No,29.4,2022-06-14,Surgery,4.0,8.0,Alive,Low
ONC-06541,60.0,Female,,Stage IV,8.53,Former,Heavy,No,31.6,,Palliative Care,7.0,10.0,Alive,Critical
ONC-02502,72.0,,Pancreatic,Stage IV,5.61,Current,,No,37.1,2021-11-07,Chemotherapy,,25.0,Alive,Critical
ONC-01548,43.0,Other,Brain,Stage II,1.4,Never,Occasional,No,24.9,,Immunotherapy,,,Deceased,Medium
ONC-06860,57.0,Male,Breast,Stage I,1.59,Never,None,,23.2,2020-01-15,Immunotherapy,9.0,3.0,Alive,Low
ONC-01057,58.0,Male,Skin (Melanoma),,5.83,Never,Regular,Yes,34.3,2020-09-26,Immunotherapy,10.0,10.0,Alive,Low
ONC-02662,37.0,Female,Ovarian,Stage II,0.9,Former,Occasional,Yes,23.0,2015-09-28,Radiation Therapy,6.0,12.0,Deceased,Medium
ONC-02428,60.0,Other,Ovarian,Stage I,1.12,Never,Regular,No,20.0,2020-07-10,Surgery,6.0,4.0,Alive,Low
ONC-06188,73.0,Other,Breast,,2.01,Former,Regular,,28.1,2016-11-27,Palliative Care,9.0,39.0,Deceased,Low
ONC-01543,60.0,,Breast,Stage III,0.47,,Heavy,No,22.8,2016-08-02,,9.0,28.0,Alive,
ONC-01153,52.0,Other,Ovarian,Stage I,1.76,Current,Heavy,No,25.3,2019-05-29,Surgery,9.0,3.0,Alive,Low
ONC-04857,,Other,Pancreatic,Stage III,0.1,Never,None,No,19.2,2021-11-07,Chemotherapy,6.0,39.0,Alive,High
ONC-03803,60.0,Other,Colorectal,Stage II,2.5,Current,Occasional,No,23.9,2020-01-11,Radiation Therapy,4.0,7.0,Alive,High
ONC-01059,64.0,,Lung,Stage IV,3.44,Never,None,No,33.4,2019-01-03,Surgery,4.0,0.0,Alive,High
ONC-07129,28.0,Female,Liver,Stage III,3.25,Former,Regular,No,23.9,,Palliative Care,9.0,27.0,Deceased,High
ONC-05442,51.0,Female,Lung,,3.27,Former,Occasional,Yes,33.1,2020-01-29,Palliative Care,6.0,54.0,Alive,Critical
ONC-04016,60.0,Male,Brain,Stage IV,2.39,Never,Heavy,Yes,30.4,2017-01-02,Combination Therapy,,0.0,Alive,Medium
ONC-06535,54.0,Female,Skin (Melanoma),Stage I,5.61,Never,Regular,No,32.8,2017-06-19,Palliative Care,3.0,0.0,Alive,Low
ONC-03605,25.0,Other,Pancreatic,Stage IV,1.13,Never,Regular,Yes,33.6,2023-06-25,Chemotherapy,3.0,28.0,Alive,Critical
ONC-01285,66.0,Other,Pancreatic,Stage II,1.82,,Occasional,No,22.6,2022-01-19,Surgery,3.0,37.0,Deceased,Low
ONC-04626,60.0,Other,Blood (Leukemia),Stage I,0.47,Never,Regular,No,23.3,2017-12-12,Surgery,,18.0,Alive,Low
ONC-07060,34.0,Male,Pancreatic,Stage II,6.72,Former,Regular,,26.1,2017-11-29,Immunotherapy,4.0,5.0,Alive,High
ONC-06364,56.0,Male,Prostate,Stage IV,1.02,Never,Regular,No,19.6,,Chemotherapy,6.0,8.0,Deceased,Critical
ONC-02776,70.0,Male,Blood (Leukemia),Stage II,0.26,Never,None,Yes,24.9,2023-09-26,Radiation Therapy,13.0,15.0,Alive,High
ONC-04377,53.0,Male,Lung,Stage II,5.73,Former,Heavy,No,29.4,2020-08-11,Palliative Care,,,Deceased,Low
ONC-02686,58.0,Male,Brain,,0.77,Former,Heavy,No,26.8,2017-06-16,Chemotherapy,4.0,24.0,Alive,
ONC-03341,,Male,,Stage II,0.67,Current,Heavy,No,25.7,2017-03-12,Chemotherapy,,1.0,Alive,Low
ONC-00449,26.0,Male,Pancreatic,Stage III,8.86,Never,Occasional,No,24.4,2021-04-04,Surgery,7.0,0.0,Alive,Low
ONC-00208,68.0,Other,Brain,Stage II,3.32,,Occasional,No,27.2,2016-08-28,,5.0,37.0,Alive,Medium
ONC-05083,68.0,Male,Prostate,Stage II,8.41,Former,Regular,Yes,24.4,2021-10-14,Combination Therapy,6.0,0.0,Deceased,Medium
ONC-02605,56.0,Female,Brain,Stage III,2.31,Current,None,Yes,24.4,2022-05-18,Immunotherapy,3.0,3.0,Alive,High
ONC-04925,66.0,Male,Brain,Stage II,1.46,Current,Heavy,Yes,32.2,2017-04-13,Chemotherapy,5.0,0.0,Deceased,Medium
ONC-00982,50.0,Other,Lung,Stage III,10.03,Current,,Yes,30.5,2020-07-20,Radiation Therapy,8.0,3.0,Deceased,Critical
ONC-01577,60.0,Other,Colorectal,,0.52,Current,Regular,No,22.2,,,5.0,0.0,Alive,Critical
ONC-05416,70.0,Other,,Stage I,2.04,,None,No,25.5,2015-03-21,Combination Therapy,11.0,21.0,Alive,Low
ONC-02811,40.0,Male,Colorectal,Stage I,0.2,Never,Occasional,No,30.7,,,2.0,19.0,Deceased,Medium
ONC-06958,75.0,Male,Liver,Stage IV,4.39,Current,None,Yes,25.0,2022-10-15,Immunotherapy,11.0,16.0,Deceased,Critical
ONC-05539,82.0,Female,Prostate,Stage III,3.46,Never,Heavy,Yes,25.2,2022-12-03,Surgery,3.0,10.0,Alive,Medium
ONC-02851,67.0,Female,Blood (Leukemia),Stage I,3.38,Current,Heavy,No,29.7,2020-03-19,Chemotherapy,14.0,0.0,Alive,Low
ONC-07397,34.0,,,Stage IV,2.3,Never,Occasional,Yes,22.3,2021-06-23,,5.0,3.0,Alive,Critical
ONC-06977,50.0,Other,Blood (Leukemia),Stage IV,2.36,Never,Occasional,Yes,22.0,2022-04-12,Palliative Care,9.0,28.0,Deceased,Critical
ONC-05151,56.0,Female,Blood (Leukemia),Stage I,1.46,Current,,No,26.2,2024-09-14,Palliative Care,7.0,45.0,Deceased,Medium
ONC-07121,76.0,Male,Prostate,Stage II,6.68,Former,Occasional,Yes,28.4,2024-12-23,Combination Therapy,3.0,13.0,,Medium
ONC-03126,37.0,Other,Colorectal,Stage III,0.1,Former,None,No,28.2,2020-07-12,Surgery,5.0,8.0,Deceased,Critical
ONC-06569,51.0,Female,Liver,Stage III,5.62,Current,Occasional,No,32.8,2019-02-11,Combination Therapy,11.0,14.0,,Medium
ONC-04385,79.0,Female,Lung,,2.61,Current,Heavy,Yes,23.3,2024-10-08,Radiation Therapy,8.0,49.0,Deceased,High
ONC-00596,67.0,Male,Brain,Stage III,9.77,Never,None,,27.9,2016-12-31,Chemotherapy,7.0,29.0,Alive,Medium
ONC-06298,37.0,Female,Colorectal,Stage I,0.32,Current,Regular,Yes,19.0,2020-11-19,Chemotherapy,4.0,7.0,Deceased,Low
ONC-04215,44.0,Male,Blood (Leukemia),Stage I,0.1,Never,Regular,No,27.0,2020-05-05,Chemotherapy,,5.0,,Medium
ONC-06339,48.0,Other,Colorectal,Stage III,,Current,None,No,33.2,2019-11-15,Immunotherapy,8.0,6.0,Alive,High
ONC-02719,50.0,Female,Liver,Stage II,1.75,Current,Regular,No,29.0,2018-10-12,Chemotherapy,,8.0,Deceased,Medium
ONC-02555,80.0,Male,Lung,,2.52,Former,Heavy,Yes,28.3,2018-11-21,Combination Therapy,13.0,6.0,Alive,High
ONC-02168,72.0,Female,Ovarian,Stage II,1.54,Never,Heavy,Yes,26.8,2018-10-22,Combination Therapy,8.0,4.0,Deceased,Medium
ONC-01771,68.0,Other,Skin (Melanoma),Stage III,0.13,Current,None,Yes,,,Surgery,,10.0,Alive,
ONC-02336,88.0,Male,Liver,Stage I,4.52,Never,Regular,No,28.1,2015-02-17,Immunotherapy,5.0,25.0,Deceased,Low
ONC-05231,49.0,,Blood (Leukemia),Stage I,4.0,Former,,No,24.7,2017-04-07,Combination Therapy,3.0,4.0,Deceased,Medium
ONC-01605,51.0,Male,,,3.37,,Heavy,No,30.9,2015-10-02,Surgery,12.0,12.0,Alive,Low
ONC-04950,42.0,Other,Prostate,Stage IV,2.24,Never,Heavy,No,26.4,2018-07-30,Surgery,,6.0,Alive,Critical
ONC-06561,63.0,Female,Brain,Stage IV,5.51,Never,None,No,24.8,2017-05-30,Radiation Therapy,5.0,9.0,Alive,Critical
ONC-06378,85.0,Female,,Stage IV,8.6,Never,Regular,No,27.6,2021-11-05,Immunotherapy,7.0,10.0,Deceased,High
ONC-02784,61.0,Male,Breast,,1.7,,Regular,Yes,22.8,2015-10-26,,8.0,36.0,Alive,Critical
ONC-01179,52.0,Other,Prostate,Stage III,0.1,Never,Heavy,Yes,15.7,2016-04-14,Surgery,4.0,1.0,Alive,High
ONC-04937,44.0,Other,Skin (Melanoma),Stage I,8.06,Never,Regular,No,28.7,2019-11-28,Surgery,8.0,8.0,Deceased,Medium
ONC-07370,57.0,Other,Breast,Stage IV,7.38,Former,None,Yes,28.4,2018-12-26,Radiation Therapy,4.0,23.0,Alive,Medium
ONC-02558,62.0,Female,Pancreatic,Stage I,1.08,Never,None,No,22.7,2019-11-16,Palliative Care,5.0,27.0,Deceased,Low
ONC-04282,35.0,Male,Pancreatic,Stage IV,0.18,Never,Heavy,No,22.5,2024-01-28,Immunotherapy,8.0,,Alive,High
ONC-01586,82.0,Other,Prostate,Stage III,2.8,Never,Occasional,Yes,28.7,2024-03-31,-,3.0,27.0,Alive,High
ONC-07340,58.0,Female,Ovarian,Stage III,2.11,Never,Heavy,Yes,30.0,,,8.0,1.0,Alive,Medium
ONC-00724,75.0,Other,Skin (Melanoma),Stage III,1.2,Former,None,No,20.1,2024-03-26,Chemotherapy,4.0,15.0,Alive,High
ONC-06721,90.0,Female,Brain,Stage IV,7.87,,None,No,,2018-12-30,,6.0,20.0,Alive,High
ONC-05018,44.0,Other,Blood (Leukemia),Stage III,3.16,Current,None,No,30.6,2023-06-15,Radiation Therapy,11.0,13.0,Alive,High
ONC-02725,,Male,Breast,Stage IV,2.03,Never,Regular,No,,2016-03-31,Chemotherapy,9.0,,Alive,Medium
ONC-06817,50.0,,Ovarian,Stage IV,0.85,Current,Regular,No,34.4,2021-04-25,Radiation Therapy,,19.0,Alive,High
ONC-07228,75.0,Female,Breast,Stage II,1.29,Never,Heavy,No,18.6,2019-12-13,Chemotherapy,,19.0,Deceased,High
ONC-02774,59.0,Other,Prostate,Stage III,6.99,Current,,No,23.6,2021-11-14,Chemotherapy,4.0,0.0,Alive,High
ONC-04085,79.0,Other,Pancreatic,Stage II,2.34,Never,Regular,Yes,21.6,2022-04-23,Combination Therapy,,24.0,Alive,Low
ONC-02826,49.0,Female,Brain,Stage I,0.74,Never,None,Yes,34.4,2015-10-11,Immunotherapy,,1.0,Deceased,Low
ONC-04201,81.0,Male,Brain,Stage III,1.79,Former,Heavy,Yes,31.3,,,7.0,43.0,Alive,Low
ONC-04681,75.0,Other,Breast,Stage IV,1.18,Former,Regular,Yes,15.9,2024-07-20,Palliative Care,5.0,21.0,Deceased,High
ONC-06092,,Female,Ovarian,,7.3,,,No,38.0,2021-01-16,,,12.0,Alive,Critical
ONC-01936,53.0,Female,Ovarian,Stage II,5.15,Current,Occasional,No,19.9,,Immunotherapy,9.0,70.0,Alive,Low
ONC-03867,55.0,Female,Lung,Stage III,3.44,Current,Regular,Yes,31.4,,Surgery,6.0,,,Critical
ONC-04491,72.0,Other,Ovarian,Stage I,,Former,Regular,Yes,14.2,2024-09-22,Immunotherapy,8.0,32.0,Alive,
ONC-05032,46.0,Male,Colorectal,,3.36,Never,Occasional,No,,2019-04-14,Palliative Care,3.0,2.0,Alive,Low
ONC-01336,64.0,Female,Prostate,Stage II,0.93,Former,,No,,2022-09-23,Combination Therapy,0.0,1.0,Alive,Medium
ONC-04599,67.0,Female,Prostate,Stage IV,0.8,Current,None,No,29.7,2024-05-10,Radiation Therapy,,36.0,Deceased,Critical
ONC-02868,68.0,Other,Breast,Stage IV,1.54,Former,None,No,16.7,2017-09-25,Chemotherapy,6.0,43.0,Deceased,High
ONC-05692,80.0,Female,Lung,Stage II,0.14,Current,Regular,Yes,22.8,2019-04-20,Chemotherapy,5.0,30.0,Alive,Medium
ONC-05551,52.0,Female,,Stage III,11.06,Former,,Yes,30.6,2024-10-15,Radiation Therapy,13.0,35.0,,High
ONC-04071,,Other,Prostate,Stage IV,4.31,Current,Occasional,Yes,29.1,2022-01-18,Palliative Care,3.0,0.0,Alive,Critical
ONC-02756,68.0,Male,Prostate,Stage I,0.69,Current,,No,27.5,2019-04-16,Combination Therapy,3.0,13.0,Alive,Low
ONC-00767,99.0,Other,Lung,Stage IV,2.86,Never,Occasional,Yes,25.4,,Palliative Care,,22.0,Alive,Critical
ONC-01747,41.0,Female,,Stage II,3.45,Current,Heavy,Yes,21.0,2024-10-22,Combination Therapy,12.0,2.0,,Medium
ONC-02760,49.0,Male,Brain,Stage IV,1.37,Never,None,Yes,26.9,2017-01-22,Palliative Care,8.0,8.0,,Medium
ONC-01009,32.0,Male,Ovarian,Stage IV,1.79,Former,None,Yes,20.7,2022-05-17,Chemotherapy,7.0,25.0,Alive,High
ONC-02990,60.0,Female,Liver,Stage II,4.11,Current,Regular,Yes,26.1,2020-09-17,Combination Therapy,1.0,24.0,Deceased,High
ONC-00623,86.0,Male,Lung,Stage IV,2.85,Former,None,,31.1,,Immunotherapy,5.0,24.0,Alive,Critical
ONC-06871,61.0,Other,Blood (Leukemia),,1.26,Never,None,No,37.5,2024-11-26,Combination Therapy,7.0,21.0,Alive,High
ONC-02162,50.0,Other,Blood (Leukemia),Stage III,0.19,Never,Occasional,No,27.0,2022-03-13,,7.0,15.0,Alive,Medium
ONC-04914,72.0,Female,Blood (Leukemia),Stage IV,1.92,Current,N/A,No,30.2,2016-05-24,Surgery,,6.0,Alive,Critical
ONC-02890,43.0,Female,Ovarian,Stage I,1.66,Never,Regular,Yes,17.0,,Chemotherapy,7.0,,Alive,Low
ONC-05967,91.0,Other,Skin (Melanoma),Stage IV,1.2,Never,None,,23.5,2023-08-14,Combination Therapy,6.0,20.0,Alive,High
ONC-04451,61.0,Female,Colorectal,Stage II,1.99,Current,Occasional,,26.3,2018-01-19,Palliative Care,,,Alive,Medium
ONC-03791,25.0,Male,Skin (Melanoma),Stage IV,1.01,Never,Occasional,No,30.6,2021-08-17,Palliative Care,5.0,76.0,Alive,Critical
ONC-02767,59.0,Male,Pancreatic,Stage IV,3.69,Current,Occasional,Yes,21.3,2024-03-18,Palliative Care,9.0,2.0,Alive,Medium
ONC-03434,26.0,Female,Pancreatic,Stage I,3.02,Never,Occasional,Yes,24.3,2018-12-28,,4.0,23.0,Alive,Medium
ONC-02733,67.0,Male,Ovarian,Stage II,3.38,Former,Regular,Yes,30.3,2022-03-04,Palliative Care,5.0,9.0,Deceased,High
ONC-03923,83.0,Male,Colorectal,,8.24,Never,Occasional,No,19.3,2017-02-28,Radiation Therapy,6.0,0.0,Deceased,High
ONC-07421,37.0,Other,Skin (Melanoma),Stage II,1.41,Former,Regular,No,35.2,,Palliative Care,7.0,80.0,Deceased,Low
ONC-05970,52.0,Male,Brain,Stage III,2.1,Current,,Yes,36.0,,Radiation Therapy,5.0,29.0,Deceased,Critical
ONC-06314,60.0,Other,Skin (Melanoma),Stage I,9.53,Former,Regular,No,27.6,,,9.0,19.0,Alive,Medium
ONC-01719,73.0,Other,Skin (Melanoma),Stage II,0.34,Current,None,Yes,18.5,2016-06-26,Palliative Care,3.0,17.0,,Medium
ONC-05082,64.0,Male,Skin (Melanoma),Stage I,0.18,,Occasional,Yes,26.4,2023-11-24,Combination Therapy,9.0,5.0,Alive,High
ONC-03751,47.0,Female,Prostate,,1.35,Former,Occasional,No,23.7,2020-02-15,Chemotherapy,5.0,12.0,Deceased,High
ONC-02622,73.0,Female,Prostate,Stage I,1.63,Never,Occasional,Yes,22.7,2021-08-28,Immunotherapy,6.0,7.0,Alive,Medium
ONC-02171,,Male,Lung,Stage II,1.29,Never,Heavy,Yes,26.4,2017-08-23,Palliative Care,8.0,31.0,Alive,Low
ONC-04445,53.0,Other,Lung,Stage III,1.98,Former,Heavy,Yes,30.5,2017-08-04,Palliative Care,9.0,64.0,Alive,High
ONC-04348,53.0,,Skin (Melanoma),Stage IV,1.55,Never,None,Yes,24.5,2015-11-22,Palliative Care,4.0,1.0,Deceased,High
ONC-05685,,Other,,,4.72,Never,Occasional,Yes,17.2,2021-11-05,Combination Therapy,9.0,10.0,Alive,
ONC-04543,37.0,Female,Lung,Stage I,1.87,,Heavy,Yes,,,Immunotherapy,11.0,3.0,,Low
ONC-05916,76.0,Female,Pancreatic,Stage II,2.94,Former,Heavy,Yes,37.3,2017-10-04,Immunotherapy,2.0,11.0,Alive,
ONC-00542,19.0,Male,Lung,Stage I,15.09,Never,Occasional,Yes,24.5,2024-10-17,Surgery,3.0,1.0,Alive,Low
ONC-04832,38.0,Female,Prostate,Stage III,4.38,Current,Occasional,No,20.5,2015-03-21,Combination Therapy,4.0,15.0,Alive,Critical
ONC-06033,45.0,Other,Skin (Melanoma),Stage IV,2.3,Former,None,Yes,28.7,2017-08-02,Surgery,5.0,14.0,Alive,High
ONC-06130,,Other,Breast,Stage III,2.34,Never,,Yes,33.9,2017-12-27,Immunotherapy,,15.0,Alive,High
ONC-02432,57.0,Male,Pancreatic,Stage II,1.95,Never,Regular,No,24.1,2020-05-29,Chemotherapy,4.0,3.0,,Medium
ONC-00513,49.0,Male,Brain,Stage IV,0.25,Never,Occasional,No,30.2,,Radiation Therapy,8.0,1.0,,Critical
ONC-00104,30.0,Male,Breast,Stage I,3.39,Former,,No,30.8,2019-10-31,Chemotherapy,6.0,,Alive,Low
ONC-03266,56.0,Female,Lung,Stage IV,2.79,Former,None,No,23.8,,Radiation Therapy,5.0,2.0,,Critical
ONC-01086,34.0,,,Stage III,4.77,,Regular,No,27.0,2016-01-01,Surgery,,13.0,Alive,Medium
ONC-07309,89.0,Female,Liver,Stage I,8.52,Former,Occasional,,29.0,2015-02-13,Immunotherapy,2.0,0.0,Alive,Low
ONC-04263,31.0,,Pancreatic,,5.27,Never,Occasional,No,30.1,2018-12-31,Immunotherapy,6.0,11.0,Alive,Critical
ONC-00692,35.0,Female,Blood (Leukemia),,2.54,,Occasional,Yes,24.1,2021-12-16,Radiation Therapy,,5.0,Deceased,Low
ONC-03003,,Other,Pancreatic,Stage IV,1.3,Former,Occasional,Yes,21.7,2023-04-21,Radiation Therapy,6.0,,Deceased,
ONC-06891,65.0,Female,,Stage III,12.26,Current,None,No,22.2,2015-03-16,Immunotherapy,,24.0,Alive,
ONC-05670,62.0,Female,Lung,Stage I,2.65,Current,Regular,No,19.1,,Chemotherapy,9.0,17.0,,Low
ONC-01456,54.0,Male,Colorectal,Stage II,0.35,Never,None,,38.4,2017-09-25,Surgery,6.0,9.0,Deceased,Medium
ONC-04284,36.0,Male,Brain,Stage III,0.3,Former,None,No,25.4,2015-04-16,Palliative Care,8.0,0.0,,
ONC-02883,63.0,Other,Liver,Stage II,,Never,-,No,26.0,2017-03-29,Chemotherapy,7.0,7.0,Alive,Medium
ONC-00917,,Male,Brain,Stage IV,3.13,Former,None,No,22.4,2017-02-10,Immunotherapy,,16.0,Alive,
ONC-02027,76.0,Male,Liver,Stage III,5.96,Current,None,No,20.7,2018-09-30,Surgery,4.0,5.0,Alive,High
ONC-04885,47.0,,Liver,Stage III,4.5,Current,Occasional,No,30.5,2017-04-12,,,,,Medium
ONC-04002,41.0,Female,Brain,Stage IV,2.08,Never,Occasional,Yes,21.7,2022-01-30,Surgery,3.0,17.0,Alive,Critical
ONC-05559,66.0,Male,Blood (Leukemia),Stage II,1.79,Current,,No,23.4,2017-08-25,Chemotherapy,,9.0,Alive,High
ONC-04798,61.0,Other,Liver,Stage IV,5.97,Former,None,No,25.1,,Combination Therapy,,6.0,Alive,Medium
ONC-06215,48.0,Other,Lung,Stage I,2.33,,None,Yes,22.3,2015-11-15,Surgery,7.0,4.0,Alive,Low
ONC-06500,76.0,Female,Blood (Leukemia),Stage IV,0.39,Never,,Yes,26.3,2019-05-20,Chemotherapy,6.0,31.0,Deceased,High
ONC-07173,41.0,Other,Colorectal,,2.48,Former,Heavy,No,23.1,2016-09-28,Immunotherapy,7.0,3.0,Deceased,
ONC-04095,52.0,Female,Skin (Melanoma),Stage I,9.53,Never,Heavy,Yes,26.1,2022-03-01,Chemotherapy,5.0,11.0,Alive,Low
ONC-05069,42.0,,Lung,Stage IV,0.77,Former,,No,23.2,2019-10-09,Radiation Therapy,6.0,9.0,Deceased,Critical
ONC-01115,45.0,,Breast,Stage IV,8.19,Never,None,Yes,26.6,2021-05-31,Immunotherapy,9.0,42.0,Alive,Low
ONC-02800,57.0,Other,Colorectal,Stage III,3.06,,None,No,17.9,2020-10-10,Palliative Care,10.0,2.0,,Medium
ONC-00799,39.0,Other,Pancreatic,Stage III,7.18,Current,Occasional,,30.4,2024-09-05,Surgery,6.0,,Deceased,Critical
ONC-03338,85.0,Male,,Stage IV,0.1,Current,Occasional,,32.1,2022-05-17,Surgery,,1.0,Alive,Critical
ONC-05335,59.0,Other,Liver,Stage III,0.61,,Heavy,Yes,28.9,2017-02-03,Chemotherapy,9.0,53.0,,Critical
ONC-05941,63.0,Male,Skin (Melanoma),,2.41,Current,Regular,Yes,25.3,,Radiation Therapy,,17.0,Deceased,Medium
ONC-05200,60.0,Male,Blood (Leukemia),Stage II,,Former,None,No,26.3,2018-08-26,Surgery,6.0,9.0,Alive,Low
ONC-06241,89.0,Male,Ovarian,Stage III,1.18,,Occasional,Yes,16.6,2019-01-05,Combination Therapy,5.0,11.0,Alive,High
ONC-02729,66.0,Male,Colorectal,Stage II,0.76,Never,Occasional,,15.7,2015-02-23,Combination Therapy,5.0,54.0,Alive,Medium
ONC-07385,,Other,Lung,,6.51,Current,Occasional,Yes,22.3,2022-08-10,Chemotherapy,7.0,14.0,Deceased,Medium
ONC-01756,47.0,,,Stage III,6.27,,Heavy,No,19.9,2020-07-04,Combination Therapy,10.0,8.0,Deceased,Medium
ONC-03020,62.0,Male,Pancreatic,Stage II,1.42,Former,Heavy,Yes,20.1,2017-03-16,Chemotherapy,2.0,43.0,Alive,Low
ONC-05066,79.0,Other,Prostate,,1.75,Never,None,No,17.8,2018-11-28,Radiation Therapy,,20.0,Alive,Medium
ONC-03214,49.0,Male,Skin (Melanoma),Stage I,8.61,Current,None,Yes,30.6,2015-07-23,,5.0,4.0,Alive,Low
ONC-01413,56.0,Other,Liver,Stage II,1.98,Never,Occasional,No,18.8,2024-11-09,,7.0,18.0,Deceased,Low
ONC-04713,49.0,Male,Liver,Stage I,4.47,Former,,No,29.3,2023-02-25,Chemotherapy,2.0,16.0,Alive,Medium
ONC-02384,82.0,,Liver,Stage II,1.26,Current,Regular,Yes,24.4,2020-01-12,Immunotherapy,2.0,4.0,Alive,High
ONC-07287,50.0,Male,Skin (Melanoma),Stage IV,1.86,Never,Heavy,Yes,29.9,2023-05-21,,4.0,1.0,Deceased,Low
ONC-03773,,Other,Prostate,,1.49,,Heavy,Yes,27.7,2023-07-11,Chemotherapy,3.0,6.0,Deceased,Medium
ONC-05840,34.0,Female,Pancreatic,Stage IV,3.33,Former,None,Yes,30.5,2020-10-10,Combination Therapy,5.0,12.0,Alive,High
ONC-06986,37.0,Other,Lung,Stage II,0.66,Former,Regular,,30.6,2024-02-04,Immunotherapy,10.0,0.0,Deceased,Low
ONC-03408,44.0,Male,,Stage II,1.58,Never,Occasional,No,24.2,2022-02-16,Radiation Therapy,3.0,16.0,Alive,
ONC-01311,49.0,Male,Skin (Melanoma),Stage I,4.97,,,,18.9,2017-12-04,,,18.0,Deceased,Low
ONC-01675,53.0,Other,Brain,Stage I,8.63,Never,Occasional,Yes,24.7,2019-05-20,Immunotherapy,6.0,38.0,Alive,Critical
ONC-03229,70.0,Female,Prostate,Stage IV,,Never,Heavy,Yes,27.5,2016-08-18,Radiation Therapy,,19.0,Alive,Critical
ONC-04186,52.0,Female,,Stage IV,9.85,Former,Occasional,No,26.2,2016-11-02,Surgery,6.0,61.0,,High
ONC-05610,70.0,Male,Pancreatic,Stage I,2.21,Never,Regular,No,29.8,,Palliative Care,7.0,8.0,Deceased,Low
ONC-04669,71.0,Other,Prostate,,8.18,Never,Occasional,,32.1,2024-04-17,Immunotherapy,10.0,5.0,Deceased,High
ONC-00228,45.0,Other,Pancreatic,Stage II,7.68,Current,None,No,27.7,2020-12-03,Palliative Care,5.0,12.0,Alive,High
ONC-05979,91.0,Male,Prostate,Stage II,5.18,,Occasional,Yes,30.3,2015-07-14,Combination Therapy,7.0,17.0,Alive,Medium
ONC-04364,52.0,,Pancreatic,Stage IV,0.84,Former,Occasional,Yes,27.8,2015-03-25,Surgery,,7.0,Alive,Critical
ONC-04976,80.0,,Brain,Stage III,9.7,Former,Regular,No,24.1,2020-03-25,Radiation Therapy,6.0,3.0,Alive,High
ONC-01298,78.0,Male,Ovarian,Stage I,1.95,Current,Occasional,Yes,26.4,2024-10-07,Chemotherapy,5.0,21.0,Alive,Low
ONC-07277,42.0,Female,,Stage III,2.37,Former,Regular,Yes,21.7,2020-09-10,,9.0,,Deceased,
ONC-01876,54.0,Other,Prostate,Stage III,0.1,Never,Occasional,No,,2021-03-27,Radiation Therapy,10.0,3.0,Alive,High
ONC-04917,46.0,Female,,Stage I,,Current,Regular,Yes,23.2,2019-07-15,Immunotherapy,1.0,42.0,Alive,Medium
ONC-02212,,Other,Prostate,Stage IV,3.27,Former,Heavy,Yes,21.2,2021-11-10,Radiation Therapy,9.0,5.0,Alive,High
ONC-07335,45.0,Female,Ovarian,,0.26,Former,None,Yes,25.8,2021-05-07,,9.0,0.0,Alive,Medium
ONC-03369,45.0,,Ovarian,Stage I,2.94,Current,Occasional,No,18.4,2022-09-15,Palliative Care,2.0,52.0,Alive,Medium
ONC-03522,45.0,Other,Ovarian,Stage II,0.86,Current,None,Yes,32.7,2023-01-28,Radiation Therapy,2.0,4.0,Deceased,Medium
ONC-02076,67.0,Female,Liver,Stage III,0.42,Current,,No,26.2,2018-05-15,Palliative Care,5.0,4.0,Alive,Medium
ONC-06087,48.0,Female,Blood (Leukemia),Stage II,0.1,Former,Heavy,No,21.9,,Surgery,8.0,0.0,,Low
ONC-04994,75.0,Other,,Stage II,0.1,Former,None,Yes,26.9,2020-05-21,Immunotherapy,5.0,17.0,Deceased,Medium
ONC-02864,,,Liver,,0.65,Current,,No,30.5,2019-03-07,Chemotherapy,,10.0,,
ONC-01398,66.0,Other,Ovarian,Stage I,2.32,Never,Heavy,,29.5,2023-06-07,Surgery,6.0,13.0,Deceased,Low
ONC-05233,19.0,Male,Pancreatic,Stage I,3.11,Never,Occasional,Yes,33.0,2023-12-30,Surgery,9.0,45.0,Alive,Medium
ONC-05542,77.0,Female,,Stage II,1.41,Current,None,Yes,25.5,,Combination Therapy,5.0,0.0,Alive,Low
ONC-02984,52.0,Other,,Stage III,1.27,Former,,,26.6,2020-02-26,Radiation Therapy,5.0,20.0,Alive,High
ONC-07139,50.0,Female,Breast,Stage I,2.9,Never,Heavy,No,30.6,,Combination Therapy,5.0,14.0,Deceased,Low
ONC-04929,47.0,Male,Ovarian,Stage IV,3.46,Current,Heavy,No,27.7,2021-09-14,Surgery,9.0,0.0,Alive,High
ONC-03775,50.0,Other,Colorectal,Stage IV,2.83,Current,None,No,21.1,2024-06-20,Combination Therapy,5.0,2.0,Alive,Critical
ONC-00514,,Female,Skin (Melanoma),Stage III,0.26,Former,,No,19.1,2023-05-22,Combination Therapy,11.0,8.0,Alive,High
ONC-01390,52.0,Other,Pancreatic,Stage II,1.38,,Heavy,Yes,30.2,2016-02-20,Surgery,5.0,0.0,Alive,Low
ONC-04750,34.0,Other,Skin (Melanoma),Stage II,1.74,,Occasional,No,29.6,,Palliative Care,10.0,6.0,Alive,Low
ONC-02498,50.0,Female,Colorectal,Stage IV,2.6,Former,Heavy,,35.2,2021-07-25,Surgery,6.0,,,Medium
ONC-04099,38.0,Other,Pancreatic,Stage II,1.92,,None,No,25.7,2021-06-28,Radiation Therapy,4.0,37.0,Alive,Low
ONC-02652,82.0,,Colorectal,Stage III,0.86,Never,Occasional,Yes,32.0,2022-08-17,Palliative Care,3.0,4.0,Deceased,
ONC-02327,50.0,Female,Lung,Stage I,0.31,Current,None,Yes,26.4,2022-12-03,Combination Therapy,6.0,21.0,Deceased,Low
ONC-05740,44.0,Female,Prostate,Stage II,,Former,None,No,26.6,2015-11-08,Chemotherapy,2.0,5.0,,
ONC-04665,63.0,Female,Lung,Stage I,5.05,,Regular,Yes,21.2,2020-09-07,Radiation Therapy,5.0,36.0,Deceased,Low
ONC-00314,61.0,Male,Liver,Stage III,12.69,,Heavy,Yes,30.1,2017-09-14,Immunotherapy,,11.0,Alive,High
ONC-05418,81.0,Male,Skin (Melanoma),Stage II,10.7,,Heavy,Yes,25.8,2017-01-29,,7.0,1.0,Alive,
ONC-04795,,Male,Brain,,0.57,Former,None,,29.3,2019-11-04,Immunotherapy,3.0,4.0,Alive,Medium
ONC-02418,76.0,,Prostate,Stage I,1.27,Former,,Yes,23.4,2015-11-05,Immunotherapy,8.0,3.0,Alive,Low
ONC-00075,78.0,Female,Prostate,Stage II,2.03,Former,Regular,Yes,12.7,,Chemotherapy,5.0,9.0,Alive,Low
ONC-00756,79.0,Female,Blood (Leukemia),Stage II,2.73,Former,Occasional,No,27.4,,,9.0,7.0,Deceased,
ONC-02713,61.0,Male,,Stage IV,0.74,Never,,No,23.4,2016-01-12,Surgery,8.0,,Alive,Critical
ONC-06916,79.0,Other,Pancreatic,Stage III,7.75,Current,Regular,No,22.9,2022-05-08,Immunotherapy,6.0,11.0,Alive,High
ONC-05317,38.0,Male,Blood (Leukemia),Stage III,0.55,,Heavy,,28.7,,Palliative Care,2.0,19.0,Alive,Medium
ONC-03581,78.0,,Breast,Stage IV,0.36,Never,Regular,No,24.8,2021-09-23,Immunotherapy,7.0,5.0,Alive,Critical
ONC-07086,47.0,Female,Ovarian,Stage II,6.35,Current,None,No,21.0,,,5.0,15.0,Deceased,
ONC-02719,50.0,Female,Liver,Stage II,1.75,Current,Regular,No,29.0,2018-10-12,Chemotherapy,,8.0,Deceased,Medium
ONC-05866,45.0,Other,Ovarian,Stage III,5.16,Former,Occasional,Yes,28.2,2015-12-31,Immunotherapy,,12.0,Alive,Critical
ONC-05630,,,Lung,Stage II,0.44,Former,None,No,25.8,2017-03-20,Radiation Therapy,8.0,22.0,Alive,Medium
ONC-07223,43.0,Male,Skin (Melanoma),Stage III,0.5,Never,None,No,25.6,2019-06-20,Palliative Care,4.0,0.0,Alive,Critical
ONC-05850,,Female,Lung,Stage II,6.12,Former,None,Yes,22.8,2016-01-31,Immunotherapy,7.0,,Alive,Low
ONC-05751,69.0,,Skin (Melanoma),,0.55,,Regular,Yes,24.2,2021-01-25,Immunotherapy,,11.0,Alive,Medium
ONC-02182,45.0,Male,Pancreatic,Stage IV,,Never,Regular,Yes,25.1,2015-03-13,Immunotherapy,6.0,8.0,Alive,High
ONC-00127,74.0,Male,Pancreatic,Stage IV,0.79,Former,Heavy,Yes,20.8,2015-11-27,Radiation Therapy,7.0,20.0,Alive,High
ONC-05679,60.0,Female,Blood (Leukemia),Stage I,3.28,Former,Heavy,Yes,28.6,2019-05-03,Combination Therapy,5.0,19.0,Alive,Low
ONC-05727,56.0,Other,Pancreatic,Stage III,2.39,,Heavy,Yes,,2015-11-25,Chemotherapy,,39.0,Alive,Critical
ONC-02970,73.0,Other,Brain,Stage III,2.06,Current,Heavy,Yes,31.0,2018-01-30,Radiation Therapy,8.0,7.0,Deceased,Medium
ONC-04981,58.0,Male,Ovarian,Stage IV,2.18,Current,Heavy,No,33.1,2015-05-01,Surgery,7.0,8.0,Alive,High
ONC-04567,58.0,Male,Lung,Stage I,3.69,,Occasional,No,,2015-08-26,Chemotherapy,8.0,31.0,Deceased,Medium
ONC-02223,41.0,Other,Brain,Stage IV,1.11,Never,Regular,No,27.1,,Chemotherapy,6.0,3.0,Alive,High
ONC-07492,91.0,Other,Liver,Stage I,0.1,Never,,No,33.4,2020-03-25,Radiation Therapy,7.0,19.0,Alive,Low
ONC-07103,44.0,Female,Blood (Leukemia),,0.91,Former,Heavy,No,24.2,2017-05-30,,6.0,19.0,,Low
ONC-05972,73.0,Female,Blood (Leukemia),Stage II,1.52,Never,Regular,Yes,23.7,2023-11-21,Combination Therapy,11.0,7.0,Deceased,High
ONC-01273,63.0,Other,Blood (Leukemia),Stage I,0.22,Never,Heavy,Yes,26.1,2020-01-06,Radiation Therapy,6.0,12.0,Alive,Low
ONC-00286,73.0,Other,Breast,Stage II,2.45,Never,None,Yes,15.3,2019-02-07,,9.0,3.0,Alive,Low
ONC-02144,31.0,Other,Breast,Stage IV,1.71,Never,,No,32.3,2023-07-17,Surgery,,38.0,Alive,Medium
ONC-06279,46.0,Male,Liver,Stage IV,1.8,Never,Heavy,Yes,28.5,2021-05-30,Immunotherapy,8.0,10.0,Alive,Critical
ONC-03816,37.0,Other,Skin (Melanoma),Stage II,2.84,Never,None,No,30.7,,Combination Therapy,4.0,41.0,,Low
ONC-01229,49.0,Female,Liver,Stage I,1.51,Never,None,No,30.1,2021-10-22,Radiation Therapy,3.0,4.0,,Medium
ONC-05126,48.0,Female,Ovarian,Stage II,4.43,Never,Heavy,Yes,34.2,2022-11-09,Combination Therapy,3.0,12.0,Alive,Medium
ONC-05895,,Female,Liver,Stage III,1.24,,Occasional,Yes,12.1,,Chemotherapy,6.0,30.0,Alive,Critical
ONC-04087,56.0,Other,Blood (Leukemia),Stage I,4.01,Never,Occasional,No,29.7,2020-05-20,,6.0,87.0,Alive,Low
ONC-05195,,Male,Blood (Leukemia),Stage III,13.56,Never,Regular,No,21.7,2021-03-01,Radiation Therapy,5.0,6.0,Alive,High
ONC-02013,66.0,Female,Brain,Stage III,3.13,Never,None,Yes,22.2,2020-06-11,Combination Therapy,6.0,14.0,Alive,Critical
ONC-02884,70.0,Male,Liver,Stage I,2.34,NA,Regular,No,25.8,2019-03-15,Immunotherapy,,1.0,Deceased,Critical
ONC-03358,,Other,Prostate,Stage I,3.69,Never,Occasional,Yes,34.0,2023-06-20,Palliative Care,9.0,12.0,Deceased,Low
ONC-00172,65.0,Other,Lung,Stage III,4.66,Current,,,19.2,2016-06-30,Surgery,8.0,115.0,Alive,
ONC-04206,41.0,Female,Pancreatic,Stage I,0.88,Never,Occasional,Yes,28.7,2020-04-16,Surgery,,3.0,Alive,Low
ONC-07313,68.0,Unknown,,Stage III,4.18,Never,Heavy,No,27.5,2017-05-28,Palliative Care,7.0,,Alive,Medium
ONC-06074,44.0,,Brain,Stage IV,1.11,Current,Occasional,Yes,25.2,2015-04-28,Immunotherapy,5.0,14.0,Deceased,Critical
ONC-06296,38.0,,,Stage III,1.78,Never,Heavy,,28.4,2023-01-05,Surgery,5.0,4.0,Deceased,Medium
ONC-02054,43.0,Male,Colorectal,Stage IV,2.13,Never,Occasional,,,2019-02-24,Radiation Therapy,8.0,14.0,Alive,Critical
ONC-02944,,Other,Ovarian,Stage IV,8.38,Former,,No,21.7,2016-02-05,Chemotherapy,9.0,0.0,Deceased,High
ONC-05937,81.0,Other,Prostate,Stage IV,2.07,Current,Regular,No,26.5,2020-09-30,Palliative Care,3.0,11.0,Deceased,Critical
ONC-04677,27.0,Male,Colorectal,,10.83,,Regular,Yes,31.9,2024-08-30,,6.0,7.0,Alive,Critical
ONC-02504,73.0,Other,Colorectal,Stage I,,Current,Occasional,Yes,20.9,2016-09-25,Chemotherapy,7.0,11.0,Alive,Low
ONC-00251,67.0,,Liver,Stage II,0.91,Current,Regular,No,25.0,2023-07-24,Immunotherapy,5.0,18.0,Deceased,Medium
ONC-01668,48.0,Female,Blood (Leukemia),Stage IV,5.5,Current,Regular,No,25.1,2015-11-29,Chemotherapy,6.0,24.0,Alive,Critical
ONC-04117,61.0,Male,Blood (Leukemia),Stage IV,3.49,Current,Regular,Yes,22.3,2022-12-06,,,3.0,Alive,Critical
ONC-02090,46.0,Male,Liver,Stage III,0.3,Never,Occasional,,,2020-01-31,Radiation Therapy,8.0,8.0,Alive,Critical
ONC-00049,57.0,Other,Lung,Stage III,1.4,Current,Regular,,28.0,2024-03-06,Chemotherapy,2.0,18.0,Alive,
ONC-00112,57.0,Other,Liver,Stage II,3.37,Former,Regular,Yes,20.2,2017-11-18,Immunotherapy,2.0,21.0,Deceased,Low
ONC-00459,60.0,Female,Skin (Melanoma),Stage II,1.58,Former,Heavy,Yes,28.1,2015-01-20,Radiation Therapy,8.0,50.0,Alive,
ONC-06272,58.0,Female,Ovarian,Stage II,2.75,Current,None,No,26.0,2015-11-10,Surgery,1.0,21.0,Alive,Medium
ONC-04957,77.0,Male,Lung,,1.85,Former,Heavy,No,25.4,2015-03-27,,3.0,29.0,Alive,Medium
ONC-01465,60.0,Other,Ovarian,Stage IV,3.02,Current,Regular,Yes,33.3,2021-11-01,Surgery,12.0,0.0,Deceased,Medium
ONC-06445,25.0,Female,,Stage I,4.35,Former,Occasional,No,23.3,2016-12-25,Immunotherapy,7.0,0.0,Alive,Low
ONC-00613,52.0,Male,Ovarian,,,Current,None,No,36.4,2020-03-27,Surgery,7.0,,Alive,Low
ONC-04368,76.0,Female,Skin (Melanoma),Stage III,3.17,Never,Regular,Yes,28.3,2022-05-23,Chemotherapy,7.0,1.0,Alive,
ONC-02115,51.0,Male,Colorectal,Stage IV,12.35,Never,None,Yes,29.1,2018-01-17,Immunotherapy,1.0,16.0,Alive,Critical
ONC-04749,,Female,Skin (Melanoma),Stage I,2.24,Never,Occasional,Yes,12.0,,Surgery,7.0,6.0,Alive,Medium
ONC-06004,,Other,Pancreatic,Stage I,2.33,Former,Heavy,No,,,Surgery,4.0,13.0,Deceased,Low
ONC-02752,62.0,Female,Prostate,Stage III,1.22,Former,Occasional,Yes,34.9,2024-07-06,Surgery,7.0,3.0,Alive,High
ONC-00673,43.0,Female,Skin (Melanoma),Stage IV,8.13,Current,Occasional,Yes,23.3,2016-08-09,Palliative Care,8.0,9.0,Alive,Critical
ONC-00882,54.0,Other,Colorectal,Stage I,1.38,Former,None,No,32.6,2021-06-29,Surgery,7.0,11.0,Alive,Medium
ONC-06811,66.0,Female,Skin (Melanoma),Stage IV,4.56,Current,,No,20.9,2015-07-01,Immunotherapy,6.0,17.0,Alive,High
ONC-05260,42.0,Female,Pancreatic,Stage II,4.43,Never,Regular,Yes,37.1,2017-11-03,Immunotherapy,7.0,6.0,Alive,Low
ONC-03648,57.0,Male,,Stage IV,5.15,Never,Heavy,Yes,22.5,2019-11-06,Radiation Therapy,5.0,,Alive,Medium
ONC-01233,49.0,Male,Ovarian,Stage IV,2.76,Current,None,No,29.1,,Combination Therapy,5.0,3.0,Alive,Critical
ONC-01159,,Other,Prostate,Stage I,3.93,Former,Heavy,No,30.7,,Radiation Therapy,6.0,7.0,Deceased,Low
ONC-04661,,Male,Liver,Stage I,0.13,Former,Heavy,Yes,,2019-12-04,Palliative Care,6.0,,Alive,Low
ONC-04818,67.0,Male,,Stage IV,5.34,Current,Regular,No,20.5,2022-02-08,Immunotherapy,7.0,35.0,Alive,High
ONC-02754,65.0,Other,Liver,,0.71,Current,None,No,23.3,,Surgery,9.0,17.0,Alive,High
ONC-06335,53.0,Other,Liver,Stage IV,5.58,Current,Regular,Yes,28.3,2024-09-22,Surgery,,43.0,Alive,High
ONC-02085,77.0,Other,Skin (Melanoma),,1.0,Former,Regular,No,29.6,2018-09-17,Immunotherapy,7.0,11.0,Alive,Critical
ONC-01309,81.0,Other,,Stage IV,7.35,Never,None,No,26.1,2016-09-29,Combination Therapy,8.0,1.0,Alive,Critical
ONC-01603,71.0,Female,Brain,Stage IV,0.63,,None,Yes,,2016-11-04,,5.0,56.0,,High
ONC-05120,63.0,Other,Ovarian,Stage I,6.58,,Occasional,No,34.8,2024-08-05,Radiation Therapy,8.0,45.0,Alive,Low
ONC-05787,,Male,Blood (Leukemia),Stage IV,0.4,,None,No,29.9,,Surgery,5.0,8.0,Deceased,High
ONC-05795,79.0,,Breast,Stage II,1.8,Never,Occasional,No,35.6,2017-12-18,Palliative Care,6.0,13.0,,Medium
ONC-06288,63.0,Other,Liver,Stage IV,0.73,Never,Regular,No,29.2,,Palliative Care,8.0,16.0,Alive,Critical
ONC-04155,64.0,Male,Brain,Stage IV,1.88,Current,Heavy,Yes,27.9,2015-08-28,Radiation Therapy,3.0,7.0,Alive,Critical
ONC-04568,20.0,Other,,Stage III,0.81,Current,Occasional,No,25.4,2020-10-12,Immunotherapy,4.0,5.0,Deceased,High
ONC-04850,,Male,Pancreatic,Stage II,17.67,Never,Heavy,,21.9,2020-07-23,,3.0,25.0,Alive,High
ONC-03793,29.0,Female,Pancreatic,Stage IV,17.27,Never,Occasional,No,28.2,,Palliative Care,2.0,17.0,Deceased,Critical
ONC-02289,35.0,Male,Brain,Stage III,,Never,Regular,No,,2023-10-04,Chemotherapy,4.0,18.0,Deceased,Low
ONC-01441,70.0,Other,Skin (Melanoma),Stage III,1.17,Current,Regular,No,16.5,2022-06-24,Radiation Therapy,4.0,8.0,Deceased,Critical
ONC-01338,65.0,Other,Lung,Stage IV,4.11,Never,Regular,No,30.3,2019-09-27,Immunotherapy,8.0,7.0,Alive,Critical
ONC-06873,50.0,,Prostate,Stage II,0.1,Never,None,Yes,28.0,2022-05-13,Combination Therapy,7.0,47.0,Alive,Low
ONC-00960,60.0,Other,Liver,Stage III,3.11,Never,None,No,16.1,2024-02-18,,7.0,28.0,Alive,High
ONC-03802,85.0,Male,Brain,Stage II,,Never,None,No,26.0,2021-11-08,Combination Therapy,5.0,26.0,Alive,Low
ONC-07269,84.0,Other,Brain,Stage III,,Current,None,,17.6,2015-04-08,Combination Therapy,10.0,4.0,Alive,Medium
ONC-04933,40.0,Other,Ovarian,Stage I,5.3,Former,Occasional,No,20.0,2017-09-30,Immunotherapy,,10.0,Alive,Low
ONC-03667,52.0,Female,Liver,Stage IV,3.78,Former,Heavy,,37.5,2023-05-12,Surgery,,25.0,Alive,High
ONC-04604,35.0,Female,Brain,Stage I,0.54,Never,Heavy,Yes,14.7,2024-06-30,Combination Therapy,6.0,,,Medium
ONC-00883,43.0,,Breast,Stage I,3.27,Never,Occasional,Yes,23.4,2023-12-31,Immunotherapy,8.0,11.0,Alive,Low
ONC-02887,64.0,,Liver,Stage II,0.48,Current,Regular,Yes,34.6,2019-11-21,Palliative Care,,17.0,Alive,Low
ONC-00568,73.0,Other,Brain,Stage III,3.65,Never,None,No,28.5,2022-05-28,Radiation Therapy,6.0,62.0,Alive,Low
ONC-04904,50.0,Other,Skin (Melanoma),Stage I,4.13,Never,,Yes,,,Immunotherapy,8.0,6.0,Deceased,
ONC-04842,51.0,,Lung,Stage IV,13.15,Former,Occasional,No,12.0,2018-10-24,Surgery,6.0,13.0,Alive,Medium
ONC-06976,74.0,Other,Brain,Stage I,10.13,Former,Heavy,No,,,Radiation Therapy,4.0,,Deceased,Low
ONC-06175,67.0,Female,Brain,Stage I,1.91,Former,None,Yes,27.3,2015-09-04,Immunotherapy,16.0,19.0,Alive,Medium
ONC-04659,53.0,Male,,Stage I,6.81,Never,Regular,Yes,35.5,2017-07-20,Immunotherapy,3.0,93.0,Alive,Medium
ONC-02583,47.0,Male,Ovarian,Stage I,,,Regular,No,26.0,2017-07-22,Radiation Therapy,4.0,5.0,Alive,Medium
ONC-00503,71.0,Female,Pancreatic,Stage I,1.02,Former,None,Yes,16.2,2022-07-24,Chemotherapy,5.0,,,Medium
ONC-00345,60.0,Other,Ovarian,Stage I,2.65,,Heavy,No,28.2,2018-11-10,,7.0,0.0,Alive,Critical
ONC-06041,46.0,Male,Colorectal,Stage II,4.43,Never,Regular,Yes,21.2,2016-12-06,Surgery,7.0,22.0,Deceased,Medium
ONC-05449,,Female,Skin (Melanoma),Stage IV,3.36,Never,,Yes,,,Palliative Care,6.0,3.0,Deceased,Critical
ONC-05882,37.0,Other,Pancreatic,Stage I,2.19,Never,Regular,Yes,25.5,2024-04-26,Palliative Care,4.0,12.0,Alive,Medium
ONC-00573,51.0,Female,Breast,Stage III,6.45,Former,Occasional,Yes,31.3,2023-03-09,Immunotherapy,3.0,14.0,Alive,Medium
ONC-02972,39.0,Other,Skin (Melanoma),Stage IV,2.46,Never,Heavy,Yes,34.9,2024-10-12,Immunotherapy,5.0,,Alive,Low
ONC-04167,41.0,Female,Colorectal,Stage IV,1.18,Never,Heavy,No,30.6,2020-05-20,Chemotherapy,4.0,15.0,Alive,High
ONC-06309,65.0,,Skin (Melanoma),Stage I,0.6,,Heavy,No,28.3,2022-01-15,Immunotherapy,7.0,20.0,Alive,Medium
ONC-05984,,Male,Breast,Stage III,11.63,Never,Regular,No,31.9,2023-03-06,Chemotherapy,6.0,21.0,Alive,Medium
ONC-02467,29.0,Other,Ovarian,Stage IV,2.54,Former,,,25.9,,Chemotherapy,,19.0,Alive,High
ONC-03156,39.0,,Liver,Stage II,6.78,Former,,No,24.5,2018-05-15,Surgery,6.0,24.0,Alive,Medium
ONC-01988,53.0,Male,Pancreatic,,0.31,Current,Occasional,Yes,22.0,2020-10-18,Combination Therapy,6.0,33.0,Deceased,Low
ONC-06807,63.0,Male,Pancreatic,Stage II,0.15,,Occasional,Yes,25.4,,Immunotherapy,5.0,45.0,Alive,
ONC-06160,60.0,Other,Brain,Stage III,7.5,,None,Yes,31.7,2020-03-30,Surgery,6.0,21.0,Alive,High
ONC-05555,91.0,Female,Colorectal,Stage I,0.35,Current,Heavy,No,24.1,2017-12-03,Combination Therapy,6.0,19.0,Alive,Low
ONC-00335,72.0,Other,Colorectal,Stage II,9.59,Never,Occasional,Yes,23.7,2016-11-04,Immunotherapy,2.0,3.0,Alive,High
ONC-04317,72.0,Male,Skin (Melanoma),Stage III,,Current,None,No,31.8,2019-09-30,Palliative Care,5.0,0.0,Alive,High
ONC-04739,68.0,Female,Brain,Stage III,2.17,Current,Occasional,Yes,25.9,2015-08-12,Surgery,4.0,46.0,Alive,Medium
ONC-04622,75.0,Female,Lung,Stage IV,1.33,Former,Heavy,Yes,27.0,2020-05-21,,6.0,,Alive,Critical
ONC-03912,58.0,Female,Prostate,,0.67,Former,Regular,Yes,22.2,2023-08-06,Palliative Care,14.0,14.0,Alive,High
ONC-04197,48.0,Other,Brain,Stage II,3.16,Never,Regular,Yes,28.4,2017-05-12,Surgery,7.0,21.0,Alive,High
ONC-00930,80.0,Female,Colorectal,Stage IV,2.5,Never,Occasional,No,28.5,2022-07-08,Palliative Care,6.0,1.0,Alive,Medium
ONC-07082,,Other,Lung,Stage I,0.69,Never,Occasional,Yes,,2020-09-09,Immunotherapy,5.0,2.0,Alive,Low
ONC-00749,64.0,Male,Brain,Stage IV,1.4,Current,None,,25.4,2017-12-14,Immunotherapy,8.0,58.0,Alive,High
ONC-01789,55.0,Male,Blood (Leukemia),Stage II,11.81,Never,Regular,No,13.2,2018-12-28,Surgery,6.0,63.0,Deceased,Low
ONC-02672,32.0,Male,Breast,Stage IV,8.16,Never,None,Yes,26.3,2020-08-19,Immunotherapy,,26.0,Deceased,Medium
ONC-06062,47.0,Other,Colorectal,,1.88,Current,Regular,No,29.3,2017-11-15,Immunotherapy,,,Alive,
ONC-03043,99.0,Other,Brain,Stage III,6.17,Current,None,No,28.3,2020-02-26,Combination Therapy,8.0,,Deceased,Medium
ONC-04178,68.0,Other,Brain,Stage III,0.95,Current,None,Yes,24.2,2021-04-23,Radiation Therapy,9.0,2.0,Alive,High
ONC-04895,50.0,Male,Blood (Leukemia),Stage IV,2.92,Current,Regular,No,23.9,2015-08-26,Palliative Care,7.0,6.0,Alive,High
ONC-02703,42.0,Female,Liver,Stage II,0.34,Current,None,Yes,19.7,2017-03-08,Chemotherapy,,17.0,Alive,Medium
ONC-02216,63.0,Other,Ovarian,Stage IV,7.29,Former,Regular,No,29.8,2022-09-09,Combination Therapy,,93.0,Deceased,High
ONC-01065,52.0,Other,Liver,,1.96,,Heavy,No,23.2,2021-02-28,Immunotherapy,,12.0,Alive,Medium
ONC-01382,41.0,Male,Prostate,Stage II,1.74,Never,Regular,No,30.1,2018-08-03,Combination Therapy,7.0,,Alive,High
ONC-04489,,Male,Prostate,,3.41,Never,Regular,Yes,31.6,2019-08-31,,5.0,7.0,Alive,Critical
ONC-00518,63.0,Male,Pancreatic,,2.08,Never,None,No,30.2,2024-08-25,Radiation Therapy,,,Deceased,Low
ONC-07028,75.0,Female,Colorectal,Stage II,9.66,Never,None,Yes,29.1,2021-04-24,,,0.0,Deceased,Medium
ONC-04301,53.0,Female,Prostate,Stage II,6.72,Never,Occasional,No,41.0,2018-07-01,,8.0,20.0,Deceased,High
ONC-03127,57.0,Female,Breast,Stage II,2.15,Current,Heavy,Yes,26.6,2021-06-05,Radiation Therapy,9.0,,Alive,Low
ONC-00230,63.0,Other,Pancreatic,Stage I,0.2,Current,Heavy,Yes,21.3,2020-09-21,Immunotherapy,1.0,24.0,Deceased,Medium
ONC-02576,75.0,,Liver,Stage IV,7.26,Current,None,No,,,Chemotherapy,5.0,19.0,Alive,High
ONC-03911,62.0,Female,Prostate,Stage II,4.91,Never,Occasional,Yes,18.5,2021-09-22,Chemotherapy,6.0,37.0,Alive,High
ONC-02176,56.0,Male,Breast,Stage III,3.42,Never,None,No,23.2,2016-12-22,Immunotherapy,12.0,38.0,Alive,Critical
ONC-04469,30.0,Female,Colorectal,,0.69,,,Yes,21.7,2021-03-31,Chemotherapy,9.0,2.0,Alive,Medium
ONC-03869,56.0,Other,Brain,Stage II,0.26,Never,Heavy,Yes,33.7,2022-07-24,Combination Therapy,8.0,3.0,Alive,High
ONC-00802,66.0,Female,Prostate,Stage I,6.86,Current,Regular,Yes,26.5,2019-01-10,Palliative Care,8.0,4.0,Alive,Low
ONC-03166,56.0,Male,Ovarian,Stage III,0.51,,Heavy,Yes,30.2,,Radiation Therapy,4.0,23.0,Alive,High
ONC-04251,75.0,Other,Prostate,Stage II,3.66,Never,Occasional,Yes,17.7,2024-03-15,Chemotherapy,7.0,6.0,Alive,Low
ONC-02078,15.0,Male,Skin (Melanoma),Stage IV,1.11,Never,Occasional,No,28.8,2016-07-05,,3.0,3.0,Deceased,High
ONC-04636,33.0,Female,Skin (Melanoma),Stage IV,3.89,Current,None,Yes,31.7,2018-04-21,Surgery,2.0,28.0,Alive,Critical
ONC-05422,60.0,Other,Brain,Stage IV,,Never,Regular,No,23.2,,Chemotherapy,8.0,,Alive,High
ONC-07423,84.0,,Lung,Stage II,7.3,Former,Regular,No,27.2,2022-10-16,Palliative Care,15.0,14.0,Alive,High
ONC-00446,48.0,Female,Skin (Melanoma),Stage I,1.26,,,No,27.8,2015-06-29,Radiation Therapy,11.0,13.0,Deceased,High
ONC-02643,39.0,Female,Breast,,9.38,Former,Heavy,,28.9,2022-12-14,Radiation Therapy,6.0,18.0,Alive,Critical
ONC-05451,,Male,Liver,Stage I,2.21,Former,Occasional,No,32.3,2022-05-27,Surgery,6.0,2.0,,Low
ONC-04113,52.0,Other,Prostate,Stage II,1.24,Current,Occasional,No,30.4,,Palliative Care,5.0,17.0,Deceased,High
ONC-06385,58.0,Male,Prostate,Stage II,0.7,Never,,No,26.8,2024-11-24,Palliative Care,3.0,11.0,Alive,Low
ONC-06752,48.0,Female,Prostate,Stage III,1.94,Never,Heavy,No,28.3,2015-12-18,Radiation Therapy,1.0,35.0,Alive,Medium
ONC-01363,27.0,Male,Lung,Stage III,0.59,Former,NA,Yes,26.8,2023-06-28,Radiation Therapy,8.0,10.0,Alive,High
ONC-04788,58.0,Male,Breast,Stage I,5.54,,Regular,Yes,29.2,2018-01-19,Surgery,3.0,13.0,Deceased,Medium
ONC-01255,,,Prostate,Stage IV,15.17,,None,Yes,35.2,,Immunotherapy,,39.0,Alive,High
ONC-03018,69.0,Other,Liver,Stage II,0.35,Current,Occasional,No,15.9,,Surgery,4.0,6.0,Alive,Low
ONC-06838,57.0,Female,,Stage I,3.66,Current,None,No,21.3,2019-05-13,,8.0,16.0,Alive,Low
ONC-04446,,Female,Skin (Melanoma),Stage IV,0.1,Never,None,Yes,30.1,2024-10-10,Radiation Therapy,3.0,72.0,Alive,Critical
ONC-00007,42.0,Female,,Stage I,1.11,Current,Regular,Yes,18.1,2019-02-25,Radiation Therapy,5.0,31.0,Alive,Low
ONC-07341,60.0,Female,Liver,Stage IV,0.1,Never,None,No,28.7,2016-02-28,Surgery,14.0,57.0,Alive,Critical
ONC-05286,50.0,Female,Liver,,11.36,Current,Regular,No,21.4,2021-11-02,Chemotherapy,6.0,25.0,Alive,Medium
ONC-07299,61.0,Female,,Stage I,2.07,Former,Regular,No,23.7,2021-10-20,Radiation Therapy,7.0,8.0,Alive,
ONC-02858,73.0,Male,Breast,Stage I,6.5,Former,None,Yes,30.6,2022-03-21,Combination Therapy,7.0,14.0,Alive,Low
ONC-01581,79.0,Female,Breast,Stage I,4.63,Current,,Yes,31.9,2023-01-09,Palliative Care,5.0,40.0,Alive,Medium
ONC-05419,72.0,Female,,Stage III,0.22,Never,None,No,29.0,2021-12-08,Combination Therapy,6.0,39.0,Alive,Medium
ONC-05848,31.0,Female,Brain,Stage II,3.87,Former,None,No,30.1,,Radiation Therapy,11.0,55.0,Alive,Critical
ONC-03656,37.0,Female,Prostate,,5.03,Current,Heavy,No,,2021-09-01,Immunotherapy,6.0,10.0,Deceased,High
ONC-02923,60.0,Female,Liver,Stage II,3.91,Former,Heavy,Yes,23.2,2024-06-09,Radiation Therapy,5.0,3.0,Alive,High
ONC-06640,48.0,Female,Ovarian,Stage III,0.9,Never,Heavy,Yes,28.6,2018-01-15,Surgery,7.0,3.0,Alive,Medium
ONC-00281,68.0,,Brain,Stage II,3.07,Former,None,No,25.0,2019-08-31,Surgery,8.0,13.0,Alive,Medium
ONC-04457,36.0,Male,Ovarian,Stage I,0.24,Former,Regular,No,31.2,2017-12-05,Immunotherapy,5.0,40.0,Alive,Low
ONC-02780,56.0,Other,Liver,Stage III,0.87,Former,,Yes,22.2,2016-11-05,Radiation Therapy,3.0,,Deceased,High
ONC-04267,27.0,Male,Colorectal,Stage II,,Current,Regular,Yes,27.9,2018-06-07,Chemotherapy,8.0,8.0,Alive,Medium
ONC-05718,75.0,Female,Colorectal,Stage IV,0.75,Never,Occasional,No,32.1,2019-08-12,Immunotherapy,5.0,19.0,Alive,Critical
ONC-07009,46.0,Other,Prostate,Stage I,2.39,Never,None,,29.3,2015-05-04,Combination Therapy,7.0,34.0,Deceased,Low
ONC-04030,,Female,Colorectal,Stage III,1.15,Current,Regular,No,25.9,,Surgery,7.0,10.0,Alive,Low
ONC-01130,74.0,Female,Lung,Stage II,7.64,Never,Regular,Yes,25.9,2015-02-09,Radiation Therapy,6.0,0.0,Alive,Medium
ONC-05160,80.0,Female,Liver,,0.84,Former,Occasional,No,22.5,2023-04-05,Palliative Care,10.0,25.0,Alive,Medium
ONC-06483,31.0,Female,Lung,Stage II,11.38,Former,Heavy,Yes,21.6,2019-06-28,Chemotherapy,3.0,65.0,Alive,Medium
ONC-04024,61.0,,Brain,Stage IV,0.9,Former,Occasional,Yes,20.2,,Chemotherapy,,0.0,Alive,Critical
ONC-02218,55.0,,Pancreatic,Stage III,5.48,Current,None,No,35.9,2018-04-14,Combination Therapy,5.0,,,Medium
ONC-02514,67.0,Other,Skin (Melanoma),Stage IV,0.14,Never,Regular,Yes,19.5,2015-10-25,Palliative Care,6.0,3.0,Alive,High
ONC-01703,53.0,Other,,Stage I,0.26,Never,Heavy,No,24.6,2019-05-06,Radiation Therapy,6.0,6.0,Alive,High
ONC-04311,44.0,Female,Pancreatic,Stage I,0.41,Current,Regular,No,20.1,,Radiation Therapy,6.0,10.0,Deceased,Critical
ONC-03977,,Other,Brain,Stage I,1.81,Former,Occasional,,21.9,2024-08-26,Immunotherapy,4.0,61.0,Deceased,Medium
ONC-00181,56.0,Male,Pancreatic,Stage I,2.32,,Regular,No,21.9,2019-04-18,Combination Therapy,7.0,3.0,Alive,Low
ONC-06421,65.0,Female,Pancreatic,Stage II,0.65,Former,Heavy,Yes,23.0,2015-09-13,Palliative Care,8.0,28.0,Deceased,Medium
ONC-04579,57.0,Female,Prostate,Stage I,4.79,,None,Yes,19.6,2018-07-09,Palliative Care,4.0,29.0,Deceased,Medium
ONC-05225,49.0,Female,,,3.9,Current,Occasional,No,18.5,2020-07-13,Combination Therapy,7.0,104.0,Alive,Medium
ONC-04689,62.0,,Ovarian,Stage III,1.82,Never,Regular,No,,2017-07-05,Chemotherapy,10.0,3.0,Alive,High
ONC-04440,,Male,Blood (Leukemia),Stage III,3.75,Former,,No,32.0,2022-05-23,Chemotherapy,9.0,1.0,Alive,Medium
ONC-01783,57.0,Female,Colorectal,Stage IV,0.99,Never,Occasional,No,29.7,2017-03-08,Chemotherapy,4.0,15.0,Deceased,Critical
ONC-00432,75.0,Other,Colorectal,Stage II,0.25,Former,Regular,Yes,28.4,2022-12-19,Palliative Care,6.0,7.0,Deceased,Low
ONC-03693,72.0,Female,Prostate,Stage III,2.23,Current,Regular,Yes,22.1,,Surgery,7.0,14.0,Alive,Critical
ONC-00570,,Other,Blood (Leukemia),Stage IV,0.88,,Occasional,Yes,25.7,2020-08-12,Immunotherapy,3.0,27.0,Alive,Critical
ONC-07409,58.0,Other,Pancreatic,Stage IV,0.45,Current,Occasional,No,,2019-03-25,Immunotherapy,13.0,12.0,Deceased,Medium
ONC-00088,56.0,Female,Prostate,Stage IV,0.72,Former,Occasional,No,29.1,2022-02-13,Immunotherapy,11.0,14.0,Deceased,Critical
ONC-04883,71.0,Female,Skin (Melanoma),Stage III,7.09,Former,Regular,No,27.3,2015-03-04,Combination Therapy,6.0,2.0,Deceased,Medium
ONC-03469,57.0,Other,Breast,Stage IV,3.2,Former,Regular,No,31.9,2024-11-20,Palliative Care,9.0,23.0,Alive,High
ONC-03227,49.0,Female,Colorectal,Stage III,0.48,,Occasional,Yes,,2020-07-07,Palliative Care,4.0,35.0,Deceased,Medium
ONC-05380,,Male,Breast,Stage I,0.35,Never,Regular,No,26.8,2023-01-30,Combination Therapy,7.0,9.0,Alive,Low
ONC-07297,54.0,Male,Pancreatic,Stage I,1.24,Current,Regular,Yes,,2018-02-10,Palliative Care,10.0,6.0,Alive,Medium
ONC-06675,72.0,Male,,Stage II,10.13,Current,Occasional,Yes,33.5,2016-08-02,Radiation Therapy,4.0,,Alive,Medium
ONC-04372,40.0,Female,Pancreatic,Stage IV,3.87,Current,Occasional,No,29.1,2023-12-18,,,4.0,Alive,High
ONC-01950,73.0,Female,Skin (Melanoma),Stage I,1.5,,None,,25.7,2024-06-01,Radiation Therapy,,27.0,Alive,Low
ONC-01826,58.0,Other,Pancreatic,Stage I,0.8,Current,Heavy,,19.1,2022-08-20,Surgery,10.0,25.0,Alive,Low
ONC-06000,56.0,Other,Ovarian,Stage IV,3.81,Former,Occasional,Yes,26.9,2018-09-15,Palliative Care,9.0,51.0,Deceased,High
ONC-04438,69.0,,,Stage IV,1.69,Former,Heavy,No,24.0,2022-06-23,Immunotherapy,8.0,14.0,Alive,High
ONC-03355,45.0,Female,Brain,Stage IV,5.54,Current,None,No,17.1,2016-03-02,Immunotherapy,6.0,12.0,Deceased,High
ONC-06737,42.0,Other,Colorectal,Stage IV,2.0,Current,None,Yes,23.2,2019-07-23,,7.0,1.0,Alive,Critical
ONC-04729,51.0,Female,Prostate,Stage III,2.03,Former,,Yes,15.4,2021-11-04,Chemotherapy,5.0,0.0,Alive,
ONC-03641,48.0,Other,Colorectal,Stage I,,,Regular,,24.3,2019-11-06,,6.0,4.0,Deceased,High
ONC-02335,81.0,Male,Colorectal,Stage II,0.39,Never,Occasional,Yes,20.8,2016-06-04,Combination Therapy,5.0,12.0,Deceased,Medium
ONC-06363,68.0,Other,Skin (Melanoma),Stage II,6.77,Never,Heavy,No,19.0,2021-10-19,,10.0,7.0,Alive,Medium
ONC-01700,57.0,Female,Liver,Stage II,,Current,None,Yes,29.8,2015-09-17,Chemotherapy,4.0,1.0,Alive,Medium
ONC-04244,61.0,Male,Prostate,Stage III,0.33,Former,Heavy,No,,,Combination Therapy,3.0,24.0,Alive,Medium
ONC-03873,69.0,Other,Ovarian,Stage IV,3.23,Current,Occasional,Yes,29.1,2023-12-17,Surgery,6.0,9.0,Deceased,
ONC-05337,67.0,Female,Prostate,Stage I,2.47,Current,None,No,33.7,2017-03-29,Combination Therapy,7.0,38.0,Alive,Medium
ONC-04671,19.0,Other,Brain,Stage III,9.87,Former,,Yes,34.8,,,4.0,7.0,Alive,Critical
ONC-04975,38.0,Male,Pancreatic,Stage IV,1.03,Former,None,Yes,22.6,2018-08-18,,8.0,12.0,Alive,High
ONC-05354,,Male,Brain,Stage III,0.1,Current,Regular,,24.8,,Surgery,2.0,18.0,Alive,High
ONC-03204,67.0,Male,Liver,Stage I,1.03,Never,Regular,,39.7,2017-08-30,Radiation Therapy,6.0,,Alive,Medium
ONC-07363,65.0,Female,Lung,,0.72,Never,,No,27.5,2022-05-24,Palliative Care,3.0,0.0,Deceased,Critical
ONC-01784,68.0,,Prostate,Stage II,0.23,Never,None,Yes,,2020-01-23,Radiation Therapy,4.0,60.0,Alive,Medium
ONC-05228,34.0,Male,Blood (Leukemia),Stage II,1.44,Former,Heavy,No,38.7,2022-03-25,,,,Deceased,Medium
ONC-00856,26.0,Male,Lung,,2.48,,None,Yes,26.4,2018-06-10,Immunotherapy,,0.0,Alive,Low
ONC-00265,35.0,Other,,Stage II,4.27,Former,None,,24.2,2023-12-13,Chemotherapy,6.0,30.0,Deceased,
ONC-06388,63.0,Male,Colorectal,Stage I,0.44,Never,None,No,30.4,2024-07-29,Palliative Care,4.0,8.0,Alive,High
ONC-03273,58.0,Female,Lung,Stage I,5.38,Former,None,,23.8,2015-10-16,Combination Therapy,6.0,,Alive,Low
ONC-04595,77.0,,,Stage IV,1.99,Never,Regular,No,27.5,2019-03-20,Surgery,4.0,15.0,Alive,High
ONC-06521,64.0,Male,Prostate,Stage III,0.4,Former,,Yes,23.2,2016-03-11,Surgery,7.0,8.0,Deceased,Medium
ONC-00487,67.0,Other,Lung,Stage II,5.11,Former,None,Yes,28.9,,Chemotherapy,6.0,2.0,,Medium
ONC-04517,47.0,Other,Ovarian,Stage I,11.17,Current,,Yes,24.8,2020-05-09,,,25.0,Alive,Low
ONC-00162,69.0,Other,Pancreatic,Stage III,3.74,Current,Heavy,Yes,29.0,2024-02-28,Chemotherapy,8.0,2.0,Deceased,High
ONC-04945,52.0,Female,Ovarian,Stage II,13.27,Current,,Yes,,,Combination Therapy,7.0,9.0,Deceased,Medium
ONC-01585,82.0,Other,,Stage III,5.12,,Heavy,Yes,36.0,2024-12-23,Surgery,7.0,25.0,Alive,Critical
ONC-01375,53.0,Other,Colorectal,Stage II,1.9,Former,Heavy,,19.0,2021-01-08,Surgery,4.0,0.0,Alive,Low
ONC-03384,63.0,Male,,Stage III,3.15,Never,Regular,Yes,,2019-07-15,Radiation Therapy,5.0,22.0,Alive,
ONC-02475,,Other,Breast,Stage II,0.11,Current,,Yes,33.5,2022-07-26,Chemotherapy,5.0,14.0,Deceased,Medium
ONC-02429,42.0,Male,Liver,,1.82,Never,Heavy,No,36.1,2016-01-26,Radiation Therapy,6.0,4.0,Deceased,Critical
ONC-06788,70.0,,,Stage IV,1.09,Former,Occasional,No,23.1,2024-08-07,Surgery,7.0,21.0,Alive,Critical
ONC-05634,54.0,Female,Breast,Stage II,2.01,Never,Heavy,No,24.9,2018-08-29,Combination Therapy,,1.0,Alive,Medium
ONC-07146,,Other,Brain,,2.41,Former,None,No,28.0,2017-02-03,Immunotherapy,8.0,4.0,Alive,High
ONC-07283,72.0,Male,Skin (Melanoma),Stage IV,5.13,Current,,Yes,23.5,,Palliative Care,,10.0,Alive,Critical
ONC-05374,57.0,Other,,Stage III,0.75,Never,Regular,Yes,31.2,2019-02-11,Radiation Therapy,6.0,,Alive,Medium
ONC-04208,43.0,Female,Breast,Stage III,1.72,Former,Heavy,No,30.3,2015-10-20,Combination Therapy,10.0,21.0,Alive,
ONC-02355,45.0,Female,Pancreatic,Stage I,8.88,Never,,Yes,17.6,2018-05-04,Immunotherapy,6.0,1.0,Deceased,Low
ONC-02865,60.0,Female,Lung,Stage III,9.4,Current,Heavy,No,26.4,2024-10-19,Combination Therapy,8.0,2.0,Alive,Medium
ONC-06971,57.0,Female,Prostate,Stage I,0.2,Former,Heavy,Yes,30.0,2018-04-18,Surgery,6.0,2.0,Alive,Medium
ONC-00842,,Male,Lung,,2.03,Former,Occasional,No,31.7,2015-11-16,Radiation Therapy,4.0,,Alive,Low
ONC-05828,47.0,Female,Prostate,Stage IV,,Never,Occasional,No,23.9,2017-01-20,Chemotherapy,8.0,,,Critical
ONC-01904,59.0,Other,Prostate,Stage I,3.39,Former,None,Yes,,2015-08-29,Surgery,10.0,19.0,Alive,Low
ONC-04951,95.0,Other,Liver,Stage I,0.24,Former,None,No,23.0,,Palliative Care,7.0,35.0,Deceased,Medium
ONC-02841,47.0,,Liver,Stage IV,0.23,Never,,Yes,27.5,,Palliative Care,6.0,23.0,Alive,High
ONC-03504,60.0,Other,Liver,Stage III,2.13,Current,None,Yes,19.2,2021-07-14,,7.0,7.0,,Medium
ONC-02180,48.0,Female,Blood (Leukemia),Stage II,0.4,Former,Regular,Yes,27.0,2019-06-16,Immunotherapy,12.0,18.0,Alive,High
ONC-04000,46.0,Other,Breast,Stage IV,0.41,Current,,Yes,25.2,2015-07-07,Surgery,8.0,4.0,Deceased,Critical
ONC-06235,45.0,Female,Ovarian,Stage III,1.74,,Heavy,Yes,30.6,2018-11-17,Surgery,6.0,29.0,Alive,Medium
ONC-03198,33.0,Female,,Stage I,3.94,Current,None,No,31.5,2016-09-14,Chemotherapy,7.0,14.0,Deceased,Medium
ONC-01638,57.0,Male,,Stage III,0.31,Former,Heavy,No,22.1,,Surgery,4.0,5.0,,Medium
ONC-02294,42.0,Female,Brain,Stage I,7.09,,Heavy,Yes,33.4,2022-09-17,Immunotherapy,3.0,23.0,Alive,Low
ONC-02225,44.0,Other,Liver,Stage I,5.61,Former,Occasional,Yes,26.7,2019-01-04,Immunotherapy,,65.0,Alive,Low
ONC-05345,65.0,Female,Colorectal,Stage III,,Current,Regular,No,23.5,2020-10-13,,,86.0,Deceased,Medium
ONC-02895,33.0,Other,,Stage IV,6.55,Current,None,,29.4,2015-03-06,Immunotherapy,,71.0,Alive,High
ONC-03175,,Female,Skin (Melanoma),Stage II,5.19,-,Heavy,,21.0,2016-11-05,Combination Therapy,5.0,15.0,Deceased,Medium
ONC-02361,85.0,Male,Pancreatic,Stage I,4.64,Former,None,Yes,27.8,2023-09-27,,3.0,3.0,,High
ONC-06823,36.0,Other,Ovarian,Stage III,4.85,Current,Heavy,Yes,27.6,2018-03-28,Surgery,6.0,10.0,Alive,High
ONC-01768,63.0,Male,Skin (Melanoma),Stage I,9.61,Former,Regular,No,23.3,2016-10-03,Radiation Therapy,1.0,12.0,Deceased,Low
ONC-01292,80.0,Other,Lung,Stage II,0.1,Former,Occasional,,29.7,2021-04-14,Immunotherapy,4.0,15.0,Alive,Critical
ONC-03637,63.0,Female,Liver,Stage III,5.57,,Regular,No,25.0,2016-11-14,,15.0,38.0,,High
ONC-05724,41.0,Other,Prostate,Stage III,8.25,Former,None,No,25.8,,Immunotherapy,5.0,8.0,Alive,Low
ONC-01991,69.0,Male,Breast,Stage IV,3.8,Never,None,No,30.8,2017-02-14,Radiation Therapy,3.0,0.0,Alive,Critical
ONC-00566,76.0,Male,Blood (Leukemia),Stage II,20.0,Never,Regular,No,26.9,2021-12-26,Palliative Care,5.0,10.0,,Medium
ONC-04548,65.0,,Lung,Stage III,0.17,Never,Heavy,,18.7,2017-02-11,Chemotherapy,5.0,0.0,Alive,Low
ONC-06887,44.0,,Pancreatic,,2.03,Current,Heavy,Yes,33.8,2018-09-27,Immunotherapy,,30.0,Deceased,High
ONC-01678,63.0,Other,Breast,Stage IV,1.31,Never,,,34.3,2019-01-09,Combination Therapy,8.0,3.0,Alive,Critical
ONC-01459,49.0,Male,Colorectal,,7.12,Current,Occasional,,28.2,2024-08-23,,7.0,18.0,Alive,High
ONC-00119,61.0,Female,Pancreatic,Stage IV,2.02,Never,Regular,Yes,31.2,2019-12-22,Immunotherapy,9.0,23.0,Deceased,Critical
ONC-03749,36.0,Male,Pancreatic,Stage III,8.39,Never,Heavy,No,34.7,2019-08-12,,9.0,7.0,Alive,
ONC-06291,55.0,Male,Skin (Melanoma),Stage III,0.1,Former,None,Yes,24.2,2021-03-28,Combination Therapy,6.0,0.0,Deceased,Medium
ONC-06463,58.0,Female,Brain,Stage IV,0.78,Current,Regular,Yes,24.4,2015-10-17,Palliative Care,8.0,37.0,Deceased,High
ONC-04687,10.0,Other,Breast,Stage I,0.74,Former,Heavy,No,25.3,2018-05-08,Immunotherapy,3.0,6.0,Alive,Medium
ONC-05398,62.0,Female,Breast,Stage III,0.7,Never,Occasional,No,26.1,2020-02-21,Surgery,7.0,23.0,Alive,Medium
ONC-04238,59.0,Male,Colorectal,Stage I,2.81,Never,None,No,18.8,2019-08-15,Chemotherapy,,1.0,Deceased,Low
ONC-03292,73.0,Female,,Stage II,0.93,,,No,14.1,2015-10-04,Combination Therapy,7.0,13.0,Deceased,Medium
ONC-05923,60.0,Female,Breast,Stage IV,2.84,Current,Regular,Yes,24.5,2024-09-25,Radiation Therapy,5.0,30.0,Alive,Critical
ONC-04493,,Female,Prostate,,,Never,,Yes,29.1,2015-08-09,Combination Therapy,2.0,5.0,Alive,Low
ONC-01852,48.0,,Colorectal,Stage I,4.67,Former,Occasional,No,23.7,2020-05-03,Palliative Care,5.0,9.0,Deceased,Low
ONC-02932,65.0,Male,Lung,Stage I,0.75,Former,None,No,32.3,2017-05-15,,6.0,4.0,Deceased,Critical
ONC-00589,47.0,Other,Prostate,Stage I,1.26,Former,Regular,Yes,33.0,2020-11-15,Palliative Care,10.0,11.0,Alive,Low
ONC-05263,69.0,Other,Pancreatic,Stage II,12.12,Former,Heavy,No,32.4,2017-04-11,Surgery,14.0,14.0,Deceased,
ONC-04864,61.0,Other,Pancreatic,Stage II,14.18,Former,Regular,Yes,21.9,2022-10-22,Palliative Care,11.0,32.0,Alive,Low
ONC-02531,64.0,Male,Colorectal,,,Current,None,No,22.7,2020-06-19,Surgery,5.0,1.0,,High
ONC-01611,67.0,Male,Liver,Stage I,3.0,Current,Occasional,Yes,18.7,2020-05-10,Combination Therapy,10.0,9.0,Deceased,Low
ONC-01630,56.0,,Colorectal,Stage II,1.7,Never,None,,26.3,2016-01-09,Combination Therapy,10.0,7.0,Deceased,High
ONC-05125,56.0,Other,Skin (Melanoma),Stage IV,3.99,Never,Regular,No,18.5,2019-05-19,Palliative Care,5.0,6.0,Deceased,High
ONC-00682,46.0,Other,Liver,Stage II,10.79,Former,None,No,25.5,2016-08-16,Chemotherapy,,4.0,Deceased,Low
ONC-00709,64.0,Female,Prostate,Stage I,1.85,Current,Occasional,No,28.3,2019-01-03,Surgery,7.0,4.0,Alive,Low
ONC-07312,61.0,Female,Ovarian,Stage III,4.2,Former,Occasional,,24.1,2023-10-15,Palliative Care,4.0,18.0,Deceased,High
ONC-03151,,Female,Pancreatic,Stage IV,0.48,Never,Regular,No,26.8,,Surgery,,4.0,Alive,Critical
ONC-03301,61.0,Male,Colorectal,Stage IV,0.1,Current,Regular,No,,2018-09-21,Surgery,7.0,43.0,Alive,High
ONC-02461,33.0,Other,Lung,Stage III,1.89,Current,None,Yes,31.1,2016-09-02,Immunotherapy,1.0,9.0,Alive,Critical
ONC-02503,85.0,Male,Liver,Stage I,0.1,Former,Occasional,Yes,19.5,2020-11-13,Radiation Therapy,5.0,22.0,Deceased,Low
ONC-01707,54.0,Female,Blood (Leukemia),Stage II,0.9,Former,,Yes,20.9,2015-08-13,Radiation Therapy,,5.0,Alive,Medium
ONC-01400,69.0,Female,,Stage IV,2.2,Current,,Yes,28.2,2021-12-29,Immunotherapy,,32.0,Alive,Critical
ONC-02792,63.0,,Ovarian,Stage III,3.31,Never,Heavy,No,24.1,2023-09-03,,7.0,16.0,Alive,High
ONC-00978,73.0,,Brain,Stage II,9.22,Current,Regular,Yes,26.9,2024-07-27,Radiation Therapy,6.0,13.0,Deceased,Medium
ONC-03284,73.0,Other,Colorectal,Stage IV,0.88,Current,,Yes,27.2,2017-02-02,Radiation Therapy,,7.0,Alive,Critical
ONC-01547,71.0,Other,Blood (Leukemia),,1.53,Former,Regular,,28.3,2016-06-04,Radiation Therapy,6.0,0.0,Deceased,Critical
ONC-05409,43.0,Male,,Stage II,0.97,Never,Occasional,No,29.3,2019-02-02,Surgery,10.0,77.0,Alive,Low
ONC-05645,42.0,Female,Liver,Stage III,8.24,Never,Heavy,No,,2022-01-18,Chemotherapy,6.0,4.0,Alive,Medium
ONC-04541,,Female,Blood (Leukemia),Stage I,5.16,Current,Occasional,Yes,26.4,2020-12-13,Radiation Therapy,2.0,5.0,Alive,Low
ONC-05643,40.0,,Brain,Stage II,0.5,Never,None,Yes,25.2,2015-09-12,Surgery,,22.0,Alive,Low
ONC-05277,44.0,Female,Pancreatic,Stage II,2.92,Former,Occasional,,,2015-09-06,Chemotherapy,7.0,3.0,Alive,Medium
ONC-05845,49.0,Male,Colorectal,,4.16,Current,Occasional,No,16.6,2016-09-09,Radiation Therapy,7.0,3.0,Deceased,Critical
ONC-06044,,Female,Ovarian,,4.51,Never,Heavy,Yes,22.7,2024-05-16,Surgery,7.0,33.0,Deceased,Low
ONC-04413,31.0,Female,Blood (Leukemia),,2.76,Former,,No,25.6,2018-02-11,Chemotherapy,8.0,3.0,Alive,Medium
ONC-07065,25.0,Other,Lung,Stage I,0.1,Current,None,No,24.2,,Combination Therapy,2.0,11.0,Deceased,Low
ONC-04814,48.0,Female,Pancreatic,Stage II,6.45,Never,None,No,29.8,2024-12-18,Immunotherapy,,14.0,Alive,High
ONC-02249,56.0,Other,Ovarian,Stage I,6.04,Former,Occasional,No,,2018-02-17,Immunotherapy,,3.0,Alive,Low
ONC-01144,76.0,Female,Colorectal,Stage I,3.3,Never,Occasional,Yes,17.7,2022-07-09,,12.0,14.0,Alive,Low
ONC-02537,69.0,Other,Blood (Leukemia),Stage III,0.95,Current,None,Yes,15.7,2022-03-08,,7.0,18.0,Alive,Medium
ONC-03683,43.0,Other,Lung,,2.77,Former,Regular,No,19.9,2017-12-30,Surgery,5.0,42.0,Alive,High
ONC-02666,69.0,Male,Liver,,4.4,Current,Regular,Yes,33.8,2015-09-02,Surgery,6.0,42.0,Deceased,
ONC-06035,46.0,Other,Blood (Leukemia),Stage IV,3.77,Former,Heavy,No,16.9,2019-03-01,Combination Therapy,,,Alive,Critical
ONC-00357,56.0,Male,Blood (Leukemia),Stage II,6.25,Current,Regular,No,23.0,2015-02-16,Radiation Therapy,,,Alive,Medium
ONC-05020,50.0,Other,,Stage I,9.09,Current,,No,25.0,2020-11-01,Immunotherapy,6.0,1.0,Deceased,High
ONC-01324,58.0,Other,Brain,Stage I,3.29,Never,Occasional,No,23.3,2019-01-23,Radiation Therapy,8.0,3.0,,Low
ONC-06458,69.0,Female,Brain,Stage I,6.16,Current,Regular,Yes,18.5,2024-06-01,Chemotherapy,7.0,32.0,Deceased,Medium
ONC-04426,70.0,Other,Prostate,Stage IV,1.7,,None,Yes,27.6,2015-03-12,Immunotherapy,2.0,2.0,Alive,High
ONC-01833,77.0,Other,Breast,Stage III,1.16,,Occasional,No,24.3,2023-01-24,Combination Therapy,8.0,,Deceased,High
ONC-03426,37.0,Female,Liver,,9.89,Former,,,35.2,2016-03-03,Surgery,7.0,57.0,Alive,Critical
ONC-01460,39.0,Other,Ovarian,Stage II,3.37,Current,Heavy,No,35.4,2016-03-05,Combination Therapy,,7.0,Alive,Low
ONC-06001,,Female,Blood (Leukemia),Stage IV,4.56,Former,Occasional,Yes,26.8,2024-03-24,,5.0,3.0,Alive,Critical
ONC-01470,59.0,Other,Colorectal,Stage III,4.21,Never,Regular,,30.6,,Surgery,,31.0,Alive,Critical
ONC-01816,94.0,Unknown,Colorectal,Stage I,4.1,,Occasional,Yes,25.6,2018-11-13,Immunotherapy,8.0,22.0,Alive,High
ONC-04614,55.0,Male,Colorectal,Stage III,20.0,Never,,Yes,22.7,2021-05-04,Radiation Therapy,6.0,5.0,Deceased,High
ONC-04646,67.0,Male,Skin (Melanoma),Stage II,0.69,Unknown,Occasional,Yes,27.4,2023-02-21,,7.0,,Deceased,Medium
ONC-06568,42.0,Female,Pancreatic,Stage I,2.93,Never,Occasional,,33.5,2022-10-15,,9.0,24.0,Alive,Low
ONC-04784,78.0,Male,Blood (Leukemia),Stage IV,3.22,Current,Heavy,No,28.4,2015-01-23,,6.0,31.0,Alive,Critical
ONC-04365,56.0,Male,Lung,,1.37,Current,Regular,Yes,32.0,2020-08-28,Immunotherapy,,15.0,Alive,Medium
ONC-06972,63.0,,Pancreatic,Stage III,3.05,Never,Heavy,No,28.0,2021-02-01,Surgery,6.0,6.0,Alive,Medium
ONC-04534,47.0,Other,Liver,Stage II,6.19,Never,,,25.1,2022-03-02,Immunotherapy,9.0,11.0,Alive,Medium
ONC-00400,76.0,Female,Blood (Leukemia),Stage III,2.9,Current,,Yes,22.9,2015-09-25,Surgery,7.0,5.0,Alive,Medium
ONC-00639,33.0,Other,,Stage I,0.74,Current,None,No,24.2,2021-11-16,Surgery,,19.0,Deceased,Low
ONC-02119,57.0,Female,Skin (Melanoma),Stage IV,6.76,,None,Yes,28.6,2022-01-08,Palliative Care,3.0,11.0,Alive,Medium
ONC-06468,54.0,Female,Colorectal,Stage I,1.5,Former,Heavy,Yes,27.5,2018-11-02,Combination Therapy,3.0,2.0,Alive,
ONC-05027,63.0,,Liver,Stage IV,5.32,Former,None,Yes,30.4,2020-06-24,Palliative Care,6.0,3.0,Alive,Critical
ONC-01262,76.0,Other,Skin (Melanoma),Stage I,2.02,Never,Regular,Yes,28.3,,Immunotherapy,10.0,14.0,Alive,Low
ONC-00581,63.0,Male,Prostate,Stage II,1.0,Former,None,No,28.5,2019-08-19,Chemotherapy,5.0,0.0,Deceased,Low
ONC-02633,77.0,Other,Pancreatic,Stage I,0.1,Never,Occasional,Yes,29.1,2022-04-08,,6.0,7.0,Deceased,
ONC-02646,80.0,Male,Lung,Stage IV,5.01,Current,Regular,Yes,28.8,2017-07-22,Radiation Therapy,4.0,22.0,Deceased,Critical
ONC-00918,80.0,Female,Brain,Stage IV,0.73,Never,Occasional,Yes,15.8,2022-07-27,Combination Therapy,8.0,10.0,Alive,Critical
ONC-06153,69.0,,Ovarian,Stage III,2.68,Current,None,No,21.1,,Radiation Therapy,2.0,7.0,Alive,
ONC-07134,37.0,Other,Pancreatic,Stage II,9.71,Never,Regular,Yes,26.6,2023-10-10,Palliative Care,7.0,42.0,,Medium
ONC-05684,73.0,Female,Prostate,,1.64,Never,Heavy,Yes,17.3,2020-12-15,Combination Therapy,7.0,12.0,Alive,High
ONC-03724,68.0,Female,Pancreatic,,0.19,Current,Regular,Yes,26.7,2022-08-29,Palliative Care,9.0,5.0,,High
ONC-05584,71.0,Male,Skin (Melanoma),Stage II,6.37,Former,Occasional,No,24.2,2019-11-25,Immunotherapy,4.0,8.0,Alive,High
ONC-00888,55.0,Male,Brain,Stage IV,8.19,Never,None,Yes,32.8,2018-06-30,Combination Therapy,7.0,9.0,Alive,High
ONC-03140,46.0,,Brain,Stage II,6.29,Current,Heavy,,34.3,2017-06-13,,7.0,28.0,Alive,High
ONC-02055,39.0,Female,Lung,Stage III,1.96,Never,Occasional,Yes,26.6,,Surgery,7.0,9.0,Alive,High
ONC-06742,42.0,,,Stage III,,,Regular,Yes,31.0,2022-07-09,Immunotherapy,7.0,38.0,Deceased,
ONC-03274,50.0,Other,Ovarian,Stage III,14.68,Current,None,Yes,26.2,2015-12-26,Chemotherapy,3.0,31.0,Alive,High
ONC-00268,31.0,Male,Ovarian,Stage IV,1.28,Former,None,No,28.0,2024-09-07,Immunotherapy,,7.0,Alive,Medium
ONC-02882,34.0,Female,,Stage III,0.35,Current,Occasional,No,,2022-11-01,Surgery,4.0,15.0,Deceased,Critical
ONC-01500,31.0,Female,Breast,,5.02,Current,Heavy,No,22.5,2022-09-09,Combination Therapy,,,Alive,Low
ONC-01314,53.0,Female,Lung,Stage II,7.46,Never,Heavy,Yes,27.0,2023-06-08,Surgery,7.0,,Alive,High
ONC-02372,76.0,Male,,Stage IV,2.76,Never,Regular,Yes,28.6,2015-07-11,Chemotherapy,7.0,15.0,Alive,Critical
ONC-00301,61.0,Female,Lung,Stage IV,1.69,Current,Regular,No,23.6,2020-06-22,Radiation Therapy,8.0,31.0,Alive,Critical
ONC-04408,52.0,Other,Breast,Stage IV,18.13,Current,Heavy,Yes,32.9,2021-09-03,Surgery,9.0,2.0,Alive,Critical
ONC-04379,73.0,Female,Pancreatic,Stage IV,0.79,Current,None,No,33.1,2021-04-13,Surgery,8.0,14.0,Deceased,High
ONC-04537,38.0,Other,Blood (Leukemia),Stage IV,6.84,Former,None,Yes,20.6,2022-06-16,Immunotherapy,9.0,0.0,,High
ONC-06182,66.0,Other,Colorectal,Stage II,5.53,Current,None,Yes,20.6,2022-04-03,Palliative Care,,5.0,Deceased,Medium
ONC-06532,99.0,Female,Prostate,Stage I,8.3,Current,Heavy,Yes,23.9,2015-04-26,,4.0,,Alive,Low
ONC-01748,78.0,Other,Prostate,Stage I,10.72,,None,,21.0,2019-06-05,Palliative Care,5.0,59.0,Alive,Low
ONC-02701,37.0,Other,Lung,Stage IV,1.35,Never,Heavy,Yes,17.3,2017-06-13,,6.0,,Alive,High
ONC-02567,62.0,Male,Lung,Stage IV,1.67,Never,Regular,No,28.4,2016-07-20,Chemotherapy,6.0,18.0,Deceased,Critical
ONC-06587,67.0,Other,Brain,Stage II,,Current,Heavy,No,27.1,2020-05-01,Combination Therapy,5.0,4.0,Deceased,Low
ONC-03843,63.0,Male,Blood (Leukemia),Stage I,0.82,Current,Heavy,Yes,33.8,2022-05-25,Palliative Care,6.0,,Alive,Low
ONC-00793,29.0,Male,Prostate,Stage I,,Current,Heavy,,29.8,,Immunotherapy,6.0,18.0,Alive,Low
ONC-02566,68.0,Other,Prostate,Stage I,1.72,Never,None,Yes,25.9,2017-10-26,Palliative Care,3.0,18.0,Deceased,Low
ONC-03930,59.0,Male,Skin (Melanoma),Stage I,2.67,Never,Regular,Yes,29.9,2017-06-24,Surgery,6.0,,Alive,Low
ONC-04030,,Female,Colorectal,Stage III,1.15,Current,Regular,No,25.9,,Surgery,8.0,10.0,Alive,Low
ONC-01374,60.0,Male,Breast,Stage III,6.7,Current,Occasional,Yes,,2016-06-26,Combination Therapy,5.0,22.0,Alive,High
ONC-04716,,Female,,Stage I,0.1,,None,No,25.4,2024-12-04,Palliative Care,12.0,30.0,,Low
ONC-05948,45.0,Other,,Stage I,4.04,Former,,Yes,28.8,,Radiation Therapy,7.0,0.0,Alive,Low
ONC-02863,,Other,Lung,Stage III,1.34,,Regular,No,16.8,2022-08-10,Immunotherapy,6.0,5.0,Alive,Medium
ONC-00645,47.0,Female,Brain,Stage II,10.41,Former,Occasional,No,35.9,2023-02-21,Palliative Care,4.0,5.0,,High
ONC-06523,,Female,Ovarian,Stage IV,2.66,,Heavy,Yes,28.5,2021-04-25,Immunotherapy,6.0,16.0,Alive,Medium
ONC-07008,49.0,,Blood (Leukemia),Stage III,3.63,Current,None,Yes,25.1,2019-12-05,,8.0,18.0,Deceased,Medium
ONC-02282,25.0,Female,,Stage II,12.72,Current,None,Yes,21.7,2023-06-30,Immunotherapy,4.0,2.0,Deceased,Low
ONC-03813,46.0,Male,Ovarian,Stage III,11.28,,Occasional,No,29.3,2019-05-25,Radiation Therapy,8.0,28.0,Deceased,Medium
ONC-00052,,Other,Lung,Stage IV,5.62,Current,Heavy,Yes,26.2,2021-04-02,Chemotherapy,,17.0,Deceased,High
ONC-02024,68.0,Other,Skin (Melanoma),,,,Heavy,No,24.7,2020-11-16,Chemotherapy,8.0,,Alive,Critical
ONC-02411,36.0,,Colorectal,Stage I,3.52,Current,None,Yes,21.2,2016-12-11,Chemotherapy,5.0,38.0,Alive,Low
ONC-02930,,Female,Pancreatic,Stage III,3.97,Former,Heavy,Yes,26.4,2018-07-17,Chemotherapy,5.0,75.0,Deceased,Critical
ONC-01896,75.0,Female,Blood (Leukemia),Stage II,2.54,Former,Occasional,Yes,34.0,2024-06-02,Combination Therapy,6.0,46.0,Alive,Low
ONC-02560,44.0,Other,Pancreatic,Stage III,0.53,Former,Heavy,Yes,27.1,2019-03-13,,5.0,37.0,Alive,High
ONC-06680,38.0,Female,Blood (Leukemia),Stage II,0.48,Current,None,Yes,21.9,,Chemotherapy,12.0,,Alive,Medium
ONC-06727,46.0,,Pancreatic,Stage IV,9.71,Never,Regular,No,21.1,2021-07-23,Surgery,6.0,17.0,,High
ONC-01779,,Female,Breast,Stage I,6.35,Former,None,Yes,31.8,2024-05-23,Combination Therapy,6.0,6.0,Alive,Low
ONC-02056,34.0,Other,Blood (Leukemia),Stage II,3.16,Never,Occasional,Yes,21.5,2019-11-03,Palliative Care,5.0,7.0,Deceased,Low
ONC-00675,74.0,Male,Lung,Stage III,0.2,Current,Occasional,Yes,18.5,2016-04-26,Combination Therapy,5.0,0.0,Deceased,Medium
ONC-05549,,Female,Brain,Stage III,3.93,Never,Regular,No,21.3,2020-03-24,Chemotherapy,6.0,3.0,Alive,High
ONC-06076,80.0,Other,Blood (Leukemia),Stage I,0.22,Current,Heavy,No,12.0,2019-07-20,Palliative Care,10.0,2.0,Deceased,Medium
ONC-02699,42.0,,Pancreatic,Stage II,1.67,Current,Regular,Yes,27.6,2017-05-31,Immunotherapy,14.0,0.0,Deceased,Medium
ONC-03699,65.0,,Prostate,Stage III,4.99,Former,,Yes,31.1,2018-09-23,,5.0,9.0,Alive,Medium
ONC-00213,72.0,Other,Pancreatic,Stage III,,Current,Regular,No,34.1,2016-05-14,Combination Therapy,5.0,4.0,Alive,High
ONC-05269,22.0,Female,Ovarian,,0.56,Current,Heavy,No,24.4,2017-01-10,Combination Therapy,5.0,9.0,Alive,Medium
ONC-04703,66.0,Other,Liver,Stage II,2.32,Never,Occasional,Yes,27.8,2015-02-02,Radiation Therapy,10.0,10.0,Alive,Low
ONC-03188,61.0,Female,Breast,Stage I,2.33,Former,None,No,23.4,2018-05-18,Chemotherapy,7.0,,Alive,Low
ONC-01628,69.0,Other,Breast,,0.34,Current,Regular,No,33.3,,Chemotherapy,4.0,2.0,Alive,Low
ONC-03660,53.0,Female,Brain,Stage I,0.95,Current,Heavy,No,19.2,2024-11-07,Chemotherapy,6.0,8.0,,Low
ONC-02227,54.0,Other,Pancreatic,Stage I,1.5,Former,Occasional,No,29.8,2024-11-06,Palliative Care,6.0,4.0,Deceased,Medium
ONC-02109,62.0,Female,Breast,Stage II,4.52,Never,Occasional,Yes,24.7,2019-04-11,Surgery,5.0,4.0,,Medium
ONC-05000,58.0,Female,Colorectal,Stage III,7.1,Former,,No,19.1,2017-12-02,Radiation Therapy,,7.0,Alive,High
ONC-06840,43.0,Female,Colorectal,Stage III,,Former,None,No,30.6,2023-04-30,Radiation Therapy,3.0,13.0,Alive,High
ONC-07200,43.0,Female,Skin (Melanoma),Stage I,6.14,Current,Occasional,No,33.0,2016-01-30,Radiation Therapy,6.0,8.0,Deceased,
ONC-06310,37.0,Male,Ovarian,Stage I,2.31,Former,Occasional,Yes,19.4,,,2.0,37.0,Deceased,Low
ONC-00397,62.0,Female,Blood (Leukemia),Stage I,0.7,Never,Occasional,,,,Surgery,7.0,28.0,Alive,Low
ONC-00279,46.0,Male,Blood (Leukemia),Stage II,1.11,,Heavy,No,22.5,2023-12-06,Immunotherapy,5.0,5.0,Alive,Medium
ONC-05261,47.0,Other,Blood (Leukemia),Stage I,0.66,,Occasional,No,30.5,2019-11-24,Immunotherapy,9.0,50.0,Deceased,Medium
ONC-05159,72.0,Other,Brain,Stage IV,3.07,Never,Regular,Yes,19.6,,Chemotherapy,5.0,,Alive,
ONC-03993,60.0,,Ovarian,Stage I,4.54,Never,,,29.1,2019-10-20,Surgery,7.0,31.0,Alive,Low
ONC-06455,37.0,Other,Breast,Stage II,1.34,Former,Occasional,,32.2,2019-03-08,Chemotherapy,8.0,32.0,Alive,
ONC-05399,63.0,Male,Colorectal,Stage III,2.18,Never,Heavy,Yes,19.8,2023-06-12,Radiation Therapy,7.0,33.0,Alive,High
ONC-03907,67.0,,Ovarian,Stage III,7.49,Former,Regular,Yes,23.0,2022-09-09,Chemotherapy,8.0,1.0,Alive,Critical
ONC-00423,54.0,Female,Skin (Melanoma),Stage II,15.73,Former,Regular,Yes,33.5,,Chemotherapy,8.0,11.0,Deceased,Medium
ONC-01061,63.0,Other,,Stage IV,3.77,Current,Regular,No,28.9,2018-11-27,Surgery,8.0,9.0,Alive,High
ONC-04783,53.0,Other,Ovarian,Stage III,10.19,Current,Occasional,No,25.0,2020-01-04,Palliative Care,5.0,9.0,Alive,Low
ONC-00662,67.0,,Breast,Stage IV,2.74,Current,Heavy,Yes,20.5,2022-01-27,Palliative Care,5.0,32.0,Alive,Critical
ONC-02967,73.0,Other,Breast,Stage III,1.35,,Regular,No,28.5,,Immunotherapy,9.0,28.0,Deceased,Medium
ONC-06435,49.0,Other,Colorectal,Stage III,0.45,Current,None,No,29.9,2019-08-06,Palliative Care,3.0,9.0,Alive,High
ONC-06101,77.0,Male,Lung,,5.96,Current,None,No,39.4,2023-04-23,Radiation Therapy,14.0,18.0,Alive,Low
ONC-05116,56.0,,Colorectal,Stage I,3.78,Former,Regular,No,,,Palliative Care,8.0,10.0,Alive,Low
ONC-00063,63.0,Male,Colorectal,Stage I,3.83,Never,Heavy,Yes,23.9,2021-04-29,Chemotherapy,7.0,13.0,Alive,Medium
ONC-05547,63.0,Female,Lung,Stage I,0.21,Current,Heavy,No,28.2,2015-04-21,Combination Therapy,1.0,34.0,Alive,Low
ONC-02658,39.0,Other,Blood (Leukemia),,2.62,Former,Regular,Yes,28.6,2022-03-03,,,27.0,Alive,
ONC-01272,8.0,Female,Colorectal,Stage IV,10.95,Former,Occasional,No,,2015-03-12,Immunotherapy,9.0,10.0,Deceased,Critical
ONC-05290,72.0,Male,Brain,Stage III,7.76,Current,None,No,27.6,2024-03-24,Surgery,9.0,22.0,Alive,Low
ONC-00078,41.0,Female,Breast,Stage III,1.21,Never,None,No,29.1,2020-07-07,Surgery,1.0,40.0,Alive,Critical
ONC-00540,,Male,Ovarian,Stage IV,3.43,Current,Regular,Yes,38.7,2018-08-06,Palliative Care,3.0,52.0,Alive,Critical
ONC-01257,38.0,,Blood (Leukemia),Stage IV,1.58,Former,Occasional,No,24.4,2022-06-29,Immunotherapy,,2.0,Alive,Critical
ONC-01047,52.0,Other,Blood (Leukemia),Stage III,0.34,Current,,Yes,32.8,2019-07-31,Combination Therapy,3.0,11.0,,Medium
ONC-00824,73.0,Other,Prostate,Stage II,4.16,Never,None,No,23.2,,Surgery,7.0,26.0,Alive,High
ONC-03039,84.0,Female,Brain,Stage II,0.65,Current,None,No,,2022-04-04,Chemotherapy,4.0,2.0,Deceased,Low
ONC-02939,49.0,Male,Breast,Stage III,3.43,Never,Heavy,Yes,20.8,2021-09-29,Radiation Therapy,7.0,8.0,Deceased,High
ONC-02744,62.0,Female,Lung,Stage IV,0.12,Former,None,Yes,26.1,2019-09-10,N/A,4.0,11.0,Alive,High
ONC-00805,86.0,Other,Prostate,Stage IV,2.52,Current,None,No,25.4,2020-04-01,Immunotherapy,6.0,37.0,Alive,Critical
ONC-06955,75.0,Male,Pancreatic,Stage II,2.5,Never,Regular,,29.2,2021-02-10,Radiation Therapy,6.0,8.0,Alive,Medium
ONC-02235,48.0,Male,Blood (Leukemia),Stage I,0.69,Never,Regular,No,23.7,2023-03-04,Radiation Therapy,9.0,29.0,Alive,Low
ONC-03675,46.0,Other,Ovarian,Stage I,2.35,Never,Occasional,No,24.1,2016-01-24,Chemotherapy,6.0,42.0,Alive,High
ONC-03694,54.0,Other,Lung,Stage II,0.31,Never,Occasional,No,29.3,2018-01-29,,3.0,11.0,Alive,Medium
ONC-00547,67.0,Other,Colorectal,Stage IV,0.74,Current,Occasional,Yes,30.6,2021-04-06,Palliative Care,5.0,8.0,Alive,High
ONC-04675,25.0,Other,Blood (Leukemia),Stage III,11.51,Never,,Yes,22.2,2019-05-23,Immunotherapy,10.0,5.0,Deceased,
ONC-04356,56.0,Other,Skin (Melanoma),Stage IV,2.33,Current,Occasional,No,38.0,2022-06-10,Combination Therapy,2.0,6.0,Deceased,High
ONC-04415,56.0,Other,Lung,Stage I,4.22,Current,Heavy,No,,2019-03-10,Immunotherapy,6.0,3.0,Alive,High
ONC-02736,35.0,Other,Blood (Leukemia),Stage II,0.1,Never,Regular,No,24.4,2020-04-07,Combination Therapy,8.0,11.0,Alive,High
ONC-07432,,Other,Breast,Stage II,1.94,Former,Occasional,Yes,28.2,2018-08-03,Surgery,,7.0,,Medium
ONC-02929,60.0,Male,Colorectal,,6.98,Former,Heavy,Yes,,2024-07-05,,4.0,,Alive,Low
ONC-04817,,Male,Breast,Stage II,4.38,Former,None,No,20.9,2016-01-14,Immunotherapy,5.0,0.0,Alive,Low
ONC-00768,45.0,Male,Lung,Stage III,4.33,Never,None,No,23.9,,Combination Therapy,1.0,13.0,Deceased,High
ONC-07353,64.0,,Breast,Stage IV,1.82,Former,,No,27.0,2019-07-31,Palliative Care,7.0,1.0,Alive,Critical
ONC-06282,39.0,Other,Blood (Leukemia),Stage I,7.06,,None,Yes,29.6,2020-10-04,Palliative Care,3.0,25.0,Deceased,Low
ONC-07166,57.0,Male,Colorectal,Stage I,5.15,Former,Heavy,Yes,21.1,2017-05-07,Surgery,2.0,67.0,Alive,Medium
ONC-06128,45.0,Other,Prostate,Stage II,5.75,Former,None,,26.9,2023-03-16,Chemotherapy,,59.0,Alive,Low
ONC-06506,42.0,Other,,,4.44,Never,Regular,Yes,20.3,2023-02-13,Immunotherapy,6.0,,Deceased,Critical
ONC-00263,61.0,Female,Lung,Stage III,4.57,Never,None,,,2021-10-14,Combination Therapy,8.0,35.0,Deceased,Low
ONC-04008,,Male,Skin (Melanoma),Stage IV,0.55,Never,Regular,No,27.1,2018-12-19,Palliative Care,9.0,35.0,Deceased,Critical
ONC-00952,77.0,Female,Liver,Stage IV,,Former,Heavy,Yes,23.0,2018-09-26,Chemotherapy,8.0,18.0,Deceased,High
ONC-02766,,Female,Lung,Stage I,0.37,Former,,No,30.5,2018-10-24,,10.0,36.0,Alive,Medium
ONC-03465,56.0,Female,Colorectal,,2.69,Never,None,No,,2021-08-29,Combination Therapy,5.0,28.0,Alive,Low
ONC-01013,96.0,Male,Lung,Stage II,4.31,Current,None,,26.9,2023-05-04,Radiation Therapy,,32.0,Alive,High
ONC-04184,61.0,Female,Liver,Stage I,4.75,Current,None,No,,2016-07-10,Surgery,3.0,23.0,Alive,Medium
ONC-05137,77.0,Other,Breast,Stage IV,0.53,,Heavy,,21.2,,,8.0,3.0,Alive,Low
ONC-00737,55.0,Male,Breast,Stage I,8.17,Former,Regular,No,26.6,2021-09-25,Palliative Care,12.0,35.0,Alive,Low
ONC-06923,49.0,Female,Breast,Stage IV,0.75,,None,Yes,27.6,2018-02-25,Radiation Therapy,4.0,29.0,Alive,High
ONC-04470,31.0,Male,Liver,Stage II,5.26,Current,Regular,Yes,20.9,2024-09-05,Palliative Care,,24.0,Alive,High
ONC-03574,30.0,Male,Blood (Leukemia),,1.12,Current,Regular,,20.3,2022-06-19,Surgery,6.0,,Deceased,Critical
ONC-00361,50.0,Female,Lung,Stage III,0.96,Never,None,Yes,18.9,2018-10-16,Combination Therapy,8.0,20.0,Deceased,
ONC-07218,81.0,Male,Breast,Stage I,2.45,Current,Occasional,No,,2017-04-16,Surgery,8.0,27.0,Deceased,Low
ONC-01558,54.0,Female,Blood (Leukemia),Stage I,2.53,Current,None,Yes,23.6,2023-02-08,Palliative Care,,9.0,Deceased,Medium
ONC-07410,72.0,Male,Brain,Stage III,0.24,Former,Heavy,Yes,25.6,2024-08-14,Chemotherapy,10.0,,Alive,Medium
ONC-03007,50.0,Female,Prostate,Stage I,5.5,Never,Occasional,Yes,27.3,2020-12-18,Immunotherapy,4.0,4.0,Alive,Low
ONC-00585,35.0,Other,,Stage IV,1.35,Never,Occasional,No,23.5,2019-12-06,Immunotherapy,9.0,2.0,Deceased,Critical
ONC-01906,52.0,Female,Blood (Leukemia),Stage IV,3.12,Former,Regular,No,19.5,,Chemotherapy,9.0,16.0,Deceased,Critical
ONC-07076,65.0,Other,Skin (Melanoma),,0.32,Never,Regular,,25.4,,Combination Therapy,,35.0,Deceased,Medium
ONC-02911,65.0,-,Breast,Stage IV,1.46,Current,Regular,No,28.5,2019-10-21,Immunotherapy,5.0,19.0,Alive,Critical
ONC-05390,59.0,,Liver,,3.26,Former,Occasional,Yes,30.6,2016-04-28,Surgery,,7.0,Alive,Critical
ONC-04034,63.0,Male,,Stage I,0.31,Never,Regular,Yes,23.0,2015-05-08,Surgery,9.0,,Alive,Low
ONC-06806,57.0,Other,Skin (Melanoma),Stage III,4.33,Former,Regular,No,29.1,2024-05-31,,,29.0,Deceased,High
ONC-03783,63.0,Male,Ovarian,Stage IV,5.19,Former,None,Yes,25.4,2023-03-13,Surgery,5.0,9.0,Alive,Critical
ONC-07133,65.0,Other,Lung,Stage III,4.96,Former,Occasional,Yes,25.6,2023-11-06,,4.0,38.0,Alive,Critical
ONC-06138,54.0,Male,Blood (Leukemia),Stage II,2.03,Current,Occasional,No,27.9,2018-05-09,Radiation Therapy,3.0,3.0,Alive,Low
ONC-00668,99.0,Other,Lung,Stage I,5.82,Current,Occasional,Yes,30.5,2024-01-09,Chemotherapy,6.0,23.0,Alive,Low
ONC-02928,58.0,Female,Prostate,Stage I,1.08,,Occasional,Yes,40.6,2018-02-24,Immunotherapy,,9.0,Alive,Low
ONC-03476,45.0,Female,Skin (Melanoma),Stage I,1.27,Never,Occasional,Yes,,2019-06-28,Chemotherapy,2.0,,Alive,Low
ONC-05677,43.0,Female,Colorectal,Stage II,1.42,Never,Occasional,No,28.9,2017-03-17,Surgery,,9.0,Alive,High
ONC-04974,62.0,Other,Liver,Stage IV,2.15,Current,Heavy,No,25.3,2021-10-03,Surgery,6.0,20.0,Alive,
ONC-04403,49.0,Female,Pancreatic,,2.36,Current,Regular,No,37.0,,,5.0,15.0,,High
ONC-03542,28.0,,Colorectal,Stage III,0.36,Former,None,Yes,30.3,2021-03-28,Combination Therapy,8.0,6.0,Alive,High
ONC-03846,62.0,Male,Pancreatic,Stage II,8.12,,Occasional,No,21.3,2016-07-04,Immunotherapy,5.0,1.0,Deceased,Medium
ONC-03450,71.0,,Prostate,Stage III,9.51,,None,Yes,28.0,2017-04-15,Radiation Therapy,5.0,2.0,Deceased,Medium
ONC-04345,57.0,Male,Brain,Stage III,0.94,Former,,No,30.7,2016-01-27,Palliative Care,9.0,59.0,Alive,Medium
ONC-05813,43.0,Other,Colorectal,Stage IV,2.66,Former,None,No,27.1,2018-11-23,Immunotherapy,8.0,15.0,,High
ONC-03241,53.0,Male,Ovarian,Stage II,0.54,Never,Regular,Yes,24.3,2018-02-24,,6.0,21.0,Alive,Low
ONC-05990,69.0,Male,Pancreatic,,0.16,Never,Regular,Yes,30.6,2024-04-26,,5.0,1.0,Alive,Low
ONC-00424,,Female,Blood (Leukemia),Stage IV,1.44,Current,,Yes,23.2,2016-02-04,,0.0,31.0,Alive,Critical
ONC-06687,43.0,Male,Prostate,Stage III,0.33,Former,Occasional,No,28.8,,Radiation Therapy,0.0,13.0,Deceased,High
ONC-00140,79.0,Female,Brain,Stage IV,2.4,Never,Occasional,No,17.6,2021-09-20,Surgery,7.0,79.0,Alive,Critical
ONC-03468,43.0,Other,Lung,Stage III,2.17,Former,Occasional,Yes,31.4,2017-01-17,Chemotherapy,4.0,,Alive,High
ONC-00415,65.0,,Breast,Stage II,4.18,Former,Heavy,Yes,30.7,2021-11-08,Immunotherapy,5.0,,Deceased,Low
ONC-05732,73.0,Female,Pancreatic,Stage I,3.46,Current,,Yes,31.9,2016-06-04,Chemotherapy,,26.0,Alive,Medium
ONC-01424,49.0,Male,Brain,Stage IV,0.83,Former,Regular,,28.4,2016-04-27,Palliative Care,6.0,13.0,Alive,High
ONC-02999,60.0,,Breast,Stage I,6.31,Current,None,Yes,20.0,2015-09-03,Palliative Care,6.0,5.0,Alive,Low
ONC-03788,26.0,Male,Blood (Leukemia),Stage II,2.76,Current,None,Yes,30.8,2023-07-30,,5.0,1.0,Alive,Medium
ONC-06108,,Male,Blood (Leukemia),Stage II,4.89,Former,None,Yes,28.1,2016-09-05,Chemotherapy,6.0,10.0,Alive,Medium
ONC-05375,,Male,Prostate,Stage III,1.28,Former,Heavy,No,25.7,2022-02-12,Combination Therapy,10.0,27.0,Alive,Critical
ONC-07258,51.0,Male,Prostate,Stage IV,1.39,Never,Regular,Yes,24.4,,Immunotherapy,7.0,19.0,Deceased,Critical
ONC-03939,,Other,Liver,Stage III,1.92,Former,Occasional,No,,2021-01-12,Combination Therapy,6.0,1.0,Deceased,Critical
ONC-07386,52.0,Female,Lung,Stage I,1.46,Current,Occasional,Yes,26.5,2016-11-22,,5.0,3.0,,Low
ONC-02300,64.0,Female,Brain,Stage I,6.27,Never,Heavy,No,,2016-08-06,Chemotherapy,6.0,4.0,Alive,Medium
ONC-06577,58.0,Other,Breast,Stage IV,2.58,Never,Occasional,,25.3,2021-12-10,Immunotherapy,7.0,21.0,Alive,Critical
ONC-03453,33.0,Male,Prostate,Stage I,5.43,Never,Occasional,,32.2,,,2.0,17.0,Deceased,Medium
ONC-03714,68.0,Male,Blood (Leukemia),Stage IV,0.3,,Heavy,Yes,28.3,2017-07-02,Immunotherapy,6.0,8.0,Alive,Critical
ONC-03121,45.0,Female,Breast,Stage IV,1.26,Current,None,Yes,20.3,2024-09-12,Combination Therapy,8.0,3.0,Alive,High
ONC-06210,69.0,Other,Pancreatic,Stage III,6.59,Current,Occasional,Yes,30.7,2015-01-24,Surgery,5.0,21.0,,Medium
ONC-02509,63.0,Male,Prostate,,3.85,,Occasional,Yes,22.5,2020-10-25,Chemotherapy,4.0,5.0,Alive,Low
ONC-00157,56.0,,Ovarian,,3.55,Current,Regular,Yes,30.6,2019-01-25,Radiation Therapy,5.0,19.0,Alive,Medium
ONC-05306,44.0,Male,,Stage IV,1.15,,Occasional,Yes,,2024-03-13,Radiation Therapy,6.0,5.0,Alive,Critical
ONC-02829,67.0,Male,Ovarian,Stage II,1.74,,Occasional,Yes,31.6,,Combination Therapy,7.0,1.0,Alive,Medium
ONC-04333,49.0,Other,Colorectal,Stage I,0.66,Current,Regular,Yes,23.1,2018-05-26,Chemotherapy,8.0,19.0,Deceased,Low
ONC-02541,73.0,,Prostate,Stage III,3.65,Former,None,,34.3,2019-05-10,Combination Therapy,6.0,20.0,Alive,High
ONC-04061,50.0,Female,Pancreatic,,3.52,Never,None,No,34.6,2015-07-20,,5.0,6.0,Alive,Critical
ONC-03951,60.0,Female,Skin (Melanoma),Stage IV,4.2,Never,Occasional,No,26.5,2015-05-09,Surgery,5.0,7.0,Deceased,Medium
ONC-03508,36.0,Other,Lung,Stage II,3.39,Current,None,Yes,36.9,2023-06-20,Chemotherapy,,9.0,Alive,Low
ONC-02770,80.0,Male,Liver,Stage II,1.29,Never,Occasional,No,30.1,2016-05-19,,,34.0,Alive,Medium
ONC-04130,52.0,Other,Lung,Stage II,1.73,Never,Regular,No,21.8,2018-10-09,,13.0,6.0,Deceased,Medium
ONC-01125,68.0,Female,Liver,,2.97,Never,Occasional,No,23.8,2019-05-29,Surgery,5.0,10.0,Alive,Critical
ONC-06901,71.0,Other,Lung,Stage I,5.82,Former,Occasional,Yes,24.0,2023-01-10,Immunotherapy,7.0,3.0,Alive,Medium
ONC-02321,65.0,Other,Liver,Stage I,0.96,Former,Regular,Yes,33.2,2024-08-01,Combination Therapy,7.0,0.0,Alive,Low
ONC-02117,63.0,Other,Lung,Stage III,3.07,Never,Occasional,No,27.4,,Immunotherapy,5.0,8.0,Alive,
ONC-00941,64.0,Other,Liver,Stage II,3.33,Current,Regular,No,27.6,2015-10-04,Radiation Therapy,7.0,3.0,Alive,Medium
ONC-05851,55.0,Other,Colorectal,Stage II,5.85,Former,Regular,Yes,24.7,2017-12-08,Chemotherapy,8.0,10.0,Deceased,Low
ONC-00884,52.0,Other,,Stage IV,0.1,Never,None,No,26.0,,Immunotherapy,3.0,4.0,Alive,Medium
ONC-06557,51.0,Male,Colorectal,Stage II,1.81,Former,Regular,Yes,26.9,2019-01-21,Combination Therapy,3.0,,Alive,Low
ONC-06137,76.0,Female,Skin (Melanoma),Stage I,0.23,Current,Regular,Yes,26.8,2019-05-03,Palliative Care,1.0,2.0,,Low
ONC-02562,45.0,Male,Breast,Stage I,1.54,,Regular,No,22.7,,Chemotherapy,11.0,1.0,Alive,Low
ONC-06805,71.0,Other,,Stage IV,2.65,Former,Regular,,36.2,2017-12-05,Palliative Care,7.0,26.0,Alive,Critical
ONC-03602,61.0,Other,Prostate,Stage II,0.82,Never,None,Yes,20.8,2024-11-26,Chemotherapy,8.0,1.0,Deceased,Medium
ONC-00669,68.0,Other,Liver,Stage III,0.56,Current,Occasional,No,15.2,2024-05-19,Chemotherapy,1.0,24.0,Deceased,Medium
ONC-07147,38.0,,Breast,Stage II,0.85,Former,None,No,21.1,2024-07-05,Surgery,5.0,59.0,Alive,
ONC-02609,42.0,Male,Blood (Leukemia),,1.22,,Regular,Yes,26.3,2020-10-04,Immunotherapy,7.0,5.0,Deceased,Critical
ONC-04516,56.0,Other,Brain,,2.77,Former,Occasional,,33.1,2016-05-14,Radiation Therapy,6.0,6.0,Alive,Critical
ONC-01910,97.0,,Ovarian,Stage I,5.58,Current,Regular,No,35.4,2016-03-15,Chemotherapy,7.0,62.0,Alive,Low
ONC-01112,70.0,Other,Colorectal,Stage IV,3.57,,None,No,26.2,,Palliative Care,11.0,3.0,Alive,High
ONC-07244,63.0,,Lung,Stage IV,4.6,Former,Heavy,Yes,22.9,,,,5.0,Alive,
ONC-01877,58.0,Female,Lung,Stage IV,0.3,,Heavy,,26.3,2016-10-23,,5.0,19.0,Alive,Critical
ONC-03346,,,Skin (Melanoma),Stage III,0.55,Current,Regular,No,28.2,2023-12-18,,6.0,,Alive,Critical
ONC-00220,57.0,Other,Skin (Melanoma),Stage I,6.97,Current,None,No,28.0,2018-03-11,Immunotherapy,6.0,15.0,Deceased,Low
ONC-05441,53.0,Male,Ovarian,Stage IV,0.1,Former,Heavy,No,23.3,2024-07-08,,5.0,22.0,Alive,
ONC-02452,,Female,Skin (Melanoma),Stage III,0.8,Never,Heavy,No,23.8,2020-01-12,Combination Therapy,,5.0,Deceased,High
ONC-06207,47.0,Female,Brain,Stage I,1.15,Former,Regular,No,20.9,2024-11-24,Immunotherapy,8.0,,Deceased,Low
ONC-05472,59.0,Female,Skin (Melanoma),Stage III,1.36,Never,Occasional,Yes,22.7,2024-03-26,Chemotherapy,5.0,15.0,,Medium
ONC-00076,41.0,Other,Blood (Leukemia),Stage II,0.1,Current,Occasional,No,34.8,2015-07-06,Surgery,4.0,3.0,Alive,Medium
ONC-02450,60.0,Male,Ovarian,Stage IV,4.15,Former,Occasional,Yes,39.1,2018-05-12,Palliative Care,3.0,6.0,Alive,Low
ONC-03055,51.0,Female,Brain,Stage IV,4.7,Never,Regular,No,26.5,2018-06-26,Surgery,6.0,22.0,Alive,
ONC-06085,66.0,Female,Lung,Stage II,1.85,Never,Regular,No,22.0,2017-10-20,Palliative Care,5.0,4.0,Alive,Medium
ONC-06890,57.0,Female,Breast,Stage II,0.9,Never,Regular,No,25.9,2021-11-11,,3.0,36.0,,Critical
ONC-01494,60.0,Other,Ovarian,Stage II,1.25,Former,,Yes,26.3,2016-09-17,Radiation Therapy,4.0,35.0,,High
ONC-05614,49.0,Other,Lung,Stage I,3.09,Never,Regular,Yes,29.3,2015-01-22,Immunotherapy,6.0,72.0,Deceased,Medium
ONC-04100,39.0,Female,,Stage III,7.86,Current,Heavy,No,25.8,2017-05-23,Immunotherapy,3.0,33.0,Deceased,High
ONC-01405,45.0,Female,Pancreatic,Stage I,7.3,Never,Heavy,Yes,,2019-04-08,Surgery,8.0,11.0,Alive,Medium
ONC-01646,,Male,Breast,,6.01,Former,Occasional,Yes,24.6,2017-09-17,Combination Therapy,9.0,27.0,Deceased,Medium
ONC-01737,53.0,Male,Colorectal,,2.38,Current,None,Yes,26.9,2024-01-12,Radiation Therapy,4.0,41.0,Deceased,Low
ONC-01880,71.0,Female,Brain,Stage IV,3.78,Current,None,Yes,28.8,2020-07-01,,7.0,0.0,Deceased,Critical
ONC-00599,41.0,Other,Skin (Melanoma),Stage III,0.94,Never,Occasional,,25.7,2016-03-23,Combination Therapy,,48.0,Deceased,
ONC-03960,51.0,Female,Ovarian,Stage III,0.17,Former,Heavy,No,26.9,2015-10-19,Radiation Therapy,5.0,7.0,Deceased,Critical
ONC-01259,60.0,Female,Pancreatic,,1.24,Never,Occasional,No,29.4,2018-07-30,Palliative Care,6.0,2.0,Alive,Medium
ONC-06262,,Female,Lung,Stage III,8.4,Current,Occasional,Yes,17.1,2021-08-19,Surgery,7.0,6.0,Deceased,High
ONC-04763,67.0,Other,Prostate,Stage I,6.25,Never,Regular,No,28.5,2017-12-11,Immunotherapy,5.0,,Deceased,High
ONC-03316,,Female,Blood (Leukemia),Stage II,,Current,Heavy,,,2020-03-11,Immunotherapy,9.0,,Deceased,High
ONC-06931,69.0,,Breast,Stage II,,Current,,Yes,24.1,2020-03-08,Surgery,9.0,7.0,Deceased,Medium
ONC-03624,54.0,Female,Liver,Stage II,3.2,Former,None,Yes,,2017-05-28,Surgery,3.0,9.0,Alive,Medium
ONC-03999,58.0,,,Stage III,6.63,Current,None,No,33.3,2022-07-21,Chemotherapy,5.0,17.0,Deceased,Critical
ONC-03306,57.0,Other,Liver,Stage II,,Never,,No,27.4,2022-12-15,Immunotherapy,7.0,8.0,Alive,High
ONC-07089,45.0,Female,Brain,,1.95,Never,Occasional,No,25.1,2015-04-30,Chemotherapy,4.0,2.0,Alive,High
ONC-02020,35.0,,Skin (Melanoma),Stage II,0.1,Current,Heavy,No,27.9,2021-08-26,Combination Therapy,3.0,0.0,Alive,High
ONC-05276,43.0,Other,Blood (Leukemia),Stage II,9.78,Former,Occasional,Yes,32.4,2016-06-22,Combination Therapy,,,Alive,Low
ONC-03690,,Other,Ovarian,Stage II,0.51,Former,Occasional,Yes,25.0,2018-05-17,Combination Therapy,,5.0,Deceased,Medium
ONC-04885,47.0,,Liver,Stage III,4.5,Current,Occasional,No,30.5,2017-04-12,,,,,Medium
ONC-00790,57.0,Male,Blood (Leukemia),Stage IV,2.53,Former,None,Yes,21.7,2020-08-06,Radiation Therapy,6.0,31.0,Deceased,Medium
ONC-02881,67.0,Other,Skin (Melanoma),Stage IV,2.67,Current,None,,,2018-08-20,Surgery,8.0,18.0,Alive,Critical
ONC-06615,51.0,Other,Brain,Stage IV,2.46,Former,Heavy,Yes,30.4,2020-08-14,Combination Therapy,,16.0,Deceased,High
ONC-05744,62.0,Other,Prostate,Stage III,0.96,Current,,No,21.3,2016-04-08,Palliative Care,6.0,,Alive,Medium
ONC-00295,76.0,Other,Colorectal,,8.12,Never,Regular,,23.7,2020-01-17,Radiation Therapy,5.0,4.0,Alive,Medium
ONC-02958,47.0,Female,Lung,,9.47,Former,Regular,No,24.0,2017-01-12,Palliative Care,6.0,10.0,Alive,Medium
ONC-05869,41.0,,Blood (Leukemia),Stage III,0.88,Current,None,Yes,17.7,,Surgery,4.0,9.0,Deceased,High
ONC-01633,65.0,Male,Pancreatic,Stage II,0.18,Former,Heavy,No,22.7,2016-09-07,Palliative Care,4.0,14.0,Deceased,Low
ONC-02676,81.0,Female,Prostate,Stage II,4.88,Never,None,No,,2017-08-08,,7.0,19.0,Alive,High
ONC-05262,30.0,Female,Skin (Melanoma),Stage II,0.55,Current,Occasional,No,29.7,2018-05-20,Combination Therapy,10.0,10.0,Alive,Critical
ONC-02474,69.0,Female,Pancreatic,Stage I,5.77,Current,Regular,,28.1,2019-07-18,Combination Therapy,5.0,19.0,Alive,Low
ONC-04809,49.0,Other,Breast,Stage III,3.85,Never,Regular,No,22.7,2023-03-25,Radiation Therapy,3.0,13.0,Alive,Critical
ONC-06274,,Male,Blood (Leukemia),Stage IV,3.27,Current,Regular,,25.2,2017-02-12,Combination Therapy,6.0,28.0,Alive,Critical
ONC-00937,63.0,Male,Blood (Leukemia),Stage III,2.05,Current,Occasional,No,25.4,2019-10-19,,7.0,25.0,Alive,High
ONC-01352,56.0,Other,Prostate,Stage IV,2.53,Former,,Yes,26.4,2022-08-31,Surgery,6.0,16.0,Alive,High
ONC-03174,50.0,Other,,Stage IV,2.24,Former,Heavy,No,26.0,2016-12-04,Radiation Therapy,7.0,41.0,Alive,High
ONC-06088,62.0,Female,Brain,,0.47,Current,None,Yes,16.7,2022-10-27,Palliative Care,10.0,24.0,Alive,Low
ONC-05648,57.0,Female,Ovarian,,0.19,,Regular,,17.3,2019-11-04,Palliative Care,4.0,9.0,Deceased,Critical
ONC-05778,25.0,Female,Skin (Melanoma),,2.07,,Heavy,Yes,28.6,2020-08-31,Combination Therapy,9.0,7.0,Deceased,Medium
ONC-03466,,,Brain,Stage IV,8.11,,Occasional,Yes,29.0,2017-06-12,Palliative Care,11.0,17.0,Alive,High
ONC-03085,41.0,Male,Skin (Melanoma),Stage IV,8.25,Former,None,No,21.9,2019-06-29,Combination Therapy,3.0,0.0,Deceased,Low
ONC-04652,72.0,Unknown,Blood (Leukemia),Stage III,11.5,Former,Occasional,No,20.9,2020-04-18,Radiation Therapy,6.0,52.0,Alive,Critical
ONC-02121,37.0,Female,Brain,Stage I,2.39,Current,Occasional,No,30.8,2020-01-21,Combination Therapy,9.0,0.0,Alive,Low
ONC-05346,60.0,,Colorectal,Stage I,2.67,Never,Regular,Yes,23.7,2015-09-06,Chemotherapy,7.0,44.0,Alive,Low
ONC-05102,39.0,Male,Pancreatic,,4.9,Current,None,No,25.8,2020-02-15,Surgery,,19.0,Alive,Critical
ONC-04065,55.0,Female,Skin (Melanoma),Stage III,2.17,,Heavy,No,14.8,2019-12-04,,6.0,5.0,Deceased,High
ONC-01146,39.0,Male,Ovarian,Stage I,1.54,Former,Heavy,No,24.0,2024-09-24,Combination Therapy,4.0,3.0,,High
ONC-01961,56.0,Female,Breast,Stage IV,14.54,Former,Heavy,No,20.9,2023-10-14,Chemotherapy,10.0,13.0,,Medium
ONC-07016,62.0,Female,,Stage III,4.54,Current,Regular,Yes,31.8,,Radiation Therapy,4.0,7.0,Alive,High
ONC-04956,56.0,Female,,,0.5,Never,,No,18.7,2019-04-04,Surgery,8.0,,,Low
ONC-00003,18.0,Other,Ovarian,Stage IV,1.2,Former,,Yes,,2022-10-30,Immunotherapy,,17.0,,High
ONC-03979,47.0,Female,Skin (Melanoma),Stage II,9.73,Never,Heavy,No,22.7,,,6.0,2.0,Alive,Medium
ONC-03919,41.0,Female,Breast,Stage II,2.47,Former,Occasional,Yes,31.8,2017-11-20,Chemotherapy,4.0,7.0,Deceased,Medium
ONC-06690,61.0,,,Stage I,0.39,Never,Heavy,Yes,,2016-12-28,Immunotherapy,8.0,47.0,Alive,Low
ONC-00965,47.0,Male,Lung,Stage III,0.3,Current,Occasional,No,29.5,2020-06-10,,10.0,37.0,Deceased,Low
ONC-06989,68.0,,Prostate,Stage I,1.66,Never,Occasional,No,24.2,2020-10-07,,5.0,8.0,Deceased,Medium
ONC-07274,29.0,Female,Prostate,Stage III,1.72,Former,-,No,29.5,2019-08-27,Chemotherapy,5.0,0.0,Deceased,High
ONC-03703,78.0,Female,Colorectal,,3.01,Current,Occasional,No,28.0,2021-09-07,Immunotherapy,8.0,9.0,Alive,Medium
ONC-00654,44.0,Female,Pancreatic,Stage I,4.1,Former,,No,29.1,2016-10-25,Surgery,,8.0,Alive,Medium
ONC-05634,54.0,Female,Breast,Stage II,2.01,Never,Heavy,No,24.9,2018-08-29,Combination Therapy,,1.0,Alive,Medium
ONC-03351,74.0,Male,Breast,Stage II,7.43,Current,Regular,No,21.5,2015-01-28,Immunotherapy,,0.0,Alive,
ONC-06876,52.0,Other,Breast,Stage IV,0.71,,Regular,Yes,26.5,2018-02-10,,4.0,1.0,Deceased,High
ONC-03303,45.0,,Prostate,Stage II,2.95,Never,,Yes,27.2,2017-05-09,,,15.0,,Medium
ONC-02380,59.0,Other,Breast,Stage IV,3.41,,None,No,,2019-04-23,Radiation Therapy,4.0,9.0,Deceased,High
ONC-07463,49.0,Other,Liver,Stage III,3.78,Former,Heavy,No,26.9,2018-05-22,Immunotherapy,3.0,28.0,Alive,High
ONC-04797,79.0,Female,Brain,Stage IV,0.23,,Occasional,Yes,27.4,,Combination Therapy,6.0,7.0,Deceased,High
ONC-02888,50.0,,Breast,Stage III,0.32,Former,Occasional,Yes,23.5,2022-08-05,Palliative Care,9.0,34.0,Deceased,Medium
ONC-07157,71.0,Male,Skin (Melanoma),Stage I,5.34,Former,Heavy,,32.7,2018-08-08,Chemotherapy,11.0,14.0,Alive,Low
ONC-06014,75.0,Other,Breast,Stage III,5.04,Former,Occasional,Yes,22.7,2021-06-23,Immunotherapy,8.0,39.0,Deceased,
ONC-03747,48.0,Other,,,0.1,Former,Regular,,28.2,2024-01-05,Chemotherapy,4.0,13.0,Deceased,Low
ONC-04380,72.0,Male,Pancreatic,Stage II,0.89,Current,Regular,No,27.7,2024-06-07,Immunotherapy,6.0,0.0,Alive,
ONC-00745,,Other,Blood (Leukemia),Stage II,5.01,Never,None,,33.3,2023-11-22,Immunotherapy,3.0,2.0,,Medium
ONC-03623,,Other,Breast,Stage II,5.14,Current,Occasional,No,24.0,2021-10-22,Radiation Therapy,4.0,0.0,Alive,Low
ONC-00260,68.0,Male,Blood (Leukemia),Stage I,4.74,,Occasional,No,20.3,,Surgery,6.0,33.0,Deceased,
ONC-03299,52.0,,Prostate,Stage II,1.82,Never,None,No,34.0,2024-06-22,Surgery,8.0,2.0,Alive,Low
ONC-02590,69.0,,Liver,Stage II,7.57,Never,None,,25.0,2016-09-23,Chemotherapy,7.0,3.0,Alive,High
ONC-06455,37.0,Other,Breast,Stage II,1.34,Former,Occasional,,32.2,2019-03-08,Chemotherapy,8.0,32.0,Alive,
ONC-02937,57.0,Female,Breast,Stage IV,2.63,Former,Occasional,Yes,28.7,2016-04-15,,4.0,5.0,Alive,Medium
ONC-00534,57.0,Male,Skin (Melanoma),Stage I,2.75,Never,None,No,25.3,2022-09-20,Combination Therapy,6.0,14.0,Alive,Low
ONC-02617,71.0,Female,Brain,Stage I,11.24,Former,Regular,,24.2,2015-08-16,Palliative Care,6.0,51.0,,Low
ONC-00634,49.0,Other,Prostate,Stage II,1.69,Never,,No,18.5,2022-05-18,Immunotherapy,4.0,28.0,Deceased,Low
ONC-00557,47.0,Other,Colorectal,,0.74,Former,None,No,28.6,2020-11-17,Surgery,6.0,11.0,Alive,Medium
ONC-02969,52.0,,Pancreatic,,3.47,,None,Yes,26.4,2015-01-19,Surgery,4.0,20.0,Deceased,High
ONC-02117,63.0,Other,Lung,Stage III,3.07,Never,Occasional,No,27.4,,Immunotherapy,5.0,8.0,Alive,
ONC-00591,48.0,Other,Prostate,Stage II,11.4,Never,,No,24.7,2018-06-21,Palliative Care,7.0,29.0,,Low
ONC-06095,54.0,,Colorectal,Stage IV,1.75,Current,Occasional,No,24.4,2020-03-30,Radiation Therapy,4.0,15.0,,
ONC-07261,,Other,Blood (Leukemia),Stage II,,,Occasional,No,28.2,2020-09-25,Immunotherapy,,3.0,Deceased,Medium
ONC-00887,62.0,Male,Breast,Stage I,5.06,Current,Occasional,No,18.6,2018-12-26,Immunotherapy,1.0,17.0,Alive,Low
ONC-05413,48.0,Other,Prostate,,,Never,Occasional,Yes,27.1,2019-06-07,Palliative Care,5.0,61.0,Alive,Critical
ONC-03220,65.0,Male,Blood (Leukemia),Stage III,0.1,Never,Heavy,No,26.4,,,5.0,4.0,Alive,High
ONC-05834,49.0,Female,Brain,Stage IV,3.14,,Regular,Yes,17.4,2017-11-24,Palliative Care,9.0,2.0,Alive,
ONC-00496,54.0,Female,Colorectal,Stage II,1.47,Former,None,No,31.9,2017-10-13,Radiation Therapy,4.0,14.0,Alive,High
ONC-03619,46.0,Other,Colorectal,Stage II,2.89,Former,None,Yes,25.9,,Radiation Therapy,7.0,12.0,Alive,Low
ONC-04453,64.0,Other,Colorectal,Stage I,3.4,Current,Heavy,No,28.1,2022-02-01,Chemotherapy,4.0,22.0,Deceased,Low
ONC-00363,60.0,Other,Colorectal,Stage IV,6.07,Current,Regular,,28.1,2018-05-03,Chemotherapy,3.0,14.0,Alive,Critical
ONC-02028,46.0,Female,Pancreatic,Stage III,7.55,Former,,No,33.2,2018-12-14,Surgery,7.0,5.0,Alive,High
ONC-05607,,Female,Pancreatic,Stage I,2.6,Current,,No,29.4,,Palliative Care,3.0,14.0,Alive,Low
ONC-01151,46.0,,Liver,Stage II,0.42,Never,Regular,No,24.9,2020-10-25,Immunotherapy,6.0,23.0,Alive,Low
ONC-00829,29.0,Male,Colorectal,Stage IV,2.68,Never,Heavy,No,31.9,2018-03-20,Combination Therapy,,37.0,,Critical
ONC-06708,,,Breast,Stage II,2.65,Former,Heavy,No,30.8,2024-02-10,Radiation Therapy,5.0,12.0,Deceased,Low
ONC-03086,57.0,Female,Pancreatic,Stage I,5.46,Current,Heavy,,25.0,2018-04-06,Surgery,6.0,32.0,Alive,Low
ONC-00644,72.0,Male,Prostate,Stage III,0.11,Former,Occasional,Yes,22.6,2018-11-05,Surgery,5.0,61.0,Deceased,High
ONC-06819,78.0,Male,Lung,Stage II,10.76,Never,None,No,29.5,2016-06-30,Chemotherapy,6.0,5.0,Alive,Low
ONC-07210,53.0,Female,Pancreatic,Stage III,2.78,Current,None,Yes,26.8,2018-05-14,Combination Therapy,4.0,27.0,Alive,High
ONC-00318,,Female,Brain,Stage II,2.9,Never,Occasional,Yes,25.2,2021-01-06,Radiation Therapy,5.0,29.0,Alive,Low
ONC-01017,53.0,Female,Ovarian,Stage III,8.05,Former,Heavy,,36.0,,Surgery,6.0,7.0,Alive,Critical
ONC-00663,68.0,Male,Lung,,,Never,Occasional,Yes,26.8,,Combination Therapy,2.0,97.0,Alive,Critical
ONC-00994,52.0,Male,Pancreatic,Stage IV,0.4,Never,Regular,Yes,26.9,2023-01-02,Combination Therapy,10.0,12.0,Alive,High
ONC-00649,38.0,Female,Liver,Stage III,8.09,Never,Regular,,27.6,,Palliative Care,4.0,20.0,Deceased,Medium
ONC-02083,69.0,Female,Prostate,Stage III,2.54,Current,Occasional,Yes,29.8,2017-10-02,Radiation Therapy,,47.0,Deceased,High
ONC-02168,72.0,Female,Ovarian,Stage II,1.54,Never,Heavy,Yes,26.8,2018-10-22,Combination Therapy,8.0,4.0,Deceased,Medium
ONC-01713,28.0,Female,Lung,Stage I,0.45,Never,Heavy,No,,,Combination Therapy,1.0,11.0,,
ONC-00071,42.0,Other,Brain,Stage III,2.7,Never,None,Yes,17.7,2023-01-28,Immunotherapy,6.0,45.0,Alive,High
ONC-06415,70.0,Female,Blood (Leukemia),Stage IV,5.41,Former,Occasional,Yes,25.8,2020-07-17,Immunotherapy,11.0,12.0,Alive,Critical
ONC-07091,64.0,Male,Ovarian,Stage II,2.55,Current,None,No,27.6,,Immunotherapy,,12.0,Alive,High
ONC-05368,78.0,Other,Brain,,0.1,Current,Regular,No,23.0,2022-11-08,Chemotherapy,,1.0,Alive,High
ONC-03409,33.0,Other,Breast,Stage II,0.1,Never,Heavy,Yes,24.9,2021-01-08,Immunotherapy,2.0,0.0,Alive,High
ONC-02627,45.0,Other,Colorectal,Stage III,0.1,,Heavy,No,28.8,2021-10-24,Immunotherapy,7.0,,Deceased,Critical
ONC-01597,45.0,Other,Lung,Stage II,0.95,Current,None,No,28.5,2019-04-05,NA,5.0,21.0,,Medium
ONC-07104,43.0,Female,Breast,Stage IV,,Former,None,Yes,32.3,2022-10-17,Palliative Care,4.0,2.0,Deceased,Medium
ONC-01687,25.0,Female,Blood (Leukemia),Stage III,2.94,Former,None,Yes,26.5,2020-05-31,Combination Therapy,6.0,0.0,Alive,Critical
ONC-04524,39.0,Male,Lung,Stage I,0.7,Never,Regular,No,24.8,2021-08-01,Immunotherapy,6.0,12.0,Alive,Low
ONC-03307,62.0,Other,Liver,,1.53,,Regular,Yes,,2017-10-15,Chemotherapy,,16.0,Deceased,Critical
ONC-03154,36.0,Male,Ovarian,Stage IV,0.49,Current,Occasional,No,19.7,2021-05-06,Combination Therapy,5.0,,Deceased,Critical
ONC-03748,44.0,Male,Lung,Stage III,5.54,Never,,No,29.4,2017-10-03,Surgery,5.0,6.0,Alive,Critical
ONC-03197,,,Prostate,Stage III,1.83,,None,No,26.7,2018-12-31,Radiation Therapy,10.0,18.0,Alive,Low
ONC-01313,57.0,Other,Breast,Stage III,7.07,Former,None,Yes,27.7,2019-09-23,Immunotherapy,6.0,33.0,Alive,High
ONC-04505,82.0,,Skin (Melanoma),Stage I,0.1,Former,Heavy,Yes,34.4,2016-01-07,Combination Therapy,6.0,11.0,Alive,Low
ONC-06914,57.0,,,Stage II,0.79,Current,Regular,No,24.0,,Combination Therapy,5.0,50.0,Alive,High
ONC-06802,62.0,Other,Ovarian,Stage I,2.14,Former,None,Yes,20.6,2016-09-27,,2.0,3.0,Alive,Low
ONC-02222,51.0,Male,Breast,,7.87,Former,Heavy,No,20.7,2022-06-24,Combination Therapy,4.0,4.0,Alive,High
ONC-04254,58.0,Other,Breast,Stage IV,3.79,Never,Regular,Yes,33.3,2017-08-06,Combination Therapy,,26.0,Alive,
ONC-00907,42.0,Female,Pancreatic,Stage IV,2.59,Former,Regular,No,27.7,2019-04-16,,6.0,0.0,Alive,High
ONC-04529,55.0,Male,Skin (Melanoma),Stage II,13.43,Former,Regular,,23.7,2015-08-13,Chemotherapy,4.0,2.0,Alive,
ONC-02290,70.0,Other,Lung,Stage I,12.42,Current,Regular,Yes,32.5,2022-02-11,Chemotherapy,4.0,43.0,Alive,Medium
ONC-04151,37.0,Female,Skin (Melanoma),Stage IV,2.45,Current,Regular,,19.3,2016-05-04,,7.0,,Alive,Critical
ONC-05175,63.0,Male,Blood (Leukemia),Stage IV,0.21,Current,Occasional,Yes,33.9,2015-01-24,Immunotherapy,6.0,11.0,Alive,Medium
ONC-03819,57.0,Male,Prostate,Stage I,,Current,None,Yes,32.6,2020-01-19,Radiation Therapy,5.0,12.0,Deceased,High
ONC-05067,44.0,Female,,,5.14,Never,Occasional,Yes,24.4,2024-08-29,Chemotherapy,9.0,5.0,Alive,Medium
ONC-04748,60.0,Other,Pancreatic,Stage III,0.89,Current,Heavy,No,29.4,2021-04-28,Palliative Care,7.0,0.0,Alive,Medium
ONC-03645,53.0,Other,,Stage I,2.26,Current,Heavy,Yes,24.1,2023-12-22,Immunotherapy,7.0,0.0,Deceased,Low
ONC-00170,82.0,Female,Breast,Stage III,5.72,Never,,No,30.8,2015-10-05,Combination Therapy,3.0,5.0,Alive,Medium
ONC-03895,36.0,Male,Brain,Stage III,2.11,Never,Occasional,Yes,26.9,2018-11-23,Combination Therapy,3.0,3.0,Alive,Critical
ONC-02571,48.0,Male,Colorectal,Stage II,6.39,Former,Occasional,Yes,28.1,2020-07-11,Immunotherapy,6.0,16.0,Alive,Medium
ONC-05644,59.0,Male,Skin (Melanoma),Stage III,5.24,,Heavy,No,18.0,2017-07-11,Chemotherapy,7.0,1.0,Deceased,Medium
ONC-05509,30.0,Other,Prostate,Stage IV,3.93,Current,Occasional,Yes,28.5,2022-03-03,Combination Therapy,4.0,9.0,Alive,High
ONC-05730,62.0,Male,Liver,Stage IV,5.31,Former,Regular,No,24.1,2020-03-09,Surgery,7.0,41.0,Alive,High
ONC-05968,72.0,Female,Skin (Melanoma),Stage II,,,Heavy,Yes,33.1,2019-08-19,Palliative Care,8.0,3.0,Alive,Medium
ONC-02444,67.0,Female,Blood (Leukemia),Stage I,1.51,Never,Heavy,Yes,22.3,2017-03-29,Radiation Therapy,6.0,11.0,Alive,Low
ONC-03413,90.0,Male,Blood (Leukemia),,0.69,Never,,No,27.5,2016-07-25,Surgery,,5.0,Deceased,Low
ONC-06259,43.0,,Lung,Stage I,0.93,Former,None,No,18.2,2023-08-30,Combination Therapy,10.0,,Alive,High
ONC-00010,52.0,Female,Brain,Stage III,0.4,,Heavy,Yes,25.7,2017-12-20,Chemotherapy,,0.0,Alive,Medium
ONC-06935,39.0,Female,Blood (Leukemia),Stage IV,4.02,Never,,Yes,22.5,2024-02-16,Combination Therapy,4.0,48.0,Alive,High
ONC-02454,59.0,Female,Brain,Stage I,13.88,,,,29.6,2023-03-26,Palliative Care,7.0,85.0,Alive,Low
ONC-00874,57.0,Other,Ovarian,Stage II,0.56,Current,Occasional,Yes,24.9,2021-08-06,Chemotherapy,3.0,14.0,Deceased,Medium
ONC-04962,46.0,Other,Lung,Stage IV,0.28,Current,None,No,28.3,2016-03-18,Radiation Therapy,10.0,36.0,Alive,Critical
ONC-05329,75.0,Female,Brain,Stage IV,2.95,Former,None,No,25.3,2018-01-06,,6.0,13.0,Deceased,Medium
ONC-03066,60.0,Male,,Stage III,1.2,Never,Regular,No,28.4,2023-02-07,Palliative Care,5.0,3.0,,High
ONC-07252,72.0,Female,,Stage IV,1.27,Never,Heavy,,28.2,,Chemotherapy,3.0,0.0,,High
ONC-06175,67.0,Female,Brain,Stage I,1.91,Former,None,Yes,27.3,2015-09-04,Immunotherapy,16.0,19.0,Alive,Medium
ONC-05526,,,Liver,Stage II,4.85,Current,None,No,30.0,2019-05-11,Combination Therapy,8.0,5.0,Alive,High
ONC-05275,54.0,Male,Prostate,Stage IV,9.09,Current,Regular,Yes,27.8,2024-09-17,Combination Therapy,7.0,2.0,Alive,Medium
ONC-00901,,-,Ovarian,Stage III,8.29,,None,No,21.0,2024-10-15,Chemotherapy,7.0,27.0,Deceased,High
ONC-05876,78.0,Female,Prostate,Stage II,0.1,Former,Occasional,No,21.2,2022-10-05,Radiation Therapy,7.0,54.0,Alive,High
ONC-00896,,Male,,Stage I,5.56,Never,Regular,Yes,25.7,2017-06-15,Radiation Therapy,,9.0,Deceased,High
ONC-07270,,Other,Pancreatic,Stage II,0.43,Never,Occasional,Yes,20.3,2018-07-16,Immunotherapy,5.0,45.0,Deceased,Medium
ONC-06290,44.0,Male,Blood (Leukemia),Stage II,0.63,Current,,Yes,24.8,2016-11-12,Immunotherapy,5.0,7.0,Alive,High
ONC-06907,66.0,Female,Breast,,,Never,None,Yes,15.4,2022-10-08,Palliative Care,4.0,34.0,Alive,Low
ONC-05506,70.0,Female,Brain,,1.07,,Heavy,,24.7,,Chemotherapy,6.0,,Alive,High
ONC-02731,62.0,Male,Ovarian,Stage III,1.71,Never,,Yes,22.4,2022-11-25,Surgery,4.0,13.0,Deceased,High
ONC-04900,37.0,Female,Colorectal,Stage I,0.77,Never,None,,29.2,,Chemotherapy,6.0,12.0,Deceased,Medium
ONC-06278,54.0,Male,Skin (Melanoma),Stage IV,7.9,Former,None,No,26.4,2024-03-28,Palliative Care,6.0,2.0,Alive,Medium
ONC-04121,44.0,Other,Prostate,Stage IV,1.34,Never,Occasional,Yes,,2018-03-20,Surgery,,39.0,Deceased,
ONC-06689,72.0,Other,Liver,Stage I,0.21,Current,Heavy,No,33.9,,Combination Therapy,6.0,66.0,Alive,Low
ONC-04627,66.0,,Lung,Stage II,0.1,Never,Regular,No,26.3,2019-01-03,Combination Therapy,,,Alive,Medium
ONC-00285,99.0,,Prostate,Stage II,1.55,Former,None,Yes,32.2,2020-01-16,Combination Therapy,10.0,7.0,Alive,Medium
ONC-03418,77.0,Other,Prostate,Stage IV,3.02,Former,Heavy,Yes,34.2,2019-10-17,Combination Therapy,,11.0,Deceased,Critical
ONC-02037,88.0,Other,Pancreatic,Stage I,0.32,,Occasional,No,20.6,2021-09-02,Combination Therapy,6.0,12.0,Alive,Medium
ONC-00821,99.0,Female,Prostate,Stage III,2.71,,Regular,No,29.6,2023-12-20,,10.0,14.0,Alive,High
ONC-07371,77.0,Other,Pancreatic,Stage III,4.03,Never,None,No,22.5,2021-01-02,Chemotherapy,1.0,10.0,Deceased,High
ONC-06377,73.0,Female,Brain,Stage II,4.68,Former,Regular,Yes,20.7,2020-08-16,,2.0,4.0,Alive,Medium
ONC-05798,55.0,Female,Blood (Leukemia),Stage I,4.35,Former,Occasional,,22.4,2020-02-03,Combination Therapy,5.0,7.0,Alive,
ONC-05758,61.0,Other,Liver,,1.83,Former,,No,28.1,2017-09-02,Radiation Therapy,11.0,1.0,Deceased,Low
ONC-00525,,Other,Colorectal,Stage III,6.64,Current,Regular,No,23.2,2017-02-09,Surgery,4.0,6.0,Alive,
ONC-01898,61.0,Other,Blood (Leukemia),Stage II,0.55,Former,None,Yes,29.4,2017-07-26,Immunotherapy,8.0,10.0,Alive,High
ONC-05520,80.0,Female,Prostate,Stage I,0.1,Never,,No,26.7,,Surgery,3.0,37.0,Deceased,Low
ONC-05659,68.0,,Colorectal,Stage IV,4.63,Current,Occasional,Yes,22.7,2016-12-20,,5.0,3.0,Alive,Critical
ONC-00327,16.0,Other,Lung,Stage I,3.18,Never,Heavy,Yes,23.5,2024-11-01,Immunotherapy,4.0,120.0,Deceased,Low
ONC-04073,52.0,Female,Brain,Stage III,3.43,Current,Regular,No,32.1,2016-07-08,Palliative Care,,1.0,,High
ONC-04456,70.0,Male,Lung,,2.06,Current,Regular,No,28.4,2021-10-04,Surgery,6.0,4.0,Alive,High
ONC-05510,65.0,Male,Blood (Leukemia),Stage II,4.49,Current,None,Yes,28.3,2021-07-07,Palliative Care,,20.0,Deceased,Low
ONC-06124,38.0,Other,Brain,Stage II,1.22,Current,None,Yes,,2020-09-23,Palliative Care,4.0,,Deceased,Medium
ONC-02197,76.0,Female,Pancreatic,Stage II,1.8,Current,Regular,Yes,18.4,2022-04-23,,6.0,0.0,,High
ONC-05303,62.0,Other,Breast,Stage II,1.66,Current,Occasional,,22.6,2016-03-05,Radiation Therapy,7.0,5.0,,Medium
ONC-03193,41.0,Male,,Stage III,2.04,Current,,Yes,24.1,2017-10-05,Surgery,3.0,1.0,Deceased,High
ONC-02943,68.0,Male,Skin (Melanoma),Stage IV,1.35,,Occasional,Yes,30.0,,Surgery,,25.0,Alive,Critical
ONC-02957,59.0,Male,Prostate,,0.2,Current,None,Yes,22.1,2019-04-29,Surgery,,15.0,Alive,Critical
ONC-02311,83.0,Female,Breast,Stage I,,Former,Heavy,No,24.9,2015-04-07,Combination Therapy,6.0,27.0,Deceased,Low
ONC-00499,70.0,Male,Colorectal,Stage III,11.51,Never,None,No,28.1,2021-11-19,Surgery,8.0,17.0,Deceased,Medium
ONC-06892,56.0,Other,Brain,Stage III,1.29,Current,None,Yes,26.1,2019-04-08,Palliative Care,10.0,0.0,Deceased,Low
ONC-02547,49.0,Female,Ovarian,Stage IV,4.77,Former,Heavy,No,25.0,2022-06-02,Radiation Therapy,,14.0,Alive,Medium
ONC-02783,,Female,,Stage IV,2.42,,Heavy,Yes,26.2,,Chemotherapy,5.0,5.0,,Critical
ONC-02406,78.0,Female,Skin (Melanoma),Stage IV,0.56,,Heavy,No,21.2,2019-06-07,Palliative Care,2.0,,Alive,Medium
ONC-02874,49.0,Female,Prostate,Stage III,0.1,Never,Regular,Yes,29.1,,Chemotherapy,6.0,12.0,Alive,High
ONC-03706,50.0,Female,Blood (Leukemia),Stage IV,18.63,Never,,No,28.7,2019-01-31,Combination Therapy,7.0,11.0,Alive,Critical
ONC-03655,71.0,Female,Colorectal,Stage II,2.73,Former,Regular,No,29.9,2015-07-29,Chemotherapy,7.0,16.0,Alive,Critical
ONC-00380,64.0,Female,Colorectal,Stage I,1.66,Never,Regular,Yes,26.4,2018-01-27,Radiation Therapy,7.0,1.0,Deceased,Low
ONC-03049,67.0,,Ovarian,Stage III,0.1,Former,Heavy,No,16.6,2019-08-05,Palliative Care,5.0,10.0,Alive,High
ONC-07100,71.0,Other,Skin (Melanoma),Stage III,1.3,Current,Heavy,Yes,,2020-12-23,Surgery,,34.0,Alive,High
ONC-05729,45.0,Female,Prostate,Stage IV,0.32,Former,None,,27.2,,Palliative Care,4.0,51.0,Alive,Medium
ONC-04025,51.0,Female,Prostate,Stage IV,10.13,Current,Heavy,Yes,36.5,2020-04-23,Surgery,8.0,10.0,Deceased,High
ONC-04149,65.0,Other,Ovarian,Stage I,6.03,,None,No,29.9,2019-02-03,Immunotherapy,,3.0,Alive,Low
ONC-05962,73.0,Other,Prostate,Stage II,0.43,,Regular,,28.4,2016-06-19,Surgery,4.0,1.0,Alive,Medium
ONC-05761,56.0,Other,Blood (Leukemia),Stage I,1.84,Current,Heavy,,33.2,2022-09-13,Palliative Care,10.0,7.0,Alive,Low
ONC-01053,55.0,Female,Colorectal,Stage IV,13.56,Never,Occasional,Yes,31.4,,Surgery,5.0,,Alive,Critical
ONC-00191,75.0,Male,Prostate,Stage III,0.25,Former,Regular,Yes,20.4,,Chemotherapy,,3.0,Alive,Critical
ONC-02789,49.0,Other,Prostate,Stage I,0.4,Current,Regular,,23.1,2015-09-20,Palliative Care,6.0,4.0,Deceased,
ONC-04757,32.0,Other,Breast,Stage II,7.29,,None,No,22.5,2022-03-19,Radiation Therapy,8.0,12.0,Alive,Low
ONC-02388,83.0,Male,Skin (Melanoma),Stage IV,2.52,Never,None,No,25.2,2023-10-01,,3.0,1.0,Deceased,Critical
ONC-01721,76.0,Male,Colorectal,Stage I,4.84,Former,,No,28.1,2017-04-25,Immunotherapy,6.0,4.0,Alive,Medium
ONC-04383,78.0,Male,Colorectal,,9.84,Current,Regular,No,,2024-12-19,Immunotherapy,16.0,91.0,Alive,Low
ONC-05696,62.0,Female,Skin (Melanoma),Stage IV,1.84,Current,Regular,Yes,22.4,2016-04-15,Combination Therapy,5.0,0.0,Deceased,
ONC-00021,56.0,Other,Ovarian,Stage II,,Current,Heavy,Yes,27.7,2023-10-19,Immunotherapy,,17.0,Deceased,Medium
ONC-03446,87.0,Male,Blood (Leukemia),Stage II,0.97,Never,,No,23.1,2015-02-09,Palliative Care,5.0,12.0,Deceased,Low
ONC-06845,56.0,Other,Ovarian,Stage IV,3.69,Former,Heavy,No,27.0,2020-09-17,Palliative Care,9.0,12.0,Alive,Critical
ONC-04547,63.0,Female,Breast,Stage II,0.76,Former,None,No,32.7,2016-12-17,,8.0,39.0,Alive,Medium
ONC-05600,77.0,Male,Brain,Stage II,1.33,,Heavy,Yes,22.1,2015-03-25,Surgery,7.0,5.0,Deceased,Medium
ONC-02535,64.0,Male,,Stage II,5.94,Never,Unknown,Yes,20.1,2018-04-24,Immunotherapy,,7.0,Deceased,Low
ONC-02867,60.0,Male,Prostate,Stage IV,1.2,Former,Heavy,No,25.5,2020-10-21,Radiation Therapy,5.0,10.0,Alive,Critical
ONC-06982,42.0,Other,Prostate,Stage I,20.0,,Regular,Yes,21.7,2023-03-25,Surgery,6.0,3.0,Deceased,
ONC-07243,44.0,Female,Ovarian,Stage I,0.65,Never,Heavy,Yes,30.0,2017-10-28,Immunotherapy,6.0,,Deceased,High
ONC-04873,65.0,Female,Breast,Stage I,1.4,Current,Occasional,Yes,28.6,2018-01-02,Immunotherapy,6.0,11.0,Alive,Medium
ONC-02021,46.0,Female,Liver,Stage III,2.72,Former,Heavy,Yes,,2019-08-21,Palliative Care,8.0,1.0,Alive,Medium
ONC-02592,49.0,Female,Breast,Stage I,0.3,Former,Heavy,No,26.8,2018-02-11,Radiation Therapy,5.0,0.0,Alive,Low
ONC-06501,45.0,Other,Ovarian,Stage I,2.19,Never,Occasional,Yes,27.4,2017-05-13,,,18.0,Deceased,Low
ONC-04080,39.0,Male,Blood (Leukemia),Stage III,4.73,Current,Regular,Yes,23.3,2018-01-14,Radiation Therapy,7.0,22.0,Deceased,High
ONC-05944,38.0,Female,Brain,Stage II,7.28,Never,None,,24.8,2016-03-01,Combination Therapy,1.0,4.0,Alive,Low
ONC-00209,57.0,Female,Brain,Stage I,1.22,Former,Heavy,Yes,25.0,2019-08-19,Palliative Care,3.0,,Alive,Low
ONC-06376,51.0,Other,Blood (Leukemia),Stage III,4.22,Never,Occasional,Yes,24.2,2017-07-17,Palliative Care,3.0,,Alive,High
ONC-04078,61.0,Female,Colorectal,Stage III,0.36,Never,Heavy,Yes,24.2,2019-07-02,Chemotherapy,8.0,72.0,Deceased,Critical
ONC-00190,49.0,Male,Ovarian,Stage II,1.5,Former,None,Yes,23.9,2020-10-23,Chemotherapy,9.0,10.0,Alive,High
ONC-05575,66.0,Male,Prostate,,4.84,,Heavy,No,36.9,2016-01-13,,,3.0,Deceased,Low
ONC-05668,55.0,Female,Blood (Leukemia),Stage I,2.39,Current,None,Yes,24.6,2023-03-21,Combination Therapy,,8.0,Alive,Medium
ONC-00151,47.0,Other,Breast,Stage IV,18.45,,Occasional,No,25.7,2021-10-14,Immunotherapy,5.0,1.0,Alive,Critical
ONC-00023,51.0,Female,Lung,Stage I,1.7,Never,Occasional,,29.9,2017-02-18,Combination Therapy,6.0,,Alive,Low
ONC-06202,59.0,Other,Prostate,Stage I,4.33,Current,,No,30.4,,Combination Therapy,6.0,6.0,Alive,Low
ONC-07308,,,Blood (Leukemia),Stage I,0.23,Former,None,No,24.5,2021-07-25,Radiation Therapy,11.0,29.0,Alive,Medium
ONC-04221,38.0,Other,Blood (Leukemia),Stage IV,,Never,Heavy,,23.9,2021-01-02,Combination Therapy,,25.0,Alive,Critical
ONC-01332,,,,Stage III,6.9,Current,Heavy,No,34.6,2015-07-18,Immunotherapy,6.0,1.0,Alive,Medium
ONC-04228,77.0,Other,Blood (Leukemia),Stage III,5.2,Current,,No,17.9,2021-01-15,Combination Therapy,6.0,0.0,Deceased,Low
ONC-00443,73.0,Other,Colorectal,Stage II,3.18,,Heavy,No,23.3,2016-01-12,Radiation Therapy,7.0,9.0,,Medium
ONC-00658,,Female,Breast,Stage I,20.0,Never,Regular,,27.4,2021-06-11,Surgery,6.0,16.0,Alive,Medium
ONC-02356,72.0,Female,,Stage I,0.29,,None,No,27.2,2023-07-18,Palliative Care,9.0,14.0,Alive,Medium
ONC-04737,61.0,Female,Lung,Stage II,2.88,Former,,,32.3,2021-07-26,Immunotherapy,7.0,43.0,Alive,High
ONC-01383,51.0,Male,Skin (Melanoma),Stage II,0.83,Former,Occasional,Yes,27.9,,Immunotherapy,4.0,8.0,Deceased,Medium
ONC-01808,43.0,Female,,Stage IV,4.1,Never,None,Yes,24.2,2024-05-07,Immunotherapy,4.0,,Alive,Critical
ONC-03397,44.0,Female,,Stage II,4.43,Former,,No,26.7,2020-01-05,Radiation Therapy,7.0,45.0,Alive,Critical
ONC-06165,51.0,Female,Lung,Stage II,2.37,Former,Regular,Yes,25.0,2020-05-03,Chemotherapy,6.0,6.0,Alive,Medium
ONC-02799,80.0,Male,Skin (Melanoma),Stage I,0.56,Former,Heavy,No,28.9,2020-09-15,Radiation Therapy,5.0,8.0,Alive,Low
ONC-01963,56.0,Male,Blood (Leukemia),Stage II,0.77,Current,Heavy,Yes,30.6,2024-08-05,Chemotherapy,11.0,3.0,Alive,High
ONC-01074,49.0,Female,Brain,,0.14,Never,,Yes,32.4,2020-11-06,Immunotherapy,,8.0,Deceased,High
ONC-03998,77.0,Female,Brain,Stage I,3.06,Former,Occasional,No,17.7,2018-07-14,Immunotherapy,7.0,16.0,,Low
ONC-00551,63.0,Female,Ovarian,Stage III,0.36,Former,Heavy,Yes,26.0,2023-02-22,Surgery,7.0,6.0,Deceased,Medium
ONC-04554,,Female,Pancreatic,Stage II,0.49,Former,Occasional,Yes,,,,,36.0,,Medium
ONC-07424,67.0,Male,Pancreatic,Stage III,0.1,Former,Heavy,Yes,16.5,,Immunotherapy,9.0,33.0,Alive,Critical
ONC-05913,80.0,Male,Lung,Stage II,3.78,Never,Heavy,,25.8,2016-08-25,,10.0,0.0,Alive,Medium
ONC-03814,,Other,,Stage II,2.54,,Regular,No,31.6,2022-10-24,Radiation Therapy,5.0,8.0,Alive,Medium
ONC-05824,68.0,Male,Lung,Stage I,1.43,,None,No,18.7,2024-04-13,Combination Therapy,3.0,3.0,Alive,Low
ONC-07171,56.0,Female,Blood (Leukemia),,3.73,Current,None,Yes,17.9,2023-06-18,Combination Therapy,6.0,47.0,Alive,Medium
ONC-07249,71.0,Female,Lung,Stage III,2.39,Current,Heavy,No,30.5,2023-08-25,,4.0,14.0,Deceased,Medium
ONC-00940,49.0,Other,Pancreatic,Stage I,8.38,Never,Regular,Yes,27.5,2021-09-23,Radiation Therapy,2.0,4.0,Deceased,Medium
ONC-02470,67.0,,Breast,Stage III,6.07,Former,None,No,,2022-08-28,Palliative Care,,14.0,,High
ONC-06170,,,,Stage I,0.65,Never,Regular,No,20.1,2024-10-13,Chemotherapy,5.0,11.0,Alive,Critical
ONC-02818,64.0,,Prostate,Stage III,1.65,,Regular,,28.7,,Palliative Care,1.0,0.0,Deceased,Medium
ONC-06096,36.0,Other,Prostate,Stage IV,4.03,Former,Regular,No,30.5,2015-08-02,Immunotherapy,2.0,36.0,Alive,High
ONC-05040,36.0,Male,Breast,,3.89,Never,Regular,Yes,26.9,2015-04-12,Radiation Therapy,8.0,29.0,Alive,Low
ONC-06870,,,Brain,Stage IV,0.28,Never,Occasional,Yes,36.2,2015-12-07,Surgery,4.0,54.0,Alive,
ONC-06929,42.0,,Lung,Stage III,0.7,Never,Regular,Yes,31.6,2020-03-13,Palliative Care,6.0,5.0,Alive,Medium
ONC-05189,49.0,Other,Colorectal,Stage I,2.1,,None,No,24.6,2020-11-17,Surgery,6.0,10.0,Deceased,Low
ONC-06920,44.0,Male,Lung,Stage IV,0.16,Never,Regular,Yes,25.6,,Combination Therapy,11.0,49.0,Alive,Critical
ONC-02899,67.0,Female,Brain,Stage I,4.21,Never,Heavy,No,32.2,2023-09-22,Immunotherapy,7.0,11.0,Alive,Medium
ONC-02104,51.0,Female,Colorectal,Stage IV,0.72,Current,Occasional,No,28.0,2016-12-21,Palliative Care,9.0,69.0,Alive,Critical
ONC-01528,87.0,Female,Brain,Stage IV,9.92,Current,None,Yes,28.6,2015-08-19,,9.0,24.0,,Critical
ONC-00341,80.0,Female,Pancreatic,Stage II,0.12,Never,,No,29.0,2015-07-27,Chemotherapy,4.0,19.0,Deceased,Low
ONC-02415,,Female,,Stage II,1.76,Never,Heavy,Yes,29.9,2021-08-22,Immunotherapy,5.0,0.0,Alive,High
ONC-04300,60.0,Other,Breast,Stage III,0.13,Current,None,No,36.6,2023-01-25,Immunotherapy,5.0,34.0,Alive,
ONC-06706,45.0,Other,Colorectal,Stage IV,3.11,Never,Regular,,25.3,2021-04-03,Chemotherapy,,0.0,Alive,Critical
ONC-06209,70.0,,Prostate,,3.37,Current,Heavy,No,20.1,2016-05-15,Palliative Care,7.0,7.0,Deceased,Low
ONC-03943,66.0,Other,Pancreatic,Stage III,3.36,,Heavy,Yes,27.1,2023-06-28,Surgery,5.0,22.0,Deceased,Medium
ONC-00421,62.0,Female,Pancreatic,Stage IV,1.97,Former,Regular,Yes,26.8,2020-07-30,Palliative Care,6.0,2.0,Alive,Medium
ONC-00762,,Other,Prostate,Stage II,1.01,Former,Heavy,No,21.9,2018-07-29,Surgery,8.0,18.0,Alive,Low
ONC-03516,64.0,Other,,Stage IV,2.03,Former,None,Yes,34.2,2020-08-18,Surgery,8.0,52.0,Alive,High
ONC-02390,50.0,Female,Lung,Stage III,1.11,Former,Regular,Yes,26.8,2018-07-11,Chemotherapy,7.0,4.0,Alive,High
ONC-06097,47.0,,Ovarian,Stage III,3.43,Never,Regular,Yes,23.9,,Immunotherapy,,5.0,Deceased,Medium
ONC-05790,47.0,Female,Brain,Stage I,1.19,,None,No,20.7,,Surgery,8.0,0.0,,Medium
ONC-00865,59.0,,Lung,Stage III,0.1,Never,Occasional,No,17.6,2024-11-06,Immunotherapy,8.0,5.0,Alive,Low
ONC-01869,34.0,Male,Pancreatic,Stage IV,2.03,Current,Heavy,Yes,28.3,2023-10-29,Chemotherapy,5.0,5.0,,Critical
ONC-02389,40.0,,Skin (Melanoma),Stage I,9.56,,Occasional,No,23.5,2017-03-30,Combination Therapy,4.0,15.0,Alive,Low
ONC-00504,57.0,Female,Lung,Stage III,10.2,Never,Regular,,28.4,2018-01-08,Immunotherapy,3.0,20.0,Deceased,Medium
ONC-03442,,Male,Ovarian,Stage II,6.84,Former,Regular,Yes,16.2,2024-10-18,Surgery,7.0,3.0,Alive,High
ONC-06585,68.0,,Liver,Stage IV,9.53,Never,None,No,25.4,,Combination Therapy,5.0,0.0,Alive,High
ONC-05178,38.0,,Breast,Stage IV,0.12,Never,Heavy,Yes,18.8,,Chemotherapy,7.0,,Alive,Critical
ONC-04092,39.0,Other,Colorectal,Stage IV,1.92,Never,Occasional,,21.6,2020-10-26,Immunotherapy,4.0,,Alive,Critical
ONC-00770,86.0,Female,Brain,Stage I,1.07,Current,None,No,21.7,2021-02-13,,10.0,0.0,Alive,Low
ONC-00885,47.0,Other,Brain,Stage IV,8.52,Current,None,No,28.3,2019-04-22,Immunotherapy,2.0,40.0,Deceased,High
ONC-07441,,Male,,Stage I,0.46,Former,,,22.5,2016-02-18,Chemotherapy,3.0,3.0,,Medium
ONC-06800,57.0,Other,Colorectal,Stage IV,1.7,Never,Occasional,Yes,19.2,2018-10-06,Chemotherapy,5.0,,Deceased,High
ONC-04304,,Male,Breast,Stage IV,3.47,Former,Regular,Yes,25.1,2022-06-09,Chemotherapy,4.0,3.0,Alive,
ONC-06686,37.0,Female,Pancreatic,Stage II,1.93,Former,Heavy,,19.2,2020-07-12,Immunotherapy,8.0,,Deceased,Medium
ONC-04296,47.0,Female,Skin (Melanoma),Stage II,1.82,Never,Occasional,No,21.3,,Surgery,,1.0,Alive,Medium
ONC-02527,73.0,Male,Colorectal,Stage IV,4.03,Current,None,,20.8,2020-10-05,Radiation Therapy,4.0,29.0,Deceased,High
ONC-05688,71.0,Other,Prostate,Stage IV,0.1,,Regular,Yes,24.6,2022-09-11,Combination Therapy,4.0,4.0,Alive,Medium
ONC-06586,69.0,Other,Breast,Stage II,2.74,Current,,No,27.3,2023-10-02,,9.0,,Alive,High
ONC-01287,53.0,Male,Ovarian,Stage II,0.8,Never,Occasional,No,21.2,2016-12-31,Radiation Therapy,5.0,18.0,Alive,Low
ONC-04680,,Other,Ovarian,,2.4,Never,Regular,Yes,24.6,2023-06-19,Surgery,6.0,,Deceased,Critical
ONC-05777,,Male,Ovarian,Stage I,5.47,Never,,Yes,28.0,2024-05-04,Combination Therapy,8.0,22.0,Alive,Low
ONC-02980,13.0,Female,,Stage III,5.86,Former,Occasional,No,39.5,,Radiation Therapy,5.0,2.0,Alive,Critical
ONC-03594,79.0,Female,Lung,Stage I,6.73,Never,Heavy,No,24.9,2015-02-02,Chemotherapy,,9.0,Alive,Medium
ONC-00711,44.0,Female,,Stage IV,4.3,Current,None,No,25.4,2019-06-17,,5.0,0.0,Deceased,High
ONC-07382,61.0,Male,Liver,Stage III,0.39,Former,Occasional,Yes,31.1,2022-03-25,Surgery,7.0,14.0,Alive,High
ONC-07447,60.0,Male,Colorectal,Stage I,2.02,,Regular,No,,2017-04-03,Surgery,4.0,10.0,Alive,High
ONC-00099,68.0,Other,Pancreatic,Stage IV,0.28,,Occasional,No,,2015-06-01,Chemotherapy,10.0,34.0,Alive,High
ONC-03530,57.0,Other,Brain,Stage III,2.03,Current,None,No,32.7,2019-09-21,Combination Therapy,4.0,25.0,Alive,High
ONC-00891,,Male,Ovarian,Stage I,0.88,Never,Occasional,,29.7,2018-10-30,Chemotherapy,,,Alive,Low
ONC-03416,63.0,Male,Breast,Stage II,5.26,Current,Occasional,No,26.7,2016-01-09,Palliative Care,2.0,11.0,Deceased,Low
ONC-03219,66.0,Other,Lung,Stage I,2.43,Former,,Yes,22.0,2015-03-08,Palliative Care,6.0,26.0,Alive,High
ONC-05617,54.0,Female,Prostate,Stage III,4.24,,,No,22.9,2016-08-20,Surgery,2.0,4.0,Alive,High
ONC-01983,53.0,,Prostate,Stage IV,1.83,Current,Regular,No,27.1,2024-01-06,Combination Therapy,7.0,7.0,Alive,Critical
ONC-03807,47.0,Other,Skin (Melanoma),Stage IV,1.31,,Occasional,Yes,24.8,2021-05-22,Radiation Therapy,5.0,5.0,Alive,Critical
ONC-05608,57.0,Other,Liver,Stage II,3.32,Never,Heavy,No,28.6,2019-08-22,Surgery,8.0,25.0,Alive,Medium
ONC-04240,41.0,Female,,Stage I,1.78,Former,Heavy,Yes,24.5,2016-10-28,Combination Therapy,5.0,6.0,Alive,Low
ONC-01040,42.0,Female,Skin (Melanoma),Stage III,2.66,Current,None,No,26.8,2015-10-05,Immunotherapy,7.0,7.0,Alive,Critical
ONC-03738,70.0,,Blood (Leukemia),Stage II,9.28,Never,None,No,22.1,2022-07-10,Palliative Care,2.0,,,Low
ONC-07384,55.0,Other,Lung,Stage II,0.73,Never,,No,28.3,2019-11-07,,4.0,23.0,Deceased,High
ONC-02596,69.0,Female,Prostate,Stage II,2.15,Former,None,No,19.4,2018-04-27,Surgery,,60.0,Alive,High
ONC-04764,73.0,,Ovarian,Stage II,0.8,Former,None,No,32.7,2015-08-27,Radiation Therapy,5.0,,Deceased,High
ONC-06487,42.0,N/A,Ovarian,Stage III,1.15,Former,Heavy,Yes,24.3,2021-01-11,,4.0,,Deceased,Critical
ONC-01063,55.0,,Prostate,Stage IV,15.81,Never,None,No,27.7,2023-02-24,Radiation Therapy,4.0,19.0,Alive,High
ONC-03334,54.0,Other,Skin (Melanoma),Stage II,1.43,Current,Occasional,No,29.5,2022-01-10,Palliative Care,5.0,30.0,Deceased,Medium
ONC-04245,42.0,N/A,Pancreatic,Stage II,,Never,Heavy,No,25.8,2015-08-18,Chemotherapy,,5.0,,High
ONC-04129,50.0,Male,,Stage III,0.1,Never,Occasional,Yes,28.1,2022-10-01,Chemotherapy,4.0,15.0,Alive,Medium
ONC-01251,62.0,Other,Lung,Stage II,4.09,Current,None,No,30.0,2024-01-05,Surgery,,19.0,Deceased,Critical
ONC-06645,61.0,Female,Breast,Stage IV,0.66,Never,Regular,No,16.9,2016-05-20,Chemotherapy,11.0,63.0,Alive,Medium
ONC-01466,76.0,Male,Blood (Leukemia),Stage I,0.41,Current,,No,26.4,2023-03-11,Chemotherapy,7.0,28.0,Deceased,Medium
ONC-05254,67.0,Male,Ovarian,Stage IV,5.8,Former,None,Yes,34.4,2017-09-04,Radiation Therapy,5.0,2.0,Deceased,Critical
ONC-04905,70.0,Female,Pancreatic,Stage II,10.18,Never,,No,21.3,2023-05-10,Radiation Therapy,8.0,14.0,Alive,Medium
ONC-01992,46.0,,Lung,Stage III,4.85,Never,Regular,No,25.2,2022-04-15,Chemotherapy,8.0,27.0,Alive,Low
ONC-06734,,,Liver,Stage IV,2.03,Never,,Yes,27.2,2018-02-23,Palliative Care,4.0,13.0,,Critical
ONC-06273,65.0,Other,Prostate,Stage I,4.86,Former,,No,,,Palliative Care,4.0,7.0,Alive,Medium
ONC-01399,45.0,Other,Liver,Stage III,1.68,NA,,Yes,40.8,2017-01-14,,3.0,22.0,Alive,High
ONC-00671,59.0,Other,Prostate,Stage IV,3.94,Never,,Yes,20.8,2023-11-15,Palliative Care,7.0,9.0,Alive,High
ONC-01263,47.0,,Brain,Stage II,1.68,Never,Regular,Yes,27.5,2021-10-13,Combination Therapy,3.0,26.0,Alive,Medium
ONC-06898,54.0,Other,Skin (Melanoma),Stage I,1.92,Former,Occasional,Yes,29.2,2017-04-11,Combination Therapy,9.0,1.0,Alive,Low
ONC-02762,51.0,Female,Pancreatic,Stage I,2.07,Former,Regular,Yes,25.6,2023-02-26,Immunotherapy,,3.0,Alive,Low
ONC-01072,54.0,Female,Skin (Melanoma),Stage IV,2.24,Former,None,No,24.5,2016-03-31,Chemotherapy,5.0,62.0,Alive,High
ONC-04045,57.0,Other,,Stage I,2.73,Current,Occasional,Yes,23.9,,Palliative Care,10.0,5.0,Alive,
ONC-06728,50.0,Other,Pancreatic,Stage I,7.31,Current,,No,23.7,2022-09-09,Radiation Therapy,2.0,1.0,Alive,Low
ONC-02023,68.0,,Breast,Stage III,2.66,Former,Heavy,,12.0,2022-09-05,Chemotherapy,6.0,30.0,Alive,Medium
ONC-01197,,Other,Pancreatic,Stage III,2.23,Never,None,No,,2019-10-18,Palliative Care,5.0,,Alive,Medium
ONC-00417,,Male,Lung,Stage III,1.61,Current,Occasional,No,,2020-10-27,Combination Therapy,6.0,7.0,Alive,High
ONC-05553,38.0,Other,Prostate,Stage III,0.97,Current,Heavy,No,27.0,,Radiation Therapy,6.0,3.0,Deceased,Medium
ONC-05450,63.0,Female,Skin (Melanoma),Stage I,0.23,Never,Heavy,,23.7,2018-10-09,Radiation Therapy,7.0,,Alive,Low
ONC-04995,,Male,Brain,Stage II,6.0,Never,Regular,No,29.3,2024-06-08,Combination Therapy,6.0,7.0,Alive,High
ONC-06183,45.0,Female,Brain,,0.28,Former,Heavy,,23.1,2024-11-24,Radiation Therapy,4.0,11.0,Deceased,Low
ONC-00849,48.0,Female,Pancreatic,Stage III,0.16,Current,,Yes,28.5,2020-08-29,,8.0,19.0,Alive,
ONC-07055,60.0,,Brain,Stage IV,6.14,Former,Occasional,No,28.1,2021-12-11,Radiation Therapy,6.0,26.0,Deceased,Critical
ONC-06906,62.0,Male,Brain,Stage I,9.76,Former,Occasional,No,19.4,2022-10-12,Combination Therapy,8.0,10.0,Alive,High
ONC-05667,40.0,Male,Pancreatic,Stage III,2.93,Former,Heavy,Yes,26.7,2015-07-13,Palliative Care,7.0,17.0,Alive,Medium
ONC-06905,54.0,Other,Breast,Stage III,1.49,Former,Heavy,Yes,20.5,2021-07-19,Radiation Therapy,9.0,1.0,Alive,Critical
ONC-05146,57.0,Female,Blood (Leukemia),Stage IV,5.94,Current,,Yes,19.9,,Radiation Therapy,3.0,5.0,Deceased,High
ONC-03452,88.0,Female,Brain,Stage IV,,Former,Heavy,Yes,26.8,2017-01-30,Immunotherapy,3.0,26.0,Alive,Critical
ONC-04573,48.0,Male,Colorectal,Stage III,1.87,Former,Heavy,Yes,22.8,2020-03-25,Surgery,8.0,,Deceased,High
ONC-01012,80.0,Male,Colorectal,Stage III,0.41,Former,Heavy,No,28.1,2024-06-24,Surgery,6.0,32.0,Alive,
ONC-04732,69.0,Other,Colorectal,Stage IV,2.0,Never,,,22.6,2024-01-05,Chemotherapy,5.0,7.0,Deceased,Critical
ONC-02644,57.0,Other,Lung,Stage III,17.18,Former,Regular,Yes,29.4,2022-01-12,Immunotherapy,3.0,13.0,,High
ONC-05255,,Male,Lung,Stage II,9.37,Current,Regular,No,32.3,2018-01-24,Surgery,,7.0,Alive,
ONC-04674,61.0,Female,Prostate,Stage I,0.7,,Occasional,No,33.9,2015-09-13,,10.0,5.0,Deceased,Medium
ONC-07413,55.0,Other,Blood (Leukemia),Stage IV,0.68,Former,Occasional,,22.3,2022-08-24,Radiation Therapy,4.0,17.0,Alive,Medium
ONC-04745,59.0,Other,Skin (Melanoma),,0.2,Current,Regular,No,25.4,2018-10-18,Chemotherapy,8.0,0.0,Deceased,Medium
ONC-07120,64.0,Other,Skin (Melanoma),,0.36,Former,Heavy,Yes,,2017-06-06,Immunotherapy,5.0,58.0,Alive,Low
ONC-01237,,Female,Prostate,Stage II,1.62,Current,Occasional,No,25.1,2023-12-04,Radiation Therapy,7.0,18.0,Alive,High
ONC-03723,,Male,Liver,Stage III,0.1,Former,Heavy,Yes,24.5,2023-08-06,Palliative Care,7.0,6.0,Deceased,Medium
ONC-02412,53.0,Male,Colorectal,,2.81,Never,,No,22.7,2015-10-03,Surgery,10.0,79.0,Alive,Low
ONC-01704,85.0,Male,Colorectal,Stage I,20.0,Never,Regular,Yes,,2022-06-15,Radiation Therapy,5.0,7.0,Alive,Low
ONC-04326,63.0,Other,Ovarian,Stage IV,5.22,Current,None,Yes,31.7,2016-03-08,Chemotherapy,5.0,11.0,Deceased,Critical
ONC-00899,,Male,Ovarian,Stage IV,0.1,Never,Occasional,,30.7,2023-11-30,Chemotherapy,,39.0,Alive,Critical
ONC-07186,,Male,Prostate,Stage II,2.43,Former,Occasional,No,26.0,2015-12-09,,5.0,0.0,Alive,Medium
ONC-04663,48.0,Other,Brain,Stage IV,3.88,Never,None,No,29.8,2017-10-27,Surgery,6.0,22.0,Deceased,High
ONC-05424,53.0,Other,Pancreatic,,7.84,Never,None,No,24.1,2019-06-25,Radiation Therapy,12.0,0.0,Deceased,Low
ONC-03447,,Female,,Stage II,0.26,,Regular,Yes,,,Radiation Therapy,8.0,0.0,Alive,Critical
ONC-00201,48.0,Male,Pancreatic,Stage III,0.53,Former,Occasional,No,25.8,2023-02-27,Radiation Therapy,6.0,5.0,Deceased,High
ONC-01728,68.0,Other,Ovarian,Stage II,14.15,,,Yes,37.9,2018-01-18,Palliative Care,3.0,24.0,Alive,Low
ONC-05923,60.0,Female,Breast,Stage IV,2.84,Current,Regular,Yes,24.5,2024-09-25,Radiation Therapy,4.0,30.0,Alive,Critical
ONC-06692,65.0,Female,Ovarian,Stage IV,4.52,Current,None,Yes,30.9,,Chemotherapy,7.0,68.0,Alive,Critical
ONC-06013,44.0,Other,Lung,Stage II,4.87,Current,Regular,Yes,27.5,2019-01-07,Combination Therapy,7.0,9.0,Alive,Medium
ONC-01843,51.0,Other,Colorectal,Stage II,0.62,Current,Regular,No,23.6,2024-04-23,Chemotherapy,1.0,27.0,Deceased,Medium
ONC-04980,,Female,Ovarian,Stage I,,Current,None,Yes,21.3,2021-04-12,Palliative Care,10.0,12.0,Alive,Low
ONC-00735,,Female,Lung,Stage II,1.44,Former,Occasional,Yes,23.5,2019-07-28,,3.0,,Deceased,High
ONC-05706,44.0,,,Stage III,7.03,Never,Regular,,31.3,2020-05-09,Palliative Care,8.0,1.0,Alive,Low
ONC-02740,45.0,Female,Brain,Stage I,1.94,,Regular,No,24.3,2020-07-12,Radiation Therapy,10.0,,Alive,
ONC-01207,66.0,,Blood (Leukemia),Stage III,5.69,Never,Occasional,Yes,29.3,2016-01-12,Combination Therapy,6.0,38.0,Alive,Medium
ONC-01696,60.0,Other,Skin (Melanoma),Stage II,12.21,Former,Heavy,,26.7,2019-10-13,Chemotherapy,7.0,22.0,Deceased,Medium
ONC-02320,51.0,Female,Prostate,Stage II,2.29,Never,Heavy,No,25.0,2023-04-20,,7.0,,Alive,Low
ONC-03666,63.0,Male,Prostate,Stage IV,1.92,,Heavy,No,27.0,2017-04-23,Chemotherapy,6.0,6.0,Deceased,High
ONC-03278,53.0,Male,Liver,Stage I,0.95,,Occasional,Yes,17.1,2015-03-27,Immunotherapy,,,,Medium
ONC-03065,52.0,Other,Skin (Melanoma),Stage I,8.69,Never,Regular,No,32.6,,Palliative Care,5.0,0.0,Alive,Low
ONC-00600,44.0,Other,Ovarian,Stage I,9.39,Current,Regular,No,34.4,2021-10-29,Radiation Therapy,6.0,1.0,Alive,Low
ONC-05404,44.0,Male,Brain,Stage II,0.32,Current,Regular,Yes,29.7,2021-03-10,Immunotherapy,10.0,41.0,Alive,High
ONC-03352,64.0,Male,Ovarian,Stage III,3.49,Never,Occasional,No,26.2,2019-08-07,Chemotherapy,7.0,10.0,Alive,Critical
ONC-04584,53.0,Male,Colorectal,Stage I,0.92,Never,Occasional,No,32.0,2024-09-09,,8.0,15.0,Alive,High
ONC-03545,48.0,Female,,Stage II,0.19,Never,Occasional,,,2023-04-02,Immunotherapy,11.0,46.0,Alive,Medium
ONC-03512,52.0,Male,Brain,Stage I,0.16,Former,None,No,19.0,2023-01-01,Palliative Care,7.0,7.0,Deceased,Low
ONC-00401,85.0,Other,Skin (Melanoma),Stage IV,2.52,Current,Regular,No,18.6,2024-12-16,Palliative Care,2.0,6.0,Deceased,Critical
ONC-04005,38.0,Male,Colorectal,Stage III,1.98,Never,None,Yes,20.5,2022-06-19,Immunotherapy,5.0,21.0,Alive,Medium
ONC-06121,84.0,Other,Colorectal,Stage III,4.66,Never,None,Yes,26.5,,Surgery,4.0,49.0,Alive,High
ONC-01777,41.0,Female,Blood (Leukemia),Stage II,,,None,Yes,26.3,2023-05-31,Combination Therapy,5.0,1.0,Deceased,Low
ONC-06995,45.0,Male,Brain,Stage IV,2.53,Current,Regular,Yes,33.1,2020-02-11,Surgery,5.0,9.0,Deceased,High
ONC-00515,47.0,-,Pancreatic,Stage IV,,Never,Occasional,,22.7,2023-05-05,Palliative Care,8.0,6.0,Deceased,High
ONC-06188,73.0,Other,Breast,,2.01,Former,Regular,,28.1,2016-11-27,Palliative Care,9.0,39.0,Deceased,Low
ONC-05219,53.0,,Ovarian,Stage IV,2.19,Never,Regular,Yes,26.1,2019-05-22,Immunotherapy,6.0,1.0,Deceased,High
ONC-04597,66.0,Male,Prostate,Stage III,2.35,Current,Occasional,Yes,28.3,2020-09-13,Surgery,5.0,12.0,Deceased,High
ONC-04303,46.0,Female,Liver,Stage I,0.1,Former,Occasional,Yes,,2022-08-25,Chemotherapy,8.0,9.0,Alive,Medium
ONC-05781,53.0,Other,Liver,Stage I,0.3,Current,Regular,No,31.6,2018-08-28,,,28.0,Alive,Low
ONC-02545,72.0,Other,Brain,Stage III,0.37,Never,Heavy,No,,2021-05-17,Immunotherapy,4.0,10.0,Alive,Medium
ONC-04938,45.0,Male,Prostate,Stage I,0.5,Former,Occasional,No,23.0,,Immunotherapy,7.0,68.0,Alive,Critical
ONC-05307,59.0,Female,Colorectal,Stage IV,0.79,Former,Regular,Yes,25.1,,Surgery,,0.0,Deceased,Low
ONC-06512,49.0,Other,Breast,Stage IV,0.23,Current,Regular,Yes,25.7,2023-12-16,Combination Therapy,,2.0,Alive,Critical
ONC-00815,,,Liver,Stage I,1.7,Current,Heavy,No,24.9,2020-04-15,Surgery,6.0,24.0,Deceased,Low
ONC-06953,64.0,Male,Lung,Stage IV,2.88,,,,27.4,2015-10-28,Radiation Therapy,3.0,8.0,Deceased,Critical
ONC-06099,50.0,Other,Ovarian,Stage I,3.98,,Occasional,No,29.5,2018-09-28,,10.0,21.0,Alive,Critical
ONC-02207,,Female,Colorectal,Stage III,4.99,Current,None,No,25.1,2018-08-25,Palliative Care,5.0,14.0,Deceased,Critical
ONC-02753,,Male,Ovarian,Stage II,2.61,Never,Regular,Yes,20.0,2024-04-15,Chemotherapy,,16.0,Alive,Medium
ONC-00892,59.0,Other,Pancreatic,Stage III,13.95,Former,Regular,No,27.6,2018-09-08,Chemotherapy,5.0,,Alive,Critical
ONC-05868,46.0,Female,Pancreatic,Stage II,2.09,Current,Regular,No,27.4,2023-05-27,Chemotherapy,7.0,12.0,,High
ONC-01506,42.0,Other,Ovarian,Stage II,2.47,Never,Occasional,No,22.4,2020-03-12,Combination Therapy,4.0,16.0,Deceased,Low
ONC-06785,54.0,Female,Brain,Stage II,1.11,Never,,No,26.7,,Chemotherapy,7.0,26.0,Alive,
ONC-05974,70.0,Other,Ovarian,Stage I,4.87,Current,Heavy,No,28.2,2020-10-16,Combination Therapy,3.0,,Deceased,Low
ONC-04821,35.0,Female,Pancreatic,Stage IV,1.21,Never,Regular,No,19.0,2024-07-14,Palliative Care,10.0,1.0,Alive,Critical
ONC-04234,71.0,Other,Blood (Leukemia),Stage IV,13.09,,,No,27.7,2020-03-27,-,8.0,8.0,Alive,High
ONC-01036,63.0,Male,Skin (Melanoma),Stage I,0.19,Current,Occasional,No,,2019-01-16,Palliative Care,,0.0,Deceased,Low
ONC-04942,58.0,Female,Liver,Stage III,10.75,Former,Occasional,Yes,31.1,,,2.0,6.0,Deceased,High
ONC-00220,57.0,Other,Skin (Melanoma),Stage I,6.97,Current,None,No,28.0,2018-03-11,Immunotherapy,6.0,15.0,Deceased,Low
ONC-02266,50.0,,Brain,Stage I,5.96,Current,None,Yes,26.9,2015-06-24,Radiation Therapy,6.0,15.0,Alive,Medium
ONC-06017,54.0,Male,Breast,Stage I,6.53,Current,Regular,No,,2020-11-18,Chemotherapy,5.0,28.0,Deceased,Low
ONC-03549,37.0,,Skin (Melanoma),Stage III,3.93,Current,Occasional,No,28.6,2020-10-06,Radiation Therapy,3.0,34.0,Alive,Critical
ONC-05681,63.0,,Brain,Stage IV,5.08,Never,,No,22.5,2023-07-24,Radiation Therapy,5.0,39.0,Alive,
ONC-04628,,Male,Lung,Stage II,1.28,Never,None,No,28.6,2021-10-04,Immunotherapy,3.0,28.0,Deceased,Low
ONC-05298,71.0,Female,Liver,Stage III,3.71,Current,,Yes,24.1,2015-05-05,Palliative Care,4.0,4.0,Alive,Critical
ONC-07115,60.0,Male,Ovarian,Stage IV,2.46,Former,Regular,No,29.3,2017-08-03,Immunotherapy,6.0,1.0,Alive,
ONC-05081,73.0,Male,Colorectal,Stage I,0.15,Current,Heavy,No,39.5,,Immunotherapy,13.0,21.0,Alive,Medium
ONC-04145,43.0,Male,Breast,Stage II,3.0,Never,Regular,Yes,21.9,2023-05-16,Immunotherapy,5.0,1.0,Alive,Low
ONC-00134,54.0,Female,Pancreatic,Stage II,9.16,Current,Regular,,28.0,2023-07-21,Radiation Therapy,5.0,1.0,Alive,High
ONC-05707,66.0,Male,Pancreatic,Stage II,1.83,,Occasional,Yes,25.7,2022-06-14,Surgery,6.0,2.0,Alive,Medium
ONC-07033,,Female,Liver,Stage II,1.96,Current,Occasional,No,24.1,2018-03-22,,9.0,50.0,Alive,Low
ONC-03644,61.0,,Skin (Melanoma),Stage III,1.38,Former,Regular,No,29.3,2021-12-08,Chemotherapy,3.0,25.0,Deceased,Medium
ONC-02322,76.0,Male,Skin (Melanoma),Stage IV,0.18,Never,Regular,Yes,27.6,2017-10-17,Immunotherapy,7.0,16.0,Alive,High
ONC-02787,54.0,,Pancreatic,Stage II,5.02,Former,None,No,24.0,2015-04-10,Chemotherapy,7.0,12.0,Alive,Medium
ONC-07308,,,Blood (Leukemia),Stage I,0.23,Former,None,No,24.5,2021-07-25,Radiation Therapy,10.0,29.0,Alive,Medium
ONC-00822,51.0,Male,Skin (Melanoma),Stage I,4.61,Never,Occasional,Yes,23.0,2021-10-17,Immunotherapy,6.0,3.0,Alive,
ONC-03889,52.0,Other,Lung,Stage II,1.48,Current,Occasional,Yes,24.8,2023-10-17,,5.0,18.0,Alive,
ONC-06918,56.0,Male,Liver,Stage III,3.76,Current,Heavy,No,19.7,2016-07-22,Immunotherapy,2.0,,Alive,Critical
ONC-04064,80.0,,,Stage II,1.17,Current,None,Yes,25.7,2016-05-24,,4.0,,Deceased,Medium
ONC-01510,38.0,Male,Prostate,Stage IV,4.44,,Heavy,No,29.0,2020-04-03,Chemotherapy,11.0,14.0,Deceased,Critical
ONC-01415,46.0,Female,Breast,,2.73,Never,Occasional,,22.9,2015-07-10,Combination Therapy,,16.0,Alive,Low
ONC-00517,,Male,,Stage I,0.93,,Heavy,No,23.9,2017-07-28,Chemotherapy,6.0,30.0,Deceased,Low
ONC-04359,58.0,Female,Pancreatic,Stage III,4.89,Current,,Yes,26.5,,Combination Therapy,5.0,2.0,Alive,High
ONC-06149,70.0,Other,Prostate,Stage III,,Current,Occasional,No,22.9,2023-11-06,Combination Therapy,4.0,18.0,Alive,
ONC-04652,72.0,Unknown,Blood (Leukemia),Stage III,11.5,Former,Occasional,No,20.9,2020-04-18,Radiation Therapy,7.0,52.0,Alive,Critical
ONC-03672,37.0,Female,Skin (Melanoma),Stage III,0.14,Former,Regular,No,21.9,2022-12-01,Immunotherapy,9.0,5.0,Alive,Medium
ONC-02049,49.0,,Lung,Stage I,7.67,Current,None,No,22.3,2024-05-29,Palliative Care,4.0,7.0,Alive,Low
ONC-05264,75.0,Female,Lung,Stage III,1.81,Never,None,No,22.5,2022-07-06,,10.0,8.0,Deceased,Critical
ONC-04544,65.0,Other,Brain,Stage I,7.48,Current,None,No,32.2,2020-08-19,Chemotherapy,4.0,31.0,Alive,Low
ONC-04594,69.0,Male,Liver,Stage II,5.59,Current,None,Yes,27.4,2023-09-18,Chemotherapy,2.0,11.0,Deceased,High
ONC-07263,65.0,Female,Skin (Melanoma),,1.81,Current,None,Yes,34.7,2018-09-25,Palliative Care,9.0,,Alive,Medium
ONC-06519,88.0,Male,Colorectal,Stage I,2.15,,Heavy,Yes,15.3,2021-09-12,Surgery,6.0,1.0,Alive,Low
ONC-00601,52.0,,Brain,Stage III,2.09,Current,Heavy,No,19.5,2020-07-10,Chemotherapy,5.0,16.0,Deceased,Critical
ONC-02750,73.0,Other,Pancreatic,Stage III,5.45,Never,Heavy,Yes,30.6,,Immunotherapy,5.0,3.0,Alive,Critical
ONC-06277,57.0,Female,Pancreatic,Stage III,4.57,Current,Regular,Yes,26.0,2018-09-13,Radiation Therapy,6.0,24.0,Alive,High
ONC-03256,40.0,Female,Colorectal,Stage IV,2.84,Current,Occasional,Yes,23.8,2024-02-24,Surgery,7.0,,Alive,High
ONC-00218,,Other,Colorectal,Stage III,3.39,,None,Yes,35.8,2020-12-31,,4.0,4.0,,Medium
ONC-04666,52.0,Other,,Stage IV,0.81,Current,Heavy,,21.6,2020-05-29,Surgery,5.0,,Alive,High
ONC-02840,45.0,Other,Colorectal,Stage I,2.46,Never,Heavy,No,33.1,2019-10-06,Surgery,4.0,32.0,Alive,High
ONC-04477,73.0,Male,,Stage III,1.09,Current,Regular,No,25.0,2021-10-22,Combination Therapy,9.0,,Alive,High
ONC-03236,,Other,Skin (Melanoma),Stage II,1.27,Former,Occasional,Yes,25.9,,,8.0,10.0,Alive,
ONC-06220,42.0,Female,Ovarian,Stage I,3.36,Current,Heavy,No,24.7,2020-03-10,Immunotherapy,7.0,,,Low
ONC-06492,63.0,,Pancreatic,Stage III,3.98,,,Yes,20.5,2021-05-18,Immunotherapy,5.0,1.0,Alive,Critical
ONC-03840,44.0,,Liver,Stage II,3.6,Former,Heavy,No,24.4,2016-05-28,Surgery,5.0,19.0,Alive,High
ONC-06192,48.0,Male,Liver,Stage III,2.4,,,No,25.2,2019-02-19,Surgery,3.0,45.0,Deceased,High
ONC-04610,65.0,Female,Lung,Stage III,3.41,Former,None,Yes,22.4,2019-02-04,Palliative Care,4.0,6.0,Alive,Low
ONC-04693,74.0,Other,Skin (Melanoma),Stage I,3.8,Never,Heavy,No,35.7,2022-02-01,Surgery,9.0,19.0,Deceased,Low
ONC-03037,55.0,Other,Brain,Stage III,4.47,Former,Occasional,Yes,34.3,2016-01-20,Immunotherapy,5.0,29.0,Alive,High
ONC-00855,68.0,Female,Breast,Stage III,5.34,Never,Regular,No,21.2,2017-11-19,Surgery,6.0,10.0,Alive,High
ONC-00488,47.0,Female,Brain,Stage I,2.0,Current,Regular,Yes,27.1,2023-09-04,,,6.0,Alive,Medium
ONC-05725,65.0,Female,Lung,Stage IV,2.57,Current,Regular,,18.1,2022-03-13,Combination Therapy,7.0,3.0,Alive,Critical
ONC-03509,,Other,Brain,Stage I,0.18,Former,Heavy,Yes,29.3,2016-08-30,,4.0,,Alive,Medium
ONC-06406,60.0,Male,Pancreatic,Stage IV,11.02,Never,Regular,No,25.9,2017-05-23,Combination Therapy,8.0,19.0,Alive,Medium
ONC-00593,76.0,,Pancreatic,Stage IV,2.97,Current,Heavy,Yes,25.1,2017-06-07,Combination Therapy,3.0,120.0,Alive,Critical
ONC-07461,84.0,Male,Liver,Stage IV,6.39,Never,Heavy,No,15.4,2018-04-10,Palliative Care,7.0,4.0,Alive,Critical
ONC-01609,54.0,Male,Breast,Stage III,0.89,Never,Regular,Yes,27.3,2018-05-27,,5.0,,Alive,Low
ONC-06709,48.0,Female,Liver,Stage I,1.82,Former,Heavy,Yes,32.1,2019-08-03,,6.0,36.0,Alive,Low
ONC-07276,81.0,Male,Liver,Stage IV,8.43,Former,None,No,30.4,2015-07-12,Surgery,11.0,22.0,Deceased,Medium
ONC-01735,61.0,Other,Liver,,1.12,,Occasional,Yes,,2023-04-11,Chemotherapy,,17.0,Alive,Low
ONC-00100,70.0,,,Stage III,4.18,Never,Heavy,,28.5,2023-02-07,Chemotherapy,5.0,20.0,Alive,Critical
ONC-04621,75.0,Other,Liver,Stage III,3.16,Former,Occasional,No,20.8,2021-10-23,Chemotherapy,7.0,15.0,Alive,Low
ONC-07401,70.0,Male,Breast,Stage IV,2.91,Current,Heavy,Yes,27.9,2015-10-16,Combination Therapy,3.0,9.0,Alive,High
ONC-02133,50.0,Female,Colorectal,Stage IV,6.66,Current,None,No,16.5,,Radiation Therapy,6.0,27.0,Alive,Critical
ONC-02075,72.0,Male,Liver,Stage IV,0.86,Former,,No,27.1,2016-09-18,Surgery,,3.0,Alive,High
ONC-05613,70.0,Other,Liver,Stage II,5.9,Never,Regular,Yes,29.3,2024-06-22,Palliative Care,,39.0,Alive,
ONC-00414,41.0,Other,Pancreatic,Stage III,6.34,Former,Heavy,Yes,24.0,2016-04-08,Chemotherapy,8.0,14.0,Alive,Critical
ONC-00358,70.0,Male,,Stage III,0.31,Current,None,Yes,24.2,2019-04-30,,5.0,4.0,Deceased,Medium
ONC-07082,,Other,Lung,Stage I,0.69,Never,Occasional,Yes,,2020-09-09,Immunotherapy,5.0,2.0,Alive,Low
ONC-05070,69.0,,Prostate,Stage III,0.35,Former,Regular,Yes,25.7,2019-08-16,Combination Therapy,6.0,4.0,Alive,High
ONC-03366,35.0,Female,Skin (Melanoma),Stage III,0.66,Never,Heavy,No,20.2,2022-10-17,Radiation Therapy,7.0,7.0,Alive,Medium
ONC-04069,56.0,Male,Prostate,Stage IV,0.36,Former,Occasional,Yes,28.2,,Combination Therapy,6.0,2.0,Deceased,High
ONC-06011,,Other,Ovarian,Stage III,0.39,,Regular,No,20.7,2020-01-04,,13.0,3.0,Alive,High
ONC-03315,72.0,,Skin (Melanoma),Stage IV,2.53,Former,Occasional,No,26.8,2015-07-11,Surgery,3.0,4.0,Alive,Critical
ONC-03237,58.0,Male,Lung,Stage III,1.84,Never,None,Yes,32.6,2022-10-19,Chemotherapy,3.0,48.0,Alive,Medium
ONC-03131,75.0,,Blood (Leukemia),Stage IV,2.06,Never,None,No,24.4,2023-07-12,,7.0,3.0,Alive,Critical
ONC-00254,58.0,Male,Colorectal,Stage I,0.87,Never,Heavy,No,,2015-09-05,Combination Therapy,3.0,0.0,Alive,Medium
ONC-00016,59.0,Male,Blood (Leukemia),Stage III,3.96,Current,None,Yes,,,Immunotherapy,,0.0,Deceased,Medium
ONC-01962,27.0,Female,Prostate,Stage IV,2.36,Never,None,No,32.7,2022-02-04,Radiation Therapy,7.0,7.0,Alive,High
ONC-00204,59.0,,Blood (Leukemia),Stage III,7.26,Current,Heavy,Yes,15.2,,Surgery,6.0,12.0,Alive,High
ONC-00037,47.0,Other,Prostate,Stage I,2.79,Current,,No,26.0,2016-06-06,,5.0,,Alive,Medium
ONC-03405,24.0,Female,Ovarian,,1.68,Current,Occasional,No,22.0,2023-01-23,Palliative Care,9.0,19.0,Alive,High
ONC-00436,,Male,Skin (Melanoma),Stage II,7.55,Former,Heavy,Yes,,2021-11-28,Palliative Care,5.0,,,
ONC-00590,56.0,Female,Ovarian,Stage II,0.92,Never,Occasional,No,21.7,2021-05-05,Palliative Care,,,Deceased,Medium
ONC-01966,78.0,,Ovarian,Stage III,3.02,Current,Heavy,Yes,17.2,2015-01-26,Combination Therapy,5.0,14.0,Alive,High
ONC-03123,28.0,Female,Blood (Leukemia),Stage I,0.15,Former,Unknown,Yes,27.1,2023-08-27,,12.0,10.0,Deceased,Low
ONC-00271,80.0,Male,Lung,,4.27,Current,Heavy,Yes,22.9,2020-02-19,Surgery,5.0,9.0,Alive,Medium
ONC-05655,75.0,Female,Brain,Stage IV,8.48,Former,Regular,No,30.8,2019-03-03,,4.0,18.0,Alive,
ONC-02707,36.0,Male,,Stage I,6.37,Former,Occasional,,26.6,2016-09-08,Combination Therapy,10.0,120.0,Alive,Medium
ONC-04576,,Female,,Stage II,7.41,Current,Regular,Yes,24.0,2018-05-07,Immunotherapy,4.0,35.0,Alive,High
ONC-05794,58.0,Female,Ovarian,Stage II,0.38,Former,Occasional,Yes,25.4,2020-07-03,Combination Therapy,4.0,35.0,Deceased,Low
ONC-05094,32.0,,Blood (Leukemia),Stage III,,Current,,Yes,30.5,2017-09-09,Radiation Therapy,6.0,11.0,Alive,High
ONC-00013,52.0,Other,,Stage IV,1.44,Never,None,No,24.6,2023-08-15,Palliative Care,8.0,51.0,Alive,Critical
ONC-06629,74.0,,Lung,Stage II,11.74,Former,,No,24.9,,Palliative Care,4.0,8.0,Alive,Medium
ONC-01449,75.0,Female,Prostate,Stage IV,2.67,Former,Occasional,No,19.0,2024-04-17,Radiation Therapy,1.0,30.0,Alive,Critical
ONC-03804,30.0,Female,Skin (Melanoma),,8.84,Current,,Yes,31.5,2024-08-03,Chemotherapy,8.0,,Alive,Low
ONC-05461,62.0,Male,Lung,Stage III,3.13,Former,Regular,No,27.5,2023-02-06,Surgery,3.0,2.0,Alive,Medium
ONC-01023,66.0,Female,Prostate,Stage III,20.0,Current,,Yes,26.6,2016-07-26,Radiation Therapy,10.0,8.0,Deceased,Medium
ONC-07375,44.0,Other,,Stage I,11.27,Never,Occasional,Yes,21.6,2015-02-09,Immunotherapy,5.0,3.0,Deceased,Low
ONC-01531,65.0,Other,Skin (Melanoma),,11.28,Never,None,Yes,21.8,2017-03-20,Radiation Therapy,12.0,18.0,Alive,Low
ONC-00541,71.0,,Ovarian,Stage IV,0.51,Former,Occasional,No,30.7,2018-08-14,Immunotherapy,4.0,32.0,Alive,High
ONC-03263,43.0,Other,Colorectal,Stage III,2.3,Never,Regular,No,29.0,,Palliative Care,3.0,4.0,Alive,High
ONC-04212,60.0,Female,Blood (Leukemia),Stage IV,5.55,Former,Heavy,No,25.8,2017-11-25,Palliative Care,,24.0,Alive,Medium
ONC-04884,63.0,Male,Breast,,3.1,Former,Regular,No,27.0,2020-04-11,Chemotherapy,3.0,17.0,Deceased,Medium
ONC-06397,68.0,,Lung,Stage I,0.15,Never,Heavy,,30.3,2022-01-30,Immunotherapy,4.0,50.0,Alive,Low
ONC-03580,62.0,Male,Brain,,2.58,,Regular,No,39.7,2021-07-06,Palliative Care,5.0,14.0,Deceased,Low
ONC-01866,,Male,Lung,Stage II,2.3,,None,Yes,17.7,2017-02-18,Surgery,4.0,3.0,Alive,High
ONC-06454,59.0,Female,,Stage I,2.57,Never,Occasional,Yes,19.9,2022-06-03,Radiation Therapy,4.0,16.0,Alive,Low
ONC-05487,72.0,Other,Lung,Stage I,0.11,Former,Occasional,Yes,21.0,,Combination Therapy,10.0,19.0,,Low
ONC-06575,64.0,Female,Breast,Stage II,3.6,Former,Regular,No,26.8,2017-02-21,Radiation Therapy,10.0,13.0,Alive,High
ONC-04084,62.0,Other,Pancreatic,,1.38,Former,Regular,Yes,26.1,2021-07-30,Combination Therapy,6.0,6.0,Deceased,High
ONC-01496,54.0,Other,Ovarian,Stage I,2.75,Never,Regular,No,23.6,2015-04-14,,6.0,5.0,Alive,Low
ONC-05218,49.0,Other,Brain,,0.15,Former,Heavy,No,29.7,2017-06-05,Immunotherapy,8.0,10.0,Alive,Medium
ONC-07355,57.0,Other,Prostate,Stage IV,0.71,,Regular,Yes,24.3,,Palliative Care,7.0,,Alive,High
ONC-04609,,,Brain,Stage IV,14.88,Former,Regular,No,24.8,2020-05-09,Immunotherapy,4.0,42.0,Deceased,High
ONC-06191,81.0,Male,Skin (Melanoma),Stage III,4.42,Never,Regular,No,24.8,2021-08-10,Combination Therapy,6.0,12.0,Alive,Medium
ONC-06809,38.0,Other,Lung,Stage II,3.01,Never,Regular,Yes,29.1,2023-06-08,Surgery,4.0,,Alive,Medium
ONC-02708,54.0,Female,Liver,Stage IV,0.85,,None,Yes,31.6,2024-10-28,Combination Therapy,4.0,14.0,Alive,
ONC-02528,56.0,Female,Ovarian,Stage IV,11.11,Current,None,No,22.6,2020-12-27,Combination Therapy,5.0,39.0,Alive,Critical
ONC-07434,82.0,Other,Liver,Stage II,2.59,Never,None,Yes,25.1,2024-06-18,Chemotherapy,,0.0,Deceased,High
ONC-05686,40.0,Female,Brain,Stage II,7.13,Never,None,Yes,19.9,2020-03-21,Palliative Care,5.0,1.0,Alive,Low
ONC-00288,,Other,Blood (Leukemia),Stage III,2.53,Never,Regular,Yes,30.6,,Chemotherapy,1.0,3.0,Alive,
ONC-05361,72.0,Other,Skin (Melanoma),Stage III,7.75,Current,Regular,No,32.3,2023-04-23,Combination Therapy,5.0,5.0,Deceased,High
ONC-01388,81.0,Other,Liver,Stage IV,,Current,Occasional,Yes,29.2,2021-12-04,,5.0,2.0,Alive,High
ONC-06427,55.0,Female,Brain,Stage I,7.89,Current,Heavy,Yes,28.2,2015-12-20,Radiation Therapy,11.0,29.0,Alive,Low
ONC-07474,49.0,Other,Blood (Leukemia),Stage III,6.21,Never,Heavy,No,28.3,2020-01-18,,4.0,29.0,Alive,Medium
ONC-02202,,Female,Brain,Stage I,0.34,Current,Heavy,Yes,25.2,2024-03-23,Immunotherapy,7.0,,Deceased,Low
ONC-06349,68.0,Female,Ovarian,Stage III,0.94,,Occasional,No,20.6,2015-08-12,Surgery,6.0,35.0,,High
ONC-06753,,Other,Prostate,Stage II,7.53,Former,Heavy,No,32.4,2024-03-09,Combination Therapy,8.0,23.0,Alive,Low
ONC-03149,51.0,Other,,Stage III,3.82,Former,Regular,No,24.2,,Radiation Therapy,6.0,9.0,Alive,High
ONC-04192,47.0,Female,Lung,Stage I,5.6,Never,None,Yes,16.0,2021-08-12,Chemotherapy,6.0,46.0,Alive,Medium
ONC-06275,74.0,Other,,Stage II,0.95,Current,Occasional,No,26.3,2024-08-06,Immunotherapy,3.0,42.0,Deceased,Low
ONC-04175,54.0,Male,Ovarian,Stage II,0.95,Never,None,No,22.5,2016-05-09,Radiation Therapy,,10.0,Alive,Medium
ONC-03170,77.0,Other,Brain,Stage I,3.77,Former,Regular,Yes,21.9,2015-11-13,Immunotherapy,4.0,27.0,Deceased,
ONC-02308,,Male,Ovarian,Stage III,2.06,Never,None,Yes,20.2,2021-06-13,Palliative Care,7.0,19.0,Alive,Medium
ONC-01969,63.0,Other,Prostate,Stage IV,7.53,,Occasional,Yes,27.0,,Combination Therapy,3.0,33.0,Alive,Medium
ONC-00706,68.0,Male,Prostate,Stage III,2.11,Current,Regular,Yes,,2015-04-13,Immunotherapy,5.0,28.0,Deceased,High
ONC-01845,49.0,,Pancreatic,Stage II,4.36,Former,Occasional,Yes,27.3,2019-07-12,,6.0,64.0,Alive,High
ONC-06430,,Male,Skin (Melanoma),Stage II,5.42,Former,None,Yes,26.0,2019-07-12,Combination Therapy,9.0,16.0,Deceased,Low
ONC-07043,,Male,,Stage III,0.17,Never,,No,27.0,2017-01-06,Combination Therapy,10.0,5.0,Alive,High
ONC-01981,74.0,Male,Blood (Leukemia),Stage III,1.85,Current,Occasional,No,22.8,2022-09-20,Surgery,9.0,,Alive,Medium
ONC-00440,46.0,Female,Prostate,Stage I,3.53,Former,Regular,Yes,32.5,2016-10-21,Combination Therapy,6.0,3.0,Deceased,Low
ONC-04536,47.0,Female,Blood (Leukemia),Stage III,2.0,Former,Heavy,Yes,24.5,,Radiation Therapy,3.0,18.0,Deceased,High
ONC-04237,60.0,Male,Skin (Melanoma),Stage IV,3.41,,None,No,24.6,2024-01-19,Chemotherapy,5.0,11.0,Alive,High
ONC-02118,74.0,Male,,Stage III,8.97,Current,Heavy,No,23.4,2019-05-01,Surgery,3.0,52.0,Alive,High
ONC-02640,66.0,Male,Ovarian,,10.25,Current,None,No,15.7,,Radiation Therapy,0.0,2.0,Deceased,
ONC-04907,49.0,Female,Prostate,Stage IV,0.44,,Heavy,Yes,33.7,,,7.0,24.0,Deceased,High
ONC-00925,62.0,Other,,Stage IV,0.64,Former,Heavy,Yes,21.0,2019-08-28,,3.0,13.0,Alive,High
ONC-06040,71.0,Other,Blood (Leukemia),Stage I,0.62,Current,None,No,15.6,2022-06-08,Palliative Care,3.0,58.0,Deceased,Medium
ONC-03715,46.0,Other,Breast,Stage II,0.89,Current,Heavy,Yes,31.8,2020-11-14,Combination Therapy,5.0,27.0,,High
ONC-01689,27.0,Other,Brain,Stage II,3.88,Never,Heavy,No,21.5,2021-01-15,Immunotherapy,,50.0,Alive,Medium
ONC-03322,,Female,,Stage IV,0.1,Former,Regular,Yes,25.8,2015-12-26,Immunotherapy,2.0,6.0,Alive,Critical
ONC-01690,58.0,Other,Blood (Leukemia),Stage I,3.05,,Heavy,No,31.1,2020-03-13,Combination Therapy,5.0,3.0,Alive,Low
ONC-03649,51.0,Female,Prostate,Stage I,2.59,Current,,Yes,22.4,2017-12-29,Radiation Therapy,5.0,99.0,Alive,Low
ONC-04138,48.0,Other,Blood (Leukemia),,4.18,Current,,No,25.5,2024-05-18,Immunotherapy,4.0,57.0,Alive,Medium
ONC-05192,62.0,Other,Lung,Stage I,0.53,Never,Heavy,Yes,,2022-11-01,Chemotherapy,,8.0,Alive,Medium
ONC-05935,68.0,Male,Skin (Melanoma),Stage I,0.53,Current,Occasional,No,18.3,,,5.0,3.0,Deceased,Low
ONC-00903,47.0,Female,Ovarian,Stage III,6.23,Never,Regular,No,31.7,2020-11-22,,6.0,5.0,Alive,High
ONC-01135,83.0,Female,Brain,Stage I,12.68,,Heavy,,22.8,2020-12-25,Combination Therapy,2.0,40.0,Alive,High
ONC-04195,83.0,Other,Breast,Stage I,0.35,Current,None,Yes,21.5,2020-01-21,Chemotherapy,9.0,2.0,Alive,Low
ONC-01109,67.0,Other,Blood (Leukemia),Stage IV,8.71,Current,,Yes,21.1,2019-03-15,Chemotherapy,4.0,,,High
ONC-05301,36.0,Male,Prostate,Stage III,9.36,Current,Regular,Yes,21.8,,Combination Therapy,3.0,31.0,,High
ONC-03060,55.0,Other,Ovarian,Stage III,6.24,Never,None,Yes,24.3,2018-01-29,Surgery,2.0,5.0,Deceased,High
ONC-03048,,Male,Breast,Stage I,5.14,Never,Regular,Yes,12.6,2015-06-20,Immunotherapy,11.0,18.0,Deceased,Low
ONC-07057,60.0,Other,Ovarian,Stage III,6.61,,Regular,,30.3,2018-12-05,Surgery,9.0,4.0,Alive,High
ONC-04629,55.0,,Liver,Stage III,0.33,Former,Occasional,Yes,30.2,2023-02-01,Immunotherapy,7.0,3.0,Alive,Medium
ONC-07315,64.0,Male,Lung,Stage IV,2.66,Current,Heavy,No,24.6,2020-06-28,Surgery,,1.0,Alive,Critical
ONC-04247,80.0,Male,Breast,Stage IV,7.29,Current,,No,25.4,2023-06-24,Chemotherapy,11.0,59.0,Alive,Medium
ONC-05084,66.0,Other,,Stage III,0.35,Current,Occasional,No,25.6,2019-09-20,Radiation Therapy,9.0,28.0,Alive,
ONC-02636,,Other,Skin (Melanoma),Stage III,5.49,,Regular,No,20.5,2020-04-21,Combination Therapy,6.0,62.0,Deceased,Medium
ONC-05671,40.0,Female,Prostate,Stage I,0.52,Current,None,Yes,28.5,2023-05-31,Immunotherapy,6.0,3.0,Alive,Low
ONC-00769,50.0,Male,Colorectal,Stage IV,,Never,Occasional,,28.3,2019-12-06,Immunotherapy,4.0,,,High
ONC-04530,41.0,Other,,Stage III,9.94,Former,,Yes,23.0,,Palliative Care,7.0,42.0,,Low
ONC-05117,81.0,,Colorectal,Stage II,0.78,Current,Regular,Yes,27.2,2021-07-24,Radiation Therapy,7.0,7.0,Alive,Low
ONC-02350,50.0,Other,Brain,Stage III,,Never,None,No,24.9,2021-07-31,Immunotherapy,2.0,106.0,Alive,High
ONC-04640,57.0,Female,Breast,Stage II,1.81,,None,No,32.2,2021-12-15,Immunotherapy,3.0,28.0,Alive,Medium
ONC-00618,77.0,Male,Breast,Stage I,2.8,Former,Heavy,Yes,22.3,2022-11-26,Combination Therapy,7.0,30.0,Deceased,Low
ONC-01920,78.0,Other,Colorectal,Stage I,2.13,Current,Regular,Yes,28.5,2018-07-14,Chemotherapy,9.0,17.0,Alive,Medium
ONC-02139,66.0,Male,Skin (Melanoma),,4.31,,Regular,No,22.0,2024-10-22,Radiation Therapy,4.0,4.0,Deceased,Critical
ONC-06347,46.0,Male,Lung,Stage III,4.02,Current,Occasional,Yes,18.0,2020-09-14,Palliative Care,8.0,75.0,Deceased,Critical
ONC-03964,55.0,Male,Liver,,2.7,Never,Regular,Yes,25.0,2021-07-28,Immunotherapy,5.0,17.0,Alive,
ONC-00796,43.0,Male,Brain,Stage II,10.0,Never,Heavy,,33.4,2024-12-13,,5.0,30.0,,Medium
ONC-06759,67.0,Female,Brain,Stage III,5.59,Former,None,No,15.1,2023-02-28,Chemotherapy,3.0,45.0,,High
ONC-03838,39.0,Female,Blood (Leukemia),Stage II,3.49,Current,None,No,29.6,2015-01-29,Immunotherapy,6.0,9.0,Deceased,Medium
ONC-06352,75.0,Female,Prostate,Stage IV,0.99,Former,Regular,No,24.3,2022-01-04,Surgery,4.0,25.0,Alive,High
ONC-06607,58.0,,Skin (Melanoma),Stage I,2.4,Current,None,Yes,23.3,,Combination Therapy,6.0,,Alive,Medium
ONC-05771,28.0,Other,Blood (Leukemia),Stage II,0.56,Never,Occasional,No,23.9,2017-11-15,Radiation Therapy,7.0,17.0,Alive,High
ONC-07417,54.0,Male,Prostate,Stage I,0.63,,Heavy,No,19.1,,,8.0,8.0,Alive,Medium
ONC-00638,70.0,Other,Blood (Leukemia),Stage I,0.62,Never,Occasional,No,28.0,2020-03-19,,,30.0,Alive,Low
ONC-05690,99.0,Female,Colorectal,Stage I,0.96,,Occasional,Yes,29.4,2017-09-07,Radiation Therapy,6.0,14.0,Alive,Medium
ONC-05755,34.0,Male,Colorectal,Stage II,0.95,Current,Heavy,No,33.1,2015-06-25,Palliative Care,8.0,4.0,Alive,Low
ONC-00385,92.0,Female,Breast,Stage II,6.17,Current,Regular,No,24.0,2019-03-23,,7.0,27.0,Alive,Low
ONC-03841,65.0,Female,Breast,Stage III,0.39,Never,Regular,No,29.2,2023-04-19,,7.0,29.0,Alive,Critical
ONC-05999,68.0,Male,Ovarian,Stage IV,1.35,Former,Heavy,,28.5,2015-08-13,Immunotherapy,,33.0,Alive,Critical
ONC-01326,69.0,Other,Liver,Stage I,10.81,,Heavy,Yes,28.3,2018-03-13,Radiation Therapy,6.0,4.0,Alive,Low
ONC-06795,34.0,Other,,Stage II,0.76,Former,None,No,30.0,2023-03-25,Surgery,6.0,20.0,Alive,Medium
ONC-02165,32.0,Male,Breast,Stage I,3.55,Never,Occasional,No,20.9,2015-08-02,Radiation Therapy,6.0,13.0,Alive,Low
ONC-04370,69.0,Male,,Stage III,4.09,Current,Heavy,Yes,24.8,2023-05-02,Radiation Therapy,4.0,,Alive,Medium
ONC-03757,57.0,,Breast,Stage IV,9.33,Never,None,Yes,20.2,2015-05-12,Chemotherapy,4.0,12.0,Alive,Critical
ONC-06646,68.0,Male,Lung,Stage IV,0.16,Current,Regular,,25.1,2021-02-01,Immunotherapy,,,Alive,Critical
ONC-06143,40.0,,Ovarian,Stage IV,2.31,Former,Occasional,No,28.5,2016-04-24,Radiation Therapy,5.0,68.0,Alive,High
ONC-03956,67.0,,Ovarian,Stage III,2.37,Never,Regular,Yes,22.3,,Palliative Care,3.0,14.0,Alive,Critical
ONC-01178,50.0,Other,Brain,Stage I,4.89,,Heavy,Yes,20.5,2017-07-04,Palliative Care,7.0,,Alive,Medium
ONC-00158,59.0,Female,,Stage III,3.99,Never,,Yes,34.6,2016-09-26,Surgery,3.0,0.0,Alive,Critical
ONC-00439,78.0,Male,Blood (Leukemia),Stage II,5.72,,Heavy,Yes,29.6,2022-08-28,Surgery,4.0,33.0,,
ONC-04843,69.0,Male,Liver,Stage II,1.62,,Occasional,Yes,22.3,2019-04-11,Chemotherapy,1.0,43.0,Deceased,Medium
ONC-04360,61.0,Other,Liver,Stage II,3.54,Never,,No,21.7,,Palliative Care,4.0,7.0,Alive,Medium
ONC-00670,82.0,Male,Brain,,8.7,Former,,,29.1,2016-11-19,Palliative Care,2.0,22.0,Alive,Medium
ONC-01570,59.0,Other,Blood (Leukemia),,0.69,Never,Regular,Yes,29.6,2020-09-24,Surgery,8.0,19.0,Alive,Medium
ONC-02586,61.0,Other,Pancreatic,Stage I,0.53,,Occasional,Yes,25.8,2017-04-19,,,6.0,Alive,
ONC-01238,35.0,Other,Lung,Stage I,2.2,Never,Heavy,Yes,16.2,,,4.0,21.0,Alive,Low
ONC-06643,55.0,Male,Brain,Stage II,3.47,Never,Heavy,Yes,23.8,2017-11-02,Palliative Care,,50.0,Alive,Low
ONC-02921,60.0,Other,,Stage I,1.61,Never,None,No,25.9,2019-09-01,Surgery,5.0,8.0,Alive,Low
ONC-02305,58.0,Female,Breast,,0.16,,Occasional,No,25.4,2021-12-02,Surgery,6.0,27.0,Alive,Medium
ONC-06127,70.0,Other,Brain,Stage IV,3.73,Never,None,No,27.6,2016-07-30,,5.0,26.0,Deceased,
ONC-01604,62.0,,Brain,,14.97,,Heavy,Yes,32.8,2022-12-11,,2.0,16.0,Deceased,
ONC-05839,60.0,Female,Prostate,Stage III,10.26,Former,Heavy,No,34.5,2016-12-21,Combination Therapy,,1.0,Alive,Low
ONC-04948,55.0,Male,Brain,Stage I,0.37,Current,None,Yes,18.7,2019-11-30,Palliative Care,4.0,9.0,,High
ONC-06641,53.0,Male,Pancreatic,Stage III,0.58,Never,Heavy,Yes,28.1,2023-01-21,Palliative Care,5.0,6.0,Alive,Medium
ONC-05572,63.0,Other,Brain,Stage I,9.93,Never,None,Yes,31.3,,Combination Therapy,,16.0,Alive,Low
ONC-06968,83.0,Other,Colorectal,Stage IV,1.4,Current,Heavy,Yes,27.2,2017-04-16,Combination Therapy,3.0,41.0,Alive,Critical
ONC-00895,71.0,Male,Lung,Stage III,2.82,Never,Regular,No,35.6,2017-03-07,Palliative Care,9.0,0.0,Alive,Low
ONC-04656,55.0,Other,Ovarian,,0.74,Former,Regular,No,18.8,2020-06-30,Surgery,3.0,0.0,Alive,High
ONC-06848,50.0,,Skin (Melanoma),Stage II,1.98,Former,Heavy,,21.9,,Palliative Care,8.0,35.0,Alive,Critical
ONC-04374,62.0,Female,Brain,Stage I,3.29,Former,NA,Yes,26.1,2024-09-23,,4.0,14.0,Alive,Low
ONC-01540,57.0,Other,Blood (Leukemia),Stage I,2.08,,,Yes,30.3,,Surgery,7.0,65.0,Alive,Low
ONC-05544,53.0,Female,Liver,Stage II,2.3,Former,None,Yes,21.6,2019-09-05,Chemotherapy,7.0,1.0,Alive,Low
ONC-02026,84.0,Female,,Stage II,0.5,,Occasional,No,21.8,2016-12-25,Radiation Therapy,,7.0,Deceased,Critical
ONC-00848,48.0,Female,,Stage I,1.07,Never,None,No,33.4,2020-05-24,Combination Therapy,4.0,8.0,Alive,Low
ONC-03025,53.0,Other,Prostate,Stage I,4.67,Current,Regular,,16.4,2016-09-17,Surgery,5.0,24.0,,Low
ONC-00462,38.0,Other,Colorectal,Stage III,1.53,Never,,Yes,25.5,2024-07-11,Combination Therapy,,9.0,Alive,
ONC-04715,52.0,Other,Prostate,Stage III,5.97,Current,Heavy,No,23.9,2015-02-04,Chemotherapy,5.0,,,Medium
ONC-00814,53.0,Other,Colorectal,Stage IV,1.4,Never,None,No,25.7,2023-08-19,Immunotherapy,6.0,13.0,Alive,Critical
ONC-02032,71.0,Female,Blood (Leukemia),Stage III,2.24,Current,Heavy,,27.0,2022-09-13,Palliative Care,4.0,35.0,,High
ONC-01523,55.0,,,Stage I,0.23,Former,Heavy,,28.8,,Immunotherapy,3.0,8.0,Alive,Medium
ONC-04729,51.0,Female,Prostate,Stage III,2.03,Former,,Yes,15.4,2021-11-04,Chemotherapy,6.0,0.0,Alive,
ONC-01794,80.0,Male,Pancreatic,,1.64,Current,Regular,Yes,32.3,2024-01-04,Radiation Therapy,5.0,4.0,Alive,Medium
ONC-01055,58.0,,Brain,Stage I,1.45,Never,Regular,Yes,16.2,,Chemotherapy,8.0,25.0,Alive,Medium
ONC-04371,64.0,Male,Colorectal,Stage III,1.22,Former,Occasional,No,21.2,2020-03-12,Radiation Therapy,7.0,3.0,Alive,Medium
ONC-05172,62.0,Other,Blood (Leukemia),Stage II,1.37,Current,Occasional,Yes,27.7,2023-01-10,Combination Therapy,5.0,32.0,Alive,
ONC-02219,,Other,Skin (Melanoma),Stage III,1.39,Never,Heavy,Yes,22.1,2018-08-31,Chemotherapy,5.0,9.0,Alive,Medium
ONC-01807,38.0,Male,Skin (Melanoma),Stage III,8.35,Never,,No,26.8,2023-06-09,Chemotherapy,4.0,18.0,Alive,High
ONC-04908,,,Brain,Stage I,10.28,Former,Heavy,No,26.1,2023-07-30,Radiation Therapy,5.0,,Alive,Low
ONC-05669,,Female,Liver,Stage III,6.69,Former,None,No,16.5,2018-03-15,Combination Therapy,5.0,14.0,Alive,High
ONC-06502,51.0,Female,Prostate,Stage I,3.26,Current,Occasional,Yes,26.1,,Palliative Care,4.0,31.0,Alive,Low
ONC-03261,82.0,Male,Colorectal,Stage II,4.23,Never,Regular,Yes,17.4,2019-04-25,,10.0,4.0,Alive,
ONC-02158,47.0,Male,Skin (Melanoma),Stage IV,1.27,,Regular,Yes,19.0,2017-03-25,Chemotherapy,3.0,5.0,Alive,
ONC-07095,46.0,Female,,,0.32,,Heavy,No,21.2,2024-01-12,Surgery,5.0,4.0,Deceased,High
ONC-05523,52.0,Female,Pancreatic,Stage I,0.59,Current,Heavy,Yes,18.6,2024-08-13,Palliative Care,3.0,5.0,Alive,Critical
ONC-05785,66.0,Other,Blood (Leukemia),Stage IV,1.34,,Regular,No,28.1,2022-01-08,Immunotherapy,10.0,44.0,Deceased,Critical
ONC-05184,25.0,Female,Prostate,Stage IV,3.66,Never,Regular,Yes,25.0,2022-10-19,Palliative Care,3.0,19.0,Deceased,Critical
ONC-04511,46.0,Male,Pancreatic,Stage II,3.79,Former,Occasional,No,28.4,2021-09-15,Radiation Therapy,8.0,,Alive,Medium
ONC-03599,65.0,Male,Ovarian,Stage III,0.61,Former,Occasional,Yes,20.7,2019-01-22,Surgery,12.0,11.0,Alive,High
ONC-01534,68.0,Other,Blood (Leukemia),Stage II,0.71,,Regular,No,30.8,2023-06-17,Chemotherapy,6.0,2.0,Alive,Medium
ONC-02274,40.0,Male,Colorectal,Stage III,6.9,Former,Regular,No,21.2,2015-10-09,Palliative Care,5.0,,Alive,Medium
ONC-03344,77.0,Other,Brain,Stage III,0.95,Never,Regular,No,21.9,2019-02-16,Radiation Therapy,10.0,2.0,Alive,Critical
ONC-01943,60.0,Male,Lung,Stage III,10.53,Current,,No,30.7,2022-06-01,Combination Therapy,7.0,2.0,Alive,Low
ONC-01733,63.0,Female,,Stage III,6.06,Former,Heavy,Yes,26.3,2020-12-21,Radiation Therapy,7.0,10.0,Alive,Low
ONC-06902,,Female,Prostate,,,Former,Regular,Yes,17.2,2019-01-30,Combination Therapy,4.0,14.0,Alive,Low
ONC-05936,70.0,Female,Liver,Stage IV,0.1,Never,,No,25.5,2016-01-25,Immunotherapy,9.0,33.0,Alive,Critical
ONC-05500,45.0,Female,Prostate,Stage III,1.35,Former,Occasional,Yes,22.2,2021-07-03,Chemotherapy,4.0,13.0,Alive,Critical
ONC-02166,43.0,,Liver,Stage III,0.26,Former,None,No,26.2,2022-03-15,Palliative Care,8.0,10.0,,High
ONC-03708,42.0,Other,Prostate,Stage II,5.4,Former,Heavy,No,23.2,,Surgery,4.0,22.0,Deceased,
ONC-00820,55.0,Female,Skin (Melanoma),,10.02,Never,Occasional,No,22.1,,Palliative Care,6.0,23.0,Alive,Medium
ONC-04580,47.0,Other,Blood (Leukemia),Stage I,0.55,Never,Heavy,,26.8,2018-02-11,Radiation Therapy,4.0,17.0,Alive,High
ONC-05314,38.0,Male,Brain,Stage IV,1.58,Former,Occasional,No,16.3,2017-04-05,Palliative Care,5.0,26.0,Deceased,Medium
ONC-05830,44.0,Male,Liver,Stage I,3.57,Former,Heavy,Yes,30.5,2018-12-31,Chemotherapy,4.0,19.0,Alive,Low
ONC-00031,79.0,Male,Skin (Melanoma),Stage IV,2.45,Never,Heavy,Yes,18.8,,Combination Therapy,4.0,34.0,Alive,High
ONC-04070,53.0,Other,Brain,Stage II,2.53,Current,Heavy,Yes,,2019-01-17,Palliative Care,4.0,26.0,Alive,Medium
ONC-04014,,Other,,Stage IV,1.91,Former,Occasional,No,28.2,2022-03-11,,2.0,5.0,Alive,Critical
ONC-07391,44.0,Female,Brain,Stage III,,Former,Heavy,No,27.4,2020-05-02,Chemotherapy,3.0,3.0,Deceased,Critical
ONC-07378,41.0,,Liver,Stage I,4.35,Never,,No,27.9,2020-04-26,Palliative Care,6.0,67.0,Alive,High
ONC-07412,52.0,Other,Prostate,Stage IV,16.77,Current,Occasional,Yes,24.3,2016-07-11,Chemotherapy,4.0,6.0,Alive,
ONC-05151,56.0,Female,Blood (Leukemia),Stage I,1.46,Current,,No,26.2,2024-09-14,Palliative Care,7.0,45.0,Deceased,Medium
ONC-01227,,Male,Breast,Stage III,0.38,Current,Regular,Yes,24.2,2021-09-25,Chemotherapy,8.0,1.0,Alive,Critical
ONC-03279,68.0,,,Stage IV,0.94,Former,Heavy,Yes,22.7,2022-02-26,,3.0,,Alive,
ONC-03563,,Male,Blood (Leukemia),Stage I,1.78,Current,Heavy,No,20.4,2018-12-09,Combination Therapy,6.0,32.0,Deceased,Critical
ONC-03800,,Female,Blood (Leukemia),,2.07,Never,,No,29.4,2023-12-29,Surgery,8.0,46.0,Alive,Low
ONC-06453,69.0,Male,Pancreatic,,5.86,Never,Occasional,,,,Palliative Care,9.0,1.0,Deceased,Critical
ONC-05073,60.0,Female,Blood (Leukemia),Stage I,1.93,Former,Heavy,No,12.0,2016-04-16,Chemotherapy,4.0,104.0,Alive,Low
ONC-00863,77.0,Male,Brain,Stage III,14.95,Never,None,No,29.3,2018-01-24,Combination Therapy,8.0,3.0,Alive,High
ONC-06868,48.0,Male,Ovarian,Stage II,0.78,,Regular,Yes,24.5,2020-07-25,Surgery,4.0,71.0,Alive,Medium
ONC-03330,98.0,Other,Colorectal,Stage I,0.75,Never,None,No,,2017-08-29,Immunotherapy,,4.0,Alive,Medium
ONC-00451,43.0,,Lung,Stage I,0.13,Never,None,Yes,27.0,2019-01-05,Combination Therapy,3.0,0.0,Alive,
ONC-07314,68.0,Male,Brain,Stage II,8.68,Former,Heavy,,34.3,2015-06-16,Combination Therapy,8.0,10.0,Alive,Medium
ONC-04466,83.0,Male,Liver,Stage II,1.51,Current,,No,25.6,,Combination Therapy,6.0,17.0,Alive,Low
ONC-01120,39.0,Female,Pancreatic,Stage I,9.04,Former,Regular,No,24.4,,Chemotherapy,,25.0,,
ONC-01914,52.0,Other,Prostate,Stage III,1.87,Current,,No,30.0,2019-10-11,Palliative Care,8.0,10.0,,High
ONC-01787,67.0,Male,,Stage I,3.29,,,Yes,26.7,2017-03-01,Surgery,7.0,27.0,,Low
ONC-01178,50.0,Other,Brain,Stage I,4.89,,Heavy,Yes,20.5,2017-07-04,Palliative Care,7.0,,Alive,Medium
ONC-05275,54.0,Male,Prostate,Stage IV,9.09,Current,Regular,Yes,27.8,2024-09-17,Combination Therapy,8.0,2.0,Alive,Medium
ONC-07062,17.0,Female,Colorectal,Stage I,4.11,Current,Occasional,No,22.0,2024-11-07,Chemotherapy,5.0,4.0,Deceased,Medium
ONC-01354,50.0,Female,Lung,Stage IV,,Current,Occasional,Yes,31.7,,Palliative Care,8.0,31.0,Alive,Critical
ONC-05954,43.0,Female,Skin (Melanoma),Stage I,0.9,Former,None,No,20.7,2022-10-12,Immunotherapy,11.0,44.0,Alive,Medium
ONC-07240,51.0,Male,Pancreatic,Stage III,3.72,Current,Occasional,No,30.5,,Immunotherapy,3.0,17.0,Alive,High
ONC-00431,52.0,Other,Pancreatic,Stage II,,Current,Regular,No,20.1,2022-12-25,Palliative Care,7.0,2.0,Deceased,Low
ONC-03155,69.0,,Prostate,Stage IV,0.1,Never,,Yes,27.8,2024-01-13,Radiation Therapy,7.0,23.0,Alive,High
ONC-07374,42.0,Female,Pancreatic,,0.59,Current,Occasional,No,25.6,2020-06-29,Combination Therapy,8.0,0.0,Alive,Critical
ONC-05236,66.0,,Skin (Melanoma),Stage I,5.18,Former,Heavy,Yes,35.0,2019-11-14,Palliative Care,,12.0,Alive,Low
ONC-07305,47.0,Male,Breast,,3.66,,Occasional,,19.9,2018-01-08,Combination Therapy,3.0,2.0,Alive,Critical
ONC-04944,72.0,Other,Pancreatic,Stage III,5.83,Current,Regular,No,23.7,2020-08-30,Chemotherapy,3.0,19.0,Alive,High
ONC-02063,53.0,Male,Skin (Melanoma),,0.47,Never,Occasional,Yes,30.0,2017-10-29,Surgery,6.0,,Alive,Medium
ONC-00410,,Male,Lung,Stage IV,6.55,Current,None,Yes,27.3,2017-11-14,Palliative Care,5.0,3.0,Alive,Medium
ONC-00137,,Male,Breast,Stage I,3.22,Former,Heavy,No,26.7,2018-10-28,,,30.0,Alive,Medium
ONC-03678,67.0,Male,Breast,Stage IV,,Current,Heavy,No,32.2,2016-05-02,Surgery,10.0,5.0,Deceased,Critical
ONC-02926,66.0,Male,Lung,Stage III,2.72,Current,,,30.0,2022-06-01,Palliative Care,6.0,37.0,Alive,High
ONC-04425,60.0,Male,Ovarian,Stage III,1.26,,Regular,No,28.6,2019-01-30,,4.0,17.0,Alive,Critical
ONC-06377,73.0,Female,Brain,Stage II,4.68,Former,Regular,Yes,20.7,2020-08-16,,1.0,4.0,Alive,Medium
ONC-06696,49.0,Male,Prostate,Stage II,3.92,Former,None,No,33.8,2019-03-01,,3.0,5.0,Alive,Low
ONC-06185,78.0,Other,Breast,Stage I,0.86,Never,Regular,No,26.0,2024-11-20,Immunotherapy,5.0,23.0,Alive,Low
ONC-02901,69.0,Male,Blood (Leukemia),Stage I,3.37,Never,Regular,No,35.1,2018-07-25,Surgery,9.0,15.0,Alive,Low
ONC-00533,56.0,Male,Blood (Leukemia),Stage I,1.42,Never,Occasional,No,33.3,2018-08-22,Surgery,5.0,2.0,Alive,Medium
ONC-02281,56.0,Male,Blood (Leukemia),Stage I,0.39,Former,Heavy,Yes,23.9,2024-06-26,Immunotherapy,,1.0,Alive,Medium
ONC-04675,25.0,Other,Blood (Leukemia),Stage III,11.51,Never,,Yes,22.2,2019-05-23,Immunotherapy,10.0,5.0,Deceased,
ONC-05052,62.0,Female,Pancreatic,Stage III,6.65,Never,Regular,No,37.2,2019-12-25,Immunotherapy,2.0,0.0,Alive,Critical
ONC-03892,68.0,Female,Liver,Stage I,11.6,Current,Regular,No,29.8,2023-03-28,Chemotherapy,5.0,1.0,Alive,High
ONC-00340,65.0,Other,Liver,Stage III,0.39,Never,Regular,Yes,28.5,2015-03-31,Surgery,4.0,15.0,Alive,High
ONC-03598,53.0,Other,Colorectal,Stage III,5.58,Former,,Yes,24.6,2020-11-04,Radiation Therapy,7.0,21.0,Deceased,Medium
ONC-05820,50.0,Other,Colorectal,Stage II,3.93,Former,,Yes,28.0,2017-04-05,Radiation Therapy,4.0,7.0,Alive,Medium
ONC-04017,45.0,Male,Lung,Stage I,0.9,Former,Occasional,,31.4,2022-07-12,Chemotherapy,8.0,14.0,Alive,Medium
ONC-05662,63.0,Female,Prostate,,2.84,Former,,No,24.4,2017-06-21,Combination Therapy,2.0,10.0,,Low
ONC-00035,81.0,Male,Ovarian,Stage IV,4.92,Never,Heavy,No,23.8,2015-06-30,Surgery,6.0,1.0,Alive,High
ONC-06022,68.0,Male,Lung,Stage III,2.08,Current,Regular,,37.4,2017-05-11,Immunotherapy,7.0,21.0,Alive,High
ONC-04565,87.0,Male,Skin (Melanoma),Stage III,,Former,Heavy,Yes,35.6,2015-03-05,Radiation Therapy,4.0,4.0,,Medium
ONC-01917,67.0,Male,Brain,Stage I,2.04,Current,Heavy,Yes,25.1,2015-05-12,Surgery,8.0,29.0,Deceased,Low
ONC-04849,60.0,Female,Liver,Stage I,0.34,Current,Regular,No,22.2,2023-10-09,Radiation Therapy,7.0,43.0,Alive,Low
ONC-07212,62.0,Female,Skin (Melanoma),Stage III,6.22,Current,None,No,29.0,2024-08-21,Palliative Care,4.0,21.0,Alive,High
ONC-04291,73.0,Male,Blood (Leukemia),Stage III,0.61,Current,Regular,No,24.9,2021-08-08,Palliative Care,,,,Medium
ONC-02838,49.0,Other,Lung,Stage IV,1.49,Never,Regular,Yes,28.6,2016-12-11,Combination Therapy,6.0,1.0,Alive,
ONC-03769,61.0,,Brain,Stage II,0.66,Former,,Yes,31.3,2020-10-27,Combination Therapy,6.0,36.0,Deceased,Critical
ONC-06932,64.0,Female,Colorectal,Stage III,3.27,,Heavy,No,29.9,2022-06-18,Unknown,7.0,26.0,Alive,Medium
ONC-00498,69.0,Male,Colorectal,Stage IV,3.04,Current,Occasional,No,33.0,2017-04-26,Chemotherapy,4.0,24.0,Alive,Critical
ONC-01860,60.0,Male,Blood (Leukemia),Stage I,2.4,Never,None,Yes,35.5,2023-12-28,Radiation Therapy,6.0,6.0,Alive,Low
ONC-02479,65.0,Male,Lung,Stage IV,5.39,Former,Heavy,Yes,27.2,2019-05-02,Palliative Care,7.0,4.0,Alive,Critical
ONC-05604,38.0,Male,,Stage I,1.61,Former,Heavy,No,31.4,2020-12-13,Surgery,,16.0,Alive,Medium
ONC-04991,43.0,Female,Breast,Stage III,5.82,Former,None,No,23.8,2022-02-05,Radiation Therapy,,,Alive,
ONC-03080,55.0,,Blood (Leukemia),Stage III,,Current,Heavy,,28.7,,Immunotherapy,3.0,18.0,Alive,High
ONC-00998,60.0,Other,Breast,Stage I,3.12,Former,Regular,Yes,27.1,2019-09-29,Palliative Care,10.0,26.0,Alive,High
ONC-03684,62.0,Other,Brain,Stage III,13.23,,,Yes,25.9,2017-02-01,Palliative Care,0.0,7.0,Alive,Critical
ONC-01663,,Male,Pancreatic,,2.15,Current,,Yes,31.2,2015-11-24,Palliative Care,5.0,6.0,Alive,Low
ONC-03717,25.0,Male,,Stage I,1.85,Never,None,,23.4,2019-07-21,Radiation Therapy,2.0,6.0,Alive,Low
ONC-06431,76.0,Female,Pancreatic,Stage IV,,Former,Occasional,No,30.0,2023-07-26,Chemotherapy,7.0,8.0,Deceased,Critical
ONC-00235,64.0,Female,Ovarian,Stage II,2.43,Never,Occasional,No,25.4,2020-12-06,Chemotherapy,,10.0,Deceased,Medium
ONC-03524,94.0,Other,Colorectal,Stage III,6.17,Former,Heavy,Yes,24.9,,Combination Therapy,4.0,19.0,Alive,Medium
ONC-02082,61.0,Other,Liver,,,Former,Occasional,Yes,25.7,2023-01-28,Radiation Therapy,6.0,1.0,Deceased,Medium
ONC-01118,72.0,,Brain,Stage I,1.64,Never,None,Yes,28.3,2018-03-02,Radiation Therapy,5.0,,Deceased,
ONC-04047,62.0,Male,Breast,Stage II,2.27,Never,Heavy,,14.7,2021-04-29,Radiation Therapy,7.0,4.0,Deceased,Low
ONC-00199,17.0,Male,Brain,Stage III,1.33,Former,Heavy,No,29.4,2024-11-09,,10.0,10.0,Alive,Medium
ONC-06221,67.0,Female,Blood (Leukemia),,0.19,Current,Occasional,Yes,25.0,,Immunotherapy,8.0,,Alive,Medium
ONC-05693,58.0,Female,Pancreatic,Stage II,0.99,Former,Occasional,No,32.7,2016-12-06,Combination Therapy,8.0,0.0,Alive,Medium
ONC-05750,74.0,Female,Breast,Stage IV,0.73,Current,Heavy,,,2022-06-24,Chemotherapy,5.0,58.0,Deceased,Critical
ONC-03669,,Male,Breast,Stage III,9.59,Never,None,Yes,,2017-01-03,Palliative Care,5.0,1.0,Alive,
ONC-00548,70.0,Other,Lung,Stage III,2.83,Current,,Yes,26.8,2016-11-14,Chemotherapy,11.0,3.0,Alive,High
ONC-05468,44.0,Male,Blood (Leukemia),Stage I,2.75,Current,,Yes,22.6,,Combination Therapy,6.0,0.0,Alive,Medium
ONC-04038,47.0,Male,Blood (Leukemia),Stage I,0.49,Never,Heavy,No,20.1,2022-02-16,Radiation Therapy,4.0,4.0,Alive,Medium
ONC-04602,38.0,Other,,Stage II,1.49,Current,,No,30.6,,Radiation Therapy,5.0,41.0,Deceased,Medium
ONC-05336,65.0,Male,Colorectal,Stage IV,1.42,Former,Occasional,No,27.7,2018-02-27,Immunotherapy,11.0,4.0,Deceased,Critical
ONC-07187,47.0,Other,Ovarian,Stage II,2.16,Former,Heavy,No,24.9,2022-01-27,,4.0,19.0,Alive,Critical
ONC-00565,31.0,Female,Brain,Stage II,0.1,Never,Regular,Yes,27.1,2018-06-03,Immunotherapy,5.0,23.0,Alive,High
ONC-05910,,Male,Ovarian,Stage III,1.2,Former,None,Yes,22.9,2015-08-13,Palliative Care,9.0,22.0,Deceased,High
ONC-03162,36.0,Male,Brain,Stage IV,0.94,Never,Occasional,No,20.3,2015-08-15,Immunotherapy,6.0,89.0,Alive,High
ONC-02797,47.0,Female,Breast,Stage I,,Former,Heavy,,26.9,2020-04-30,Radiation Therapy,13.0,16.0,Deceased,
ONC-00238,58.0,Female,Lung,Stage I,1.09,Current,None,Yes,21.0,2023-04-22,Surgery,2.0,32.0,,Low
ONC-01051,43.0,,Prostate,Stage IV,1.74,Former,,Yes,26.4,2017-02-12,Combination Therapy,5.0,16.0,Alive,Medium
ONC-06054,63.0,Other,Prostate,Stage II,0.61,Current,Occasional,Yes,26.0,2020-05-23,Immunotherapy,7.0,3.0,Deceased,Medium
ONC-03396,28.0,Female,Prostate,Stage I,15.32,Former,Occasional,No,23.6,2023-11-17,Combination Therapy,7.0,36.0,Deceased,Low
ONC-06687,43.0,Male,Prostate,Stage III,0.33,Former,Occasional,No,28.8,,Radiation Therapy,0.0,13.0,Deceased,High
ONC-03848,,,Lung,Stage II,0.78,Never,Occasional,No,33.2,2024-08-26,Radiation Therapy,8.0,116.0,Alive,Medium
ONC-00299,74.0,,Skin (Melanoma),Stage II,4.75,Never,Occasional,,33.6,2024-04-16,Chemotherapy,10.0,3.0,,Medium
ONC-03558,60.0,Female,Prostate,Stage III,1.2,Never,Regular,No,24.1,2020-12-04,Immunotherapy,7.0,8.0,,Critical
ONC-01117,47.0,Other,Colorectal,Stage IV,1.63,Never,Regular,Yes,28.7,2016-08-11,Palliative Care,2.0,0.0,Alive,Critical
ONC-01804,,Female,Skin (Melanoma),Stage I,9.68,Current,Heavy,,24.0,2019-07-25,Palliative Care,4.0,40.0,Alive,Medium
ONC-06423,66.0,Other,Brain,Stage I,0.96,Current,Heavy,Yes,28.1,2022-02-15,Surgery,7.0,4.0,Alive,Low
ONC-01439,74.0,Other,Pancreatic,Stage IV,0.6,Current,Heavy,No,24.5,2017-07-09,Combination Therapy,7.0,0.0,Alive,Critical
ONC-02979,35.0,Female,,Stage II,4.88,Never,Regular,,24.1,2024-06-21,Chemotherapy,1.0,24.0,Alive,High
ONC-06444,49.0,Male,Ovarian,Stage III,0.96,Never,Heavy,No,18.1,2019-04-01,Palliative Care,9.0,6.0,Alive,Low
ONC-06086,,Male,Liver,Stage III,1.48,,Regular,No,24.0,2021-04-16,Combination Therapy,4.0,43.0,Deceased,Medium
ONC-00456,43.0,Other,Skin (Melanoma),Stage II,8.38,Current,None,No,22.8,,Combination Therapy,,25.0,Alive,Low
ONC-06393,52.0,,Blood (Leukemia),Stage I,6.03,Current,None,No,28.4,2022-08-03,Combination Therapy,8.0,14.0,Deceased,Low
ONC-04417,76.0,Male,Blood (Leukemia),Stage III,0.37,Former,Occasional,No,25.8,2018-08-12,Combination Therapy,,20.0,Alive,Medium
ONC-04571,73.0,Male,Liver,Stage II,0.14,Never,None,Yes,19.8,2023-01-22,Immunotherapy,3.0,11.0,Alive,
ONC-00106,61.0,Other,Pancreatic,Stage III,3.72,Never,,No,23.2,2022-08-07,Combination Therapy,,5.0,Alive,High
ONC-01894,32.0,Other,Prostate,Stage IV,2.35,Former,,Yes,18.8,2023-07-28,Radiation Therapy,7.0,9.0,Alive,Critical
ONC-03379,63.0,Female,Brain,Stage I,3.14,Never,,No,20.0,,Palliative Care,,0.0,Alive,Low
ONC-04728,65.0,Female,Ovarian,Stage III,,Current,,No,32.3,2018-11-08,Palliative Care,8.0,17.0,Deceased,Critical
ONC-05858,40.0,,Ovarian,Stage I,1.02,Former,Occasional,No,28.4,,Palliative Care,6.0,14.0,Alive,Low
ONC-05075,73.0,Male,Ovarian,,0.37,Former,Regular,Yes,24.1,,,4.0,49.0,Alive,Medium
ONC-00823,50.0,Male,Liver,Stage IV,3.66,Current,None,Yes,31.9,,Radiation Therapy,7.0,23.0,Alive,High
ONC-01006,53.0,Male,Blood (Leukemia),Stage III,1.79,Former,None,Yes,26.3,,Chemotherapy,5.0,76.0,Alive,Medium
ONC-06980,,Other,Prostate,,5.94,Current,Regular,Yes,30.1,2022-02-10,Surgery,7.0,,Alive,High
ONC-02654,66.0,Male,Pancreatic,Stage III,0.52,Never,Heavy,,27.3,2021-11-21,Surgery,4.0,3.0,Alive,High
ONC-04362,73.0,Female,Blood (Leukemia),Stage I,2.55,Former,Occasional,No,32.1,2020-06-19,Combination Therapy,,15.0,Alive,Low
ONC-05511,56.0,Male,Skin (Melanoma),,0.63,Former,Heavy,Yes,29.7,2018-08-20,Palliative Care,5.0,56.0,Alive,Critical
ONC-04984,71.0,Other,Liver,Stage II,0.1,Former,Heavy,Yes,18.8,2019-07-12,Chemotherapy,8.0,62.0,Deceased,Medium
ONC-05648,57.0,Female,Ovarian,,0.19,,Regular,,17.3,2019-11-04,Palliative Care,4.0,9.0,Deceased,Critical
ONC-06345,58.0,Other,Brain,Stage III,1.52,Never,Heavy,No,20.7,2015-11-26,Chemotherapy,8.0,11.0,Alive,
ONC-00627,,Other,Liver,Stage I,8.33,,Heavy,No,34.8,2020-07-17,Palliative Care,5.0,2.0,Alive,Low
ONC-01365,74.0,Female,Skin (Melanoma),Stage I,4.31,Current,Regular,No,34.0,2018-06-10,Palliative Care,5.0,19.0,Alive,Low
ONC-03830,80.0,Female,Pancreatic,Stage III,4.2,Current,None,Yes,26.0,2017-09-14,Chemotherapy,1.0,34.0,Alive,Medium
ONC-00024,58.0,Male,Liver,Stage II,7.35,Never,Heavy,Yes,20.3,2015-07-27,Palliative Care,13.0,24.0,Deceased,Low
ONC-05549,,Female,Brain,Stage III,3.93,Never,Regular,No,21.3,2020-03-24,Chemotherapy,6.0,3.0,Alive,High
ONC-07339,68.0,Other,Liver,Stage III,0.68,Current,Regular,No,26.7,2020-09-03,,4.0,31.0,Alive,Critical
ONC-06303,61.0,Male,Brain,Stage III,2.2,Former,,No,28.6,2022-08-13,Immunotherapy,5.0,7.0,Alive,High
ONC-00721,48.0,Male,Brain,Stage I,1.65,Current,None,Yes,12.9,2018-08-02,Immunotherapy,5.0,8.0,Deceased,Medium
ONC-02844,59.0,Male,Brain,Stage IV,4.24,Current,Heavy,No,29.3,2016-07-25,,5.0,,Alive,High
ONC-00560,61.0,Female,Breast,Stage IV,2.64,Current,Heavy,,30.5,2023-07-19,,7.0,0.0,Alive,High
ONC-03942,37.0,Male,,Stage IV,2.7,Former,,No,22.1,2018-11-12,Surgery,5.0,1.0,Deceased,Low
ONC-02878,47.0,,Brain,Stage I,7.0,Former,Regular,Yes,,2024-12-03,Immunotherapy,2.0,2.0,Deceased,Low
ONC-04168,59.0,,Colorectal,Stage II,0.91,Current,,No,31.9,2015-02-11,Chemotherapy,5.0,3.0,Alive,Medium
ONC-03910,34.0,Female,Lung,Stage IV,19.62,Current,,No,25.2,2023-03-07,Surgery,6.0,15.0,Alive,Critical
ONC-01211,44.0,Female,Skin (Melanoma),Stage III,3.11,Current,Occasional,No,23.3,2018-07-30,Palliative Care,4.0,5.0,Alive,High
ONC-00179,41.0,Male,Prostate,Stage IV,,Current,Regular,No,28.8,2018-01-29,Palliative Care,5.0,11.0,Deceased,High
ONC-06592,,Female,Prostate,Stage I,,Never,Occasional,No,32.4,2023-03-15,Immunotherapy,6.0,5.0,Alive,Medium
ONC-00620,55.0,Other,,Stage I,4.58,Current,Heavy,No,29.2,2017-08-07,,7.0,0.0,Alive,Low
ONC-05199,47.0,Other,Blood (Leukemia),,3.25,Former,Occasional,No,23.4,2024-06-27,Surgery,,11.0,Alive,Low
ONC-02624,64.0,-,Ovarian,Stage I,3.61,Current,Heavy,Yes,24.7,2020-09-23,Chemotherapy,4.0,,Deceased,Low
ONC-07338,49.0,Other,Skin (Melanoma),Stage IV,0.11,,Heavy,Yes,31.5,2018-12-29,Palliative Care,11.0,,Alive,High
ONC-06062,47.0,Other,Colorectal,,1.88,Current,Regular,No,29.3,2017-11-15,Immunotherapy,,,Alive,
ONC-05993,45.0,Female,Ovarian,Stage I,4.97,Former,Heavy,No,39.3,2019-11-26,Radiation Therapy,6.0,45.0,Alive,Medium
ONC-04190,47.0,Female,Colorectal,Stage II,10.46,Current,None,No,34.0,2018-01-13,Immunotherapy,8.0,17.0,Deceased,Low
ONC-06975,61.0,,Colorectal,Stage IV,3.13,Never,,Yes,27.5,2021-02-01,Palliative Care,8.0,,Alive,Medium
ONC-04239,42.0,Male,Liver,Stage II,6.33,Current,Regular,No,27.0,2024-05-21,Radiation Therapy,,9.0,Alive,Critical
ONC-06287,77.0,Other,Ovarian,Stage II,3.23,Never,None,Yes,24.8,2021-08-30,Immunotherapy,3.0,15.0,Alive,Low
ONC-06653,51.0,Female,Blood (Leukemia),Stage III,0.1,Never,Regular,No,24.2,2017-12-05,Combination Therapy,8.0,0.0,Alive,Medium
ONC-04299,57.0,Female,Blood (Leukemia),Stage I,1.12,Never,Heavy,Yes,20.8,2021-05-21,Palliative Care,13.0,8.0,Alive,Low
ONC-06064,45.0,,Skin (Melanoma),Stage I,1.45,Never,Occasional,Yes,32.5,2019-07-09,Palliative Care,4.0,,Alive,Low
ONC-01933,70.0,Female,Lung,Stage II,0.8,Current,Regular,Yes,31.0,2021-09-23,Palliative Care,7.0,33.0,Alive,Medium
ONC-03663,48.0,Other,Brain,Stage I,2.05,Former,Regular,Yes,27.0,2022-10-24,Radiation Therapy,4.0,6.0,Deceased,Low
ONC-06356,61.0,Other,,Stage III,3.59,Current,None,No,30.4,2017-05-04,Immunotherapy,6.0,0.0,Deceased,Low
ONC-04886,80.0,Male,Breast,Stage I,,Former,Regular,,19.4,2022-03-26,,4.0,22.0,,Low
ONC-05344,34.0,Female,Prostate,Stage I,5.98,Never,Heavy,No,31.1,2023-09-10,Surgery,,3.0,Alive,Medium
ONC-07360,60.0,Female,Pancreatic,Stage III,20.0,Never,Regular,No,27.2,2019-01-07,,10.0,89.0,,High
ONC-00041,59.0,Female,Breast,Stage IV,17.35,Former,Regular,Yes,30.9,2017-07-02,Surgery,9.0,1.0,Alive,High
ONC-07310,73.0,Other,Blood (Leukemia),Stage I,0.2,Never,Heavy,Yes,27.8,2021-12-14,Palliative Care,9.0,29.0,Alive,Low
ONC-03133,20.0,Male,Skin (Melanoma),Stage III,0.83,Former,,,25.5,2021-07-30,Radiation Therapy,10.0,8.0,Deceased,Medium
ONC-05139,63.0,Other,Skin (Melanoma),Stage I,5.01,Never,Heavy,Yes,26.4,2024-02-07,Chemotherapy,5.0,5.0,Alive,Medium
ONC-05942,82.0,Other,Skin (Melanoma),Stage IV,3.08,Current,,Yes,27.6,,Radiation Therapy,5.0,37.0,,Critical
ONC-05997,54.0,Other,Liver,,1.42,Never,Regular,No,27.1,,,7.0,9.0,Alive,Low
ONC-05552,71.0,Female,,Stage IV,0.1,Former,,Yes,19.8,2023-12-14,Radiation Therapy,3.0,3.0,Deceased,
ONC-06452,79.0,Female,Breast,Stage II,0.71,Former,None,Yes,30.2,2020-05-07,,5.0,2.0,,Low
ONC-07497,22.0,Other,Breast,Stage I,1.64,Never,Occasional,Yes,,2022-08-14,Combination Therapy,2.0,35.0,Deceased,Medium
ONC-00528,58.0,Female,Colorectal,Stage I,0.26,Never,,No,28.8,2018-06-30,Immunotherapy,8.0,17.0,,Low
ONC-03490,41.0,Female,Pancreatic,Stage I,0.88,,Heavy,No,31.4,,,,23.0,Alive,Low
ONC-03296,60.0,Male,Breast,Stage I,13.27,Never,Occasional,Yes,20.3,2022-01-17,Radiation Therapy,5.0,27.0,Deceased,Low
ONC-02319,80.0,Male,Ovarian,Stage I,5.29,Former,None,Yes,19.2,,Surgery,5.0,8.0,Alive,Low
ONC-02692,,Male,Brain,Stage I,5.73,Former,Occasional,No,,2021-05-05,Immunotherapy,8.0,12.0,Alive,Low
ONC-06740,77.0,Female,Blood (Leukemia),Stage I,,Never,Regular,No,21.7,,Chemotherapy,5.0,0.0,,
ONC-03972,61.0,Female,Blood (Leukemia),Stage II,3.73,Never,Heavy,Yes,24.4,2018-11-08,Surgery,9.0,3.0,Alive,Medium
ONC-00911,47.0,Other,Blood (Leukemia),Stage IV,1.89,Current,None,No,29.9,2022-05-03,,6.0,7.0,Deceased,Critical
ONC-02542,76.0,Male,Blood (Leukemia),Stage I,1.17,Former,Heavy,Yes,30.0,2019-11-13,Surgery,,15.0,Alive,Low
ONC-02006,,Other,Prostate,Stage IV,0.3,Never,None,Yes,33.4,2021-01-28,Palliative Care,9.0,18.0,Deceased,High
ONC-00559,34.0,Female,Pancreatic,Stage I,2.22,Former,Occasional,Yes,24.9,2018-10-08,,9.0,10.0,Alive,Low
ONC-00125,68.0,Female,,Stage I,0.14,Former,Regular,Yes,,,Combination Therapy,5.0,2.0,Alive,Medium
ONC-01471,55.0,Male,Breast,Stage I,1.41,Current,Regular,Yes,26.2,2016-11-21,,5.0,1.0,Deceased,Critical
ONC-04869,47.0,Male,,Stage II,0.82,Former,Regular,Yes,23.5,2022-02-25,Chemotherapy,7.0,35.0,Alive,Low
ONC-04834,50.0,Male,Liver,Stage IV,1.76,Never,None,No,18.2,2017-03-21,Chemotherapy,3.0,35.0,Alive,High
ONC-06055,33.0,Male,Prostate,Stage II,2.15,Current,,No,17.5,2018-09-11,Surgery,,20.0,,High
ONC-01775,48.0,Other,Prostate,Stage I,1.16,Current,Heavy,No,21.9,2023-02-02,Surgery,3.0,19.0,Alive,Low
ONC-01213,42.0,Other,,Stage II,4.07,Never,None,No,,2023-02-17,Chemotherapy,,89.0,,Medium
ONC-01184,33.0,Female,Liver,Stage I,1.26,Never,,No,18.5,2020-02-16,Surgery,7.0,11.0,Alive,Low
ONC-00225,45.0,Other,Blood (Leukemia),Stage III,1.83,Never,Regular,No,25.9,2022-10-08,Chemotherapy,3.0,9.0,Alive,High
ONC-01952,53.0,,Skin (Melanoma),Stage IV,2.13,Never,Regular,No,28.1,2021-08-06,Radiation Therapy,12.0,34.0,Deceased,Critical
ONC-06110,68.0,Female,Colorectal,Stage III,6.51,Current,Regular,Yes,25.1,2018-02-16,,9.0,0.0,Deceased,Low
ONC-00429,71.0,Male,Ovarian,Stage II,0.61,Current,Occasional,Yes,14.8,,Palliative Care,6.0,21.0,Alive,Medium
ONC-01300,88.0,,Colorectal,Stage I,3.1,,Occasional,No,26.2,2020-10-15,Surgery,5.0,33.0,Deceased,Low
ONC-01372,81.0,Female,Lung,Stage III,0.77,Current,None,Yes,30.8,2020-01-04,Combination Therapy,7.0,30.0,Alive,High
ONC-05683,83.0,Female,Skin (Melanoma),Stage II,2.67,,None,Yes,17.1,2024-11-21,Surgery,,23.0,Alive,Medium
ONC-03252,47.0,Female,Brain,Stage IV,6.38,Former,None,,17.1,2018-08-12,Chemotherapy,5.0,40.0,Alive,Critical
ONC-00828,70.0,Male,Pancreatic,Stage IV,1.84,Never,Regular,No,20.7,2024-03-09,Chemotherapy,,37.0,Alive,Critical
ONC-03310,57.0,Other,Breast,Stage I,1.88,Never,Heavy,No,31.1,,Chemotherapy,11.0,44.0,Alive,Low
ONC-03745,62.0,Other,Colorectal,Stage III,2.45,Never,None,No,32.6,2024-09-22,Surgery,3.0,1.0,,Critical
ONC-02526,88.0,-,Skin (Melanoma),Stage I,3.59,,Occasional,Yes,24.3,2015-11-30,Combination Therapy,7.0,2.0,,Low
ONC-01672,58.0,Male,Brain,Stage IV,2.39,,None,Yes,19.7,2016-09-06,Combination Therapy,7.0,3.0,Alive,Critical
ONC-02859,68.0,Other,Breast,Stage IV,0.83,Never,Heavy,No,30.0,2016-09-03,Chemotherapy,7.0,2.0,Alive,High
ONC-01278,45.0,Female,Ovarian,Stage I,4.63,Current,None,No,26.9,2016-06-05,,10.0,,Alive,High
ONC-00746,52.0,Other,Pancreatic,Stage IV,0.44,,None,Yes,22.2,2019-10-29,Surgery,4.0,76.0,Alive,Critical
ONC-07364,,Female,Pancreatic,Stage III,1.95,,Heavy,Yes,23.0,2023-03-10,Combination Therapy,9.0,,Alive,
ONC-00142,41.0,Other,Prostate,Stage II,1.53,Never,Regular,,22.4,2019-06-15,Palliative Care,6.0,,,Medium
ONC-06136,76.0,Female,Blood (Leukemia),Stage I,1.15,Former,None,No,28.8,,Radiation Therapy,1.0,2.0,Alive,Low
ONC-05106,57.0,,Prostate,Stage III,1.82,Current,,No,21.8,2022-08-10,Surgery,8.0,0.0,Alive,High
ONC-02249,56.0,Other,Ovarian,Stage I,6.04,Former,Occasional,No,,2018-02-17,Immunotherapy,,3.0,Alive,Low
ONC-00455,78.0,,Blood (Leukemia),Stage II,0.29,Current,Occasional,,17.8,2017-01-23,Chemotherapy,,20.0,Alive,Medium
ONC-00507,60.0,Other,Liver,,,Never,Heavy,Yes,30.7,2016-12-24,Immunotherapy,8.0,,Alive,Low
ONC-06485,37.0,Female,Prostate,Stage III,6.55,Current,,,21.7,2018-08-12,Radiation Therapy,4.0,36.0,Alive,Critical
ONC-00441,56.0,,Breast,Stage III,2.26,Never,Occasional,No,28.7,2021-09-10,Surgery,5.0,41.0,,High
ONC-03251,,Female,Blood (Leukemia),Stage IV,0.69,Never,,,,2015-11-29,Surgery,15.0,6.0,Deceased,Critical
ONC-01828,80.0,Male,,Stage IV,3.54,Current,Occasional,Yes,35.1,2017-07-06,Palliative Care,4.0,7.0,Alive,Critical
ONC-00111,55.0,Male,Breast,Stage III,2.29,Current,Regular,Yes,22.6,,Radiation Therapy,6.0,16.0,Alive,High
ONC-04741,51.0,Other,Breast,Stage III,1.43,Never,Regular,No,30.2,2022-09-12,Chemotherapy,7.0,19.0,Alive,Medium
ONC-02997,,Female,Ovarian,,17.24,Current,Regular,No,25.7,2017-09-27,Combination Therapy,8.0,45.0,Deceased,Low
ONC-04608,62.0,Male,Pancreatic,Stage III,3.73,Current,Regular,No,24.0,2023-03-25,Chemotherapy,9.0,6.0,Deceased,High
ONC-05490,48.0,Other,Breast,Stage I,0.95,,Regular,,23.3,,Radiation Therapy,,23.0,Alive,Critical
ONC-06792,60.0,Male,Liver,Stage III,2.01,Never,Occasional,No,34.7,2021-07-11,Chemotherapy,4.0,18.0,Alive,Medium
ONC-00985,43.0,Female,,Stage III,1.08,Never,Regular,,27.5,2022-10-23,Chemotherapy,10.0,32.0,Deceased,
ONC-06358,63.0,Other,Blood (Leukemia),Stage III,0.73,Current,Occasional,Yes,24.3,2021-11-09,Radiation Therapy,5.0,14.0,Alive,Medium
ONC-01746,58.0,Female,Brain,Stage II,2.42,Never,Heavy,No,22.2,2018-07-17,Radiation Therapy,10.0,22.0,Alive,Critical
ONC-01583,54.0,Other,Ovarian,Stage II,1.66,Former,Heavy,Yes,28.1,2021-07-04,Immunotherapy,3.0,19.0,Alive,Medium
ONC-02448,73.0,,Liver,Stage III,0.1,Never,Heavy,Yes,29.5,2023-11-11,Radiation Therapy,10.0,16.0,,High
ONC-06161,45.0,Male,Lung,Stage I,2.12,Never,Heavy,,25.6,2018-12-01,Combination Therapy,8.0,,Alive,Low
ONC-03099,73.0,,Blood (Leukemia),Stage II,11.6,,Occasional,,30.5,,Combination Therapy,4.0,,Deceased,High
ONC-05862,76.0,Other,Brain,Stage III,4.38,Former,Regular,No,27.8,,Chemotherapy,0.0,73.0,Alive,High
ONC-00377,60.0,Other,Colorectal,Stage II,2.75,Former,,No,21.5,2023-03-05,Immunotherapy,5.0,4.0,Alive,Medium
ONC-07465,46.0,Other,Liver,Stage III,0.1,Never,Regular,No,29.8,2024-01-04,Radiation Therapy,4.0,11.0,Alive,Critical
ONC-00206,50.0,Other,Brain,Stage III,1.04,Current,Heavy,No,26.7,,Surgery,6.0,1.0,Alive,High
ONC-02195,66.0,Male,Liver,,7.87,Never,None,No,25.5,,Surgery,5.0,,Alive,Low
ONC-04909,,Male,,,7.62,Former,Occasional,,24.7,2020-01-11,Immunotherapy,7.0,25.0,Alive,Low
ONC-00928,70.0,,Ovarian,Stage I,10.71,Never,Regular,No,30.0,2020-01-22,Chemotherapy,5.0,1.0,Alive,Critical
ONC-05932,50.0,Other,Brain,Stage I,0.1,,Regular,Yes,17.2,2024-05-29,Surgery,4.0,7.0,Alive,High
ONC-02179,26.0,Other,Prostate,Stage I,3.93,Current,Heavy,No,24.5,2015-10-20,Combination Therapy,2.0,18.0,Deceased,Medium
ONC-03702,81.0,Female,Pancreatic,,3.61,,Occasional,No,,2018-03-08,Palliative Care,,38.0,Alive,Critical
ONC-03529,,Female,Lung,Stage II,5.39,Current,,No,25.9,,Chemotherapy,1.0,,Alive,
ONC-00419,59.0,Male,Prostate,Stage I,1.35,Current,Heavy,No,34.3,2024-10-01,,5.0,16.0,Alive,Low
ONC-00284,66.0,,Prostate,Stage II,7.47,Never,Regular,No,20.8,2020-03-07,Chemotherapy,,30.0,Deceased,Medium
ONC-03551,52.0,Other,Skin (Melanoma),Stage III,3.42,Never,None,No,25.0,2018-12-04,Immunotherapy,3.0,1.0,Deceased,High
ONC-04075,,Female,Ovarian,Stage IV,2.19,Never,Occasional,No,31.9,2017-10-16,Radiation Therapy,,3.0,Deceased,Critical
ONC-00872,,Female,Colorectal,Stage II,2.83,Never,Regular,No,21.9,2022-11-23,Palliative Care,7.0,9.0,,
ONC-02146,74.0,Male,Prostate,Stage II,5.18,Never,Regular,No,26.6,2021-05-10,Immunotherapy,6.0,21.0,Deceased,Low
ONC-05533,44.0,Male,Pancreatic,Stage III,6.95,Never,,Yes,22.7,2017-12-25,Chemotherapy,8.0,18.0,Alive,Critical
ONC-00355,49.0,Other,Prostate,Stage I,0.14,Former,None,Yes,25.5,2021-10-03,Radiation Therapy,,,Deceased,High
ONC-05593,68.0,Other,Ovarian,Stage III,0.85,Current,Occasional,,29.8,2017-12-04,Radiation Therapy,2.0,25.0,Alive,Critical
ONC-06940,,Other,Prostate,Stage I,0.6,Former,Regular,Yes,29.4,2022-11-14,Chemotherapy,2.0,14.0,Deceased,Low
ONC-05210,49.0,Female,Brain,,4.51,Current,None,Yes,31.1,2015-06-03,Radiation Therapy,6.0,1.0,,Critical
ONC-06812,45.0,Female,Skin (Melanoma),Stage II,,Never,Heavy,No,19.6,2015-11-29,,6.0,4.0,Alive,Medium
ONC-07072,75.0,Other,Breast,,5.98,Current,Heavy,No,19.6,,Chemotherapy,7.0,8.0,Alive,Medium
ONC-01141,49.0,Male,Liver,Stage III,1.27,Current,Heavy,Yes,22.2,2016-06-01,Radiation Therapy,2.0,8.0,Deceased,High
ONC-01156,99.0,Male,Blood (Leukemia),Stage IV,6.1,Current,Heavy,No,28.4,2018-09-30,Surgery,7.0,12.0,Alive,Medium
ONC-04187,64.0,,Pancreatic,Stage II,7.31,Current,Occasional,No,27.6,2019-01-21,Immunotherapy,9.0,8.0,,Low
ONC-02024,68.0,Other,Skin (Melanoma),,,,Heavy,No,24.7,2020-11-16,Chemotherapy,7.0,,Alive,Critical
ONC-03744,32.0,Other,Blood (Leukemia),Stage II,4.03,Never,Regular,No,27.4,2016-01-27,Surgery,5.0,2.0,Deceased,Medium
ONC-01639,71.0,Female,Blood (Leukemia),Stage II,3.96,Former,Occasional,,25.4,2017-06-16,,10.0,17.0,Alive,Low
ONC-00779,,Other,Prostate,Stage III,2.01,Former,Regular,Yes,22.4,2015-12-12,Immunotherapy,5.0,9.0,Alive,Medium
ONC-05827,65.0,Other,Blood (Leukemia),Stage I,0.77,,None,No,20.2,2017-08-03,Chemotherapy,4.0,15.0,Alive,Medium
ONC-00376,89.0,Female,Blood (Leukemia),Stage I,6.64,Former,Regular,No,20.9,2024-08-16,Palliative Care,5.0,3.0,Alive,Low
ONC-02423,47.0,Other,Colorectal,Stage I,4.38,,Regular,No,,2024-10-22,Chemotherapy,2.0,20.0,Alive,Low
ONC-06171,78.0,Male,Ovarian,Stage I,0.83,Former,Regular,No,31.8,2020-12-26,Combination Therapy,5.0,2.0,Alive,Medium
ONC-07101,82.0,Female,Blood (Leukemia),,1.21,Former,Occasional,No,35.1,2022-04-22,Chemotherapy,4.0,10.0,Deceased,Critical
ONC-04512,41.0,Female,Liver,Stage II,,Never,,Yes,20.6,2016-09-06,Palliative Care,1.0,14.0,Alive,Medium
ONC-03347,,Male,Prostate,Stage I,,,None,Yes,33.6,2020-05-10,Palliative Care,5.0,,Deceased,Low
ONC-01169,72.0,Male,Colorectal,Stage IV,1.06,Former,Occasional,Yes,26.0,2020-04-22,Radiation Therapy,3.0,,Alive,Critical
ONC-05674,59.0,Female,Pancreatic,Stage I,7.51,Current,Regular,No,25.4,2018-01-14,Radiation Therapy,8.0,0.0,Deceased,Medium
ONC-01903,74.0,Female,Colorectal,Stage II,0.82,Current,None,No,29.8,2018-08-01,Radiation Therapy,6.0,12.0,Deceased,Low
ONC-00631,32.0,Male,Breast,Stage III,0.97,Never,Regular,,,2024-08-28,Radiation Therapy,7.0,11.0,Deceased,Critical
ONC-04330,81.0,Other,Skin (Melanoma),Stage III,1.33,Current,Regular,Yes,25.1,2024-07-02,Chemotherapy,,13.0,Alive,High
ONC-03209,54.0,,Ovarian,Stage I,1.35,Never,Regular,No,27.5,2022-05-12,Surgery,3.0,6.0,Alive,Low
ONC-02595,80.0,Female,,,0.6,Never,Heavy,No,25.1,2018-12-16,Radiation Therapy,4.0,2.0,Alive,High
ONC-03600,77.0,Other,Prostate,Stage I,0.49,,Regular,Yes,19.6,2023-08-10,Surgery,7.0,30.0,Alive,Medium
ONC-05900,69.0,Male,Colorectal,Stage IV,2.34,Former,Occasional,Yes,18.8,,Immunotherapy,5.0,6.0,Deceased,Critical
ONC-03898,61.0,Female,Skin (Melanoma),Stage II,4.46,Current,,No,33.2,2020-06-24,,7.0,3.0,Alive,Medium
ONC-06466,61.0,Male,Blood (Leukemia),Stage I,4.94,Former,Regular,No,28.4,2016-11-03,Combination Therapy,7.0,3.0,Alive,Low
ONC-06138,54.0,Male,Blood (Leukemia),Stage II,2.03,Current,Occasional,No,27.9,2018-05-09,Radiation Therapy,3.0,3.0,Alive,Low
ONC-05715,61.0,Female,Prostate,Stage I,0.69,Former,None,Yes,23.3,2017-06-03,Radiation Therapy,6.0,34.0,Alive,Medium
ONC-03934,72.0,Male,Liver,Stage III,1.13,Former,Occasional,Yes,28.8,2018-06-17,Chemotherapy,3.0,1.0,Alive,Medium
ONC-01551,48.0,Other,,Stage I,3.49,Former,Occasional,No,24.3,2018-08-03,Immunotherapy,6.0,4.0,Deceased,Low
ONC-06650,48.0,Male,Colorectal,,2.11,Former,Heavy,,25.0,2020-04-17,Palliative Care,5.0,10.0,Alive,Low
ONC-06554,,Female,Skin (Melanoma),Stage II,3.85,Current,Occasional,,24.4,2015-10-25,Immunotherapy,5.0,12.0,,Low
ONC-00126,71.0,,Brain,Stage I,2.12,Current,Regular,No,,2022-03-20,Surgery,3.0,13.0,Alive,Medium
ONC-03782,39.0,Male,Brain,Stage II,0.41,Former,Regular,Yes,20.8,2019-10-05,,10.0,18.0,Deceased,Medium
ONC-03367,65.0,,Ovarian,,4.81,Current,-,No,26.4,2018-07-26,Immunotherapy,5.0,12.0,Alive,Low
ONC-01600,43.0,Male,Ovarian,Stage I,2.45,Current,,Yes,,2020-01-25,Radiation Therapy,1.0,3.0,Deceased,Low
ONC-01503,68.0,Male,Breast,Stage IV,4.86,Never,Heavy,No,28.6,2022-12-20,Combination Therapy,4.0,2.0,Deceased,
ONC-06026,55.0,Other,Skin (Melanoma),Stage III,1.42,Never,None,Yes,32.3,,Chemotherapy,,3.0,Alive,High
ONC-02015,45.0,Other,Lung,Stage IV,0.34,Former,None,,21.2,2015-09-27,Surgery,8.0,,Deceased,Critical
ONC-03206,62.0,Female,Ovarian,Stage IV,1.67,Current,Heavy,No,37.4,2020-03-01,Surgery,,,Alive,Critical
ONC-04450,65.0,Female,Pancreatic,Stage II,,,Regular,Yes,16.1,2020-06-07,Surgery,2.0,23.0,Alive,High
ONC-05327,61.0,Other,Skin (Melanoma),Stage III,0.66,,Occasional,Yes,34.7,2022-06-18,Radiation Therapy,7.0,4.0,Alive,Medium
ONC-02440,33.0,Male,Brain,Stage II,,Current,Occasional,Yes,21.9,2016-10-18,,5.0,16.0,Deceased,Low
ONC-05493,66.0,Male,Pancreatic,Stage III,3.06,Never,Regular,No,26.0,2023-05-23,Palliative Care,8.0,14.0,Alive,High
ONC-01417,47.0,Other,Pancreatic,,4.03,Former,Occasional,Yes,23.8,2018-06-29,Immunotherapy,9.0,6.0,Alive,
ONC-01416,72.0,Male,Brain,Stage II,9.99,,Occasional,Yes,28.1,2019-09-16,Surgery,,106.0,Alive,Low
ONC-04332,,Male,Blood (Leukemia),Stage IV,1.55,Former,Heavy,No,31.6,2020-07-04,Combination Therapy,8.0,9.0,Alive,Critical
ONC-04397,80.0,Other,Pancreatic,Stage IV,1.3,Never,Regular,No,30.0,2018-05-15,Immunotherapy,8.0,69.0,Deceased,Medium
ONC-02741,65.0,Female,Skin (Melanoma),Stage I,0.53,Never,None,,25.4,2021-10-04,Immunotherapy,4.0,20.0,Alive,Low
ONC-07402,69.0,Male,Ovarian,Stage II,1.15,,Occasional,No,21.3,2015-07-08,Radiation Therapy,5.0,6.0,Alive,Low
ONC-03709,74.0,Male,Blood (Leukemia),Stage I,1.6,Former,None,,16.3,2022-02-22,Surgery,4.0,11.0,Alive,Medium
ONC-02199,44.0,Female,Prostate,Stage I,2.84,Never,Occasional,No,34.4,2017-03-03,Combination Therapy,6.0,5.0,Alive,Low
ONC-05605,48.0,Other,Colorectal,Stage II,0.23,Current,,Yes,21.9,,,5.0,,Alive,Medium
ONC-05656,37.0,Other,Breast,Stage III,0.63,Current,Heavy,No,24.0,2016-06-08,Palliative Care,,35.0,Alive,High
ONC-02797,47.0,Female,Breast,Stage I,,Former,Heavy,,26.9,2020-04-30,Radiation Therapy,13.0,16.0,Deceased,
ONC-06190,50.0,Female,Brain,Stage I,2.22,,Heavy,No,29.3,2018-12-31,Palliative Care,5.0,58.0,Alive,Low
ONC-00936,70.0,Male,Colorectal,Stage I,11.47,Current,Occasional,Yes,27.2,2015-06-30,Immunotherapy,7.0,19.0,Alive,Low
ONC-04700,60.0,Male,Liver,Stage III,2.64,Never,Regular,No,21.4,,Combination Therapy,6.0,6.0,,High
ONC-05174,43.0,Female,Skin (Melanoma),Stage III,8.8,Current,Regular,Yes,24.1,2020-09-14,Palliative Care,3.0,4.0,Deceased,High
ONC-02746,54.0,Female,Brain,Stage II,4.75,Former,Regular,No,27.1,,Immunotherapy,7.0,6.0,Deceased,Medium
ONC-05662,63.0,Female,Prostate,,2.84,Former,,No,24.4,2017-06-21,Combination Therapy,2.0,10.0,,Low
ONC-01934,58.0,,Ovarian,Stage II,1.98,,Heavy,Yes,26.7,2017-12-30,Surgery,7.0,17.0,Alive,Medium
ONC-04520,65.0,Female,Pancreatic,Stage I,15.27,Current,Regular,Yes,30.6,2021-06-06,,3.0,31.0,Alive,High
ONC-05292,,Male,Skin (Melanoma),Stage III,3.92,Never,Heavy,,22.6,2016-10-22,Radiation Therapy,4.0,18.0,Alive,Medium
ONC-00929,61.0,Male,,Stage I,4.69,Current,Heavy,No,21.7,2018-11-08,Palliative Care,8.0,26.0,Alive,Low
ONC-05826,,Male,Liver,Stage III,7.63,Never,None,Yes,21.8,2019-03-27,,6.0,14.0,Alive,Medium
ONC-03863,39.0,Other,Colorectal,Stage I,7.3,Never,Heavy,Yes,25.9,2015-06-20,Radiation Therapy,6.0,48.0,Alive,Low
ONC-04378,77.0,Male,Breast,Stage II,4.93,Former,Regular,Yes,26.6,,Radiation Therapy,6.0,,Alive,Low
ONC-06762,31.0,Other,Liver,Stage IV,0.54,Former,Occasional,No,27.0,2015-08-08,Chemotherapy,6.0,18.0,Alive,Medium
ONC-03002,40.0,Male,Pancreatic,Stage IV,5.28,Current,Heavy,No,26.1,2022-07-02,Surgery,3.0,5.0,Alive,High
ONC-00481,49.0,Other,Colorectal,Stage I,3.39,Former,Regular,Yes,20.4,2015-01-23,Palliative Care,4.0,,Deceased,Low
ONC-01579,,Male,Pancreatic,Stage IV,,Current,None,Yes,23.6,,Radiation Therapy,10.0,95.0,Deceased,High
ONC-04436,69.0,Female,Pancreatic,Stage II,0.78,,Occasional,Yes,21.5,2024-04-18,Combination Therapy,5.0,4.0,Alive,
ONC-02510,42.0,Female,,Stage I,2.62,,Heavy,,23.3,2021-12-24,Radiation Therapy,6.0,20.0,Alive,Low
ONC-00898,86.0,,Lung,Stage III,4.55,Former,Occasional,,20.5,2024-01-29,,8.0,20.0,Alive,Critical
ONC-06114,57.0,Male,Skin (Melanoma),Stage III,1.75,Former,None,Yes,27.8,,Surgery,7.0,3.0,Alive,Medium
ONC-03957,38.0,Male,Ovarian,Stage IV,0.9,Current,Regular,Yes,15.1,2015-12-03,Palliative Care,9.0,34.0,Alive,High
ONC-04275,49.0,Other,Pancreatic,Stage IV,,Current,None,,21.3,2020-02-23,Combination Therapy,7.0,,Alive,
ONC-01200,43.0,Other,Lung,Stage II,0.48,Current,Regular,No,22.3,2021-12-08,Surgery,5.0,52.0,Alive,High
ONC-04624,29.0,Female,Brain,Stage I,1.91,Former,Occasional,Yes,17.9,2024-04-27,Immunotherapy,8.0,,Alive,Low
ONC-03019,53.0,Male,Blood (Leukemia),Stage IV,0.21,Never,None,Yes,31.1,2015-09-17,Combination Therapy,10.0,2.0,Alive,Critical
ONC-00803,50.0,Female,,Stage II,0.49,Former,Regular,No,26.0,2016-01-05,,9.0,39.0,Deceased,Medium
ONC-01919,37.0,Male,Brain,Stage IV,0.83,Former,None,,20.8,2023-05-26,Palliative Care,8.0,,Alive,Critical
ONC-04833,67.0,Male,,Stage II,0.57,Former,Occasional,Yes,19.5,2022-12-04,Palliative Care,8.0,1.0,Alive,High
ONC-00207,80.0,Other,Lung,Stage IV,0.26,Current,None,No,23.5,2017-12-23,Palliative Care,6.0,1.0,Deceased,
ONC-03100,50.0,Other,Lung,Stage II,4.16,Former,Heavy,Yes,27.8,2015-12-29,Chemotherapy,,,Alive,
ONC-02988,65.0,Other,Liver,Stage I,1.88,,Heavy,Yes,29.6,2024-05-26,Surgery,6.0,39.0,Deceased,Low
ONC-00070,,Female,Liver,Stage III,1.78,Never,Heavy,Yes,28.6,2018-12-24,Radiation Therapy,2.0,1.0,Alive,Low
ONC-02386,47.0,Other,Colorectal,Stage III,0.48,Former,Heavy,No,23.8,2022-10-03,Chemotherapy,4.0,57.0,Alive,Medium
ONC-06673,52.0,Other,Skin (Melanoma),Stage IV,0.64,Former,None,Yes,25.5,2020-05-05,Palliative Care,7.0,23.0,,Medium
ONC-05205,,Other,Brain,Stage II,0.69,Never,Regular,Yes,26.5,,Combination Therapy,7.0,28.0,Alive,High
ONC-00993,57.0,Other,Colorectal,Stage I,0.49,Former,Regular,Yes,24.6,2023-11-28,Combination Therapy,4.0,19.0,Alive,Low
ONC-03320,69.0,,Prostate,Stage I,1.23,Current,Heavy,No,25.4,2018-08-08,Immunotherapy,,28.0,Alive,Low
ONC-03374,59.0,Male,Lung,Stage IV,4.49,Current,None,No,27.1,2021-03-28,Surgery,8.0,6.0,Alive,Critical
ONC-03665,76.0,Other,Liver,Stage II,3.19,Former,None,No,35.0,2016-02-28,Surgery,8.0,3.0,,Low
ONC-02167,66.0,Other,Blood (Leukemia),Stage III,1.61,Current,Occasional,No,23.3,2015-07-24,Immunotherapy,12.0,76.0,Alive,High
ONC-04031,74.0,Other,Skin (Melanoma),Stage III,4.46,Current,Occasional,,18.5,2024-09-28,Surgery,7.0,,Alive,
ONC-00859,65.0,Female,Pancreatic,Stage IV,5.15,Never,,No,22.0,2021-03-15,Immunotherapy,6.0,11.0,Alive,Critical
ONC-00466,,Male,Prostate,Stage IV,1.2,Never,Heavy,Yes,28.4,2015-09-15,Radiation Therapy,4.0,11.0,Alive,Critical
ONC-00297,55.0,Male,Liver,Stage II,2.18,,None,No,22.9,2020-12-20,Radiation Therapy,3.0,23.0,Alive,Medium
ONC-05530,57.0,Other,Ovarian,Stage III,0.34,Former,Occasional,Yes,20.1,2020-05-06,Radiation Therapy,3.0,7.0,Alive,Critical
ONC-01359,59.0,Female,Breast,Stage IV,0.49,Former,,No,31.9,2017-12-01,Palliative Care,6.0,28.0,Alive,Critical
ONC-05367,65.0,Other,Liver,Stage I,8.37,,Heavy,Yes,24.7,2018-04-26,Immunotherapy,8.0,0.0,,Low
ONC-04487,58.0,Female,Liver,Stage III,4.36,Never,,No,23.8,2022-04-28,Chemotherapy,,22.0,Deceased,Low
ONC-01133,77.0,Female,Blood (Leukemia),Stage II,2.86,Former,None,No,30.6,2019-09-22,,4.0,1.0,Alive,Low
ONC-05457,63.0,Female,Lung,,1.31,Former,Occasional,No,21.8,,Radiation Therapy,,26.0,Alive,Critical
ONC-05421,75.0,Female,Lung,Stage IV,1.13,Never,Regular,No,31.4,2024-11-08,Surgery,4.0,7.0,Alive,Low
ONC-02544,,Male,Brain,Stage I,3.62,Current,Occasional,Yes,22.3,2016-08-09,,12.0,2.0,,Critical
ONC-04598,53.0,,Colorectal,Stage IV,3.15,Current,Regular,No,27.7,2022-12-27,Combination Therapy,8.0,16.0,Deceased,
ONC-02091,,Female,,Stage I,3.83,Never,Regular,Yes,28.6,2022-06-27,Radiation Therapy,6.0,13.0,Alive,Low
ONC-04796,69.0,Female,Brain,,,,Regular,Yes,23.9,2018-01-07,Surgery,5.0,18.0,Alive,Low
ONC-01256,46.0,Male,Ovarian,Stage II,11.41,Former,Regular,No,20.7,2022-01-28,Combination Therapy,5.0,15.0,Alive,Medium
ONC-02155,30.0,Female,Blood (Leukemia),Stage II,2.45,Former,None,Yes,28.4,2024-12-08,Palliative Care,6.0,14.0,Alive,Medium
ONC-01288,33.0,Other,Prostate,Stage IV,1.1,Current,Regular,No,38.6,2017-05-07,,,1.0,Alive,High
ONC-02873,59.0,Female,Brain,Stage III,4.04,Current,None,Yes,21.6,2021-04-21,Surgery,6.0,21.0,Alive,Medium
ONC-05220,87.0,Other,Pancreatic,,0.72,Former,Regular,Yes,18.6,2020-11-25,Palliative Care,,5.0,Alive,Low
ONC-06581,25.0,Male,Colorectal,Stage IV,0.79,Former,,No,26.0,2016-04-04,Chemotherapy,7.0,53.0,Alive,
ONC-02184,39.0,,Prostate,Stage II,0.53,Never,Regular,No,27.3,2017-06-13,,8.0,17.0,Alive,Medium
ONC-03026,88.0,Male,Lung,Stage I,11.71,Current,Heavy,No,,2022-09-27,Combination Therapy,13.0,120.0,Alive,
ONC-06803,60.0,Other,Breast,Stage III,9.92,Never,Regular,No,24.5,2024-09-22,Palliative Care,3.0,34.0,Alive,Critical
ONC-05652,46.0,,Brain,Stage III,1.9,Never,Heavy,Yes,20.7,2022-04-23,Radiation Therapy,5.0,17.0,Alive,High
ONC-06779,77.0,Female,Pancreatic,Stage III,3.02,Former,,Yes,19.1,2019-09-13,Combination Therapy,6.0,20.0,Alive,High
ONC-04036,66.0,Male,Colorectal,Stage I,0.1,,Occasional,Yes,28.3,2016-11-18,Immunotherapy,9.0,0.0,Alive,Low
ONC-05105,65.0,Female,Liver,Stage I,2.93,Current,None,Yes,24.3,2023-10-02,,8.0,5.0,Alive,
ONC-05359,79.0,Other,Pancreatic,Stage IV,0.56,Never,Occasional,No,28.9,2016-04-26,,8.0,4.0,Alive,Medium
ONC-03896,49.0,Other,Colorectal,Stage III,1.89,Never,Regular,Yes,29.2,2020-09-11,Combination Therapy,6.0,0.0,Alive,High
ONC-00837,70.0,Other,Blood (Leukemia),Stage II,5.71,Current,Regular,Yes,18.4,,,2.0,,Deceased,Low
ONC-00546,57.0,Other,Brain,Stage III,0.46,,Regular,Yes,22.7,2017-06-03,Combination Therapy,6.0,,Alive,High
ONC-02410,57.0,Male,Brain,Stage II,4.31,Never,None,No,21.5,2023-09-17,Radiation Therapy,3.0,25.0,Deceased,Medium
ONC-03210,61.0,Other,Colorectal,Stage I,,Former,Regular,Yes,26.8,2020-11-30,Palliative Care,11.0,31.0,Alive,Low
ONC-05699,52.0,Female,Colorectal,Stage III,7.64,Former,None,,23.7,2018-08-16,Palliative Care,9.0,27.0,Alive,High
ONC-00430,45.0,Other,Blood (Leukemia),Stage IV,1.66,Current,Occasional,No,26.5,2019-06-18,Radiation Therapy,5.0,9.0,Deceased,High
ONC-00942,70.0,Other,,Stage IV,0.25,Current,Occasional,Yes,21.4,,Surgery,8.0,55.0,Alive,High
ONC-07251,90.0,Female,Breast,Stage II,0.1,Current,Heavy,No,28.2,2018-10-12,Chemotherapy,3.0,3.0,Alive,
ONC-01980,45.0,Male,Ovarian,Stage III,3.77,Former,Regular,,27.5,2018-02-16,Radiation Therapy,7.0,46.0,Alive,High
ONC-06892,56.0,Other,Brain,Stage III,1.29,Current,None,Yes,26.1,2019-04-08,Palliative Care,9.0,0.0,Deceased,Low
ONC-05543,65.0,,Prostate,,2.33,Never,Heavy,No,15.2,2021-03-15,Radiation Therapy,6.0,34.0,Deceased,Low
ONC-00269,85.0,Other,Liver,Stage IV,1.41,Current,Occasional,Yes,,2022-09-08,Immunotherapy,8.0,1.0,Alive,Critical
ONC-03932,59.0,Male,Breast,Stage III,5.53,Former,Regular,,29.3,2018-04-30,Combination Therapy,4.0,21.0,Deceased,High
ONC-07411,66.0,Male,Liver,Stage III,2.9,Current,Occasional,Yes,26.8,2017-06-17,Radiation Therapy,3.0,23.0,Deceased,Critical
ONC-00018,36.0,Female,Colorectal,Stage II,1.5,Current,Regular,No,32.0,2020-10-20,Immunotherapy,8.0,23.0,Alive,Medium
ONC-01152,39.0,Male,Breast,Stage II,0.23,Never,None,Yes,22.4,2021-06-14,Radiation Therapy,6.0,,Alive,Critical
ONC-00253,79.0,Male,Breast,Stage I,8.77,Current,None,Yes,23.0,2019-08-17,,,54.0,Deceased,Medium
ONC-01505,85.0,Female,Pancreatic,Stage IV,4.57,Former,Regular,No,32.7,2022-06-18,Immunotherapy,7.0,25.0,Alive,Critical
ONC-03470,68.0,Other,Ovarian,,0.66,Never,Occasional,No,20.4,2018-10-04,Combination Therapy,5.0,27.0,Deceased,Medium
ONC-04193,60.0,Female,Liver,Stage II,3.19,Current,None,Yes,15.5,2021-04-27,Radiation Therapy,9.0,10.0,Alive,Medium
ONC-05560,84.0,Male,Brain,,4.7,Never,Regular,Yes,28.8,2016-02-02,Surgery,8.0,8.0,Alive,
ONC-04808,57.0,N/A,Lung,Stage III,2.95,Never,Occasional,No,19.9,2024-01-20,,,2.0,Deceased,Medium
ONC-03536,37.0,Other,,Stage II,2.39,Former,Heavy,No,23.4,2023-12-13,Radiation Therapy,5.0,,Deceased,Low
ONC-02161,58.0,,Lung,Stage IV,0.19,Never,Heavy,No,28.6,2016-08-04,Immunotherapy,4.0,4.0,,
ONC-05766,59.0,Male,Lung,Stage III,2.87,Never,None,Yes,22.5,2020-07-27,,5.0,87.0,Alive,Critical
ONC-05568,48.0,Male,Colorectal,Stage II,0.26,Never,Heavy,Yes,26.9,,Radiation Therapy,4.0,9.0,Alive,Low
ONC-00077,59.0,Male,Prostate,Stage IV,0.69,Current,Regular,No,25.3,2020-05-14,Immunotherapy,6.0,19.0,Alive,Medium
ONC-04815,45.0,,Breast,Stage III,0.21,Former,Occasional,No,21.3,2022-08-10,Surgery,9.0,2.0,Alive,High
ONC-05628,95.0,Other,Brain,Stage I,,Never,Regular,,24.9,2016-05-18,Immunotherapy,1.0,0.0,Alive,High
ONC-03093,61.0,Male,Breast,Stage IV,0.94,,Occasional,No,18.5,2023-09-27,Surgery,5.0,,,Medium
ONC-03958,57.0,Other,Colorectal,Stage II,8.07,Current,Occasional,Yes,21.5,2018-07-10,Combination Therapy,5.0,18.0,Deceased,Medium
ONC-05878,88.0,Other,Breast,Stage I,9.26,,Regular,,23.3,2019-02-13,Palliative Care,9.0,2.0,Alive,Low
ONC-03500,58.0,Other,Pancreatic,Stage III,2.24,,None,Yes,25.1,,,5.0,59.0,Alive,Critical
ONC-01080,59.0,,Skin (Melanoma),Stage I,7.49,Former,Occasional,No,26.1,2023-06-07,Immunotherapy,5.0,56.0,Deceased,Critical
ONC-03915,73.0,Other,Brain,Stage II,2.77,Former,Regular,No,28.6,2016-11-26,Combination Therapy,5.0,2.0,Deceased,Low
ONC-07164,63.0,Female,Liver,,16.95,Current,None,,22.7,2016-08-19,Combination Therapy,7.0,20.0,Alive,High
ONC-07077,71.0,Male,Prostate,Stage II,6.31,Former,None,Yes,31.2,2023-06-09,Immunotherapy,,35.0,Deceased,Medium
ONC-06962,39.0,Other,Skin (Melanoma),Stage I,2.31,Never,Regular,Yes,28.6,,Palliative Care,6.0,20.0,Alive,
ONC-05466,,Female,Prostate,Stage II,,Never,Regular,Yes,17.9,2018-01-18,Surgery,6.0,45.0,Deceased,Low
ONC-03514,,Female,Prostate,,10.82,Current,Heavy,No,20.9,,Chemotherapy,5.0,12.0,Alive,High
ONC-04118,47.0,Male,,Stage IV,1.19,Former,Occasional,No,21.2,2019-09-05,Surgery,3.0,67.0,Alive,High
ONC-04539,66.0,Male,Breast,,11.87,Current,None,,34.9,2021-12-20,Immunotherapy,5.0,23.0,Alive,Medium
ONC-07280,39.0,Female,Pancreatic,Stage I,3.91,Former,None,No,29.8,2021-03-02,N/A,8.0,3.0,Deceased,Low
ONC-05957,47.0,Other,,,0.54,Current,None,No,32.5,2022-01-08,Combination Therapy,6.0,30.0,Deceased,Low
ONC-05638,48.0,Other,Breast,Stage I,4.13,Former,Heavy,Yes,39.0,2023-11-20,Combination Therapy,7.0,,Alive,Low
ONC-02104,51.0,Female,Colorectal,Stage IV,0.72,Current,Occasional,No,28.0,2016-12-21,Palliative Care,9.0,69.0,Alive,Critical
ONC-00908,54.0,Female,,Stage III,20.0,Never,Regular,Yes,26.9,2023-10-24,Radiation Therapy,8.0,5.0,Deceased,High
ONC-06885,53.0,Male,Breast,Stage III,2.27,Former,Heavy,Yes,22.0,2022-10-22,Combination Therapy,7.0,18.0,Alive,High
ONC-07005,51.0,,Brain,Stage III,1.95,Current,Heavy,,26.9,2018-10-19,Surgery,,1.0,Deceased,High
ONC-07433,69.0,Female,Colorectal,Stage II,2.5,Never,Occasional,No,22.9,2021-10-20,Radiation Therapy,7.0,17.0,Deceased,High
ONC-06719,67.0,Female,Prostate,Stage IV,3.2,Never,None,No,19.2,2022-12-23,Palliative Care,6.0,,Deceased,Critical
ONC-03968,52.0,Female,Ovarian,Stage IV,1.67,Never,NA,No,22.3,2023-12-23,Immunotherapy,6.0,28.0,Alive,Critical
ONC-02229,52.0,Female,,Stage III,1.74,Never,None,No,27.9,2020-06-05,Radiation Therapy,7.0,31.0,Alive,Critical
ONC-05232,60.0,Male,Pancreatic,Stage I,,Never,Heavy,,23.3,2023-07-21,Palliative Care,3.0,40.0,Alive,Low
ONC-04892,68.0,Other,Brain,Stage II,5.29,Current,Heavy,Yes,36.3,2015-04-18,Combination Therapy,2.0,0.0,Alive,Low
ONC-03280,70.0,Female,Colorectal,Stage I,0.25,Former,Unknown,No,37.3,2021-10-24,Chemotherapy,7.0,4.0,Alive,Low
ONC-07396,54.0,Male,Breast,Stage IV,1.39,Former,Occasional,Yes,25.0,2021-12-09,Palliative Care,3.0,7.0,Alive,Critical
ONC-03860,57.0,Other,Prostate,Stage II,,Former,Heavy,No,22.6,2016-06-18,Palliative Care,11.0,9.0,Alive,Medium
ONC-06156,,,Colorectal,Stage IV,1.33,Current,Heavy,Yes,29.5,2020-04-14,Chemotherapy,13.0,,Alive,High
ONC-00995,49.0,Other,Breast,Stage IV,0.43,Current,,,16.7,2020-10-26,Combination Therapy,4.0,32.0,,Critical
ONC-05024,81.0,Female,Skin (Melanoma),Stage III,1.96,Never,None,No,22.4,2015-11-27,Combination Therapy,8.0,5.0,Alive,Low
ONC-06598,69.0,Other,,Stage I,3.52,Current,Heavy,Yes,24.0,,Radiation Therapy,4.0,15.0,Deceased,Low
ONC-01636,65.0,Male,Liver,Stage II,3.68,Never,Regular,No,27.6,,Radiation Therapy,13.0,2.0,Alive,High
ONC-02062,46.0,Female,Lung,,6.68,Never,None,Yes,19.1,2016-12-28,Combination Therapy,,28.0,Alive,Low
ONC-04154,76.0,Female,Liver,Stage IV,,,Heavy,No,29.5,2021-03-16,Radiation Therapy,5.0,29.0,Alive,Critical
ONC-00235,64.0,Female,Ovarian,Stage II,2.43,Never,Occasional,No,25.4,2020-12-06,Chemotherapy,,10.0,Deceased,Medium
ONC-05141,34.0,,Colorectal,Stage IV,18.49,Never,,,20.7,2021-01-04,Radiation Therapy,7.0,0.0,Alive,Critical
ONC-02193,63.0,Female,Blood (Leukemia),,4.15,,Heavy,No,27.4,2024-10-04,Immunotherapy,4.0,3.0,Deceased,High
ONC-01473,,Male,Colorectal,Stage IV,4.48,Former,None,,,,Radiation Therapy,,2.0,Alive,High
ONC-05651,71.0,Male,Prostate,Stage III,3.5,Former,Regular,No,34.4,2017-11-29,Chemotherapy,8.0,3.0,Alive,Critical
ONC-01204,47.0,Male,Lung,Stage I,1.34,Current,Regular,No,27.3,2020-05-10,,4.0,88.0,Deceased,Low
ONC-06915,76.0,Other,Pancreatic,Stage III,6.83,Current,Heavy,No,29.0,2021-03-20,,8.0,23.0,Alive,High
ONC-06782,56.0,Other,Liver,Stage I,10.26,Never,None,No,24.4,2022-04-29,Radiation Therapy,9.0,,Deceased,Medium
ONC-00445,67.0,Other,Colorectal,Stage II,6.83,Former,Heavy,Yes,16.6,2019-04-30,Radiation Therapy,6.0,19.0,Alive,Critical
ONC-03076,71.0,Other,Skin (Melanoma),Stage I,3.13,Never,Regular,Yes,30.2,2018-11-17,Chemotherapy,,10.0,Alive,Low
ONC-05547,63.0,Female,Lung,Stage I,0.21,Current,Heavy,No,28.2,2015-04-21,Combination Therapy,1.0,34.0,Alive,Low
ONC-03072,45.0,Other,Skin (Melanoma),,7.16,Never,Regular,,30.7,2018-01-19,Immunotherapy,5.0,,Alive,Medium
ONC-03603,63.0,Other,Brain,,3.89,Never,,No,28.2,2022-10-31,Palliative Care,6.0,3.0,Deceased,Critical
ONC-06177,79.0,Other,Breast,Stage IV,0.86,,Regular,No,36.1,,,5.0,5.0,Alive,High
ONC-01580,53.0,Male,Pancreatic,Stage II,1.3,Current,Regular,Yes,29.7,,Palliative Care,4.0,23.0,,High
ONC-01305,,,Breast,Stage II,4.71,Current,Regular,No,17.7,2015-11-29,Palliative Care,9.0,16.0,Deceased,High
ONC-00347,37.0,Male,Pancreatic,Stage III,0.39,Never,None,Yes,22.5,2022-05-14,Chemotherapy,5.0,7.0,Alive,High
ONC-01644,36.0,Female,Lung,Stage I,6.34,Never,None,,31.7,2021-03-16,Radiation Therapy,,22.0,Deceased,Medium
ONC-02991,46.0,Female,Ovarian,Stage IV,1.4,Former,Regular,No,23.8,2022-09-03,Radiation Therapy,13.0,,Alive,Critical
ONC-00834,45.0,Male,Skin (Melanoma),Stage III,0.39,Former,,No,28.7,2020-01-02,Palliative Care,,4.0,Alive,Critical
ONC-01165,63.0,,Brain,Stage I,3.52,Current,Regular,,31.5,2016-03-27,Surgery,8.0,14.0,Alive,
ONC-06624,60.0,Other,Blood (Leukemia),Stage IV,2.67,Current,Occasional,Yes,,2018-03-20,Palliative Care,10.0,18.0,Alive,High
ONC-02141,40.0,Female,Brain,Stage II,0.16,Former,Heavy,No,26.3,2017-07-16,Combination Therapy,8.0,21.0,Deceased,High
ONC-01492,68.0,Male,Ovarian,Stage I,7.88,Never,Occasional,Yes,20.5,2024-05-05,Immunotherapy,11.0,0.0,Alive,Low
ONC-04735,53.0,Female,Ovarian,Stage I,1.03,Never,Heavy,,32.7,2022-12-01,Unknown,4.0,48.0,Deceased,Low
ONC-03051,58.0,Male,Brain,Stage IV,3.52,Never,Regular,Yes,25.1,2015-11-29,Immunotherapy,6.0,4.0,Alive,
ONC-06439,68.0,Male,Ovarian,Stage I,1.49,Never,Regular,,20.6,2019-12-21,Surgery,5.0,4.0,,Low
ONC-00264,67.0,Female,Liver,Stage III,2.4,,Heavy,Yes,26.4,2018-12-28,Combination Therapy,4.0,8.0,Deceased,Low
ONC-00382,79.0,Female,Prostate,Stage IV,1.8,Former,Occasional,No,35.0,2023-05-26,Palliative Care,4.0,,Alive,
ONC-04500,26.0,Female,Brain,Stage II,6.73,Former,Occasional,,23.6,2019-08-11,,,28.0,Deceased,Medium
ONC-00614,60.0,Female,,Stage I,9.56,Current,Occasional,No,19.1,2017-04-01,Chemotherapy,5.0,32.0,Alive,Low
ONC-04135,30.0,Other,Pancreatic,Stage II,1.27,Never,Occasional,Yes,34.8,2023-04-22,Radiation Therapy,,,Alive,Medium
ONC-00216,40.0,Other,Brain,Stage II,2.82,,Occasional,Yes,26.7,2015-08-04,Surgery,6.0,14.0,,Low
ONC-07495,52.0,Other,Liver,Stage I,1.8,Current,Occasional,Yes,27.1,2017-12-23,Combination Therapy,10.0,4.0,Alive,
ONC-06677,67.0,Female,Prostate,,7.96,Current,Occasional,Yes,31.6,,Surgery,2.0,10.0,Alive,Medium
ONC-03427,,Other,Ovarian,Stage I,0.94,Former,Regular,No,,2024-10-01,Palliative Care,7.0,19.0,Alive,Low
ONC-02866,83.0,Other,Skin (Melanoma),Stage II,4.61,Current,Occasional,No,20.7,2022-05-06,Combination Therapy,,26.0,Deceased,High
ONC-03387,57.0,Female,Liver,Stage I,13.13,Former,Heavy,Yes,22.7,,Immunotherapy,5.0,1.0,Alive,Medium
ONC-01113,32.0,Other,Prostate,,4.92,,Heavy,Yes,25.6,2016-02-12,Palliative Care,6.0,23.0,Deceased,Critical
ONC-03404,28.0,Male,Lung,Stage II,2.29,Current,None,Yes,20.8,2016-09-19,,11.0,8.0,Deceased,Low
ONC-06402,35.0,Female,Breast,Stage III,0.57,Former,Occasional,Yes,27.8,,Chemotherapy,5.0,,Alive,Critical
ONC-02697,84.0,Female,Colorectal,Stage III,1.18,Former,Occasional,No,26.3,2022-03-16,,4.0,73.0,Deceased,High
ONC-01694,46.0,Other,Pancreatic,,12.5,Former,None,Yes,21.3,,Combination Therapy,9.0,3.0,Deceased,Medium
ONC-07422,52.0,,Colorectal,Stage IV,1.45,Never,Occasional,Yes,39.4,,Immunotherapy,5.0,10.0,Alive,Critical
ONC-03056,63.0,,Pancreatic,Stage IV,2.46,,None,Yes,23.6,2018-12-08,Palliative Care,6.0,47.0,Alive,High
ONC-00033,62.0,Other,Skin (Melanoma),Stage I,0.26,,None,Yes,22.9,2017-12-19,,4.0,6.0,Deceased,Medium
ONC-00115,85.0,Female,Skin (Melanoma),Stage IV,7.17,,Occasional,No,27.8,2015-04-13,Combination Therapy,8.0,22.0,Deceased,
ONC-05566,58.0,Male,Lung,Stage IV,3.38,Former,None,Yes,32.9,2017-01-28,Radiation Therapy,8.0,20.0,Alive,Medium
ONC-06133,67.0,Female,,Stage IV,0.37,Current,,Yes,19.4,2016-08-02,Palliative Care,6.0,16.0,Alive,Critical
ONC-03272,54.0,Male,Breast,Stage III,0.1,Former,None,Yes,20.9,2015-07-16,Palliative Care,,11.0,Alive,Low
ONC-00587,77.0,Other,Ovarian,Stage I,3.73,Current,Occasional,No,38.9,2019-08-21,Radiation Therapy,4.0,4.0,Alive,Low
ONC-01348,72.0,Female,Liver,Stage I,0.58,Current,Heavy,Yes,33.5,2019-03-18,Combination Therapy,6.0,33.0,Alive,Medium
ONC-04865,46.0,Male,Ovarian,Stage I,1.98,Current,,Yes,20.4,2017-09-14,Chemotherapy,2.0,60.0,Alive,Low
ONC-01099,45.0,Other,Breast,Stage II,3.04,Current,Occasional,No,23.7,2022-06-13,Palliative Care,3.0,19.0,Deceased,
ONC-00394,41.0,Other,Lung,Stage IV,2.35,Current,None,,34.9,2024-12-22,Chemotherapy,2.0,9.0,Alive,Medium
ONC-05540,62.0,Female,Colorectal,Stage I,1.29,Current,Regular,Yes,20.4,2017-11-20,Surgery,,5.0,Alive,Low
ONC-07112,23.0,Male,Pancreatic,Stage III,0.65,Current,Occasional,No,17.1,2015-11-22,Palliative Care,2.0,73.0,Alive,Medium
ONC-05068,66.0,Other,,Stage II,3.64,Former,,No,28.8,2017-07-02,Radiation Therapy,6.0,3.0,Alive,Medium
ONC-02446,47.0,Other,Lung,Stage I,6.06,Former,Regular,Yes,27.5,2019-11-18,Radiation Therapy,7.0,,Alive,Medium
ONC-03478,,Male,Ovarian,Stage III,5.43,Never,Regular,No,25.3,2023-12-18,Surgery,7.0,13.0,Alive,Low
ONC-02329,36.0,Female,Liver,Stage II,0.93,,None,,27.5,2017-12-09,Palliative Care,7.0,29.0,Alive,Low
ONC-04314,25.0,Female,Prostate,,4.12,Never,None,No,25.8,2022-04-08,Chemotherapy,,2.0,Alive,High
ONC-07013,71.0,Female,Liver,Stage I,3.19,Current,None,No,29.2,2018-04-01,Surgery,7.0,15.0,Alive,Low
ONC-01710,84.0,Male,,Stage I,2.7,Former,,,22.8,2024-12-17,Surgery,8.0,0.0,Alive,Low
ONC-00984,84.0,Female,Prostate,Stage IV,16.19,Current,Occasional,Yes,30.3,2021-02-22,Immunotherapy,5.0,,Alive,Critical
ONC-04286,46.0,Female,Skin (Melanoma),Stage II,4.98,Never,None,No,24.6,2019-02-18,Combination Therapy,8.0,6.0,Alive,Medium
ONC-06682,,Female,Brain,Stage IV,2.34,Never,Regular,,23.0,2015-08-27,Radiation Therapy,6.0,5.0,Alive,High
ONC-00554,,Female,Colorectal,Stage II,1.69,-,Heavy,Yes,25.6,2023-03-27,Surgery,7.0,10.0,Deceased,Low
ONC-06836,48.0,Other,,Stage III,4.57,Never,None,No,30.3,2016-12-27,Combination Therapy,2.0,2.0,Alive,High
ONC-05529,76.0,Female,Brain,Stage IV,,Former,Occasional,No,,2021-09-27,Radiation Therapy,6.0,4.0,Deceased,Critical
ONC-03308,30.0,Female,Skin (Melanoma),Stage III,14.58,Never,None,No,29.8,2016-02-12,Immunotherapy,1.0,1.0,Alive,Medium
ONC-06100,72.0,Other,Colorectal,Stage I,8.91,,,Yes,27.4,2019-12-02,Combination Therapy,5.0,13.0,Deceased,Low
ONC-01254,69.0,Other,Breast,Stage I,0.47,Former,Occasional,Yes,30.6,2017-12-22,Immunotherapy,3.0,0.0,Alive,Low
ONC-06422,23.0,Female,Blood (Leukemia),Stage III,,Former,Regular,No,19.8,2024-02-03,,7.0,10.0,Deceased,High
ONC-05462,55.0,,Pancreatic,Stage IV,0.75,Current,Regular,No,20.1,2017-12-07,Surgery,7.0,0.0,Alive,Medium
ONC-05647,70.0,,Lung,Stage I,5.34,Current,None,No,28.4,2018-10-23,Chemotherapy,4.0,,Deceased,Low
ONC-02788,66.0,Female,Brain,Stage II,,Current,Occasional,Yes,19.1,2017-03-01,Immunotherapy,6.0,13.0,Alive,
ONC-04848,64.0,,Breast,Stage IV,0.48,Current,,Yes,31.2,2022-11-23,,10.0,5.0,Alive,Medium
ONC-07142,59.0,Female,Lung,Stage I,3.33,Current,Heavy,Yes,28.1,2018-02-18,Surgery,,73.0,Alive,Low
ONC-06924,40.0,Female,,Stage III,5.84,Never,Regular,No,27.7,2024-08-17,Combination Therapy,12.0,17.0,Deceased,High
ONC-00667,60.0,Male,Prostate,Stage I,,Former,None,No,26.1,,Chemotherapy,10.0,0.0,Deceased,Low
ONC-05107,52.0,Male,Blood (Leukemia),Stage I,1.15,Former,Heavy,Yes,23.1,2018-06-16,Palliative Care,4.0,60.0,Alive,Low
ONC-02680,47.0,,Skin (Melanoma),Stage III,,Current,Regular,No,19.8,2016-06-01,Chemotherapy,6.0,3.0,Alive,Critical
ONC-01414,68.0,Female,Breast,Stage IV,1.53,Current,Regular,No,31.0,2021-12-22,Radiation Therapy,7.0,39.0,Alive,High
ONC-05302,58.0,Other,Ovarian,Stage II,2.91,Current,Occasional,No,28.5,2016-07-04,Surgery,7.0,7.0,Alive,Low
ONC-00529,,Male,Pancreatic,Stage I,1.89,Never,Regular,No,26.5,2015-10-20,Combination Therapy,,34.0,Alive,
ONC-06200,63.0,Other,Blood (Leukemia),Stage IV,10.6,Never,,No,32.4,2016-12-28,Palliative Care,4.0,18.0,Alive,High
ONC-06863,40.0,Other,Prostate,Stage IV,1.56,,None,No,25.6,2015-08-14,Palliative Care,4.0,15.0,Deceased,High
ONC-02061,,Other,Brain,Stage II,0.69,Former,Occasional,No,32.7,2018-09-20,Radiation Therapy,3.0,28.0,,Medium
ONC-00486,28.0,Female,Lung,Stage II,0.7,Current,None,Yes,25.6,2019-05-13,Palliative Care,7.0,12.0,Alive,Medium
ONC-03592,44.0,Other,Skin (Melanoma),Stage IV,2.22,,None,No,28.1,2018-04-17,Palliative Care,3.0,6.0,Deceased,
ONC-06115,20.0,Male,Colorectal,,0.27,Former,Heavy,No,28.2,2024-06-19,Palliative Care,8.0,50.0,Deceased,High
ONC-06609,73.0,Female,Pancreatic,,7.42,Former,Occasional,No,21.0,2018-12-24,Immunotherapy,,6.0,Deceased,High
ONC-06847,83.0,Female,Prostate,Stage IV,3.38,Current,None,Yes,32.2,2024-06-22,Radiation Therapy,4.0,21.0,Alive,Medium
ONC-05591,,Female,,Stage III,0.76,Never,None,No,26.1,2015-04-04,Palliative Care,,2.0,Deceased,Critical
ONC-02782,68.0,Female,Liver,Stage II,0.76,Former,,No,22.6,2024-08-18,Surgery,10.0,21.0,Alive,
ONC-06019,,Female,Brain,Stage IV,1.93,Former,Regular,No,33.0,2017-09-20,Surgery,5.0,15.0,Alive,High
ONC-03864,88.0,Male,Colorectal,Stage I,7.96,Current,Regular,No,24.6,2018-10-31,Palliative Care,5.0,8.0,Alive,Low
ONC-02918,78.0,Male,Liver,Stage IV,0.9,Former,Regular,No,28.2,,Immunotherapy,5.0,2.0,Alive,Critical
ONC-06710,68.0,Female,Liver,Stage III,2.6,Former,Heavy,No,,2019-09-07,Surgery,,4.0,Deceased,High
ONC-05906,48.0,Female,Blood (Leukemia),Stage IV,0.87,Current,None,Yes,22.9,2021-02-09,Radiation Therapy,4.0,11.0,Alive,Critical
ONC-04670,58.0,Other,Skin (Melanoma),Stage I,2.63,Current,None,Yes,22.3,2022-09-14,,,1.0,Alive,Medium
ONC-01598,62.0,Female,Brain,,5.29,Current,Heavy,Yes,22.6,2021-11-18,Immunotherapy,7.0,12.0,Alive,Medium
ONC-04255,,Other,Breast,,1.96,Never,Regular,Yes,24.0,2023-04-27,Chemotherapy,8.0,9.0,Alive,High
ONC-01468,63.0,Female,,Stage IV,6.78,Current,Heavy,Yes,33.7,2024-07-02,,9.0,40.0,,Critical
ONC-04270,72.0,Male,Ovarian,Stage I,0.15,Former,None,Yes,27.5,2018-10-17,,7.0,12.0,Alive,Low
ONC-03289,,Female,Prostate,Stage I,7.47,Former,,No,23.4,2016-11-20,Surgery,6.0,10.0,Alive,Medium
ONC-06293,,Other,Colorectal,Stage II,10.17,Former,Heavy,No,24.4,2016-05-04,Combination Therapy,8.0,23.0,Alive,Low
ONC-05525,18.0,Female,Brain,,0.4,,Regular,Yes,29.2,2020-06-07,Immunotherapy,8.0,42.0,Deceased,Critical
ONC-07109,46.0,Other,Ovarian,Stage III,0.81,Current,Regular,No,20.5,2016-07-31,,6.0,8.0,Alive,High
ONC-01124,45.0,Male,Prostate,Stage III,1.52,Never,Regular,No,24.6,2020-03-28,Palliative Care,6.0,3.0,Deceased,Medium
ONC-02632,61.0,Other,Skin (Melanoma),Stage III,0.77,Never,None,Yes,24.6,2018-06-29,Surgery,6.0,0.0,Alive,Critical
ONC-00227,33.0,Female,Colorectal,,0.93,,Heavy,No,,2019-08-31,Palliative Care,,5.0,,Critical
ONC-01029,67.0,,,Stage IV,0.48,Current,Occasional,Yes,22.2,2018-02-25,Surgery,8.0,1.0,Deceased,High
ONC-03670,54.0,Male,Breast,Stage IV,4.94,,Regular,Yes,18.0,2019-05-24,Radiation Therapy,6.0,54.0,Deceased,Critical
ONC-03904,47.0,Other,Breast,Stage II,10.0,Current,Regular,No,25.2,2015-05-08,Immunotherapy,9.0,3.0,Alive,Low
ONC-05043,64.0,Male,Lung,Stage IV,0.15,Former,None,Yes,20.5,2020-04-13,Chemotherapy,,3.0,Deceased,
ONC-05830,44.0,Male,Liver,Stage I,3.57,Former,Heavy,Yes,30.5,2018-12-31,Chemotherapy,4.0,19.0,Alive,Low
ONC-00556,56.0,Female,Liver,Stage I,2.2,Former,Heavy,No,28.8,2024-09-24,Surgery,4.0,0.0,Deceased,Medium
ONC-02138,63.0,Male,Liver,Stage III,4.11,Former,Regular,,23.4,2021-11-10,Immunotherapy,6.0,16.0,Alive,Medium
ONC-05739,46.0,,Brain,Stage II,4.79,Former,Occasional,Yes,,2020-08-31,Surgery,13.0,9.0,Alive,Low
ONC-05737,66.0,Other,Liver,Stage IV,10.29,Never,Heavy,No,22.8,2019-03-05,Palliative Care,9.0,20.0,Deceased,Medium
ONC-03687,77.0,Female,Brain,Stage II,0.82,Former,Regular,No,33.8,2015-01-14,Chemotherapy,4.0,0.0,Alive,High
ONC-06754,74.0,,Ovarian,Stage II,3.57,Never,Regular,No,29.1,2022-09-21,Combination Therapy,8.0,5.0,Alive,Medium
ONC-06204,39.0,Male,Liver,Stage I,,Current,Occasional,Yes,27.1,2024-04-30,Palliative Care,6.0,14.0,Deceased,Low
ONC-00708,45.0,,Brain,Stage II,4.14,Former,Regular,Yes,30.3,2023-03-16,,10.0,0.0,Deceased,High
ONC-06724,,Male,Brain,Stage I,1.05,Former,Heavy,No,29.6,,Chemotherapy,5.0,28.0,Deceased,
ONC-07452,64.0,Other,Liver,Stage IV,1.16,Former,Occasional,Yes,28.9,2020-06-09,Chemotherapy,4.0,7.0,Alive,Critical
ONC-06484,51.0,,Blood (Leukemia),Stage I,12.06,Current,Heavy,No,26.3,2019-12-17,,7.0,6.0,Alive,Low
ONC-03729,53.0,Male,,Stage I,0.4,Current,Occasional,Yes,29.1,2021-06-19,Chemotherapy,,35.0,,High
ONC-04416,51.0,Male,Ovarian,Stage II,1.35,Current,None,Yes,17.3,2015-09-02,Radiation Therapy,3.0,,Alive,Low
ONC-03659,99.0,,Blood (Leukemia),Stage I,6.35,,,No,,2017-09-15,Immunotherapy,7.0,43.0,Alive,Medium
ONC-00292,43.0,Female,Ovarian,Stage IV,1.74,Former,Heavy,No,29.3,2016-11-16,Surgery,3.0,,Alive,High
ONC-05639,58.0,Male,Blood (Leukemia),Stage IV,0.9,Never,Regular,Yes,26.6,2016-04-16,Surgery,9.0,12.0,Alive,
ONC-01172,30.0,Other,Lung,Stage III,3.27,Former,Occasional,No,23.4,,Immunotherapy,3.0,3.0,Alive,High
ONC-03277,75.0,Female,Ovarian,,1.63,Current,Occasional,No,33.8,2024-08-07,Radiation Therapy,4.0,1.0,Deceased,Low
ONC-02777,65.0,Male,Breast,Stage IV,0.71,Current,Heavy,No,37.0,2018-04-14,Unknown,5.0,2.0,Alive,Critical
ONC-05978,,,Skin (Melanoma),Stage IV,12.33,Current,Occasional,,23.3,2024-06-05,Immunotherapy,5.0,0.0,Deceased,Critical
ONC-05825,26.0,Male,Prostate,Stage IV,5.33,,None,Yes,,,Surgery,6.0,19.0,Deceased,Critical
ONC-02677,55.0,Male,Prostate,Stage I,0.1,Current,None,Yes,15.5,2022-06-09,Palliative Care,8.0,41.0,Alive,Low
ONC-06947,60.0,,Skin (Melanoma),Stage I,3.48,Current,Regular,Yes,28.6,2023-03-02,Chemotherapy,7.0,5.0,Alive,Low
ONC-05650,56.0,Other,Colorectal,Stage II,1.77,Current,None,No,19.5,2020-07-29,Radiation Therapy,2.0,33.0,Deceased,High
ONC-04423,70.0,Female,,Stage IV,2.06,,None,No,26.4,2020-02-10,Chemotherapy,3.0,20.0,Alive,Critical
ONC-05471,68.0,Female,Brain,Stage I,4.08,Former,Heavy,No,30.5,2018-07-07,,,2.0,Deceased,Low
ONC-00477,24.0,Other,Breast,Stage II,7.06,,Heavy,Yes,21.5,2021-10-16,Surgery,10.0,5.0,Alive,Medium
ONC-05360,54.0,Female,Ovarian,Stage IV,0.89,Former,,Yes,32.4,,Chemotherapy,6.0,8.0,Deceased,Low
ONC-06474,62.0,,Pancreatic,Stage IV,,Never,Occasional,Yes,37.9,2020-02-17,Surgery,6.0,41.0,Alive,Critical
ONC-05182,,Male,Skin (Melanoma),Stage IV,1.33,Former,Regular,Yes,32.0,2024-06-08,Radiation Therapy,10.0,2.0,Deceased,Medium
ONC-02513,37.0,Female,Ovarian,Stage IV,1.85,Never,Regular,Yes,27.1,2018-06-22,Chemotherapy,6.0,13.0,Deceased,Critical
ONC-02066,90.0,Other,Breast,Stage III,0.9,Never,Occasional,Yes,35.0,,,5.0,22.0,Alive,Critical
ONC-00104,30.0,Male,Breast,Stage I,3.39,Former,,No,30.8,2019-10-31,Chemotherapy,6.0,,Alive,Low
ONC-04632,34.0,Male,Lung,Stage IV,0.5,,Occasional,No,22.6,2015-07-10,Radiation Therapy,5.0,32.0,Alive,Critical
ONC-05129,42.0,Female,Colorectal,Stage I,,Never,Regular,No,23.2,2022-10-25,Immunotherapy,3.0,8.0,Alive,Low
ONC-04635,53.0,Male,Ovarian,Stage III,1.88,Never,Heavy,No,24.0,2016-11-09,Combination Therapy,7.0,15.0,Alive,Critical
ONC-00524,35.0,Other,Colorectal,Stage II,1.61,,Heavy,Yes,30.8,2017-12-13,Surgery,11.0,,Alive,Medium
ONC-00067,69.0,,Blood (Leukemia),Stage I,4.46,Never,Heavy,No,21.4,,Immunotherapy,7.0,18.0,Deceased,Medium
ONC-06911,43.0,Female,Liver,Stage IV,2.22,Never,None,Yes,19.8,2023-03-10,Radiation Therapy,3.0,4.0,Deceased,Critical
ONC-06072,,Other,Colorectal,Stage I,,,Heavy,Yes,30.8,2020-10-14,,5.0,14.0,Alive,High
ONC-05394,,Female,Lung,Stage II,0.26,Current,Regular,No,29.3,2022-01-28,Radiation Therapy,8.0,14.0,,Medium
ONC-04336,63.0,,Ovarian,Stage IV,,Never,Heavy,Yes,19.1,,Palliative Care,7.0,19.0,Deceased,
ONC-03900,56.0,Other,Breast,Stage IV,0.56,Current,Occasional,No,19.5,2018-05-04,Combination Therapy,10.0,,,Low
ONC-01940,48.0,Female,Blood (Leukemia),,3.78,Former,Occasional,Yes,23.2,2020-08-20,Combination Therapy,2.0,5.0,Deceased,High
ONC-02667,47.0,Male,Ovarian,Stage IV,3.84,Former,Occasional,Yes,22.6,2018-08-22,Surgery,,3.0,Deceased,Critical
ONC-01397,69.0,Female,Breast,Stage III,2.37,Former,Regular,Yes,20.4,2023-03-28,,4.0,26.0,Alive,High
ONC-02869,65.0,Other,Liver,Stage II,0.1,Former,Regular,Yes,38.7,2024-10-08,Palliative Care,2.0,27.0,Alive,Medium
ONC-00752,53.0,Other,Blood (Leukemia),Stage IV,2.21,Never,,Yes,27.3,2022-04-08,Radiation Therapy,6.0,50.0,Alive,High
ONC-05928,61.0,Other,Liver,Stage II,1.12,,,Yes,23.4,,Radiation Therapy,9.0,3.0,Alive,Low
ONC-04585,,Other,Breast,Stage III,3.98,Never,Heavy,No,30.4,2015-03-20,Combination Therapy,5.0,27.0,Alive,High
ONC-04066,61.0,Other,Brain,Stage III,0.94,Former,,Yes,27.5,2020-06-05,Surgery,8.0,4.0,Alive,Medium
ONC-04767,69.0,Male,Breast,Stage IV,8.5,Former,Heavy,,24.8,,Combination Therapy,8.0,8.0,Alive,Critical
ONC-02107,55.0,,Ovarian,,0.55,Former,Occasional,No,20.5,2017-07-12,,9.0,41.0,Alive,Low
ONC-07161,46.0,Female,Liver,,1.15,Current,Regular,,28.4,2022-09-10,Surgery,6.0,24.0,Alive,Low
ONC-05484,43.0,Male,Colorectal,Stage III,2.21,Never,Occasional,Yes,29.0,2020-04-29,Palliative Care,4.0,10.0,Alive,Critical
ONC-01257,38.0,,Blood (Leukemia),Stage IV,1.58,Former,Occasional,No,24.4,2022-06-29,Immunotherapy,,2.0,Alive,Critical
ONC-02004,,,Ovarian,Stage II,0.62,Never,None,No,34.8,,Surgery,3.0,,Deceased,Medium
ONC-07232,42.0,Male,Colorectal,Stage II,1.22,Former,Occasional,No,26.3,,Combination Therapy,4.0,84.0,Alive,Low
ONC-03556,77.0,Female,Blood (Leukemia),Stage I,1.69,,Regular,Yes,32.5,2020-08-23,Surgery,4.0,4.0,Alive,Medium
ONC-00703,48.0,Male,Blood (Leukemia),,7.85,Never,Regular,No,26.7,2020-02-11,Chemotherapy,5.0,13.0,Alive,High
ONC-06367,40.0,Female,,Stage I,0.47,Current,None,No,28.7,2018-09-13,Surgery,7.0,32.0,Alive,Low
ONC-00011,54.0,Female,Ovarian,Stage III,0.62,Current,Heavy,No,23.9,2017-06-17,Chemotherapy,10.0,47.0,Alive,High
ONC-04949,55.0,Other,Prostate,Stage III,9.07,Current,None,,26.0,2017-05-26,Immunotherapy,2.0,12.0,Alive,Low
ONC-02201,,Other,Ovarian,,5.71,Current,Occasional,,17.1,2024-06-12,Combination Therapy,2.0,1.0,Alive,High
ONC-02098,84.0,Female,Blood (Leukemia),Stage II,0.22,Former,Heavy,Yes,33.0,2021-06-22,Immunotherapy,6.0,9.0,Alive,Low
ONC-02273,,Male,Pancreatic,Stage IV,3.22,Never,Heavy,No,27.7,2019-08-06,Surgery,8.0,74.0,Alive,High
ONC-00775,,-,Lung,Stage IV,0.77,Former,Heavy,Yes,21.8,,Chemotherapy,5.0,5.0,,High
ONC-00760,64.0,Other,Pancreatic,Stage II,0.88,Current,Occasional,No,27.4,2017-05-22,Palliative Care,,11.0,,High
ONC-07343,53.0,Female,Ovarian,,4.66,Current,None,Yes,30.0,2023-02-01,,6.0,17.0,Deceased,Low
ONC-06174,43.0,Female,Prostate,Stage IV,5.81,Never,Occasional,Yes,20.8,2020-01-05,Radiation Therapy,4.0,24.0,Alive,Critical
ONC-04207,63.0,Male,Skin (Melanoma),Stage I,3.43,Never,Occasional,Yes,21.3,,Immunotherapy,7.0,3.0,Alive,Low
ONC-06546,84.0,Other,Pancreatic,Stage I,2.84,Former,None,Yes,23.6,2023-04-03,,7.0,,Alive,Medium
ONC-00491,62.0,Male,Blood (Leukemia),Stage IV,0.1,Current,None,Yes,25.2,2016-01-05,Combination Therapy,8.0,21.0,Alive,High
ONC-01191,56.0,Male,Colorectal,Stage I,2.37,Current,Heavy,No,18.9,2015-09-21,Surgery,5.0,0.0,Alive,Medium
ONC-04003,42.0,Female,Prostate,Stage II,4.19,Former,,No,,2016-10-05,Immunotherapy,6.0,,Alive,High
ONC-01090,59.0,Other,Breast,Stage II,4.16,Never,Occasional,Yes,26.0,2018-04-05,Immunotherapy,5.0,6.0,Alive,Medium
ONC-04243,62.0,Other,Lung,,6.17,,Occasional,Yes,28.2,2024-03-24,Palliative Care,12.0,10.0,Alive,High
ONC-01480,55.0,Other,Breast,Stage IV,5.55,,Heavy,No,25.5,2020-07-31,Radiation Therapy,2.0,17.0,Deceased,Medium
ONC-03202,42.0,Female,Pancreatic,Stage I,1.02,Former,Regular,No,28.2,2016-05-11,Immunotherapy,10.0,,Alive,Low
ONC-07009,46.0,Other,Prostate,Stage I,2.39,Never,None,,29.3,2015-05-04,Combination Therapy,7.0,34.0,Deceased,Low
ONC-02073,38.0,Female,Ovarian,Stage III,,Former,Occasional,Yes,24.1,2021-05-13,Surgery,7.0,3.0,Deceased,Low
ONC-00072,57.0,Female,Colorectal,Stage IV,1.9,Former,None,Yes,19.4,2018-04-20,Chemotherapy,3.0,44.0,Alive,Critical
ONC-06043,60.0,,Blood (Leukemia),Stage II,4.69,Never,Occasional,No,35.7,2019-04-20,Surgery,4.0,,Alive,Low
ONC-01853,27.0,Female,Ovarian,Stage I,2.78,Former,Regular,Yes,23.3,2015-03-07,Combination Therapy,,,Alive,Low
ONC-02728,56.0,Male,,Stage IV,3.04,Current,None,Yes,21.0,2018-12-09,Palliative Care,8.0,,Alive,
ONC-04987,73.0,,Liver,,3.01,Current,Heavy,No,29.0,2015-05-05,Radiation Therapy,6.0,13.0,Alive,Critical
ONC-06895,53.0,Male,,Stage II,1.55,Current,Regular,Yes,28.2,2022-09-12,Immunotherapy,4.0,0.0,Alive,Low
ONC-03849,65.0,Male,Blood (Leukemia),Stage II,1.13,,Occasional,No,29.5,2023-05-27,Radiation Therapy,5.0,0.0,Deceased,Critical
ONC-00825,65.0,,Lung,Stage II,6.49,Former,None,No,35.9,2016-09-11,,6.0,25.0,Deceased,Medium
ONC-00387,49.0,Male,Blood (Leukemia),Stage III,0.5,Former,None,No,30.2,2018-02-06,Palliative Care,6.0,10.0,,Medium
ONC-00348,62.0,Female,Breast,Stage II,0.15,Former,Occasional,,24.3,2017-08-26,,7.0,9.0,Alive,Medium
ONC-03673,53.0,,Colorectal,Stage III,1.77,Current,Occasional,No,28.1,2015-05-10,Chemotherapy,,7.0,Deceased,Low
ONC-02808,78.0,,Lung,Stage III,3.98,Current,Occasional,No,25.5,2017-10-08,Radiation Therapy,3.0,2.0,Deceased,High
ONC-07275,60.0,,Prostate,Stage I,0.95,Former,Regular,No,32.6,2024-11-19,Palliative Care,3.0,41.0,Deceased,Low
ONC-00469,50.0,Other,,Stage IV,2.21,Never,,No,27.8,2017-07-01,Combination Therapy,3.0,16.0,Alive,High
ONC-01419,60.0,Other,Brain,Stage II,0.37,Never,,Yes,25.7,2022-05-24,Surgery,8.0,12.0,Deceased,Low
ONC-06534,70.0,Male,Lung,Stage III,10.06,Current,Occasional,Yes,19.3,2020-09-09,Immunotherapy,12.0,17.0,Deceased,High
ONC-04633,66.0,Other,Prostate,Stage IV,1.21,Never,Regular,No,32.5,2022-07-30,Palliative Care,3.0,49.0,Alive,High
ONC-00342,57.0,Female,,Stage IV,1.49,Current,Heavy,Yes,28.3,2018-12-20,,4.0,0.0,Deceased,High
ONC-01300,88.0,,Colorectal,Stage I,3.1,,Occasional,No,26.2,2020-10-15,Surgery,5.0,33.0,Deceased,Low
ONC-02228,40.0,Male,Breast,Stage I,4.16,,Regular,,33.4,2015-07-14,Chemotherapy,2.0,5.0,Alive,Medium
ONC-01620,41.0,Other,Colorectal,Stage II,4.22,Former,Occasional,No,20.2,2022-12-28,Combination Therapy,7.0,2.0,Alive,
ONC-05095,29.0,Male,Ovarian,Stage III,12.72,Current,Occasional,No,,2019-06-27,Palliative Care,,25.0,Alive,High
ONC-02491,73.0,Female,,Stage III,3.88,,Heavy,Yes,32.7,2021-07-26,Surgery,3.0,18.0,Deceased,Medium
ONC-05460,56.0,Other,Lung,,1.03,Current,Regular,Yes,27.5,2015-12-15,Radiation Therapy,6.0,,Deceased,
ONC-03176,62.0,Female,Liver,Stage III,0.93,Former,Regular,Yes,20.0,2020-10-24,Palliative Care,2.0,49.0,Alive,High
ONC-06401,,Male,Prostate,Stage II,0.58,Current,,No,28.5,2018-03-06,Surgery,,25.0,Alive,Low
ONC-03090,48.0,Female,Skin (Melanoma),Stage I,3.02,Current,Occasional,No,35.8,,Palliative Care,4.0,,Alive,Low
ONC-01928,70.0,Other,Lung,Stage I,8.51,Current,Heavy,Yes,,2016-04-03,Surgery,6.0,28.0,Deceased,Low
ONC-05107,52.0,Male,Blood (Leukemia),Stage I,1.15,Former,Heavy,Yes,23.1,2018-06-16,Palliative Care,4.0,60.0,Alive,Low
ONC-00720,61.0,Other,Lung,Stage III,6.08,,Regular,No,17.8,2022-10-14,Surgery,8.0,1.0,Alive,High
ONC-01267,60.0,,Ovarian,Stage I,0.85,Never,Occasional,No,30.2,2018-05-19,Surgery,8.0,39.0,Alive,Low
ONC-04968,57.0,Other,Colorectal,Stage IV,8.42,Never,Heavy,Yes,28.4,2022-04-05,Palliative Care,9.0,8.0,Alive,High
ONC-04013,62.0,,Prostate,,0.99,Never,Occasional,No,32.9,2016-01-15,Palliative Care,4.0,20.0,Alive,Low
ONC-03181,75.0,,Brain,Stage I,0.98,Current,None,Yes,18.5,2022-08-12,Radiation Therapy,6.0,5.0,Alive,Medium
ONC-06314,60.0,Other,Skin (Melanoma),Stage I,9.53,Former,Regular,No,27.6,,,9.0,19.0,Alive,Medium
ONC-01654,51.0,,Colorectal,Stage IV,,Never,Occasional,Yes,32.2,2018-04-25,,5.0,1.0,,Medium
ONC-00750,,Female,Liver,Stage III,2.05,Former,None,Yes,21.4,2021-08-15,Surgery,6.0,3.0,Alive,High
ONC-00689,57.0,Male,Breast,Stage IV,,Former,Regular,Yes,29.4,2022-04-06,Surgery,,46.0,Alive,Critical
ONC-06717,30.0,,Blood (Leukemia),Stage IV,0.42,Former,Heavy,No,,2021-06-25,Combination Therapy,8.0,32.0,Deceased,High
ONC-05300,49.0,Other,Skin (Melanoma),Stage II,0.72,Former,Occasional,Yes,31.7,2023-06-25,Surgery,8.0,23.0,Alive,High
ONC-03373,57.0,Female,Colorectal,Stage I,1.94,Never,Regular,Yes,30.1,2019-03-09,Palliative Care,4.0,13.0,Alive,Medium
ONC-03097,52.0,Other,Skin (Melanoma),Stage I,2.44,Never,None,,29.4,2022-07-21,Palliative Care,10.0,4.0,Alive,Low
ONC-01559,57.0,Male,Pancreatic,Stage I,1.9,Never,None,Yes,17.4,2023-01-02,Chemotherapy,9.0,6.0,Alive,High
ONC-01082,71.0,Male,Pancreatic,Stage I,1.02,Current,,Yes,,2024-12-04,Palliative Care,7.0,7.0,Alive,Low
ONC-03472,68.0,Male,Blood (Leukemia),Stage III,0.17,Never,None,No,22.2,,Surgery,5.0,30.0,Deceased,
ONC-01854,,Male,Prostate,,0.83,Never,,Yes,30.1,2020-02-14,,6.0,24.0,Alive,Low
ONC-01039,71.0,Female,Brain,Stage III,3.89,Never,Occasional,Yes,27.1,2016-06-07,Chemotherapy,9.0,72.0,Alive,
ONC-04824,64.0,Female,,Stage IV,0.1,Never,,Yes,31.6,2017-05-13,,7.0,5.0,Alive,High
ONC-07006,40.0,,Breast,Stage IV,6.95,Current,Regular,Yes,28.0,2023-12-29,Palliative Care,5.0,38.0,Alive,Medium
ONC-05960,63.0,Other,Colorectal,Stage II,12.17,Current,Regular,Yes,30.1,2024-06-04,Combination Therapy,6.0,,,Medium
ONC-07151,97.0,Female,,Stage I,0.86,Never,,No,27.2,2022-09-30,Immunotherapy,6.0,24.0,Deceased,Low
ONC-04167,41.0,Female,Colorectal,Stage IV,1.18,Never,Heavy,No,30.6,2020-05-20,Chemotherapy,4.0,15.0,Alive,High
ONC-02660,,Male,Ovarian,,1.07,Current,Regular,No,31.5,2015-09-18,,6.0,16.0,Deceased,Low
ONC-05979,91.0,Male,Prostate,Stage II,5.18,,Occasional,Yes,30.3,2015-07-14,Combination Therapy,7.0,17.0,Alive,Medium
ONC-02190,49.0,Female,Lung,Stage III,4.8,Current,Heavy,No,25.6,2019-07-03,Radiation Therapy,11.0,4.0,,High
ONC-03990,81.0,Male,Brain,Stage I,0.53,Current,Occasional,Yes,25.4,,,5.0,,Deceased,Low
ONC-01532,79.0,,Ovarian,Stage II,0.1,,Occasional,Yes,,2024-07-07,Radiation Therapy,4.0,1.0,Deceased,Medium
ONC-05952,70.0,Male,Brain,Stage I,,Current,Heavy,No,23.9,2024-03-28,Combination Therapy,7.0,13.0,Deceased,Low
ONC-05733,43.0,Other,Brain,Stage IV,1.58,Former,,No,26.5,2017-01-19,Immunotherapy,9.0,,Alive,Critical
ONC-00339,59.0,Male,Lung,Stage IV,8.14,Never,None,,21.0,2024-04-24,Chemotherapy,9.0,7.0,Alive,Medium
ONC-02348,68.0,Other,Liver,Stage III,0.41,Never,None,Yes,27.0,2022-07-09,Palliative Care,2.0,16.0,Alive,Critical
ONC-05058,73.0,Other,Brain,Stage III,0.86,Never,Occasional,No,23.3,2016-01-11,Immunotherapy,3.0,7.0,Alive,High
ONC-01252,68.0,Other,Colorectal,Stage I,5.88,Former,Regular,No,29.9,2022-01-27,Palliative Care,5.0,0.0,Alive,Low
ONC-01893,49.0,Male,Colorectal,Stage I,1.23,Former,Heavy,No,,2017-05-03,Combination Therapy,6.0,6.0,Alive,Low
ONC-04053,35.0,Male,Lung,Stage I,2.21,Former,,No,32.6,2015-01-11,Combination Therapy,8.0,35.0,Alive,Medium
ONC-03671,55.0,Other,Skin (Melanoma),Stage IV,7.24,Former,Occasional,Yes,33.4,2017-08-24,,3.0,32.0,Alive,High
ONC-00569,93.0,Other,Blood (Leukemia),Stage I,0.1,Former,Occasional,,24.3,2020-09-13,,,,Alive,
ONC-03454,,Male,Ovarian,Stage I,3.8,Never,Regular,No,24.5,2021-04-14,Surgery,5.0,5.0,Alive,Critical
ONC-06595,71.0,Other,Prostate,Stage II,0.43,Current,None,No,25.7,2020-08-10,Immunotherapy,4.0,78.0,Deceased,Medium
ONC-00437,46.0,Other,Colorectal,Stage IV,10.63,Former,None,No,32.0,2019-05-07,Immunotherapy,5.0,24.0,,High
ONC-01560,63.0,,Blood (Leukemia),Stage III,3.44,Former,None,No,26.8,2019-06-29,Combination Therapy,5.0,2.0,Alive,Medium
ONC-05619,55.0,Other,Blood (Leukemia),Stage I,13.54,,Occasional,Yes,19.8,2024-06-21,,7.0,18.0,,High
ONC-00656,55.0,Female,Colorectal,Stage IV,0.9,Never,Occasional,No,27.1,2017-06-13,Combination Therapy,3.0,5.0,Alive,High
ONC-00555,62.0,Other,Pancreatic,Stage II,4.5,Current,None,No,25.3,2015-06-03,,5.0,15.0,Deceased,Medium
ONC-06451,66.0,Male,Colorectal,,1.84,,Heavy,No,30.8,2022-04-20,,4.0,62.0,Alive,Low
ONC-02043,30.0,Female,Brain,Stage I,7.86,Current,Heavy,Yes,24.9,2015-10-29,Combination Therapy,8.0,3.0,Alive,Medium
ONC-05234,48.0,Female,Colorectal,Stage III,3.1,Never,None,No,29.3,2018-11-24,Immunotherapy,,12.0,Deceased,Critical
ONC-05780,52.0,Male,Blood (Leukemia),Stage I,2.43,Current,Occasional,Yes,,2021-05-27,Surgery,5.0,18.0,Alive,Low
ONC-05022,39.0,Female,,Stage I,3.17,Never,None,,28.8,2024-04-05,Radiation Therapy,6.0,12.0,Deceased,Medium
ONC-00603,45.0,Female,Colorectal,Stage IV,0.69,,Occasional,Yes,18.1,,Chemotherapy,7.0,15.0,Alive,High
ONC-00612,50.0,Male,Skin (Melanoma),,2.72,Current,Occasional,Yes,31.5,2023-02-15,Surgery,9.0,20.0,Alive,Medium
ONC-02358,39.0,Other,Brain,Stage III,5.52,Former,,No,31.5,2015-02-08,Palliative Care,7.0,12.0,,Critical
ONC-04205,,,Breast,Stage I,2.12,Never,Occasional,Yes,24.9,2022-02-08,Combination Therapy,7.0,86.0,Deceased,Low
ONC-00730,,NA,Liver,Stage I,13.88,Current,,No,29.0,,Radiation Therapy,4.0,17.0,Alive,Low
ONC-04040,65.0,Female,Colorectal,Stage II,5.14,Current,Occasional,No,27.6,,Combination Therapy,4.0,6.0,Deceased,High
ONC-02472,79.0,Other,Breast,Stage IV,3.41,Current,Occasional,Yes,22.5,2022-07-19,Combination Therapy,6.0,11.0,Deceased,High
ONC-01734,43.0,Male,Liver,Stage I,19.78,Current,Occasional,Yes,27.4,2019-08-10,Surgery,7.0,26.0,Alive,Medium
ONC-06770,,Other,Blood (Leukemia),Stage II,10.96,Current,None,Yes,29.0,2020-11-14,Radiation Therapy,5.0,0.0,Deceased,Medium
ONC-05243,86.0,Female,Brain,Stage I,1.29,Former,Occasional,No,26.4,2021-10-05,,5.0,15.0,Alive,Low
ONC-00152,62.0,Female,Breast,Stage IV,0.23,Current,None,Yes,22.9,2015-06-10,Chemotherapy,9.0,12.0,Deceased,Medium
ONC-06244,65.0,Male,Ovarian,Stage II,1.67,Current,Occasional,No,22.3,2022-12-07,Immunotherapy,4.0,15.0,Alive,Medium
ONC-05316,36.0,Female,Ovarian,Stage I,8.94,Current,,Yes,29.6,2017-12-20,Immunotherapy,4.0,10.0,Alive,Medium
ONC-04266,65.0,Male,Skin (Melanoma),,9.99,Never,None,,26.2,2017-03-01,,5.0,117.0,Alive,High
ONC-02074,87.0,Male,Colorectal,Stage I,2.09,Current,None,No,20.0,2019-07-21,Combination Therapy,3.0,6.0,Deceased,Low
ONC-00783,,Other,,Stage IV,8.85,Never,Occasional,No,26.5,2018-03-25,Palliative Care,4.0,,Alive,Medium
ONC-04494,50.0,Male,Pancreatic,Stage I,9.7,Current,None,Yes,22.7,2021-12-10,Surgery,2.0,15.0,Alive,High
ONC-03054,,Other,Blood (Leukemia),,10.81,Never,,No,27.3,2017-11-19,Radiation Therapy,3.0,35.0,Alive,Medium
ONC-00167,46.0,Female,Pancreatic,Stage II,11.1,Former,None,Yes,29.2,2015-03-19,,6.0,,Alive,High
ONC-03790,80.0,Male,Blood (Leukemia),,5.17,Never,Occasional,No,17.2,2023-09-12,Combination Therapy,3.0,2.0,Deceased,Medium
ONC-05973,68.0,Male,Pancreatic,Stage III,2.7,Former,Heavy,Yes,28.3,2017-12-23,Radiation Therapy,7.0,26.0,Deceased,Critical
ONC-07278,45.0,Female,Prostate,Stage III,0.73,,,Yes,,,Surgery,8.0,11.0,Deceased,High
ONC-06661,33.0,,Colorectal,Stage II,5.47,Current,Regular,Yes,27.5,,Surgery,9.0,10.0,Alive,Medium
ONC-05580,87.0,Other,Breast,Stage II,0.62,Never,None,Yes,26.3,2019-04-09,Chemotherapy,8.0,9.0,Alive,Critical
ONC-00143,28.0,Female,Breast,,1.42,Current,Heavy,No,27.9,2022-12-16,Palliative Care,8.0,19.0,Alive,Critical
ONC-01987,48.0,Male,Brain,Stage IV,0.21,Never,None,Yes,29.9,2016-04-06,Palliative Care,3.0,9.0,Alive,High
ONC-05358,60.0,Male,Liver,Stage IV,1.18,Never,,Yes,33.2,2023-11-18,Surgery,3.0,,Alive,Medium
ONC-06283,39.0,Other,Liver,,2.91,Former,Regular,,,2016-09-21,,3.0,29.0,Alive,High
ONC-00448,86.0,Male,Colorectal,Stage IV,2.02,Current,Heavy,Yes,22.1,2023-05-18,Palliative Care,7.0,5.0,Alive,Critical
ONC-04060,69.0,Male,Lung,Stage I,0.75,,,No,35.8,2018-07-13,Surgery,7.0,,Alive,Low
ONC-03444,48.0,Other,Colorectal,Stage I,2.33,Never,,No,24.1,2023-07-31,Combination Therapy,11.0,1.0,Deceased,Medium
ONC-03982,56.0,Male,Pancreatic,Stage II,0.77,Never,Regular,Yes,25.3,2021-06-01,,4.0,26.0,Alive,Low
ONC-02694,71.0,Male,Pancreatic,Stage I,0.69,Former,Occasional,No,27.5,2016-06-19,Immunotherapy,4.0,24.0,Alive,Low
ONC-04334,56.0,Male,Brain,Stage IV,0.1,Former,Regular,No,,2015-06-11,Combination Therapy,3.0,5.0,Alive,High
ONC-00990,70.0,Female,Liver,,1.12,Never,,Yes,24.7,2017-09-13,Immunotherapy,,5.0,Alive,Medium
ONC-03423,,Female,Breast,Stage III,7.91,Current,Regular,No,,2017-06-13,Surgery,9.0,8.0,Deceased,Medium
ONC-07080,65.0,Male,Colorectal,Stage IV,0.74,Current,,,22.7,2023-01-15,Palliative Care,,46.0,Alive,Medium
ONC-01759,50.0,Other,Blood (Leukemia),Stage I,2.03,Former,Occasional,No,31.0,2019-03-28,Combination Therapy,8.0,17.0,,Low
ONC-02370,74.0,Male,Ovarian,Stage III,3.75,Former,Occasional,Yes,21.0,2021-12-14,Combination Therapy,7.0,,Deceased,Critical
ONC-01022,50.0,Female,Breast,Stage II,1.52,Never,Heavy,No,24.6,2019-03-14,Radiation Therapy,4.0,,Alive,
ONC-06599,45.0,-,Liver,Stage III,2.12,Never,Regular,No,36.8,2021-11-30,Palliative Care,5.0,11.0,Alive,Critical
ONC-00867,25.0,,Blood (Leukemia),Stage III,1.52,Former,None,Yes,22.8,2022-04-01,Surgery,9.0,18.0,,Medium
ONC-03021,15.0,Male,Blood (Leukemia),Stage III,4.28,Never,Regular,Yes,25.8,2015-06-09,Chemotherapy,9.0,,Alive,Medium
ONC-07201,30.0,Female,Lung,Stage I,4.36,Current,Heavy,,24.1,2021-04-20,Chemotherapy,7.0,14.0,Alive,Low
ONC-07073,74.0,Other,Pancreatic,Stage III,2.2,,Regular,Yes,27.2,2015-03-30,Combination Therapy,4.0,14.0,Alive,High
ONC-05035,66.0,Other,Breast,Stage I,1.16,,Regular,No,27.4,2021-12-17,Combination Therapy,5.0,41.0,Deceased,Low
ONC-01698,70.0,Female,Breast,Stage II,0.18,Never,None,No,24.2,2018-10-14,,6.0,12.0,,Low
ONC-05002,70.0,Other,Colorectal,Stage III,3.48,Former,Occasional,No,36.4,2022-01-22,Palliative Care,5.0,15.0,Deceased,Critical
ONC-00328,,Female,Skin (Melanoma),Stage III,2.5,Never,Regular,Yes,20.4,2018-04-09,,4.0,17.0,Deceased,Low
ONC-05749,32.0,Female,Brain,Stage II,3.23,Never,Regular,Yes,25.5,2016-04-11,Combination Therapy,2.0,,Alive,Medium
ONC-00804,27.0,Female,Brain,Stage II,4.92,Never,None,No,24.2,,Palliative Care,6.0,,Alive,Medium
ONC-05653,55.0,Other,Brain,Stage IV,2.84,Current,Occasional,Yes,15.2,,Radiation Therapy,3.0,35.0,Alive,Critical
ONC-05538,,Male,Pancreatic,Stage I,0.98,Former,Occasional,No,26.6,2021-12-23,Combination Therapy,10.0,27.0,Alive,Medium
ONC-03870,79.0,Female,Breast,Stage IV,2.15,Former,,Yes,23.1,2016-07-28,Surgery,4.0,9.0,Deceased,High
ONC-02904,,Other,Breast,Stage III,1.49,Never,Regular,No,15.7,2022-09-06,,8.0,,Alive,Low
ONC-06350,70.0,Other,Pancreatic,Stage III,1.43,Former,Heavy,Yes,25.2,2016-07-24,Radiation Therapy,10.0,19.0,Alive,Critical
ONC-05278,60.0,Female,Skin (Melanoma),Stage I,8.85,Current,Heavy,Yes,30.5,2021-01-17,Palliative Care,5.0,59.0,Alive,Low
ONC-04162,,Male,Breast,Stage II,0.39,Former,Occasional,Yes,12.3,2017-06-11,Chemotherapy,4.0,1.0,Alive,High
ONC-05356,66.0,Other,Brain,Stage II,1.78,Never,,Yes,32.6,2024-01-24,Radiation Therapy,5.0,5.0,Alive,Low
ONC-00402,67.0,Male,Blood (Leukemia),Stage IV,0.67,,Heavy,Yes,26.6,,,6.0,11.0,Deceased,
ONC-03414,59.0,Male,Ovarian,Stage IV,1.91,Former,Regular,No,23.7,,Palliative Care,,74.0,Alive,High
ONC-01347,,Female,Skin (Melanoma),Stage III,1.02,Never,Occasional,Yes,29.5,2021-12-31,Radiation Therapy,9.0,11.0,,High
ONC-02392,42.0,Other,Prostate,Stage IV,0.98,Current,None,Yes,31.1,,Combination Therapy,8.0,7.0,Alive,Critical
ONC-01268,59.0,Male,Colorectal,Stage I,0.1,Former,Heavy,Yes,22.0,2024-03-05,Palliative Care,2.0,9.0,Deceased,Low
ONC-05022,39.0,Female,,Stage I,3.17,Never,None,,28.8,2024-04-05,Radiation Therapy,6.0,12.0,Deceased,Medium
ONC-01444,69.0,Male,Lung,Stage I,1.95,Former,,No,33.6,2023-01-21,,4.0,4.0,Alive,Low
ONC-06893,81.0,Other,Pancreatic,Stage IV,1.01,Never,Regular,Yes,25.6,2022-10-28,Radiation Therapy,2.0,3.0,Alive,High
ONC-00186,54.0,Male,Ovarian,Stage III,14.37,Current,,No,28.4,2020-09-14,,5.0,2.0,Alive,Critical
ONC-05377,53.0,Male,Ovarian,Stage II,5.18,Never,Occasional,Yes,23.5,2018-02-01,Surgery,8.0,7.0,Alive,High
ONC-02086,77.0,Female,Skin (Melanoma),Stage III,3.18,Never,Heavy,No,33.4,2021-04-30,,5.0,3.0,Deceased,Critical
ONC-00097,61.0,Female,Brain,Stage IV,3.15,,Heavy,No,18.4,2018-09-23,Combination Therapy,4.0,,Deceased,Critical
ONC-05333,,,Liver,,1.38,Former,Regular,Yes,24.6,2022-11-18,Palliative Care,9.0,5.0,Alive,Low
ONC-05078,67.0,Other,Pancreatic,Stage II,3.83,,None,Yes,26.5,2024-04-15,Combination Therapy,7.0,16.0,Alive,Medium
ONC-02120,41.0,Female,,Stage IV,5.06,Never,None,No,28.2,2018-09-13,Immunotherapy,8.0,8.0,,Critical
ONC-05164,50.0,Other,Prostate,Stage IV,1.0,Never,,Yes,24.9,2021-08-04,Chemotherapy,7.0,6.0,Alive,Medium
ONC-06243,,Female,Skin (Melanoma),Stage I,12.18,Former,Heavy,,23.7,2024-03-13,Palliative Care,6.0,7.0,Alive,Medium
ONC-04766,33.0,Female,Prostate,Stage IV,1.21,Current,Occasional,,22.9,2019-10-17,Radiation Therapy,4.0,72.0,Alive,High
ONC-01753,43.0,Male,Blood (Leukemia),Stage I,7.16,Never,None,Yes,24.5,2015-12-09,Radiation Therapy,8.0,0.0,Alive,Low
ONC-00470,63.0,Other,Blood (Leukemia),Stage IV,1.98,,Occasional,No,27.3,,Chemotherapy,10.0,13.0,Alive,Critical
ONC-05714,55.0,Male,Liver,Stage III,0.64,Never,Regular,Yes,31.4,2017-12-07,,6.0,9.0,Alive,Low
ONC-05395,9.0,Other,Brain,Stage II,0.38,Current,Heavy,Yes,24.0,2016-06-25,,5.0,12.0,Deceased,Low
ONC-01660,43.0,Male,Pancreatic,Stage III,0.64,Never,Heavy,No,24.9,2019-06-04,,6.0,10.0,Alive,Medium
ONC-03763,70.0,Male,Pancreatic,Stage I,,Never,Heavy,Yes,22.5,2024-04-16,Palliative Care,5.0,14.0,,Medium
ONC-03239,23.0,Male,Skin (Melanoma),Stage IV,,Current,None,Yes,27.0,2024-02-19,Combination Therapy,4.0,41.0,Deceased,Critical
ONC-03826,,Female,Prostate,Stage III,4.62,Former,None,Yes,24.8,2023-10-02,Chemotherapy,3.0,65.0,Alive,Medium
ONC-01477,78.0,Male,Blood (Leukemia),Stage II,4.77,Former,,No,26.1,2015-06-20,Radiation Therapy,,16.0,Alive,Medium
ONC-02116,53.0,Male,Pancreatic,Stage III,5.11,Never,Heavy,No,24.2,2017-07-27,,9.0,4.0,Deceased,
ONC-03159,43.0,Female,Breast,Stage I,3.09,Former,Regular,No,32.5,2018-01-17,Surgery,6.0,88.0,Alive,Medium
ONC-04026,78.0,Other,Skin (Melanoma),Stage IV,15.96,Current,Occasional,No,23.2,2022-02-26,Radiation Therapy,5.0,15.0,Deceased,High
ONC-06381,41.0,Male,Brain,Stage I,3.98,Former,Heavy,No,25.2,2018-11-16,Surgery,7.0,38.0,Alive,Low
ONC-01516,40.0,Male,Pancreatic,,5.91,Former,Heavy,No,30.5,2020-05-07,Chemotherapy,7.0,8.0,Deceased,Medium
ONC-01378,81.0,Female,Colorectal,Stage IV,8.74,,Regular,No,22.4,2022-01-29,,4.0,19.0,Alive,Critical
ONC-03042,39.0,Other,Lung,Stage III,0.8,Current,Regular,Yes,33.5,2021-04-13,Chemotherapy,,41.0,Deceased,Critical
ONC-01222,62.0,Other,Brain,,1.55,Current,Regular,No,31.9,2024-07-03,,6.0,40.0,Alive,Low
ONC-05158,,Other,,Stage IV,4.55,Never,Occasional,No,28.4,2022-06-05,Chemotherapy,4.0,,Alive,Critical
ONC-07321,,Other,Breast,Stage II,0.1,Current,Occasional,Yes,26.9,2017-08-03,Surgery,7.0,19.0,Alive,Medium
ONC-02637,96.0,Female,Breast,Stage II,4.37,Current,Heavy,No,20.1,2024-02-18,Surgery,2.0,20.0,Alive,High
ONC-02213,54.0,Male,Lung,Stage II,0.4,Former,Occasional,No,16.6,2018-08-28,Chemotherapy,7.0,2.0,Alive,Medium
ONC-04058,54.0,Other,Prostate,Stage I,2.16,Current,Occasional,Yes,29.2,2015-02-14,Radiation Therapy,,47.0,Alive,Low
ONC-00944,44.0,Other,Colorectal,Stage II,0.1,Never,Occasional,No,22.9,2023-04-16,Radiation Therapy,8.0,4.0,Alive,Medium
ONC-04503,75.0,,Colorectal,,2.24,Never,,,26.3,2023-08-04,Radiation Therapy,7.0,3.0,Deceased,Low
ONC-00242,,Female,Ovarian,,0.1,Never,Regular,No,18.7,2017-01-23,Combination Therapy,8.0,6.0,Alive,High
ONC-01927,65.0,Female,Pancreatic,Stage II,1.59,Never,Occasional,Yes,27.9,2022-01-27,Palliative Care,5.0,13.0,Alive,Low
ONC-02604,63.0,Other,Liver,Stage IV,1.3,Never,Regular,No,30.2,2022-03-07,Palliative Care,3.0,3.0,Deceased,High
ONC-00527,61.0,Male,Breast,Stage I,2.45,Former,Regular,Yes,23.6,2023-01-08,,6.0,26.0,Deceased,
ONC-03786,51.0,Other,,Stage I,1.57,Never,None,No,16.2,2017-11-07,Immunotherapy,3.0,0.0,Alive,Medium
ONC-01160,47.0,Female,Skin (Melanoma),Stage IV,0.35,Never,Regular,,,,Radiation Therapy,3.0,7.0,Deceased,
ONC-05951,,Female,Breast,Stage III,2.7,,Heavy,Yes,29.7,2024-09-09,Chemotherapy,4.0,,Alive,High
ONC-05127,67.0,Other,Pancreatic,Stage IV,1.21,Former,None,No,,2017-02-13,Surgery,7.0,15.0,,High
ONC-02961,49.0,Other,Skin (Melanoma),Stage I,4.77,,Occasional,Yes,23.5,2024-05-16,Combination Therapy,6.0,15.0,,Medium
ONC-02253,57.0,Other,Colorectal,Stage III,,Never,Heavy,No,27.2,2018-03-23,Chemotherapy,4.0,,Alive,Medium
ONC-06528,74.0,Other,Breast,Stage III,0.36,Never,Regular,Yes,25.3,,Radiation Therapy,3.0,8.0,Alive,Medium
ONC-04526,42.0,Male,Breast,Stage IV,2.83,Former,None,Yes,25.2,,Radiation Therapy,9.0,7.0,Alive,Critical
ONC-04294,63.0,Other,Breast,Stage III,0.13,Current,Occasional,No,27.0,2022-04-06,Palliative Care,8.0,0.0,Alive,Medium
ONC-02326,44.0,Other,,Stage III,2.48,Former,Heavy,No,20.8,2019-12-14,Chemotherapy,5.0,,Deceased,Medium
ONC-06630,28.0,Other,Pancreatic,Stage III,1.18,Current,,Yes,33.1,2023-03-10,Radiation Therapy,5.0,26.0,Deceased,Low
ONC-01479,64.0,,,Stage III,0.78,Former,Heavy,No,26.8,2019-11-18,Immunotherapy,9.0,0.0,Alive,Medium
ONC-04435,63.0,Other,Ovarian,Stage II,1.11,Current,Occasional,No,26.2,2015-12-12,Chemotherapy,4.0,20.0,Alive,Low
ONC-03989,,Female,,Stage IV,1.9,Former,None,No,28.3,2023-11-01,Chemotherapy,,17.0,Alive,
ONC-06246,37.0,Other,Skin (Melanoma),Stage IV,1.98,Current,Regular,Yes,21.9,2023-03-13,Surgery,6.0,17.0,Alive,
ONC-04350,,,Breast,Stage I,13.65,Former,Heavy,No,24.8,2022-03-24,,4.0,44.0,Alive,Medium
ONC-00321,,Female,Breast,Stage II,1.39,,Regular,Yes,31.3,2019-03-04,Chemotherapy,5.0,,Deceased,Medium
ONC-05248,,Female,Prostate,Stage III,0.1,Former,,,27.5,2023-06-22,Combination Therapy,5.0,,Alive,Medium
ONC-04216,31.0,Female,Ovarian,Stage III,1.44,Former,Regular,No,33.7,2020-07-18,Surgery,5.0,23.0,Alive,Low
ONC-01085,12.0,Male,Prostate,Stage IV,0.81,Never,Regular,Yes,22.4,2020-08-05,Surgery,10.0,25.0,Alive,Medium
ONC-03653,61.0,Other,Blood (Leukemia),Stage IV,0.5,Current,Heavy,Yes,29.2,2015-05-24,Combination Therapy,6.0,13.0,Alive,Critical
ONC-01192,53.0,Male,Lung,Stage I,0.5,Former,Regular,Yes,29.7,2016-12-13,Radiation Therapy,3.0,12.0,Alive,Medium
ONC-03828,78.0,Male,Pancreatic,Stage IV,2.81,Current,Occasional,,31.6,2022-03-05,Palliative Care,8.0,,Deceased,Medium
ONC-00621,48.0,Female,Brain,Stage III,8.05,Never,Regular,No,29.7,2020-01-31,Immunotherapy,6.0,,Alive,Critical
ONC-02099,59.0,Female,Blood (Leukemia),,1.27,Never,,No,38.0,2015-09-11,Palliative Care,7.0,23.0,Deceased,High
ONC-04847,62.0,Other,Prostate,Stage I,5.41,Current,Heavy,Yes,24.0,,Surgery,,79.0,Alive,Medium
ONC-07044,58.0,Female,Liver,Stage II,2.42,Never,None,No,27.8,2016-11-27,Immunotherapy,4.0,,Alive,Medium
ONC-02804,71.0,Female,,Stage IV,5.77,Never,None,No,,2020-10-14,Immunotherapy,7.0,19.0,Alive,Critical
ONC-01865,50.0,Male,Skin (Melanoma),Stage IV,,Never,Regular,Yes,29.7,2019-02-19,Radiation Therapy,4.0,21.0,Alive,Medium
ONC-02296,74.0,,Blood (Leukemia),Stage II,2.13,Current,Occasional,Yes,22.2,2021-05-28,Radiation Therapy,,24.0,Alive,
ONC-01960,,Female,Breast,Stage IV,0.22,Former,Occasional,,35.5,2023-10-06,,5.0,11.0,Deceased,Critical
ONC-05258,69.0,Female,Breast,Stage IV,0.81,,Regular,No,25.6,2015-01-03,Surgery,5.0,29.0,Deceased,Critical
ONC-00578,61.0,Other,Skin (Melanoma),Stage IV,8.84,Current,Regular,Yes,23.8,2023-09-27,Chemotherapy,8.0,5.0,Alive,Critical
ONC-01396,41.0,Male,Liver,Stage IV,1.02,Current,None,No,23.8,2015-03-08,Combination Therapy,5.0,37.0,,Critical
ONC-05376,66.0,Female,Blood (Leukemia),Stage II,2.4,Former,Occasional,No,29.3,2017-06-03,Immunotherapy,4.0,20.0,Alive,High
ONC-02755,60.0,Male,Prostate,Stage II,4.06,Former,None,No,16.0,2020-03-15,Combination Therapy,9.0,3.0,Deceased,High
ONC-01806,71.0,Male,Blood (Leukemia),Stage I,2.61,Former,Heavy,Yes,34.1,2017-09-12,Combination Therapy,1.0,39.0,Deceased,Low
ONC-02855,56.0,Female,Pancreatic,Stage I,3.62,,Heavy,Yes,27.0,2015-08-18,Palliative Care,8.0,6.0,Alive,Medium
ONC-07225,56.0,Female,Skin (Melanoma),Stage III,1.0,Current,Occasional,,19.7,2019-01-30,Palliative Care,9.0,47.0,Deceased,Medium
ONC-04367,54.0,Female,Skin (Melanoma),Stage I,0.94,Former,None,Yes,21.1,2022-06-11,Combination Therapy,10.0,10.0,,Low
ONC-00171,74.0,,Ovarian,Stage I,,Never,Heavy,No,22.8,2017-11-04,Palliative Care,,27.0,Alive,Low
ONC-02042,47.0,Female,Brain,Stage III,0.53,Former,None,Yes,23.0,2015-08-31,,5.0,10.0,Deceased,Medium
ONC-06471,71.0,Male,Colorectal,Stage II,6.09,Current,None,No,23.4,2022-03-17,Combination Therapy,7.0,3.0,Alive,Medium
ONC-01234,68.0,Other,Blood (Leukemia),Stage III,0.73,Former,Occasional,No,16.6,2017-09-22,Radiation Therapy,6.0,29.0,Alive,Medium
ONC-06091,81.0,Other,Lung,Stage IV,2.08,Current,Occasional,No,32.3,2024-09-30,Immunotherapy,,10.0,,Critical
ONC-06881,47.0,Female,Prostate,Stage I,4.34,Never,None,No,23.4,2024-09-26,Surgery,9.0,32.0,Alive,Medium
ONC-05905,65.0,Other,Brain,Stage IV,1.46,Former,None,No,30.3,2016-05-04,Radiation Therapy,9.0,7.0,Deceased,Medium
ONC-06060,47.0,Male,Blood (Leukemia),Stage III,0.1,Current,None,No,23.9,2019-02-26,Immunotherapy,4.0,,Deceased,High
ONC-05946,53.0,Male,,Stage IV,5.27,Former,Heavy,,29.3,2024-08-02,Immunotherapy,,31.0,Alive,
ONC-01276,77.0,Male,Skin (Melanoma),Stage III,2.1,Former,,,25.4,2018-01-03,Palliative Care,10.0,2.0,Alive,Critical
ONC-03119,66.0,Male,Lung,Stage III,8.69,Current,,No,19.1,2023-03-04,Chemotherapy,1.0,54.0,Deceased,Critical
ONC-04396,65.0,Other,Prostate,Stage II,0.65,Never,Occasional,Yes,24.5,2019-01-01,Chemotherapy,7.0,104.0,Alive,Medium
ONC-02950,24.0,Male,,Stage I,1.08,Current,Regular,Yes,26.2,2022-12-03,Chemotherapy,11.0,65.0,Alive,Low
ONC-04600,65.0,Male,Brain,Stage III,3.2,Current,Regular,No,22.1,2018-10-23,Combination Therapy,5.0,79.0,Alive,Low
ONC-01891,45.0,Female,Lung,Stage I,0.87,Former,None,Yes,23.8,2017-01-10,,2.0,,Alive,Low
ONC-00678,37.0,Female,Breast,Stage I,,Never,Heavy,No,21.7,2018-10-01,Combination Therapy,10.0,21.0,Deceased,Medium
ONC-07284,21.0,,Liver,Stage III,3.97,,Occasional,No,21.9,2015-01-17,Combination Therapy,3.0,8.0,Deceased,Critical
ONC-07221,79.0,Male,Brain,Stage II,9.24,Current,Heavy,Yes,26.0,2019-04-06,Combination Therapy,4.0,4.0,Alive,High
ONC-05517,81.0,Female,Skin (Melanoma),Stage IV,2.49,,None,Yes,22.7,2018-07-12,Palliative Care,3.0,41.0,Alive,High
ONC-05162,,Male,Lung,Stage III,1.2,Never,Heavy,,28.1,2021-09-13,Surgery,6.0,3.0,Alive,Low
ONC-01297,26.0,Other,Skin (Melanoma),Stage III,0.1,Never,Heavy,No,27.4,2020-07-01,Chemotherapy,7.0,6.0,Alive,High
ONC-04392,71.0,Other,Colorectal,,2.64,Former,None,No,30.9,2020-08-08,Immunotherapy,6.0,9.0,Alive,Critical
ONC-04150,68.0,Other,Lung,Stage IV,1.1,Former,None,,20.9,2019-09-19,Palliative Care,7.0,3.0,Alive,High
ONC-03401,33.0,Other,Ovarian,Stage IV,,Current,Heavy,,21.9,2018-09-16,,11.0,12.0,Alive,Critical
ONC-07208,,Male,Blood (Leukemia),,1.43,Current,Heavy,Yes,,2022-01-22,Surgery,4.0,30.0,Alive,High
ONC-07156,43.0,,Brain,Stage I,6.96,Former,None,Yes,24.7,2020-03-15,Combination Therapy,4.0,15.0,Alive,
ONC-03901,51.0,Male,Pancreatic,,0.1,Former,Heavy,Yes,35.3,,Combination Therapy,7.0,,Alive,Critical
ONC-05310,66.0,Other,Pancreatic,Stage IV,7.14,Current,Occasional,,18.7,2024-06-06,Radiation Therapy,5.0,13.0,Deceased,High
ONC-03343,54.0,Male,Colorectal,,0.1,Former,Heavy,No,32.8,2015-11-03,Radiation Therapy,,52.0,Alive,
ONC-00302,66.0,,Lung,Stage IV,0.86,Former,None,No,21.3,2017-06-11,Immunotherapy,,16.0,,Critical
ONC-00366,78.0,Other,Liver,Stage IV,0.86,Former,None,,29.5,2017-01-27,Radiation Therapy,4.0,1.0,Deceased,High
ONC-05145,68.0,Male,Skin (Melanoma),Stage I,1.88,Former,Heavy,Yes,23.8,2017-06-15,Radiation Therapy,3.0,15.0,Alive,Low
ONC-04199,25.0,Other,Prostate,Stage III,6.44,,Regular,Yes,25.6,2016-02-29,Surgery,5.0,38.0,Deceased,High
ONC-06864,38.0,Other,Skin (Melanoma),Stage IV,4.96,Current,None,Yes,30.0,2019-11-07,Immunotherapy,5.0,7.0,,Critical
ONC-02796,46.0,Male,Breast,Stage I,2.12,Former,Regular,Yes,24.0,2021-04-28,Chemotherapy,6.0,12.0,Alive,Medium
ONC-03695,85.0,,Lung,Stage III,3.86,Former,Heavy,No,30.7,2023-09-06,Combination Therapy,6.0,,Deceased,Medium
ONC-00858,27.0,Male,Blood (Leukemia),Stage III,2.83,Never,Occasional,Yes,22.6,2023-06-08,Combination Therapy,6.0,3.0,Alive,Medium
ONC-03682,53.0,Female,Brain,Stage I,3.67,Current,Occasional,No,19.4,,Radiation Therapy,6.0,13.0,,Low
ONC-03006,44.0,Female,Liver,,2.69,Former,Heavy,Yes,33.6,2021-12-27,Combination Therapy,6.0,13.0,Alive,Critical
ONC-05636,,,Colorectal,,4.43,Never,Occasional,No,28.0,,Radiation Therapy,4.0,0.0,Deceased,Medium
ONC-05550,46.0,Female,Breast,Stage III,2.9,Never,None,No,23.5,2024-05-19,Radiation Therapy,,53.0,Alive,High
ONC-06551,48.0,Female,Ovarian,Stage I,2.51,,None,,15.4,2016-08-18,Combination Therapy,4.0,31.0,Alive,Low
ONC-04471,47.0,Female,Lung,Stage I,2.08,Former,Occasional,No,25.9,2023-09-01,,1.0,22.0,Deceased,Low
ONC-00545,61.0,Male,Lung,Stage IV,1.8,Former,Heavy,No,23.9,2023-11-28,Palliative Care,5.0,45.0,Alive,Critical
ONC-04388,58.0,Male,Pancreatic,Stage IV,5.03,Former,Regular,No,27.2,2020-10-17,Combination Therapy,7.0,30.0,Alive,High
ONC-02765,29.0,Other,Skin (Melanoma),Stage II,3.06,Never,Regular,No,30.4,2017-03-13,Palliative Care,,14.0,Alive,Medium
ONC-03689,73.0,,,Stage III,0.81,Former,None,Yes,17.8,2018-04-11,,7.0,10.0,,
ONC-04486,59.0,Female,Brain,,10.67,Former,None,No,26.6,2024-06-27,Chemotherapy,8.0,8.0,Alive,Low
ONC-02870,46.0,Male,Brain,Stage III,0.6,Former,None,No,21.5,,,6.0,11.0,Alive,Critical
ONC-04947,,Male,Liver,Stage IV,3.58,Never,Heavy,Yes,19.5,2021-12-05,Radiation Therapy,,4.0,Deceased,Critical
ONC-05558,,,Pancreatic,Stage II,7.11,Never,None,No,31.1,2018-05-03,Surgery,10.0,11.0,Alive,Low
ONC-01871,51.0,Other,,Stage I,13.68,Never,,No,26.8,,Combination Therapy,6.0,16.0,Alive,Low
ONC-03775,50.0,Other,Colorectal,Stage IV,2.83,Current,None,No,21.1,2024-06-20,Combination Therapy,5.0,2.0,Alive,Critical
ONC-03232,63.0,Male,Blood (Leukemia),Stage I,2.87,Current,Occasional,,34.4,2018-10-11,Surgery,4.0,8.0,Alive,Medium
ONC-05016,40.0,Male,Pancreatic,Stage IV,1.35,Current,None,No,,2020-05-29,Chemotherapy,4.0,13.0,Deceased,Critical
ONC-04507,65.0,Male,Lung,Stage IV,1.14,Former,Heavy,Yes,29.0,2017-08-04,Surgery,,17.0,Alive,Critical
ONC-01895,48.0,Other,Lung,Stage III,0.1,Current,Heavy,Yes,26.2,2018-10-12,Surgery,6.0,17.0,Alive,Low
ONC-01185,54.0,Other,Breast,Stage III,3.97,Current,Heavy,Yes,27.6,2018-12-23,Chemotherapy,6.0,15.0,Alive,Low
ONC-06524,61.0,NA,Breast,Stage III,5.15,Former,Regular,Yes,,2015-08-26,Surgery,10.0,10.0,Alive,Medium
ONC-03005,71.0,,Skin (Melanoma),Stage II,6.46,Never,None,Yes,30.4,,Palliative Care,2.0,8.0,Alive,Medium
ONC-01899,53.0,Female,Skin (Melanoma),,0.15,Current,,No,26.8,2019-05-06,Radiation Therapy,6.0,1.0,,Medium
ONC-00833,42.0,Other,Prostate,Stage I,1.24,Current,Regular,No,31.1,2019-07-05,Palliative Care,2.0,6.0,Deceased,High
ONC-00691,,Female,Liver,Stage II,0.4,,,,24.3,2024-08-25,Palliative Care,3.0,22.0,Alive,High
ONC-07141,,Female,Ovarian,Stage II,7.94,Former,None,Yes,25.2,2015-06-11,Palliative Care,5.0,7.0,Alive,Medium
ONC-03777,63.0,Other,Prostate,Stage I,0.65,Current,Heavy,No,32.1,2024-03-26,Immunotherapy,7.0,3.0,Deceased,Low
ONC-01513,45.0,Female,Skin (Melanoma),Stage I,0.1,Current,Heavy,No,22.8,2018-10-18,Palliative Care,8.0,23.0,Alive,Low
ONC-06716,46.0,Female,Breast,Stage IV,1.2,Never,Regular,No,19.7,2020-03-24,Combination Therapy,11.0,1.0,Alive,Critical
ONC-03883,52.0,,,Stage I,1.59,Never,None,Yes,20.4,2020-09-26,Immunotherapy,6.0,,Deceased,High
ONC-01076,29.0,Female,Brain,Stage I,15.6,Former,Regular,No,18.4,2024-04-11,,5.0,11.0,Alive,Medium
ONC-03512,52.0,Male,Brain,Stage I,0.16,Former,None,No,19.0,2023-01-01,Palliative Care,7.0,7.0,Deceased,Low
ONC-05385,62.0,Female,Blood (Leukemia),Stage I,0.44,Former,None,No,27.9,2020-04-20,Combination Therapy,9.0,49.0,Deceased,Medium
ONC-02112,,Male,Skin (Melanoma),Stage II,2.84,Current,,Yes,20.3,2016-10-23,Palliative Care,2.0,0.0,Alive,Low
ONC-04866,47.0,Female,Lung,Stage IV,11.78,Never,Regular,Yes,25.4,2015-05-27,Radiation Therapy,,14.0,Deceased,Critical
ONC-07060,34.0,Male,Pancreatic,Stage II,6.72,Former,Regular,,26.1,2017-11-29,Immunotherapy,4.0,5.0,Alive,High
ONC-07491,75.0,Female,Lung,Stage IV,4.56,Former,None,No,16.1,2024-10-26,,6.0,20.0,Alive,High
ONC-02603,63.0,Female,Brain,Stage III,3.18,Former,None,No,23.3,2017-04-18,Radiation Therapy,8.0,41.0,Deceased,High
ONC-01947,,Male,Liver,Stage III,2.89,Current,Regular,No,,2015-04-26,Combination Therapy,,,Alive,High
ONC-07308,,,Blood (Leukemia),Stage I,0.23,Former,None,No,24.5,2021-07-25,Radiation Therapy,11.0,29.0,Alive,Medium
ONC-07334,51.0,Female,Lung,Stage I,0.97,Never,Regular,Yes,19.7,2017-11-13,Immunotherapy,8.0,23.0,Deceased,Low
ONC-00753,41.0,Male,,Stage III,,Never,Regular,Yes,21.2,2020-03-02,Palliative Care,1.0,2.0,Deceased,Medium
ONC-01362,,Female,Skin (Melanoma),Stage I,0.23,Former,Regular,Yes,24.5,,Immunotherapy,10.0,,Alive,Medium
ONC-05133,60.0,Other,Colorectal,Stage III,5.39,Never,Occasional,Yes,33.9,2024-02-04,Radiation Therapy,,6.0,Alive,Medium
ONC-02683,64.0,Other,Pancreatic,Stage II,5.9,Current,Regular,Yes,33.5,2021-12-22,Immunotherapy,5.0,1.0,Deceased,Low
ONC-03285,94.0,,Brain,Stage IV,0.16,Former,Regular,Yes,,2023-12-27,Palliative Care,8.0,1.0,Alive,Critical
ONC-06407,76.0,Male,Skin (Melanoma),Stage II,2.76,Current,Heavy,,27.8,2024-09-17,Chemotherapy,5.0,49.0,Alive,Medium
ONC-06925,59.0,Female,Skin (Melanoma),Stage II,6.04,Current,None,No,30.7,2016-12-09,Radiation Therapy,4.0,4.0,Deceased,High
ONC-00364,43.0,Female,Liver,Stage IV,5.07,Never,Heavy,,22.6,2018-04-21,,6.0,5.0,Alive,High
ONC-02765,29.0,Other,Skin (Melanoma),Stage II,3.06,Never,Regular,No,30.4,2017-03-13,Palliative Care,,14.0,Alive,Medium
ONC-01136,51.0,Female,Breast,Stage I,4.59,Current,Regular,No,18.5,2018-07-23,Radiation Therapy,7.0,17.0,Alive,Low
ONC-03213,59.0,Female,Breast,Stage I,1.55,Former,,Yes,21.4,2020-02-20,Chemotherapy,7.0,10.0,,Medium
ONC-03808,38.0,Female,Lung,Stage IV,10.0,Never,Regular,No,22.5,2019-04-18,Surgery,3.0,9.0,Deceased,High
ONC-01680,46.0,Other,Prostate,Stage I,1.18,Never,Occasional,Yes,26.4,2020-01-13,Chemotherapy,13.0,1.0,Alive,Low
ONC-04647,52.0,Male,Breast,Stage I,3.9,Current,Heavy,No,24.1,2018-01-10,Palliative Care,7.0,0.0,Alive,Low
ONC-03590,60.0,Other,Skin (Melanoma),Stage III,0.16,,Heavy,Yes,31.2,2018-07-19,Chemotherapy,6.0,39.0,Alive,High
ONC-02357,64.0,Female,Breast,Stage I,2.19,Never,Regular,Yes,26.7,2023-02-04,Combination Therapy,7.0,58.0,Alive,Medium
ONC-05410,66.0,Male,Liver,Stage I,6.96,Current,Occasional,Yes,27.3,2017-08-19,,11.0,4.0,,
ONC-01623,58.0,,Brain,Stage IV,8.97,Former,,No,29.8,,,9.0,4.0,Deceased,Critical
ONC-06418,66.0,Female,Skin (Melanoma),Stage IV,0.35,Never,None,Yes,,2022-06-14,Radiation Therapy,8.0,12.0,Alive,Medium
ONC-01659,57.0,Other,Pancreatic,Stage IV,18.58,Never,None,Yes,29.5,2024-04-01,,7.0,20.0,Alive,High
ONC-04098,56.0,Female,Lung,Stage III,3.41,Never,Regular,No,28.4,,Palliative Care,3.0,14.0,Alive,Low
ONC-03015,30.0,Other,Breast,Stage III,0.56,Never,Occasional,No,27.7,2018-09-14,Radiation Therapy,10.0,94.0,Deceased,
ONC-04811,31.0,Female,Brain,,1.62,Current,None,Yes,29.2,2021-12-23,Palliative Care,7.0,1.0,Alive,Critical
ONC-04939,75.0,Female,Blood (Leukemia),Stage IV,1.47,Current,Heavy,Yes,21.9,2020-05-18,Chemotherapy,6.0,12.0,Deceased,High
ONC-02069,62.0,Other,Breast,Stage III,5.36,Never,Heavy,No,33.8,2020-02-26,Radiation Therapy,9.0,21.0,Alive,High
ONC-04390,72.0,Other,Prostate,Stage IV,7.92,Never,Occasional,,26.6,2023-09-14,Palliative Care,2.0,12.0,Deceased,Low
ONC-00880,49.0,,Skin (Melanoma),Stage I,0.24,Never,Heavy,No,28.0,2024-01-23,,,67.0,Alive,Medium
ONC-07183,67.0,Female,Blood (Leukemia),Stage IV,4.28,Former,Heavy,No,33.1,2015-02-25,Immunotherapy,7.0,2.0,Alive,Critical
ONC-03798,40.0,Other,Breast,Stage II,4.32,Former,,No,26.5,2019-09-07,,3.0,12.0,Deceased,Medium
ONC-04960,84.0,Male,Colorectal,Stage III,,,None,No,,2017-03-07,Chemotherapy,1.0,29.0,Deceased,High
ONC-00759,42.0,Other,Skin (Melanoma),Stage III,6.91,Former,Occasional,No,21.4,2019-07-06,,4.0,1.0,Alive,High
ONC-03122,60.0,Female,Blood (Leukemia),Stage II,1.38,Never,,Yes,35.8,2019-07-31,Radiation Therapy,5.0,5.0,,
ONC-02403,61.0,Female,Breast,Stage IV,1.89,Former,None,Yes,27.4,2024-11-17,Radiation Therapy,6.0,23.0,Alive,Critical
ONC-02060,72.0,Female,Ovarian,Stage I,6.24,,Heavy,Yes,23.1,2015-10-03,Combination Therapy,,7.0,Deceased,Medium
ONC-05796,57.0,Other,Blood (Leukemia),Stage IV,1.09,Former,,Yes,18.3,2023-05-22,Palliative Care,6.0,9.0,Deceased,High
ONC-05388,66.0,Male,Breast,Stage IV,2.71,Never,Heavy,No,,2021-12-05,Combination Therapy,2.0,,Deceased,High
ONC-02578,48.0,,Lung,Stage III,1.36,Former,Heavy,Yes,26.1,2016-03-03,Combination Therapy,12.0,17.0,Deceased,High
ONC-01912,48.0,Female,Breast,Stage IV,2.21,Never,None,No,29.5,2019-01-19,Combination Therapy,7.0,44.0,Deceased,Critical
ONC-05325,99.0,Female,Skin (Melanoma),,10.02,Current,None,,27.0,,Radiation Therapy,8.0,5.0,Alive,Medium
ONC-06547,65.0,Female,Colorectal,Stage I,5.3,Never,Regular,No,25.6,2017-04-11,Chemotherapy,5.0,9.0,Alive,Medium
ONC-01074,49.0,Female,Brain,,0.14,Never,,Yes,32.4,2020-11-06,Immunotherapy,,8.0,Deceased,High
ONC-00059,,Other,Breast,Stage IV,9.28,Former,,No,,2016-06-06,Combination Therapy,6.0,14.0,Alive,High
ONC-06787,57.0,Male,Brain,Stage II,0.65,Former,Heavy,Yes,31.4,2022-05-14,,5.0,18.0,Deceased,Medium
ONC-02295,,Female,Pancreatic,Stage I,2.13,Former,Occasional,Yes,27.6,2016-09-12,Surgery,6.0,29.0,Alive,Low
ONC-05519,78.0,Other,Blood (Leukemia),Stage IV,1.89,Never,Regular,No,31.8,2019-01-04,Combination Therapy,6.0,15.0,Deceased,High
ONC-07047,63.0,Other,,Stage II,3.31,Former,Occasional,,26.0,2022-10-01,Combination Therapy,9.0,2.0,Deceased,Low
ONC-02399,60.0,,Ovarian,Stage I,2.53,Former,None,Yes,23.0,2024-01-16,Surgery,6.0,10.0,Alive,Medium
ONC-03134,72.0,Other,Pancreatic,Stage II,3.77,Never,Regular,No,28.9,,Radiation Therapy,8.0,68.0,Deceased,High
ONC-01069,59.0,Other,Prostate,Stage I,1.3,Never,Heavy,Yes,,2022-10-22,Immunotherapy,6.0,10.0,Alive,High
ONC-02530,89.0,Other,Brain,Stage II,11.01,,Regular,No,,2016-06-25,Chemotherapy,5.0,15.0,Alive,High
ONC-06984,46.0,Other,Ovarian,Stage II,4.22,Former,,Yes,20.2,,Surgery,6.0,4.0,Alive,Medium
ONC-01478,73.0,Male,Pancreatic,Stage I,0.25,Current,Regular,No,32.3,2023-06-28,Combination Therapy,8.0,8.0,Alive,Medium
ONC-01514,68.0,Male,Skin (Melanoma),Stage I,3.73,Never,Occasional,No,30.6,2016-04-30,Combination Therapy,6.0,,Deceased,
ONC-03286,58.0,Male,Ovarian,Stage IV,11.26,Never,Regular,Yes,29.5,2017-06-23,Surgery,11.0,4.0,Alive,Critical
ONC-06034,77.0,Other,Liver,Stage IV,3.47,Never,Occasional,No,39.4,,Immunotherapy,3.0,11.0,Deceased,High
ONC-03069,65.0,Male,Skin (Melanoma),Stage III,4.11,Former,None,No,18.0,2024-04-23,,7.0,4.0,Alive,High
ONC-06325,53.0,Female,Blood (Leukemia),Stage IV,1.78,,None,No,33.6,2019-07-27,Surgery,5.0,14.0,,Medium
ONC-07192,56.0,Female,Liver,Stage III,,Former,None,,27.5,2024-08-06,Immunotherapy,4.0,6.0,,High
ONC-04613,84.0,Other,Skin (Melanoma),Stage III,1.11,Former,Heavy,No,32.9,2024-05-06,Palliative Care,,0.0,Alive,
ONC-07493,48.0,Other,Breast,Stage IV,0.21,Former,None,,27.4,2022-05-02,Palliative Care,8.0,,Deceased,Critical
ONC-03290,59.0,Male,Liver,Stage IV,1.1,Never,Occasional,No,24.7,2020-09-14,Radiation Therapy,6.0,11.0,Alive,Critical
ONC-01800,45.0,Male,Lung,Stage IV,14.64,Current,Heavy,Yes,29.8,,Chemotherapy,7.0,12.0,Alive,Critical
ONC-02299,71.0,,Colorectal,Stage I,4.53,Never,None,,18.6,2017-04-16,Combination Therapy,5.0,0.0,Deceased,Medium
ONC-06602,76.0,Female,Liver,Stage IV,0.49,Never,Heavy,No,30.0,,Radiation Therapy,9.0,17.0,,High
ONC-02501,72.0,Female,Pancreatic,Stage IV,1.7,Former,Occasional,Yes,24.0,,Radiation Therapy,4.0,11.0,Deceased,High
ONC-04018,,Other,Prostate,Stage III,0.45,,,No,22.3,2016-06-29,,,9.0,,Low
ONC-01730,55.0,,Ovarian,Stage II,1.35,Never,Occasional,Yes,21.8,2018-09-02,Palliative Care,6.0,22.0,Deceased,Medium
ONC-04289,,Male,Breast,,1.06,Never,Heavy,No,32.0,2023-09-12,Surgery,5.0,0.0,Alive,
ONC-03796,63.0,,Skin (Melanoma),,4.78,Never,Regular,Yes,21.2,2020-08-21,Palliative Care,6.0,11.0,Alive,Medium
ONC-03028,46.0,Male,Ovarian,Stage II,1.47,,Heavy,No,31.4,2022-02-26,Immunotherapy,6.0,5.0,Alive,Low
ONC-05362,61.0,Female,Pancreatic,Stage I,8.02,Current,Heavy,No,25.1,2024-09-10,Surgery,4.0,3.0,,Medium
ONC-04086,47.0,Other,Pancreatic,Stage III,2.22,Never,Regular,Yes,22.6,2024-07-30,Surgery,6.0,,Alive,High
ONC-05135,62.0,,Pancreatic,,2.76,Never,Regular,Yes,24.9,2020-10-07,Immunotherapy,8.0,10.0,Alive,High
ONC-01838,53.0,,Brain,Stage IV,1.25,Never,Occasional,No,26.0,2020-10-15,Combination Therapy,8.0,48.0,Alive,Critical
ONC-02682,50.0,Female,Brain,Stage IV,1.87,Never,,,21.1,2017-10-10,Immunotherapy,11.0,42.0,Deceased,High
ONC-02506,65.0,Other,Lung,,1.5,Never,None,No,27.2,,Combination Therapy,,,Alive,High
ONC-01304,57.0,Male,Pancreatic,Stage I,0.52,Never,None,,25.4,,Combination Therapy,5.0,3.0,Alive,Low
ONC-04723,92.0,Female,Pancreatic,,3.8,Never,None,No,27.0,2022-07-01,Radiation Therapy,7.0,2.0,Alive,Medium
ONC-03806,47.0,Male,Blood (Leukemia),Stage III,0.1,Never,Occasional,Yes,33.8,2024-04-24,Chemotherapy,11.0,,,Medium
ONC-01174,50.0,Other,Liver,Stage IV,1.08,Never,Heavy,Yes,,2023-06-23,Chemotherapy,5.0,,Alive,Medium
ONC-01433,51.0,Other,Skin (Melanoma),Stage II,2.3,Current,None,Yes,24.0,2023-06-21,Immunotherapy,,13.0,,High
ONC-01100,67.0,Female,Blood (Leukemia),Stage I,0.86,Never,Heavy,No,25.5,2016-04-10,Palliative Care,6.0,5.0,Alive,Low
ONC-07204,57.0,,Ovarian,Stage IV,1.91,Former,Occasional,No,24.2,2021-12-05,Combination Therapy,7.0,,Deceased,Medium
ONC-01909,78.0,Female,Ovarian,Stage II,,Former,,No,27.5,2016-10-25,Immunotherapy,6.0,57.0,Alive,Low
ONC-07012,57.0,Female,Colorectal,,2.39,Former,Heavy,Yes,25.5,2022-05-16,Combination Therapy,12.0,5.0,Deceased,
ONC-07000,67.0,,Liver,Stage II,3.27,Former,None,Yes,32.7,2019-04-30,Palliative Care,4.0,37.0,Alive,Critical
ONC-06854,,Female,Liver,Stage IV,1.89,Never,Heavy,No,20.7,2020-05-09,Palliative Care,4.0,4.0,Alive,Medium
ONC-06533,46.0,Male,Colorectal,Stage III,3.8,Former,,No,20.6,2016-12-13,Immunotherapy,6.0,1.0,Alive,High
ONC-01406,78.0,Female,Liver,Stage II,8.94,,None,,19.2,2016-12-18,Combination Therapy,11.0,2.0,Deceased,Low
ONC-07065,25.0,Other,Lung,Stage I,0.1,Current,None,No,24.2,,Combination Therapy,2.0,11.0,Deceased,Low
ONC-05473,57.0,Female,Ovarian,Stage III,3.71,Former,None,Yes,24.3,2017-04-28,Palliative Care,7.0,28.0,Alive,
ONC-02229,52.0,Female,,Stage III,1.74,Never,None,No,27.9,2020-06-05,Radiation Therapy,7.0,31.0,Alive,Critical
ONC-02814,61.0,Male,Ovarian,Stage IV,2.28,Current,Heavy,Yes,31.2,2024-12-08,Palliative Care,7.0,0.0,Deceased,Critical
ONC-00310,76.0,Other,Prostate,Stage II,0.69,Never,Occasional,No,34.4,2018-12-09,Palliative Care,4.0,21.0,Alive,Low
ONC-04091,65.0,Other,Liver,Stage IV,0.57,Former,None,Yes,18.9,2019-03-27,Combination Therapy,10.0,3.0,Alive,Critical
ONC-00776,52.0,Other,Ovarian,Stage I,3.89,Current,Regular,No,26.0,2022-10-18,,6.0,13.0,Deceased,Low
ONC-04581,67.0,Female,Pancreatic,Stage I,0.72,Former,Regular,Yes,24.3,2015-05-18,Radiation Therapy,7.0,15.0,,Medium
ONC-00368,41.0,Female,Prostate,Stage I,2.78,Current,Heavy,,35.6,2021-03-17,Surgery,7.0,3.0,Deceased,Low
ONC-00571,60.0,Other,Breast,Stage I,6.75,Former,Regular,No,26.5,2019-05-31,Palliative Care,7.0,20.0,Alive,Low
ONC-04100,39.0,Female,,Stage III,7.86,Current,Heavy,No,25.8,2017-05-23,Immunotherapy,3.0,33.0,Deceased,High
ONC-04746,58.0,Male,Blood (Leukemia),Stage I,4.88,Former,Heavy,No,24.2,2022-07-15,,10.0,28.0,Alive,Medium
ONC-06342,,,Lung,Stage II,1.42,Never,None,Yes,26.0,2017-12-22,Chemotherapy,10.0,2.0,Alive,Medium
ONC-04538,73.0,,Blood (Leukemia),Stage II,0.47,Never,,No,34.2,2023-12-09,Radiation Therapy,10.0,57.0,Alive,High
ONC-01594,52.0,,Brain,Stage IV,2.26,Never,Unknown,Yes,24.9,2020-08-09,Radiation Therapy,6.0,34.0,Alive,Critical
ONC-02264,59.0,Other,Lung,Stage I,4.86,Never,None,Yes,17.9,,Combination Therapy,,10.0,Alive,Low
ONC-03339,63.0,Male,Breast,Stage IV,2.58,Former,Occasional,Yes,21.0,2017-02-20,Chemotherapy,7.0,15.0,Deceased,Critical
ONC-06312,52.0,Male,Breast,Stage II,1.69,Never,Occasional,Yes,27.6,2017-02-18,Radiation Therapy,7.0,5.0,Alive,Medium
ONC-01542,47.0,N/A,Ovarian,Stage III,3.13,Current,Heavy,No,27.8,2019-11-18,Chemotherapy,7.0,62.0,,
ONC-06015,42.0,Female,Ovarian,Stage III,6.9,Never,Heavy,Yes,24.1,2022-04-07,Chemotherapy,7.0,41.0,Alive,High
ONC-07030,57.0,,Prostate,Stage I,1.32,Never,Regular,No,27.6,2016-12-08,Palliative Care,6.0,33.0,Deceased,Low
ONC-04645,,Male,Pancreatic,Stage II,2.4,Current,Heavy,Yes,20.3,2015-12-08,Surgery,5.0,32.0,Alive,Medium
ONC-06518,,Female,Ovarian,Stage III,2.67,Never,Occasional,Yes,27.4,2021-07-19,,4.0,3.0,Alive,High
ONC-07020,60.0,Female,Liver,Stage III,0.54,Current,Regular,No,32.4,2015-07-31,Combination Therapy,,3.0,Deceased,Medium
ONC-05486,,Female,Pancreatic,Stage II,2.2,Current,Occasional,No,28.8,2017-08-22,Combination Therapy,3.0,12.0,Deceased,Medium
ONC-05042,74.0,Female,Pancreatic,Stage III,0.82,Former,Occasional,,23.8,,Radiation Therapy,7.0,18.0,,Medium
ONC-06736,60.0,,Lung,Stage IV,3.96,,None,No,32.7,,Palliative Care,0.0,4.0,Alive,High
ONC-00073,42.0,,Colorectal,Stage III,11.36,Former,Regular,No,28.6,2023-05-14,Combination Therapy,5.0,,Alive,High
ONC-04830,56.0,Other,Skin (Melanoma),Stage I,0.92,Current,Occasional,No,19.9,2017-02-05,Radiation Therapy,4.0,5.0,Deceased,Low
ONC-05705,,Female,Ovarian,Stage III,6.75,Never,None,Yes,19.0,2022-11-26,Surgery,,19.0,Deceased,Medium
ONC-03739,49.0,Male,Blood (Leukemia),Stage IV,12.45,Never,Occasional,No,20.6,2024-11-09,Combination Therapy,7.0,67.0,Alive,High
ONC-04859,33.0,Other,Liver,Stage I,2.26,Never,None,No,25.4,2017-07-11,Surgery,10.0,,Deceased,Low
ONC-02836,72.0,Female,Colorectal,Stage II,8.37,Current,Occasional,No,19.2,2021-09-16,Palliative Care,7.0,0.0,Deceased,Medium
ONC-04270,72.0,Male,Ovarian,Stage I,0.15,Former,None,Yes,27.5,2018-10-17,,7.0,12.0,Alive,Low
ONC-07165,68.0,Male,Liver,Stage I,1.75,Never,Regular,,27.7,2017-07-11,Chemotherapy,,22.0,Alive,Low
ONC-03737,80.0,Other,Breast,Stage III,0.1,,Heavy,No,23.2,2017-10-21,Immunotherapy,8.0,37.0,Deceased,Medium
ONC-06399,66.0,Female,Liver,Stage IV,2.42,Never,None,Yes,30.7,2015-09-05,Combination Therapy,6.0,2.0,,Critical
ONC-02512,71.0,Female,Breast,,1.13,Never,None,No,30.5,2021-11-26,,8.0,37.0,Alive,Low
ONC-01781,46.0,Female,Brain,Stage I,2.33,Never,,No,25.9,2019-02-15,Combination Therapy,,10.0,Deceased,High
ONC-01776,70.0,Male,Brain,Stage II,6.87,-,Occasional,,26.1,2017-06-06,Chemotherapy,7.0,62.0,Alive,Low
ONC-01535,47.0,Other,Lung,Stage IV,2.26,Never,Heavy,,25.1,2022-07-23,Palliative Care,4.0,9.0,Alive,High
ONC-04935,50.0,Male,Liver,Stage I,1.21,Former,Heavy,Yes,31.2,2017-08-04,Surgery,9.0,45.0,Deceased,Medium
ONC-03106,52.0,Male,Ovarian,Stage I,2.44,Former,Heavy,No,26.4,2023-10-02,Surgery,14.0,16.0,Alive,Medium
ONC-03766,54.0,Female,Brain,,6.37,Current,None,No,26.7,,Chemotherapy,4.0,19.0,Deceased,High
ONC-03335,41.0,Other,Brain,Stage I,3.93,Current,Heavy,,26.8,2020-09-04,,3.0,3.0,Alive,Low
ONC-06063,74.0,Male,Blood (Leukemia),Stage I,14.29,,None,Yes,32.7,2020-09-05,Radiation Therapy,5.0,22.0,Deceased,Low
ONC-04961,43.0,Female,Ovarian,Stage II,20.0,Current,Heavy,No,25.6,2019-03-25,Palliative Care,8.0,120.0,Alive,High
ONC-07333,46.0,Female,Pancreatic,Stage II,2.64,Current,None,No,27.8,2021-10-14,Chemotherapy,,2.0,Alive,Medium
ONC-05253,39.0,Other,Breast,Stage IV,0.92,Never,,No,30.7,2022-11-29,Combination Therapy,6.0,,Alive,Low
ONC-05891,70.0,Female,Brain,Stage I,1.78,Former,Regular,Yes,27.6,2024-08-18,Palliative Care,3.0,37.0,Alive,Low
ONC-05986,55.0,Male,Brain,,3.15,Never,Regular,No,26.0,2018-01-28,Surgery,,0.0,Alive,
ONC-04395,35.0,Female,Blood (Leukemia),Stage II,1.77,Current,Heavy,Yes,21.2,,Immunotherapy,1.0,25.0,Alive,Medium
ONC-07195,69.0,Female,Liver,Stage III,16.28,Former,,Yes,27.8,2019-03-28,Palliative Care,5.0,20.0,Deceased,Critical
ONC-04363,54.0,Other,Liver,Stage II,7.19,Former,Regular,No,20.9,2023-08-03,Combination Therapy,4.0,18.0,Deceased,Medium
ONC-03963,,Female,Pancreatic,Stage IV,2.25,Current,Heavy,No,21.2,2019-06-30,,2.0,5.0,Alive,Critical
ONC-05753,72.0,Other,Pancreatic,Stage IV,0.13,Current,Occasional,No,19.7,2015-11-05,Combination Therapy,5.0,14.0,Deceased,
ONC-01785,45.0,Male,Liver,Stage I,,Current,Regular,Yes,,2020-10-29,,5.0,14.0,Alive,Low
ONC-06490,57.0,Male,Prostate,Stage IV,7.5,Former,None,Yes,31.1,2017-10-03,Combination Therapy,7.0,20.0,Deceased,High
ONC-01030,42.0,Other,Colorectal,Stage IV,,,Occasional,,20.1,2024-08-02,Combination Therapy,3.0,6.0,Alive,High
ONC-00520,46.0,Other,Brain,Stage IV,3.41,Current,Regular,No,,2020-05-26,Combination Therapy,7.0,,,Critical
ONC-02447,51.0,Female,Colorectal,Stage I,4.04,Former,,,21.5,2020-02-27,Chemotherapy,5.0,31.0,Alive,Low
ONC-01915,57.0,Male,Skin (Melanoma),Stage IV,2.51,Current,None,No,30.4,2017-03-25,,,9.0,Deceased,Medium
ONC-05772,49.0,,Liver,,2.66,Never,None,No,27.7,2023-05-02,Combination Therapy,6.0,34.0,Deceased,Medium
ONC-01610,75.0,Male,Colorectal,Stage IV,2.94,Current,Heavy,No,23.6,2020-05-14,Chemotherapy,8.0,2.0,Alive,Critical
ONC-06328,60.0,,Liver,Stage II,2.07,,Heavy,No,30.4,2023-06-07,Chemotherapy,6.0,6.0,Alive,Medium
ONC-00396,36.0,Other,Pancreatic,Stage II,8.95,Never,None,No,39.2,2018-09-24,Palliative Care,8.0,1.0,Deceased,Medium
ONC-04191,46.0,Male,Ovarian,Stage IV,0.48,Current,None,,23.8,2020-10-20,Combination Therapy,6.0,5.0,Alive,Critical
ONC-01984,52.0,Other,Liver,Stage II,2.69,Current,None,No,31.3,2018-07-12,Immunotherapy,5.0,18.0,Alive,High
ONC-01937,32.0,Other,Pancreatic,Stage IV,5.06,Never,Heavy,No,23.6,2024-05-13,Combination Therapy,8.0,2.0,Alive,High
ONC-03365,76.0,Other,Skin (Melanoma),Stage IV,1.94,,None,No,20.7,2024-12-08,Radiation Therapy,3.0,9.0,Alive,High
ONC-06493,57.0,,Lung,Stage III,3.2,Former,Occasional,,28.5,2019-07-17,Palliative Care,1.0,16.0,Alive,Medium
ONC-05541,48.0,,Breast,,1.21,Current,Occasional,No,25.1,2022-12-06,Palliative Care,8.0,38.0,Alive,High
ONC-01034,72.0,Male,Colorectal,Stage III,3.84,Never,None,Yes,30.7,2022-05-29,Palliative Care,5.0,36.0,Alive,
ONC-05890,44.0,Male,Lung,Stage III,1.15,Never,None,,29.9,,,,0.0,Deceased,Medium
ONC-02756,68.0,Male,Prostate,Stage I,0.69,Current,,No,27.5,2019-04-16,Combination Therapy,4.0,13.0,Alive,Low
ONC-04389,55.0,Male,Breast,Stage IV,8.32,Current,Heavy,Yes,32.1,2018-08-26,Radiation Therapy,7.0,,Deceased,Medium
ONC-07448,23.0,Male,Skin (Melanoma),Stage II,4.45,Former,Regular,Yes,,2016-11-04,Immunotherapy,9.0,77.0,Alive,Low
ONC-00605,,Male,Liver,Stage I,2.16,Former,Regular,No,20.0,2020-04-27,Surgery,5.0,41.0,Alive,Medium
ONC-05760,63.0,Female,Ovarian,Stage III,3.92,Never,,Yes,33.6,2020-09-12,Palliative Care,6.0,2.0,Deceased,Low
ONC-04978,52.0,Other,Breast,Stage III,0.1,Never,-,No,28.7,2015-08-13,Immunotherapy,4.0,13.0,Alive,Medium
ONC-06775,43.0,Female,Brain,Stage IV,1.75,Current,None,No,28.2,2022-08-19,Chemotherapy,,2.0,Deceased,High
ONC-02805,63.0,Other,Ovarian,Stage IV,10.78,Current,Heavy,No,26.4,2019-12-02,Radiation Therapy,5.0,4.0,Alive,Medium
ONC-01432,82.0,Other,Pancreatic,Stage IV,1.03,Former,None,Yes,20.3,2017-10-26,Palliative Care,5.0,10.0,Alive,High
ONC-06723,32.0,Female,Blood (Leukemia),,0.39,Former,None,,21.8,2015-07-24,Chemotherapy,4.0,15.0,,Critical
ONC-03651,39.0,Male,Pancreatic,Stage IV,4.39,Current,Regular,No,,2022-08-08,Combination Therapy,10.0,21.0,,Low
ONC-04903,,,Pancreatic,,0.96,,Regular,No,24.5,2018-04-16,Radiation Therapy,9.0,10.0,Alive,
ONC-05432,41.0,Other,Pancreatic,Stage III,,Never,,Yes,21.6,2023-03-04,Combination Therapy,5.0,14.0,Alive,Medium
ONC-02366,70.0,Male,Prostate,Stage I,0.15,,Heavy,No,16.7,2024-06-30,Immunotherapy,5.0,16.0,Alive,Low
ONC-01322,47.0,Female,Colorectal,Stage IV,0.72,Current,,Yes,25.7,2019-05-07,Chemotherapy,5.0,14.0,Alive,Critical
ONC-02577,57.0,Male,Breast,Stage II,3.35,Current,Regular,No,14.3,2024-11-25,Radiation Therapy,6.0,57.0,Deceased,Medium
ONC-05044,63.0,Female,Colorectal,Stage I,0.45,Current,Occasional,Yes,,2020-04-28,Chemotherapy,7.0,11.0,Deceased,
ONC-06834,74.0,Other,Skin (Melanoma),Stage IV,8.72,Never,Regular,No,28.1,2021-02-24,,15.0,14.0,Deceased,High
ONC-02642,64.0,Other,Blood (Leukemia),Stage I,1.1,Current,Regular,Yes,33.3,2021-07-16,Immunotherapy,3.0,12.0,,Low
ONC-04727,35.0,Female,Blood (Leukemia),Stage IV,16.06,Former,Occasional,Yes,18.3,2021-09-23,Combination Therapy,8.0,30.0,Alive,High
ONC-05642,40.0,Female,Liver,Stage II,0.47,Current,,Yes,17.4,2019-02-20,Immunotherapy,2.0,15.0,Deceased,High
ONC-06054,63.0,Other,Prostate,Stage II,0.61,Current,Occasional,Yes,26.0,2020-05-23,Immunotherapy,7.0,3.0,Deceased,Medium
ONC-05779,71.0,Male,Colorectal,Stage I,6.54,,Regular,Yes,12.0,2019-01-17,Chemotherapy,,50.0,Alive,Medium
ONC-03433,67.0,Male,Breast,Stage II,5.56,Current,None,Yes,27.7,2017-09-15,Palliative Care,2.0,12.0,Deceased,High
ONC-02684,,Male,,Stage IV,0.49,Former,Occasional,No,18.6,2019-07-14,Radiation Therapy,,10.0,Deceased,Critical
ONC-03381,47.0,Male,Colorectal,Stage II,1.67,Current,,No,29.2,2019-02-01,Combination Therapy,5.0,37.0,Deceased,Low
ONC-04319,62.0,Male,Liver,,3.21,Never,Regular,No,26.2,2015-06-10,,6.0,19.0,Alive,Medium
ONC-04074,73.0,Female,Brain,Stage II,0.1,Current,Regular,,27.9,2022-12-18,Chemotherapy,5.0,5.0,Alive,Medium
ONC-06748,,Male,Colorectal,Stage I,7.2,Never,Regular,Yes,28.0,2023-08-28,Radiation Therapy,5.0,13.0,Alive,Low
ONC-06151,45.0,Male,Pancreatic,Stage IV,2.09,Never,Heavy,Yes,30.0,,Surgery,5.0,2.0,Deceased,Critical
ONC-03933,75.0,Female,Pancreatic,Stage II,3.06,Former,Regular,No,28.9,2016-06-08,Immunotherapy,5.0,38.0,Alive,High
ONC-01743,64.0,Male,Skin (Melanoma),Stage IV,1.94,Never,Heavy,No,33.4,2015-02-01,,10.0,,Alive,High
ONC-06944,60.0,,Ovarian,Stage II,0.44,Never,Heavy,,26.2,,Radiation Therapy,8.0,26.0,Alive,Medium
ONC-01878,,Female,,Stage III,0.61,Current,Heavy,Yes,21.2,,Immunotherapy,5.0,26.0,Alive,Medium
ONC-06571,77.0,Other,Ovarian,Stage I,1.45,Current,None,No,21.4,2017-08-23,Palliative Care,5.0,6.0,Alive,Medium
ONC-07093,63.0,Female,Ovarian,Stage III,0.72,Former,Occasional,No,34.0,2020-02-06,Combination Therapy,9.0,20.0,Deceased,Critical
ONC-06162,86.0,Male,Pancreatic,Stage II,1.28,Former,None,No,29.3,2018-08-05,Combination Therapy,5.0,27.0,Deceased,Low
ONC-01924,46.0,Female,Pancreatic,Stage III,0.92,,,Yes,21.7,2017-08-13,Chemotherapy,4.0,19.0,Deceased,Critical
ONC-06839,,Male,Colorectal,Stage III,10.43,Never,,No,19.6,2024-09-20,Immunotherapy,3.0,,Deceased,High
ONC-02842,46.0,Other,Ovarian,Stage I,1.43,Former,,No,22.2,2023-08-17,Immunotherapy,9.0,51.0,Deceased,Low
ONC-04384,22.0,Male,Breast,Stage I,4.04,Former,Occasional,Yes,13.3,2023-11-21,Surgery,6.0,2.0,Alive,Medium
ONC-06910,47.0,Male,Skin (Melanoma),Stage II,1.73,Current,Occasional,Yes,30.0,2016-01-23,Surgery,8.0,0.0,Deceased,Low
ONC-06226,67.0,,Brain,Stage III,0.77,Never,,Yes,29.2,2016-04-28,Palliative Care,4.0,31.0,Alive,Medium
ONC-04210,41.0,Male,Blood (Leukemia),Stage II,3.88,Never,,Yes,32.0,2019-03-29,Immunotherapy,6.0,33.0,Alive,Low
ONC-00028,65.0,Other,,Stage IV,1.84,Never,None,Yes,,2024-07-19,Chemotherapy,7.0,3.0,Alive,
ONC-04134,55.0,Male,Brain,Stage IV,3.82,Current,Regular,,30.5,2019-11-25,N/A,,34.0,Alive,High
ONC-05206,29.0,Other,Ovarian,Stage I,0.1,Current,Heavy,Yes,32.0,2023-11-16,Combination Therapy,13.0,6.0,Alive,Low
ONC-03569,74.0,Female,Brain,Stage I,10.01,Current,Regular,Yes,38.0,2024-11-01,Radiation Therapy,6.0,21.0,Alive,Low
ONC-07398,67.0,Other,Blood (Leukemia),Stage I,8.97,Former,None,No,27.2,2020-10-01,Chemotherapy,,5.0,Alive,Low
ONC-05402,79.0,Male,Pancreatic,Stage I,8.63,Former,Regular,Yes,22.2,2017-01-06,Radiation Therapy,,0.0,,
ONC-02177,70.0,,Skin (Melanoma),Stage IV,13.1,Never,None,,26.7,2017-04-08,Radiation Therapy,3.0,4.0,Alive,Critical
ONC-04622,75.0,Female,Lung,Stage IV,1.33,Former,Heavy,Yes,27.0,2020-05-21,,5.0,,Alive,Critical
ONC-05901,47.0,Male,Skin (Melanoma),Stage III,1.1,Former,Heavy,No,29.2,2020-09-18,,5.0,9.0,Deceased,Critical
ONC-07392,89.0,Other,Liver,Stage I,3.97,Never,None,No,26.0,2020-08-09,Surgery,7.0,34.0,Alive,Low
ONC-03880,33.0,,Prostate,Stage III,5.95,Former,Heavy,No,24.7,2021-09-26,Palliative Care,6.0,1.0,Alive,Critical
ONC-04603,34.0,Male,,,1.69,Former,Occasional,No,26.5,2024-08-09,Chemotherapy,4.0,12.0,Alive,Medium
ONC-00187,46.0,Female,Colorectal,Stage II,7.49,Never,Regular,No,27.0,2020-03-29,Combination Therapy,9.0,29.0,Alive,Low
ONC-02546,,Other,,Stage II,13.51,Current,Occasional,No,26.1,2015-06-20,Surgery,5.0,13.0,Alive,High
ONC-01224,83.0,Other,Lung,Stage III,1.51,Former,None,No,20.3,2017-01-06,,,5.0,Deceased,Critical
ONC-02445,46.0,Male,Pancreatic,Stage IV,3.39,Current,None,Yes,27.3,2024-09-22,Chemotherapy,5.0,12.0,Deceased,Critical
ONC-05931,54.0,Male,Pancreatic,Stage I,0.34,Current,None,Yes,24.6,2023-09-14,Surgery,4.0,50.0,Deceased,Medium
ONC-03313,37.0,Male,Blood (Leukemia),Stage III,,Current,Occasional,Yes,32.5,2022-05-30,Combination Therapy,5.0,38.0,Deceased,Medium
ONC-06429,73.0,Other,Lung,Stage II,0.86,,None,No,24.8,2023-07-04,Immunotherapy,5.0,3.0,Alive,High
ONC-03068,71.0,Female,Lung,Stage II,0.65,,Occasional,No,25.0,2019-06-17,Immunotherapy,11.0,9.0,Alive,Medium
ONC-01627,91.0,Other,Prostate,Stage I,20.0,Former,Occasional,Yes,30.1,2024-12-29,Palliative Care,11.0,66.0,Alive,High
ONC-01265,71.0,Other,Blood (Leukemia),Stage II,2.4,Former,,No,24.9,2023-12-27,Chemotherapy,7.0,,,Critical
ONC-03970,52.0,Male,Lung,Stage II,0.23,Never,None,Yes,34.3,2016-03-20,Surgery,5.0,2.0,Deceased,Critical
ONC-07019,49.0,Other,Ovarian,Stage II,4.06,Current,Heavy,,19.6,,Surgery,5.0,13.0,Deceased,High
ONC-00878,39.0,Female,Colorectal,Stage I,1.02,,Heavy,No,30.8,2015-01-22,Immunotherapy,6.0,7.0,Alive,Low
ONC-06485,37.0,Female,Prostate,Stage III,6.55,Current,,,21.7,2018-08-12,Radiation Therapy,5.0,36.0,Alive,Critical
ONC-06220,42.0,Female,Ovarian,Stage I,3.36,Current,Heavy,No,24.7,2020-03-10,Immunotherapy,7.0,,,Low
ONC-03479,,Other,Prostate,Stage I,11.18,Never,Heavy,Yes,31.8,2015-10-25,Immunotherapy,6.0,4.0,Alive,Medium
ONC-04110,47.0,Other,Blood (Leukemia),Stage I,2.98,Former,Regular,No,32.0,2020-02-23,Chemotherapy,4.0,0.0,Alive,Medium
ONC-00482,82.0,Female,Breast,Stage I,0.86,,Occasional,No,22.4,2019-08-02,Radiation Therapy,6.0,8.0,Alive,Low
ONC-01173,63.0,Other,Ovarian,Stage IV,0.2,Current,Regular,No,24.7,2018-12-21,Immunotherapy,3.0,3.0,Alive,Critical
ONC-06688,70.0,Other,Lung,Stage II,0.74,Former,Heavy,Yes,27.1,2016-07-01,Palliative Care,7.0,8.0,,High
ONC-02553,62.0,Female,Prostate,Stage IV,1.96,,Occasional,Yes,31.2,2018-12-18,Surgery,6.0,33.0,Alive,Critical
ONC-07311,33.0,Male,Pancreatic,Stage II,2.45,Former,Heavy,No,30.2,,Combination Therapy,4.0,59.0,Alive,Medium
ONC-04954,49.0,Male,Pancreatic,,1.93,Current,Occasional,Yes,29.2,2015-02-14,Palliative Care,5.0,1.0,Deceased,High
ONC-03130,,Other,Liver,Stage IV,9.6,,None,Yes,23.1,2019-05-08,,5.0,34.0,Alive,High
ONC-04143,54.0,Other,Colorectal,,0.73,Former,None,Yes,22.9,,Palliative Care,8.0,5.0,Alive,High
ONC-02919,75.0,Male,Ovarian,Stage IV,0.16,Never,Occasional,,20.2,2022-09-16,Palliative Care,6.0,1.0,Deceased,Critical
ONC-06960,54.0,,Skin (Melanoma),Stage IV,13.98,Never,,No,25.3,2023-01-22,Combination Therapy,3.0,34.0,Alive,Critical
ONC-05829,45.0,Other,Pancreatic,Stage II,3.24,Former,None,,29.6,2024-04-27,Chemotherapy,10.0,36.0,Alive,High
ONC-02315,43.0,Other,Breast,Stage II,1.29,Current,,No,28.2,2018-01-28,Immunotherapy,4.0,21.0,,Low
ONC-03081,41.0,Other,Blood (Leukemia),,2.16,Former,,Yes,26.4,2024-08-26,Chemotherapy,5.0,55.0,,High
ONC-04996,65.0,,Prostate,Stage I,8.54,Former,Regular,No,29.7,2019-06-01,,7.0,39.0,Alive,Low
ONC-05119,61.0,Female,Liver,Stage II,0.45,Never,Heavy,No,26.8,2022-04-11,Surgery,7.0,1.0,Deceased,High
ONC-04329,,Other,,Stage II,,Current,Regular,Yes,21.0,2019-06-13,Chemotherapy,5.0,36.0,Alive,Medium
ONC-00942,70.0,Other,,Stage IV,0.25,Current,Occasional,Yes,21.4,,Surgery,8.0,55.0,Alive,High
ONC-07416,30.0,,Colorectal,Stage III,,Former,,Yes,27.9,2020-10-01,Palliative Care,,,Alive,Critical
ONC-00308,68.0,Other,Colorectal,,9.26,Former,None,No,26.8,2022-10-13,Chemotherapy,,7.0,,Low
ONC-03190,52.0,Male,Skin (Melanoma),Stage II,0.83,Former,Heavy,Yes,26.6,2023-02-13,Palliative Care,4.0,23.0,Deceased,Medium
ONC-03238,,Male,Liver,Stage I,0.1,Current,Occasional,No,19.8,2015-01-27,Immunotherapy,9.0,16.0,Alive,High
ONC-06520,41.0,N/A,Colorectal,Stage IV,3.53,Never,Occasional,No,23.5,2016-01-07,,11.0,5.0,Alive,Critical
ONC-05527,54.0,Male,Skin (Melanoma),,1.32,Current,Occasional,,19.3,2019-10-06,Surgery,6.0,29.0,Alive,Low
ONC-01810,76.0,Other,Brain,Stage III,3.07,Current,None,No,22.4,2015-08-11,Immunotherapy,9.0,0.0,Alive,Low
ONC-05823,89.0,Male,Blood (Leukemia),Stage II,3.69,Former,None,No,12.0,2016-12-17,Combination Therapy,5.0,,Alive,Medium
ONC-01166,56.0,Other,Prostate,,7.65,Former,Occasional,No,18.9,2020-06-17,Radiation Therapy,5.0,15.0,Alive,Critical
ONC-00205,,Male,Blood (Leukemia),Stage IV,3.28,Unknown,Occasional,No,28.5,2021-11-16,Radiation Therapy,3.0,6.0,Alive,Critical
ONC-06538,79.0,,Blood (Leukemia),Stage I,0.66,Current,Regular,Yes,30.0,,Surgery,5.0,3.0,Deceased,Low
ONC-06195,69.0,Male,Blood (Leukemia),Stage II,0.51,Never,Heavy,No,26.7,2016-12-11,Immunotherapy,7.0,14.0,Alive,High
ONC-03690,,Other,Ovarian,Stage II,0.51,Former,Occasional,Yes,25.0,2018-05-17,Combination Therapy,,5.0,Deceased,Medium
ONC-07066,63.0,Male,Liver,Stage I,3.19,Current,Occasional,No,28.9,,Chemotherapy,,,Deceased,Low
ONC-03510,40.0,Other,Colorectal,Stage II,2.76,,,,23.7,2019-08-06,Radiation Therapy,6.0,11.0,,High
ONC-01163,,Other,Liver,Stage I,2.85,Current,Heavy,Yes,29.1,2017-12-22,Palliative Care,5.0,56.0,Alive,High
ONC-02730,38.0,Female,,Stage II,3.34,Current,Regular,Yes,24.0,,Radiation Therapy,7.0,91.0,Alive,Medium
ONC-01601,36.0,Female,Breast,Stage III,0.39,Never,Occasional,Yes,32.6,2017-03-26,Immunotherapy,9.0,7.0,Alive,High
ONC-00087,57.0,Male,Brain,Stage III,4.08,Current,None,No,34.9,,Surgery,,10.0,,Low
ONC-07029,,,Lung,Stage I,5.42,Former,Occasional,No,30.9,2018-12-19,Combination Therapy,4.0,9.0,Alive,
ONC-02208,,Female,Breast,Stage IV,4.7,Former,Heavy,Yes,23.1,2022-04-19,Surgery,4.0,17.0,Alive,Critical
ONC-03047,55.0,Other,Prostate,Stage II,4.97,Current,Occasional,Yes,36.8,2020-11-22,Chemotherapy,3.0,9.0,Deceased,Medium
ONC-04718,48.0,Female,Blood (Leukemia),Stage IV,1.18,Current,Occasional,No,27.0,2015-09-03,Chemotherapy,4.0,20.0,Alive,
ONC-05405,59.0,Female,Pancreatic,Stage IV,0.39,Former,Heavy,Yes,24.8,2016-10-16,,4.0,14.0,Alive,Medium
ONC-00365,71.0,Male,Pancreatic,Stage II,3.23,,Regular,Yes,34.4,,Surgery,6.0,,Alive,Low
ONC-03981,32.0,Other,Brain,Stage III,1.31,Current,Occasional,Yes,25.6,2017-02-08,Combination Therapy,1.0,17.0,Deceased,Critical
ONC-06372,7.0,Female,Blood (Leukemia),Stage IV,3.88,Former,None,Yes,29.8,2022-03-16,Radiation Therapy,6.0,6.0,Deceased,High
ONC-06404,32.0,,Ovarian,Stage II,0.13,Current,,Yes,31.6,2020-03-07,Radiation Therapy,10.0,0.0,Alive,High
ONC-01293,63.0,Female,Skin (Melanoma),Stage I,0.78,Current,Regular,Yes,,2015-04-14,Radiation Therapy,7.0,1.0,Deceased,Low
ONC-03976,75.0,Other,Skin (Melanoma),Stage I,0.43,Never,Regular,No,24.6,2015-07-08,Palliative Care,4.0,1.0,Alive,Low
ONC-05513,48.0,Other,Brain,,0.1,Current,Occasional,No,20.3,2017-07-04,Palliative Care,8.0,21.0,Deceased,Medium
ONC-06505,43.0,Male,Brain,Stage II,0.25,Never,Occasional,Yes,19.4,2019-12-24,Surgery,9.0,85.0,Deceased,Medium
ONC-01000,55.0,Other,,Stage III,0.16,Never,,Yes,16.9,,Surgery,3.0,30.0,,High
ONC-03173,63.0,Other,Prostate,Stage III,5.93,,,Yes,28.4,2016-12-29,Radiation Therapy,3.0,,Alive,High
ONC-01037,,Female,Brain,Stage III,0.88,Never,Heavy,Yes,29.0,,Surgery,,25.0,Alive,Medium
ONC-07178,57.0,Other,Blood (Leukemia),Stage IV,,Former,Occasional,,17.6,2015-07-18,Palliative Care,10.0,3.0,Alive,High
ONC-02803,79.0,Female,,Stage I,13.03,Current,,No,27.6,2021-10-19,Combination Therapy,,14.0,Alive,Low
ONC-05185,74.0,Male,Colorectal,Stage IV,6.24,Current,Regular,,28.8,2023-11-30,Surgery,7.0,,Alive,Medium
ONC-02695,,Female,Prostate,Stage I,2.31,Current,Heavy,No,26.3,2021-03-18,Palliative Care,2.0,5.0,Alive,High
ONC-01337,33.0,Female,Ovarian,Stage IV,4.88,Former,None,Yes,32.3,2021-10-31,Palliative Care,15.0,8.0,Alive,Medium
ONC-00996,61.0,Male,,Stage II,1.31,Never,Occasional,Yes,19.9,2021-03-22,Immunotherapy,9.0,3.0,Deceased,Critical
ONC-00221,,Male,Ovarian,Stage IV,13.82,Current,Heavy,,27.1,2017-02-28,Surgery,8.0,,Alive,Critical
ONC-02402,33.0,Female,Pancreatic,Stage II,1.36,Former,Occasional,Yes,21.4,2021-01-20,Chemotherapy,3.0,3.0,Deceased,Medium
ONC-06360,71.0,Other,Prostate,Stage II,,Former,None,Yes,30.2,2016-07-06,Combination Therapy,6.0,31.0,Alive,High
ONC-05578,61.0,Male,Liver,Stage II,1.77,Never,,,34.6,2021-01-04,Chemotherapy,8.0,26.0,Alive,High
ONC-03822,97.0,Female,Brain,Stage I,1.69,Former,Regular,Yes,29.9,2019-09-02,,5.0,6.0,Deceased,Low
ONC-00250,61.0,Other,Breast,Stage III,5.17,Current,Heavy,,20.0,2016-09-16,Chemotherapy,1.0,12.0,Alive,High
ONC-02008,,Other,Prostate,Stage IV,1.46,Never,Heavy,Yes,35.2,2024-02-05,Palliative Care,4.0,1.0,Deceased,High
ONC-01298,78.0,Male,Ovarian,Stage I,1.95,Current,Occasional,Yes,26.4,2024-10-07,Chemotherapy,4.0,21.0,Alive,Low
ONC-05289,,Female,Lung,Stage I,3.78,Current,Occasional,Yes,27.0,2015-09-29,Combination Therapy,2.0,20.0,Alive,
ONC-01887,64.0,Male,Brain,,1.74,Former,Occasional,No,25.4,2018-02-09,Palliative Care,11.0,13.0,Deceased,High
ONC-05971,65.0,Other,Brain,Stage IV,4.03,Current,None,No,29.2,2016-01-30,Palliative Care,7.0,4.0,Alive,Critical
ONC-04660,59.0,Female,Liver,Stage II,1.76,Current,Heavy,Yes,29.8,2018-04-16,Chemotherapy,5.0,20.0,Alive,Medium
ONC-06020,45.0,Other,Ovarian,Stage III,5.55,Never,Occasional,No,30.4,2018-06-06,Combination Therapy,3.0,27.0,Alive,High
ONC-03467,56.0,Other,Breast,Stage IV,2.03,Former,None,Yes,27.0,2021-07-03,Immunotherapy,5.0,28.0,Deceased,Medium
ONC-02539,58.0,Male,Pancreatic,Stage IV,3.79,Former,Occasional,Yes,31.2,2018-08-31,Palliative Care,5.0,7.0,Deceased,Critical
ONC-06067,28.0,Other,Pancreatic,Stage I,0.72,Never,None,Yes,29.7,2020-12-27,Chemotherapy,6.0,,Deceased,Low
ONC-04482,57.0,Male,Ovarian,Stage II,1.93,Current,Regular,Yes,28.1,2020-09-28,Surgery,,2.0,Alive,Low
ONC-07222,42.0,Other,Brain,Stage IV,3.42,Current,Heavy,Yes,32.0,2016-08-04,Radiation Therapy,6.0,0.0,Alive,Critical
ONC-04619,,Female,,Stage IV,2.19,Former,Occasional,No,,2020-07-23,,4.0,48.0,Alive,Critical
ONC-00592,74.0,Male,Pancreatic,,2.27,Never,,Yes,27.1,2021-12-25,Radiation Therapy,6.0,93.0,Alive,High
ONC-06564,66.0,Female,Lung,Stage IV,2.39,Current,None,No,35.5,2022-09-03,Combination Therapy,6.0,14.0,Alive,Medium
ONC-02203,55.0,Other,Colorectal,,0.27,Never,,Yes,31.0,2017-05-28,Immunotherapy,9.0,13.0,,Low
ONC-02226,63.0,Male,Ovarian,Stage III,1.62,,Regular,No,29.8,,Combination Therapy,6.0,3.0,Alive,High
ONC-02260,64.0,Other,Liver,Stage I,12.73,Never,Heavy,Yes,16.2,2018-01-31,,,9.0,Alive,
ONC-04479,45.0,Other,Liver,Stage IV,,Current,None,No,20.7,2017-07-30,Immunotherapy,5.0,8.0,Alive,Critical
ONC-00519,,Male,Pancreatic,Stage III,,Current,Occasional,No,,2022-01-28,,8.0,3.0,Alive,High
ONC-04670,58.0,Other,Skin (Melanoma),Stage I,2.63,Current,None,Yes,22.3,2022-09-14,,,1.0,Alive,Medium
ONC-05492,55.0,Male,Ovarian,Stage IV,9.22,Current,Occasional,,26.2,2016-02-25,Palliative Care,9.0,7.0,Alive,Low
ONC-03105,77.0,Male,Pancreatic,,0.15,,Regular,Yes,27.9,,Chemotherapy,6.0,47.0,Alive,Medium
ONC-04063,81.0,Female,Prostate,Stage III,0.47,Current,None,No,24.3,2022-02-12,Radiation Therapy,1.0,46.0,,Critical
ONC-03046,63.0,Female,Pancreatic,Stage I,3.2,Current,Heavy,No,20.6,2024-05-11,Radiation Therapy,,,Alive,Medium
ONC-04673,75.0,Female,Ovarian,Stage I,,Current,None,Yes,20.8,,Immunotherapy,7.0,7.0,Deceased,
ONC-01651,40.0,Female,Skin (Melanoma),,0.1,Former,Heavy,No,,,Surgery,9.0,4.0,Alive,Medium
ONC-07094,59.0,Male,Colorectal,Stage II,1.03,Never,Regular,No,28.0,2022-08-27,Immunotherapy,6.0,19.0,Alive,High
ONC-01145,57.0,Female,Liver,Stage II,4.24,Never,Regular,No,19.6,2022-12-12,Immunotherapy,1.0,4.0,Alive,Medium
ONC-07014,27.0,Other,,Stage II,1.22,Former,None,Yes,27.4,2022-05-24,Radiation Therapy,7.0,1.0,Deceased,Low
ONC-01275,66.0,Female,Lung,Stage II,1.04,,Occasional,Yes,28.2,2023-08-10,Immunotherapy,5.0,9.0,Alive,Medium
ONC-01817,70.0,Male,,,3.07,Never,None,Yes,18.9,,Chemotherapy,2.0,18.0,Alive,Low
ONC-04852,72.0,Other,Skin (Melanoma),Stage II,14.68,Former,Heavy,No,31.3,2023-08-26,Immunotherapy,2.0,7.0,Alive,Low
ONC-02635,84.0,Female,Breast,Stage IV,4.87,Current,Heavy,Yes,26.1,2024-10-18,Chemotherapy,5.0,4.0,Alive,Critical
ONC-01328,78.0,Other,Pancreatic,,0.65,Never,Heavy,Yes,28.0,2016-10-20,Radiation Therapy,7.0,2.0,Alive,Low
ONC-04736,38.0,Female,Brain,Stage II,2.41,,Regular,Yes,27.8,2022-04-06,Immunotherapy,,20.0,Alive,Medium
ONC-07489,74.0,Male,Colorectal,Stage II,1.38,Former,Regular,,21.9,2020-12-27,Surgery,6.0,10.0,,Low
ONC-00044,56.0,Other,Blood (Leukemia),Stage IV,5.82,Never,Heavy,Yes,24.6,,Surgery,8.0,78.0,Deceased,Critical
ONC-00008,66.0,Male,Skin (Melanoma),,4.57,Current,Occasional,Yes,30.4,2020-03-08,Immunotherapy,4.0,26.0,Alive,Medium
ONC-00481,49.0,Other,Colorectal,Stage I,3.39,Former,Regular,Yes,20.4,2015-01-23,Palliative Care,3.0,,Deceased,Low
ONC-00472,65.0,Other,Pancreatic,Stage IV,1.05,Never,Heavy,Yes,12.0,2017-09-25,Surgery,7.0,6.0,Alive,High
ONC-04518,54.0,Male,Lung,Stage I,4.38,Current,Regular,,24.3,2016-10-05,Radiation Therapy,5.0,40.0,Deceased,
ONC-06260,64.0,Female,Blood (Leukemia),Stage III,0.51,Current,Heavy,No,26.7,2022-02-05,Surgery,4.0,2.0,Alive,Medium
ONC-02238,51.0,Other,Ovarian,Stage II,1.48,Former,Regular,No,21.7,2016-12-01,Chemotherapy,2.0,33.0,Alive,Medium
ONC-06058,48.0,Male,Skin (Melanoma),Stage IV,5.08,Current,Occasional,Yes,25.4,2018-05-19,Combination Therapy,10.0,3.0,Alive,Critical
ONC-06741,63.0,Female,Ovarian,Stage I,6.33,Never,Occasional,No,27.0,2022-10-22,Immunotherapy,,42.0,Alive,Medium
ONC-00655,76.0,Male,Breast,Stage IV,1.18,Former,,,32.1,2019-12-10,Surgery,2.0,11.0,Alive,High
ONC-07036,56.0,,Blood (Leukemia),Stage II,3.87,Former,None,No,21.0,2022-06-25,Surgery,6.0,25.0,Alive,Low
ONC-07182,,Male,Pancreatic,Stage IV,2.75,Current,,Yes,27.1,2024-01-20,Immunotherapy,9.0,0.0,Deceased,High
ONC-04405,78.0,Other,Brain,Stage II,6.57,Former,Occasional,Yes,23.6,2021-11-28,Surgery,3.0,39.0,Alive,Low
ONC-00465,57.0,Male,Colorectal,Stage II,,Former,Occasional,Yes,31.6,2021-05-08,Combination Therapy,5.0,14.0,Alive,High
ONC-03903,66.0,Female,Prostate,Stage III,4.16,Current,Occasional,No,21.2,2015-06-28,Surgery,9.0,15.0,Deceased,Medium
ONC-04564,55.0,Male,Ovarian,Stage I,1.97,Former,None,,32.0,2021-06-12,,6.0,14.0,Alive,Low
ONC-01692,52.0,Male,Skin (Melanoma),Stage I,1.43,,Heavy,Yes,24.9,2019-06-15,Surgery,8.0,26.0,Alive,Low
ONC-05130,56.0,Other,Prostate,Stage III,0.52,Former,Heavy,No,28.0,,Radiation Therapy,6.0,6.0,Alive,Critical
ONC-00698,41.0,Male,Liver,Stage II,2.45,Never,Occasional,No,24.4,2016-04-03,,8.0,,Alive,Low
ONC-02231,52.0,Female,Prostate,Stage I,1.11,Current,Heavy,No,30.0,2016-07-14,Radiation Therapy,6.0,34.0,,Low
ONC-03659,99.0,,Blood (Leukemia),Stage I,6.35,,,No,,2017-09-15,Immunotherapy,8.0,43.0,Alive,Medium
ONC-02696,58.0,Other,Prostate,Stage IV,2.87,Never,None,,25.5,2016-05-16,Radiation Therapy,6.0,4.0,Alive,Critical
ONC-00066,80.0,Other,Brain,Stage I,7.33,Never,Regular,No,28.0,2022-06-02,Radiation Therapy,6.0,7.0,Alive,Medium
ONC-01349,63.0,,,Stage I,7.51,Never,None,,34.0,2017-01-01,Chemotherapy,6.0,6.0,Deceased,Low
ONC-02416,,,Ovarian,Stage I,0.82,Current,,Yes,39.5,2016-06-01,Radiation Therapy,6.0,26.0,Deceased,Low
ONC-02481,58.0,Other,Brain,Stage II,,Current,None,No,27.7,2015-01-07,Chemotherapy,7.0,0.0,,High
ONC-02150,53.0,Female,Lung,Stage II,1.63,Current,Regular,,25.3,,Radiation Therapy,2.0,71.0,Alive,High
ONC-06552,55.0,,Skin (Melanoma),Stage I,2.12,Current,Heavy,No,27.3,2022-03-27,Immunotherapy,10.0,12.0,Deceased,High
ONC-05092,52.0,Male,Brain,Stage III,0.1,Current,,,31.7,2018-09-22,Combination Therapy,5.0,3.0,Deceased,Critical
ONC-01290,64.0,,Breast,Stage II,0.1,Former,Heavy,No,35.8,2018-05-24,Combination Therapy,8.0,1.0,,Medium
ONC-05683,83.0,Female,Skin (Melanoma),Stage II,2.67,,None,Yes,17.1,2024-11-21,Surgery,,23.0,Alive,Medium
ONC-06544,76.0,Other,Blood (Leukemia),Stage I,0.48,Former,None,No,30.7,2019-11-16,Surgery,7.0,,Alive,Low
ONC-06382,65.0,Male,Brain,Stage III,0.65,Former,None,,17.5,2016-09-23,Chemotherapy,8.0,0.0,Deceased,
ONC-02048,60.0,Male,,,,Current,Occasional,Yes,25.9,,Chemotherapy,6.0,14.0,Alive,Medium
ONC-03853,57.0,,Liver,,8.64,Current,,Yes,31.9,2015-07-02,Chemotherapy,9.0,1.0,Alive,High
ONC-04226,33.0,Other,Skin (Melanoma),Stage I,0.29,Never,Occasional,Yes,34.2,2020-09-21,Palliative Care,,,,Medium
ONC-05938,43.0,Male,Lung,Stage I,0.45,,Occasional,,23.1,,Palliative Care,6.0,7.0,Deceased,
ONC-00850,63.0,Other,Pancreatic,Stage IV,4.48,Former,None,No,26.8,2019-05-06,Chemotherapy,5.0,3.0,,Medium
ONC-05912,58.0,Other,,Stage I,3.08,Never,Occasional,No,23.4,2022-02-28,Combination Therapy,7.0,5.0,Deceased,Medium
ONC-03966,65.0,Female,Ovarian,Stage IV,3.2,Former,Regular,No,22.8,2016-08-03,Chemotherapy,7.0,1.0,Alive,Critical
ONC-00418,61.0,Other,Brain,Stage I,,Never,Heavy,No,23.2,2022-06-11,,7.0,9.0,Alive,Low
ONC-03719,50.0,Male,Prostate,Stage I,3.43,Current,Heavy,Yes,25.3,2022-05-06,Surgery,6.0,3.0,Alive,Medium
ONC-06152,45.0,Male,Breast,,7.6,Former,Heavy,Yes,27.1,,Combination Therapy,7.0,29.0,Deceased,Critical
ONC-02286,72.0,,,,3.59,Former,Occasional,No,24.7,2017-12-19,Chemotherapy,9.0,,Deceased,Low
ONC-05295,59.0,Male,Pancreatic,Stage IV,2.64,Current,Heavy,Yes,22.0,2019-01-16,,8.0,45.0,Alive,Medium
ONC-02550,57.0,Female,Skin (Melanoma),Stage III,3.13,Former,Occasional,Yes,24.7,2021-09-11,Palliative Care,8.0,5.0,Alive,High
ONC-07096,58.0,Female,Skin (Melanoma),Stage III,1.92,Former,Regular,Yes,26.6,2020-11-18,Palliative Care,10.0,3.0,,High
ONC-04357,86.0,,,,1.25,Former,Occasional,Yes,19.5,2020-11-25,Radiation Therapy,7.0,5.0,Alive,Critical
ONC-01923,57.0,Other,Liver,Stage IV,1.46,Former,None,No,29.8,2019-04-14,Surgery,7.0,24.0,Alive,Critical
ONC-07099,71.0,Other,Blood (Leukemia),Stage II,9.71,Former,None,No,31.3,2018-03-28,Chemotherapy,4.0,23.0,Alive,Low
ONC-02571,48.0,Male,Colorectal,Stage II,6.39,Former,Occasional,Yes,28.1,2020-07-11,Immunotherapy,6.0,16.0,Alive,Medium
ONC-06855,58.0,Other,Skin (Melanoma),Stage I,,Never,None,Yes,28.6,2022-03-23,Immunotherapy,5.0,1.0,Deceased,Low
ONC-04535,55.0,Female,Brain,Stage III,3.68,,None,Yes,21.5,2015-02-26,Radiation Therapy,6.0,17.0,Alive,High
ONC-02103,53.0,Other,Colorectal,,3.88,Current,None,,33.5,2016-11-04,Surgery,5.0,,Alive,
ONC-06798,39.0,Male,Pancreatic,Stage II,,Never,Regular,,24.7,2024-04-28,Radiation Therapy,,21.0,Alive,Medium
ONC-07415,39.0,Other,Prostate,Stage III,4.23,Never,Regular,Yes,29.1,2024-02-10,Chemotherapy,6.0,18.0,Alive,High
ONC-06522,60.0,Female,Prostate,,0.7,Former,None,No,17.4,2023-11-24,Immunotherapy,4.0,14.0,Deceased,Critical
ONC-02737,,Other,Pancreatic,,1.8,Never,None,Yes,22.0,2015-12-15,Palliative Care,2.0,18.0,Alive,
ONC-07113,50.0,,,Stage II,2.13,Former,Occasional,Yes,26.0,,Immunotherapy,3.0,41.0,Alive,High
ONC-01482,55.0,,Breast,Stage III,7.15,Current,None,No,25.2,2023-04-14,Combination Therapy,3.0,50.0,Alive,Medium
ONC-00383,59.0,Other,Breast,Stage IV,3.17,Never,Occasional,Yes,22.6,2022-08-07,Chemotherapy,7.0,36.0,Alive,Medium
ONC-05720,44.0,Other,Lung,Stage III,6.87,Current,Occasional,No,36.4,2021-04-06,Palliative Care,10.0,10.0,Alive,High
ONC-07387,85.0,Male,Pancreatic,,0.62,Never,None,No,23.4,2024-01-31,Surgery,2.0,25.0,Deceased,High
ONC-04273,80.0,Other,Blood (Leukemia),Stage II,0.41,Former,Occasional,No,27.6,2022-11-26,Surgery,6.0,10.0,Alive,Low
ONC-04782,25.0,,Lung,Stage IV,0.25,Current,Heavy,Yes,33.3,2022-02-05,Radiation Therapy,,19.0,Alive,Critical
ONC-04655,44.0,Male,Prostate,Stage IV,1.58,Never,Regular,Yes,29.0,2019-04-17,Surgery,7.0,12.0,Alive,Critical
ONC-04932,80.0,Unknown,Ovarian,Stage III,5.36,Never,None,Yes,23.1,2023-11-22,Chemotherapy,,6.0,,Critical
ONC-06470,,,Colorectal,Stage III,5.76,,,No,28.6,2021-07-09,Palliative Care,1.0,6.0,Deceased,Medium
ONC-00030,64.0,Male,Ovarian,Stage III,2.25,Current,Regular,Yes,29.9,2017-12-23,Immunotherapy,,1.0,Alive,Critical
ONC-04560,67.0,Male,Colorectal,,1.45,,Regular,No,32.7,2020-10-27,Chemotherapy,,23.0,Alive,Low
ONC-03812,55.0,Male,Liver,Stage I,2.04,Current,Regular,No,31.6,2017-11-02,Palliative Care,10.0,19.0,Deceased,Low
ONC-06056,50.0,Female,Skin (Melanoma),Stage I,1.5,,Heavy,No,23.6,2024-02-19,Immunotherapy,4.0,19.0,Alive,Low
ONC-06100,72.0,Other,Colorectal,Stage I,8.91,,,Yes,27.4,2019-12-02,Combination Therapy,5.0,13.0,Deceased,Low
ONC-05183,45.0,Male,Blood (Leukemia),Stage II,5.45,Never,,No,26.0,2018-01-13,Palliative Care,5.0,8.0,Deceased,Critical
ONC-06896,80.0,,Brain,Stage IV,3.33,,None,,21.1,2024-02-13,Palliative Care,5.0,11.0,Alive,Critical
ONC-00322,52.0,Male,Skin (Melanoma),Stage I,3.62,,Heavy,No,39.4,2020-11-15,Surgery,5.0,4.0,Alive,Medium
ONC-03717,25.0,Male,,Stage I,1.85,Never,None,,23.4,2019-07-21,Radiation Therapy,2.0,6.0,Alive,Low
ONC-03698,58.0,Female,Breast,Stage III,1.44,,None,No,26.4,2023-04-08,Surgery,6.0,22.0,Alive,
ONC-04615,53.0,Other,Breast,Stage IV,0.1,Former,,Yes,25.7,2020-04-28,Immunotherapy,3.0,28.0,,High
ONC-07438,,Female,Prostate,Stage II,1.64,Current,Heavy,Yes,,2019-11-07,Combination Therapy,,18.0,Alive,Medium
ONC-03685,73.0,Other,Blood (Leukemia),Stage IV,1.37,Former,Occasional,No,27.2,2021-12-11,Combination Therapy,7.0,48.0,Deceased,Low
ONC-03345,56.0,Female,Breast,Stage II,2.05,Never,Heavy,No,35.1,2015-10-29,Chemotherapy,7.0,13.0,Alive,Low
ONC-05531,61.0,Male,Ovarian,Stage III,10.9,Never,Heavy,No,23.0,,Surgery,,11.0,Alive,High
ONC-05754,44.0,Other,Brain,,4.11,Former,Regular,No,19.1,2020-08-15,Combination Therapy,6.0,25.0,Deceased,Low
ONC-05687,73.0,Male,Liver,Stage I,1.37,Current,,No,28.8,2022-09-01,Radiation Therapy,6.0,21.0,Deceased,Low
ONC-04692,47.0,Other,Colorectal,Stage I,3.7,Former,None,Yes,,,Palliative Care,6.0,9.0,,Medium
ONC-06216,64.0,Female,Lung,,2.66,Former,None,Yes,28.0,2024-03-15,Radiation Therapy,6.0,40.0,Alive,High
ONC-00289,47.0,Female,Colorectal,Stage III,0.39,Current,Occasional,No,19.7,2019-09-10,Combination Therapy,4.0,4.0,Alive,Medium
ONC-03945,55.0,Male,Pancreatic,,0.18,Never,None,Yes,27.4,,,7.0,23.0,Alive,Critical
ONC-05711,35.0,,Brain,Stage I,6.47,Current,Occasional,,20.4,2022-02-28,Palliative Care,3.0,1.0,Alive,High
ONC-05676,61.0,Female,Skin (Melanoma),Stage I,2.3,Former,Regular,Yes,30.4,2020-08-15,,,35.0,Alive,Medium
ONC-03809,48.0,Female,Brain,Stage III,4.47,Former,None,Yes,24.1,2019-09-05,Surgery,,28.0,Deceased,Critical
ONC-03281,49.0,Other,Colorectal,Stage III,3.08,Current,None,No,25.5,2024-07-03,,5.0,11.0,Alive,Critical
ONC-02948,58.0,,,Stage II,9.36,Former,Occasional,No,21.0,2022-04-19,Surgery,6.0,12.0,Alive,Medium
ONC-03186,72.0,Other,Lung,Stage III,2.66,Never,,,25.0,2019-11-02,Chemotherapy,3.0,,Deceased,Medium
ONC-03168,40.0,Other,Brain,Stage II,10.61,Never,Regular,Yes,17.4,,Chemotherapy,6.0,5.0,Deceased,Low
ONC-00098,66.0,,Liver,Stage IV,2.8,Current,Occasional,No,31.4,2017-08-14,Immunotherapy,5.0,1.0,,Critical
ONC-06362,61.0,Female,Ovarian,Stage I,2.59,Former,None,No,25.1,2015-01-25,Palliative Care,6.0,,Deceased,Low
ONC-02430,61.0,Other,Breast,Stage II,4.01,Current,Regular,No,,2018-01-31,Surgery,,19.0,,Medium
ONC-02246,70.0,Other,Ovarian,Stage II,0.22,Never,Regular,Yes,30.0,2020-05-19,Combination Therapy,4.0,4.0,Alive,High
ONC-06294,49.0,Other,Pancreatic,Stage I,2.11,Never,Heavy,Yes,28.6,2016-08-23,Surgery,4.0,,Alive,Low
ONC-02077,48.0,Other,,Stage IV,0.21,Former,Occasional,,27.1,2021-05-13,Immunotherapy,7.0,11.0,Alive,Critical
ONC-00448,86.0,Male,Colorectal,Stage IV,2.02,Current,Heavy,Yes,22.1,2023-05-18,Palliative Care,7.0,5.0,Alive,Critical
ONC-06909,,Male,Pancreatic,Stage IV,3.83,Former,Occasional,No,35.0,2022-09-11,,,19.0,Deceased,Medium
ONC-00015,46.0,Male,Skin (Melanoma),Stage II,4.56,,None,No,,2020-06-24,Surgery,6.0,8.0,Alive,Low
ONC-04394,50.0,Other,Liver,Stage I,,Former,Regular,Yes,23.6,2016-09-27,Chemotherapy,,,Alive,Low
ONC-05747,43.0,Other,Colorectal,Stage IV,5.21,Never,Regular,,30.9,2020-01-07,Chemotherapy,9.0,1.0,Alive,Critical
ONC-01216,,,Liver,Stage IV,2.16,Former,Occasional,No,18.9,2020-12-21,Surgery,5.0,27.0,Alive,Medium
ONC-06116,59.0,Male,Pancreatic,Stage IV,12.8,Never,Regular,Yes,33.7,2018-06-19,Radiation Therapy,5.0,13.0,Alive,Critical
ONC-03795,,Other,Pancreatic,Stage IV,,Never,Heavy,No,31.1,2017-04-14,Surgery,7.0,114.0,Deceased,Critical
ONC-05554,65.0,Female,Ovarian,Stage II,,Never,None,No,21.1,2021-04-04,Radiation Therapy,6.0,14.0,Alive,High
ONC-02343,24.0,Female,Liver,Stage IV,2.84,Current,Regular,No,23.0,2020-03-28,Surgery,,2.0,Alive,Critical
ONC-00287,42.0,Female,Lung,Stage III,0.44,Current,Regular,No,29.7,2021-11-08,Immunotherapy,0.0,3.0,Alive,High
ONC-03844,78.0,Female,Lung,Stage I,9.62,Former,Regular,Yes,19.8,2022-07-17,Chemotherapy,8.0,7.0,Deceased,Low
ONC-04219,62.0,Other,Skin (Melanoma),Stage III,19.44,,Occasional,Yes,12.0,2017-09-27,Radiation Therapy,,19.0,Alive,Medium
ONC-02313,51.0,Male,Prostate,Stage I,2.91,Never,Heavy,Yes,20.6,2019-05-29,Combination Therapy,8.0,19.0,Deceased,Low
ONC-02860,78.0,Male,Colorectal,Stage IV,1.16,Current,None,No,33.8,,Surgery,4.0,9.0,Alive,Critical
ONC-00780,61.0,Other,Liver,Stage IV,4.06,Never,None,Yes,26.0,2021-04-06,,3.0,33.0,Alive,Critical
ONC-07467,65.0,Male,Liver,Stage II,5.56,Current,None,Yes,25.2,2020-06-09,Chemotherapy,4.0,,Alive,
ONC-04020,62.0,Other,Pancreatic,Stage II,1.24,Former,Heavy,No,28.0,2020-02-19,Palliative Care,2.0,6.0,Alive,Medium
ONC-02053,53.0,Other,Lung,Stage II,7.3,Former,Regular,Yes,,2019-06-07,Surgery,5.0,7.0,Alive,Medium
ONC-04525,48.0,Male,Liver,Stage III,5.41,Current,None,No,26.8,2018-04-05,Chemotherapy,7.0,1.0,Deceased,Low
ONC-07331,35.0,Female,Prostate,Stage II,1.08,Never,None,,37.6,2016-11-13,Combination Therapy,4.0,120.0,Alive,Medium
ONC-06594,46.0,Male,Liver,Stage I,1.99,Never,None,No,20.4,,Combination Therapy,4.0,44.0,Deceased,
ONC-06022,68.0,Male,Lung,Stage III,2.08,Current,Regular,,37.4,2017-05-11,Immunotherapy,7.0,21.0,Alive,High
ONC-04997,52.0,Female,Prostate,,2.59,Former,None,Yes,25.7,2017-05-25,Surgery,9.0,9.0,Alive,Low
ONC-05005,46.0,Female,Skin (Melanoma),Stage I,0.21,Current,None,No,26.9,2015-03-17,,,17.0,Alive,Low
ONC-04447,89.0,Other,Skin (Melanoma),,4.31,Current,Occasional,Yes,22.0,2022-01-08,Immunotherapy,,27.0,Alive,High
ONC-07180,67.0,Other,Blood (Leukemia),Stage III,0.14,Former,,No,38.2,2019-05-17,Palliative Care,7.0,0.0,Deceased,High
ONC-00166,54.0,Other,,Stage I,5.63,Former,Occasional,Yes,21.7,,Radiation Therapy,,,Deceased,Medium
ONC-00661,46.0,Female,Lung,Stage III,11.39,Never,Heavy,No,34.9,2022-04-07,Chemotherapy,,16.0,Alive,High
ONC-03109,58.0,Male,Ovarian,Stage II,3.43,Never,None,No,24.2,2024-11-07,Immunotherapy,2.0,71.0,Deceased,High
ONC-01340,63.0,Female,Colorectal,Stage I,0.1,Never,Heavy,No,24.3,2023-05-18,Palliative Care,7.0,4.0,Deceased,Low
ONC-01139,52.0,Male,Blood (Leukemia),Stage IV,0.15,,Regular,Yes,30.7,2022-09-20,Surgery,3.0,65.0,Alive,High
ONC-02619,43.0,,Blood (Leukemia),Stage III,0.93,Never,None,,21.0,2023-05-26,Chemotherapy,6.0,7.0,Alive,Medium
ONC-04480,53.0,Male,Pancreatic,,0.43,Never,None,No,24.2,2016-05-20,Palliative Care,4.0,4.0,Deceased,High
ONC-02217,49.0,,,Stage IV,13.04,Never,Regular,Yes,30.5,2019-08-11,Immunotherapy,5.0,21.0,Alive,High
ONC-02189,50.0,Male,Prostate,Stage I,2.52,Never,Regular,No,24.6,2020-09-25,Palliative Care,,1.0,Deceased,High
ONC-03833,44.0,Female,Ovarian,Stage II,0.47,Former,Occasional,,24.8,2022-11-04,Chemotherapy,7.0,3.0,Alive,Medium
ONC-06808,99.0,Other,Liver,Stage II,7.15,Never,Regular,Yes,32.3,2023-05-10,Palliative Care,2.0,0.0,Deceased,Low
ONC-04562,59.0,Female,Breast,Stage II,4.73,Never,Occasional,Yes,36.5,2020-01-14,Combination Therapy,3.0,23.0,Alive,Medium
ONC-05229,53.0,Other,Prostate,Stage III,3.5,,Heavy,Yes,24.5,2017-03-21,Combination Therapy,5.0,15.0,Alive,Low
ONC-00300,85.0,Other,Liver,Stage IV,,Former,Heavy,No,,2020-01-26,Surgery,6.0,4.0,Alive,Medium
ONC-01616,54.0,,,Stage IV,1.41,Former,Regular,No,18.5,2018-06-16,Immunotherapy,9.0,22.0,Alive,High
ONC-05328,55.0,Other,Lung,Stage I,1.89,Former,Regular,Yes,29.4,2018-07-27,Radiation Therapy,4.0,30.0,Deceased,Medium
ONC-06351,45.0,Male,Blood (Leukemia),Stage I,0.41,,Occasional,Yes,22.5,2022-06-04,Chemotherapy,7.0,49.0,Deceased,Low
ONC-01134,45.0,Male,,,1.3,Current,None,No,30.5,2015-03-15,Palliative Care,6.0,13.0,Deceased,High
ONC-03082,62.0,Other,,Stage III,5.45,Current,Regular,No,27.7,2023-05-18,Combination Therapy,5.0,26.0,Alive,High
ONC-03143,56.0,Male,Pancreatic,Stage I,10.17,Never,Heavy,Yes,19.6,2019-01-04,Surgery,5.0,7.0,Alive,Medium
ONC-01938,79.0,Other,Ovarian,Stage II,8.87,Former,None,,28.1,2020-01-30,Combination Therapy,6.0,25.0,Alive,Medium
ONC-07125,,Other,Prostate,Stage IV,3.1,,Heavy,Yes,20.1,2024-09-25,,2.0,4.0,Deceased,Critical
ONC-06605,56.0,Other,,Stage II,6.77,Former,None,No,18.2,2020-06-02,,5.0,3.0,Deceased,
ONC-01049,58.0,,Brain,Stage I,8.58,Former,Regular,Yes,29.1,2024-02-28,Immunotherapy,6.0,61.0,Alive,
ONC-07137,35.0,Male,Ovarian,Stage I,1.48,Never,Occasional,Yes,26.0,2018-01-07,,3.0,,Alive,Low
ONC-05244,36.0,Male,Colorectal,Stage I,0.79,Current,Regular,Yes,33.4,2022-12-20,Combination Therapy,,25.0,Alive,Low
ONC-07272,,Female,Prostate,Stage I,1.44,,Heavy,Yes,18.9,,Surgery,6.0,6.0,Alive,Medium
ONC-00847,40.0,Male,Skin (Melanoma),Stage III,0.5,Never,Heavy,Yes,26.8,2018-06-03,Radiation Therapy,6.0,51.0,Alive,High
ONC-00252,,Female,Pancreatic,Stage IV,,Never,Occasional,No,23.6,2017-01-23,Combination Therapy,6.0,2.0,Deceased,High
ONC-03035,51.0,Female,Prostate,Stage II,,,Regular,No,37.1,,Immunotherapy,3.0,23.0,Deceased,Low
ONC-01028,47.0,Female,Colorectal,Stage I,4.16,Former,None,No,25.2,2020-05-20,Radiation Therapy,6.0,5.0,Alive,Medium
ONC-00807,89.0,Other,Breast,Stage I,7.89,Never,Heavy,No,23.9,2016-01-23,Immunotherapy,10.0,,Alive,High
ONC-01553,66.0,Female,Colorectal,Stage III,0.62,Former,,No,24.2,2017-12-05,Chemotherapy,6.0,1.0,Alive,Medium
ONC-00032,67.0,Male,Skin (Melanoma),Stage II,3.0,Never,Regular,No,26.6,2016-10-08,Immunotherapy,8.0,8.0,Deceased,High
ONC-00716,83.0,Other,Liver,Stage II,5.15,Current,Occasional,Yes,,2017-01-31,,7.0,12.0,Alive,Medium
ONC-02385,,Female,Prostate,,3.65,Current,Occasional,Yes,19.5,2020-05-12,Surgery,5.0,1.0,Deceased,Low
ONC-05586,28.0,Female,Brain,Stage I,2.76,,,Yes,33.0,2018-04-20,,9.0,4.0,Deceased,Low
ONC-06137,76.0,Female,Skin (Melanoma),Stage I,0.23,Current,Regular,Yes,26.8,2019-05-03,Palliative Care,1.0,2.0,,Low
ONC-06764,64.0,Male,Ovarian,,9.14,Current,None,No,31.9,2022-12-15,Chemotherapy,3.0,1.0,Alive,High
ONC-06799,77.0,Other,,Stage II,9.1,Former,Regular,No,21.5,2024-08-12,Chemotherapy,7.0,4.0,Deceased,Low
ONC-03460,59.0,Male,Colorectal,Stage II,14.76,Former,Regular,No,25.7,2019-10-27,,9.0,3.0,Deceased,Low
ONC-05741,56.0,Other,Liver,Stage III,6.03,,None,No,22.9,2024-05-26,Radiation Therapy,8.0,30.0,Alive,High
ONC-01045,63.0,Male,Skin (Melanoma),Stage I,0.92,Current,Occasional,No,27.8,2015-06-10,,3.0,1.0,Alive,Low
ONC-02145,,Other,Skin (Melanoma),Stage III,3.78,Current,,No,28.0,2018-10-11,Immunotherapy,4.0,6.0,Deceased,Medium
ONC-02490,63.0,Male,Ovarian,Stage IV,0.9,Never,None,No,31.5,2024-02-02,Palliative Care,,36.0,Deceased,Critical
ONC-03245,,Male,Ovarian,Stage IV,1.61,Never,,Yes,28.3,2017-12-11,Radiation Therapy,6.0,11.0,Deceased,Critical
ONC-05463,52.0,Other,Blood (Leukemia),Stage II,1.2,,,Yes,27.8,2017-04-03,,7.0,15.0,Alive,Medium
ONC-05166,53.0,Male,Skin (Melanoma),Stage IV,0.1,Never,Occasional,Yes,23.9,2020-12-11,Chemotherapy,6.0,0.0,Alive,High
ONC-03192,58.0,Male,,Stage I,1.34,Current,Occasional,No,23.6,2016-12-15,Combination Therapy,9.0,0.0,Alive,Low
ONC-05898,50.0,,Pancreatic,Stage III,5.69,Never,Occasional,,26.3,2022-02-11,Surgery,6.0,48.0,Deceased,Low
ONC-06007,72.0,Female,Skin (Melanoma),Stage I,1.89,,Regular,No,28.6,2016-09-23,,7.0,28.0,Alive,Medium
ONC-03988,55.0,Female,Blood (Leukemia),Stage I,0.4,Never,Occasional,,22.1,2017-01-24,Combination Therapy,4.0,43.0,Alive,Low
ONC-00331,47.0,Male,Skin (Melanoma),Stage I,3.96,Former,Heavy,Yes,29.8,2016-08-06,Palliative Care,,15.0,Alive,Low
ONC-07153,46.0,Male,Liver,Stage II,0.14,,None,Yes,29.3,2022-02-01,Chemotherapy,6.0,,Deceased,Medium
ONC-03511,36.0,,Ovarian,Stage II,1.91,Never,None,Yes,24.2,2022-08-29,Palliative Care,4.0,7.0,Alive,Critical
ONC-00862,81.0,Other,Colorectal,,0.88,Former,None,Yes,25.8,2024-02-11,Immunotherapy,9.0,5.0,Deceased,Critical
ONC-01199,62.0,Female,Ovarian,Stage III,1.2,Former,,No,26.2,2015-10-06,Chemotherapy,4.0,28.0,Deceased,Low
ONC-05208,56.0,Female,Skin (Melanoma),Stage II,1.37,Current,Occasional,No,29.4,2022-12-08,Radiation Therapy,7.0,8.0,Deceased,High
ONC-04424,87.0,Female,Ovarian,Stage II,0.98,Former,None,No,22.0,2022-05-16,,6.0,12.0,,High
ONC-03952,73.0,,,Stage I,0.37,Former,Regular,No,19.0,2017-03-17,Immunotherapy,3.0,2.0,Alive,Medium
ONC-01089,,Female,Blood (Leukemia),Stage III,1.02,Current,Heavy,No,30.9,2024-11-02,Palliative Care,7.0,55.0,Alive,Low
ONC-04220,47.0,Female,Blood (Leukemia),Stage II,0.64,Former,None,,13.9,2015-11-12,Radiation Therapy,,1.0,Deceased,Low
ONC-02516,57.0,Female,Prostate,Stage I,0.1,Never,Occasional,No,36.6,2015-12-19,Combination Therapy,7.0,17.0,Deceased,Low
ONC-00004,96.0,Female,Prostate,Stage II,0.17,Never,,No,28.0,2016-02-01,,6.0,16.0,Deceased,Critical
ONC-03758,42.0,Other,Liver,Stage III,2.78,Former,Regular,Yes,22.3,2021-06-07,Surgery,6.0,7.0,,High
ONC-03725,,Other,Pancreatic,Stage III,1.52,Never,Regular,No,21.5,2020-11-26,Immunotherapy,7.0,9.0,Alive,Medium
ONC-02944,,Other,Ovarian,Stage IV,8.38,Former,,No,21.7,2016-02-05,Chemotherapy,9.0,0.0,Deceased,High
ONC-04041,63.0,Male,Pancreatic,Stage I,0.57,Former,Regular,No,28.0,2018-06-01,Immunotherapy,5.0,22.0,Alive,Low
ONC-05587,65.0,Female,Breast,Stage III,1.27,Former,Occasional,No,31.7,2018-03-29,,13.0,18.0,Alive,High
ONC-02460,84.0,Female,Prostate,,,Current,None,No,25.7,2022-05-23,Radiation Therapy,5.0,3.0,Deceased,
ONC-04711,68.0,Other,Liver,Stage II,0.29,,Heavy,Yes,27.9,2019-07-12,,8.0,8.0,Alive,Low
ONC-00550,74.0,,,Stage III,3.38,Former,Regular,Yes,15.0,2021-04-25,,6.0,19.0,,High
ONC-04653,61.0,Female,Skin (Melanoma),Stage II,0.96,Former,None,No,31.1,2021-08-16,,7.0,7.0,Alive,Low
ONC-05582,59.0,Female,Prostate,Stage II,0.63,Former,Regular,No,29.5,,,3.0,23.0,Deceased,Medium
ONC-06267,,Female,Pancreatic,Stage III,2.45,Never,Heavy,No,32.8,2019-07-30,Palliative Care,7.0,27.0,Alive,Medium
ONC-04361,79.0,Male,Blood (Leukemia),Stage II,5.71,Never,,No,31.9,2016-12-09,Chemotherapy,7.0,9.0,Deceased,Medium
ONC-05853,59.0,Male,,Stage I,1.38,Former,Unknown,Yes,20.5,,Combination Therapy,6.0,16.0,Alive,Low
ONC-07234,,Male,Liver,Stage II,,Never,Heavy,Yes,26.8,2020-04-16,Surgery,,11.0,,Medium
ONC-01472,45.0,Female,,Stage I,3.1,Former,None,No,26.1,,Surgery,3.0,0.0,Deceased,
ONC-01235,66.0,,Blood (Leukemia),Stage I,1.74,Current,Heavy,No,26.3,,Radiation Therapy,12.0,9.0,,Medium
ONC-01155,48.0,Other,Ovarian,Stage IV,2.94,Never,Occasional,No,25.0,2022-08-23,Surgery,5.0,,Alive,Critical
ONC-01402,72.0,Other,Brain,Stage III,8.24,Current,Occasional,,30.3,2023-09-02,Chemotherapy,0.0,0.0,Alive,Critical
ONC-06763,97.0,Male,,Stage I,5.22,,Occasional,Yes,19.0,2015-03-09,Combination Therapy,,8.0,Alive,Low
ONC-00919,61.0,Male,Brain,Stage IV,2.23,Never,Heavy,No,22.6,2017-04-23,Chemotherapy,9.0,42.0,Alive,Medium
ONC-04521,65.0,Female,Liver,Stage III,12.72,Current,None,No,27.3,2020-05-02,Palliative Care,7.0,5.0,Deceased,Medium
ONC-05161,42.0,Female,Liver,Stage IV,0.73,,Heavy,No,30.3,2021-07-03,Radiation Therapy,6.0,,Alive,Critical
ONC-02349,79.0,,Colorectal,Stage I,0.61,Never,None,No,25.1,2017-08-14,Radiation Therapy,7.0,32.0,Alive,Low
ONC-06813,65.0,Female,,Stage III,4.08,Former,Occasional,Yes,18.4,2016-09-16,Palliative Care,6.0,11.0,Alive,Medium
ONC-03661,75.0,Male,Skin (Melanoma),Stage III,9.31,Former,Regular,No,24.1,2021-03-19,Surgery,6.0,0.0,Deceased,Critical
ONC-06308,45.0,Male,Skin (Melanoma),Stage IV,8.3,Never,Heavy,No,27.5,2023-01-09,Radiation Therapy,7.0,21.0,Deceased,
ONC-02602,73.0,Female,Pancreatic,Stage IV,2.2,Former,Occasional,No,23.9,2016-03-24,Chemotherapy,8.0,6.0,Alive,Medium
ONC-05609,42.0,Other,Breast,Stage IV,0.96,Former,Heavy,No,34.2,,Surgery,6.0,0.0,Alive,
ONC-06783,69.0,Male,Skin (Melanoma),Stage II,1.39,Former,Heavy,No,17.8,2016-05-03,Combination Therapy,10.0,2.0,Alive,
ONC-01822,86.0,Female,Prostate,Stage IV,0.12,Current,Occasional,Yes,25.7,2015-11-04,,2.0,25.0,Deceased,Critical
ONC-00468,62.0,Other,Blood (Leukemia),Stage I,1.16,,Regular,No,23.5,,Combination Therapy,,,Alive,Medium
ONC-04441,51.0,Female,Breast,,4.3,,None,Yes,23.0,2022-01-17,Combination Therapy,12.0,19.0,Deceased,Low
ONC-05098,37.0,Female,Breast,,2.82,NA,Regular,,26.3,2022-04-24,,6.0,5.0,Alive,Low
ONC-01493,52.0,,Lung,Stage II,4.71,Former,Occasional,No,21.0,2021-09-11,Surgery,8.0,44.0,,Medium
ONC-04631,,Male,Ovarian,Stage III,0.26,Never,Occasional,No,24.1,2020-04-29,,,10.0,Alive,Low
ONC-07219,70.0,Male,,Stage II,0.92,Current,Regular,No,27.8,2017-01-24,,7.0,31.0,Deceased,Medium
ONC-05514,57.0,Other,Colorectal,Stage III,4.41,Former,None,No,21.8,2021-08-15,Radiation Therapy,6.0,26.0,Alive,High
ONC-06735,55.0,Male,Ovarian,Stage IV,0.5,Current,None,No,18.7,2021-11-06,Immunotherapy,7.0,,Alive,Critical
ONC-04171,83.0,Female,,Stage II,0.72,Current,Regular,No,23.1,2020-01-24,Surgery,3.0,34.0,,High
ONC-05545,57.0,Female,Prostate,Stage I,1.95,Never,Heavy,No,25.5,2019-11-08,Radiation Therapy,3.0,23.0,,Medium
ONC-02902,56.0,Other,Prostate,Stage I,1.8,Former,Occasional,,18.5,2021-03-23,Combination Therapy,4.0,17.0,Alive,Low
ONC-03144,54.0,,Brain,Stage IV,,Never,Heavy,Yes,21.3,2018-03-23,Chemotherapy,5.0,4.0,Alive,High
ONC-03755,71.0,Male,Brain,Stage II,3.44,Former,Occasional,Yes,27.9,2023-07-11,Palliative Care,9.0,9.0,,High
ONC-04940,41.0,,Prostate,Stage IV,8.57,Never,Heavy,Yes,19.4,,Palliative Care,4.0,,Alive,High
ONC-01889,85.0,,Pancreatic,Stage I,1.9,Never,Heavy,Yes,27.7,2022-02-06,Chemotherapy,5.0,19.0,Deceased,Medium
ONC-06257,72.0,Male,Skin (Melanoma),Stage II,9.41,Current,Regular,,32.5,2017-01-20,Palliative Care,8.0,18.0,Alive,High
ONC-04862,,Other,Prostate,Stage I,0.2,Current,None,No,23.0,2015-01-21,Surgery,7.0,6.0,Deceased,Medium
ONC-03129,50.0,Female,Brain,Stage III,9.62,Former,Regular,Yes,33.6,2023-06-24,Combination Therapy,6.0,1.0,Alive,Medium
ONC-02488,37.0,Male,Prostate,Stage I,2.38,,None,Yes,29.4,2019-09-22,Chemotherapy,7.0,11.0,Alive,
ONC-06027,68.0,Male,Colorectal,Stage III,,Former,Heavy,No,26.2,2017-08-25,Surgery,5.0,0.0,Deceased,Critical
ONC-00022,41.0,Female,Colorectal,Stage I,9.87,Former,,,28.4,2020-03-27,Palliative Care,,55.0,Alive,Low
ONC-07196,79.0,Female,Breast,Stage IV,0.7,Current,Heavy,Yes,26.6,2023-11-01,Palliative Care,,3.0,Alive,Critical
ONC-05176,52.0,Other,,Stage I,6.11,Former,,No,26.1,2022-08-22,Immunotherapy,4.0,8.0,Alive,Low
ONC-05926,61.0,Other,Skin (Melanoma),Stage I,11.77,Former,None,No,35.9,2017-08-10,Chemotherapy,7.0,,,Low
ONC-06087,48.0,Female,Blood (Leukemia),Stage II,0.1,Former,Heavy,No,21.9,,Surgery,8.0,0.0,,Low
ONC-05626,62.0,Male,Breast,Stage III,1.17,Never,Heavy,No,20.2,2019-05-23,Immunotherapy,,1.0,Deceased,High
ONC-07443,45.0,,Liver,Stage I,1.56,Current,Heavy,Yes,26.8,2023-05-15,Combination Therapy,5.0,,Alive,
ONC-03276,47.0,Male,Ovarian,Stage IV,3.59,,Occasional,Yes,24.9,2015-09-09,Radiation Therapy,7.0,14.0,Alive,High
ONC-02404,63.0,,Brain,Stage III,5.77,Never,Occasional,Yes,31.0,2020-03-07,Palliative Care,3.0,26.0,Alive,Medium
ONC-03593,33.0,Male,Ovarian,Stage III,1.91,Never,Heavy,Yes,21.3,2021-10-29,Immunotherapy,6.0,48.0,Deceased,High
ONC-01315,,Other,Brain,Stage IV,2.23,Former,Heavy,No,32.1,2024-05-09,Chemotherapy,3.0,36.0,Alive,Critical
ONC-07184,77.0,Female,Liver,Stage III,13.07,Never,Heavy,Yes,20.2,2015-12-12,Surgery,4.0,43.0,Alive,Medium
ONC-01048,39.0,Male,Breast,Stage I,2.79,Current,Regular,Yes,21.5,2017-11-14,Surgery,,23.0,Alive,Medium
ONC-03248,53.0,Male,Brain,Stage IV,1.47,Never,None,,22.0,2019-05-30,Palliative Care,4.0,31.0,Deceased,Low
ONC-07320,58.0,Male,Skin (Melanoma),Stage I,0.61,Never,Occasional,No,30.7,2017-04-04,Palliative Care,6.0,4.0,Deceased,Medium
ONC-06146,66.0,,Prostate,Stage III,1.14,,Regular,Yes,28.9,,Palliative Care,2.0,76.0,Alive,Medium
ONC-04067,36.0,Female,Lung,Stage IV,2.16,Never,Heavy,No,38.0,2023-07-04,Surgery,7.0,14.0,Alive,High
ONC-05772,49.0,,Liver,,2.66,Never,None,No,27.7,2023-05-02,Combination Therapy,6.0,34.0,Deceased,Medium
ONC-00811,68.0,,Lung,Stage IV,0.11,Former,None,Yes,23.8,2016-12-04,Palliative Care,5.0,1.0,Alive,Critical
ONC-03742,50.0,,Lung,Stage I,0.57,Current,None,No,27.4,2015-06-27,Surgery,4.0,27.0,Alive,Low
ONC-02480,45.0,Female,Skin (Melanoma),Stage II,12.12,Current,None,Yes,,,Palliative Care,4.0,,Deceased,Medium
ONC-04823,,Other,Skin (Melanoma),Stage II,1.58,Current,None,Yes,21.4,2016-05-09,Radiation Therapy,7.0,1.0,Alive,Low
ONC-04204,56.0,,Colorectal,Stage IV,5.41,Former,Regular,No,23.8,2022-07-03,Palliative Care,1.0,17.0,Alive,Critical
ONC-01045,63.0,Male,Skin (Melanoma),Stage I,0.92,Current,Occasional,No,27.8,2015-06-10,,4.0,1.0,Alive,Low
ONC-01369,65.0,Female,Pancreatic,Stage II,2.16,Never,Heavy,No,29.4,2015-02-28,,7.0,10.0,Deceased,High
ONC-02669,,Male,Ovarian,Stage I,3.0,Never,Heavy,No,28.2,,Radiation Therapy,3.0,2.0,Alive,Low
ONC-06023,81.0,Male,,Stage III,7.3,Current,,No,31.6,2016-11-07,Chemotherapy,11.0,8.0,Alive,Medium
ONC-01521,83.0,Male,Skin (Melanoma),Stage I,2.02,Never,Occasional,No,18.6,2017-12-13,,5.0,48.0,Deceased,Low
ONC-04032,50.0,Other,Ovarian,Stage I,1.92,Current,Occasional,No,28.3,2020-04-04,Immunotherapy,4.0,24.0,Alive,Low
ONC-07462,24.0,Female,Lung,Stage I,1.13,,Heavy,Yes,36.0,2016-08-26,Radiation Therapy,10.0,12.0,Alive,Low
ONC-05033,68.0,Female,Skin (Melanoma),Stage IV,0.54,,Heavy,Yes,24.4,2019-10-28,Immunotherapy,6.0,28.0,Deceased,Medium
ONC-01206,47.0,Female,Liver,Stage II,13.31,Current,Occasional,Yes,25.9,2019-11-29,Surgery,5.0,28.0,Deceased,Medium
ONC-05299,,Female,Colorectal,Stage II,16.26,Never,Occasional,Yes,,2019-03-25,Palliative Care,5.0,1.0,Deceased,High
ONC-02333,54.0,Female,Blood (Leukemia),Stage III,2.48,Current,Heavy,Yes,28.8,2024-11-27,,10.0,2.0,Alive,High
ONC-06238,50.0,Female,Skin (Melanoma),Stage III,4.09,Former,None,,34.0,2021-08-24,Combination Therapy,13.0,13.0,Alive,Critical
ONC-06018,56.0,Female,Liver,Stage II,0.57,Former,Heavy,No,23.9,2020-08-18,Combination Therapy,10.0,15.0,Deceased,High
ONC-03850,82.0,Female,Liver,Stage II,2.28,Never,None,Yes,33.5,2018-06-06,Combination Therapy,7.0,55.0,Deceased,High
ONC-04227,58.0,Other,Liver,Stage II,0.48,Current,Regular,Yes,34.2,2020-08-17,,5.0,5.0,Alive,Medium
ONC-04618,42.0,Other,Skin (Melanoma),Stage III,3.87,Current,Regular,Yes,30.6,2022-10-05,Radiation Therapy,4.0,7.0,Alive,High
ONC-00956,84.0,Other,Pancreatic,Stage III,0.51,Former,,Yes,28.4,2017-09-19,,5.0,30.0,Alive,High
ONC-05010,76.0,Male,Blood (Leukemia),Stage III,0.63,Current,Occasional,Yes,21.1,2016-03-16,Combination Therapy,6.0,16.0,Alive,High
ONC-00860,54.0,Male,Breast,Stage IV,5.35,Former,None,Yes,34.3,2023-07-23,Combination Therapy,,24.0,Alive,Critical
ONC-02034,71.0,Male,Breast,Stage I,3.9,Former,Regular,No,27.7,2024-10-11,Surgery,10.0,8.0,,
ONC-01316,78.0,Female,,Stage III,3.06,Former,None,Yes,30.4,2023-07-23,Combination Therapy,,2.0,Alive,High
ONC-02400,43.0,Male,Colorectal,Stage IV,5.84,,,Yes,35.4,2018-04-07,Combination Therapy,8.0,45.0,Alive,Critical
ONC-06701,40.0,Male,Breast,Stage III,6.1,Current,Regular,Yes,28.2,2022-03-11,Radiation Therapy,11.0,40.0,Alive,High
ONC-04720,24.0,Female,Brain,Stage IV,2.26,Never,None,No,27.2,2023-02-16,Combination Therapy,4.0,2.0,,Critical
ONC-04785,56.0,,Blood (Leukemia),Stage I,0.85,Former,None,Yes,18.9,2023-11-12,Surgery,4.0,11.0,Deceased,Medium
ONC-03905,59.0,Male,Liver,Stage II,8.06,Current,Heavy,No,31.6,2017-04-04,Surgery,9.0,4.0,Alive,Medium
ONC-06343,69.0,Other,Brain,Stage I,0.37,Unknown,None,Yes,30.3,2018-04-09,Immunotherapy,5.0,0.0,Deceased,Low
ONC-01367,71.0,Male,Liver,Stage III,1.29,Never,Regular,Yes,24.3,2021-07-21,Surgery,,14.0,Alive,High
ONC-03044,,Male,Blood (Leukemia),Stage II,1.38,Current,Occasional,No,22.4,2024-11-24,Surgery,9.0,5.0,Deceased,
ONC-03925,66.0,Other,Breast,Stage II,0.59,,None,Yes,21.1,2020-04-17,Chemotherapy,,2.0,Alive,Medium
ONC-06361,,Female,Blood (Leukemia),Stage I,1.27,Former,Heavy,Yes,33.9,2019-08-29,,2.0,10.0,Alive,Low
ONC-04707,47.0,Other,Pancreatic,Stage II,2.19,Never,Heavy,No,27.6,2020-05-06,Palliative Care,8.0,2.0,Alive,Medium
ONC-02507,83.0,Other,Skin (Melanoma),Stage I,8.28,Current,,No,33.6,2016-09-15,Palliative Care,2.0,11.0,Deceased,Low
ONC-00463,83.0,Male,Brain,Stage IV,1.85,,Regular,No,22.6,2022-05-02,Chemotherapy,,12.0,Alive,Critical
ONC-01574,46.0,Male,Prostate,Stage I,3.85,Current,Occasional,No,29.2,2023-04-27,,9.0,18.0,Alive,Low
ONC-04889,59.0,Male,Lung,Stage II,2.45,Former,Heavy,Yes,25.2,,Combination Therapy,7.0,42.0,Alive,Low
ONC-00309,87.0,Male,Colorectal,Stage IV,3.96,Never,,No,23.5,2024-11-17,Radiation Therapy,7.0,8.0,Alive,Medium
ONC-02122,56.0,Male,Prostate,Stage I,1.77,Never,None,No,24.8,2016-11-22,Immunotherapy,5.0,10.0,Deceased,Low
ONC-00580,32.0,Female,Breast,Stage III,5.76,Never,Heavy,No,32.1,2017-01-23,Immunotherapy,,13.0,Alive,Low
ONC-04202,66.0,Other,Prostate,Stage II,12.06,Former,Heavy,No,29.5,2019-05-14,Immunotherapy,6.0,,Alive,Medium
ONC-01706,44.0,Other,Lung,Stage II,3.93,Current,Regular,Yes,23.1,2022-01-03,Surgery,7.0,20.0,Deceased,
ONC-06959,,Female,Lung,Stage III,3.57,Former,None,No,24.2,2015-01-10,Surgery,2.0,3.0,Deceased,Medium
ONC-03787,44.0,Female,Lung,Stage II,1.04,Never,None,No,26.2,,Combination Therapy,9.0,10.0,Alive,Medium
ONC-05108,40.0,Female,Liver,Stage I,,Former,Heavy,Yes,21.4,2024-05-23,Radiation Therapy,,25.0,Alive,Medium
ONC-06941,,Male,Skin (Melanoma),Stage III,1.39,Never,Regular,No,31.3,2016-01-25,Surgery,6.0,0.0,Alive,High
ONC-02995,58.0,Male,Lung,Stage III,3.99,Current,Occasional,Yes,16.6,2021-12-22,Combination Therapy,9.0,46.0,Alive,High
ONC-05131,50.0,,Lung,,2.18,Never,None,No,23.3,2020-10-24,Chemotherapy,6.0,30.0,Alive,Medium
ONC-05433,71.0,Female,Ovarian,Stage II,12.38,Never,None,,18.8,2018-07-10,Chemotherapy,6.0,5.0,Deceased,Low
ONC-02038,95.0,Male,Blood (Leukemia),Stage III,0.1,Current,None,Yes,26.7,2015-02-09,Immunotherapy,6.0,1.0,Alive,High
ONC-06319,67.0,Female,Liver,Stage III,0.74,Current,None,Yes,26.0,2021-02-13,Radiation Therapy,5.0,3.0,Alive,Medium
ONC-06193,53.0,Female,Pancreatic,Stage II,1.74,Never,Heavy,Yes,28.9,2024-10-21,Surgery,8.0,11.0,Alive,Medium
ONC-02096,,Other,,,1.97,,Regular,No,29.5,2024-06-19,Palliative Care,7.0,16.0,Alive,Medium
ONC-00871,49.0,Other,Colorectal,Stage I,2.55,Current,Regular,Yes,21.8,2016-01-04,Combination Therapy,3.0,5.0,Alive,Medium
ONC-06321,39.0,,Lung,Stage I,,Former,Regular,Yes,28.8,2024-07-31,Chemotherapy,12.0,28.0,Alive,Low
ONC-05873,,Other,Breast,Stage I,7.01,Former,,Yes,24.6,2018-07-22,Surgery,3.0,30.0,Deceased,Low
ONC-03050,,Other,Breast,Stage IV,1.42,Never,Heavy,No,31.4,2023-03-26,Radiation Therapy,5.0,8.0,Alive,High
ONC-06378,85.0,Female,,Stage IV,8.6,Never,Regular,No,27.6,2021-11-05,Immunotherapy,7.0,10.0,Deceased,High
ONC-02657,60.0,Male,Lung,Stage IV,6.62,Former,Occasional,Yes,,2021-05-13,Combination Therapy,9.0,55.0,Deceased,High
ONC-07383,38.0,Female,Pancreatic,Stage III,6.36,,Heavy,No,25.2,2019-01-27,Immunotherapy,6.0,63.0,Alive,High
ONC-03503,,Male,,Stage I,1.01,Former,None,Yes,31.9,2019-09-03,Surgery,4.0,4.0,Alive,
ONC-04358,64.0,Female,Breast,Stage II,2.14,Former,Heavy,,25.4,2024-07-22,Immunotherapy,4.0,22.0,Deceased,Critical
ONC-00977,60.0,Male,Liver,,1.21,Former,None,,33.3,2015-12-26,,3.0,19.0,Alive,
ONC-03353,66.0,Female,Brain,Stage I,13.04,Never,None,Yes,14.6,2022-10-14,Palliative Care,11.0,13.0,Deceased,Low
ONC-00958,55.0,Male,Brain,Stage II,,,Heavy,No,29.1,2022-12-02,Combination Therapy,6.0,8.0,Deceased,Low
ONC-05270,70.0,Male,Liver,Stage IV,1.9,Former,Regular,No,24.8,2018-10-28,Palliative Care,,10.0,Deceased,High
ONC-03700,56.0,Female,Liver,Stage III,2.47,Current,Occasional,No,33.8,2024-08-27,Radiation Therapy,,5.0,Alive,Medium
ONC-01341,42.0,Male,Skin (Melanoma),,13.09,Current,Regular,No,28.3,2015-01-21,Immunotherapy,6.0,12.0,Alive,Medium
ONC-01823,49.0,Other,Lung,Stage IV,2.12,Current,Occasional,Yes,30.7,2022-01-17,Chemotherapy,5.0,,Alive,Critical
ONC-02330,41.0,Female,Prostate,Stage IV,9.48,Current,Occasional,No,22.7,2018-06-30,Chemotherapy,7.0,38.0,Deceased,High
ONC-05606,52.0,Other,,Stage I,6.0,Former,,No,31.7,2016-02-20,Combination Therapy,10.0,6.0,Alive,Medium
ONC-01930,,Female,Prostate,Stage I,5.03,Current,Occasional,No,24.7,,Radiation Therapy,2.0,34.0,Alive,Low
ONC-03881,65.0,Male,Colorectal,Stage I,3.36,Current,None,No,25.0,,NA,9.0,10.0,Alive,Low
ONC-06604,55.0,Other,Skin (Melanoma),Stage I,6.28,Never,,Yes,28.7,2015-09-29,Immunotherapy,5.0,14.0,Alive,Medium
ONC-06612,65.0,Female,,Stage III,3.94,Former,Heavy,,25.3,2016-11-17,Immunotherapy,3.0,45.0,Alive,
ONC-00354,73.0,Other,Brain,Stage III,0.62,Never,Heavy,No,34.3,2023-03-26,Palliative Care,4.0,4.0,Alive,Medium
ONC-04828,,,Pancreatic,Stage IV,0.94,Never,None,No,14.9,2017-03-19,Chemotherapy,7.0,19.0,Alive,High
ONC-01446,60.0,Female,Prostate,,2.83,Never,Regular,No,32.2,2023-12-29,Surgery,7.0,17.0,Deceased,Medium
ONC-04799,52.0,Other,Lung,Stage II,7.21,Never,None,No,29.5,2021-01-25,Combination Therapy,8.0,10.0,Alive,Low
ONC-02727,51.0,,Liver,Stage IV,12.31,Current,Regular,Yes,25.3,2020-06-13,NA,8.0,28.0,Alive,Critical
ONC-07348,51.0,Female,Brain,Stage III,0.87,Former,Occasional,Yes,21.5,2020-03-07,,,34.0,Alive,Critical
ONC-04257,84.0,Female,Colorectal,Stage IV,3.75,Former,Occasional,No,25.8,2016-09-24,Palliative Care,8.0,10.0,Alive,
ONC-03201,44.0,,Blood (Leukemia),Stage I,0.35,Never,Regular,No,17.8,2023-07-19,,6.0,14.0,Alive,
ONC-05987,80.0,Female,Liver,Stage II,0.16,Current,Heavy,Yes,18.5,2020-07-28,Radiation Therapy,6.0,9.0,Alive,Low
ONC-06861,59.0,Male,,,6.07,,Regular,No,22.3,2021-02-06,Immunotherapy,7.0,8.0,Alive,Critical
ONC-01386,62.0,Female,Liver,Stage IV,2.99,Never,Heavy,No,27.9,2022-03-30,Chemotherapy,,1.0,Deceased,Low
ONC-06852,37.0,Female,Liver,,0.76,Never,Regular,No,26.8,2022-09-25,Radiation Therapy,,16.0,Alive,Medium
ONC-03722,75.0,Female,Prostate,Stage III,3.35,Former,Regular,No,,,Chemotherapy,,36.0,Deceased,Medium
ONC-00502,39.0,,Ovarian,Stage IV,0.6,Never,Regular,No,29.4,2024-08-25,Palliative Care,7.0,20.0,Deceased,High
ONC-03525,73.0,Male,Prostate,Stage II,1.91,Never,Regular,Yes,27.1,,Surgery,6.0,28.0,Alive,Medium
ONC-06917,56.0,Other,Prostate,Stage II,1.43,,Regular,Yes,32.6,2024-02-28,Radiation Therapy,6.0,5.0,Alive,Low
ONC-03237,58.0,Male,Lung,Stage III,1.84,Never,None,Yes,32.6,2022-10-19,Chemotherapy,4.0,48.0,Alive,Medium
ONC-02105,60.0,Female,Prostate,Stage IV,0.1,Never,Regular,No,24.2,2024-04-11,Palliative Care,7.0,,Alive,Critical
ONC-02234,56.0,Other,Blood (Leukemia),Stage III,2.73,,Regular,Yes,17.7,2016-01-30,Chemotherapy,7.0,26.0,Alive,High
ONC-07427,,Male,Colorectal,Stage III,4.9,Former,Occasional,Yes,24.6,,Palliative Care,5.0,0.0,Alive,Low
ONC-01008,84.0,Male,Skin (Melanoma),Stage III,0.71,Never,Regular,No,23.1,2017-01-10,Radiation Therapy,7.0,16.0,Deceased,High
ONC-06038,86.0,Male,Lung,Stage II,1.24,,None,Yes,30.1,2017-08-21,Combination Therapy,,15.0,Deceased,Medium
ONC-05984,,Male,Breast,Stage III,11.63,Never,Regular,No,31.9,2023-03-06,Chemotherapy,6.0,21.0,Alive,Medium
ONC-02172,59.0,Other,Ovarian,Stage IV,3.85,Current,None,Yes,29.2,2020-02-05,Surgery,5.0,2.0,Deceased,Critical
ONC-05384,45.0,Female,Pancreatic,Stage IV,1.77,Never,Heavy,Yes,21.3,2017-09-30,Chemotherapy,,13.0,,Critical
ONC-04465,74.0,Other,Brain,Stage I,6.33,Former,None,No,25.1,2021-09-02,,7.0,16.0,Alive,Medium
ONC-03217,77.0,,Pancreatic,Stage III,3.04,,-,Yes,23.0,2015-12-11,Immunotherapy,3.0,9.0,Alive,Low
ONC-07362,64.0,Male,Colorectal,Stage II,1.67,Never,None,Yes,35.7,2015-05-22,Chemotherapy,2.0,51.0,Deceased,Medium
ONC-05792,52.0,Male,Colorectal,Stage II,0.14,Current,None,Yes,32.0,2019-11-25,Palliative Care,7.0,7.0,Alive,
ONC-01319,53.0,Female,Skin (Melanoma),Stage II,9.4,Former,Occasional,No,26.4,2015-01-04,Palliative Care,2.0,,Alive,High
ONC-04590,41.0,Other,Colorectal,Stage I,1.16,Former,,Yes,21.4,2020-09-08,Surgery,9.0,,Alive,Medium
ONC-03983,63.0,Female,Blood (Leukemia),Stage IV,0.1,Current,Regular,,21.8,2022-09-21,Chemotherapy,8.0,0.0,Alive,
ONC-04430,53.0,Other,Lung,Stage IV,0.87,Current,Regular,Yes,23.6,2020-07-19,Radiation Therapy,,3.0,Deceased,Critical
ONC-01476,76.0,Other,,Stage III,8.1,Current,Heavy,No,32.0,2016-04-21,Palliative Care,6.0,0.0,,Critical
ONC-00680,67.0,Other,Lung,Stage I,3.97,Former,Regular,No,26.7,2017-03-25,Palliative Care,7.0,9.0,Alive,
ONC-05235,,Female,Ovarian,Stage III,,Former,None,,27.5,,Immunotherapy,10.0,22.0,Alive,Medium
ONC-05318,36.0,Other,Blood (Leukemia),Stage IV,0.86,Former,None,Yes,24.7,,Combination Therapy,6.0,32.0,,Critical
ONC-06286,,Other,,Stage II,0.15,Never,Heavy,Yes,24.2,2021-01-20,Chemotherapy,7.0,17.0,Alive,Medium
ONC-03927,58.0,Male,Blood (Leukemia),Stage IV,0.58,Never,Occasional,Yes,26.2,2024-02-12,Radiation Therapy,5.0,62.0,,Critical
ONC-00381,31.0,Male,Ovarian,Stage IV,3.77,Current,None,Yes,19.2,2019-03-06,Immunotherapy,,10.0,Alive,Critical
ONC-06583,60.0,Other,Skin (Melanoma),Stage II,1.97,Former,Occasional,Yes,31.2,2017-09-08,Surgery,3.0,4.0,Alive,High
ONC-04164,46.0,-,Colorectal,Stage III,2.45,Never,Occasional,Yes,30.9,2017-09-21,Combination Therapy,7.0,0.0,Alive,Critical
ONC-07342,61.0,Male,,Stage II,8.42,Current,Regular,,29.3,2021-04-20,Immunotherapy,10.0,8.0,Alive,Low
ONC-06205,64.0,Other,Blood (Leukemia),Stage III,1.33,Never,Occasional,No,27.5,2016-02-16,Chemotherapy,8.0,37.0,Alive,High
ONC-01883,57.0,Other,Skin (Melanoma),Stage IV,2.09,,Heavy,No,16.8,2022-09-01,Chemotherapy,8.0,13.0,Alive,Critical
ONC-00478,56.0,Other,Brain,,1.53,Current,None,Yes,23.4,2020-05-29,Palliative Care,6.0,,Alive,Medium
ONC-07207,65.0,Male,Skin (Melanoma),Stage I,2.66,Former,Heavy,Yes,29.6,2017-04-04,Surgery,6.0,7.0,Alive,
ONC-02383,37.0,,Prostate,Stage IV,0.1,Never,Regular,No,23.6,2023-08-23,Immunotherapy,8.0,4.0,Alive,Medium
ONC-05269,22.0,Female,Ovarian,,0.56,Current,Heavy,No,24.4,2017-01-10,Combination Therapy,4.0,9.0,Alive,Medium
ONC-06114,57.0,Male,Skin (Melanoma),Stage III,1.75,Former,None,Yes,27.8,,Surgery,7.0,3.0,Alive,Medium
ONC-02360,62.0,Male,Ovarian,Stage IV,0.73,Former,Occasional,No,32.9,2021-09-18,,7.0,12.0,Deceased,Critical
ONC-00426,47.0,Male,Liver,,10.73,Never,None,No,24.4,2017-06-02,Immunotherapy,5.0,1.0,Deceased,Low
ONC-06142,51.0,Other,Prostate,Stage I,4.36,Former,Heavy,Yes,30.4,2017-11-27,Combination Therapy,3.0,87.0,Deceased,Low
ONC-02256,68.0,Male,Brain,Stage I,4.35,Former,Heavy,Yes,18.3,2024-03-12,Chemotherapy,4.0,31.0,Alive,Low
ONC-01334,34.0,Female,Breast,Stage III,10.82,Former,None,No,38.9,2018-08-22,Radiation Therapy,,3.0,Alive,Medium
ONC-00200,54.0,,Lung,Stage IV,,Never,Regular,Yes,14.0,2015-07-27,Radiation Therapy,6.0,54.0,Alive,Critical
ONC-06140,63.0,,Brain,Stage IV,0.85,Former,Occasional,Yes,24.4,2023-05-05,Radiation Therapy,9.0,7.0,Alive,High
ONC-01939,57.0,Other,Lung,Stage IV,7.1,Former,None,No,30.2,2016-08-06,Chemotherapy,6.0,34.0,Deceased,Low
ONC-00144,,Female,Lung,Stage IV,2.69,Never,Heavy,No,29.1,2015-12-27,Immunotherapy,8.0,1.0,Deceased,Medium
ONC-03821,43.0,Other,Ovarian,Stage IV,6.79,Former,None,Yes,25.5,2020-03-12,Chemotherapy,5.0,4.0,Deceased,High
ONC-04346,57.0,Male,Colorectal,Stage I,2.29,Never,Occasional,Yes,26.3,2024-04-10,Combination Therapy,11.0,20.0,Alive,Low
ONC-06969,65.0,Male,Blood (Leukemia),Stage III,,Current,None,Yes,34.6,2015-12-09,Radiation Therapy,10.0,0.0,Alive,High
ONC-00305,75.0,Male,Liver,Stage II,5.75,Current,,Yes,21.9,2024-10-21,Radiation Therapy,,35.0,,Critical
ONC-01455,59.0,Other,Breast,Stage II,5.9,Former,,No,28.9,2017-07-08,Palliative Care,7.0,9.0,Deceased,
ONC-04789,48.0,Female,Breast,Stage II,2.24,Former,Heavy,No,21.6,2022-10-15,Radiation Therapy,5.0,30.0,Alive,Medium
ONC-04514,,Male,Prostate,Stage III,0.58,Former,Heavy,No,38.4,2019-12-23,Radiation Therapy,7.0,0.0,Alive,High
ONC-00912,69.0,Other,Prostate,,2.58,,Occasional,No,25.9,2017-08-15,,5.0,12.0,Alive,High
ONC-02852,98.0,Male,Brain,Stage IV,,Current,Occasional,No,28.1,2023-04-28,Combination Therapy,5.0,46.0,,High
ONC-02597,75.0,Other,Colorectal,Stage II,,Former,None,Yes,23.8,2024-05-19,Radiation Therapy,8.0,,Deceased,Medium
ONC-04682,,Male,Brain,Stage II,1.36,Former,Heavy,Yes,28.8,2017-07-11,Palliative Care,5.0,62.0,Deceased,Critical
ONC-05370,68.0,Female,Skin (Melanoma),Stage I,1.83,Former,Regular,No,32.0,,Immunotherapy,7.0,15.0,Alive,Medium
ONC-02310,,Female,Liver,Stage III,5.79,Current,,Yes,16.7,2017-05-26,Immunotherapy,,17.0,Alive,High
ONC-02113,75.0,Male,Lung,Stage III,3.47,Former,Occasional,Yes,30.9,2017-01-01,,7.0,7.0,Deceased,Medium
ONC-07400,63.0,Female,Breast,Stage I,2.08,Current,Occasional,No,25.7,,,5.0,30.0,Alive,
ONC-00594,71.0,Other,,Stage IV,8.27,Current,None,Yes,22.7,,Combination Therapy,,66.0,,High
ONC-03571,86.0,Male,Liver,Stage IV,5.45,Current,None,No,33.1,2021-11-04,Chemotherapy,7.0,0.0,Alive,Medium
ONC-03534,35.0,Female,Ovarian,Stage III,0.86,Current,Occasional,Yes,21.8,2022-02-16,Combination Therapy,8.0,5.0,Alive,High
ONC-01289,75.0,Other,Colorectal,,0.35,Never,Occasional,Yes,18.1,2020-05-01,,9.0,7.0,Alive,Low
ONC-01656,51.0,Female,,Stage IV,0.45,Never,Regular,Yes,18.7,2015-02-15,Surgery,7.0,1.0,Alive,Medium
ONC-05009,46.0,Male,Blood (Leukemia),Stage III,8.9,Current,Regular,,,2024-05-08,,4.0,17.0,Alive,Medium
ONC-06206,60.0,Other,Ovarian,Stage II,0.79,Never,Regular,Yes,15.8,,Palliative Care,8.0,15.0,,Critical
ONC-02132,65.0,Other,Liver,Stage IV,3.27,Former,Heavy,No,12.0,2024-12-03,Surgery,9.0,5.0,Alive,High
ONC-00766,45.0,Male,Pancreatic,Stage I,2.7,Former,Regular,,15.5,,Radiation Therapy,4.0,4.0,,Low
ONC-01123,,Female,Ovarian,Stage II,,Never,Occasional,Yes,25.1,2018-09-03,Chemotherapy,6.0,10.0,Alive,Low
ONC-06776,82.0,Female,Blood (Leukemia),,2.6,Former,Regular,Yes,33.1,2020-09-25,Combination Therapy,7.0,1.0,Alive,High
ONC-00147,51.0,Female,Prostate,Stage II,7.36,Never,Occasional,Yes,31.8,2023-07-11,Palliative Care,5.0,36.0,Alive,Low
ONC-05230,,Female,,Stage IV,5.16,Former,Regular,No,24.4,2020-04-17,Radiation Therapy,4.0,,Deceased,High
ONC-00395,80.0,Male,Liver,Stage III,1.33,Never,,No,29.3,2019-08-04,Combination Therapy,4.0,8.0,Deceased,High
ONC-00300,85.0,Other,Liver,Stage IV,,Former,Heavy,No,,2020-01-26,Surgery,6.0,4.0,Alive,Medium
ONC-03809,48.0,Female,Brain,Stage III,4.47,Former,None,Yes,24.1,2019-09-05,Surgery,,28.0,Deceased,Critical
ONC-00046,73.0,Female,Skin (Melanoma),Stage III,1.55,Former,,Yes,33.7,2017-02-24,Immunotherapy,9.0,,Alive,High
ONC-03495,49.0,Male,Liver,Stage II,4.32,Former,Regular,No,32.6,2023-01-21,Surgery,2.0,9.0,Alive,Medium
ONC-05846,78.0,Male,Colorectal,Stage I,1.02,Former,Occasional,No,19.0,2016-12-09,Surgery,10.0,9.0,Alive,Medium
ONC-03337,59.0,Female,,Stage III,0.1,Current,Occasional,Yes,21.7,2019-12-19,Palliative Care,7.0,10.0,Alive,High
ONC-04418,69.0,,Breast,Stage III,,Current,Occasional,No,24.3,2018-05-25,Chemotherapy,6.0,10.0,Alive,High
ONC-02160,56.0,,Breast,Stage II,4.54,,,No,24.3,2019-12-12,Surgery,4.0,46.0,Deceased,Low
ONC-01958,,Other,Liver,Stage III,1.39,Current,Heavy,No,26.4,,Immunotherapy,8.0,,Alive,High
ONC-04953,,Male,Blood (Leukemia),Stage III,0.88,,Heavy,No,20.6,2020-01-11,Radiation Therapy,5.0,22.0,Alive,Medium
ONC-05713,44.0,Female,Liver,Stage IV,5.86,Current,Regular,,,,Surgery,7.0,14.0,Alive,Critical
ONC-02185,99.0,Other,Blood (Leukemia),Stage III,1.4,,Heavy,Yes,28.5,2019-11-21,,1.0,11.0,Alive,High
ONC-05989,54.0,Other,Colorectal,Stage IV,,Never,Heavy,No,31.2,2022-11-17,Palliative Care,10.0,2.0,Alive,Medium
ONC-06509,35.0,Other,Breast,Stage II,0.25,Never,Occasional,No,22.9,2023-05-29,Immunotherapy,,4.0,Deceased,High
ONC-06425,40.0,Female,Colorectal,Stage IV,5.48,,None,No,19.3,2018-07-07,Surgery,5.0,12.0,Alive,Critical
ONC-03498,58.0,Male,Brain,Stage III,,Current,Regular,Yes,25.2,2022-01-06,Palliative Care,4.0,26.0,Deceased,High
ONC-02072,77.0,Other,Breast,Stage II,3.73,,,Yes,21.9,2017-12-15,Chemotherapy,5.0,3.0,Deceased,Medium
ONC-01368,40.0,,Ovarian,Stage IV,13.3,Former,Occasional,No,13.8,2020-11-13,Radiation Therapy,3.0,20.0,Alive,High
ONC-03096,83.0,,Blood (Leukemia),Stage IV,5.87,,Heavy,,29.3,2023-08-15,Surgery,8.0,7.0,Deceased,Critical
ONC-02365,55.0,Female,Prostate,Stage III,1.81,Never,,Yes,28.1,2024-10-29,Immunotherapy,7.0,42.0,Deceased,High
ONC-06453,69.0,Male,Pancreatic,,5.86,Never,Occasional,,,,Palliative Care,9.0,1.0,Deceased,Critical
ONC-00931,58.0,Other,Pancreatic,Stage I,6.65,Never,Heavy,Yes,25.4,2020-04-12,Radiation Therapy,11.0,10.0,Deceased,Low
ONC-03513,72.0,Female,Brain,Stage II,1.02,Current,,Yes,23.5,,Combination Therapy,6.0,5.0,Alive,Low
ONC-02976,54.0,Other,Skin (Melanoma),Stage II,1.22,Never,Regular,No,25.4,2021-06-15,Combination Therapy,,35.0,Alive,Low
ONC-05519,78.0,Other,Blood (Leukemia),Stage IV,1.89,Never,Regular,No,31.8,2019-01-04,Combination Therapy,6.0,15.0,Deceased,High
ONC-04575,54.0,,Breast,Stage I,3.41,Current,N/A,Yes,22.2,2020-05-07,Chemotherapy,3.0,,Deceased,Low
ONC-03142,60.0,Male,Colorectal,Stage IV,3.12,Former,Heavy,Yes,24.1,,,5.0,,Deceased,Medium
ONC-06747,,Male,Skin (Melanoma),Stage III,,Former,Heavy,Yes,23.5,2021-09-27,Surgery,3.0,3.0,Alive,High
ONC-02582,47.0,Male,Brain,Stage III,6.99,,None,Yes,21.0,2023-01-22,,5.0,26.0,Alive,Critical
ONC-07007,59.0,Male,Lung,Stage II,4.76,Former,Heavy,,15.1,,Radiation Therapy,7.0,1.0,Deceased,Medium
ONC-00607,68.0,Male,Skin (Melanoma),Stage III,6.67,Never,Regular,No,22.9,2015-09-29,Chemotherapy,5.0,11.0,Alive,High
ONC-00075,78.0,Female,Prostate,Stage II,2.03,Former,Regular,Yes,12.7,,Chemotherapy,6.0,9.0,Alive,Low
ONC-05861,48.0,Other,Pancreatic,Stage IV,6.66,Former,Occasional,Yes,23.3,2021-05-21,Palliative Care,6.0,3.0,Alive,High
ONC-06059,66.0,Female,Lung,Stage III,1.47,Current,Heavy,Yes,23.3,2015-12-20,Radiation Therapy,6.0,36.0,Deceased,Low
ONC-01323,69.0,,Prostate,Stage IV,8.18,Current,Heavy,No,30.2,2020-12-27,Surgery,,0.0,Alive,Critical
ONC-05673,80.0,Other,Blood (Leukemia),Stage IV,7.24,Never,Heavy,Yes,35.2,2023-12-19,Combination Therapy,5.0,7.0,,Medium
ONC-06251,,Other,Colorectal,Stage II,1.95,Current,Regular,No,27.5,2018-07-23,Surgery,,12.0,Alive,Low
ONC-00114,72.0,Female,Liver,Stage III,0.78,Never,Regular,Yes,29.1,2020-02-06,Radiation Therapy,3.0,3.0,Alive,Low
ONC-03914,30.0,Male,Colorectal,Stage I,1.26,,None,Yes,23.8,2022-12-07,Chemotherapy,5.0,40.0,Alive,High
ONC-00987,33.0,Female,Prostate,Stage IV,0.24,Never,Occasional,Yes,16.0,2024-01-08,Palliative Care,10.0,9.0,Alive,Critical
ONC-07279,62.0,Other,Pancreatic,,3.9,Current,Regular,No,22.1,2021-12-05,Surgery,9.0,14.0,Alive,Medium
ONC-04844,59.0,Other,Ovarian,Stage IV,1.33,Never,,No,35.6,2022-11-11,Immunotherapy,5.0,,Deceased,Low
ONC-00223,,,Prostate,,5.71,Former,None,No,19.1,2022-07-04,Surgery,2.0,5.0,Alive,Critical
ONC-05445,76.0,Other,Liver,,,Former,Heavy,Yes,27.3,2024-07-30,Surgery,2.0,10.0,Alive,Medium
ONC-05599,52.0,Male,Brain,Stage II,2.68,Former,Heavy,No,30.9,2015-10-18,Palliative Care,,16.0,Deceased,Medium
ONC-05762,58.0,Female,Skin (Melanoma),Stage III,0.66,Never,Regular,Yes,21.3,2018-06-25,Combination Therapy,8.0,1.0,Deceased,High
ONC-01993,83.0,Female,,Stage I,1.79,Former,,Yes,12.0,2018-07-13,Radiation Therapy,7.0,47.0,Alive,Medium
ONC-06793,,Other,Ovarian,Stage I,2.81,Current,Heavy,Yes,28.0,2016-04-09,Palliative Care,9.0,,Alive,
ONC-04132,72.0,Female,Pancreatic,Stage III,1.35,Current,None,No,27.7,,Combination Therapy,6.0,0.0,Alive,High
ONC-04927,,Other,Colorectal,Stage II,7.98,Current,Occasional,,31.0,2016-12-17,Surgery,7.0,17.0,Alive,Medium
ONC-05663,41.0,Unknown,Ovarian,Stage IV,1.29,Never,Regular,,21.9,2018-11-28,Palliative Care,,65.0,Alive,Medium
ONC-06681,68.0,Female,Ovarian,Stage I,3.94,Current,None,Yes,29.3,2018-08-03,Immunotherapy,,,,Low
ONC-01762,65.0,Male,Liver,Stage IV,2.71,Current,Occasional,Yes,22.0,,Surgery,4.0,34.0,Alive,Critical
ONC-04444,49.0,Female,Skin (Melanoma),,9.7,Never,None,,27.6,,N/A,9.0,20.0,Deceased,Low
ONC-04264,66.0,Other,Ovarian,Stage III,0.17,,Regular,No,,2023-06-17,Chemotherapy,3.0,1.0,Alive,Critical
ONC-04181,60.0,Other,Breast,Stage I,4.06,Former,Heavy,No,18.4,2020-10-12,Chemotherapy,6.0,6.0,Alive,Medium
ONC-04213,76.0,Female,,Stage III,0.31,,Regular,No,12.7,,Radiation Therapy,7.0,29.0,Deceased,Medium
ONC-04044,58.0,Other,Colorectal,Stage III,1.63,Current,None,Yes,24.2,2024-05-22,Chemotherapy,4.0,11.0,Alive,High
ONC-03457,82.0,Other,Blood (Leukemia),Stage IV,0.32,Current,Occasional,Yes,,2019-12-17,Chemotherapy,,12.0,Alive,Critical
ONC-00531,61.0,Male,Breast,Stage II,0.48,Current,Occasional,No,31.1,2019-05-13,Palliative Care,7.0,10.0,,Medium
ONC-05491,42.0,Male,Skin (Melanoma),Stage IV,6.3,Former,Regular,Yes,24.3,2019-02-09,Surgery,,34.0,Deceased,Critical
ONC-02591,46.0,Male,Lung,Stage I,1.36,Current,,No,25.8,2015-12-09,Immunotherapy,5.0,7.0,Alive,
ONC-05125,56.0,Other,Skin (Melanoma),Stage IV,3.99,Never,Regular,No,18.5,2019-05-19,Palliative Care,5.0,6.0,Deceased,High
ONC-03955,63.0,Other,Lung,Stage II,3.19,Current,Heavy,No,33.2,2015-10-02,Radiation Therapy,6.0,5.0,Alive,Low
ONC-01994,52.0,Male,,Stage III,2.56,Never,None,Yes,24.5,2023-03-23,,3.0,14.0,Alive,Critical
ONC-03631,43.0,Male,Skin (Melanoma),,2.28,Never,Regular,No,24.4,2022-03-22,Combination Therapy,5.0,16.0,Deceased,Medium
ONC-02522,54.0,Female,Prostate,Stage III,1.9,Former,-,No,30.9,2015-06-01,,4.0,13.0,Deceased,Low
ONC-05064,56.0,Female,Skin (Melanoma),Stage II,3.32,Former,Heavy,,20.9,2016-06-18,Combination Therapy,,42.0,Alive,Low
ONC-03052,67.0,Male,Blood (Leukemia),Stage III,3.1,Current,Heavy,No,32.8,2021-01-10,Palliative Care,3.0,,Alive,High
ONC-02813,40.0,Other,Breast,Stage II,4.38,Former,Regular,No,33.2,2016-03-12,Chemotherapy,8.0,17.0,Alive,Medium
ONC-05925,42.0,Female,Skin (Melanoma),Stage I,0.46,Never,Heavy,Yes,23.1,2022-09-02,Immunotherapy,4.0,11.0,Deceased,Medium
ONC-07418,47.0,Female,Breast,Stage II,5.46,Former,Heavy,,27.1,2024-04-24,,1.0,40.0,Alive,Medium
ONC-05721,64.0,Male,Brain,,6.21,Never,,Yes,24.3,2020-10-30,Radiation Therapy,4.0,18.0,Alive,Medium
ONC-07265,98.0,Male,Ovarian,Stage III,0.1,Former,Regular,No,,,Chemotherapy,5.0,19.0,Alive,Medium
ONC-06715,39.0,Other,Ovarian,Stage III,,Former,Regular,No,19.3,2024-06-13,Chemotherapy,6.0,4.0,Alive,Medium
ONC-04523,63.0,Male,Liver,Stage I,4.22,Never,None,Yes,19.0,2020-01-26,Chemotherapy,11.0,22.0,Alive,Low
ONC-03205,48.0,Male,Breast,Stage IV,0.39,Former,None,No,,2016-09-22,Surgery,6.0,6.0,,High
ONC-05629,60.0,Female,Brain,Stage III,2.1,Current,Regular,No,27.3,2019-07-26,Radiation Therapy,4.0,11.0,Alive,Critical
ONC-06111,55.0,,Blood (Leukemia),Stage III,6.37,Never,Occasional,,27.2,2018-10-25,Radiation Therapy,9.0,14.0,Alive,Medium
ONC-01780,81.0,Female,Breast,Stage II,11.34,Former,Heavy,No,29.4,2023-03-07,Radiation Therapy,3.0,9.0,Deceased,Medium
ONC-01026,38.0,Other,Pancreatic,Stage IV,,Never,Regular,No,30.5,2020-08-17,Palliative Care,7.0,26.0,Deceased,Critical
ONC-03779,75.0,Female,Lung,Stage I,1.07,Current,Heavy,No,30.1,,Surgery,5.0,13.0,Deceased,Low
ONC-00082,33.0,Male,Colorectal,,2.83,Never,Heavy,No,,2022-09-24,Combination Therapy,2.0,18.0,Alive,Medium
ONC-06046,66.0,Male,Lung,Stage IV,8.88,Former,Heavy,No,26.6,,Palliative Care,3.0,4.0,Alive,
ONC-02031,,Male,Colorectal,,0.16,Former,Heavy,Yes,30.6,2021-09-27,,5.0,8.0,Alive,High
ONC-04055,28.0,,Liver,Stage IV,5.36,Current,None,,26.4,,Palliative Care,5.0,2.0,Alive,Critical
ONC-01793,55.0,Male,Ovarian,Stage II,6.37,,Regular,Yes,24.8,2015-08-07,Surgery,2.0,1.0,Alive,Medium
ONC-06256,49.0,Male,Lung,Stage IV,1.69,Current,Heavy,Yes,23.0,2020-03-01,,7.0,10.0,Alive,Critical
ONC-05573,60.0,Female,Ovarian,Stage III,1.32,Former,None,Yes,26.6,2024-11-10,Combination Therapy,,,Alive,
ONC-02717,61.0,,Liver,Stage I,4.18,Never,Occasional,,26.5,2016-05-02,Radiation Therapy,5.0,29.0,Alive,Medium
ONC-03820,53.0,Other,Prostate,Stage I,3.4,Current,Regular,No,21.0,,Combination Therapy,2.0,0.0,Deceased,Medium
ONC-02674,61.0,Male,Breast,Stage IV,1.72,Never,Regular,Yes,27.2,2017-11-14,Radiation Therapy,7.0,15.0,Deceased,High
ONC-05574,72.0,Male,Blood (Leukemia),Stage III,,Never,Heavy,No,,2019-05-16,Surgery,7.0,,Alive,Medium
ONC-01121,57.0,Other,Breast,Stage II,1.56,Current,None,Yes,27.7,2018-11-05,Radiation Therapy,9.0,6.0,Alive,Medium
ONC-04654,42.0,Other,Ovarian,Stage IV,6.29,Former,Regular,No,24.5,2024-11-12,Surgery,6.0,12.0,Deceased,Critical
ONC-03502,54.0,Other,Ovarian,Stage II,1.65,Never,Heavy,Yes,33.3,,,9.0,10.0,Deceased,High
ONC-02564,48.0,Male,Ovarian,Stage II,7.18,N/A,Heavy,No,,2021-12-03,Combination Therapy,7.0,40.0,Alive,Medium
ONC-03403,76.0,Male,Prostate,Stage II,1.43,Current,Regular,No,29.3,,Palliative Care,10.0,1.0,Alive,Medium
ONC-04104,61.0,,Colorectal,Stage I,0.37,Former,None,,27.3,2020-12-13,Radiation Therapy,5.0,0.0,Deceased,High
ONC-01957,72.0,,Breast,Stage III,0.1,,Regular,Yes,29.7,2015-07-12,Radiation Therapy,5.0,12.0,Deceased,Critical
ONC-05726,30.0,Female,Breast,Stage I,7.46,Former,Occasional,Yes,,2022-12-12,Radiation Therapy,6.0,12.0,Deceased,Low
ONC-03870,79.0,Female,Breast,Stage IV,2.15,Former,,Yes,23.1,2016-07-28,Surgery,4.0,9.0,Deceased,High
ONC-06466,61.0,Male,Blood (Leukemia),Stage I,4.94,Former,Regular,No,28.4,2016-11-03,Combination Therapy,7.0,3.0,Alive,Low
ONC-04137,59.0,,Ovarian,Stage I,1.52,Current,Regular,No,25.1,2015-12-05,Immunotherapy,6.0,1.0,Alive,Low
ONC-05801,67.0,Female,Brain,Stage III,1.31,Never,None,Yes,28.5,2024-09-24,Immunotherapy,6.0,11.0,Deceased,Medium
ONC-07490,49.0,Female,Colorectal,Stage II,3.77,Former,Regular,No,22.3,2024-02-19,Radiation Therapy,,17.0,Deceased,Low
ONC-06956,52.0,Other,Colorectal,,15.65,Current,Heavy,,29.1,,Surgery,5.0,33.0,Alive,Medium
ONC-03137,62.0,Male,Blood (Leukemia),Stage IV,0.13,Current,Heavy,Yes,30.4,,Immunotherapy,7.0,11.0,Alive,High
ONC-00312,60.0,Female,Liver,Stage III,3.14,Never,Occasional,,29.8,2022-03-25,Surgery,1.0,7.0,Alive,Critical
ONC-01632,58.0,Male,Prostate,Stage II,6.58,Never,,No,18.4,2021-07-02,Combination Therapy,9.0,35.0,Deceased,Low
ONC-04261,,Female,Lung,Stage II,,Former,Occasional,Yes,27.5,2015-09-01,Combination Therapy,11.0,1.0,Alive,High
ONC-02068,68.0,Female,Liver,Stage III,1.84,Former,Heavy,Yes,17.2,2015-01-12,Palliative Care,5.0,5.0,Deceased,Critical
ONC-01427,40.0,Female,Prostate,Stage I,3.47,Never,None,No,16.9,2016-06-01,Radiation Therapy,2.0,44.0,Alive,Low
ONC-02003,60.0,,Prostate,Stage I,7.99,,Regular,No,29.0,2024-07-10,Palliative Care,10.0,3.0,,High
ONC-04454,42.0,Other,Lung,Stage III,6.75,Former,None,No,20.0,2015-07-28,Combination Therapy,7.0,27.0,Alive,Low
ONC-02918,78.0,Male,Liver,Stage IV,0.9,Former,Regular,No,28.2,,Immunotherapy,5.0,2.0,Alive,Critical
ONC-03811,67.0,Male,Skin (Melanoma),Stage I,2.55,Never,Occasional,No,28.5,2022-02-06,Surgery,6.0,13.0,Alive,Medium
ONC-05467,72.0,Male,Lung,Stage IV,0.41,,,Yes,21.3,2015-08-04,Combination Therapy,8.0,17.0,Alive,Medium
ONC-06327,60.0,Other,Ovarian,Stage II,4.84,Current,Heavy,No,18.6,2016-01-20,,6.0,7.0,Alive,Low
ONC-02338,30.0,Female,Skin (Melanoma),Stage II,1.53,Former,Occasional,No,28.2,2019-04-18,Surgery,,17.0,Alive,High
ONC-05924,53.0,Other,Prostate,Stage IV,0.36,Never,None,Yes,21.2,,Combination Therapy,5.0,39.0,Alive,Medium
ONC-02441,27.0,Male,Lung,Stage I,5.4,Former,None,Yes,23.7,2019-09-16,Surgery,5.0,1.0,Deceased,High
ONC-00129,41.0,Other,Ovarian,Stage IV,3.69,Never,Occasional,No,,2020-01-24,Chemotherapy,10.0,2.0,Alive,Medium
ONC-01010,35.0,Other,,Stage III,20.0,,Regular,Yes,22.6,2022-08-09,Combination Therapy,8.0,6.0,Alive,Low
ONC-01814,54.0,Female,Lung,Stage IV,6.26,Former,None,Yes,30.7,2021-05-04,Palliative Care,,,Deceased,Critical
ONC-01291,90.0,Female,Colorectal,Stage IV,0.39,,Heavy,No,16.9,2018-06-30,Combination Therapy,6.0,85.0,,High
ONC-04754,72.0,Other,,Stage IV,1.03,Never,None,Yes,15.5,2021-09-09,Combination Therapy,9.0,3.0,Alive,Critical
ONC-05343,58.0,Other,Skin (Melanoma),,3.29,Former,Occasional,,23.0,2022-06-09,Chemotherapy,6.0,6.0,Alive,Low
ONC-03874,47.0,Male,Breast,Stage I,4.79,Current,None,No,25.8,,Combination Therapy,12.0,12.0,Alive,Low
ONC-05198,46.0,Male,Pancreatic,Stage IV,6.93,Never,Regular,Yes,21.2,2021-01-20,Immunotherapy,3.0,13.0,,Medium
ONC-02772,68.0,Male,Lung,Stage I,10.56,Current,Regular,Yes,23.6,2015-03-30,,8.0,9.0,,Low
ONC-00202,54.0,,Blood (Leukemia),Stage I,0.1,Current,Occasional,No,26.0,,Radiation Therapy,2.0,4.0,Alive,Low
ONC-07069,62.0,Other,Lung,Stage III,1.19,Current,Heavy,Yes,27.4,2020-11-22,Combination Therapy,8.0,10.0,Alive,Medium
ONC-07388,,Male,Lung,Stage II,3.83,,Occasional,Yes,25.7,2019-07-25,Immunotherapy,8.0,21.0,Alive,High
ONC-05518,53.0,Male,Blood (Leukemia),Stage IV,5.2,Current,Heavy,No,25.9,,Surgery,5.0,8.0,Deceased,Critical
ONC-07356,66.0,,Lung,Stage I,3.49,Never,Heavy,,22.5,2020-07-23,Immunotherapy,3.0,8.0,Deceased,Low
ONC-00955,,Male,Lung,Stage IV,7.7,Never,Heavy,No,31.4,2023-08-26,,5.0,50.0,,Critical
ONC-02419,52.0,Male,Brain,Stage III,5.82,Never,Heavy,Yes,28.4,2021-09-04,Radiation Therapy,3.0,5.0,Alive,Medium
ONC-04021,,Female,Breast,Stage IV,1.67,Former,Heavy,No,30.9,2019-05-26,Immunotherapy,2.0,7.0,Alive,
ONC-00830,,Female,Skin (Melanoma),Stage III,2.35,Former,,Yes,24.8,2023-06-13,Combination Therapy,5.0,0.0,Alive,High
ONC-02362,39.0,Other,Prostate,Stage II,0.55,Current,Heavy,,33.8,2020-05-24,,9.0,0.0,Deceased,High
ONC-07083,58.0,Other,,Stage II,1.01,Current,None,Yes,18.7,2020-10-15,Palliative Care,2.0,37.0,Alive,Low
ONC-04690,55.0,,Prostate,,4.62,Never,None,,22.4,2018-09-11,Chemotherapy,5.0,12.0,Alive,Low
ONC-03908,33.0,Other,Pancreatic,Stage III,9.11,Former,Regular,No,31.1,2021-10-12,Palliative Care,8.0,5.0,Deceased,High
ONC-00971,81.0,Male,Blood (Leukemia),Stage I,5.61,Current,,No,23.1,2017-08-14,,10.0,52.0,,Medium
ONC-00203,62.0,Female,,Stage IV,2.52,Current,None,Yes,32.7,2016-02-01,Immunotherapy,4.0,6.0,Alive,Critical
ONC-05822,42.0,Other,Skin (Melanoma),Stage III,2.79,Former,None,No,14.0,2021-07-13,,7.0,0.0,Alive,Medium
ONC-00983,56.0,Female,Liver,Stage I,0.31,Never,Occasional,Yes,18.7,2022-11-08,Palliative Care,9.0,33.0,Alive,Critical
ONC-03697,78.0,Female,Brain,,0.71,Current,Heavy,,32.8,2016-02-28,Palliative Care,7.0,21.0,Deceased,Critical
ONC-03319,56.0,Male,Skin (Melanoma),Stage II,0.26,Former,Regular,No,27.3,,Palliative Care,4.0,3.0,Alive,Low
ONC-06359,56.0,,Breast,Stage III,1.26,,Regular,Yes,35.9,2022-03-03,Radiation Therapy,6.0,43.0,Alive,High
ONC-04913,31.0,Male,Pancreatic,Stage II,3.01,Never,None,No,22.8,2017-02-28,Radiation Therapy,3.0,47.0,Alive,Medium
ONC-02381,42.0,Other,Pancreatic,Stage II,13.09,Never,Occasional,Yes,29.5,2020-06-16,Radiation Therapy,4.0,6.0,Alive,Medium
ONC-02487,61.0,Female,Liver,Stage I,1.75,Former,Heavy,Yes,22.4,2015-03-05,Combination Therapy,5.0,3.0,Alive,Low
ONC-06563,45.0,Other,Blood (Leukemia),Stage III,0.97,Never,Occasional,,33.6,2020-12-03,Palliative Care,8.0,13.0,Alive,Low
ONC-05959,70.0,Female,Blood (Leukemia),Stage II,0.88,Never,Regular,Yes,30.4,2022-12-23,Palliative Care,2.0,7.0,Deceased,Medium
ONC-03098,36.0,Other,Blood (Leukemia),Stage IV,1.5,Never,Heavy,Yes,16.1,2020-10-04,Chemotherapy,4.0,21.0,Deceased,Critical
ONC-07238,53.0,Male,Skin (Melanoma),Stage II,3.19,Former,Regular,No,26.9,2024-06-10,Combination Therapy,,44.0,Alive,High
ONC-03090,48.0,Female,Skin (Melanoma),Stage I,3.02,Current,Occasional,No,35.8,,Palliative Care,5.0,,Alive,Low
ONC-01188,58.0,Other,Skin (Melanoma),Stage IV,2.7,Former,Heavy,No,29.7,2021-10-17,Palliative Care,,27.0,Alive,Medium
ONC-04448,55.0,Female,Brain,Stage I,2.87,,Regular,Yes,31.3,,Immunotherapy,6.0,48.0,Alive,
ONC-03920,39.0,Other,Skin (Melanoma),Stage IV,5.84,Current,Heavy,No,,2017-06-06,Immunotherapy,7.0,9.0,Alive,Critical
ONC-05852,,Female,Liver,Stage II,2.84,Current,Occasional,Yes,32.9,2018-04-23,Radiation Therapy,9.0,49.0,Alive,Medium
ONC-01596,60.0,Female,Blood (Leukemia),Stage IV,1.9,Never,Heavy,Yes,25.4,2020-04-29,Radiation Therapy,7.0,19.0,,Critical
ONC-04093,63.0,Female,Breast,Stage IV,3.84,Never,Regular,No,28.8,2015-12-09,Radiation Therapy,8.0,0.0,Alive,High
ONC-00043,63.0,Female,Breast,Stage I,1.3,Never,Regular,,35.4,2016-03-20,Combination Therapy,10.0,30.0,Alive,Medium
ONC-01975,66.0,,Liver,Stage II,0.36,Current,Occasional,No,20.7,2016-11-26,,9.0,64.0,Alive,Low
ONC-03348,48.0,Female,Breast,Stage IV,1.9,Current,Heavy,Yes,30.0,2016-09-22,Chemotherapy,4.0,14.0,Deceased,High
ONC-07231,57.0,Male,Ovarian,Stage III,2.01,Current,None,No,22.8,2020-11-22,Palliative Care,6.0,5.0,Alive,Critical
ONC-05169,44.0,Female,Skin (Melanoma),Stage III,4.61,Former,Occasional,Yes,21.1,2021-08-14,Chemotherapy,4.0,,Alive,Low
ONC-01274,39.0,Other,Lung,Stage III,1.17,Never,None,,27.9,2017-04-30,Immunotherapy,6.0,9.0,Alive,Medium
ONC-02183,61.0,Male,Liver,Stage III,5.68,Current,Occasional,,28.6,2022-05-03,Radiation Therapy,6.0,0.0,Alive,High
ONC-00575,60.0,Other,,Stage II,0.55,Current,Occasional,Yes,40.6,2018-06-19,-,3.0,10.0,Deceased,Medium
ONC-01921,57.0,Male,Lung,Stage III,2.58,Former,None,,20.6,2022-04-02,Combination Therapy,5.0,4.0,Deceased,High
ONC-07393,55.0,Male,Liver,Stage III,0.1,Current,Occasional,No,21.6,2017-05-23,,4.0,,Alive,Medium
ONC-00857,27.0,Other,Breast,Stage III,6.56,Never,Regular,No,20.1,2016-02-09,Radiation Therapy,9.0,10.0,,Medium
ONC-05943,50.0,Male,Colorectal,Stage III,2.95,Never,None,No,,2019-09-16,Combination Therapy,,17.0,Deceased,High
ONC-01809,58.0,Other,Lung,Stage I,3.38,Former,,Yes,,2015-09-29,Immunotherapy,10.0,6.0,Alive,Medium
ONC-02621,51.0,Other,Liver,Stage II,1.78,Never,,No,31.6,,Chemotherapy,9.0,3.0,Alive,Medium
ONC-04915,61.0,Male,,Stage IV,,Never,Heavy,Yes,25.5,2017-11-11,Immunotherapy,3.0,3.0,Alive,High
ONC-05995,36.0,Other,Colorectal,Stage III,6.79,Never,Regular,Yes,40.6,,Radiation Therapy,7.0,21.0,Alive,Medium
ONC-01847,,,Liver,Stage III,,Former,,No,19.9,2024-07-14,Combination Therapy,7.0,29.0,Alive,Medium
ONC-04972,76.0,Other,Skin (Melanoma),Stage I,0.85,Current,Regular,No,27.1,2017-04-13,Combination Therapy,7.0,45.0,,High
ONC-04035,70.0,Male,Colorectal,Stage I,6.18,Never,Occasional,Yes,27.5,2024-02-15,Immunotherapy,3.0,3.0,Alive,Low
ONC-04200,50.0,Female,Brain,,4.87,Current,Regular,Yes,22.6,2021-06-24,Radiation Therapy,6.0,3.0,Alive,
ONC-06197,65.0,Male,Skin (Melanoma),Stage II,1.15,Never,Occasional,Yes,26.5,2017-04-08,Palliative Care,9.0,19.0,Deceased,High
ONC-02459,50.0,Female,Liver,Stage I,7.71,Current,,No,18.1,2017-11-16,Immunotherapy,10.0,15.0,Deceased,Low
ONC-04890,54.0,Male,Brain,Stage III,20.0,Former,Regular,No,28.8,2022-08-13,Surgery,3.0,26.0,Alive,Medium
ONC-04701,63.0,Other,Skin (Melanoma),Stage III,2.96,Never,Regular,Yes,27.7,2023-06-16,Combination Therapy,4.0,17.0,Alive,Critical
ONC-00989,66.0,Female,Breast,Stage I,2.25,Never,None,Yes,22.8,,Palliative Care,8.0,7.0,Alive,Low
ONC-05330,56.0,Male,Brain,Stage IV,2.59,,Occasional,Yes,17.6,2016-05-11,Radiation Therapy,,14.0,Alive,Medium
ONC-07078,,Other,Prostate,Stage III,0.93,Former,None,Yes,,2017-05-14,Palliative Care,6.0,15.0,Alive,Critical
ONC-01434,,Male,Pancreatic,Stage II,1.48,Former,Occasional,No,24.7,2019-05-21,Combination Therapy,5.0,0.0,Alive,High
ONC-04481,,Other,Colorectal,Stage I,1.67,Never,Regular,Yes,21.5,2018-05-23,Surgery,5.0,26.0,Deceased,Low
ONC-04990,55.0,Other,Brain,Stage II,6.37,Never,,Yes,26.3,2023-11-10,,6.0,45.0,Alive,High
ONC-04153,67.0,Other,Lung,Stage II,1.75,Former,None,Yes,26.5,2015-11-30,Chemotherapy,7.0,,Alive,Medium
ONC-00712,51.0,Male,Liver,Stage III,1.43,Former,Regular,No,32.4,2018-06-15,Immunotherapy,7.0,4.0,Deceased,Medium
ONC-02373,52.0,Female,Lung,Stage IV,1.5,Current,Heavy,No,32.2,2019-07-14,Palliative Care,5.0,71.0,Deceased,High
ONC-03851,28.0,,Colorectal,Stage II,,Never,Heavy,Yes,23.3,2017-09-13,Surgery,5.0,14.0,Deceased,Critical
ONC-04452,62.0,Male,Brain,Stage IV,0.59,Current,,Yes,25.4,2023-03-08,Surgery,7.0,,Alive,High
ONC-03566,67.0,Male,Ovarian,Stage III,0.19,Never,Occasional,No,16.0,2023-10-23,Immunotherapy,3.0,27.0,Alive,Medium
ONC-05939,50.0,Male,Breast,Stage III,4.84,Current,Regular,No,31.0,2017-08-10,Surgery,2.0,53.0,,Critical
ONC-01019,70.0,Other,Liver,,0.96,Current,None,No,24.9,,,4.0,4.0,Alive,High
ONC-03888,49.0,Male,Skin (Melanoma),Stage I,0.95,Current,,Yes,23.5,,Immunotherapy,7.0,4.0,Alive,Medium
ONC-07466,68.0,Female,Colorectal,Stage III,4.77,Current,Occasional,Yes,25.0,2015-07-15,Surgery,9.0,8.0,Alive,Medium
ONC-03297,73.0,Male,,Stage II,1.1,Never,None,Yes,28.8,2024-12-16,Immunotherapy,6.0,1.0,Alive,Medium
ONC-02964,57.0,,Blood (Leukemia),Stage I,2.08,Current,Heavy,No,24.1,,Radiation Therapy,,1.0,Deceased,High
ONC-04404,73.0,Female,Colorectal,Stage II,2.38,Former,,No,22.8,2017-07-26,Chemotherapy,6.0,21.0,Deceased,Medium
ONC-03462,28.0,Other,Blood (Leukemia),Stage II,0.1,Former,Occasional,Yes,21.5,2015-11-05,Immunotherapy,6.0,30.0,Deceased,Medium
ONC-04910,,Other,Colorectal,Stage II,2.27,Former,Heavy,Yes,25.0,2022-03-10,Palliative Care,4.0,52.0,Deceased,High
ONC-04138,48.0,Other,Blood (Leukemia),,4.18,Current,,No,25.5,2024-05-18,Immunotherapy,4.0,57.0,Alive,Medium
ONC-06103,85.0,Male,Skin (Melanoma),Stage IV,,Current,Heavy,Yes,31.7,2018-04-15,Combination Therapy,6.0,2.0,Alive,High
ONC-05502,35.0,Male,Colorectal,Stage IV,0.53,Former,,No,29.5,2019-09-06,Radiation Therapy,4.0,8.0,Deceased,High
ONC-02044,59.0,Other,Pancreatic,Stage IV,6.8,Never,Heavy,No,27.6,,Palliative Care,2.0,13.0,Alive,High
ONC-01682,75.0,Male,Ovarian,Stage III,6.5,Former,None,No,24.1,2016-10-03,Immunotherapy,3.0,24.0,Alive,Critical
ONC-04979,51.0,Female,Lung,Stage II,1.69,Former,None,Yes,23.3,,Combination Therapy,,12.0,Alive,Medium
ONC-01970,24.0,Female,Pancreatic,Stage III,2.1,Current,Heavy,,33.7,2020-03-04,Combination Therapy,9.0,9.0,Alive,Medium
ONC-04795,,Male,Brain,,0.57,Former,None,,29.3,2019-11-04,Immunotherapy,3.0,4.0,Alive,Medium
ONC-06337,56.0,Other,Ovarian,Stage II,2.45,Current,Occasional,Yes,31.9,2021-02-08,Immunotherapy,9.0,1.0,,Medium
ONC-02052,55.0,,,Stage III,1.3,Current,Heavy,No,25.6,,Combination Therapy,5.0,1.0,Deceased,High
ONC-07130,25.0,Other,Prostate,Stage II,0.64,Former,None,No,29.5,2018-06-03,,5.0,28.0,Alive,High
ONC-04312,27.0,Female,Prostate,Stage III,9.03,,Heavy,No,30.6,2018-03-30,Surgery,5.0,39.0,,Low
ONC-02147,62.0,Other,Liver,Stage I,,Never,None,Yes,30.7,2016-08-02,Palliative Care,2.0,7.0,Deceased,Low
ONC-02323,79.0,Male,,Stage II,,Never,None,No,31.8,,Palliative Care,6.0,16.0,Alive,Critical
ONC-02697,84.0,Female,Colorectal,Stage III,1.18,Former,Occasional,No,26.3,2022-03-16,,4.0,73.0,Deceased,High
ONC-02483,60.0,Other,Colorectal,Stage I,17.38,Never,None,No,22.5,2016-10-14,Immunotherapy,4.0,59.0,Alive,Low
ONC-01371,22.0,Other,Pancreatic,Stage I,4.15,Never,Occasional,No,25.0,,Surgery,3.0,30.0,Alive,Medium
ONC-01567,49.0,,Liver,Stage II,4.63,Former,Regular,Yes,,2018-09-01,Radiation Therapy,,13.0,Alive,High
ONC-03597,44.0,Male,Blood (Leukemia),Stage IV,0.92,,Occasional,,19.3,2016-08-29,Radiation Therapy,7.0,5.0,Alive,Critical
ONC-03772,48.0,Male,Breast,Stage III,4.84,,Regular,,32.5,2016-08-25,Palliative Care,,15.0,Deceased,Medium
ONC-03963,,Female,Pancreatic,Stage IV,2.25,Current,Heavy,No,21.2,2019-06-30,,1.0,5.0,Alive,Critical
ONC-04355,,Other,Liver,Stage IV,1.79,Former,Occasional,,32.7,2023-07-03,Palliative Care,4.0,,,Critical
ONC-01517,66.0,Other,Brain,Stage III,2.26,,Occasional,No,32.6,2015-03-23,Immunotherapy,,27.0,Deceased,Critical
ONC-03994,63.0,Other,Colorectal,Stage II,0.71,Current,Occasional,No,17.2,2017-01-04,Immunotherapy,6.0,4.0,Deceased,High
ONC-05863,,Female,Lung,Stage I,0.1,Never,Regular,No,30.5,,Immunotherapy,6.0,11.0,Deceased,Low
ONC-03907,67.0,,Ovarian,Stage III,7.49,Former,Regular,Yes,23.0,2022-09-09,Chemotherapy,7.0,1.0,Alive,Critical
ONC-02187,48.0,Male,Blood (Leukemia),Stage III,5.94,Current,Regular,,22.0,2017-03-07,Chemotherapy,7.0,4.0,Deceased,High
ONC-03309,63.0,Other,Brain,Stage IV,2.47,,Regular,No,19.0,2023-11-05,Palliative Care,4.0,7.0,Alive,Low
ONC-03732,42.0,,Skin (Melanoma),Stage III,2.2,Never,Regular,No,24.6,2018-09-04,Combination Therapy,5.0,26.0,Alive,High
ONC-05252,69.0,Other,Blood (Leukemia),Stage II,0.76,Current,Occasional,Yes,25.1,2018-11-12,Palliative Care,6.0,11.0,Deceased,Low
ONC-01038,,Other,Brain,Stage I,5.65,Never,Occasional,No,23.1,2016-02-09,Surgery,5.0,26.0,Deceased,Low
ONC-02438,47.0,Female,Prostate,Stage IV,,Former,None,No,30.1,2019-10-29,Chemotherapy,1.0,5.0,Alive,High
ONC-03000,52.0,Male,Skin (Melanoma),Stage III,1.53,Never,Heavy,No,20.7,2015-11-26,Surgery,5.0,23.0,Alive,Critical
ONC-01511,64.0,Other,Prostate,Stage IV,0.1,Current,None,Yes,23.4,2023-10-29,Surgery,10.0,5.0,Alive,High
ONC-00412,60.0,Male,,Stage I,0.45,Never,Occasional,Yes,37.1,2018-09-08,Radiation Therapy,11.0,,Deceased,Medium
ONC-06377,73.0,Female,Brain,Stage II,4.68,Former,Regular,Yes,20.7,2020-08-16,,2.0,4.0,Alive,Medium
ONC-06172,65.0,Male,Skin (Melanoma),Stage III,1.36,Current,None,Yes,31.9,2015-01-24,Immunotherapy,8.0,9.0,Alive,
ONC-04076,48.0,Male,Colorectal,Stage II,0.44,,,Yes,30.8,2024-07-22,,,3.0,Alive,High
ONC-01302,60.0,,Skin (Melanoma),Stage I,0.12,Former,Occasional,No,28.3,2016-12-09,Palliative Care,6.0,,Deceased,Low
ONC-03260,59.0,Male,Blood (Leukemia),Stage III,2.9,Current,None,No,28.7,2023-09-15,Palliative Care,,,Alive,Critical
ONC-05393,47.0,Female,Liver,Stage II,12.81,Former,Heavy,,30.2,,Surgery,8.0,36.0,Alive,Medium
ONC-01318,55.0,,Brain,Stage II,0.37,Never,,No,24.5,2023-11-04,Surgery,3.0,21.0,Deceased,Critical
ONC-03317,63.0,Male,Ovarian,Stage II,1.22,Never,,No,29.6,2020-12-17,Combination Therapy,6.0,55.0,Alive,Medium
ONC-00778,51.0,Other,Lung,Stage I,3.76,Current,Occasional,No,30.0,2023-11-21,Radiation Therapy,6.0,15.0,Alive,Low
ONC-06537,65.0,Male,Skin (Melanoma),Stage II,1.61,Never,Regular,,24.9,2017-06-07,Surgery,8.0,7.0,Alive,Low
ONC-06942,57.0,Other,Brain,,6.8,Never,,No,29.3,2024-06-14,,2.0,15.0,Alive,Medium
ONC-04672,73.0,,Prostate,Stage III,1.39,Never,Occasional,No,18.6,2016-01-29,Palliative Care,5.0,9.0,Alive,High
ONC-04855,61.0,Male,Blood (Leukemia),Stage IV,3.11,Never,None,Yes,30.2,2022-09-11,Chemotherapy,5.0,32.0,Alive,High
ONC-02368,44.0,,Colorectal,Stage III,3.96,Never,Regular,Yes,27.9,2023-04-02,Surgery,12.0,1.0,Deceased,High
ONC-02477,,Female,Lung,Stage III,,Never,None,No,36.0,2017-11-24,Combination Therapy,5.0,2.0,Alive,Critical
ONC-04891,42.0,Female,,,1.6,Current,Regular,Yes,24.2,2021-03-17,Surgery,7.0,,Alive,Critical
ONC-05414,76.0,Female,Ovarian,Stage II,0.8,Never,Heavy,Yes,28.7,2023-12-14,Combination Therapy,4.0,1.0,Alive,Low
ONC-04170,52.0,Male,Colorectal,Stage III,3.34,Current,None,Yes,27.5,2016-09-28,Palliative Care,0.0,17.0,Alive,High
ONC-00026,51.0,Female,Breast,Stage II,0.13,Former,Heavy,No,26.4,2019-09-29,Palliative Care,5.0,31.0,Deceased,Medium
ONC-03393,47.0,Male,Brain,Stage III,0.99,Never,Occasional,No,27.7,2024-04-09,Combination Therapy,7.0,6.0,Alive,High
ONC-01409,59.0,,Liver,Stage IV,1.0,Former,Regular,,22.3,2024-05-19,Surgery,14.0,5.0,Alive,Critical
ONC-05223,57.0,Other,Skin (Melanoma),Stage I,4.19,Former,None,Yes,,2017-12-06,Chemotherapy,8.0,22.0,,Low
ONC-01140,61.0,Female,Breast,Stage I,3.55,Never,Regular,No,19.6,2022-09-18,Combination Therapy,12.0,24.0,Deceased,Low
ONC-00506,78.0,Other,Prostate,Stage II,2.7,Never,None,No,19.7,2024-01-07,Chemotherapy,4.0,20.0,Alive,Critical
ONC-01561,,Other,Liver,Stage IV,0.1,Never,Occasional,No,24.8,2016-10-13,Surgery,6.0,11.0,Deceased,Critical
ONC-06147,66.0,,Skin (Melanoma),Stage IV,6.66,Never,Occasional,No,30.3,2024-09-14,Combination Therapy,8.0,2.0,Alive,Critical
ONC-01121,57.0,Other,Breast,Stage II,1.56,Current,None,Yes,27.7,2018-11-05,Radiation Therapy,10.0,6.0,Alive,Medium
ONC-06550,65.0,Female,Breast,Stage I,6.3,Current,Occasional,No,22.3,,Palliative Care,5.0,3.0,Alive,Low
ONC-04683,54.0,Other,Liver,Stage I,8.55,Current,Heavy,Yes,26.8,2019-04-22,Radiation Therapy,9.0,,Alive,Medium
ONC-00602,74.0,Male,Colorectal,Stage III,1.13,Never,,No,18.6,2022-01-05,Surgery,5.0,43.0,Deceased,Critical
ONC-04708,64.0,Other,Liver,Stage IV,2.09,Never,Regular,,26.1,2020-06-11,Chemotherapy,7.0,,Alive,High
ONC-03942,37.0,Male,,Stage IV,2.7,Former,,No,22.1,2018-11-12,Surgery,4.0,1.0,Deceased,Low
ONC-05186,36.0,Female,Lung,Stage III,0.95,Current,Occasional,Yes,21.3,2021-12-10,Palliative Care,7.0,11.0,Alive,High
ONC-02738,64.0,Male,Ovarian,Stage II,0.8,,Heavy,Yes,22.2,2022-07-22,Chemotherapy,3.0,40.0,,Low
ONC-05632,56.0,Female,Liver,Stage IV,3.16,Current,Regular,Yes,25.8,2020-08-08,Radiation Therapy,7.0,6.0,Deceased,Critical
ONC-03852,71.0,Male,Blood (Leukemia),Stage III,0.85,Never,Occasional,Yes,34.1,2020-09-17,Surgery,4.0,38.0,,High
ONC-05505,53.0,Female,Brain,Stage IV,0.99,Never,None,No,20.1,2021-07-27,Palliative Care,8.0,38.0,Alive,Critical
ONC-02614,,Other,Colorectal,Stage I,2.95,Never,Heavy,Yes,18.0,2018-04-22,Chemotherapy,2.0,13.0,Deceased,Low
ONC-00349,61.0,Female,Blood (Leukemia),Stage I,3.48,Current,Occasional,Yes,29.5,,Immunotherapy,10.0,9.0,Alive,Medium
ONC-04982,,Other,Brain,Stage II,20.0,Current,Occasional,,,2019-06-01,Immunotherapy,5.0,0.0,Deceased,High
ONC-04406,76.0,Male,Prostate,,1.99,Current,Heavy,Yes,26.0,2018-03-26,Radiation Therapy,,83.0,Alive,Medium
ONC-07230,40.0,,Prostate,Stage I,2.48,Current,Regular,Yes,27.9,2018-01-29,Chemotherapy,9.0,21.0,Alive,
ONC-04879,81.0,Other,Prostate,Stage III,5.83,Current,Heavy,No,24.0,2019-10-07,Combination Therapy,3.0,,Deceased,Critical
ONC-07420,45.0,Female,Brain,Stage IV,5.24,Never,Heavy,Yes,33.3,2016-11-01,Chemotherapy,1.0,16.0,Alive,Critical
ONC-06459,70.0,Other,Skin (Melanoma),Stage III,1.06,Former,Occasional,Yes,26.0,2021-09-09,Immunotherapy,,47.0,Alive,
ONC-00630,,,Skin (Melanoma),Stage IV,2.17,Never,None,No,32.6,2024-07-03,Chemotherapy,7.0,6.0,Deceased,Critical
ONC-06932,64.0,Female,Colorectal,Stage III,3.27,,Heavy,No,29.9,2022-06-18,Unknown,6.0,26.0,Alive,Medium
ONC-02549,60.0,,,Stage I,0.42,Current,Heavy,No,28.8,2022-01-21,Radiation Therapy,9.0,15.0,Alive,Medium
ONC-06227,59.0,Female,Prostate,Stage I,2.08,Current,None,No,28.9,,Chemotherapy,8.0,12.0,,Low
ONC-00409,28.0,Female,Pancreatic,Stage II,1.95,,Occasional,Yes,26.2,2015-02-22,Palliative Care,7.0,18.0,,Medium
ONC-03392,48.0,Male,Breast,Stage III,0.94,Current,Regular,No,21.5,2022-08-06,Immunotherapy,3.0,18.0,Deceased,Critical
ONC-00165,,,Breast,Stage IV,2.73,Former,Occasional,No,29.6,2015-12-01,Radiation Therapy,8.0,16.0,Alive,Medium
ONC-07408,48.0,,Breast,Stage IV,0.21,Former,Occasional,No,22.3,2017-05-18,Chemotherapy,5.0,3.0,,High
ONC-02337,47.0,Other,Liver,Stage III,4.83,Former,Regular,,25.1,2023-02-19,Surgery,6.0,1.0,Deceased,Medium
ONC-04050,,Female,Lung,Stage III,12.97,,Occasional,No,22.5,2019-12-18,Chemotherapy,7.0,8.0,Deceased,Medium
ONC-06066,84.0,Male,Lung,Stage I,6.7,,None,No,21.1,,Palliative Care,8.0,0.0,Deceased,Low
ONC-05746,88.0,Male,Brain,Stage II,1.86,Current,,No,28.1,2024-03-08,Immunotherapy,8.0,8.0,Alive,Low
ONC-06069,81.0,Female,Ovarian,Stage IV,5.35,Never,Regular,No,15.1,2019-07-09,,5.0,1.0,Alive,Critical
ONC-02427,,,Blood (Leukemia),Stage III,3.71,Never,Occasional,No,30.4,2022-01-17,Palliative Care,6.0,4.0,Alive,Critical
ONC-01088,57.0,Other,Skin (Melanoma),Stage IV,0.57,Current,Occasional,No,27.9,2019-02-11,Combination Therapy,7.0,11.0,Deceased,High
ONC-05819,44.0,Other,Liver,Stage I,0.62,Never,,No,24.7,2015-11-10,Radiation Therapy,6.0,19.0,Deceased,Low
ONC-05282,39.0,Female,Ovarian,Stage IV,0.46,Never,Occasional,Yes,28.9,,Palliative Care,6.0,17.0,Deceased,High
ONC-03771,45.0,Female,Blood (Leukemia),Stage II,2.81,Former,None,No,25.4,2024-07-23,Immunotherapy,3.0,7.0,,High
ONC-06369,29.0,Female,Pancreatic,Stage III,0.32,,Heavy,No,25.5,2015-04-06,Immunotherapy,6.0,11.0,Alive,Medium
ONC-05964,,Female,Breast,,0.68,Former,Regular,Yes,35.2,2016-03-10,,3.0,21.0,Alive,Medium
ONC-05851,55.0,Other,Colorectal,Stage II,5.85,Former,Regular,Yes,24.7,2017-12-08,Chemotherapy,8.0,10.0,Deceased,Low
ONC-04391,52.0,Other,,Stage II,1.52,Never,Heavy,,25.9,2019-09-20,Surgery,,18.0,Alive,Medium
ONC-05062,46.0,Other,Ovarian,Stage IV,4.86,Never,Regular,No,28.6,2016-08-16,Radiation Therapy,7.0,14.0,Deceased,High
ONC-05919,90.0,,Lung,Stage III,,,Regular,Yes,26.3,2021-08-03,Combination Therapy,3.0,28.0,Deceased,High
ONC-07404,52.0,,Breast,Stage I,3.14,Former,None,,30.6,2021-08-22,Palliative Care,8.0,5.0,Alive,Low
ONC-02915,60.0,Female,Skin (Melanoma),Stage III,0.46,Never,Heavy,No,21.5,2018-10-18,Immunotherapy,10.0,2.0,Deceased,High
ONC-02861,25.0,Male,Pancreatic,,0.49,Former,Occasional,No,19.0,2022-04-21,Palliative Care,5.0,2.0,Alive,Low
ONC-02364,72.0,Other,Breast,Stage II,2.04,Never,Regular,No,33.5,,Combination Therapy,6.0,4.0,,High
ONC-04625,,Male,Prostate,,4.53,Current,None,Yes,24.6,2022-10-24,Immunotherapy,10.0,3.0,Alive,High
ONC-03882,55.0,Other,Ovarian,Stage II,8.07,,Regular,No,15.0,2015-04-02,Radiation Therapy,5.0,70.0,Deceased,Low
ONC-06065,41.0,Female,,,0.18,Former,,Yes,26.8,2024-06-06,,6.0,8.0,Alive,Medium
ONC-04124,34.0,Male,Liver,Stage IV,0.98,,None,Yes,32.9,2015-12-24,,,0.0,Alive,Medium
ONC-06482,55.0,Other,Lung,Stage I,9.63,Current,,No,30.1,2019-07-05,Surgery,,36.0,Deceased,Low
ONC-05770,55.0,Other,Breast,Stage I,6.68,Current,None,No,21.5,2019-02-07,Combination Therapy,4.0,4.0,Deceased,Low
ONC-00275,54.0,Other,Liver,Stage III,3.1,Never,Occasional,Yes,27.4,2023-02-26,Immunotherapy,4.0,21.0,,Medium
ONC-01073,74.0,Male,Breast,Stage II,,Former,Heavy,No,29.4,2021-03-19,Palliative Care,9.0,13.0,Deceased,Medium
ONC-05171,76.0,Male,Breast,,1.84,Current,Occasional,Yes,24.7,2022-03-17,Immunotherapy,4.0,38.0,Alive,High
ONC-04340,64.0,Other,Brain,Stage IV,6.04,Never,Occasional,No,,2022-06-13,Combination Therapy,7.0,3.0,Alive,High
ONC-00676,36.0,Other,Brain,Stage III,1.35,Current,,No,26.3,2023-08-22,Palliative Care,2.0,16.0,Alive,Critical
ONC-07074,,Female,Skin (Melanoma),Stage III,0.42,Never,Regular,No,36.3,2023-05-07,Surgery,5.0,31.0,,Medium
ONC-03383,67.0,Female,Brain,Stage IV,0.62,Never,Regular,,22.7,2019-04-21,Palliative Care,,6.0,Alive,Critical
ONC-06853,49.0,Other,Breast,Stage III,8.25,Never,Heavy,No,25.4,2024-10-05,,3.0,10.0,Alive,Low
ONC-03705,48.0,Other,,Stage IV,5.26,Never,Heavy,No,28.1,2016-06-27,Chemotherapy,8.0,13.0,Alive,Critical
ONC-00586,52.0,Female,Skin (Melanoma),Stage IV,5.77,Current,None,Yes,21.7,2020-03-13,Palliative Care,4.0,5.0,Alive,High
ONC-00838,54.0,Female,Ovarian,Stage I,2.44,Former,Regular,Yes,22.1,2015-07-15,Palliative Care,7.0,0.0,Deceased,Medium
ONC-04807,44.0,Female,Brain,Stage IV,1.04,Current,None,Yes,27.8,,Palliative Care,4.0,61.0,Deceased,Critical
ONC-04400,44.0,Female,Breast,Stage I,2.18,Unknown,Heavy,No,26.9,,Radiation Therapy,6.0,21.0,,High
ONC-02616,62.0,Male,Prostate,Stage II,6.1,,None,,,2024-11-29,Chemotherapy,4.0,12.0,Alive,Medium
ONC-05347,43.0,Male,Prostate,Stage III,5.39,Never,None,Yes,31.9,2016-04-08,Chemotherapy,4.0,24.0,,Critical
ONC-02966,73.0,,,Stage II,1.08,Never,Heavy,No,35.1,,Radiation Therapy,6.0,1.0,Deceased,Medium
ONC-01438,77.0,Other,Brain,Stage IV,4.26,Former,Regular,Yes,31.2,2019-04-12,Radiation Therapy,5.0,20.0,Alive,High
ONC-01554,49.0,Female,Breast,,3.95,Never,Regular,No,29.3,,Chemotherapy,,10.0,Alive,Medium
ONC-00817,59.0,Other,Liver,Stage IV,1.0,Current,Regular,Yes,23.9,2020-06-19,Immunotherapy,5.0,6.0,Alive,Critical
ONC-01244,78.0,Male,Ovarian,Stage III,0.36,Never,Regular,No,25.8,2018-10-29,Surgery,12.0,1.0,Alive,Critical
ONC-04313,60.0,Other,Colorectal,Stage III,1.42,Current,Heavy,Yes,16.2,2018-07-26,Combination Therapy,8.0,,Alive,Critical
ONC-05054,51.0,,Breast,,14.7,Current,Occasional,No,22.0,2023-04-18,Surgery,4.0,4.0,Alive,Medium
ONC-00303,43.0,Female,Pancreatic,Stage III,1.98,Former,Occasional,No,33.2,,Radiation Therapy,3.0,0.0,Deceased,Medium
ONC-02620,50.0,Female,Lung,Stage III,0.28,Former,None,No,29.5,2019-02-22,Combination Therapy,7.0,0.0,Deceased,High
ONC-07468,33.0,Female,Prostate,Stage I,1.48,Current,Regular,Yes,19.8,,Radiation Therapy,,,Alive,High
ONC-02679,78.0,Other,,Stage II,6.19,Former,None,Yes,31.8,2016-10-10,Chemotherapy,4.0,37.0,Deceased,Medium
ONC-02486,52.0,Other,Skin (Melanoma),Stage I,1.52,Never,,Yes,23.7,2023-01-24,Combination Therapy,8.0,6.0,Deceased,Low
ONC-03937,66.0,Male,Liver,Stage IV,0.87,Former,Heavy,No,26.3,2020-12-22,Radiation Therapy,2.0,7.0,Alive,High
ONC-07439,45.0,Female,Ovarian,Stage I,,Never,Occasional,Yes,28.6,2016-10-18,Immunotherapy,4.0,33.0,Alive,Low
ONC-03163,,Male,Blood (Leukemia),Stage III,0.99,,None,No,28.4,2020-09-10,Immunotherapy,4.0,17.0,Alive,High
ONC-01064,53.0,Female,Blood (Leukemia),Stage II,5.04,Former,Regular,No,22.0,,Immunotherapy,7.0,16.0,Alive,
ONC-00873,73.0,Other,Breast,Stage II,0.31,Former,None,No,21.1,2021-05-20,Combination Therapy,,30.0,Alive,Critical
ONC-02820,44.0,Other,Liver,Stage I,11.35,Current,Heavy,Yes,26.0,2019-03-21,Radiation Therapy,8.0,4.0,Deceased,
ONC-06483,31.0,Female,Lung,Stage II,11.38,Former,Heavy,Yes,21.6,2019-06-28,Chemotherapy,3.0,65.0,Alive,Medium
ONC-00953,,Male,Colorectal,,10.83,Never,Regular,No,26.0,2019-07-16,Immunotherapy,6.0,2.0,Deceased,High
ONC-00160,,Male,Brain,Stage II,1.08,Former,Regular,Yes,29.6,2019-12-25,Combination Therapy,,,Alive,Medium
ONC-07047,63.0,Other,,Stage II,3.31,Former,Occasional,,26.0,2022-10-01,Combination Therapy,9.0,2.0,Deceased,Low
ONC-00924,60.0,Other,Liver,Stage II,1.36,,Heavy,No,28.9,2021-06-17,Surgery,1.0,5.0,Deceased,Medium
ONC-02771,53.0,Female,Prostate,Stage I,0.1,Current,Regular,No,,2019-08-24,Chemotherapy,2.0,27.0,Deceased,Medium
ONC-04156,56.0,,Breast,Stage III,5.53,Current,Occasional,,27.4,2023-07-18,Radiation Therapy,5.0,1.0,Deceased,High
ONC-07143,70.0,Female,Liver,Stage III,0.43,Former,None,,22.3,2024-06-02,Surgery,7.0,4.0,Deceased,Low
ONC-05845,49.0,Male,Colorectal,,4.16,Current,Occasional,No,16.6,2016-09-09,Radiation Therapy,7.0,3.0,Deceased,Critical
ONC-04335,40.0,Male,Brain,Stage III,2.93,,Occasional,Yes,29.5,2020-04-16,Chemotherapy,8.0,,Deceased,Medium
ONC-01976,69.0,Male,,Stage IV,1.55,,Regular,Yes,18.3,2022-05-07,Combination Therapy,5.0,,Alive,Critical
ONC-04120,45.0,Male,Colorectal,,0.73,Never,Heavy,No,31.0,2017-02-12,Immunotherapy,4.0,30.0,Alive,Critical
ONC-05137,77.0,Other,Breast,Stage IV,0.53,,Heavy,,21.2,,,8.0,3.0,Alive,Low
ONC-04780,40.0,Male,Blood (Leukemia),Stage II,,Current,Heavy,Yes,24.7,2024-08-20,Palliative Care,9.0,58.0,Alive,Medium
ONC-03736,63.0,Female,Blood (Leukemia),Stage IV,4.98,Former,Occasional,No,22.6,,Radiation Therapy,5.0,,Alive,Medium
ONC-02395,92.0,Male,Blood (Leukemia),Stage IV,1.81,Former,None,No,28.7,,,3.0,6.0,Deceased,High
ONC-06888,26.0,Female,Brain,Stage I,2.97,Never,,No,31.0,2019-11-11,Immunotherapy,3.0,3.0,Alive,Low
ONC-03604,65.0,Other,Skin (Melanoma),Stage I,1.03,Former,,No,23.9,2022-10-16,Chemotherapy,4.0,9.0,,Medium
ONC-02057,,Other,Lung,Stage II,4.92,Never,Heavy,Yes,42.9,2022-09-12,Radiation Therapy,9.0,3.0,Alive,Low
ONC-04325,86.0,Other,Blood (Leukemia),Stage I,,Never,,No,,,Palliative Care,9.0,,Alive,Low
ONC-00490,48.0,Female,Colorectal,Stage II,1.05,Never,None,Yes,24.0,2015-12-22,Radiation Therapy,8.0,8.0,Deceased,Medium
ONC-07368,56.0,Male,Colorectal,Stage III,2.33,Current,None,Yes,17.8,2022-10-07,,,1.0,Alive,Critical
ONC-03714,68.0,Male,Blood (Leukemia),Stage IV,0.3,,Heavy,Yes,28.3,2017-07-02,Immunotherapy,5.0,8.0,Alive,Critical
ONC-04926,66.0,Male,Pancreatic,Stage II,3.4,Current,Heavy,Yes,31.7,2021-04-05,Surgery,3.0,45.0,Alive,High
ONC-05847,80.0,Female,Pancreatic,Stage II,1.3,Former,Heavy,Yes,34.6,,Immunotherapy,3.0,,Deceased,Medium
ONC-00386,64.0,Other,Colorectal,Stage IV,3.04,Current,Heavy,,13.3,2015-01-31,,6.0,49.0,Deceased,High
ONC-03489,61.0,Other,,Stage I,0.19,Current,Regular,No,16.7,,Palliative Care,8.0,86.0,Deceased,Low
ONC-02284,37.0,Male,Blood (Leukemia),Stage II,9.51,Former,Regular,No,24.5,,Surgery,4.0,1.0,Deceased,Medium
ONC-04112,70.0,Other,Ovarian,Stage III,0.57,Current,None,Yes,26.9,2022-05-26,Immunotherapy,10.0,25.0,Deceased,High
ONC-01825,61.0,Other,Colorectal,Stage II,0.88,Never,Regular,No,35.1,2015-04-30,Radiation Therapy,7.0,33.0,Alive,High
ONC-04366,,Female,Brain,Stage I,1.0,Never,,,23.8,2018-08-17,,11.0,9.0,Alive,Low
ONC-05485,69.0,Other,Lung,Stage III,6.48,Never,None,Yes,22.6,2021-12-23,Palliative Care,6.0,22.0,Alive,Medium
ONC-04420,65.0,Female,Liver,,4.21,Never,Regular,No,34.5,2018-07-09,Combination Therapy,11.0,18.0,Alive,Medium
ONC-01589,43.0,Female,Liver,Stage IV,0.64,Current,Heavy,Yes,31.3,2017-07-13,Palliative Care,3.0,2.0,Alive,
ONC-01601,36.0,Female,Breast,Stage III,0.39,Never,Occasional,Yes,32.6,2017-03-26,Immunotherapy,8.0,7.0,Alive,High
ONC-03349,76.0,Other,Ovarian,,,Never,Regular,No,33.0,2018-04-27,Radiation Therapy,8.0,11.0,Alive,Medium
ONC-07344,63.0,Female,Ovarian,Stage IV,2.0,Current,None,Yes,23.8,2024-03-18,Combination Therapy,5.0,3.0,Alive,Critical
ONC-01752,78.0,Other,Prostate,Stage IV,2.13,Current,None,No,25.0,2020-03-02,Chemotherapy,3.0,33.0,Alive,Medium
ONC-05247,52.0,Male,Ovarian,Stage IV,1.46,Former,Heavy,No,15.2,,Combination Therapy,9.0,15.0,Alive,Medium
ONC-05401,47.0,,,Stage I,0.2,,Occasional,Yes,26.8,2024-08-29,Chemotherapy,6.0,3.0,Alive,High
ONC-01232,40.0,Other,Prostate,Stage IV,3.91,Never,None,Yes,33.8,2021-05-04,Combination Therapy,13.0,15.0,Deceased,Critical
ONC-04090,56.0,Female,Ovarian,Stage IV,0.27,Never,None,Yes,32.7,2018-01-05,Palliative Care,,3.0,Alive,Critical
ONC-05889,48.0,Other,Colorectal,Stage III,2.29,-,Occasional,Yes,32.1,2019-08-16,Palliative Care,9.0,3.0,Alive,Critical
ONC-05366,69.0,Female,,Stage III,1.07,Current,Heavy,Yes,39.2,2016-05-04,Combination Therapy,6.0,0.0,Alive,High
ONC-03161,50.0,Other,Prostate,Stage IV,3.02,Never,None,,28.6,2016-12-01,Immunotherapy,6.0,1.0,Alive,High
ONC-00964,80.0,Female,Colorectal,Stage III,1.3,,None,Yes,31.7,2015-11-23,Radiation Therapy,6.0,6.0,Alive,Critical
ONC-04594,69.0,Male,Liver,Stage II,5.59,Current,None,Yes,27.4,2023-09-18,Chemotherapy,2.0,11.0,Deceased,High
ONC-00353,53.0,Other,Blood (Leukemia),Stage II,1.9,Former,Heavy,No,24.3,,Palliative Care,4.0,25.0,Deceased,Critical
ONC-01839,73.0,Male,Breast,Stage III,3.07,Former,Occasional,Yes,27.3,,Surgery,4.0,4.0,Alive,High
ONC-03946,78.0,Male,Ovarian,Stage III,2.23,,Occasional,,23.8,2022-11-30,Radiation Therapy,10.0,37.0,,High
ONC-05043,64.0,Male,Lung,Stage IV,0.15,Former,None,Yes,20.5,2020-04-13,Chemotherapy,,3.0,Deceased,
ONC-00002,62.0,Male,,Stage IV,4.31,Never,Occasional,Yes,31.1,2021-04-17,Chemotherapy,5.0,0.0,Deceased,Medium
ONC-07431,72.0,Other,Pancreatic,Stage III,1.67,Never,Occasional,No,36.3,2021-06-09,Surgery,8.0,11.0,Alive,Critical
ONC-04382,77.0,,Colorectal,Stage I,,Never,Heavy,,27.5,2019-06-04,Palliative Care,9.0,0.0,Alive,Medium
ONC-04712,32.0,Other,Prostate,Stage I,7.83,Current,Heavy,,26.3,2015-02-26,Immunotherapy,5.0,2.0,Deceased,Medium
ONC-05743,79.0,Male,Skin (Melanoma),Stage IV,6.14,Never,,Yes,17.0,2020-05-25,,5.0,18.0,,High
ONC-00784,61.0,Other,Prostate,Stage IV,3.75,Never,Regular,Yes,26.6,2019-09-10,Chemotherapy,3.0,10.0,Alive,Critical
ONC-06464,47.0,Female,Skin (Melanoma),Stage I,1.19,Former,,No,30.7,2019-06-14,Radiation Therapy,5.0,12.0,Alive,High
ONC-05034,74.0,Other,Colorectal,Stage IV,2.08,Current,Occasional,Yes,19.2,2017-11-13,Surgery,6.0,14.0,Alive,Critical
ONC-02397,51.0,Male,Lung,Stage IV,6.22,Never,Occasional,Yes,,2015-05-02,Chemotherapy,,35.0,Deceased,Critical
ONC-06441,38.0,Female,Pancreatic,Stage IV,0.89,Never,Heavy,Yes,16.8,2022-01-24,Combination Therapy,3.0,18.0,Alive,High
ONC-00069,61.0,Male,Blood (Leukemia),Stage II,0.58,Former,Heavy,Yes,28.2,2023-06-01,Immunotherapy,9.0,15.0,Alive,High
ONC-00404,45.0,,Breast,Stage IV,2.83,,None,Yes,20.7,,Surgery,3.0,15.0,Alive,
ONC-03435,68.0,Other,Breast,Stage III,5.11,Never,None,Yes,31.0,2016-04-24,Radiation Therapy,5.0,2.0,Deceased,Critical
ONC-04894,74.0,Other,Liver,Stage III,3.41,Former,Heavy,No,30.9,2017-11-29,Immunotherapy,9.0,5.0,Alive,Medium
ONC-01070,30.0,Other,Lung,Stage I,0.93,Never,None,Yes,31.0,2019-02-05,Chemotherapy,7.0,17.0,,Low
ONC-07150,68.0,Male,Lung,Stage III,0.61,Current,,,23.2,,Immunotherapy,5.0,0.0,Alive,High
ONC-06120,41.0,Female,Pancreatic,Stage I,1.48,Current,None,Yes,24.3,2019-10-25,,3.0,0.0,Deceased,
ONC-04274,50.0,Female,Skin (Melanoma),Stage IV,2.51,Former,Regular,No,21.5,2023-02-27,Immunotherapy,5.0,28.0,Alive,Critical
ONC-05050,91.0,Male,Lung,Stage I,10.06,Former,Heavy,,32.6,2018-01-27,Immunotherapy,3.0,11.0,Deceased,Low
ONC-03429,43.0,Male,Skin (Melanoma),Stage IV,,Never,Occasional,Yes,19.2,,Surgery,7.0,20.0,Deceased,High
ONC-02140,48.0,Female,Skin (Melanoma),Stage III,4.38,Current,None,No,17.9,2021-05-21,Combination Therapy,5.0,36.0,Alive,High
ONC-01201,41.0,Female,Lung,Stage IV,,Current,None,Yes,24.6,2018-10-16,Immunotherapy,5.0,2.0,Alive,
ONC-06073,47.0,Other,Pancreatic,Stage III,2.62,Former,Occasional,No,26.6,2018-07-23,Palliative Care,8.0,31.0,Alive,High
ONC-02916,67.0,Female,Brain,Stage II,3.56,Never,Occasional,No,17.1,2020-01-02,Palliative Care,3.0,7.0,Alive,Medium
ONC-02301,,Other,Skin (Melanoma),Stage III,3.82,Former,Heavy,Yes,21.1,2020-07-24,Surgery,3.0,51.0,Alive,Critical
ONC-01757,,Female,Lung,,16.23,Current,None,No,22.2,2019-04-04,Immunotherapy,4.0,24.0,Alive,Low
ONC-03487,70.0,Other,Blood (Leukemia),,10.4,Never,Regular,Yes,12.0,,Palliative Care,9.0,69.0,Alive,Medium
ONC-01578,45.0,Female,Lung,Stage II,0.17,Current,Heavy,Yes,26.1,2015-06-02,,9.0,13.0,Alive,Low
ONC-02720,73.0,Male,Prostate,Stage IV,2.42,,Occasional,,26.4,2018-03-05,Immunotherapy,6.0,4.0,Deceased,Critical
ONC-02242,65.0,Male,Blood (Leukemia),Stage II,4.65,Former,Heavy,No,27.6,,Immunotherapy,4.0,42.0,Alive,Medium
ONC-06949,65.0,Female,Blood (Leukemia),Stage III,7.8,Current,Regular,Yes,25.7,2018-01-02,Surgery,,31.0,,Critical
ONC-02775,78.0,Other,Pancreatic,Stage III,0.13,Current,Occasional,No,26.4,2019-08-18,Radiation Therapy,6.0,7.0,Alive,Medium
ONC-01508,70.0,Male,Skin (Melanoma),Stage IV,0.68,,Occasional,,24.8,2020-10-20,Immunotherapy,7.0,6.0,Alive,Medium
ONC-05594,48.0,Other,Ovarian,,6.1,Former,Heavy,No,27.4,2016-06-28,Radiation Therapy,6.0,37.0,Deceased,High
ONC-03750,59.0,,Breast,Stage II,2.09,Never,Heavy,No,33.1,2018-10-23,Combination Therapy,3.0,2.0,Alive,
ONC-02494,,Other,Blood (Leukemia),Stage II,9.02,Former,None,No,35.5,2018-12-24,Chemotherapy,6.0,1.0,Alive,High
ONC-06758,65.0,Other,Skin (Melanoma),Stage II,9.86,Former,Heavy,Yes,23.5,2023-05-17,Chemotherapy,5.0,19.0,Alive,High
ONC-00539,68.0,Male,Ovarian,Stage II,3.55,Former,,No,25.3,2021-01-27,Radiation Therapy,5.0,29.0,Alive,Low
ONC-01331,20.0,Female,Blood (Leukemia),,5.56,Current,Heavy,Yes,24.5,2016-09-07,,5.0,25.0,Alive,Medium
ONC-02304,43.0,Male,Breast,,,,,Yes,35.1,2016-08-04,Palliative Care,3.0,39.0,Deceased,Medium
ONC-02500,24.0,Female,Prostate,Stage IV,1.26,Current,,Yes,31.4,2019-04-22,Immunotherapy,6.0,13.0,Alive,High
ONC-01613,42.0,Female,Liver,Stage I,4.63,Never,Occasional,No,33.4,2019-05-20,Immunotherapy,7.0,9.0,Alive,Medium
ONC-01489,51.0,Male,Pancreatic,Stage II,5.45,Never,None,Yes,25.9,,Immunotherapy,10.0,6.0,Alive,Medium
ONC-02019,71.0,Other,Breast,Stage IV,2.02,Current,None,No,15.9,2021-04-20,Palliative Care,2.0,6.0,Alive,High
ONC-01745,78.0,Male,Lung,Stage IV,1.86,Former,Regular,No,24.0,2016-10-06,Combination Therapy,5.0,,Alive,High
ONC-07031,32.0,Other,Breast,Stage I,0.48,Current,Heavy,No,15.4,2018-05-07,Palliative Care,7.0,5.0,Deceased,Low
ONC-06398,67.0,Male,Liver,Stage I,0.82,Never,Occasional,Yes,33.1,,Surgery,2.0,,Alive,Medium
ONC-06565,58.0,Male,Breast,Stage IV,0.8,Former,None,No,29.9,2019-04-09,Chemotherapy,3.0,36.0,Alive,High
ONC-07255,61.0,Female,Ovarian,Stage II,2.31,Current,,Yes,27.0,2023-11-09,Combination Therapy,7.0,13.0,Alive,Medium
ONC-04261,,Female,Lung,Stage II,,Former,Occasional,Yes,27.5,2015-09-01,Combination Therapy,11.0,1.0,Alive,High
ONC-05045,60.0,N/A,Colorectal,Stage II,0.74,Never,Regular,,18.8,2021-01-01,Palliative Care,8.0,8.0,Alive,High
ONC-04607,,Female,Brain,Stage II,0.93,Current,Heavy,Yes,,2020-12-14,Radiation Therapy,6.0,20.0,Alive,Low
ONC-01394,69.0,Female,Blood (Leukemia),Stage III,0.39,Current,Occasional,Yes,29.4,2018-08-08,Immunotherapy,,32.0,,Critical
ONC-01509,64.0,Female,,Stage I,4.8,Current,Occasional,No,13.2,2023-05-14,Palliative Care,6.0,2.0,Alive,Medium
ONC-01195,62.0,Male,Lung,Stage II,4.01,Never,,No,37.0,,Combination Therapy,,10.0,Deceased,Low
ONC-06936,51.0,Male,Lung,Stage II,0.46,Former,Occasional,Yes,29.7,,Immunotherapy,6.0,,Alive,Medium
ONC-05428,95.0,Male,Blood (Leukemia),Stage I,0.88,Former,,No,26.0,2017-03-18,Palliative Care,11.0,14.0,Alive,Medium
ONC-05406,62.0,Male,Blood (Leukemia),Stage II,8.31,Former,Occasional,,26.8,2022-06-08,Radiation Therapy,11.0,40.0,Alive,Medium
ONC-07337,84.0,Female,Prostate,Stage III,3.87,Current,None,,36.3,2017-01-20,Chemotherapy,,7.0,Alive,Critical
ONC-07131,51.0,Other,,,10.72,Never,,,25.3,2017-12-09,Immunotherapy,,7.0,Alive,High
ONC-03801,65.0,Female,Lung,Stage I,,Current,Heavy,No,22.6,2021-12-23,Chemotherapy,,11.0,Alive,Low
ONC-06796,44.0,Male,Liver,Stage I,4.46,Current,,No,29.3,2015-08-31,,7.0,12.0,Alive,Low
ONC-04678,35.0,,Colorectal,Stage II,18.7,Never,Occasional,No,27.0,2024-10-16,Radiation Therapy,12.0,26.0,Alive,High
ONC-06411,64.0,Male,Breast,Stage I,5.25,,Regular,Yes,22.6,2017-06-11,Surgery,2.0,,Alive,Medium
ONC-01932,78.0,Female,Lung,Stage II,1.88,Current,,No,15.7,2021-09-05,Immunotherapy,10.0,39.0,Alive,High
ONC-02813,40.0,Other,Breast,Stage II,4.38,Former,Regular,No,33.2,2016-03-12,Chemotherapy,8.0,17.0,Alive,Medium
ONC-03975,45.0,Male,Liver,Stage IV,1.98,Current,Occasional,No,34.3,2022-12-20,Palliative Care,2.0,3.0,Alive,Critical
ONC-02540,64.0,Male,Liver,Stage I,1.43,Never,Heavy,Yes,29.3,2023-04-19,Combination Therapy,2.0,42.0,Alive,Low
ONC-02670,55.0,Other,Pancreatic,Stage I,2.6,Current,None,Yes,33.7,2024-09-07,Immunotherapy,,,Deceased,Low
ONC-06324,76.0,Female,Colorectal,Stage III,0.92,Former,,Yes,22.0,,Immunotherapy,10.0,23.0,Alive,Low
ONC-03720,60.0,Female,Brain,Stage II,1.4,Former,None,No,32.7,2023-09-01,Immunotherapy,5.0,1.0,Alive,Medium
ONC-06651,65.0,Male,,Stage IV,,Former,None,Yes,24.6,2024-04-19,Chemotherapy,7.0,0.0,Alive,Critical
ONC-03249,78.0,Other,Brain,Stage III,1.49,Former,Regular,Yes,28.5,2015-01-18,Immunotherapy,3.0,,Alive,Low
ONC-04760,56.0,Male,Pancreatic,Stage I,4.59,Former,Occasional,Yes,23.7,2023-03-25,Chemotherapy,10.0,6.0,Alive,Low
ONC-02823,48.0,Female,Skin (Melanoma),Stage II,0.85,Current,Regular,Yes,28.5,2023-10-02,Immunotherapy,4.0,11.0,Alive,Critical
ONC-00574,69.0,Other,,Stage II,7.67,Never,Heavy,No,,,,6.0,11.0,Alive,Medium
ONC-00697,52.0,Female,Ovarian,Stage III,0.19,Current,None,Yes,26.6,2024-11-29,Immunotherapy,6.0,10.0,Alive,High
ONC-05508,59.0,Other,Breast,Stage IV,2.65,Never,Regular,Yes,29.8,,Radiation Therapy,6.0,23.0,Alive,High
ONC-07440,53.0,Other,Breast,Stage III,0.83,Never,None,Yes,29.1,2022-10-14,Radiation Therapy,6.0,12.0,Alive,Critical
ONC-07098,68.0,Other,Prostate,Stage II,0.18,Former,Heavy,Yes,34.4,2019-03-25,Radiation Therapy,,68.0,Alive,Medium
ONC-06516,,,Skin (Melanoma),Stage III,1.9,,,No,25.8,2023-07-17,Radiation Therapy,6.0,13.0,Alive,Medium
ONC-07307,57.0,,Blood (Leukemia),Stage II,1.68,Former,Regular,,20.5,,Radiation Therapy,5.0,7.0,Deceased,Low
ONC-07367,,Other,Blood (Leukemia),Stage I,3.01,Current,None,No,22.8,2020-09-30,,6.0,4.0,Alive,Low
ONC-02188,72.0,Other,Colorectal,Stage I,2.14,Current,Occasional,Yes,27.5,2015-09-21,Palliative Care,6.0,23.0,Alive,Low
ONC-04023,45.0,Female,Blood (Leukemia),Stage I,0.37,Current,Occasional,No,21.5,2023-10-30,-,5.0,4.0,Alive,Low
ONC-06531,52.0,Male,Prostate,Stage III,4.39,Never,Occasional,No,34.0,2021-03-10,Palliative Care,9.0,39.0,Alive,Medium
ONC-02046,32.0,,Pancreatic,Stage IV,0.88,,,,30.9,2017-06-11,Chemotherapy,2.0,,Alive,
ONC-00283,58.0,Male,Pancreatic,Stage III,0.2,Current,None,,16.4,,Radiation Therapy,6.0,12.0,Alive,Low
ONC-00259,68.0,Male,Ovarian,Stage IV,0.2,Current,,Yes,13.2,2020-08-09,,4.0,65.0,Alive,Medium
ONC-02665,70.0,Other,Prostate,Stage I,0.1,Former,Regular,Yes,30.9,2019-12-11,,4.0,,Alive,Low
ONC-05908,56.0,Male,Liver,Stage I,0.32,Never,Heavy,,,2015-10-14,Palliative Care,3.0,28.0,Deceased,Low
ONC-05894,63.0,Other,Skin (Melanoma),Stage III,1.13,Current,Heavy,,24.7,2022-12-26,Radiation Therapy,4.0,,Alive,High
ONC-07003,,,Prostate,Stage IV,0.64,Never,,Yes,24.2,2024-11-03,Radiation Therapy,3.0,28.0,Alive,High
ONC-03234,46.0,Male,Skin (Melanoma),Stage IV,1.4,,Heavy,Yes,30.6,,Surgery,2.0,33.0,Alive,Critical
ONC-00726,26.0,Other,Colorectal,Stage II,2.47,,None,,31.0,2020-03-01,Surgery,5.0,14.0,Alive,High
ONC-01637,53.0,Female,Skin (Melanoma),Stage II,1.92,Never,,Yes,32.1,2020-01-27,Palliative Care,,5.0,Deceased,Medium
ONC-04774,67.0,Female,Brain,Stage IV,6.91,Former,Regular,Yes,19.3,2016-08-06,Surgery,4.0,88.0,Deceased,Critical
ONC-06498,67.0,Male,Colorectal,,0.1,Current,Heavy,No,30.5,,Combination Therapy,,,Alive,Medium
ONC-05249,62.0,Male,Blood (Leukemia),Stage III,2.32,Current,,No,22.7,2022-01-08,Radiation Therapy,6.0,,Alive,
ONC-05443,59.0,Male,Colorectal,Stage IV,0.59,Former,Regular,No,25.8,2015-01-17,Immunotherapy,10.0,5.0,Alive,High
ONC-00056,93.0,Male,Ovarian,Stage I,4.79,,Occasional,Yes,31.1,2015-09-21,Immunotherapy,5.0,10.0,Alive,Low
ONC-06499,60.0,Other,Skin (Melanoma),Stage IV,0.7,Never,None,No,20.5,2024-05-20,Immunotherapy,6.0,12.0,Alive,
ONC-06851,69.0,Male,,Stage II,1.58,Never,Occasional,No,22.8,2022-05-12,Combination Therapy,3.0,18.0,Deceased,Low
ONC-01412,67.0,,Pancreatic,Stage I,,Current,Regular,No,23.5,2021-12-04,Immunotherapy,10.0,4.0,,Low
ONC-06829,69.0,Female,Ovarian,Stage III,0.64,,None,No,23.3,2024-07-18,Radiation Therapy,8.0,6.0,Alive,High
ONC-02215,51.0,Female,Prostate,,3.6,Never,Heavy,No,17.8,2020-06-07,Surgery,7.0,12.0,Alive,High
ONC-03169,,Female,Brain,Stage IV,1.99,Current,Occasional,No,23.3,2021-07-26,,8.0,5.0,Alive,Critical
ONC-05458,45.0,Male,Colorectal,Stage III,1.15,Former,Regular,Yes,37.5,2021-10-21,Radiation Therapy,11.0,0.0,Alive,
ONC-02936,68.0,Male,Brain,Stage I,1.3,Current,None,Yes,27.9,2023-07-25,Chemotherapy,8.0,31.0,Alive,Low
ONC-00889,36.0,Other,Blood (Leukemia),,0.56,Never,Occasional,No,,2018-06-18,Combination Therapy,10.0,19.0,Alive,High
ONC-02955,,Female,Ovarian,Stage IV,2.87,Former,Regular,Yes,24.8,2021-11-14,Combination Therapy,7.0,1.0,Alive,Critical
ONC-01688,65.0,,Prostate,Stage III,2.71,Current,Regular,No,27.1,,Combination Therapy,3.0,37.0,Deceased,High
ONC-01820,55.0,,Prostate,Stage III,3.45,Former,None,Yes,35.1,,Radiation Therapy,6.0,12.0,Alive,Low
ONC-03704,59.0,Female,Breast,Stage IV,3.08,Former,Regular,No,26.7,,Radiation Therapy,7.0,10.0,Alive,Medium
ONC-01973,57.0,Female,Blood (Leukemia),Stage III,2.19,Current,Occasional,Yes,21.5,2024-06-25,Surgery,6.0,19.0,Alive,High
ONC-00715,54.0,Other,Ovarian,,3.08,Former,None,Yes,19.3,,Palliative Care,5.0,30.0,Deceased,Low
ONC-04702,48.0,Male,Lung,Stage III,0.69,Current,None,No,34.4,2021-12-03,Combination Therapy,7.0,12.0,Alive,Medium
ONC-05153,73.0,Male,Colorectal,Stage I,0.33,Former,Heavy,Yes,32.2,2023-04-15,Chemotherapy,,48.0,Alive,Low
ONC-02287,66.0,Male,Skin (Melanoma),,1.13,Never,None,Yes,18.7,,Palliative Care,,56.0,Alive,Medium
ONC-07476,80.0,Female,Prostate,Stage IV,3.37,,Occasional,No,29.3,2015-06-02,Radiation Therapy,5.0,10.0,Alive,High
ONC-02178,74.0,Other,Pancreatic,Stage I,,Former,Regular,Yes,23.3,2018-01-14,Immunotherapy,3.0,12.0,Alive,Low
ONC-06304,44.0,Other,Lung,Stage II,9.43,Current,None,Yes,27.3,2023-05-02,,2.0,29.0,Deceased,Medium
ONC-06530,61.0,Other,Pancreatic,Stage II,0.68,NA,Heavy,No,25.9,2016-06-03,Immunotherapy,7.0,40.0,Alive,High
ONC-02849,65.0,Other,Ovarian,Stage I,3.55,Never,Heavy,No,26.4,2015-12-17,Immunotherapy,,10.0,Deceased,Low
ONC-04714,57.0,Other,Ovarian,Stage III,8.57,Never,Heavy,Yes,31.1,2022-08-07,Immunotherapy,6.0,0.0,Alive,Medium
ONC-00124,,Male,Prostate,Stage I,2.25,Current,Regular,Yes,32.1,,,6.0,33.0,Alive,Low
ONC-07247,63.0,Other,Ovarian,,,Never,Regular,No,25.9,2019-05-12,Combination Therapy,8.0,13.0,Alive,
ONC-04431,65.0,Other,,Stage I,1.6,Former,Regular,No,29.1,,Immunotherapy,3.0,12.0,Alive,
ONC-07369,56.0,Female,Lung,Stage IV,2.64,Current,None,Yes,17.6,,Immunotherapy,,2.0,Deceased,Critical
ONC-06903,68.0,Other,Breast,Stage II,0.9,,Heavy,No,24.1,2019-03-14,,,8.0,Deceased,Medium
ONC-04401,46.0,Female,Blood (Leukemia),,0.16,Current,None,,21.4,2015-01-07,Combination Therapy,5.0,3.0,Deceased,Medium
ONC-00981,26.0,,Pancreatic,Stage IV,6.94,Never,None,,,2018-06-19,Combination Therapy,,34.0,Deceased,Medium
ONC-02782,68.0,Female,Liver,Stage II,0.76,Former,,No,22.6,2024-08-18,Surgery,10.0,21.0,Alive,
ONC-00176,56.0,,Blood (Leukemia),Stage III,1.06,,Heavy,No,25.0,2019-05-03,Radiation Therapy,6.0,5.0,Deceased,Medium
ONC-00582,54.0,Female,Colorectal,,2.32,Current,Heavy,No,21.4,2024-09-20,Immunotherapy,7.0,14.0,Deceased,Low
ONC-06410,68.0,Other,Skin (Melanoma),,5.36,Never,,Yes,22.8,2021-07-23,Immunotherapy,12.0,12.0,Alive,Low
ONC-01617,51.0,Male,Liver,Stage II,2.01,Current,Heavy,No,35.8,2020-12-22,Combination Therapy,,34.0,Alive,Medium
ONC-07024,74.0,Female,Colorectal,Stage I,10.45,Never,Regular,No,27.3,2024-03-29,Radiation Therapy,10.0,35.0,Deceased,Low
ONC-05291,70.0,Other,Pancreatic,Stage IV,2.51,Never,None,Yes,22.5,2016-02-03,Immunotherapy,4.0,2.0,Deceased,Critical
ONC-02877,31.0,Other,Blood (Leukemia),Stage II,6.82,,None,Yes,30.7,2016-08-05,Chemotherapy,7.0,80.0,Alive,Low
ONC-06726,70.0,Female,Ovarian,Stage II,0.18,Current,None,Yes,27.2,2024-12-14,Surgery,5.0,37.0,Alive,Medium
ONC-03244,70.0,Other,Blood (Leukemia),Stage IV,2.29,Former,None,No,31.8,2020-01-31,,,2.0,Alive,Low
ONC-05921,91.0,,Ovarian,Stage III,0.1,Never,None,No,26.8,,Combination Therapy,12.0,10.0,Deceased,Medium
ONC-05976,45.0,,Lung,Stage III,2.63,Never,Occasional,No,24.6,2024-05-18,Combination Therapy,13.0,9.0,Deceased,Critical
ONC-06078,51.0,Other,Ovarian,Stage II,0.25,Never,Heavy,Yes,24.7,2020-01-29,Immunotherapy,8.0,18.0,Alive,High
ONC-01862,78.0,Male,Breast,Stage III,1.95,Current,Occasional,,22.0,2021-03-25,Palliative Care,6.0,0.0,Alive,Medium
ONC-05447,58.0,Other,Pancreatic,Stage III,2.34,Former,Regular,No,35.2,2017-11-24,,5.0,2.0,Deceased,
ONC-03576,61.0,Male,Prostate,Stage IV,0.1,,,Yes,22.7,2015-10-07,Palliative Care,4.0,29.0,Deceased,High
ONC-03607,44.0,Other,Ovarian,Stage I,11.33,Never,None,No,20.1,2016-09-08,Radiation Therapy,2.0,,Alive,Low
ONC-04361,79.0,Male,Blood (Leukemia),Stage II,5.71,Never,,No,31.9,2016-12-09,Chemotherapy,7.0,9.0,Deceased,Medium
ONC-02975,41.0,Other,Blood (Leukemia),Stage I,0.1,,None,Yes,27.2,,Immunotherapy,6.0,1.0,Alive,Low
ONC-04506,41.0,Female,Colorectal,Stage III,8.65,Never,Occasional,No,22.6,2015-08-12,Palliative Care,4.0,3.0,Alive,Medium
ONC-04772,64.0,Female,Pancreatic,Stage IV,1.13,Current,Regular,Yes,27.7,2017-03-01,Chemotherapy,6.0,9.0,Alive,Critical
ONC-00298,54.0,Female,Prostate,Stage III,0.1,Former,Regular,Yes,36.6,2016-07-09,Immunotherapy,9.0,29.0,Deceased,
ONC-00926,73.0,Other,Brain,Stage IV,1.98,Never,None,No,22.8,2022-11-01,Surgery,5.0,10.0,Alive,High
ONC-04119,59.0,Male,Liver,Stage II,1.18,,Regular,,22.6,2015-04-02,Immunotherapy,4.0,3.0,Deceased,
ONC-06558,82.0,Other,Ovarian,Stage II,3.78,Former,,No,22.1,2017-06-22,Chemotherapy,4.0,,,Medium
ONC-02116,53.0,Male,Pancreatic,Stage III,5.11,Never,Heavy,No,24.2,2017-07-27,,9.0,4.0,Deceased,
ONC-04825,44.0,Male,Blood (Leukemia),Stage III,4.78,Never,Occasional,No,23.9,,Surgery,8.0,,Alive,Critical
ONC-01308,56.0,Female,,Stage III,2.11,Never,Heavy,No,22.9,,Radiation Therapy,9.0,6.0,Alive,High
ONC-04768,26.0,Other,Colorectal,,1.95,Former,Heavy,No,29.5,2016-10-29,Palliative Care,8.0,11.0,Deceased,Critical
ONC-01673,61.0,Male,Lung,Stage II,0.1,Former,Occasional,Yes,28.4,2016-06-30,Radiation Therapy,9.0,13.0,Deceased,Critical
ONC-01200,43.0,Other,Lung,Stage II,0.48,Current,Regular,No,22.3,2021-12-08,Surgery,6.0,52.0,Alive,High
ONC-02230,43.0,,Liver,Stage IV,5.77,Never,Regular,Yes,22.9,2019-03-28,Chemotherapy,,29.0,Deceased,Critical
ONC-01554,49.0,Female,Breast,,3.95,Never,Regular,No,29.3,,Chemotherapy,,10.0,Alive,Medium
ONC-00294,76.0,Female,Pancreatic,Stage I,6.03,,Regular,Yes,26.7,2023-07-10,Palliative Care,8.0,33.0,Alive,Low
ONC-06248,,Female,Colorectal,Stage IV,,Former,Occasional,No,31.6,2015-09-10,Immunotherapy,7.0,1.0,Alive,Critical
ONC-02691,60.0,Other,,Stage III,,Former,Heavy,No,30.3,2020-08-10,Palliative Care,7.0,72.0,Alive,Medium
ONC-04223,60.0,,Ovarian,Stage IV,1.53,Current,Heavy,No,24.5,2023-04-02,Radiation Therapy,4.0,77.0,Alive,Critical
ONC-02580,64.0,Other,Ovarian,Stage IV,4.84,Current,Regular,No,24.2,2015-02-28,Radiation Therapy,7.0,7.0,Alive,Medium
ONC-06344,72.0,Other,Liver,Stage IV,6.72,Former,Occasional,Yes,33.8,2017-02-28,Surgery,7.0,13.0,Alive,High
ONC-06613,68.0,Other,Blood (Leukemia),Stage III,0.32,Current,Heavy,Yes,30.0,2023-02-07,Radiation Therapy,,5.0,Alive,Critical
ONC-06469,72.0,Female,Liver,Stage III,0.56,Never,Occasional,No,,2021-05-01,Combination Therapy,4.0,2.0,Alive,High
ONC-00693,44.0,Male,Breast,Stage III,0.78,Former,Regular,No,26.7,2021-12-10,Surgery,6.0,,Alive,Critical
ONC-00687,36.0,Other,Liver,Stage II,1.66,Never,None,No,30.1,2015-07-01,Surgery,6.0,1.0,Deceased,High
ONC-00818,64.0,Male,Brain,Stage IV,4.07,Current,,No,12.0,2021-06-18,Radiation Therapy,4.0,,Alive,High
ONC-00217,39.0,Male,Pancreatic,Stage I,11.88,,Occasional,No,21.7,,Immunotherapy,,14.0,Alive,Medium
ONC-03326,50.0,,Ovarian,Stage II,0.54,Former,Heavy,Yes,31.5,2023-04-21,Surgery,7.0,16.0,,
ONC-04249,50.0,,Liver,Stage IV,3.78,Current,Regular,Yes,31.4,2017-06-29,Palliative Care,3.0,53.0,Alive,High
ONC-07128,65.0,Other,Prostate,Stage III,2.31,Never,None,No,25.0,2023-11-11,Palliative Care,,4.0,Alive,Low
ONC-06089,62.0,Other,Breast,Stage II,,Never,Heavy,No,20.1,2019-09-25,Surgery,5.0,8.0,Alive,Low
ONC-03890,67.0,,Prostate,Stage II,13.19,,Regular,Yes,20.9,2022-04-03,Immunotherapy,7.0,32.0,Deceased,Low
ONC-07330,41.0,Other,Blood (Leukemia),,1.72,Never,Regular,Yes,29.5,2022-06-13,Palliative Care,4.0,38.0,Alive,Low
ONC-00277,45.0,Female,Skin (Melanoma),Stage II,4.83,,Heavy,No,25.3,2021-07-12,Immunotherapy,4.0,44.0,,Medium
ONC-06105,54.0,Male,Prostate,Stage IV,0.3,Former,None,No,24.5,2016-11-02,Combination Therapy,9.0,12.0,Alive,Critical
ONC-00479,62.0,Other,Brain,Stage I,0.97,Current,Heavy,No,26.2,2019-02-26,Surgery,,20.0,Alive,Medium
ONC-05379,55.0,Female,Lung,Stage III,1.89,Never,Heavy,No,28.0,2017-08-07,Immunotherapy,7.0,17.0,,High
ONC-05701,47.0,Male,Lung,Stage II,15.77,Former,Occasional,,33.5,,Surgery,3.0,7.0,Alive,Medium
ONC-06536,63.0,Female,Lung,Stage II,2.6,Current,Regular,No,26.3,2023-03-06,Radiation Therapy,4.0,7.0,,High
ONC-05763,50.0,Female,Colorectal,Stage III,4.14,Former,Regular,Yes,32.3,2024-05-18,Radiation Therapy,5.0,13.0,Deceased,High
ONC-07081,65.0,Male,Ovarian,Stage II,2.21,Never,,Yes,36.1,2023-04-20,Chemotherapy,11.0,10.0,Alive,Medium
ONC-03199,58.0,Male,Skin (Melanoma),Stage III,5.2,Never,,No,28.5,2024-02-13,Radiation Therapy,6.0,,Deceased,Medium
ONC-00813,68.0,Other,Colorectal,Stage I,10.19,Never,None,Yes,,2020-05-24,Palliative Care,10.0,10.0,Alive,Medium
ONC-04347,,Other,Liver,Stage IV,2.11,,Heavy,,25.6,2022-03-05,Immunotherapy,6.0,5.0,Deceased,Critical
ONC-00844,78.0,Male,Liver,Stage II,6.14,Former,,Yes,,2022-11-25,Combination Therapy,7.0,2.0,Deceased,Low
ONC-06222,48.0,Female,Lung,Stage II,6.69,Former,Occasional,No,27.9,2020-02-01,Radiation Therapy,9.0,14.0,Alive,High
ONC-03057,57.0,Female,Prostate,Stage I,1.08,Never,None,Yes,,2023-07-05,Palliative Care,3.0,27.0,Alive,Medium
ONC-02376,42.0,Male,Blood (Leukemia),Stage III,1.47,Never,None,No,35.9,,Radiation Therapy,8.0,4.0,Deceased,High
ONC-04070,53.0,Other,Brain,Stage II,2.53,Current,Heavy,Yes,,2019-01-17,Palliative Care,4.0,26.0,Alive,Medium
ONC-02033,30.0,Female,Breast,,3.59,Never,Regular,No,22.1,2022-11-01,Surgery,5.0,0.0,Alive,Critical
ONC-00968,63.0,Other,Blood (Leukemia),Stage II,3.78,Former,Heavy,Yes,30.0,2018-12-29,Radiation Therapy,9.0,17.0,Deceased,High
ONC-07198,,Male,Pancreatic,Stage I,0.58,,Occasional,,20.5,2016-03-26,Palliative Care,5.0,1.0,Alive,
ONC-06988,51.0,Male,Prostate,Stage II,1.04,Current,Occasional,No,29.5,2015-04-03,Immunotherapy,4.0,2.0,Deceased,High
ONC-00973,72.0,,Prostate,Stage I,0.33,Former,Heavy,Yes,30.1,2020-01-02,Surgery,2.0,35.0,Alive,Low
ONC-01897,53.0,Male,Blood (Leukemia),Stage III,0.36,Current,,Yes,35.6,2023-01-10,Palliative Care,6.0,11.0,Alive,High
ONC-06332,50.0,Other,Lung,Stage II,0.75,Never,Occasional,No,,2024-10-20,Radiation Therapy,9.0,9.0,,Low
ONC-04343,59.0,Male,Ovarian,,6.53,Current,None,Yes,32.1,2024-08-27,Immunotherapy,9.0,18.0,,Low
ONC-02705,48.0,Other,Lung,Stage III,6.91,Current,Regular,Yes,26.3,2023-03-03,,3.0,3.0,Deceased,Low
ONC-06300,,Female,Ovarian,Stage II,0.9,Former,Occasional,No,28.0,2023-05-17,Palliative Care,9.0,2.0,,Low
ONC-02459,50.0,Female,Liver,Stage I,7.71,Current,,No,18.1,2017-11-16,Immunotherapy,11.0,15.0,Deceased,Low
ONC-06625,92.0,Male,Breast,Stage IV,3.79,Never,Regular,No,27.6,2020-01-29,Surgery,7.0,19.0,Alive,Medium
ONC-03375,,Other,Breast,Stage I,1.37,Current,Heavy,No,18.5,2024-10-12,Surgery,7.0,46.0,Alive,Low
ONC-06562,49.0,Female,Skin (Melanoma),Stage II,5.61,Never,Regular,No,23.9,,Palliative Care,6.0,4.0,Deceased,High
ONC-06428,85.0,Male,Brain,Stage I,2.68,Current,,Yes,31.0,2021-08-24,Immunotherapy,5.0,21.0,Deceased,Low
ONC-05019,54.0,Other,Liver,Stage II,4.19,Current,Heavy,No,27.6,2015-01-15,Chemotherapy,,10.0,Deceased,Medium
ONC-06623,47.0,Other,Blood (Leukemia),Stage I,2.82,Never,,,27.9,,Combination Therapy,6.0,8.0,Deceased,Medium
ONC-07449,42.0,Female,Pancreatic,Stage II,,Never,Heavy,No,31.7,2024-02-05,Chemotherapy,13.0,2.0,Alive,Medium
ONC-05602,60.0,Male,Blood (Leukemia),Stage IV,4.37,Never,None,Yes,21.3,2019-03-22,Surgery,6.0,7.0,Alive,Medium
ONC-02952,40.0,Female,Prostate,Stage II,2.94,Never,None,,31.3,2022-04-11,Radiation Therapy,6.0,17.0,Alive,Medium
ONC-01346,,,Brain,Stage I,4.46,Former,None,Yes,28.2,2023-05-22,Combination Therapy,3.0,31.0,Alive,Medium
ONC-07106,82.0,Female,Pancreatic,Stage III,4.46,Current,Occasional,Yes,28.4,,Combination Therapy,7.0,6.0,Alive,High
ONC-00976,56.0,Other,Ovarian,Stage IV,2.23,Former,Occasional,Yes,24.6,2022-03-22,Radiation Therapy,9.0,6.0,Alive,Medium
ONC-02608,55.0,,Colorectal,Stage I,8.74,Current,Heavy,No,27.9,2018-03-16,Combination Therapy,12.0,5.0,Alive,Low
ONC-05742,78.0,Other,Pancreatic,Stage II,0.48,Never,Heavy,No,25.5,2016-12-27,Chemotherapy,5.0,4.0,Deceased,Low
ONC-05776,,Male,Liver,,2.04,Current,None,Yes,18.0,2020-10-26,Immunotherapy,8.0,8.0,Alive,Medium
ONC-00510,42.0,Female,Ovarian,Stage III,6.06,Never,Regular,Yes,27.8,2021-06-20,,4.0,4.0,Alive,Medium
ONC-00123,72.0,Male,Brain,Stage I,1.97,,Regular,Yes,23.5,2016-03-26,Palliative Care,4.0,5.0,Deceased,Low
ONC-07111,82.0,,Prostate,Stage IV,0.1,,None,Yes,18.8,2018-03-04,Combination Therapy,,49.0,Alive,High
ONC-05631,32.0,Male,Ovarian,Stage II,2.64,Current,Heavy,Yes,23.2,2016-08-21,Chemotherapy,4.0,,Deceased,Medium
ONC-07373,61.0,Female,Prostate,,4.35,Current,None,Yes,28.2,2020-09-24,Immunotherapy,7.0,7.0,Alive,High
ONC-01711,,Female,,Stage I,0.23,,None,No,31.5,2021-03-12,Palliative Care,4.0,,Alive,Low
ONC-02101,45.0,Male,Breast,Stage I,0.34,Former,,Yes,27.6,2015-09-27,Radiation Therapy,7.0,19.0,Alive,Low
ONC-00870,59.0,Other,Blood (Leukemia),Stage IV,9.48,Never,None,No,,2019-02-26,,2.0,29.0,Alive,High
ONC-07188,57.0,Female,Colorectal,,0.87,Current,None,Yes,20.8,2015-08-06,,6.0,18.0,Deceased,Medium
ONC-01031,59.0,Female,Prostate,Stage II,6.83,Never,Regular,,,2016-08-21,Immunotherapy,8.0,24.0,Alive,Low
ONC-03464,84.0,,Breast,,3.86,Former,None,Yes,26.1,2023-07-09,Combination Therapy,6.0,4.0,Alive,High
ONC-04853,67.0,Male,Skin (Melanoma),Stage II,13.04,Current,None,Yes,30.3,2024-02-03,,5.0,,Deceased,Low
ONC-01999,89.0,Other,Blood (Leukemia),,4.34,Never,Regular,Yes,28.6,2019-03-28,Combination Therapy,4.0,18.0,Deceased,Medium
ONC-03591,,Female,Ovarian,Stage III,2.32,Current,None,No,27.7,2017-03-10,Surgery,10.0,18.0,Alive,High
ONC-01157,29.0,Male,Skin (Melanoma),,3.83,Current,Regular,No,24.1,2021-07-16,,9.0,32.0,Alive,Low
ONC-03157,73.0,Other,Colorectal,Stage II,2.87,Current,None,No,30.4,,,5.0,4.0,Alive,High
ONC-06212,61.0,Other,Colorectal,Stage II,7.29,Unknown,,No,29.7,2022-01-11,Palliative Care,5.0,20.0,Alive,Medium
ONC-06904,29.0,Female,Ovarian,Stage II,1.23,Current,Occasional,No,24.3,2020-10-15,Surgery,7.0,4.0,Deceased,Low
ONC-04429,79.0,Other,Blood (Leukemia),Stage II,0.21,Former,Occasional,No,21.4,2023-12-28,Palliative Care,6.0,0.0,Alive,
ONC-05689,51.0,Female,Prostate,,2.14,Former,Regular,,31.2,,Immunotherapy,4.0,11.0,Alive,High
ONC-06481,,Female,Lung,Stage I,0.7,Former,Regular,Yes,23.8,2015-12-24,Combination Therapy,8.0,14.0,Alive,Medium
ONC-01576,59.0,,Colorectal,Stage I,0.48,Current,,No,28.2,2016-12-16,Surgery,5.0,7.0,Alive,High
ONC-07444,67.0,Other,Colorectal,Stage II,1.46,Current,None,Yes,31.6,2016-02-03,Radiation Therapy,4.0,10.0,Deceased,Low
ONC-00062,60.0,-,Ovarian,Stage I,0.7,Never,None,,,2023-06-17,Surgery,6.0,1.0,Deceased,Critical
ONC-00473,58.0,Other,Brain,,0.1,Never,Occasional,Yes,28.8,2016-11-12,Radiation Therapy,8.0,,Deceased,Low
ONC-04998,62.0,Other,Lung,Stage IV,,Never,Heavy,No,25.4,2024-04-07,Chemotherapy,,3.0,Alive,Critical
ONC-03455,57.0,,Ovarian,Stage I,5.2,Current,None,No,32.5,2022-08-06,Immunotherapy,7.0,2.0,Alive,Low
ONC-00866,67.0,Female,Ovarian,Stage III,5.46,Current,Regular,No,35.4,2018-01-23,Chemotherapy,9.0,24.0,Alive,Critical
ONC-03584,67.0,Female,Liver,Stage I,0.1,,None,Yes,22.4,,,5.0,62.0,Deceased,Low
ONC-01071,,Female,Lung,Stage I,5.38,Never,Occasional,No,19.0,2023-05-04,Chemotherapy,5.0,,Deceased,Low
ONC-05426,53.0,Other,Liver,Stage III,0.89,Current,None,,20.7,2024-04-01,Immunotherapy,5.0,10.0,Alive,Medium
ONC-03615,,Male,Colorectal,Stage I,1.64,Current,Heavy,,33.6,2021-10-10,Chemotherapy,12.0,33.0,Alive,Medium
ONC-05439,32.0,Other,Lung,Stage IV,0.4,Never,None,No,,2023-05-04,Chemotherapy,6.0,36.0,Alive,Critical
ONC-04838,48.0,Other,Lung,Stage II,14.62,Never,Heavy,No,37.7,2020-01-30,Palliative Care,8.0,23.0,Deceased,Medium
ONC-05186,36.0,Female,Lung,Stage III,0.95,Current,Occasional,Yes,21.3,2021-12-10,Palliative Care,7.0,11.0,Alive,High
ONC-03389,63.0,Female,Breast,Stage I,0.65,Current,Heavy,Yes,31.7,2018-03-06,Palliative Care,9.0,0.0,Alive,Low
ONC-07471,63.0,,Pancreatic,,0.81,,None,Yes,22.6,2016-06-17,Surgery,5.0,2.0,Deceased,Critical
ONC-02181,48.0,Other,Colorectal,Stage II,0.46,Current,,,30.1,2017-08-13,Radiation Therapy,8.0,9.0,Alive,High
ONC-04744,35.0,Male,Breast,,0.21,Former,Regular,Yes,25.6,2016-08-27,Immunotherapy,5.0,18.0,Deceased,Medium
ONC-03282,55.0,Other,Breast,Stage II,,Current,None,Yes,21.1,2022-05-21,Chemotherapy,3.0,2.0,Deceased,Low
ONC-06591,59.0,Female,Lung,Stage IV,2.7,,Regular,Yes,21.6,2018-05-07,,8.0,17.0,Alive,Critical
ONC-01629,,Female,Brain,,4.04,,Occasional,Yes,28.2,2021-03-17,Combination Therapy,,13.0,Alive,Critical
ONC-05489,28.0,Other,Liver,Stage II,7.41,Former,Regular,No,23.0,2023-04-16,Chemotherapy,6.0,14.0,Alive,Low
ONC-02439,57.0,,Pancreatic,Stage III,2.51,Current,Occasional,,25.9,2015-07-24,Palliative Care,4.0,4.0,Deceased,High
ONC-01150,37.0,,Liver,Stage III,3.71,Former,None,Yes,34.8,2022-04-10,,3.0,95.0,Deceased,
ONC-01161,76.0,Other,Brain,Stage IV,3.05,Current,None,Yes,30.7,2019-08-08,Chemotherapy,4.0,,Alive,Medium
ONC-07326,55.0,Male,Ovarian,Stage I,4.23,Current,Occasional,Yes,14.9,2015-12-24,Chemotherapy,2.0,10.0,Alive,High
ONC-00257,58.0,Female,Colorectal,Stage II,1.84,Former,Regular,No,,2015-11-20,Radiation Therapy,8.0,29.0,Deceased,Medium
ONC-02599,,Other,,Stage II,0.3,Current,,Yes,23.4,2016-12-11,,,12.0,Deceased,
ONC-04730,43.0,Other,Breast,Stage IV,1.03,Former,Heavy,No,25.7,2015-06-28,Immunotherapy,5.0,53.0,Alive,
ONC-06434,32.0,,,Stage III,6.2,Never,Occasional,Yes,24.7,,Surgery,5.0,4.0,Deceased,High
ONC-07138,64.0,Other,Colorectal,Stage II,2.47,Never,,,30.9,2020-03-15,Combination Therapy,6.0,2.0,Deceased,Medium
ONC-04874,34.0,Other,Breast,Stage II,4.97,Former,Regular,No,34.5,2019-05-11,Palliative Care,,24.0,Alive,Medium
ONC-01106,,Male,Liver,Stage III,3.67,Never,None,Yes,24.7,2022-04-14,Surgery,6.0,1.0,Alive,High
ONC-06198,51.0,,Prostate,Stage I,2.49,Current,Occasional,,,2018-02-02,Palliative Care,6.0,4.0,Alive,Low
ONC-06633,39.0,,Brain,Stage III,0.34,,Regular,Yes,28.1,2017-04-20,Chemotherapy,6.0,7.0,Deceased,High
ONC-03408,44.0,Male,,Stage II,1.58,Never,Occasional,No,24.2,2022-02-16,Radiation Therapy,4.0,16.0,Alive,
ONC-00558,81.0,Other,Brain,Stage II,0.1,Never,Occasional,Yes,29.7,2022-07-22,Palliative Care,8.0,13.0,Deceased,Medium
ONC-01851,37.0,Male,Blood (Leukemia),Stage II,3.5,Former,Regular,No,26.7,2016-03-16,Radiation Therapy,,14.0,Deceased,Medium
ONC-06082,55.0,Other,Skin (Melanoma),Stage I,1.18,Never,Regular,Yes,25.5,2015-03-15,Surgery,4.0,,Alive,Low
ONC-02089,45.0,Female,Brain,Stage III,7.89,Never,Heavy,Yes,26.5,2018-08-16,Radiation Therapy,12.0,28.0,Alive,High
ONC-02900,87.0,Other,Breast,Stage III,0.44,Current,Heavy,No,19.9,2015-01-05,Immunotherapy,6.0,17.0,Alive,Medium
ONC-03221,53.0,Other,Colorectal,Stage I,1.54,Current,Heavy,,20.1,2021-08-21,,5.0,7.0,Deceased,Low
ONC-00262,67.0,Male,Lung,Stage III,1.23,Current,Heavy,No,18.5,2019-04-22,Palliative Care,9.0,,Alive,Medium
ONC-06702,69.0,Other,,Stage I,0.51,Current,Occasional,Yes,,2016-09-27,Radiation Therapy,7.0,20.0,,Low
ONC-06228,53.0,Other,Brain,Stage I,4.91,Never,Heavy,No,24.1,2023-10-24,Radiation Therapy,7.0,0.0,Alive,Low
ONC-07140,60.0,Male,Ovarian,Stage III,20.0,Former,Occasional,Yes,23.5,2023-09-30,Surgery,6.0,3.0,Alive,Medium
ONC-00628,63.0,Other,Lung,Stage II,1.16,Current,None,Yes,25.2,2022-05-30,Chemotherapy,7.0,11.0,Alive,High
ONC-01890,61.0,,Lung,Stage II,1.87,Current,Heavy,No,28.2,2020-03-26,Palliative Care,5.0,16.0,Alive,Low
ONC-03043,99.0,Other,Brain,Stage III,6.17,Current,None,No,28.3,2020-02-26,Combination Therapy,8.0,,Deceased,Medium
ONC-04306,69.0,Female,Breast,Stage IV,8.99,Former,Regular,No,29.1,2022-05-10,Surgery,7.0,12.0,Alive,High
ONC-02079,58.0,Male,Lung,Stage I,0.23,,,No,,2022-06-18,Chemotherapy,5.0,21.0,Deceased,Low
ONC-03586,65.0,Other,Ovarian,Stage II,2.13,Former,Regular,No,18.6,2021-05-07,Radiation Therapy,5.0,12.0,Alive,Low
ONC-05454,42.0,Other,,Stage II,1.04,,Regular,Yes,31.4,2024-10-09,Combination Therapy,4.0,0.0,Alive,High
ONC-06329,63.0,Other,Breast,Stage III,1.28,Never,None,Yes,29.0,2023-10-09,Surgery,6.0,,Alive,Medium
ONC-04305,43.0,Other,Lung,Stage II,4.19,Current,,Yes,31.5,2016-01-19,Chemotherapy,5.0,19.0,Alive,Low
ONC-05245,60.0,Male,Prostate,Stage III,2.23,Current,Heavy,No,32.1,,Chemotherapy,4.0,90.0,Alive,Critical
ONC-06010,54.0,Male,Ovarian,Stage I,0.65,Current,Regular,,20.8,2015-05-11,Palliative Care,6.0,9.0,Deceased,Low
ONC-01607,,,Colorectal,Stage IV,0.1,Former,Regular,No,30.3,2015-10-01,Palliative Care,7.0,8.0,Alive,Critical
ONC-01021,68.0,Female,Blood (Leukemia),Stage I,8.46,Never,None,Yes,25.3,2019-08-10,Surgery,10.0,22.0,,Low
ONC-00609,83.0,Female,Skin (Melanoma),Stage III,4.19,Former,None,No,20.5,2024-11-01,Chemotherapy,3.0,18.0,Alive,High
ONC-01404,42.0,Male,Colorectal,Stage II,16.09,Former,Regular,Yes,17.9,2017-06-08,Radiation Therapy,11.0,4.0,Alive,Low
ONC-06414,52.0,Male,Skin (Melanoma),Stage II,0.23,Former,,No,26.2,2020-11-10,,2.0,34.0,Alive,Low
ONC-03255,89.0,Male,Colorectal,Stage IV,3.28,Never,Heavy,No,24.1,2015-01-17,Surgery,,5.0,Alive,
ONC-02097,,Male,Pancreatic,Stage I,1.99,Current,Occasional,Yes,25.7,2022-10-03,Combination Therapy,4.0,24.0,Alive,Low
ONC-00210,76.0,Other,Ovarian,Stage IV,3.7,Current,None,Yes,21.7,2020-10-25,Chemotherapy,11.0,33.0,Alive,Critical
ONC-03799,35.0,Male,Skin (Melanoma),,0.96,Former,Heavy,No,24.9,2015-01-20,Combination Therapy,,17.0,Alive,Low
ONC-03540,46.0,Male,Ovarian,Stage III,7.87,Former,Heavy,Yes,19.6,,Surgery,9.0,12.0,Alive,Medium
ONC-00154,49.0,Other,Blood (Leukemia),Stage I,2.68,Current,Heavy,No,28.0,2017-10-29,Palliative Care,3.0,4.0,,Low
ONC-05870,71.0,Female,Prostate,Stage IV,6.99,Never,Regular,,32.1,2021-11-02,Immunotherapy,6.0,2.0,Alive,High
ONC-01591,60.0,Male,Colorectal,Stage IV,2.18,Current,None,Yes,23.5,2015-04-07,Surgery,4.0,32.0,,High
ONC-02443,57.0,,Liver,Stage I,0.47,,,No,27.3,2017-06-13,Palliative Care,5.0,4.0,Alive,Low
ONC-01148,44.0,Female,Lung,Stage II,2.01,Never,Regular,Yes,26.3,,Palliative Care,6.0,15.0,Alive,
ONC-03428,68.0,Female,Ovarian,Stage IV,0.97,Former,None,No,,2018-02-14,,6.0,8.0,Alive,Critical
ONC-01968,,Male,Brain,Stage III,3.82,Former,Heavy,Yes,27.5,2023-01-21,Immunotherapy,11.0,17.0,Deceased,High
ONC-03207,71.0,Other,Colorectal,Stage IV,3.17,Never,None,Yes,27.3,2015-06-30,Surgery,7.0,10.0,Deceased,Medium
ONC-06413,,Female,Breast,Stage I,,,Regular,No,28.0,2019-03-11,Radiation Therapy,3.0,0.0,Alive,
ONC-02434,57.0,Female,Ovarian,Stage II,5.68,Never,None,Yes,20.3,,Palliative Care,6.0,5.0,Deceased,
ONC-01634,67.0,Female,Brain,Stage IV,3.77,Never,Heavy,No,18.0,,Combination Therapy,9.0,0.0,Alive,
ONC-03293,43.0,Female,Prostate,Stage III,0.18,Current,None,Yes,30.9,2015-09-21,Immunotherapy,6.0,0.0,Alive,
ONC-06186,80.0,Female,Lung,,9.7,Former,,No,23.0,2021-05-16,,3.0,,Deceased,Medium
ONC-00598,21.0,Other,Liver,Stage I,5.63,Never,Regular,No,19.5,2016-07-05,Surgery,4.0,24.0,Alive,Medium
ONC-03138,,Female,Colorectal,Stage III,4.95,Current,None,,21.0,2021-07-03,,,8.0,Alive,High
ONC-06028,53.0,,Ovarian,Stage III,0.1,Current,Heavy,No,25.6,2023-07-19,Radiation Therapy,3.0,40.0,,High
ONC-01657,69.0,Other,Ovarian,Stage III,1.42,,Regular,Yes,26.5,2020-01-11,Immunotherapy,6.0,7.0,Alive,Low
ONC-04777,51.0,Other,Breast,Stage IV,0.7,Current,None,No,,2017-06-02,,11.0,72.0,Deceased,High
ONC-07301,66.0,Female,Blood (Leukemia),Stage II,4.11,Former,Regular,,,2023-02-11,Surgery,6.0,5.0,Alive,Medium
ONC-03298,66.0,Other,Ovarian,Stage II,1.44,,Occasional,No,32.3,2018-12-17,Radiation Therapy,,30.0,Alive,Low
ONC-01566,57.0,Male,Blood (Leukemia),Stage II,1.56,Current,None,No,,2017-12-24,Combination Therapy,,13.0,Alive,Medium
ONC-06247,39.0,Male,Colorectal,Stage III,4.54,Never,None,Yes,20.2,2018-10-16,,,14.0,,Medium
ONC-05425,84.0,,Breast,Stage IV,,Current,Regular,Yes,27.5,2019-03-30,Immunotherapy,,6.0,,Critical
ONC-06184,69.0,Other,,Stage I,1.36,Former,Regular,Yes,30.2,2017-12-14,Immunotherapy,8.0,4.0,Alive,Low
ONC-06825,72.0,Other,Colorectal,Stage IV,2.94,Former,Heavy,No,34.5,2021-06-24,,,,Alive,Critical
ONC-01519,50.0,Other,Liver,,0.28,Never,Regular,,23.0,2022-12-23,Surgery,8.0,45.0,Alive,Low
ONC-06384,23.0,Other,Prostate,Stage IV,3.75,Former,Heavy,No,29.2,2016-04-21,Immunotherapy,8.0,10.0,Alive,Medium
ONC-06707,75.0,Female,Liver,Stage IV,3.65,Former,Occasional,No,22.6,2020-03-25,Palliative Care,7.0,2.0,Alive,Critical
ONC-04318,,Male,Colorectal,Stage III,2.92,Former,Regular,No,,2015-11-12,Radiation Therapy,4.0,,Alive,High
ONC-00226,58.0,Female,,Stage IV,1.25,Current,Regular,Yes,29.0,2022-03-01,Radiation Therapy,4.0,1.0,Alive,High
ONC-05304,47.0,Female,Blood (Leukemia),Stage III,12.1,Former,None,No,24.4,2021-04-07,Surgery,2.0,20.0,Deceased,
ONC-07070,52.0,Other,Prostate,,1.27,Never,None,,23.4,2015-11-27,Palliative Care,4.0,32.0,Deceased,Low
ONC-02518,37.0,Other,,Stage I,2.34,Never,Regular,No,26.2,2018-01-31,Immunotherapy,9.0,27.0,Alive,Low
ONC-06693,59.0,Female,Lung,Stage IV,4.66,,Occasional,No,23.4,2018-07-22,Surgery,8.0,4.0,Deceased,High
ONC-02394,77.0,,Prostate,,0.54,,None,Yes,33.1,2023-07-17,Surgery,,7.0,Deceased,High
ONC-01761,62.0,,Prostate,Stage IV,3.57,Current,None,No,25.1,,,10.0,4.0,Alive,Critical
ONC-01361,70.0,Other,Blood (Leukemia),,3.89,Current,Heavy,,30.3,2023-10-31,Surgery,3.0,18.0,Alive,Critical
ONC-03305,54.0,,Skin (Melanoma),Stage II,1.44,Former,,No,,,,7.0,8.0,Alive,High
ONC-02325,,Female,Breast,Stage I,7.56,Never,Regular,No,24.5,2019-08-11,Surgery,10.0,31.0,Alive,Low
ONC-04704,60.0,Other,Colorectal,Stage II,1.67,Current,Occasional,Yes,22.8,2022-06-02,Combination Therapy,8.0,38.0,Alive,High
ONC-06889,58.0,Other,Brain,Stage IV,0.63,Current,Regular,,24.1,2023-03-16,Immunotherapy,4.0,5.0,Alive,High
ONC-05589,22.0,Male,Ovarian,Stage IV,1.2,Never,None,No,34.5,2015-07-10,Surgery,7.0,63.0,Alive,Critical
ONC-03559,,Male,Prostate,Stage I,0.36,Current,,No,24.4,2015-05-12,Chemotherapy,8.0,5.0,Alive,Low
ONC-06814,94.0,Female,,Stage IV,12.91,Former,None,Yes,32.5,2021-11-08,Immunotherapy,,8.0,Alive,Critical
ONC-01834,57.0,Female,Skin (Melanoma),Stage III,3.65,Current,Regular,Yes,24.6,2022-04-05,Surgery,4.0,21.0,Alive,High
ONC-03662,45.0,Other,Pancreatic,Stage I,7.52,Never,Occasional,No,28.1,2019-07-09,Combination Therapy,4.0,0.0,Alive,Low
ONC-02010,56.0,,Breast,Stage III,8.38,Never,None,Yes,19.4,2016-06-01,Radiation Therapy,5.0,7.0,Alive,High
ONC-03658,46.0,Female,Skin (Melanoma),Stage IV,4.3,Former,Occasional,,22.8,,Immunotherapy,7.0,30.0,Deceased,Critical
ONC-04302,63.0,Female,Liver,,5.91,Current,Regular,No,28.1,2018-01-22,Immunotherapy,6.0,16.0,Alive,Medium
ONC-05124,58.0,Female,Breast,Stage III,20.0,Never,,Yes,25.6,2022-09-04,Immunotherapy,7.0,29.0,Alive,High
ONC-04188,59.0,Other,Pancreatic,Stage I,0.96,Never,,No,25.7,2022-05-24,Radiation Therapy,5.0,33.0,Alive,Low
ONC-06638,54.0,Male,Lung,Stage IV,1.14,Former,Heavy,No,25.1,2016-04-12,Immunotherapy,6.0,,,Critical
ONC-05143,51.0,,Blood (Leukemia),Stage III,2.24,Never,Heavy,Yes,25.3,2016-04-19,Chemotherapy,5.0,66.0,Alive,Critical
ONC-03858,73.0,Female,Lung,Stage I,4.55,Former,None,Yes,27.4,2015-02-19,Palliative Care,3.0,19.0,Alive,Medium
ONC-00694,60.0,Male,Prostate,Stage I,2.03,Never,Regular,Yes,31.3,2021-01-19,Surgery,6.0,1.0,Alive,
ONC-07075,39.0,Other,Liver,Stage III,0.88,Never,Occasional,Yes,29.8,2015-04-06,Combination Therapy,6.0,23.0,Alive,High
ONC-07224,,Other,Breast,Stage IV,1.69,Current,,Yes,31.6,2021-02-27,Combination Therapy,5.0,1.0,Alive,Medium
ONC-07021,68.0,,Lung,Stage III,6.39,Current,Heavy,No,31.4,2021-05-04,Surgery,,16.0,Alive,High
ONC-02613,71.0,Female,Ovarian,Stage II,3.4,Never,None,No,25.3,,Chemotherapy,5.0,36.0,Deceased,Low
ONC-01187,75.0,Female,Lung,Stage II,1.82,Current,,No,,2023-01-08,Chemotherapy,5.0,10.0,Alive,Medium
ONC-01370,47.0,,Blood (Leukemia),Stage II,4.57,Never,Regular,Yes,29.8,2022-04-16,Chemotherapy,5.0,5.0,Alive,Medium
ONC-01908,79.0,Other,,Stage I,3.48,Never,None,Yes,25.4,2015-04-20,Palliative Care,,11.0,Deceased,Medium
ONC-04089,,Male,Lung,Stage I,8.17,Never,Regular,No,20.6,2018-05-13,Chemotherapy,7.0,51.0,Deceased,Medium
ONC-02478,72.0,Other,Skin (Melanoma),Stage II,6.39,Current,Regular,Yes,27.6,2024-02-07,Surgery,8.0,,Alive,Medium
ONC-00017,46.0,Female,Ovarian,Stage II,9.05,Current,Occasional,No,24.4,2020-12-01,Combination Therapy,6.0,37.0,Alive,Low
ONC-02515,72.0,,Brain,Stage III,2.14,Never,None,No,23.0,2020-06-30,Immunotherapy,8.0,2.0,Alive,Critical
ONC-07346,65.0,Female,Skin (Melanoma),Stage II,3.81,Former,Heavy,Yes,30.0,,Immunotherapy,3.0,27.0,Alive,High
ONC-02206,45.0,Other,Prostate,Stage II,3.06,Current,Occasional,Yes,,2022-07-19,Combination Therapy,9.0,20.0,Deceased,
ONC-03596,52.0,Female,Blood (Leukemia),Stage IV,0.72,Current,Heavy,No,21.9,,Chemotherapy,5.0,22.0,Alive,High
ONC-01487,35.0,Other,Skin (Melanoma),Stage II,2.69,Current,Regular,No,21.0,2022-09-28,Surgery,11.0,19.0,Alive,High
ONC-01677,72.0,Other,,Stage II,3.53,,None,No,29.8,2021-10-20,Chemotherapy,13.0,4.0,Alive,
ONC-05281,47.0,Female,Liver,Stage II,8.23,Never,Heavy,No,,2024-06-22,Surgery,5.0,43.0,Alive,Low
ONC-02354,47.0,Male,Lung,Stage IV,0.1,Never,Occasional,Yes,31.2,2022-11-02,Chemotherapy,4.0,4.0,Alive,Medium
ONC-00657,37.0,Male,Pancreatic,Stage III,4.31,Never,Regular,No,32.1,2015-03-18,Immunotherapy,5.0,14.0,Alive,Medium
ONC-01572,70.0,Other,Prostate,Stage IV,,Former,Occasional,Yes,32.1,2021-11-29,Surgery,5.0,,Deceased,High
ONC-01738,45.0,Other,Ovarian,Stage II,1.49,Former,Occasional,Yes,28.9,2024-06-11,Immunotherapy,7.0,19.0,Deceased,Low
ONC-05516,51.0,Male,Brain,Stage I,1.67,Former,Regular,No,30.1,2017-10-18,Surgery,8.0,26.0,Alive,Low
ONC-03856,52.0,Male,,Stage IV,1.48,Never,Occasional,Yes,29.4,,Chemotherapy,6.0,,,Critical
ONC-04496,36.0,Other,Prostate,Stage III,0.3,Former,Heavy,Yes,24.0,2015-09-16,Chemotherapy,8.0,55.0,Alive,High
ONC-02847,39.0,Male,Prostate,,3.71,Former,Regular,,32.1,,Palliative Care,6.0,8.0,Alive,Medium
ONC-02981,65.0,Male,Lung,Stage IV,7.43,Current,Regular,Yes,30.6,2023-07-05,Palliative Care,4.0,39.0,Alive,Critical
ONC-00619,39.0,Male,Pancreatic,Stage III,3.08,Current,None,No,30.8,2021-05-14,,9.0,15.0,Alive,Medium
ONC-04605,58.0,Female,Skin (Melanoma),Stage IV,8.44,Former,Heavy,No,28.3,2023-06-14,Surgery,5.0,,Alive,High
ONC-06224,59.0,Male,Ovarian,Stage II,2.55,Current,Regular,No,26.4,2022-02-11,Combination Therapy,4.0,5.0,Deceased,Low
ONC-02848,44.0,Male,Prostate,Stage IV,0.34,Current,Occasional,Yes,33.1,2019-10-08,Immunotherapy,6.0,30.0,Alive,Critical
ONC-05907,44.0,Female,Blood (Leukemia),Stage II,1.64,Current,Occasional,Yes,,2020-08-17,,10.0,6.0,Alive,Medium
ONC-06999,,Female,Ovarian,Stage IV,2.16,Former,None,,29.7,2022-03-18,Surgery,8.0,13.0,Alive,
ONC-00868,70.0,Female,,Stage I,5.83,,Heavy,No,21.4,2021-01-13,Surgery,7.0,35.0,Deceased,Medium
ONC-02508,67.0,Other,Pancreatic,Stage II,,Current,Heavy,No,28.8,2024-05-04,Palliative Care,4.0,9.0,Alive,Low
ONC-04983,54.0,Female,Pancreatic,Stage III,1.4,,None,No,22.1,2023-09-21,Immunotherapy,4.0,,Alive,High
ONC-02111,54.0,Female,Pancreatic,Stage IV,5.69,Current,Regular,No,24.5,2020-05-13,Chemotherapy,4.0,10.0,Alive,Critical
ONC-04696,,Male,Brain,Stage II,0.51,,Regular,Yes,23.4,,Chemotherapy,6.0,5.0,Alive,Low
ONC-06713,54.0,Male,Prostate,Stage IV,2.62,Current,,No,25.8,2019-06-08,Radiation Therapy,10.0,,Deceased,High
ONC-00458,52.0,Male,Colorectal,Stage I,0.12,Never,Regular,No,26.2,2020-01-20,Radiation Therapy,7.0,10.0,Alive,Low
ONC-06667,30.0,Male,Skin (Melanoma),Stage I,4.67,Current,Regular,Yes,,2018-03-08,Radiation Therapy,,1.0,Deceased,
ONC-05214,55.0,Male,Colorectal,,1.32,Former,Heavy,Yes,15.5,2015-08-13,Combination Therapy,1.0,,Alive,Medium
ONC-04967,47.0,Female,Breast,Stage IV,4.47,Former,Heavy,Yes,26.1,2017-10-19,Surgery,7.0,10.0,Alive,High
ONC-00791,82.0,Female,Liver,Stage III,0.63,Current,Regular,No,34.2,2019-11-20,Chemotherapy,7.0,2.0,Alive,Critical
ONC-06786,68.0,Female,Lung,Stage IV,0.71,Former,Occasional,Yes,26.9,2017-09-29,Chemotherapy,7.0,16.0,Alive,
ONC-03608,53.0,Other,Liver,Stage III,1.37,Current,Heavy,Yes,18.2,2022-08-14,Radiation Therapy,5.0,0.0,Alive,
ONC-03823,65.0,Female,Brain,,,Never,Occasional,Yes,18.7,2021-04-11,Palliative Care,6.0,66.0,Alive,Critical
ONC-02261,58.0,Female,Breast,Stage II,2.75,Former,None,No,26.6,2018-07-16,Chemotherapy,7.0,,Alive,High
ONC-07294,66.0,Male,Prostate,Stage II,1.15,Current,Occasional,No,28.1,2018-08-02,Radiation Therapy,6.0,6.0,Alive,Medium
ONC-02809,44.0,Female,Colorectal,Stage II,6.31,Former,Occasional,Yes,30.0,2020-04-01,Palliative Care,4.0,11.0,Alive,Low
ONC-05051,,Male,Skin (Melanoma),Stage I,6.68,Former,Regular,,27.4,2021-02-27,Combination Therapy,,16.0,Alive,Low
ONC-03519,71.0,,Liver,Stage III,1.31,,Occasional,Yes,22.5,2015-02-11,Combination Therapy,3.0,6.0,Deceased,Medium
ONC-04747,44.0,Female,Liver,Stage I,2.05,Current,Regular,Yes,29.1,,Combination Therapy,6.0,9.0,Alive,
ONC-00734,66.0,Male,Prostate,Stage I,6.45,Never,Heavy,No,22.7,2022-10-30,,5.0,17.0,Alive,High
ONC-00952,77.0,Female,Liver,Stage IV,,Former,Heavy,Yes,23.0,2018-09-26,Chemotherapy,8.0,18.0,Deceased,High
ONC-04476,68.0,Other,,,0.82,Never,Regular,No,31.2,2021-01-10,Immunotherapy,5.0,32.0,Alive,Critical
ONC-03959,71.0,Male,Breast,Stage IV,7.8,Never,Occasional,Yes,26.4,2018-03-31,Palliative Care,10.0,34.0,Alive,Critical
ONC-02134,75.0,Other,Liver,Stage II,5.82,Never,Heavy,Yes,32.7,2015-06-04,Combination Therapy,11.0,,Deceased,
ONC-05053,46.0,Male,Brain,Stage IV,3.41,Current,Regular,Yes,28.1,2019-05-09,Palliative Care,1.0,,Deceased,Critical
ONC-04268,64.0,Male,Blood (Leukemia),Stage I,1.05,Former,Regular,No,34.8,2019-12-12,Radiation Therapy,3.0,29.0,,Low
ONC-01945,68.0,Male,Blood (Leukemia),Stage II,3.23,Former,Regular,,24.2,2019-06-29,Radiation Therapy,8.0,10.0,,Critical
ONC-02280,60.0,,Brain,Stage I,3.55,,Regular,No,15.4,2023-08-01,Radiation Therapy,10.0,14.0,Deceased,Low
ONC-00660,89.0,Female,Pancreatic,Stage I,0.1,Former,Regular,No,25.8,2015-08-15,Palliative Care,,36.0,Deceased,Low
ONC-02431,54.0,Other,Blood (Leukemia),Stage III,2.5,Never,Occasional,No,27.0,2022-11-05,Immunotherapy,,7.0,Deceased,High
ONC-03752,52.0,Female,,Stage IV,4.48,Current,None,Yes,28.7,,Palliative Care,5.0,9.0,Alive,Critical
ONC-02529,53.0,Other,Liver,Stage III,2.26,Former,None,No,25.3,2018-03-03,Palliative Care,5.0,4.0,Alive,Medium
ONC-06217,60.0,Female,Breast,Stage III,4.59,Former,,No,23.1,2015-12-31,Surgery,2.0,26.0,Alive,High
ONC-05191,56.0,Other,Prostate,Stage I,1.27,,Regular,Yes,27.8,,Radiation Therapy,9.0,9.0,Alive,Low
ONC-07398,67.0,Other,Blood (Leukemia),Stage I,8.97,Former,None,No,27.2,2020-10-01,Chemotherapy,,5.0,Alive,Low
ONC-06948,48.0,Male,Breast,Stage III,5.78,,,Yes,29.4,2023-11-19,Palliative Care,5.0,2.0,Deceased,High
ONC-06316,67.0,Other,Brain,Stage IV,4.44,Never,None,No,27.0,2017-01-01,Surgery,4.0,12.0,Alive,High
ONC-00643,57.0,Male,Skin (Melanoma),,1.58,Current,Occasional,Yes,19.8,2022-05-23,Immunotherapy,,18.0,Alive,Low
ONC-00169,35.0,Female,Brain,Stage IV,5.53,Current,None,Yes,32.3,2023-01-22,Chemotherapy,6.0,1.0,Alive,Medium
ONC-01518,69.0,Male,Brain,Stage III,3.9,Former,None,Yes,29.6,2016-07-06,Combination Therapy,4.0,6.0,Alive,Critical
ONC-01801,45.0,Other,Colorectal,Stage II,7.07,,Regular,Yes,22.5,2020-10-31,Chemotherapy,10.0,16.0,Alive,Medium
ONC-06219,48.0,Male,Colorectal,Stage II,1.25,Never,Regular,Yes,28.9,2017-01-12,Radiation Therapy,6.0,19.0,Alive,Medium
ONC-03395,46.0,Female,Breast,Stage II,4.57,Former,Occasional,No,28.4,2021-11-28,Immunotherapy,2.0,11.0,Alive,Low
ONC-01918,68.0,Female,,Stage IV,0.3,Former,None,Yes,29.7,2023-12-01,Surgery,6.0,4.0,Alive,High
ONC-00273,60.0,Other,Brain,Stage II,3.42,Current,Occasional,,21.9,2018-07-10,Chemotherapy,,18.0,Deceased,Medium
ONC-05312,47.0,Other,Lung,,1.35,Never,Heavy,Yes,19.4,,Immunotherapy,2.0,1.0,,Critical
ONC-02469,23.0,Other,Blood (Leukemia),Stage I,1.11,Former,Occasional,Yes,24.6,2024-04-16,Surgery,4.0,52.0,Alive,Medium
ONC-05215,40.0,Other,,Stage IV,4.77,Former,Occasional,Yes,24.3,2015-12-04,,6.0,7.0,Deceased,High
ONC-01226,54.0,Male,Colorectal,Stage I,6.47,Current,,No,,2015-06-21,Combination Therapy,3.0,5.0,Deceased,Medium
ONC-05952,70.0,Male,Brain,Stage I,,Current,Heavy,No,23.9,2024-03-28,Combination Therapy,7.0,13.0,Deceased,Low
ONC-01067,71.0,Male,Breast,Stage II,0.14,Former,Heavy,Yes,,2016-03-27,Surgery,5.0,79.0,Deceased,Critical
ONC-06201,45.0,Male,Pancreatic,Stage III,1.24,Current,Regular,Yes,21.6,2017-08-31,Immunotherapy,5.0,8.0,,Medium
ONC-00495,75.0,Male,Pancreatic,Stage IV,7.34,Former,None,No,24.6,2015-10-04,Immunotherapy,6.0,,Alive,Critical
ONC-04912,,Female,Skin (Melanoma),Stage II,1.83,Current,Occasional,No,18.7,2017-10-22,Palliative Care,3.0,2.0,Alive,
ONC-01913,68.0,Female,Pancreatic,Stage III,4.43,Never,None,Yes,20.7,2015-04-12,Surgery,7.0,5.0,Alive,Medium
ONC-03647,37.0,Other,Breast,Stage IV,0.69,Former,Heavy,Yes,24.0,2019-05-05,Immunotherapy,8.0,2.0,Alive,High
ONC-00039,47.0,Male,Liver,Stage II,5.25,Never,Occasional,No,24.9,2015-04-12,Chemotherapy,4.0,14.0,Deceased,High
ONC-00307,67.0,Other,Colorectal,Stage IV,5.03,Never,,Yes,32.6,2020-05-07,Surgery,,0.0,Alive,Critical
ONC-03741,73.0,Other,Colorectal,Stage II,6.88,Current,,No,24.1,2016-06-11,Chemotherapy,,17.0,Alive,High
ONC-04103,54.0,,Blood (Leukemia),Stage II,0.1,Current,None,No,24.4,2015-01-19,Radiation Therapy,3.0,1.0,Deceased,Medium
ONC-03153,44.0,Male,Prostate,Stage II,8.28,Former,None,Yes,23.8,2021-12-20,Palliative Care,6.0,3.0,Deceased,Low
ONC-06553,63.0,,Ovarian,Stage III,0.36,Former,None,Yes,24.4,2022-12-08,Chemotherapy,6.0,8.0,Deceased,Critical
ONC-02830,67.0,Female,Brain,Stage I,5.66,Never,Heavy,No,25.7,,Radiation Therapy,,4.0,Alive,
ONC-00782,73.0,Female,Skin (Melanoma),Stage II,1.4,Never,,Yes,19.3,2023-01-22,,6.0,8.0,Alive,Low
ONC-05287,42.0,,Ovarian,Stage III,8.93,Former,Occasional,Yes,25.6,2015-04-17,Combination Therapy,,45.0,Alive,High
ONC-00535,46.0,Male,Lung,Stage II,4.32,Current,Regular,Yes,29.3,2015-09-02,Radiation Therapy,6.0,,Alive,Low
ONC-00584,71.0,Female,Brain,Stage I,7.93,Former,None,Yes,25.0,2020-10-25,Combination Therapy,5.0,20.0,Alive,Low
ONC-07102,49.0,Other,Brain,Stage I,3.16,Current,Heavy,Yes,34.3,2022-04-09,Surgery,,12.0,Alive,Medium
ONC-04144,55.0,Other,Skin (Melanoma),Stage I,1.46,Never,Heavy,Yes,20.0,,Palliative Care,6.0,24.0,Deceased,Low
ONC-04419,65.0,Male,Prostate,,9.37,Never,Occasional,Yes,27.7,2024-11-27,Surgery,4.0,17.0,Deceased,Medium
ONC-03797,76.0,Other,Blood (Leukemia),Stage IV,2.22,Never,Heavy,Yes,27.9,2015-07-25,Combination Therapy,7.0,2.0,Alive,High
ONC-06025,43.0,,Liver,Stage I,1.4,Former,Regular,Yes,32.9,2016-10-20,Immunotherapy,8.0,7.0,,Low
ONC-03385,47.0,Other,Colorectal,,0.34,Former,None,Yes,29.5,2017-09-03,Immunotherapy,10.0,16.0,Deceased,High
ONC-02862,91.0,Female,Skin (Melanoma),Stage IV,1.81,Current,Regular,Yes,29.0,2022-10-27,Radiation Therapy,4.0,28.0,Alive,High
ONC-00317,78.0,Other,Liver,Stage III,,Former,Heavy,No,20.3,2015-12-04,Palliative Care,,,Alive,
ONC-02198,47.0,Male,Colorectal,Stage I,1.44,Never,Occasional,,38.1,2019-09-26,Immunotherapy,5.0,8.0,Alive,Medium
ONC-06511,70.0,Female,Skin (Melanoma),Stage III,6.62,Never,,Yes,36.3,2020-08-30,Surgery,8.0,6.0,Alive,Critical
ONC-02565,,Male,,Stage II,8.38,Current,Occasional,Yes,28.2,2023-01-31,Combination Therapy,4.0,9.0,Deceased,Medium
ONC-07193,78.0,Male,Skin (Melanoma),Stage IV,1.52,,Heavy,Yes,30.1,2022-06-01,Chemotherapy,8.0,37.0,Deceased,Critical
ONC-05313,54.0,Male,Brain,Stage III,0.82,Current,Regular,,16.9,2017-04-30,Chemotherapy,6.0,1.0,Alive,Medium
ONC-01795,62.0,Female,Prostate,Stage I,0.85,Former,Occasional,No,34.5,2023-06-25,Combination Therapy,7.0,6.0,Deceased,Medium
ONC-06678,53.0,Female,Prostate,Stage III,3.78,Never,,No,35.6,,Surgery,11.0,4.0,Alive,Critical
ONC-07414,,Other,Lung,Stage IV,2.02,Current,None,Yes,24.3,2023-01-21,Palliative Care,9.0,2.0,Alive,High
ONC-06773,83.0,,Blood (Leukemia),Stage III,1.66,Never,Occasional,Yes,29.6,2019-12-23,Surgery,4.0,13.0,Deceased,High
ONC-00272,72.0,,Breast,Stage IV,12.11,Former,Regular,No,19.6,2018-10-03,,3.0,16.0,Deceased,High
ONC-00549,64.0,,Ovarian,Stage III,4.46,Current,Heavy,No,23.5,2018-07-14,Combination Therapy,3.0,1.0,Deceased,High
ONC-01693,38.0,Other,Lung,Stage III,0.27,Former,None,No,20.4,2023-08-16,Combination Therapy,4.0,,Alive,High
ONC-05816,46.0,Other,Lung,Stage III,0.2,Former,Occasional,,32.2,2021-02-19,Radiation Therapy,4.0,,Alive,Critical
ONC-03526,,Other,Colorectal,Stage IV,0.1,Current,,Yes,20.4,,Palliative Care,7.0,2.0,Alive,Critical
ONC-03013,57.0,Female,Blood (Leukemia),Stage II,8.48,Former,None,,17.3,2017-05-10,Combination Therapy,9.0,2.0,Deceased,Low
ONC-06260,64.0,Female,Blood (Leukemia),Stage III,0.51,Current,Heavy,No,26.7,2022-02-05,Surgery,4.0,2.0,Alive,Medium
ONC-06684,75.0,Female,,Stage I,0.26,Never,None,Yes,23.4,,Chemotherapy,12.0,1.0,Alive,Low
ONC-02391,30.0,,Blood (Leukemia),Stage IV,1.89,Former,Heavy,No,19.9,2022-12-20,Radiation Therapy,,4.0,Alive,High
ONC-03877,,Male,Liver,Stage III,3.35,Former,,No,12.0,2018-05-16,Immunotherapy,3.0,1.0,Alive,Critical
ONC-04695,51.0,Female,Brain,Stage II,0.89,Current,Regular,,32.0,2017-07-15,Combination Therapy,3.0,39.0,Alive,High
ONC-05786,76.0,Male,Blood (Leukemia),Stage I,0.46,Current,Occasional,No,23.8,2015-08-04,Immunotherapy,6.0,,,Medium
ONC-00895,71.0,Male,Lung,Stage III,2.82,Never,Regular,No,35.6,2017-03-07,Palliative Care,10.0,0.0,Alive,Low
ONC-05664,47.0,Female,Brain,Stage I,0.14,Former,Occasional,No,36.8,2019-11-10,,7.0,42.0,,High
ONC-05872,31.0,Other,Prostate,Stage I,0.94,Current,Heavy,Yes,33.2,2019-10-04,Chemotherapy,,17.0,Alive,Low
ONC-04667,,,Pancreatic,Stage II,2.98,Current,Occasional,Yes,30.6,2021-03-16,Chemotherapy,3.0,16.0,Alive,Medium
ONC-02000,47.0,Other,Brain,Stage IV,1.36,Former,None,Yes,24.7,2021-01-20,Immunotherapy,7.0,17.0,Alive,
ONC-02123,47.0,Other,Breast,Stage I,1.74,Former,None,Yes,26.0,2023-03-05,Palliative Care,3.0,40.0,Alive,Medium
ONC-04158,45.0,Male,Breast,Stage I,2.29,Never,None,No,16.0,2017-09-25,Immunotherapy,2.0,2.0,Deceased,Low
ONC-01248,51.0,Other,,Stage II,18.95,Current,Occasional,Yes,33.7,,Surgery,8.0,1.0,Deceased,Low
ONC-04488,,Other,Skin (Melanoma),Stage IV,2.76,Never,Occasional,No,24.3,2016-03-05,Palliative Care,3.0,20.0,Deceased,Critical
ONC-01260,59.0,Female,Liver,Stage II,2.62,Former,Heavy,Yes,37.6,2015-04-29,Radiation Therapy,2.0,47.0,Alive,High
ONC-00810,60.0,,Pancreatic,,3.77,Never,Occasional,Yes,29.3,2023-05-18,Combination Therapy,,9.0,Alive,Medium
ONC-06389,60.0,Male,,Stage IV,2.75,Former,Regular,Yes,25.8,2022-02-27,Surgery,7.0,21.0,Deceased,High
ONC-01050,70.0,Female,Skin (Melanoma),Stage II,0.35,Never,,Yes,21.8,,Palliative Care,7.0,6.0,Alive,Medium
ONC-01879,94.0,,Brain,Stage IV,3.87,Never,Heavy,Yes,23.4,2016-10-25,Surgery,5.0,14.0,Alive,
ONC-02880,63.0,Other,Pancreatic,Stage II,0.66,Current,Regular,No,29.7,,Radiation Therapy,8.0,0.0,Deceased,Medium
ONC-00108,56.0,Female,Liver,Stage IV,12.07,Current,Regular,No,31.6,2022-11-04,Radiation Therapy,7.0,3.0,Alive,Medium
ONC-06250,45.0,Female,Lung,Stage III,9.22,Current,Heavy,Yes,20.1,2015-03-19,Radiation Therapy,,10.0,Alive,Critical
ONC-00674,60.0,Male,Pancreatic,Stage IV,3.68,Current,None,,35.8,2023-01-16,Immunotherapy,,,Alive,High
ONC-07122,65.0,Other,Blood (Leukemia),Stage III,1.35,Current,Regular,Yes,20.2,2024-06-14,Surgery,9.0,9.0,Alive,Critical
ONC-04762,72.0,Male,Colorectal,Stage I,,Never,None,Yes,,2017-01-17,Immunotherapy,10.0,31.0,Alive,Low
ONC-04606,76.0,Female,Lung,Stage I,9.41,Never,Heavy,No,30.4,2016-05-31,Radiation Therapy,5.0,5.0,Alive,Medium
ONC-06276,54.0,Male,Ovarian,Stage I,0.74,Current,Occasional,No,31.0,2020-10-20,Palliative Care,2.0,2.0,Deceased,Medium
ONC-06850,70.0,Female,Blood (Leukemia),Stage II,0.23,Current,,No,33.4,2016-09-17,Surgery,2.0,13.0,Alive,Medium
ONC-05737,66.0,Other,Liver,Stage IV,10.29,Never,Heavy,No,22.8,2019-03-05,Palliative Care,9.0,20.0,Deceased,Medium
ONC-06589,45.0,Female,Liver,Stage II,1.23,,Occasional,No,26.8,2023-03-28,Immunotherapy,4.0,,Alive,High
ONC-05456,84.0,Female,Skin (Melanoma),Stage II,6.24,Never,Heavy,No,16.7,2016-12-24,Combination Therapy,6.0,8.0,Alive,Medium
ONC-01533,44.0,Other,Colorectal,Stage II,1.08,Former,Heavy,No,31.8,2017-06-12,Immunotherapy,6.0,19.0,,Medium
ONC-04963,62.0,Female,Colorectal,Stage IV,1.82,Current,Heavy,No,30.1,2018-09-28,Surgery,7.0,2.0,Alive,Critical
ONC-01856,65.0,Male,Colorectal,,2.65,Former,Heavy,,29.7,2015-08-28,Radiation Therapy,9.0,23.0,Deceased,High
ONC-05833,67.0,Female,Brain,Stage IV,5.09,,Heavy,Yes,27.8,2023-01-07,Surgery,,5.0,Alive,High
ONC-00212,,Male,Skin (Melanoma),Stage IV,0.59,Former,Regular,Yes,29.9,2018-05-04,Radiation Therapy,,0.0,Deceased,High
ONC-03148,68.0,Male,Lung,Stage II,1.32,Former,,Yes,,2023-10-23,Immunotherapy,8.0,3.0,Deceased,Medium
ONC-05157,54.0,Male,Skin (Melanoma),Stage II,,Current,Occasional,Yes,32.7,2015-03-03,Surgery,4.0,10.0,Alive,Low
ONC-02257,,Female,,Stage II,0.83,Never,Heavy,Yes,20.8,2018-09-06,Combination Therapy,5.0,6.0,,Medium
ONC-02106,65.0,Other,Colorectal,Stage II,2.2,,Heavy,Yes,24.0,2022-11-04,Combination Therapy,11.0,13.0,Alive,Low
ONC-03269,51.0,Other,Liver,Stage II,0.16,Current,Heavy,Yes,22.9,2016-02-21,Radiation Therapy,9.0,8.0,Alive,High
ONC-02579,58.0,Other,Brain,Stage IV,0.1,Current,,Yes,34.5,2017-11-21,Combination Therapy,,5.0,Deceased,Critical
ONC-01974,48.0,Female,Colorectal,Stage II,9.94,Former,Heavy,Yes,28.3,2020-01-21,Immunotherapy,7.0,17.0,Deceased,High
ONC-04686,75.0,Female,Prostate,Stage IV,1.08,,Occasional,Yes,23.1,2022-09-09,Surgery,1.0,18.0,Alive,High
ONC-02920,65.0,Female,Skin (Melanoma),,10.41,Former,,No,21.3,2016-12-21,Immunotherapy,6.0,8.0,Alive,Critical
ONC-01502,59.0,Other,Blood (Leukemia),Stage II,2.93,Current,Occasional,No,25.3,2017-11-19,Chemotherapy,5.0,23.0,Alive,Low
ONC-04183,65.0,Male,Lung,Stage II,0.1,Former,,Yes,16.7,2021-04-20,Radiation Therapy,7.0,9.0,Alive,Medium
ONC-00647,70.0,Other,Pancreatic,Stage II,2.67,Former,Heavy,No,19.6,2016-08-17,,9.0,51.0,,Medium
ONC-03634,55.0,Other,Skin (Melanoma),Stage I,0.93,Current,Regular,No,34.0,2018-12-10,Surgery,5.0,4.0,Alive,Low
ONC-00772,46.0,Other,Brain,Stage I,1.72,-,,,29.6,2021-03-13,Immunotherapy,5.0,36.0,Alive,Medium
ONC-00704,56.0,Male,Prostate,Stage III,3.19,Current,,Yes,20.6,2017-09-01,Surgery,5.0,0.0,,Medium
ONC-03588,60.0,Female,Pancreatic,Stage III,0.67,,Occasional,No,26.8,2021-05-29,Palliative Care,6.0,1.0,Alive,Medium
ONC-01250,17.0,Female,Ovarian,Stage II,,,None,No,26.0,2024-12-19,Immunotherapy,,,Alive,High
ONC-04805,55.0,Female,Ovarian,Stage II,0.32,Former,None,Yes,25.2,2020-01-15,Surgery,6.0,2.0,Alive,High
ONC-02473,63.0,Male,Prostate,,5.96,Former,Regular,Yes,24.6,,Chemotherapy,9.0,15.0,Alive,Medium
ONC-07110,66.0,Other,,Stage II,13.28,Never,None,No,19.8,2019-05-27,Combination Therapy,9.0,21.0,Alive,Low
ONC-07498,68.0,Other,,,0.32,Former,Regular,,19.0,2015-01-29,Palliative Care,10.0,5.0,Alive,Critical
ONC-06683,77.0,Other,Lung,Stage III,7.87,Former,Regular,No,19.9,2016-09-26,Immunotherapy,,16.0,Alive,Medium
ONC-01861,65.0,Male,Colorectal,Stage II,0.11,Never,N/A,No,30.6,2024-09-27,Radiation Therapy,9.0,2.0,Alive,Low
ONC-06225,68.0,Other,Skin (Melanoma),Stage IV,6.06,Former,Regular,No,22.2,2023-10-22,Palliative Care,6.0,28.0,Alive,Critical
ONC-00710,60.0,Male,Brain,,0.36,Former,,Yes,24.8,,,6.0,5.0,Deceased,Medium
ONC-02673,82.0,Male,Blood (Leukemia),Stage I,5.03,Never,Regular,Yes,20.2,2016-01-28,,,9.0,Deceased,Medium
ONC-04515,90.0,Male,,Stage I,2.15,Former,Regular,Yes,16.6,2016-09-11,Chemotherapy,10.0,9.0,Deceased,Low
ONC-01462,89.0,Other,Prostate,Stage I,0.29,Current,None,No,24.9,2020-05-06,Palliative Care,,34.0,Alive,
ONC-01485,75.0,Male,Lung,Stage III,1.53,Current,Regular,Yes,29.0,2019-05-17,Chemotherapy,2.0,55.0,Alive,Low
ONC-02546,,Other,,Stage II,13.51,Current,Occasional,No,26.1,2015-06-20,Surgery,5.0,13.0,Alive,High
ONC-00231,48.0,Female,Pancreatic,Stage II,1.13,Current,,No,26.1,2022-07-18,Radiation Therapy,2.0,22.0,Deceased,Medium
ONC-01357,58.0,Other,Colorectal,Stage IV,1.59,Current,Heavy,,26.6,2023-12-08,Chemotherapy,9.0,50.0,Deceased,High
ONC-03012,42.0,Male,Lung,Stage II,0.94,Former,None,Yes,26.3,2015-02-05,Chemotherapy,4.0,27.0,Alive,Low
ONC-00852,57.0,Male,Brain,Stage III,0.1,Current,None,,24.3,2021-12-09,Combination Therapy,6.0,11.0,Alive,High
ONC-01005,,Other,Skin (Melanoma),,6.24,Current,Heavy,Yes,12.0,2018-09-11,Palliative Care,3.0,40.0,Alive,Low
ONC-01997,71.0,Male,Liver,Stage III,0.89,Current,None,Yes,25.6,2018-03-01,Surgery,7.0,0.0,Deceased,Medium
ONC-01835,61.0,Male,Pancreatic,Stage IV,3.24,Current,Heavy,Yes,20.5,2019-01-02,Chemotherapy,10.0,20.0,Alive,Critical
ONC-03974,60.0,Female,Ovarian,Stage II,8.53,Current,None,Yes,,2018-09-06,Radiation Therapy,7.0,31.0,Deceased,Medium
ONC-00715,54.0,Other,Ovarian,,3.08,Former,None,Yes,19.3,,Palliative Care,5.0,30.0,Deceased,Low
ONC-04533,57.0,Male,Skin (Melanoma),,2.6,Former,None,Yes,21.9,2022-03-14,Palliative Care,4.0,31.0,Alive,Low
ONC-01317,48.0,Female,Liver,Stage III,3.89,Current,None,Yes,28.1,2020-09-28,Chemotherapy,2.0,,Deceased,Critical
ONC-03328,28.0,Other,Breast,Stage II,3.61,Former,Regular,Yes,29.8,2020-10-03,Radiation Therapy,8.0,9.0,Deceased,Low
ONC-01624,,Female,Liver,Stage I,11.23,Former,Heavy,No,12.0,2020-09-24,Combination Therapy,7.0,23.0,Alive,Low
ONC-01481,55.0,Male,Breast,Stage I,0.99,Former,Occasional,No,19.8,,Surgery,5.0,5.0,Alive,Low
ONC-03834,55.0,Other,Lung,Stage II,2.95,Current,Occasional,No,25.6,2022-04-08,Chemotherapy,5.0,2.0,Deceased,High
ONC-05745,55.0,Female,Brain,Stage II,1.19,Current,Heavy,Yes,19.3,2022-05-19,Palliative Care,,6.0,Alive,Medium
ONC-05100,49.0,Female,Pancreatic,Stage II,9.86,Current,Regular,No,30.9,,Combination Therapy,6.0,2.0,Alive,Medium
ONC-01279,,Male,,Stage II,,,Heavy,,,2016-11-30,Palliative Care,10.0,27.0,Deceased,Low
ONC-03081,41.0,Other,Blood (Leukemia),,2.16,Former,,Yes,26.4,2024-08-26,Chemotherapy,5.0,55.0,,High
ONC-01824,40.0,Female,Liver,Stage II,6.11,Current,Heavy,No,34.4,2017-08-15,Immunotherapy,6.0,1.0,Deceased,Medium
ONC-01054,52.0,Other,Breast,Stage I,0.26,Never,Occasional,Yes,27.8,2023-08-21,Surgery,7.0,9.0,Alive,Medium
ONC-04146,79.0,Female,Prostate,Stage I,1.03,Former,Heavy,No,29.4,2024-06-15,Chemotherapy,,6.0,Alive,Low
ONC-05933,50.0,Male,Ovarian,Stage I,2.73,Never,Regular,No,32.4,2015-07-06,Chemotherapy,,4.0,Alive,High
ONC-00476,14.0,Other,Prostate,Stage III,11.94,Current,None,Yes,29.0,2019-03-30,Immunotherapy,7.0,15.0,Alive,Critical
ONC-06449,,Male,Blood (Leukemia),Stage III,4.1,Former,Occasional,No,25.2,2017-05-13,Palliative Care,5.0,,Alive,Medium
ONC-02283,62.0,,Skin (Melanoma),Stage I,5.91,Current,None,No,30.7,2017-04-21,Combination Therapy,9.0,13.0,Alive,
ONC-03712,49.0,Other,Liver,Stage IV,2.48,Current,Regular,Yes,23.3,2018-05-20,Palliative Care,10.0,0.0,Alive,Critical
ONC-03147,69.0,Female,Blood (Leukemia),Stage II,1.59,Current,Heavy,No,19.2,2023-09-24,Chemotherapy,2.0,9.0,Alive,Low
ONC-05643,40.0,,Brain,Stage II,0.5,Never,None,Yes,25.2,2015-09-12,Surgery,,22.0,Alive,Low
ONC-00336,62.0,Male,Liver,Stage I,0.57,,Regular,No,20.3,2017-12-21,,11.0,61.0,Alive,Low
ONC-02618,67.0,Other,Skin (Melanoma),Stage IV,6.96,Former,Regular,Yes,35.3,2022-01-12,Immunotherapy,7.0,16.0,Alive,Critical
ONC-03663,48.0,Other,Brain,Stage I,2.05,Former,Regular,Yes,27.0,2022-10-24,Radiation Therapy,4.0,6.0,Deceased,Low
ONC-00089,,Female,Pancreatic,Stage III,0.7,Current,None,,27.0,2018-09-12,Immunotherapy,8.0,15.0,Alive,High
ONC-00875,67.0,Male,Prostate,Stage III,0.36,Current,Regular,Yes,24.6,2024-07-04,,4.0,16.0,Alive,Critical
ONC-07464,39.0,Other,,Stage III,1.0,Never,Occasional,Yes,31.1,2020-04-21,Immunotherapy,9.0,18.0,,High
ONC-00544,47.0,Other,Skin (Melanoma),,0.51,,None,Yes,30.8,2017-05-04,Palliative Care,8.0,2.0,Alive,Low
ONC-05338,,Other,Brain,Stage I,2.91,Former,None,No,31.5,2016-10-24,,8.0,21.0,Alive,Low
ONC-03001,,,Blood (Leukemia),Stage II,2.34,Former,Heavy,No,33.4,2015-11-10,Radiation Therapy,,8.0,Deceased,Medium
ONC-02761,62.0,Male,,Stage IV,4.2,Never,Regular,No,25.1,2023-01-09,,7.0,3.0,Alive,Medium
ONC-04628,,Male,Lung,Stage II,1.28,Never,None,No,28.6,2021-10-04,Immunotherapy,2.0,28.0,Deceased,Low
ONC-01881,45.0,Other,,Stage II,0.78,Current,Occasional,Yes,18.7,2016-09-03,Surgery,,63.0,Deceased,Medium
ONC-02838,49.0,Other,Lung,Stage IV,1.49,Never,Regular,Yes,28.6,2016-12-11,Combination Therapy,6.0,1.0,Alive,
ONC-00927,88.0,,Prostate,Stage III,2.39,Former,None,Yes,22.1,2020-07-14,Immunotherapy,10.0,17.0,Deceased,Critical
ONC-06366,40.0,Female,Ovarian,Stage IV,2.09,,Regular,Yes,23.6,2024-12-15,Immunotherapy,7.0,9.0,Alive,High
ONC-00320,51.0,Other,Brain,Stage I,2.7,Current,Occasional,Yes,30.0,2015-02-21,Palliative Care,,32.0,Alive,Low
ONC-04616,53.0,,Ovarian,Stage IV,5.45,,Regular,Yes,33.2,2023-04-01,Palliative Care,3.0,18.0,Deceased,Medium
ONC-06031,,Male,,Stage I,,Former,Heavy,Yes,34.6,2022-06-08,Immunotherapy,4.0,29.0,Alive,Low
ONC-00879,51.0,Male,Lung,Stage I,4.74,,Heavy,Yes,,2017-10-20,,9.0,25.0,Alive,Critical
ONC-06774,58.0,Female,Ovarian,Stage IV,2.42,Never,None,No,30.5,2021-10-01,Palliative Care,7.0,10.0,Deceased,High
ONC-03995,57.0,Other,Prostate,,6.47,Never,Occasional,No,21.0,2024-04-24,Chemotherapy,10.0,8.0,Alive,Low
ONC-04922,62.0,Other,Liver,Stage II,6.87,,None,Yes,28.0,2017-02-17,Immunotherapy,7.0,36.0,Deceased,Low
ONC-03247,41.0,,Breast,Stage IV,1.37,Never,Occasional,No,29.8,,,4.0,6.0,Alive,Critical
ONC-05387,63.0,Male,Colorectal,Stage III,2.43,Never,,Yes,20.2,2018-03-20,Chemotherapy,7.0,0.0,Alive,Critical
ONC-03079,69.0,Female,,Stage IV,2.4,Former,,No,22.7,2019-07-02,Radiation Therapy,6.0,0.0,Alive,Medium
ONC-03762,73.0,Male,Colorectal,,1.97,Never,Regular,Yes,26.7,,Radiation Therapy,4.0,10.0,Alive,Critical
ONC-04731,53.0,Female,Lung,Stage III,2.05,Never,Occasional,,26.7,2019-12-01,,7.0,41.0,Deceased,Critical
ONC-07349,34.0,Other,Pancreatic,Stage I,1.77,Current,Heavy,Yes,26.3,2024-01-29,,2.0,41.0,Alive,Low
ONC-04235,51.0,Male,Colorectal,Stage I,,Never,Regular,No,27.8,2015-06-21,Surgery,9.0,4.0,Alive,Low
ONC-04260,77.0,Other,Breast,Stage III,0.87,Former,None,No,23.1,2021-07-22,Surgery,5.0,29.0,Deceased,
ONC-01619,59.0,Female,Blood (Leukemia),Stage III,0.57,Current,Heavy,No,36.9,2017-12-16,Combination Therapy,6.0,7.0,Alive,Medium
ONC-03727,89.0,Male,Liver,Stage IV,6.08,Never,Regular,Yes,31.3,,Palliative Care,7.0,0.0,Alive,High
ONC-01535,47.0,Other,Lung,Stage IV,2.26,Never,Heavy,,25.1,2022-07-23,Palliative Care,4.0,9.0,Alive,High
ONC-05888,,Male,Lung,Stage II,0.34,Never,None,No,,2016-01-10,Combination Therapy,4.0,8.0,Alive,High
ONC-01046,57.0,Male,,Stage II,,Current,Occasional,Yes,24.0,,Surgery,4.0,21.0,Alive,Low
ONC-05057,,Other,Pancreatic,Stage IV,4.48,Current,Heavy,Yes,25.9,2022-11-15,Surgery,6.0,0.0,Alive,High
ONC-01751,37.0,Female,Prostate,Stage II,0.74,Never,Occasional,Yes,29.8,2022-11-02,Palliative Care,8.0,11.0,Alive,Low
ONC-05152,64.0,Female,Prostate,Stage II,5.67,Never,None,No,24.1,2017-09-10,Surgery,3.0,68.0,Alive,Low
ONC-03879,65.0,Male,Prostate,Stage III,0.67,Current,Regular,No,24.4,2017-07-07,Surgery,7.0,20.0,Alive,High
ONC-05865,72.0,Other,Breast,Stage II,3.22,Current,Heavy,No,26.9,2019-11-15,Combination Therapy,9.0,65.0,Alive,Medium
ONC-05601,55.0,,Brain,Stage III,3.29,Former,Occasional,No,27.5,2015-10-30,Combination Therapy,5.0,13.0,Deceased,Critical
ONC-03918,75.0,Unknown,Ovarian,Stage II,2.09,Current,Occasional,Yes,18.3,2024-04-01,Radiation Therapy,6.0,4.0,Alive,Medium
ONC-05190,36.0,Female,Lung,Stage I,5.87,Former,None,No,31.8,2019-05-24,Combination Therapy,4.0,62.0,Alive,Low
ONC-01044,,Other,Breast,Stage IV,5.3,Current,Regular,,30.0,2024-07-23,Chemotherapy,4.0,11.0,Alive,Critical
ONC-03011,44.0,,Colorectal,Stage III,7.36,Current,Heavy,No,29.6,2018-06-24,Immunotherapy,,8.0,Alive,Critical
ONC-05156,63.0,Female,Prostate,Stage III,1.61,Never,,,25.5,2023-04-12,Combination Therapy,,,Alive,Critical
ONC-06778,,Other,Lung,Stage I,0.21,Never,Heavy,,,2016-04-12,Combination Therapy,3.0,18.0,Alive,Medium
ONC-03291,66.0,Female,Breast,Stage II,5.18,Current,Heavy,No,30.5,2023-08-19,Chemotherapy,8.0,2.0,Deceased,Medium
ONC-04550,53.0,Other,Skin (Melanoma),Stage II,2.39,Never,Heavy,No,17.7,,Radiation Therapy,6.0,36.0,Alive,Low
ONC-04752,55.0,Male,Pancreatic,Stage III,2.35,Former,,No,23.5,2016-06-14,Radiation Therapy,,1.0,,Critical
ONC-02065,59.0,Other,,Stage I,2.56,Current,None,Yes,20.4,2015-05-28,Palliative Care,6.0,,Alive,Medium
ONC-02965,57.0,,Ovarian,Stage IV,14.98,Former,Occasional,No,24.1,2017-10-17,Palliative Care,3.0,18.0,Alive,Critical
ONC-00642,58.0,Male,Skin (Melanoma),Stage I,,Never,None,No,18.7,2017-10-29,,5.0,6.0,Alive,Low
ONC-00138,47.0,Male,Blood (Leukemia),Stage I,6.05,Never,None,Yes,30.5,2018-01-19,Immunotherapy,5.0,9.0,Alive,Medium
ONC-00881,36.0,Female,Blood (Leukemia),Stage III,3.24,Never,,Yes,32.5,2024-03-19,Radiation Therapy,5.0,6.0,Alive,Medium
ONC-01977,,Male,Lung,Stage IV,0.4,Former,Regular,Yes,20.7,2015-05-16,,10.0,14.0,Alive,Critical
ONC-01582,73.0,Female,Blood (Leukemia),Stage I,3.89,Former,Occasional,No,22.5,2022-05-21,Radiation Therapy,10.0,23.0,Deceased,Low
ONC-04794,40.0,Male,Skin (Melanoma),Stage II,0.8,Former,None,No,34.5,2016-09-02,Combination Therapy,5.0,17.0,Alive,Medium
ONC-01098,55.0,Other,Liver,Stage IV,0.1,Never,Heavy,No,26.2,2022-10-09,,3.0,,Alive,High
ONC-06928,72.0,Other,Lung,Stage I,0.82,Former,Occasional,No,17.0,2022-10-31,Chemotherapy,4.0,14.0,Deceased,Medium
ONC-07445,36.0,Other,Breast,Stage IV,3.29,,Heavy,No,21.4,2021-04-26,Immunotherapy,7.0,13.0,Alive,Critical
ONC-06550,65.0,Female,Breast,Stage I,6.3,Current,Occasional,No,22.3,,Palliative Care,5.0,3.0,Alive,Low
ONC-06593,55.0,Male,Pancreatic,Stage I,16.41,Former,Heavy,Yes,20.9,2023-11-19,Radiation Therapy,5.0,44.0,Alive,Medium
ONC-01393,,Female,Ovarian,Stage III,1.08,Current,None,Yes,22.3,2023-08-29,Surgery,4.0,4.0,Deceased,High
ONC-02084,34.0,Other,Breast,Stage II,4.82,Former,Heavy,No,32.8,2015-04-25,Radiation Therapy,1.0,29.0,Deceased,Low
ONC-01267,60.0,,Ovarian,Stage I,0.85,Never,Occasional,No,30.2,2018-05-19,Surgery,8.0,39.0,Alive,Low
ONC-06472,51.0,Other,Pancreatic,Stage II,0.15,Current,,Yes,15.0,,Chemotherapy,8.0,,Alive,High
ONC-06462,57.0,Male,Ovarian,Stage I,1.0,Former,Regular,Yes,31.4,,Combination Therapy,5.0,0.0,Alive,Medium
ONC-04232,48.0,Male,Blood (Leukemia),Stage I,6.19,Current,Heavy,No,21.1,2019-04-30,Radiation Therapy,,15.0,,Low
ONC-05266,74.0,Other,Colorectal,,13.55,Former,Occasional,No,24.7,2020-11-01,Chemotherapy,5.0,7.0,Alive,Critical
ONC-02575,60.0,Female,Skin (Melanoma),Stage I,5.22,Former,None,No,29.8,2020-04-22,Radiation Therapy,5.0,9.0,Alive,Low
ONC-02136,,Female,Blood (Leukemia),Stage II,2.27,Never,Regular,,24.7,2015-07-22,Palliative Care,,9.0,Alive,Medium
ONC-01504,62.0,Female,,Stage II,1.53,Never,Heavy,No,31.0,2024-11-28,Immunotherapy,8.0,0.0,Alive,High
ONC-05459,81.0,Other,Colorectal,Stage I,1.04,Former,Occasional,No,28.5,2018-08-25,Palliative Care,5.0,0.0,Alive,Medium
ONC-07126,68.0,Other,Pancreatic,Stage I,,Former,Occasional,Yes,25.7,2020-08-09,Palliative Care,8.0,5.0,Deceased,Medium
ONC-03368,31.0,,Breast,Stage IV,1.17,Current,Heavy,Yes,27.5,2021-02-13,Radiation Therapy,,1.0,,Medium
ONC-03730,35.0,Female,Prostate,Stage III,2.09,Never,Occasional,Yes,22.2,,Immunotherapy,10.0,8.0,Alive,Medium
ONC-00149,42.0,,Pancreatic,Stage III,1.6,Never,Regular,Yes,24.5,2018-06-25,Immunotherapy,3.0,1.0,Alive,High
ONC-00304,49.0,Female,Breast,Stage I,3.85,,None,Yes,26.3,2019-12-13,Immunotherapy,9.0,7.0,Alive,Low
ONC-05114,74.0,Female,Blood (Leukemia),Stage III,3.01,Current,Heavy,No,27.0,,Combination Therapy,10.0,4.0,,Medium
ONC-01925,64.0,Other,Liver,Stage II,0.23,Current,Regular,Yes,30.9,2021-11-05,Immunotherapy,5.0,8.0,Deceased,Low
ONC-05149,74.0,,,Stage IV,5.71,Former,None,,29.9,2017-10-28,Immunotherapy,10.0,43.0,Deceased,Low
ONC-02489,,Female,,Stage III,0.17,Current,Heavy,Yes,16.3,2022-03-14,Radiation Therapy,3.0,44.0,Alive,Medium
ONC-06510,38.0,Other,,Stage IV,1.02,Never,Regular,No,26.0,2022-07-20,,5.0,78.0,,Medium
ONC-02638,65.0,Female,Colorectal,Stage II,2.03,Never,Heavy,Yes,22.7,2024-09-27,Surgery,8.0,14.0,Alive,Medium
ONC-07137,35.0,Male,Ovarian,Stage I,1.48,Never,Occasional,Yes,26.0,2018-01-07,,3.0,,Alive,Low
ONC-01905,35.0,Other,Blood (Leukemia),Stage IV,3.48,Current,Heavy,No,23.9,2019-09-30,Radiation Therapy,12.0,29.0,Alive,Critical
ONC-07428,66.0,,Prostate,Stage II,1.64,Never,Occasional,Yes,15.3,2022-01-27,Immunotherapy,6.0,10.0,Deceased,
ONC-04295,47.0,Other,Liver,Stage IV,3.86,Former,Occasional,No,22.2,2015-01-09,Palliative Care,,26.0,Alive,High
ONC-03843,63.0,Male,Blood (Leukemia),Stage I,0.82,Current,Heavy,Yes,33.8,2022-05-25,Palliative Care,5.0,,Alive,Low
ONC-07064,70.0,Male,Lung,Stage IV,3.86,,None,No,15.6,2019-10-22,Immunotherapy,12.0,14.0,Alive,Critical
ONC-01769,54.0,Male,Blood (Leukemia),Stage III,5.46,Never,Heavy,Yes,21.3,2023-02-01,Palliative Care,8.0,10.0,Alive,Critical
ONC-02876,49.0,Other,Lung,,1.23,Former,Occasional,Yes,24.6,2023-06-02,Immunotherapy,6.0,10.0,Alive,High
ONC-02241,,Male,Breast,Stage III,3.27,Former,Heavy,No,24.4,2018-06-12,Radiation Therapy,6.0,23.0,Alive,Medium
ONC-04501,22.0,Female,Colorectal,Stage IV,4.05,Current,Regular,Yes,26.0,2018-02-21,Radiation Therapy,4.0,,,
ONC-01258,71.0,Female,Liver,Stage III,0.28,Never,Occasional,Yes,28.0,2024-11-17,Radiation Therapy,12.0,11.0,Alive,High
ONC-03893,51.0,,Lung,Stage III,2.49,Former,Occasional,No,23.2,2023-07-24,Radiation Therapy,5.0,28.0,,Critical
ONC-00484,32.0,Other,Liver,Stage IV,4.14,,Heavy,No,21.4,2018-06-10,Combination Therapy,,26.0,Alive,High
ONC-05279,83.0,Male,Colorectal,Stage III,7.93,Former,Occasional,,26.8,,Immunotherapy,5.0,14.0,Alive,Critical
ONC-05436,67.0,Other,Skin (Melanoma),Stage IV,2.91,Former,Regular,Yes,18.3,2017-09-22,Palliative Care,,,Alive,Critical
ONC-01281,62.0,Other,Skin (Melanoma),Stage III,0.74,Former,,,28.0,2018-04-03,Combination Therapy,7.0,21.0,Alive,High
ONC-05128,68.0,Male,,Stage III,0.31,Current,Heavy,Yes,27.7,2022-03-07,Surgery,9.0,0.0,Deceased,Medium
ONC-03681,70.0,Male,Blood (Leukemia),Stage III,5.13,Former,Regular,Yes,23.8,,Chemotherapy,,13.0,,High
ONC-00792,,Other,Pancreatic,Stage II,1.32,Current,Heavy,Yes,30.3,2017-02-12,Chemotherapy,9.0,11.0,Alive,
ONC-04896,41.0,,Skin (Melanoma),Stage II,1.23,Current,Occasional,No,14.8,2020-04-03,Surgery,9.0,2.0,,High
ONC-06529,66.0,Male,Brain,Stage III,1.98,Former,None,No,28.3,,,4.0,,Deceased,High
ONC-06895,53.0,Male,,Stage II,1.55,Current,Regular,Yes,28.2,2022-09-12,Immunotherapy,4.0,0.0,Alive,Low
ONC-01202,82.0,,Blood (Leukemia),Stage I,0.88,Current,Regular,Yes,24.8,2017-08-23,Immunotherapy,9.0,,Alive,Low
ONC-04519,42.0,Female,Ovarian,,1.4,Former,Heavy,Yes,19.1,2015-11-01,Palliative Care,7.0,,Deceased,Critical
ONC-03913,85.0,Female,Breast,Stage III,5.14,Former,Regular,Yes,,2015-11-27,Chemotherapy,9.0,13.0,Alive,
ONC-02363,51.0,Male,Ovarian,Stage II,0.85,Never,Heavy,No,25.6,2021-04-11,Surgery,8.0,1.0,Deceased,Medium
ONC-00206,50.0,Other,Brain,Stage III,1.04,Current,Heavy,No,26.7,,Surgery,5.0,1.0,Alive,High
ONC-03070,43.0,Male,Brain,,2.36,Former,Heavy,No,19.4,,Surgery,9.0,,Alive,Medium
ONC-03430,37.0,Female,,,2.31,Former,Heavy,No,25.8,2015-04-29,,6.0,,Alive,High
ONC-05980,49.0,Female,Breast,,2.25,Former,Heavy,No,24.4,2024-01-05,Chemotherapy,6.0,,Deceased,
ONC-03775,50.0,Other,Colorectal,Stage IV,2.83,Current,None,No,21.1,2024-06-20,Combination Therapy,6.0,2.0,Alive,Critical
ONC-03002,40.0,Male,Pancreatic,Stage IV,5.28,Current,Heavy,No,26.1,2022-07-02,Surgery,3.0,5.0,Alive,High
ONC-05576,46.0,Female,Breast,Stage II,8.04,,Regular,No,28.6,2024-08-27,Radiation Therapy,7.0,8.0,Alive,Medium
ONC-02592,49.0,Female,Breast,Stage I,0.3,Former,Heavy,No,26.8,2018-02-11,Radiation Therapy,5.0,0.0,Alive,Low
ONC-06025,43.0,,Liver,Stage I,1.4,Former,Regular,Yes,32.9,2016-10-20,Immunotherapy,8.0,7.0,,Low
ONC-02711,55.0,Other,Brain,Stage I,1.91,,None,Yes,25.3,2018-08-19,Immunotherapy,5.0,3.0,Alive,
ONC-05717,54.0,Other,Liver,Stage I,5.93,Former,Occasional,No,18.1,2015-08-09,Radiation Therapy,6.0,17.0,Deceased,Critical
ONC-01530,57.0,Male,Liver,Stage III,6.81,Former,Occasional,No,33.3,,Palliative Care,6.0,14.0,Alive,High
ONC-04999,66.0,Female,Liver,Stage III,6.47,Former,Heavy,Yes,12.0,2016-06-06,Palliative Care,8.0,46.0,Deceased,High
ONC-02810,60.0,Female,Ovarian,Stage I,2.47,Current,Regular,No,33.7,2019-10-19,Combination Therapy,5.0,,Alive,Low
ONC-00686,70.0,Female,Pancreatic,Stage II,1.06,Former,None,No,21.8,2023-04-04,Chemotherapy,6.0,38.0,Alive,Medium
ONC-01552,90.0,Other,Brain,Stage II,1.34,Never,None,No,21.0,2023-03-24,Surgery,8.0,26.0,Deceased,High
ONC-03391,67.0,Female,Colorectal,Stage III,1.52,,None,Yes,30.9,2016-04-22,Surgery,5.0,18.0,Alive,
ONC-04256,34.0,Male,Brain,Stage IV,2.7,Current,Occasional,No,24.5,2018-04-26,Surgery,8.0,6.0,Deceased,Critical
ONC-05096,35.0,Male,Ovarian,Stage I,3.48,Current,None,No,29.5,2018-08-08,Combination Therapy,6.0,,Alive,Medium
ONC-03872,50.0,Male,Blood (Leukemia),,2.22,Current,Regular,No,24.3,2018-03-02,Surgery,6.0,45.0,Alive,High
ONC-05123,79.0,Female,Liver,,3.9,Former,,,27.8,2015-07-31,Radiation Therapy,9.0,9.0,Alive,Critical
ONC-00561,,Other,Colorectal,,,Never,Occasional,Yes,23.4,2015-10-21,,7.0,84.0,Deceased,High
ONC-02251,85.0,Other,Liver,Stage II,0.7,Former,Heavy,No,17.3,2017-12-09,Radiation Therapy,4.0,5.0,Alive,Medium
ONC-07459,81.0,Male,Colorectal,Stage III,1.17,Current,Regular,Yes,23.0,2021-12-02,Combination Therapy,7.0,29.0,Deceased,Medium
ONC-03501,64.0,Female,Blood (Leukemia),Stage IV,0.49,,Heavy,Yes,24.6,2024-04-14,Surgery,13.0,0.0,,High
ONC-02690,48.0,,Lung,Stage III,6.39,Current,Heavy,No,26.8,2017-03-15,Palliative Care,6.0,3.0,Alive,High
ONC-04209,,Male,Ovarian,Stage II,1.14,Never,,No,22.8,2018-08-02,Immunotherapy,8.0,10.0,,High
ONC-03708,42.0,Other,Prostate,Stage II,5.4,Former,Heavy,No,23.2,,Surgery,5.0,22.0,Deceased,
ONC-03380,52.0,Male,Prostate,Stage I,4.49,Former,Regular,No,29.1,2016-10-31,,,10.0,Deceased,Low
ONC-03194,47.0,,Colorectal,Stage III,0.42,Current,Occasional,Yes,31.3,2017-01-10,Chemotherapy,5.0,13.0,Alive,Medium
ONC-01447,84.0,Female,Skin (Melanoma),Stage III,3.52,Former,Occasional,No,21.1,2020-01-01,Surgery,5.0,8.0,Alive,Critical
ONC-01953,43.0,Male,Breast,,2.13,Current,Occasional,Yes,36.0,2024-06-22,Palliative Care,6.0,30.0,Deceased,Low
ONC-00923,70.0,Other,Brain,Stage II,5.14,Former,Regular,Yes,20.7,,Chemotherapy,2.0,5.0,Alive,Medium
ONC-01625,64.0,,Skin (Melanoma),Stage I,3.46,Former,None,No,17.0,,,10.0,11.0,Alive,Critical
ONC-00311,65.0,Female,Prostate,Stage IV,4.21,Never,None,Yes,32.7,2016-07-27,Surgery,7.0,,Alive,Critical
ONC-06950,65.0,Female,Pancreatic,Stage I,1.57,,,,21.3,2024-02-01,Surgery,4.0,6.0,Alive,Low
ONC-01320,82.0,Male,Prostate,Stage III,2.22,Never,Occasional,No,20.9,2016-01-05,Palliative Care,3.0,8.0,Alive,Medium
ONC-03532,50.0,,Skin (Melanoma),Stage II,1.21,Current,Occasional,No,28.6,2021-12-17,Palliative Care,7.0,3.0,Alive,Low
ONC-01664,24.0,Female,Blood (Leukemia),Stage III,1.56,Current,Regular,No,29.7,2020-11-27,Chemotherapy,5.0,11.0,Alive,Critical
ONC-00816,57.0,Other,Brain,Stage II,4.1,Former,None,No,21.3,2015-02-02,Surgery,8.0,7.0,Alive,Low
ONC-07242,68.0,,Brain,,4.56,,Regular,Yes,23.6,2022-08-25,Chemotherapy,7.0,59.0,Deceased,Critical
ONC-02267,51.0,,Prostate,Stage III,3.3,Never,Heavy,Yes,29.7,2018-11-06,Palliative Care,5.0,0.0,Deceased,Medium
ONC-01474,39.0,Female,Pancreatic,,1.65,Never,None,Yes,31.9,2024-01-20,Radiation Therapy,6.0,40.0,Deceased,Medium
ONC-01774,,Female,Blood (Leukemia),Stage II,6.53,,Regular,Yes,13.9,2019-06-05,Palliative Care,4.0,,Alive,High
ONC-04776,51.0,Female,Pancreatic,Stage I,2.53,Never,Occasional,No,28.0,2017-07-20,Combination Therapy,2.0,18.0,Deceased,Medium
ONC-07366,53.0,Other,Ovarian,Stage IV,1.37,Current,Regular,,24.9,2024-07-20,Palliative Care,,5.0,Alive,Critical
ONC-01094,48.0,Male,Prostate,Stage IV,0.9,Former,None,No,25.2,2015-09-13,,,28.0,Deceased,Medium
ONC-04177,55.0,Female,Blood (Leukemia),Stage IV,4.88,Never,Occasional,Yes,25.4,2022-11-20,Immunotherapy,6.0,6.0,Alive,High
ONC-01951,80.0,Other,Liver,Stage IV,0.27,Former,,No,23.1,2022-10-23,Combination Therapy,10.0,19.0,Alive,Critical
ONC-06757,76.0,Male,Breast,Stage IV,1.44,Former,,No,22.1,2019-12-17,Chemotherapy,,1.0,Alive,Critical
ONC-03885,63.0,,Lung,Stage II,2.94,Never,Heavy,Yes,25.4,2015-03-30,Chemotherapy,8.0,1.0,Alive,Medium
ONC-07214,50.0,Male,Blood (Leukemia),Stage IV,0.64,Former,Regular,No,22.8,2019-10-06,Chemotherapy,7.0,65.0,Alive,Critical
ONC-07458,86.0,Other,Pancreatic,Stage IV,0.39,Former,None,Yes,25.4,2019-01-02,Surgery,7.0,,Alive,High
ONC-02801,51.0,Other,,Stage IV,4.09,Never,,Yes,,2022-01-01,Palliative Care,9.0,11.0,,High
ONC-01240,71.0,,Breast,Stage II,1.84,,,No,27.7,2018-12-22,Chemotherapy,6.0,3.0,Alive,Critical
ONC-00330,,,Breast,Stage II,3.28,Current,,No,27.6,2015-01-06,Palliative Care,5.0,5.0,Alive,Medium
ONC-03103,36.0,Female,Liver,Stage III,3.31,Current,Regular,No,27.7,2019-03-05,Palliative Care,8.0,4.0,Alive,High
ONC-00243,,Male,Colorectal,Stage III,0.91,Former,None,No,25.1,2019-09-03,Combination Therapy,10.0,5.0,Alive,Critical
ONC-07473,,Other,Liver,Stage II,3.53,Never,None,No,23.0,2017-03-29,Surgery,,17.0,Alive,Medium
ONC-04738,59.0,Male,Brain,,,Never,None,,24.7,2019-10-27,Immunotherapy,4.0,6.0,Alive,Low
ONC-04793,61.0,Female,Lung,Stage IV,2.5,Never,Heavy,Yes,30.0,2024-05-18,Surgery,4.0,,Alive,Critical
ONC-02258,76.0,Female,Skin (Melanoma),Stage III,1.45,Never,Heavy,No,28.5,2023-07-13,,7.0,,Alive,Critical
ONC-06647,67.0,Male,Colorectal,Stage I,1.51,Current,Occasional,No,33.1,2020-10-02,Immunotherapy,10.0,34.0,Alive,Low
ONC-02819,11.0,Other,Blood (Leukemia),Stage IV,3.08,Current,Heavy,No,,2016-01-20,Combination Therapy,8.0,26.0,Deceased,
ONC-03825,66.0,Male,Ovarian,Stage II,3.38,Former,Occasional,No,28.8,2023-01-08,Surgery,4.0,15.0,Deceased,High
ONC-00754,69.0,Other,Brain,Stage IV,1.19,Former,None,No,26.9,2019-03-28,Combination Therapy,10.0,3.0,Alive,High
ONC-04532,40.0,Female,Colorectal,Stage I,3.79,Current,Regular,Yes,28.2,2019-10-28,Surgery,5.0,17.0,Deceased,High
ONC-01564,64.0,Female,Liver,Stage I,3.74,Former,None,No,28.6,2021-03-02,Surgery,9.0,11.0,Alive,Low
ONC-01935,63.0,Male,Colorectal,Stage I,0.76,Current,Heavy,,25.9,2018-12-23,Immunotherapy,4.0,18.0,Alive,Low
ONC-03769,61.0,,Brain,Stage II,0.66,Former,,Yes,31.3,2020-10-27,Combination Therapy,6.0,36.0,Deceased,Critical
ONC-03494,69.0,Female,,Stage IV,5.15,,Regular,Yes,31.3,2017-08-17,Radiation Therapy,11.0,93.0,,Critical
ONC-03023,75.0,Female,Liver,,0.95,Current,Regular,No,23.2,2020-02-14,Immunotherapy,12.0,12.0,Deceased,High
ONC-05809,82.0,Other,Colorectal,Stage III,3.49,Never,Heavy,Yes,31.3,2023-05-23,,7.0,15.0,,Medium
ONC-04648,40.0,Other,Liver,,,Former,None,No,30.6,2017-10-19,Radiation Therapy,9.0,29.0,Alive,Low
ONC-02649,60.0,Male,Colorectal,Stage II,6.3,Never,Heavy,No,23.1,,Surgery,5.0,19.0,Alive,High
ONC-01857,,Female,Brain,Stage IV,0.1,,Heavy,No,30.5,2018-05-08,Chemotherapy,2.0,8.0,Alive,Critical
ONC-04698,44.0,Other,Lung,Stage II,0.34,Former,None,Yes,25.6,2022-03-27,Radiation Therapy,2.0,5.0,Alive,Medium
ONC-03564,41.0,Other,Ovarian,Stage I,5.01,Never,None,No,37.6,2016-05-17,Radiation Therapy,,4.0,Alive,Medium
ONC-01965,71.0,Male,Blood (Leukemia),Stage I,8.54,Never,Occasional,No,26.5,2022-12-14,Surgery,3.0,1.0,,Low
ONC-01014,70.0,Female,Pancreatic,Stage I,3.98,Current,Occasional,No,29.0,2020-08-01,Combination Therapy,8.0,16.0,Alive,High
ONC-05835,36.0,Male,Lung,,0.54,Current,None,Yes,31.5,2019-11-14,Radiation Therapy,,6.0,Alive,High
ONC-01428,16.0,Other,Liver,Stage I,4.57,Never,Heavy,Yes,26.5,2016-08-03,Palliative Care,,4.0,,High
ONC-06109,,Male,Lung,Stage IV,5.48,Never,Regular,No,23.9,2016-03-22,Palliative Care,7.0,0.0,Alive,Medium
ONC-03323,59.0,Other,,Stage III,8.31,Former,None,Yes,24.7,2024-11-06,Radiation Therapy,3.0,9.0,Alive,Critical
ONC-05483,53.0,Other,Ovarian,Stage IV,3.14,Current,Heavy,Yes,26.0,2018-06-08,Surgery,7.0,,Alive,High
ONC-01296,59.0,,,Stage I,1.2,Current,Regular,No,22.2,2019-06-20,Surgery,8.0,31.0,Deceased,Medium
ONC-00467,55.0,,Breast,,0.9,Former,Heavy,No,33.5,2024-11-19,Surgery,,3.0,,Medium
ONC-04029,63.0,Other,Ovarian,Stage IV,0.88,Never,Regular,No,,2021-10-10,Radiation Therapy,2.0,12.0,Deceased,
ONC-05596,66.0,Female,Ovarian,Stage III,0.6,Current,Regular,Yes,24.0,2024-01-18,Palliative Care,,,Deceased,High
ONC-00175,61.0,Other,,Stage IV,2.4,,Regular,No,24.1,2024-09-01,Surgery,8.0,10.0,Deceased,High
ONC-04881,55.0,Female,Lung,Stage I,6.31,Current,Regular,Yes,39.0,2018-03-10,Immunotherapy,9.0,12.0,Alive,Medium
ONC-00278,84.0,Female,Liver,Stage I,3.55,Current,None,Yes,32.9,2023-08-16,Chemotherapy,5.0,4.0,Alive,Medium
ONC-01070,30.0,Other,Lung,Stage I,0.93,Never,None,Yes,31.0,2019-02-05,Chemotherapy,8.0,17.0,,Low
ONC-01549,40.0,Male,,,1.31,Current,Regular,Yes,27.7,2020-12-07,Immunotherapy,10.0,0.0,Alive,Low
ONC-01025,35.0,Male,Liver,Stage III,0.63,Current,Occasional,No,26.9,,Radiation Therapy,6.0,4.0,Alive,
ONC-05562,53.0,Female,,Stage III,5.19,Never,None,No,24.2,2023-08-01,Combination Therapy,7.0,18.0,Alive,Critical
ONC-06867,40.0,Male,Pancreatic,Stage II,1.51,Never,None,No,,2015-07-10,Chemotherapy,9.0,28.0,Deceased,High
ONC-05037,66.0,,Liver,Stage III,0.67,Former,Regular,No,35.0,2021-08-24,Surgery,10.0,2.0,Deceased,High
ONC-02835,68.0,Male,Blood (Leukemia),,3.73,Former,,,,2022-04-23,Chemotherapy,13.0,2.0,,Medium
ONC-06804,58.0,Male,Breast,Stage III,1.93,Never,None,No,31.7,2020-02-22,Combination Therapy,8.0,2.0,Deceased,Medium
ONC-01467,,Male,Colorectal,Stage II,2.47,Current,Heavy,Yes,30.7,2018-09-21,Surgery,6.0,1.0,Alive,
ONC-05420,70.0,Male,Prostate,Stage IV,4.53,,Heavy,No,34.2,,Palliative Care,,22.0,Deceased,High
ONC-06772,96.0,,Lung,Stage III,0.42,Current,Occasional,Yes,22.9,2017-12-01,Radiation Therapy,7.0,6.0,Alive,Medium
ONC-05496,20.0,Female,,Stage III,12.16,Former,,Yes,,2016-09-29,,3.0,11.0,,Critical
ONC-07246,46.0,Male,Brain,Stage I,13.24,Current,Heavy,No,,2018-08-29,Combination Therapy,8.0,14.0,Alive,Low
ONC-05546,69.0,Other,,,4.72,Never,,Yes,25.8,2024-12-18,Palliative Care,,,Alive,Medium
ONC-05003,72.0,Other,Liver,Stage II,0.88,Current,Heavy,Yes,27.0,2020-07-26,Palliative Care,,9.0,Deceased,High
ONC-01714,60.0,Male,Prostate,Stage II,1.14,Never,None,Yes,18.8,2020-04-10,Chemotherapy,4.0,12.0,Deceased,Low
ONC-03425,90.0,Female,Breast,Stage III,13.43,Never,Occasional,No,22.8,2018-11-02,Radiation Therapy,8.0,20.0,Alive,High
ONC-02612,37.0,Female,Blood (Leukemia),Stage IV,0.22,Never,Heavy,No,34.3,2024-05-28,Immunotherapy,12.0,7.0,Alive,Critical
ONC-05992,53.0,Female,Blood (Leukemia),Stage II,1.51,Never,Regular,No,26.5,2016-10-01,Immunotherapy,5.0,,,High
ONC-00389,74.0,Other,Brain,Stage IV,0.72,Never,None,No,,2018-04-25,Radiation Therapy,6.0,1.0,Deceased,Critical
ONC-02071,41.0,Other,Lung,Stage IV,15.97,Current,,No,29.3,2018-05-07,Immunotherapy,,13.0,Deceased,Critical
ONC-03971,61.0,Female,Ovarian,Stage III,2.21,Former,Regular,,24.4,2018-11-06,Combination Therapy,3.0,32.0,Alive,High
ONC-07056,85.0,Male,Ovarian,,4.03,Current,Regular,Yes,34.0,2015-07-03,Combination Therapy,3.0,38.0,,Critical
ONC-06269,,Female,Lung,Stage I,,Current,Regular,No,23.0,2024-11-08,Chemotherapy,4.0,3.0,Alive,Low
ONC-03496,58.0,Male,Breast,Stage I,3.9,Former,None,Yes,23.5,2022-08-29,Palliative Care,,2.0,,Low
ONC-07026,41.0,Other,Lung,Stage I,4.62,Current,None,Yes,20.7,2020-04-20,Combination Therapy,3.0,,,Low
ONC-02822,65.0,Female,Liver,Stage II,3.86,Never,None,No,28.2,2016-09-15,Chemotherapy,7.0,3.0,Deceased,Low
ONC-04977,57.0,Female,Breast,Stage IV,2.24,Former,Regular,,29.1,2020-05-21,Combination Therapy,5.0,2.0,Alive,Medium
ONC-01425,52.0,Male,Ovarian,Stage III,,Former,Regular,No,26.5,,Combination Therapy,6.0,6.0,Alive,Medium
ONC-03543,37.0,Other,Skin (Melanoma),Stage IV,2.69,Current,Regular,Yes,25.3,2015-11-02,Immunotherapy,4.0,34.0,Alive,High
ONC-03552,22.0,Other,Skin (Melanoma),Stage IV,2.77,Former,Regular,No,18.8,2023-11-22,Chemotherapy,10.0,24.0,Alive,High
ONC-03575,54.0,Male,,Stage IV,0.15,Former,Heavy,No,19.5,2020-11-08,Combination Therapy,4.0,11.0,Alive,Critical
ONC-00051,50.0,Female,Brain,Stage II,0.68,Former,Heavy,Yes,22.0,2016-08-27,Palliative Care,,1.0,Alive,Medium
ONC-01888,63.0,Male,Ovarian,Stage II,2.59,Never,,,26.1,2015-12-05,Chemotherapy,7.0,3.0,Alive,Low
ONC-05799,61.0,Other,Breast,Stage IV,5.06,Former,None,No,25.9,2024-11-13,Combination Therapy,,6.0,,High
ONC-06588,79.0,Female,Blood (Leukemia),Stage II,5.12,Former,Occasional,Yes,24.4,2023-04-27,Radiation Therapy,2.0,1.0,Alive,Medium
ONC-03696,99.0,,Lung,Stage III,1.43,Never,Occasional,Yes,28.5,2020-10-03,Surgery,8.0,67.0,Alive,Critical
ONC-04230,57.0,Male,Prostate,Stage II,5.0,Former,Regular,Yes,17.2,2018-06-17,Immunotherapy,6.0,15.0,Alive,Medium
ONC-05202,,,Lung,Stage II,1.38,,Regular,Yes,21.8,,Palliative Care,4.0,,,Low
ONC-04800,50.0,Other,Pancreatic,Stage IV,9.5,Current,Occasional,No,26.3,2023-09-21,Chemotherapy,3.0,18.0,Alive,Critical
ONC-00483,58.0,Other,Liver,Stage III,5.26,Former,,No,17.3,2022-08-19,Immunotherapy,6.0,35.0,Deceased,Medium
ONC-03394,47.0,Other,,Stage II,3.85,Former,Occasional,No,26.9,2022-10-10,Combination Therapy,7.0,12.0,Alive,Low
ONC-05242,67.0,Male,Skin (Melanoma),Stage II,3.06,Current,Heavy,,32.7,2019-03-28,Palliative Care,3.0,0.0,Alive,Medium
ONC-06135,72.0,Female,Prostate,Stage III,1.43,Former,Occasional,No,28.7,2024-02-14,Combination Therapy,2.0,47.0,Alive,Medium
ONC-02252,89.0,,Brain,Stage I,3.66,Never,,No,23.3,2017-07-22,Combination Therapy,9.0,53.0,Alive,Medium
ONC-04163,,Female,Ovarian,Stage II,8.01,Current,Heavy,Yes,27.1,,Radiation Therapy,7.0,14.0,Alive,Medium
ONC-06457,64.0,Male,Liver,Stage III,1.09,Former,Regular,No,,,Combination Therapy,,14.0,Deceased,High
ONC-06878,49.0,Male,,Stage IV,1.3,Current,Occasional,Yes,17.4,2015-10-03,Immunotherapy,6.0,13.0,Alive,Critical
ONC-02314,85.0,,Prostate,Stage II,2.6,Former,Regular,No,18.8,2018-01-12,Immunotherapy,3.0,22.0,Deceased,High
ONC-02850,70.0,Other,Blood (Leukemia),Stage II,4.22,Current,None,No,29.5,,,5.0,22.0,Alive,Low
ONC-07479,41.0,Female,Colorectal,Stage III,5.78,Never,Occasional,Yes,28.1,,Chemotherapy,7.0,,Deceased,High
ONC-03104,32.0,,Blood (Leukemia),Stage III,1.06,Never,None,No,24.9,2015-12-16,Chemotherapy,4.0,15.0,Alive,Medium
ONC-05004,44.0,,,Stage II,7.8,Former,Heavy,No,25.9,2024-06-30,Surgery,4.0,18.0,Alive,High
ONC-04128,10.0,Other,Skin (Melanoma),Stage II,0.31,Current,None,,32.0,2015-07-26,Chemotherapy,7.0,28.0,Alive,Medium
ONC-03868,30.0,Female,Ovarian,Stage III,3.21,,Occasional,Yes,26.2,2019-01-21,Radiation Therapy,4.0,10.0,,Medium
ONC-02466,50.0,Other,Liver,Stage IV,0.33,Former,None,Yes,23.7,2023-08-25,Combination Therapy,6.0,28.0,Alive,Critical
ONC-02930,,Female,Pancreatic,Stage III,3.97,Former,Heavy,Yes,26.4,2018-07-17,Chemotherapy,5.0,75.0,Deceased,Critical
ONC-06777,64.0,Female,Pancreatic,Stage IV,5.41,Never,Occasional,No,22.3,2020-04-15,Combination Therapy,3.0,27.0,Alive,Critical
ONC-00696,49.0,Female,Breast,Stage I,1.55,,None,No,20.5,,Combination Therapy,,0.0,Alive,Low
ONC-04107,,,Prostate,Stage IV,0.46,Former,Regular,No,25.9,2016-03-01,Combination Therapy,7.0,18.0,Alive,High
ONC-00065,65.0,Other,Skin (Melanoma),Stage IV,2.67,,None,Yes,32.2,,Palliative Care,5.0,40.0,Deceased,High
ONC-04713,49.0,Male,Liver,Stage I,4.47,Former,,No,29.3,2023-02-25,Chemotherapy,2.0,16.0,Alive,Medium
ONC-00777,45.0,Male,Prostate,Stage IV,2.84,Never,Heavy,Yes,21.5,2022-01-17,Radiation Therapy,6.0,9.0,Alive,Critical
ONC-04174,29.0,Other,Brain,Stage III,0.93,Never,Regular,,,2023-12-19,,5.0,17.0,Alive,High
ONC-04588,67.0,Other,Ovarian,Stage II,1.81,Former,Regular,,23.4,2019-01-19,Immunotherapy,6.0,9.0,Alive,Low
ONC-02735,53.0,Female,Breast,Stage I,5.16,Never,Regular,No,23.0,2017-09-20,Radiation Therapy,7.0,37.0,Alive,Low
ONC-07450,89.0,Female,Prostate,Stage IV,5.75,Never,Regular,No,,2024-03-04,Radiation Therapy,7.0,8.0,Alive,Critical
ONC-02581,63.0,Female,Colorectal,Stage II,1.14,Former,Occasional,Yes,15.4,2016-06-23,,6.0,21.0,Alive,High
ONC-06210,69.0,Other,Pancreatic,Stage III,6.59,Current,Occasional,Yes,30.7,2015-01-24,Surgery,5.0,21.0,,Medium
ONC-04617,50.0,Female,Liver,Stage I,,Current,None,Yes,28.6,,Immunotherapy,9.0,36.0,Alive,Low
ONC-03484,45.0,Male,Liver,Stage IV,3.99,Never,None,Yes,26.8,2021-09-27,Immunotherapy,5.0,20.0,Alive,Medium
ONC-07287,50.0,Male,Skin (Melanoma),Stage IV,1.86,Never,Heavy,Yes,29.9,2023-05-21,,4.0,1.0,Deceased,Low
ONC-02345,59.0,,Brain,Stage IV,2.05,Never,Occasional,No,33.7,2024-09-09,Radiation Therapy,8.0,13.0,Deceased,Critical
ONC-04688,,Male,Ovarian,Stage I,1.07,Former,Regular,Yes,21.5,2019-04-17,Chemotherapy,9.0,0.0,Alive,Low
ONC-02816,46.0,Other,Lung,Stage I,6.1,Former,Occasional,No,29.0,2016-06-09,Palliative Care,3.0,7.0,Deceased,Medium
ONC-05882,37.0,Other,Pancreatic,Stage I,2.19,Never,Regular,Yes,25.5,2024-04-26,Palliative Care,4.0,12.0,Alive,Medium
ONC-05382,52.0,,Lung,Stage III,1.51,Former,Regular,No,29.7,2016-06-02,Chemotherapy,8.0,,Alive,Critical
ONC-05940,67.0,Other,Ovarian,Stage I,2.59,Never,None,,31.4,2016-04-10,Palliative Care,10.0,26.0,Alive,Low
ONC-04027,77.0,Male,Liver,,5.01,Former,None,,35.5,2021-09-21,Palliative Care,8.0,37.0,Deceased,High
ONC-00725,39.0,Female,Ovarian,Stage III,0.48,Former,Regular,,30.0,2016-02-24,Chemotherapy,4.0,1.0,Alive,Medium
ONC-07325,58.0,Male,Lung,Stage I,2.15,Never,,Yes,,2020-11-20,Combination Therapy,5.0,0.0,Deceased,Medium
ONC-06771,62.0,,Lung,Stage II,2.2,Former,Regular,No,24.9,2021-01-09,Palliative Care,6.0,34.0,Alive,Low
ONC-07298,32.0,Other,Pancreatic,Stage I,0.93,,Heavy,No,26.4,2023-06-03,,9.0,61.0,Deceased,Low
ONC-01198,54.0,Other,Lung,Stage I,12.55,,None,Yes,23.5,2020-08-04,Chemotherapy,8.0,14.0,Alive,Low
ONC-05309,78.0,Other,Pancreatic,Stage I,3.14,Current,None,Yes,16.7,,Immunotherapy,7.0,,Alive,Low
ONC-04302,63.0,Female,Liver,,5.91,Current,Regular,No,28.1,2018-01-22,Immunotherapy,7.0,16.0,Alive,Medium
ONC-06396,59.0,Other,Skin (Melanoma),Stage III,3.79,Current,None,No,25.0,2018-07-06,Chemotherapy,7.0,7.0,,High
ONC-00925,62.0,Other,,Stage IV,0.64,Former,Heavy,Yes,21.0,2019-08-28,,4.0,13.0,Alive,High
ONC-05734,61.0,Male,Skin (Melanoma),Stage II,1.6,Never,Heavy,Yes,21.9,2019-09-17,Radiation Therapy,7.0,3.0,Alive,Low
ONC-07241,61.0,Other,Liver,Stage I,4.97,Former,Occasional,No,25.2,2015-06-13,Combination Therapy,9.0,58.0,Alive,High
ONC-01736,53.0,Other,Lung,Stage I,2.04,Former,None,No,25.0,2022-03-18,Combination Therapy,,39.0,Deceased,Low
ONC-03125,85.0,Other,Ovarian,Stage II,1.9,Former,Regular,No,33.1,2021-05-08,Combination Therapy,6.0,8.0,Alive,
ONC-04941,75.0,Other,Lung,Stage II,5.79,Current,None,No,32.7,2019-01-13,Immunotherapy,8.0,47.0,Alive,Medium
ONC-05079,53.0,Female,Colorectal,Stage III,6.13,Current,None,Yes,22.6,2016-07-05,,7.0,9.0,Alive,High
ONC-00983,56.0,Female,Liver,Stage I,0.31,Never,Occasional,Yes,18.7,2022-11-08,Palliative Care,9.0,33.0,Alive,Critical
ONC-04803,46.0,Male,Blood (Leukemia),Stage III,13.83,Never,Heavy,No,26.1,2024-08-14,,7.0,8.0,Deceased,Low
ONC-06632,61.0,Male,Breast,Stage I,2.88,Former,Occasional,Yes,23.4,2022-04-28,Palliative Care,3.0,8.0,Alive,Low
ONC-05784,,,Ovarian,Stage IV,5.28,Former,Occasional,,21.3,2015-04-23,Palliative Care,7.0,4.0,,Medium
ONC-05963,77.0,Male,Breast,,0.1,Current,Occasional,Yes,28.2,2021-05-03,Surgery,6.0,2.0,Alive,Medium
ONC-00274,75.0,Other,Blood (Leukemia),Stage III,3.3,Former,Occasional,No,31.1,2019-03-21,Radiation Therapy,5.0,6.0,Deceased,High
ONC-05806,60.0,Other,Skin (Melanoma),Stage IV,1.55,Current,Occasional,No,25.5,2017-06-11,Palliative Care,8.0,0.0,Alive,Critical
ONC-02945,47.0,Male,Ovarian,Stage III,0.7,Former,Heavy,Yes,28.3,,Surgery,5.0,38.0,,Medium
ONC-06106,57.0,Male,Breast,Stage I,5.02,Never,None,No,26.5,2024-10-22,Immunotherapy,,30.0,Alive,Medium
ONC-05060,17.0,Male,Liver,Stage I,0.22,Never,None,No,19.9,2015-12-10,Palliative Care,7.0,,,Medium
ONC-07022,45.0,Other,Colorectal,Stage III,0.15,Current,Regular,Yes,27.7,2015-01-21,Immunotherapy,8.0,6.0,Alive,Critical
ONC-07291,62.0,Other,Ovarian,Stage III,0.1,,,No,18.0,2020-08-28,Chemotherapy,5.0,0.0,Alive,Medium
ONC-05380,,Male,Breast,Stage I,0.35,Never,Regular,No,26.8,2023-01-30,Combination Therapy,7.0,9.0,Alive,Low
ONC-05868,46.0,Female,Pancreatic,Stage II,2.09,Current,Regular,No,27.4,2023-05-27,Chemotherapy,8.0,12.0,,High
ONC-06556,76.0,Female,Colorectal,Stage II,4.12,Never,Regular,No,19.0,2015-01-23,Radiation Therapy,7.0,25.0,Deceased,Low
ONC-05579,74.0,Female,Colorectal,Stage IV,3.5,Never,,Yes,23.8,2021-09-06,Palliative Care,5.0,17.0,Alive,Critical
ONC-05497,59.0,Other,,Stage I,4.08,Former,Occasional,,25.7,2022-11-15,Surgery,7.0,17.0,Deceased,Low
ONC-01453,76.0,Other,Colorectal,Stage I,1.81,Current,Heavy,No,29.2,2016-08-20,Palliative Care,8.0,,Alive,Low
ONC-02716,68.0,Male,Colorectal,Stage I,6.12,Never,Heavy,No,21.0,2021-11-22,Surgery,9.0,29.0,Alive,Low
ONC-04246,69.0,,Skin (Melanoma),Stage II,3.22,,Occasional,No,18.7,,,5.0,62.0,Alive,High
ONC-02693,65.0,Female,Colorectal,Stage I,1.93,Never,None,Yes,24.7,2019-06-01,Combination Therapy,8.0,58.0,Alive,Low
ONC-02768,23.0,Male,Pancreatic,Stage I,4.01,,None,Yes,27.7,2016-06-24,Chemotherapy,7.0,16.0,Alive,
ONC-05854,57.0,Other,Ovarian,Stage IV,0.58,Never,None,Yes,29.5,2022-03-01,Radiation Therapy,4.0,10.0,Deceased,
ONC-00219,61.0,Male,,Stage II,7.14,Never,Heavy,No,34.8,2017-02-02,Palliative Care,7.0,2.0,Deceased,Medium
ONC-00240,40.0,Male,Brain,Stage III,,Current,Occasional,No,31.6,2018-05-15,Radiation Therapy,3.0,26.0,Alive,Medium
ONC-01132,74.0,Other,Colorectal,Stage I,0.84,Current,None,No,26.1,2022-08-26,Immunotherapy,10.0,10.0,Alive,Low
ONC-01991,69.0,Male,Breast,Stage IV,3.8,Never,None,No,30.8,2017-02-14,Radiation Therapy,3.0,0.0,Alive,Critical
ONC-03265,40.0,Female,Liver,Stage IV,19.37,Current,None,Yes,20.7,2018-01-25,Combination Therapy,,,Alive,Critical
ONC-06937,49.0,Other,Brain,Stage IV,,Former,Regular,No,26.6,2020-03-01,Radiation Therapy,6.0,16.0,Alive,Critical
ONC-02240,70.0,Male,Blood (Leukemia),,0.93,Former,None,Yes,25.2,2018-10-08,Surgery,6.0,1.0,Alive,High
ONC-06478,60.0,Other,Brain,Stage III,3.26,Current,Regular,Yes,29.6,2024-06-29,Surgery,6.0,15.0,Deceased,High
ONC-05350,72.0,Female,Prostate,Stage IV,0.11,Current,Heavy,No,15.8,2021-12-26,Palliative Care,,8.0,Alive,Medium
ONC-05150,67.0,Female,Blood (Leukemia),Stage I,5.03,Never,Regular,No,31.0,2022-08-14,Immunotherapy,6.0,0.0,Alive,Low
ONC-07107,50.0,Female,Skin (Melanoma),Stage I,5.34,,None,Yes,18.1,,,4.0,5.0,Alive,Medium
ONC-05765,61.0,Male,Brain,,6.56,Never,Occasional,No,24.4,2018-06-13,Immunotherapy,4.0,28.0,Deceased,High
ONC-01384,34.0,Other,Prostate,Stage II,2.0,Former,Heavy,No,36.9,2017-07-25,,5.0,2.0,Alive,Medium
ONC-03075,,Female,Pancreatic,Stage I,3.8,Current,Occasional,Yes,34.8,2023-02-21,,9.0,12.0,Deceased,Low
ONC-04861,77.0,Other,Prostate,Stage II,0.28,Never,,Yes,24.5,,Immunotherapy,4.0,29.0,Deceased,Low
ONC-01358,,Female,,Stage I,0.21,Never,Occasional,No,25.6,2023-02-05,Surgery,2.0,8.0,Alive,Medium
ONC-04872,47.0,Female,Breast,Stage I,0.58,Never,Heavy,Yes,21.2,2022-08-24,Immunotherapy,3.0,9.0,Alive,Medium
ONC-02631,75.0,Other,Blood (Leukemia),Stage II,5.48,Former,Occasional,No,28.7,2022-12-21,Radiation Therapy,9.0,22.0,Alive,Medium
ONC-02833,37.0,Male,Pancreatic,,8.58,Never,Occasional,Yes,25.1,,Immunotherapy,7.0,9.0,Alive,Low
ONC-00625,64.0,Female,Brain,Stage IV,0.1,Current,Regular,Yes,24.6,2016-12-09,Palliative Care,4.0,4.0,,Critical
ONC-00840,84.0,Female,Brain,Stage II,0.28,Current,Occasional,No,38.0,2020-10-29,Palliative Care,7.0,21.0,Alive,Medium
ONC-04724,60.0,,Prostate,Stage III,0.1,,Regular,Yes,22.5,2017-03-15,Surgery,2.0,19.0,Alive,High
ONC-00324,59.0,Other,Prostate,Stage III,6.53,Unknown,None,Yes,21.8,2023-04-23,Combination Therapy,5.0,28.0,,High
ONC-03417,56.0,Male,Prostate,Stage II,6.49,,Heavy,No,,2020-11-12,,6.0,21.0,,Medium
ONC-01999,89.0,Other,Blood (Leukemia),,4.34,Never,Regular,Yes,28.6,2019-03-28,Combination Therapy,4.0,18.0,Deceased,Medium
ONC-06189,44.0,Female,,Stage II,,Former,,No,24.2,2024-02-28,Palliative Care,6.0,60.0,Alive,High
ONC-01868,49.0,Female,Lung,Stage II,2.19,N/A,Occasional,No,26.3,,Surgery,11.0,30.0,Alive,Medium
ONC-05257,60.0,Male,Skin (Melanoma),Stage II,3.92,Never,Occasional,No,,2024-04-06,Palliative Care,3.0,3.0,Alive,Medium
ONC-02827,46.0,Other,Prostate,Stage IV,,Never,Occasional,No,27.3,,Combination Therapy,,15.0,Alive,Low
ONC-05173,57.0,Male,Brain,Stage III,2.51,Current,,No,20.6,2017-09-19,Surgery,2.0,3.0,Alive,High
ONC-07084,56.0,Male,Brain,Stage IV,2.65,Never,None,Yes,31.7,,Combination Therapy,3.0,21.0,Alive,Critical
ONC-07285,54.0,Male,Lung,Stage III,1.93,Current,None,Yes,19.1,,Immunotherapy,5.0,,Alive,High
ONC-00438,62.0,Female,Blood (Leukemia),,1.93,Never,Heavy,,26.9,2022-02-08,Palliative Care,11.0,7.0,Deceased,Low
ONC-00120,48.0,Female,Blood (Leukemia),Stage I,4.4,Current,Regular,Yes,28.0,2019-06-19,Radiation Therapy,6.0,43.0,Alive,Critical
ONC-07488,63.0,,Colorectal,Stage III,12.03,Never,Heavy,Yes,23.6,2019-09-01,Combination Therapy,4.0,13.0,Alive,Low
ONC-07235,71.0,Female,Ovarian,Stage IV,4.17,Former,Regular,,25.5,2020-09-10,Palliative Care,5.0,21.0,Alive,Critical
ONC-07496,72.0,,Pancreatic,Stage I,0.41,Former,Heavy,No,29.7,2021-10-29,Immunotherapy,9.0,55.0,Deceased,Low
ONC-05911,41.0,Female,Colorectal,Stage III,4.62,Current,None,Yes,17.4,2017-01-23,Surgery,6.0,35.0,Alive,High
ONC-01840,81.0,Female,Breast,,4.28,Former,Regular,,17.2,,Surgery,10.0,29.0,Alive,High
ONC-01027,43.0,,Liver,Stage II,1.48,Never,Occasional,Yes,25.9,2018-11-10,Combination Therapy,9.0,2.0,Alive,Low
ONC-03302,79.0,Male,Breast,Stage I,0.88,Never,None,No,28.1,2022-09-21,Combination Therapy,3.0,13.0,Deceased,High
ONC-07169,60.0,Female,Brain,Stage III,,,Regular,Yes,28.1,2023-09-15,Combination Therapy,8.0,2.0,Deceased,Low
ONC-04173,,Male,Breast,Stage IV,6.89,Current,Heavy,No,35.8,2016-09-13,Radiation Therapy,4.0,7.0,Deceased,Critical
ONC-03102,45.0,Other,Lung,,3.21,Current,Occasional,No,30.9,2024-01-31,Combination Therapy,4.0,,Deceased,Low
ONC-00901,,-,Ovarian,Stage III,8.29,,None,No,21.0,2024-10-15,Chemotherapy,7.0,27.0,Deceased,High
ONC-04468,78.0,Female,Lung,Stage III,1.54,Never,Occasional,No,,2022-10-12,Surgery,2.0,4.0,Alive,
ONC-01205,45.0,Male,Colorectal,Stage I,0.75,Never,Heavy,,22.2,2021-03-13,Immunotherapy,4.0,15.0,Alive,High
ONC-07352,43.0,Female,Pancreatic,Stage IV,7.94,,Regular,Yes,30.1,2024-02-23,Surgery,8.0,28.0,Alive,Medium
ONC-02002,20.0,Female,Brain,Stage IV,4.25,Never,Heavy,No,31.6,2015-04-06,Palliative Care,7.0,34.0,,High
ONC-05038,57.0,,Colorectal,Stage IV,3.45,Former,Regular,No,24.9,2021-10-06,Surgery,,3.0,Deceased,Critical
ONC-06722,71.0,Other,Brain,Stage IV,0.64,Current,Heavy,No,,2016-04-09,Surgery,,5.0,Deceased,Medium
ONC-04051,77.0,Other,Prostate,Stage II,3.83,Former,,,23.5,2022-09-09,Radiation Therapy,4.0,17.0,Alive,Low
ONC-06964,52.0,Male,Blood (Leukemia),,3.88,Former,Regular,No,15.4,2020-09-22,,,4.0,Alive,High
ONC-00553,65.0,Female,Skin (Melanoma),Stage II,1.35,Former,Occasional,Yes,,2017-12-21,Radiation Therapy,,36.0,Deceased,Low
ONC-00407,53.0,Male,Skin (Melanoma),Stage II,0.87,Current,None,No,28.3,2016-04-11,Surgery,8.0,2.0,,Medium
ONC-06214,60.0,Female,Brain,Stage II,2.15,,Heavy,No,35.8,2016-05-29,,,19.0,Alive,Medium
ONC-07259,64.0,Male,Ovarian,Stage I,,Former,Heavy,No,29.0,2015-09-22,Combination Therapy,1.0,,Alive,Low
ONC-01614,51.0,Other,Colorectal,Stage II,4.42,Former,Occasional,Yes,31.7,2021-09-19,Combination Therapy,3.0,9.0,Alive,Medium
ONC-02935,58.0,Other,,Stage II,10.14,Current,None,Yes,25.3,2021-06-08,Chemotherapy,8.0,26.0,Alive,Medium
ONC-05065,53.0,Other,Prostate,Stage IV,7.42,,Heavy,Yes,25.8,,Palliative Care,6.0,12.0,Deceased,Critical
ONC-03299,52.0,,Prostate,Stage II,1.82,Never,None,No,34.0,2024-06-22,Surgery,8.0,2.0,Alive,Low
ONC-02834,60.0,Female,Lung,,6.61,Never,Regular,Yes,27.1,2021-08-10,Surgery,8.0,1.0,Alive,High
ONC-03116,60.0,Female,Brain,Stage I,13.34,,None,No,21.0,2022-03-27,Surgery,3.0,19.0,Alive,Low
ONC-06994,69.0,,,Stage III,3.51,Former,Regular,No,,2016-12-29,Combination Therapy,4.0,11.0,Alive,Medium
ONC-02350,50.0,Other,Brain,Stage III,,Never,None,No,24.9,2021-07-31,Immunotherapy,2.0,106.0,Alive,High
ONC-05843,68.0,Male,Colorectal,,0.1,Current,Regular,Yes,21.6,2015-10-29,,10.0,,Alive,High
ONC-04786,75.0,Male,Lung,,2.6,Former,Regular,Yes,27.4,2018-01-26,Radiation Therapy,,4.0,Deceased,High
ONC-06957,59.0,Male,Lung,Stage II,4.81,Current,Occasional,No,28.0,2017-03-21,Radiation Therapy,5.0,2.0,Deceased,Low
ONC-03110,62.0,Other,Pancreatic,Stage IV,0.92,,Heavy,No,20.7,2019-11-19,Surgery,3.0,24.0,Deceased,Medium
ONC-01739,51.0,Male,Colorectal,Stage IV,1.46,Never,Occasional,No,21.9,2015-01-01,Immunotherapy,7.0,41.0,Alive,Critical
ONC-00237,63.0,Other,,Stage II,4.7,Never,None,No,21.5,2021-11-23,Surgery,7.0,6.0,Alive,Low
ONC-04325,86.0,Other,Blood (Leukemia),Stage I,,Never,,No,,,Palliative Care,9.0,,Alive,Low
ONC-06083,62.0,Male,Breast,Stage I,2.3,Current,Occasional,Yes,25.5,2018-02-05,Combination Therapy,5.0,15.0,,Low
ONC-06080,41.0,Male,Lung,Stage IV,1.34,Former,Heavy,Yes,28.9,2016-05-03,Surgery,5.0,2.0,Alive,Critical
ONC-03164,59.0,Other,Colorectal,Stage II,,Current,None,No,14.5,2015-07-20,Surgery,3.0,12.0,Deceased,Medium
ONC-06939,45.0,Other,Lung,Stage IV,7.78,Former,None,Yes,26.1,2016-11-11,Radiation Therapy,3.0,30.0,Deceased,Critical
ONC-00500,,Female,Ovarian,Stage I,1.18,Current,Regular,No,28.2,,Combination Therapy,4.0,18.0,Deceased,Medium
ONC-04919,47.0,Other,Skin (Melanoma),Stage III,10.09,Never,Heavy,No,22.8,2019-11-11,Surgery,,61.0,Alive,High
ONC-03626,,Other,,Stage III,7.1,Current,Occasional,No,26.1,2021-03-25,Immunotherapy,5.0,25.0,Alive,
ONC-03128,50.0,Male,Skin (Melanoma),Stage IV,,Former,Regular,Yes,33.5,2023-07-14,,7.0,18.0,Alive,
ONC-00795,56.0,Other,Skin (Melanoma),Stage II,2.83,Current,Regular,Yes,22.1,,Surgery,7.0,7.0,,High
ONC-03359,,Male,Brain,Stage I,2.67,Current,Heavy,Yes,33.1,,Surgery,6.0,17.0,Deceased,Medium
ONC-07455,55.0,Other,Pancreatic,Stage II,3.25,Never,Occasional,No,32.3,2020-12-09,Immunotherapy,5.0,1.0,Alive,Low
ONC-03292,73.0,Female,,Stage II,0.93,,,No,14.1,2015-10-04,Combination Therapy,7.0,13.0,Deceased,Medium
ONC-03973,27.0,Female,Liver,Stage IV,5.91,Former,Occasional,No,29.2,2015-10-26,Immunotherapy,5.0,,Deceased,Critical
ONC-00991,43.0,,Brain,Stage II,0.52,Current,None,No,26.8,2024-09-12,,7.0,,Alive,Medium
ONC-04664,,Female,Lung,Stage III,0.29,Former,None,Yes,25.9,2022-09-18,,5.0,5.0,Alive,Low
ONC-07079,51.0,Male,Colorectal,Stage I,5.82,Current,Occasional,Yes,22.3,2015-11-16,Surgery,10.0,11.0,Alive,Low
ONC-02436,71.0,Male,Prostate,Stage I,8.16,Never,Occasional,No,25.0,2015-12-24,Radiation Therapy,6.0,,Alive,Low
ONC-03377,,Other,,Stage II,0.1,Current,Regular,No,26.7,2021-09-11,,6.0,39.0,,Medium
ONC-00391,55.0,Other,Ovarian,Stage IV,2.47,Former,Regular,Yes,26.9,2024-06-05,Palliative Care,6.0,1.0,Deceased,Critical
ONC-04840,49.0,,Liver,Stage II,15.35,Never,Occasional,No,27.8,2023-08-27,Immunotherapy,10.0,,Deceased,High
ONC-02401,62.0,Male,Prostate,Stage IV,6.06,Former,Regular,,22.9,2021-06-23,Chemotherapy,6.0,34.0,Deceased,Critical
ONC-01218,67.0,Other,Brain,Stage IV,5.06,,None,Yes,20.9,2021-03-16,Immunotherapy,7.0,,Deceased,Critical
ONC-00236,51.0,Female,Colorectal,Stage I,6.04,Former,Heavy,No,33.3,,Chemotherapy,7.0,34.0,Alive,Medium
ONC-00332,59.0,Other,,Stage II,5.22,Former,Regular,,32.5,2023-05-22,Surgery,5.0,4.0,Alive,High
ONC-04577,51.0,Female,Pancreatic,Stage II,1.17,,Heavy,No,26.0,2024-05-11,Chemotherapy,7.0,,Alive,Low
ONC-06139,,Male,Colorectal,Stage III,2.72,Current,Regular,No,33.3,,Combination Therapy,2.0,8.0,Alive,High
ONC-06712,44.0,Female,Pancreatic,Stage II,6.43,,None,Yes,29.4,2020-02-13,Combination Therapy,14.0,,Alive,Low
ONC-03189,62.0,,Pancreatic,Stage II,2.04,Former,Regular,No,26.9,2022-05-21,Surgery,2.0,5.0,Deceased,High
ONC-05774,,Male,Colorectal,Stage II,0.1,Current,None,No,24.5,,Combination Therapy,6.0,0.0,Alive,High
ONC-00045,,,Breast,Stage II,5.13,,Regular,No,26.2,2022-06-10,Surgery,,52.0,Deceased,Medium
ONC-06245,55.0,Other,,Stage I,1.49,Current,Heavy,,20.8,2017-06-25,Radiation Therapy,4.0,,Alive,Medium
ONC-05565,31.0,Female,Brain,Stage III,1.69,Never,Occasional,No,23.8,2021-04-28,Palliative Care,7.0,11.0,Alive,Medium
ONC-07500,60.0,Other,Liver,Stage II,5.9,Former,None,Yes,22.7,2024-06-27,Radiation Therapy,,13.0,Alive,Medium
ONC-04217,85.0,Other,Breast,Stage IV,16.51,Never,,Yes,21.1,,Combination Therapy,5.0,14.0,Alive,Critical
ONC-03437,42.0,Female,,,0.65,Never,Regular,No,30.5,2019-02-07,Combination Therapy,9.0,5.0,Alive,High
ONC-04643,53.0,Other,Pancreatic,Stage I,1.35,Current,None,,25.8,,Combination Therapy,7.0,13.0,Alive,Medium
ONC-03073,97.0,,Blood (Leukemia),Stage IV,9.42,Never,Heavy,Yes,14.7,2019-01-21,Radiation Therapy,4.0,9.0,Alive,Critical
ONC-03135,62.0,Other,Prostate,Stage IV,0.21,Current,Regular,No,24.8,2024-01-02,Immunotherapy,7.0,4.0,Alive,Medium
ONC-05369,83.0,Other,Colorectal,Stage II,8.67,Never,None,No,17.0,2019-08-29,Immunotherapy,,5.0,Alive,Medium
ONC-04046,,Female,Colorectal,Stage II,1.61,Never,Heavy,No,27.9,2016-10-18,Radiation Therapy,,1.0,Alive,
ONC-05023,,Male,Skin (Melanoma),Stage IV,5.73,Current,Occasional,Yes,29.3,2016-09-02,Radiation Therapy,10.0,6.0,Alive,Critical
ONC-06660,78.0,Other,Lung,Stage II,3.09,Former,None,Yes,23.1,2016-08-10,Radiation Therapy,6.0,1.0,Alive,High
ONC-01595,47.0,Female,Skin (Melanoma),,6.3,Current,,No,15.0,,Combination Therapy,5.0,19.0,,Critical
ONC-00224,49.0,Male,Prostate,Stage IV,0.1,,Regular,No,30.3,2017-08-22,Immunotherapy,9.0,24.0,Deceased,High
ONC-04863,82.0,Male,Skin (Melanoma),Stage IV,7.56,Current,Occasional,No,27.0,2015-05-27,Immunotherapy,,2.0,Alive,Critical
ONC-04710,56.0,Female,Brain,Stage II,,Never,Heavy,No,14.7,2016-02-11,Combination Therapy,6.0,5.0,Alive,
ONC-02892,,Female,,Stage III,4.83,Former,Heavy,No,23.3,2020-03-26,Chemotherapy,11.0,3.0,Alive,Medium
ONC-01246,77.0,Other,Colorectal,Stage IV,0.1,Current,Regular,Yes,40.3,2018-11-23,,3.0,0.0,Alive,
ONC-01541,73.0,Male,,Stage II,0.43,,,,,2016-10-10,Radiation Therapy,6.0,15.0,Deceased,Low
ONC-03538,56.0,Female,,Stage IV,1.75,Former,Heavy,No,19.4,2016-01-19,Radiation Therapy,8.0,8.0,Deceased,
ONC-04149,65.0,Other,Ovarian,Stage I,6.03,,None,No,29.9,2019-02-03,Immunotherapy,,3.0,Alive,Low
ONC-04626,60.0,Other,Blood (Leukemia),Stage I,0.47,Never,Regular,No,23.3,2017-12-12,Surgery,,18.0,Alive,Low
ONC-02534,42.0,Male,Prostate,Stage IV,5.06,Former,Regular,No,26.9,2021-04-16,Surgery,,5.0,Alive,High
ONC-05996,65.0,Male,Ovarian,Stage IV,1.13,,None,Yes,,2021-03-05,Immunotherapy,8.0,,Alive,Critical
ONC-00754,69.0,Other,Brain,Stage IV,1.19,Former,None,No,26.9,2019-03-28,Combination Therapy,9.0,3.0,Alive,High
ONC-00819,,Male,Skin (Melanoma),Stage IV,2.58,Former,Regular,No,20.4,2022-10-28,Immunotherapy,5.0,19.0,Alive,Critical
ONC-03459,44.0,Other,Colorectal,Stage I,3.99,Former,Regular,,26.8,2018-08-08,Surgery,2.0,0.0,Alive,Medium
ONC-00156,,Male,Liver,Stage II,1.65,Former,Heavy,,34.6,2024-02-13,Chemotherapy,10.0,9.0,Alive,Medium
ONC-06745,52.0,Other,Prostate,Stage I,5.73,Current,None,No,15.0,2016-09-06,Immunotherapy,4.0,18.0,Alive,Low
ONC-05202,,,Lung,Stage II,1.38,,Regular,Yes,21.8,,Palliative Care,4.0,,,Low
ONC-00249,60.0,Female,,Stage III,0.74,,Heavy,Yes,26.2,2021-04-23,Chemotherapy,11.0,28.0,Deceased,Critical
ONC-04858,65.0,Male,Colorectal,Stage I,0.31,Former,Regular,Yes,27.2,2024-09-15,,3.0,2.0,Alive,
ONC-05991,,Female,Pancreatic,Stage IV,0.65,,Heavy,No,27.5,2019-03-20,Immunotherapy,8.0,16.0,Deceased,Critical
ONC-03928,73.0,Male,Brain,Stage IV,1.89,Former,Regular,No,25.0,,,4.0,13.0,Alive,Critical
ONC-06126,50.0,Male,,Stage II,2.81,,Heavy,Yes,33.2,2020-07-14,Immunotherapy,6.0,25.0,,Low
ONC-04015,47.0,Male,Liver,Stage IV,1.14,Former,Occasional,No,32.0,2018-06-11,Chemotherapy,8.0,50.0,Alive,Medium
ONC-02637,96.0,Female,Breast,Stage II,4.37,Current,Heavy,No,20.1,2024-02-18,Surgery,1.0,20.0,Alive,High
ONC-05227,89.0,Female,,Stage IV,4.1,Former,None,Yes,25.9,2018-02-17,Chemotherapy,,0.0,Deceased,High
ONC-04639,72.0,,Breast,Stage IV,1.29,Never,Occasional,No,24.9,2017-10-18,Palliative Care,7.0,72.0,Alive,Critical
ONC-00794,87.0,Male,Blood (Leukemia),Stage IV,3.14,Current,Occasional,Yes,29.4,2018-12-02,Surgery,4.0,23.0,Alive,High
ONC-01726,72.0,,Pancreatic,,9.49,Former,Occasional,No,30.6,2024-05-31,Immunotherapy,,4.0,Deceased,Medium
ONC-03190,52.0,Male,Skin (Melanoma),Stage II,0.83,Former,Heavy,Yes,26.6,2023-02-13,Palliative Care,4.0,23.0,Deceased,Medium
ONC-02650,35.0,Male,Brain,,0.1,Never,Occasional,No,,2019-03-25,Immunotherapy,6.0,3.0,Alive,Critical
ONC-00629,46.0,Female,Skin (Melanoma),Stage IV,9.49,Never,,,30.3,2018-05-12,Combination Therapy,8.0,22.0,Deceased,Critical
ONC-06295,50.0,Other,Colorectal,Stage IV,0.95,Former,Occasional,Yes,23.4,2023-09-27,Radiation Therapy,5.0,18.0,Alive,Critical
ONC-01852,48.0,,Colorectal,Stage I,4.67,Former,Occasional,No,23.7,2020-05-03,Palliative Care,5.0,9.0,Deceased,Low
ONC-02340,51.0,Female,Blood (Leukemia),Stage IV,1.04,Current,Occasional,Yes,27.6,2018-07-25,Surgery,9.0,,Deceased,Medium
ONC-06526,64.0,Male,Breast,Stage IV,1.65,Former,Heavy,Yes,24.9,2024-06-22,Radiation Therapy,6.0,12.0,Deceased,High
ONC-00232,70.0,Other,Liver,Stage III,1.33,Never,None,Yes,21.7,2019-10-02,Radiation Therapy,10.0,1.0,Deceased,Critical
ONC-06831,71.0,Other,Pancreatic,Stage III,,Current,None,Yes,18.0,2018-08-29,Radiation Therapy,8.0,39.0,Deceased,High
ONC-05464,61.0,Male,Pancreatic,Stage IV,2.24,Never,Heavy,No,36.6,2021-05-25,Combination Therapy,8.0,1.0,Alive,High
ONC-01621,48.0,Male,Colorectal,Stage IV,5.52,Never,Regular,Yes,19.5,2017-04-22,Combination Therapy,2.0,24.0,Deceased,Critical
ONC-07042,66.0,Other,Pancreatic,Stage I,9.12,Former,Occasional,No,21.4,2024-05-30,Chemotherapy,5.0,,Alive,Low
ONC-01452,,Other,Brain,Stage III,5.73,Current,Regular,Yes,18.5,2019-06-19,Combination Therapy,4.0,,Alive,Critical
ONC-02903,73.0,Male,Colorectal,Stage III,0.99,Never,Regular,No,37.0,2020-01-28,Immunotherapy,4.0,26.0,Alive,High
ONC-05168,77.0,Male,Liver,Stage II,1.77,Current,Regular,Yes,24.5,2024-11-03,Palliative Care,5.0,5.0,Alive,Medium
ONC-04651,80.0,Other,Brain,Stage II,6.08,Former,Heavy,,24.2,2021-10-22,Immunotherapy,8.0,,Alive,High
ONC-01829,57.0,Other,Prostate,Stage I,0.1,,,Yes,25.5,2023-09-19,Radiation Therapy,7.0,5.0,Alive,Critical
ONC-00827,58.0,Male,Lung,Stage I,2.65,Current,None,,16.8,2019-01-21,Chemotherapy,6.0,29.0,Deceased,Low
ONC-01640,66.0,,Brain,Stage II,1.01,Former,None,Yes,,2016-01-04,Palliative Care,11.0,51.0,Deceased,High
ONC-03865,80.0,Female,Ovarian,Stage I,1.6,Current,Occasional,No,,2016-04-09,Combination Therapy,16.0,6.0,Alive,Medium
ONC-06081,58.0,Female,Breast,Stage II,0.92,Never,,Yes,34.4,,Radiation Therapy,11.0,42.0,Alive,Low
ONC-02914,,,Ovarian,Stage III,9.45,Current,None,,19.4,2023-12-15,Palliative Care,,2.0,Alive,
ONC-05934,31.0,,Blood (Leukemia),Stage II,1.26,Current,Heavy,Yes,23.9,2020-09-20,Combination Therapy,11.0,16.0,Alive,
ONC-03792,75.0,Male,Skin (Melanoma),Stage III,0.75,Current,Occasional,Yes,25.4,2016-07-16,Combination Therapy,,16.0,Alive,Medium
ONC-02940,51.0,Female,Blood (Leukemia),Stage III,5.98,Current,Heavy,Yes,20.2,2022-08-17,Combination Therapy,4.0,17.0,Deceased,High
ONC-03421,,Female,Ovarian,Stage II,1.6,Current,Regular,No,30.0,2020-05-21,Chemotherapy,2.0,10.0,Alive,High
ONC-03997,44.0,Other,Pancreatic,Stage II,0.85,Never,Occasional,Yes,24.6,2017-06-24,Immunotherapy,4.0,9.0,Deceased,Low
ONC-03768,65.0,Other,Brain,Stage I,1.01,Current,Occasional,Yes,25.5,2023-01-17,Palliative Care,3.0,7.0,Alive,Medium
ONC-00536,52.0,Male,Ovarian,Stage I,7.26,,Regular,No,28.1,2023-03-23,Chemotherapy,,7.0,,Low
ONC-05907,44.0,Female,Blood (Leukemia),Stage II,1.64,Current,Occasional,Yes,,2020-08-17,,10.0,6.0,Alive,Medium
ONC-02664,66.0,Female,Prostate,Stage III,0.69,,Heavy,No,24.6,2021-08-12,,6.0,,,Low
ONC-00155,57.0,Other,Brain,Stage II,0.41,,,No,28.9,2018-06-24,Palliative Care,5.0,14.0,,
ONC-03242,72.0,Other,Lung,Stage I,7.55,Current,None,No,29.1,,Radiation Therapy,9.0,25.0,Deceased,Low
ONC-05597,52.0,Female,Pancreatic,Stage IV,1.1,Never,Regular,Yes,23.8,2015-08-21,Combination Therapy,8.0,2.0,Alive,Critical
ONC-03150,61.0,,Lung,Stage I,7.25,Former,Regular,Yes,25.8,2020-12-08,Surgery,6.0,18.0,Alive,Low
ONC-02953,31.0,Other,Prostate,Stage III,2.07,Former,Occasional,Yes,21.2,2016-10-06,Palliative Care,3.0,4.0,Alive,High
ONC-01312,83.0,Female,Ovarian,Stage II,2.89,Current,Regular,No,,,Immunotherapy,5.0,,Alive,Medium
ONC-00323,44.0,Other,Brain,,0.71,Former,None,,22.4,2024-08-20,Combination Therapy,7.0,31.0,Alive,Low
ONC-05807,48.0,Male,Breast,Stage III,1.59,Never,Regular,Yes,21.5,2022-01-24,Chemotherapy,7.0,,Alive,High
ONC-04111,65.0,Other,Skin (Melanoma),Stage III,5.87,Never,Regular,Yes,22.4,2016-11-29,Chemotherapy,,4.0,,High
ONC-03331,80.0,Female,Brain,Stage III,5.65,,Regular,No,22.1,2018-02-09,Surgery,8.0,25.0,Deceased,High
ONC-03986,73.0,Other,Skin (Melanoma),Stage I,1.1,Former,Regular,No,23.7,2024-08-03,,5.0,,,Low
ONC-01799,68.0,Other,Prostate,Stage IV,0.36,Never,Heavy,Yes,12.2,2021-04-04,Immunotherapy,7.0,24.0,Alive,High
ONC-06090,48.0,Male,,Stage IV,1.25,Never,Heavy,No,24.0,2019-08-13,Palliative Care,4.0,0.0,Alive,Critical
ONC-00083,61.0,Female,Breast,Stage II,3.21,Current,Heavy,Yes,,2022-09-16,Chemotherapy,5.0,19.0,Deceased,Low
ONC-02561,72.0,Other,Prostate,Stage II,16.79,,Heavy,Yes,,2021-01-29,Radiation Therapy,3.0,7.0,Alive,Critical
ONC-01944,81.0,Male,Prostate,Stage II,2.42,Never,Occasional,No,33.4,2023-01-26,Immunotherapy,3.0,6.0,Deceased,Medium
ONC-01989,51.0,Male,Brain,Stage II,1.23,Never,None,Yes,27.3,2017-01-28,Chemotherapy,7.0,47.0,Alive,Low
ONC-03537,76.0,Female,Breast,Stage II,14.51,Former,Heavy,No,29.3,2022-02-25,Palliative Care,4.0,62.0,Deceased,Medium
ONC-06769,89.0,Other,Pancreatic,,4.31,Former,Heavy,Yes,31.0,,Immunotherapy,7.0,20.0,Alive,High
ONC-05480,41.0,Male,Breast,,2.42,Current,,No,19.2,2021-06-22,Palliative Care,8.0,33.0,Alive,High
ONC-01575,40.0,Male,Liver,Stage I,2.21,,Regular,Yes,32.0,2017-12-12,Immunotherapy,6.0,20.0,Deceased,Low
ONC-02978,51.0,Male,Colorectal,Stage IV,1.6,Never,Regular,Yes,30.4,2023-12-02,Combination Therapy,7.0,9.0,Alive,High
ONC-02724,78.0,Male,Pancreatic,Stage II,2.84,,Regular,No,26.5,2019-02-12,Surgery,8.0,51.0,Alive,Medium
ONC-03406,,Female,Lung,Stage I,4.54,,,Yes,20.3,2022-11-28,Chemotherapy,6.0,11.0,Deceased,Critical
ONC-02059,68.0,Female,Brain,Stage III,1.3,,Heavy,Yes,17.7,2022-11-23,Palliative Care,7.0,20.0,Alive,High
ONC-01763,80.0,Female,Breast,Stage I,1.61,Current,None,Yes,29.8,,Palliative Care,7.0,4.0,Deceased,Medium
ONC-01495,62.0,Male,Skin (Melanoma),Stage II,3.51,Current,None,No,27.3,2019-04-06,Chemotherapy,11.0,7.0,Deceased,Medium
ONC-04928,39.0,,Pancreatic,Stage I,2.42,Never,Occasional,No,25.1,2015-10-25,Palliative Care,,0.0,Alive,
ONC-02081,47.0,,Brain,Stage IV,0.67,Current,Regular,Yes,27.0,2022-05-19,,4.0,,Alive,Medium
ONC-01175,56.0,Female,Skin (Melanoma),Stage II,0.28,Never,Regular,Yes,30.2,2023-06-21,Immunotherapy,11.0,57.0,Alive,
ONC-04510,,Male,Lung,Stage III,1.22,Current,None,Yes,15.5,2024-06-08,,8.0,6.0,Alive,Low
ONC-02629,43.0,Other,Colorectal,,6.08,Former,None,No,22.4,2019-12-17,Chemotherapy,13.0,4.0,Deceased,Medium
ONC-05914,71.0,Other,Colorectal,Stage II,8.3,Never,Occasional,Yes,18.9,,Combination Therapy,7.0,41.0,Alive,Medium
ONC-04262,66.0,Other,Skin (Melanoma),,1.97,Current,Occasional,Yes,27.2,2022-10-04,Surgery,7.0,0.0,Alive,Medium
ONC-07406,61.0,Male,Colorectal,Stage IV,4.78,Current,Occasional,Yes,32.9,2021-08-30,Surgery,8.0,11.0,Deceased,Critical
ONC-06252,69.0,Male,Brain,Stage III,3.02,,Occasional,No,18.6,2015-08-09,Immunotherapy,2.0,14.0,Alive,High
ONC-00615,54.0,Other,Ovarian,Stage III,9.23,Never,Regular,Yes,25.3,2016-10-07,Radiation Therapy,5.0,15.0,Alive,High
ONC-03094,61.0,Male,Colorectal,Stage III,4.39,Current,None,,24.6,2018-01-19,Chemotherapy,7.0,,Alive,Critical
ONC-03451,63.0,Other,Colorectal,Stage III,4.59,Former,Heavy,Yes,33.4,2017-04-07,Chemotherapy,,19.0,Alive,Critical
ONC-01015,48.0,Other,Ovarian,Stage I,0.1,Never,,No,30.0,2022-11-17,Combination Therapy,4.0,12.0,Deceased,Low
ONC-06234,62.0,Other,Lung,Stage II,6.64,Former,None,No,34.1,2017-08-25,Combination Therapy,8.0,,Alive,High
ONC-03058,78.0,Female,Pancreatic,Stage II,,Never,Occasional,No,18.0,2023-07-08,Combination Therapy,5.0,,Deceased,Low
ONC-01343,,Female,Blood (Leukemia),Stage II,1.76,Current,Heavy,No,28.6,2022-02-13,,2.0,14.0,Alive,Low
ONC-06746,51.0,Other,Breast,,0.24,Never,Occasional,Yes,31.4,,Surgery,7.0,37.0,Alive,High
ONC-05334,54.0,,Lung,Stage I,2.37,Never,None,Yes,22.5,2019-09-16,Immunotherapy,8.0,9.0,Alive,Low
ONC-03906,51.0,Male,Breast,,6.06,Current,Occasional,No,27.7,2017-10-06,Palliative Care,8.0,17.0,Alive,Low
ONC-02182,45.0,Male,Pancreatic,Stage IV,,Never,Regular,Yes,25.1,2015-03-13,Immunotherapy,7.0,8.0,Alive,High
ONC-03419,64.0,Other,Blood (Leukemia),Stage II,2.38,Former,Heavy,Yes,21.5,2023-02-06,,10.0,25.0,Alive,Medium
ONC-04652,72.0,Unknown,Blood (Leukemia),Stage III,11.5,Former,Occasional,No,20.9,2020-04-18,Radiation Therapy,6.0,52.0,Alive,Critical
ONC-07176,40.0,Male,Ovarian,Stage II,,Never,Regular,Yes,27.4,2018-11-25,Surgery,6.0,8.0,Alive,
ONC-03101,61.0,N/A,Colorectal,,2.68,Current,Occasional,No,30.8,2024-09-20,Chemotherapy,5.0,2.0,Deceased,Low
ONC-06465,51.0,Other,Prostate,,7.65,Current,Regular,,30.5,2020-02-20,,6.0,7.0,Deceased,High
ONC-04801,50.0,Other,Brain,,3.74,Former,Heavy,Yes,,,Radiation Therapy,4.0,9.0,Deceased,Critical
ONC-01212,81.0,Female,,Stage I,0.97,,,No,17.9,2015-11-18,Chemotherapy,2.0,12.0,Deceased,Low
ONC-06008,39.0,Other,Brain,Stage III,3.63,,Occasional,No,34.6,2016-04-14,Immunotherapy,15.0,22.0,Alive,High
ONC-00635,75.0,Female,,Stage I,4.39,,Heavy,Yes,36.0,2020-02-05,Combination Therapy,8.0,,Alive,Low
ONC-06697,77.0,Other,,Stage II,2.09,Current,Regular,,22.8,2022-09-25,Chemotherapy,5.0,4.0,Deceased,High
ONC-01056,55.0,Female,Brain,Stage IV,4.54,Former,Heavy,Yes,32.0,,Surgery,7.0,1.0,Alive,Critical
ONC-02341,56.0,Male,Prostate,Stage IV,0.91,Former,Heavy,,25.0,2020-09-17,Immunotherapy,17.0,39.0,Deceased,Critical
ONC-05805,64.0,,Liver,Stage II,6.28,Former,Regular,Yes,27.7,2020-11-26,Palliative Care,9.0,14.0,Alive,Low
ONC-00797,39.0,Male,Lung,Stage IV,13.31,Former,Occasional,,26.3,2015-11-29,Immunotherapy,10.0,2.0,Deceased,High
ONC-07087,47.0,Other,Pancreatic,Stage IV,1.77,Former,None,No,23.7,2019-07-29,Combination Therapy,7.0,42.0,Alive,Critical
ONC-05188,39.0,Female,Ovarian,Stage IV,4.56,Current,Heavy,,27.0,2018-02-28,Chemotherapy,8.0,16.0,Alive,Medium
ONC-04271,55.0,,Skin (Melanoma),Stage II,3.82,Never,Occasional,Yes,15.2,2017-05-06,,,7.0,,Medium
ONC-02815,61.0,Other,Pancreatic,Stage II,,Never,Heavy,No,28.5,2020-04-05,Immunotherapy,5.0,4.0,,Medium
ONC-04342,51.0,Female,Prostate,Stage IV,6.79,Never,Occasional,No,30.1,2018-10-21,,6.0,3.0,Deceased,High
ONC-01081,38.0,Other,Prostate,Stage I,1.46,Current,,Yes,31.8,2015-04-08,,5.0,19.0,Deceased,Low
ONC-01655,64.0,Female,Pancreatic,Stage IV,4.47,Never,Regular,No,23.1,2024-03-17,Combination Therapy,1.0,8.0,Alive,Critical
ONC-01608,51.0,Male,Liver,Stage I,2.04,Never,Occasional,No,21.6,2016-06-29,Palliative Care,4.0,3.0,Deceased,Low
ONC-00145,76.0,Other,Colorectal,,2.58,Never,Heavy,No,26.7,2023-05-13,Radiation Therapy,6.0,17.0,Alive,Critical
ONC-04242,61.0,,Liver,Stage I,4.11,Never,Heavy,Yes,35.3,2018-04-28,Immunotherapy,2.0,,Alive,Medium
ONC-00091,42.0,Other,Liver,Stage I,4.52,Former,Heavy,Yes,,2017-02-07,Combination Therapy,8.0,1.0,Alive,Medium
ONC-00683,63.0,Male,Pancreatic,Stage II,0.53,Former,Occasional,No,27.2,2018-01-09,Chemotherapy,5.0,1.0,Alive,Medium
ONC-04407,77.0,Male,Prostate,Stage I,2.55,Former,None,No,35.4,,Chemotherapy,7.0,13.0,Deceased,Medium
ONC-03432,63.0,Other,Pancreatic,Stage IV,2.09,Current,Regular,,20.8,2015-08-31,Surgery,3.0,28.0,Alive,Medium
ONC-00094,57.0,Other,Lung,Stage IV,1.7,Never,Heavy,No,27.2,2020-09-15,Palliative Care,7.0,20.0,Alive,Critical
ONC-00835,,Other,,Stage IV,3.44,Former,,No,16.5,2015-12-12,Surgery,7.0,2.0,,Critical
ONC-06053,19.0,Male,Pancreatic,Stage III,20.0,Never,Heavy,Yes,24.1,2020-09-10,Chemotherapy,6.0,10.0,Alive,High
ONC-05021,28.0,Male,Breast,Stage I,4.59,Former,Regular,Yes,30.5,2015-07-06,Radiation Therapy,7.0,16.0,Alive,Medium
ONC-01263,47.0,,Brain,Stage II,1.68,Never,Regular,Yes,27.5,2021-10-13,Combination Therapy,3.0,26.0,Alive,Medium
ONC-06006,20.0,Male,Colorectal,,2.95,Current,Regular,No,31.4,2022-10-05,Chemotherapy,10.0,12.0,Alive,High
ONC-05132,70.0,Other,Colorectal,Stage I,1.89,Current,Occasional,,27.4,2021-07-09,Radiation Therapy,4.0,18.0,Alive,Medium
ONC-01401,61.0,Female,Colorectal,Stage III,3.28,,Regular,No,34.3,2022-05-01,Palliative Care,4.0,9.0,Alive,High
ONC-03980,,Male,Brain,Stage I,4.72,,Heavy,Yes,19.4,2021-10-21,Surgery,7.0,72.0,Alive,Low
ONC-02292,69.0,Male,Brain,Stage IV,2.42,Former,None,No,29.4,2024-06-10,Radiation Therapy,9.0,1.0,Deceased,High
ONC-01501,,Female,Colorectal,Stage IV,4.42,Current,Heavy,,23.4,,Immunotherapy,4.0,,,Critical
ONC-07256,48.0,Female,Breast,,6.1,Never,None,No,26.6,2021-08-22,Immunotherapy,8.0,19.0,Alive,High
ONC-02263,44.0,Male,Breast,Stage IV,2.97,Current,Regular,Yes,,2016-06-02,Palliative Care,11.0,4.0,Alive,
ONC-01469,57.0,,Skin (Melanoma),Stage III,2.39,Former,Heavy,,22.0,2017-01-25,Radiation Therapy,8.0,15.0,Alive,Medium
ONC-03929,55.0,Other,Prostate,Stage II,4.67,,None,No,24.3,2024-09-07,Surgery,7.0,4.0,Deceased,Low
ONC-03246,46.0,Male,Liver,Stage III,0.18,Never,Heavy,No,32.1,2022-06-02,Immunotherapy,8.0,7.0,Alive,
ONC-00999,53.0,Other,Skin (Melanoma),Stage I,8.73,Former,Heavy,Yes,32.8,,Immunotherapy,,10.0,Alive,High
ONC-00854,61.0,Other,Colorectal,Stage IV,1.03,Current,Regular,No,,2021-08-09,,3.0,5.0,Alive,Medium
ONC-03876,35.0,Male,Breast,Stage III,4.03,Current,Regular,No,32.8,2019-08-02,,7.0,26.0,Alive,Low
ONC-06570,51.0,Male,Prostate,Stage II,1.06,Never,None,Yes,29.3,2020-08-27,Radiation Therapy,3.0,1.0,Alive,Medium
ONC-06301,,Female,Blood (Leukemia),Stage III,3.39,Former,None,No,26.9,2020-03-31,Chemotherapy,,0.0,Alive,High
ONC-01143,49.0,Female,Blood (Leukemia),Stage IV,3.09,Former,None,No,26.5,2021-04-06,Chemotherapy,4.0,5.0,Alive,High
ONC-05240,40.0,Other,Skin (Melanoma),Stage II,5.82,Current,Heavy,No,25.1,2018-12-13,Chemotherapy,4.0,17.0,Deceased,High
ONC-02275,54.0,,Lung,Stage I,2.57,Current,Heavy,,25.4,2022-02-12,Chemotherapy,8.0,30.0,Alive,Medium
ONC-07041,99.0,Male,Liver,Stage IV,1.52,Former,Regular,No,33.2,2019-04-15,Surgery,11.0,19.0,Deceased,Critical
ONC-06145,73.0,Female,Ovarian,Stage II,5.86,Current,None,Yes,27.6,2016-12-01,Surgery,10.0,13.0,Alive,Low
ONC-04498,44.0,Male,Prostate,Stage III,2.57,Former,Occasional,No,19.6,2020-06-27,Radiation Therapy,14.0,10.0,Alive,Medium
ONC-01104,39.0,Female,Pancreatic,Stage IV,0.27,Current,Heavy,No,16.4,2016-04-09,Chemotherapy,7.0,0.0,Alive,High
ONC-00085,43.0,Other,Prostate,Stage III,3.81,Former,Heavy,Yes,39.2,2020-04-03,,3.0,49.0,Alive,High
ONC-02211,49.0,Female,Ovarian,Stage II,1.83,Former,,Yes,24.7,2023-03-28,Palliative Care,8.0,43.0,Alive,Medium
ONC-00926,73.0,Other,Brain,Stage IV,1.98,Never,None,No,22.8,2022-11-01,Surgery,5.0,10.0,Alive,High
ONC-04211,,Other,Pancreatic,Stage I,7.01,,Regular,No,17.9,2022-06-06,,,29.0,Alive,Low
ONC-06815,61.0,Male,Brain,Stage I,7.37,Current,Occasional,No,,2016-03-17,Combination Therapy,3.0,5.0,Alive,Low
ONC-07319,74.0,Female,Prostate,Stage I,1.32,,Occasional,Yes,27.0,2019-09-03,Surgery,10.0,,Alive,Low
ONC-07453,39.0,Other,Prostate,Stage III,1.29,Former,Occasional,No,23.9,2017-05-04,Combination Therapy,9.0,7.0,Alive,High
ONC-05682,63.0,Other,Lung,Stage III,,Former,None,No,21.8,2017-03-11,Combination Therapy,3.0,3.0,Alive,Low
ONC-03441,43.0,Male,Blood (Leukemia),Stage II,3.72,Current,,Yes,28.0,2024-01-27,Surgery,3.0,2.0,Deceased,
ONC-01568,45.0,Other,,Stage IV,4.7,Current,Heavy,Yes,29.0,2017-01-27,Surgery,5.0,,Alive,
ONC-07034,50.0,Female,Breast,Stage IV,2.09,Former,None,Yes,25.2,2017-08-28,Immunotherapy,,4.0,Deceased,High
ONC-05598,59.0,Female,Ovarian,,2.6,Former,Regular,No,22.6,2016-03-19,Surgery,6.0,10.0,Deceased,Low
ONC-01661,58.0,Male,Skin (Melanoma),Stage I,5.09,Former,Occasional,No,31.9,,Chemotherapy,7.0,4.0,,High
ONC-01557,44.0,Other,Blood (Leukemia),Stage II,19.85,Former,None,No,25.6,2022-04-01,Radiation Therapy,6.0,14.0,Alive,Medium
ONC-06104,66.0,Male,Blood (Leukemia),Stage IV,0.21,,Regular,Yes,30.1,2021-12-02,Radiation Therapy,,4.0,Alive,High
ONC-04722,73.0,Male,Ovarian,Stage IV,1.79,Former,Regular,No,32.7,,Palliative Care,6.0,41.0,Alive,Medium
ONC-03765,54.0,Other,Brain,Stage IV,0.38,,Regular,No,26.4,,Surgery,4.0,23.0,Alive,Medium
ONC-03585,59.0,Other,Liver,Stage I,2.8,Never,Heavy,Yes,19.9,2017-11-17,Surgery,,22.0,Deceased,Medium
ONC-01886,81.0,Other,Prostate,Stage II,0.76,Never,None,Yes,27.9,2022-03-18,Combination Therapy,3.0,8.0,Alive,High
ONC-03145,40.0,Male,Colorectal,Stage II,0.54,Never,Occasional,No,22.5,2018-02-20,Immunotherapy,8.0,12.0,Alive,Low
ONC-01867,60.0,Other,Brain,Stage II,0.29,Never,,Yes,21.3,2015-08-30,Immunotherapy,4.0,16.0,Deceased,High
ONC-05049,67.0,Male,Blood (Leukemia),Stage II,0.59,Former,Heavy,Yes,27.3,2024-04-14,Palliative Care,7.0,38.0,Alive,Low
ONC-06952,,Female,,,4.27,Never,Regular,No,29.1,2024-04-08,,5.0,10.0,Deceased,Medium
ONC-06403,47.0,Male,Liver,Stage I,2.64,Former,Regular,No,28.8,2016-08-03,Palliative Care,7.0,26.0,Alive,Low
ONC-04721,84.0,Other,Colorectal,Stage IV,9.58,Former,Occasional,No,27.7,2016-03-13,Chemotherapy,5.0,5.0,Alive,Critical
ONC-02875,45.0,Male,Breast,Stage III,8.54,Current,,Yes,33.5,2018-06-30,Chemotherapy,6.0,13.0,Alive,Critical
ONC-04331,33.0,Male,Brain,Stage II,2.88,Never,Regular,No,22.4,2019-02-22,Immunotherapy,3.0,38.0,Deceased,Low
ONC-06280,66.0,Other,Colorectal,Stage I,3.12,Current,Heavy,,28.9,2020-09-14,Immunotherapy,9.0,24.0,Deceased,Medium
ONC-06761,83.0,Male,Prostate,Stage I,2.25,Former,None,Yes,28.2,2022-11-16,Immunotherapy,6.0,38.0,Deceased,Medium
ONC-03589,79.0,Female,Skin (Melanoma),Stage II,2.42,Never,Regular,Yes,26.5,2022-06-17,Combination Therapy,5.0,6.0,Alive,Medium
ONC-03268,49.0,Other,Prostate,Stage III,1.32,Current,Occasional,No,18.3,,Radiation Therapy,7.0,8.0,,Low
ONC-02885,45.0,Male,,Stage IV,3.1,Never,Heavy,Yes,34.4,2020-10-05,Radiation Therapy,5.0,4.0,Alive,High
ONC-02891,53.0,,Colorectal,Stage IV,2.45,Current,Occasional,Yes,22.7,,Palliative Care,8.0,89.0,Alive,High
ONC-06131,70.0,Other,Lung,Stage IV,1.86,Current,Occasional,Yes,14.2,2021-01-05,Palliative Care,,9.0,Alive,Critical
ONC-03008,61.0,Male,Skin (Melanoma),Stage IV,2.38,Never,None,No,20.8,2020-02-02,Palliative Care,9.0,8.0,Deceased,High
ONC-01827,35.0,Female,Breast,Stage IV,2.86,Never,Heavy,Yes,27.0,2024-08-23,Surgery,9.0,11.0,Alive,Critical
ONC-03924,55.0,Male,Skin (Melanoma),Stage III,8.67,,Heavy,No,30.5,2021-10-20,Palliative Care,6.0,,Deceased,Low
ONC-05307,59.0,Female,Colorectal,Stage IV,0.79,Former,Regular,Yes,25.1,,Surgery,,0.0,Deceased,Low
ONC-02641,56.0,,Skin (Melanoma),Stage II,4.3,Never,Occasional,No,22.0,2016-01-06,Immunotherapy,,15.0,Deceased,Critical
ONC-05411,48.0,Male,Lung,Stage III,1.79,Never,Heavy,No,31.7,2020-01-16,Chemotherapy,5.0,,Alive,
ONC-01526,59.0,Male,Ovarian,Stage I,2.29,,Occasional,Yes,17.3,,Radiation Therapy,5.0,16.0,Alive,Low
ONC-01563,39.0,Male,Breast,Stage I,5.33,Never,Occasional,No,33.2,2018-08-15,Immunotherapy,6.0,3.0,Deceased,Low
ONC-07436,47.0,Other,,Stage I,17.18,Current,Heavy,No,21.9,2018-06-20,Palliative Care,3.0,26.0,Deceased,Medium
ONC-05849,84.0,Other,Lung,Stage I,1.94,Never,,Yes,,2024-03-09,,4.0,27.0,Alive,Low
ONC-05702,55.0,Male,Blood (Leukemia),Stage IV,5.27,Current,Heavy,No,20.8,2024-05-29,Immunotherapy,7.0,1.0,Alive,Critical
ONC-00344,35.0,Female,Pancreatic,Stage I,6.43,Never,Heavy,Yes,12.0,2022-03-17,Combination Therapy,7.0,4.0,Alive,Low
ONC-02543,56.0,Female,,Stage I,0.36,Former,None,Yes,23.2,2015-02-14,Chemotherapy,,24.0,,Medium
ONC-03386,26.0,Female,,Stage II,3.24,Former,Heavy,No,31.1,2020-12-25,Surgery,4.0,8.0,Deceased,High
ONC-06438,54.0,,Pancreatic,Stage II,3.22,Former,Regular,No,27.7,2019-01-21,Combination Therapy,7.0,1.0,Alive,Medium
ONC-02413,70.0,Male,Blood (Leukemia),Stage III,1.84,Never,Occasional,No,28.3,2018-03-07,Radiation Therapy,6.0,70.0,Deceased,Medium
ONC-06323,66.0,Other,Prostate,Stage IV,1.5,Current,Occasional,Yes,27.9,2015-10-10,Surgery,,2.0,Deceased,Critical
ONC-02708,54.0,Female,Liver,Stage IV,0.85,,None,Yes,31.6,2024-10-28,Combination Therapy,4.0,14.0,Alive,
ONC-05093,61.0,Other,Colorectal,Stage III,0.42,Former,Occasional,No,23.3,2022-03-26,Palliative Care,6.0,5.0,Alive,High
ONC-06159,,Other,Skin (Melanoma),Stage II,5.54,Current,Regular,No,,2024-01-03,Immunotherapy,1.0,75.0,Alive,
ONC-01111,49.0,,Prostate,Stage III,1.44,Current,NA,No,26.6,2016-11-29,Combination Therapy,,25.0,Deceased,Critical
ONC-03443,,Female,Prostate,Stage I,1.45,Former,Regular,No,35.8,,Chemotherapy,,0.0,Alive,Low
ONC-02214,55.0,Other,Liver,Stage I,5.47,Former,Occasional,Yes,33.2,2019-12-28,Radiation Therapy,8.0,21.0,Alive,Medium
ONC-07300,77.0,Female,Blood (Leukemia),Stage II,1.85,Never,Occasional,No,27.7,2024-07-09,Palliative Care,4.0,20.0,Alive,Medium
ONC-01360,64.0,Other,Brain,Stage I,1.17,Never,,No,24.7,,Palliative Care,4.0,19.0,Deceased,Low
ONC-02108,46.0,Male,Liver,Stage I,5.75,Former,Heavy,Yes,31.1,2015-07-20,Combination Therapy,11.0,13.0,Deceased,Low
ONC-04806,68.0,,Blood (Leukemia),Stage I,9.09,Current,Occasional,,30.4,2022-05-30,Surgery,5.0,4.0,Alive,Low
ONC-05975,47.0,Other,Breast,Stage I,2.3,Never,Occasional,No,,2015-09-12,Immunotherapy,3.0,1.0,Deceased,Low
ONC-06821,64.0,Male,,Stage II,6.13,Current,None,No,24.9,2016-07-13,Chemotherapy,,0.0,Alive,Low
ONC-01379,57.0,Female,Pancreatic,Stage III,6.12,Former,,No,23.3,2018-02-01,Palliative Care,6.0,6.0,Alive,Critical
ONC-02829,67.0,Male,Ovarian,Stage II,1.74,,Occasional,Yes,31.6,,Combination Therapy,7.0,1.0,Alive,Medium
ONC-00425,42.0,Female,Blood (Leukemia),Stage III,0.93,Current,Regular,,22.1,2015-07-07,Chemotherapy,,1.0,Alive,Critical
ONC-00293,97.0,Male,Colorectal,Stage III,3.47,Current,,Yes,,2023-10-03,Immunotherapy,2.0,21.0,Alive,Low
ONC-01066,55.0,,Pancreatic,Stage II,0.59,Current,Heavy,,22.4,2022-11-19,Surgery,8.0,8.0,Alive,Medium
ONC-07018,95.0,Female,Brain,Stage II,2.75,Former,Occasional,No,23.2,2022-02-18,Chemotherapy,3.0,5.0,Alive,High
ONC-02378,84.0,NA,Breast,Stage IV,4.42,Former,None,Yes,28.4,2018-04-25,Radiation Therapy,3.0,4.0,,High
ONC-05735,71.0,Male,Blood (Leukemia),Stage III,2.75,Current,Heavy,No,21.0,2021-09-27,Palliative Care,5.0,7.0,Alive,High
ONC-06574,86.0,Female,Liver,Stage I,8.29,Former,,Yes,25.3,2023-12-06,Palliative Care,3.0,27.0,Alive,Low
ONC-05109,,,Pancreatic,,1.41,,Occasional,No,37.4,2019-12-06,Chemotherapy,8.0,1.0,Alive,High
ONC-02128,53.0,Other,Colorectal,Stage III,2.41,Never,Heavy,No,,,Chemotherapy,5.0,,Alive,Medium
ONC-01718,45.0,Other,Lung,Stage IV,5.02,Former,,Yes,24.9,2019-07-20,Combination Therapy,7.0,8.0,Alive,
ONC-07197,89.0,Female,Blood (Leukemia),Stage IV,4.78,Former,Heavy,No,27.6,2018-12-15,Palliative Care,5.0,6.0,Deceased,High
ONC-00938,61.0,Male,,Stage III,1.69,Former,Regular,Yes,31.8,2019-05-14,Chemotherapy,5.0,49.0,Alive,Medium
ONC-03780,46.0,Other,Pancreatic,Stage II,3.47,Former,,Yes,25.8,2021-08-25,Chemotherapy,8.0,18.0,Alive,Medium
ONC-03965,45.0,Female,Blood (Leukemia),Stage II,,Never,Regular,No,32.2,2020-12-07,Chemotherapy,6.0,12.0,Alive,Low
ONC-03991,65.0,Female,Colorectal,Stage II,,Former,Occasional,No,23.4,,Radiation Therapy,8.0,,,High
ONC-04931,66.0,Other,Pancreatic,Stage I,2.05,Current,Occasional,,29.5,2021-11-01,Palliative Care,7.0,1.0,Alive,Low
ONC-06894,83.0,Female,Liver,Stage IV,2.74,Current,None,No,17.3,2021-05-29,Radiation Therapy,1.0,8.0,Alive,High
ONC-07035,56.0,Male,Pancreatic,Stage II,1.38,Never,,Yes,26.4,2023-10-11,Immunotherapy,5.0,10.0,Deceased,Low
ONC-00255,59.0,Male,Brain,Stage IV,2.01,,Heavy,Yes,28.9,2015-03-10,,10.0,15.0,Deceased,Critical
ONC-03086,57.0,Female,Pancreatic,Stage I,5.46,Current,Heavy,,25.0,2018-04-06,Surgery,6.0,32.0,Alive,Low
ONC-01483,61.0,Male,Prostate,Stage III,13.39,Never,None,No,26.3,2017-01-30,Chemotherapy,10.0,,Deceased,High
ONC-00945,37.0,Female,Blood (Leukemia),Stage I,6.7,Current,Regular,Yes,32.9,2017-07-27,Palliative Care,6.0,25.0,Alive,Low
ONC-05504,45.0,,Pancreatic,Stage I,6.43,,Regular,Yes,25.0,2019-06-12,Immunotherapy,3.0,,,Low
ONC-07482,64.0,Male,Liver,Stage IV,0.7,Never,None,No,16.9,2024-05-11,,4.0,13.0,Alive,Critical
ONC-07253,70.0,Other,Lung,Stage II,2.67,Former,None,No,36.1,2024-11-12,,5.0,26.0,Alive,Low
ONC-01879,94.0,,Brain,Stage IV,3.87,Never,Heavy,Yes,23.4,2016-10-25,Surgery,6.0,14.0,Alive,
ONC-06281,,Female,Colorectal,Stage II,6.26,Current,Regular,No,22.7,2017-08-02,,5.0,9.0,Alive,High
ONC-03184,43.0,,Prostate,Stage II,5.23,Current,Regular,No,24.1,2023-12-26,Radiation Therapy,3.0,4.0,,Low
ONC-03267,63.0,Female,Lung,,0.62,Former,,Yes,24.4,2024-11-16,Palliative Care,5.0,19.0,Alive,
ONC-06997,62.0,,Blood (Leukemia),Stage III,2.88,Former,Occasional,Yes,18.1,2021-09-04,Radiation Therapy,6.0,15.0,Alive,Critical
ONC-07347,72.0,Other,Colorectal,Stage III,3.19,Current,None,Yes,23.4,2020-12-28,Chemotherapy,7.0,,Alive,Low
ONC-04820,64.0,Female,Breast,Stage I,1.82,Never,Occasional,No,30.0,2021-12-25,,7.0,88.0,Deceased,Low
ONC-02908,66.0,Other,Breast,Stage I,13.41,Current,Occasional,No,26.6,2023-12-05,Chemotherapy,,39.0,Alive,Low
ONC-00970,59.0,Other,Skin (Melanoma),Stage II,0.15,Current,Heavy,No,26.8,2022-05-28,Chemotherapy,6.0,42.0,Alive,Medium
ONC-00497,75.0,Male,Blood (Leukemia),Stage I,0.1,Former,Regular,No,27.5,,Combination Therapy,6.0,0.0,Alive,Low
ONC-05047,68.0,,Breast,Stage IV,2.74,Former,Heavy,Yes,23.6,2016-01-15,Surgery,9.0,34.0,Alive,
ONC-04902,,Other,Pancreatic,Stage IV,4.33,Never,None,Yes,31.4,2023-03-28,Surgery,9.0,8.0,,Critical
ONC-01830,56.0,Female,Pancreatic,Stage I,3.84,Current,Occasional,,31.4,2020-11-11,Palliative Care,4.0,20.0,Deceased,Medium
ONC-02178,74.0,Other,Pancreatic,Stage I,,Former,Regular,Yes,23.3,2018-01-14,Immunotherapy,4.0,12.0,Alive,Low
ONC-05836,78.0,Female,Breast,Stage II,0.69,Never,Heavy,Yes,20.2,2015-06-22,Immunotherapy,7.0,16.0,,Medium
ONC-00338,45.0,Male,Skin (Melanoma),Stage III,6.22,Never,Heavy,,16.6,2021-03-27,,7.0,2.0,Alive,Critical
ONC-04827,59.0,Female,Colorectal,Stage II,6.43,Current,Occasional,Yes,21.6,2023-04-14,Chemotherapy,7.0,,Alive,Low
ONC-04705,76.0,Other,Prostate,Stage III,1.71,Current,Occasional,No,23.9,2015-03-08,Radiation Therapy,5.0,47.0,Alive,Low
ONC-01149,,Other,Blood (Leukemia),Stage III,0.39,Never,Regular,No,22.3,2017-05-18,Chemotherapy,5.0,0.0,Alive,Medium
ONC-02244,47.0,Other,Blood (Leukemia),Stage II,10.4,Never,Occasional,Yes,33.0,2016-05-26,,10.0,9.0,Alive,Medium
ONC-07395,53.0,Male,Pancreatic,Stage I,2.25,Former,Occasional,Yes,26.0,2019-04-18,Combination Therapy,7.0,18.0,Alive,Low
ONC-05810,75.0,Female,Brain,,9.22,Never,Heavy,Yes,32.7,,Chemotherapy,7.0,8.0,Alive,Low
ONC-07437,53.0,Other,Lung,Stage III,,Former,Regular,,27.1,2019-08-19,Radiation Therapy,8.0,,Alive,
ONC-02402,33.0,Female,Pancreatic,Stage II,1.36,Former,Occasional,Yes,21.4,2021-01-20,Chemotherapy,4.0,3.0,Deceased,Medium
ONC-05006,,Male,Ovarian,Stage II,1.12,Former,Regular,No,28.7,2019-09-07,Palliative Care,6.0,8.0,Alive,Medium
ONC-06729,44.0,Female,Liver,Stage III,20.0,,,No,29.2,2015-06-22,Surgery,9.0,0.0,,Medium
ONC-03969,,Male,,Stage IV,0.1,Never,Occasional,Yes,26.7,,Chemotherapy,5.0,27.0,Alive,High
ONC-02152,59.0,Male,Prostate,Stage II,4.45,Current,Occasional,Yes,28.1,2024-08-15,Chemotherapy,5.0,18.0,Alive,High
ONC-02011,63.0,Male,Breast,Stage I,13.33,Never,Heavy,,21.6,2022-11-24,Radiation Therapy,4.0,2.0,Alive,High
ONC-02492,20.0,Male,Prostate,Stage II,1.56,Never,,No,20.7,2021-05-23,Immunotherapy,9.0,27.0,Alive,Medium
ONC-07421,37.0,Other,Skin (Melanoma),Stage II,1.41,Former,Regular,No,35.2,,Palliative Care,8.0,80.0,Deceased,Low
ONC-01811,51.0,Female,Prostate,Stage II,12.21,Current,,Yes,26.6,2015-07-26,,9.0,,Alive,High
ONC-01995,47.0,Female,,Stage II,7.45,Former,,No,26.4,2024-05-09,,11.0,2.0,Alive,Low
ONC-04816,80.0,,Pancreatic,Stage IV,2.26,Current,Regular,No,21.5,2016-12-24,Radiation Therapy,12.0,9.0,Deceased,Critical
ONC-02933,84.0,Male,Blood (Leukemia),Stage IV,3.09,,Occasional,,18.2,2016-11-19,Combination Therapy,4.0,0.0,Alive,Critical
ONC-02825,61.0,Female,Breast,Stage III,,Current,Occasional,No,36.1,2015-07-25,Surgery,6.0,7.0,Alive,High
ONC-05666,64.0,Female,Breast,Stage II,6.22,Current,Heavy,No,28.5,2016-09-19,Palliative Care,6.0,0.0,Alive,High
ONC-02898,47.0,Other,Breast,Stage IV,2.36,,Occasional,Yes,24.0,2021-08-28,Combination Therapy,2.0,48.0,Alive,
ONC-07039,43.0,Other,Breast,Stage IV,13.89,Never,Regular,No,23.9,2018-07-27,Combination Therapy,6.0,46.0,Alive,High
ONC-02276,50.0,Male,Skin (Melanoma),Stage IV,8.35,Former,None,Yes,23.4,2017-02-12,Palliative Care,6.0,48.0,Alive,Critical
ONC-00435,49.0,Male,Breast,Stage II,8.46,Former,Regular,Yes,24.7,2024-05-31,Surgery,6.0,0.0,Alive,Low
ONC-07470,70.0,Other,Breast,Stage I,6.17,,Occasional,Yes,22.3,2018-01-04,Chemotherapy,4.0,7.0,Alive,Low
ONC-05396,57.0,Female,Skin (Melanoma),,3.98,Current,None,No,23.2,2020-04-23,,8.0,30.0,Alive,Medium
ONC-06271,53.0,Male,Skin (Melanoma),Stage II,6.57,Never,None,Yes,31.7,2015-04-21,Chemotherapy,3.0,9.0,Alive,Low
ONC-04502,51.0,Male,Ovarian,Stage IV,2.81,Current,Heavy,,35.3,2015-05-09,Combination Therapy,8.0,7.0,Alive,High
ONC-02824,,Other,Prostate,Stage II,4.1,Never,Regular,Yes,39.5,2021-12-29,Palliative Care,3.0,18.0,Alive,High
ONC-04918,73.0,Other,Breast,Stage I,1.37,Current,Regular,Yes,28.4,2021-02-25,Chemotherapy,4.0,6.0,Alive,Low
ONC-06856,54.0,Female,,Stage I,5.66,Current,,No,24.5,2024-06-22,Combination Therapy,7.0,111.0,Alive,Low
ONC-05886,60.0,Other,Lung,Stage IV,5.7,Never,Regular,Yes,25.5,2017-09-10,Chemotherapy,14.0,2.0,Alive,Medium
ONC-03756,52.0,Female,,Stage III,1.89,Current,Regular,Yes,20.7,2024-10-07,Immunotherapy,,23.0,Alive,Medium
ONC-02505,,,Breast,Stage I,0.19,Former,None,No,33.5,,,4.0,39.0,Deceased,Medium
ONC-07205,75.0,,Blood (Leukemia),Stage IV,6.16,Never,,Yes,26.5,2015-02-25,Combination Therapy,4.0,9.0,Deceased,Critical
ONC-03212,67.0,Other,Prostate,Stage IV,4.81,Never,None,No,23.2,2016-10-01,Palliative Care,,16.0,Alive,High
ONC-06448,57.0,Female,,Stage II,1.1,,None,No,20.2,2016-11-15,Radiation Therapy,6.0,1.0,Alive,High
ONC-06412,52.0,Other,Breast,,3.75,Never,Regular,Yes,22.1,2022-06-11,Combination Therapy,4.0,18.0,Deceased,Medium
ONC-05955,47.0,,Prostate,Stage IV,4.12,Former,Regular,Yes,28.3,2022-08-19,Immunotherapy,4.0,,Alive,High
ONC-05654,,Female,,Stage I,6.67,Never,None,Yes,18.0,2015-02-08,Surgery,5.0,32.0,,Medium
ONC-04642,46.0,Female,,Stage III,0.87,Former,,Yes,26.5,2024-10-25,Surgery,5.0,14.0,Deceased,High
ONC-04309,36.0,Female,Ovarian,Stage I,2.82,Never,Occasional,Yes,30.0,2017-07-04,Immunotherapy,4.0,5.0,Deceased,High
ONC-04993,62.0,,Blood (Leukemia),Stage II,2.84,Former,None,No,23.3,2022-02-23,Immunotherapy,5.0,24.0,Alive,High
ONC-03541,68.0,Other,Brain,,7.44,Former,Regular,Yes,21.2,2021-06-04,Palliative Care,8.0,1.0,Deceased,High
ONC-03271,,Other,Lung,Stage IV,0.38,Current,Occasional,No,34.1,2018-08-12,Chemotherapy,7.0,62.0,Alive,High
ONC-01942,34.0,Other,Skin (Melanoma),Stage IV,,Former,None,No,27.1,2015-04-01,Combination Therapy,5.0,5.0,Deceased,
ONC-01892,76.0,,Breast,Stage IV,0.36,Current,Heavy,Yes,35.8,2017-03-21,Combination Therapy,3.0,16.0,Deceased,Medium
ONC-05013,53.0,Female,Blood (Leukemia),Stage III,0.5,Current,,,31.2,2024-03-08,Chemotherapy,8.0,18.0,,High
ONC-03600,77.0,Other,Prostate,Stage I,0.49,,Regular,Yes,19.6,2023-08-10,Surgery,7.0,30.0,Alive,Medium
ONC-06820,56.0,Female,Skin (Melanoma),Stage I,1.19,Never,Heavy,No,18.4,2016-11-06,Combination Therapy,11.0,56.0,Deceased,Medium
ONC-05386,88.0,Other,Brain,Stage IV,4.4,Former,Regular,Yes,36.7,,Radiation Therapy,7.0,6.0,Alive,Medium
ONC-04911,62.0,Other,Breast,Stage III,1.81,Never,None,No,32.7,2023-11-20,Surgery,6.0,6.0,Alive,Critical
ONC-01266,62.0,Other,Blood (Leukemia),Stage IV,5.14,Never,,,23.4,2024-06-25,Surgery,5.0,62.0,Deceased,High
ONC-04439,55.0,Female,Liver,Stage IV,0.56,Current,,No,22.9,2023-10-19,Chemotherapy,6.0,33.0,Deceased,High
ONC-02598,47.0,Male,,Stage I,0.67,N/A,Occasional,Yes,31.4,2024-11-21,Combination Therapy,7.0,17.0,Alive,Low
ONC-01411,79.0,Male,Blood (Leukemia),Stage I,0.17,,None,Yes,25.3,2020-10-25,Chemotherapy,8.0,3.0,,Low
ONC-01215,68.0,Male,Brain,Stage IV,0.26,Never,Regular,No,24.0,2020-07-21,Surgery,8.0,37.0,Deceased,High
ONC-00967,53.0,Female,Liver,Stage III,1.25,Former,Heavy,No,30.3,2019-02-27,Palliative Care,1.0,4.0,Deceased,Critical
ONC-01231,63.0,Male,Prostate,,0.27,Former,,,20.8,2019-04-01,Combination Therapy,4.0,,Alive,Low
ONC-06440,34.0,Male,Brain,Stage IV,1.3,Never,Regular,Yes,28.0,2018-11-01,Radiation Therapy,,2.0,Alive,High
ONC-04792,50.0,,,Stage IV,1.71,Never,Regular,,26.6,2022-02-19,Surgery,8.0,9.0,Deceased,Critical
ONC-06218,69.0,,Brain,Stage III,2.93,Current,Occasional,Yes,31.0,2020-02-25,Palliative Care,5.0,12.0,Deceased,Medium
ONC-00606,46.0,Other,Pancreatic,Stage II,0.91,Former,Heavy,No,17.1,2023-04-30,Surgery,3.0,4.0,Deceased,Medium
ONC-00105,81.0,Male,Liver,Stage II,,Current,Heavy,Yes,25.7,2020-07-31,Combination Therapy,7.0,10.0,Alive,Low
ONC-00646,68.0,Female,Brain,Stage III,0.73,Never,None,Yes,21.8,,Immunotherapy,6.0,15.0,Alive,
ONC-05501,55.0,Unknown,,Stage I,,Current,Regular,No,27.7,2015-11-04,Radiation Therapy,6.0,5.0,Alive,Low
ONC-04591,53.0,,Lung,Stage IV,1.13,,Regular,Yes,36.6,2021-03-30,Palliative Care,,6.0,Alive,High
ONC-03089,69.0,Male,Brain,,1.42,Never,,Yes,24.0,2019-04-19,Immunotherapy,5.0,5.0,Alive,Medium
ONC-06584,69.0,Female,Liver,Stage III,0.43,,Heavy,No,28.0,2022-08-29,Radiation Therapy,7.0,25.0,Alive,High
ONC-01020,32.0,Female,Breast,Stage IV,0.24,Never,None,No,28.0,2024-12-25,Palliative Care,4.0,,Alive,
ONC-00092,,Male,Pancreatic,Stage IV,9.79,Former,Occasional,No,31.3,2019-11-30,Palliative Care,12.0,28.0,Alive,Critical
ONC-05209,30.0,Other,Prostate,Stage IV,0.22,,Heavy,Yes,33.4,2020-12-21,Palliative Care,,34.0,Alive,High
ONC-02871,46.0,Female,Breast,Stage II,4.88,Former,Occasional,Yes,31.8,2015-07-29,Immunotherapy,2.0,8.0,Alive,Medium
ONC-00909,,Male,Lung,Stage I,2.27,Current,Occasional,No,35.2,2017-03-16,Palliative Care,5.0,4.0,Alive,Low
ONC-05571,,Male,Ovarian,Stage II,4.79,Former,Regular,No,17.7,2016-12-23,Surgery,5.0,,Alive,Medium
ONC-05838,52.0,,Brain,Stage II,1.24,Former,Regular,No,27.4,2024-10-28,Combination Therapy,5.0,15.0,Alive,Medium
ONC-02151,44.0,Male,Liver,Stage IV,0.49,,Regular,Yes,29.2,2024-12-04,Chemotherapy,3.0,7.0,Alive,High
ONC-00239,54.0,Male,Colorectal,Stage II,1.81,,Regular,,12.8,2024-02-24,,,13.0,Alive,
ONC-03141,,Female,Liver,Stage IV,7.22,,Heavy,No,27.1,2021-09-07,Radiation Therapy,5.0,6.0,Alive,Medium
ONC-00943,60.0,Female,Lung,Stage III,3.45,,None,Yes,21.7,2016-07-17,Radiation Therapy,7.0,13.0,Alive,Medium
ONC-01271,73.0,Male,Breast,Stage III,1.57,Never,Regular,No,25.6,,Radiation Therapy,6.0,48.0,Alive,Medium
ONC-00939,55.0,,Lung,Stage III,3.11,Never,None,Yes,31.0,,,1.0,2.0,Deceased,
ONC-05521,,Other,Prostate,Stage IV,0.16,Never,Heavy,No,28.6,2016-12-13,Radiation Therapy,9.0,2.0,,High
ONC-03230,40.0,Male,Blood (Leukemia),,1.76,Never,Occasional,Yes,26.9,2016-06-15,Chemotherapy,9.0,8.0,Deceased,Medium
ONC-03552,22.0,Other,Skin (Melanoma),Stage IV,2.77,Former,Regular,No,18.8,2023-11-22,Chemotherapy,10.0,24.0,Alive,High
ONC-01863,37.0,Other,Lung,Stage III,,,Heavy,No,24.8,2021-07-30,Combination Therapy,5.0,22.0,Deceased,Medium
ONC-01670,65.0,Male,Breast,Stage III,0.65,,Occasional,No,16.1,2024-11-09,Immunotherapy,7.0,0.0,Deceased,Critical
ONC-00006,99.0,,Brain,Stage III,0.72,Never,None,Yes,32.0,2023-09-02,Radiation Therapy,,62.0,Deceased,High
ONC-04344,38.0,,Breast,Stage IV,1.1,Former,None,Yes,12.0,2023-05-26,Immunotherapy,6.0,15.0,Alive,Medium
ONC-03944,78.0,Male,Colorectal,Stage II,7.3,Former,Heavy,Yes,27.9,2016-07-31,Radiation Therapy,8.0,10.0,,Medium
ONC-03014,25.0,Other,Ovarian,Stage III,1.22,Never,Heavy,No,21.8,2018-11-08,,7.0,92.0,Deceased,High
ONC-00019,62.0,Other,,Stage I,0.1,,Occasional,Yes,22.4,2015-01-30,Surgery,7.0,3.0,Deceased,Low
ONC-02320,51.0,Female,Prostate,Stage II,2.29,Never,Heavy,No,25.0,2023-04-20,,7.0,,Alive,Low
ONC-06266,57.0,Other,Brain,Stage II,,Former,Occasional,No,35.4,2024-11-11,Immunotherapy,9.0,1.0,Alive,High
ONC-01971,48.0,Other,Prostate,Stage III,1.22,,Regular,,24.0,2016-05-20,Palliative Care,11.0,,Alive,Critical
ONC-02710,34.0,Male,Breast,Stage II,10.16,,None,No,25.1,2021-05-05,Palliative Care,3.0,,Alive,Medium
ONC-02233,84.0,Female,Skin (Melanoma),Stage IV,1.36,Former,Regular,No,23.7,2019-05-12,Radiation Therapy,6.0,33.0,Alive,Critical
ONC-06419,66.0,,Pancreatic,Stage IV,0.4,,Regular,Yes,22.8,2018-04-02,Combination Therapy,7.0,2.0,Alive,Critical
ONC-06578,60.0,Other,Prostate,Stage III,0.86,Former,None,Yes,25.0,2020-09-30,Chemotherapy,11.0,10.0,Deceased,High
ONC-00812,29.0,Other,Liver,Stage IV,0.42,Former,Heavy,No,18.6,2015-12-25,Chemotherapy,3.0,20.0,Alive,High
ONC-01301,45.0,Other,Liver,Stage IV,0.46,Never,None,Yes,34.7,,Combination Therapy,6.0,9.0,Alive,Critical
ONC-05432,41.0,Other,Pancreatic,Stage III,,Never,,Yes,21.6,2023-03-04,Combination Therapy,5.0,14.0,Alive,Medium
ONC-02883,63.0,Other,Liver,Stage II,,Never,-,No,26.0,2017-03-29,Chemotherapy,6.0,7.0,Alive,Medium
ONC-00261,79.0,Female,Skin (Melanoma),,3.79,Never,Occasional,Yes,17.4,2023-06-09,,6.0,1.0,Deceased,Low
ONC-01805,80.0,Female,Colorectal,Stage I,0.86,Never,Occasional,,26.1,2024-01-20,Combination Therapy,7.0,36.0,Alive,
ONC-01571,31.0,Male,,Stage II,4.4,Former,Heavy,No,,2020-02-19,Immunotherapy,13.0,56.0,Alive,High
ONC-06326,76.0,Female,Skin (Melanoma),Stage IV,2.22,Current,Heavy,No,27.2,2023-07-09,Surgery,,10.0,,Critical
ONC-04281,,Female,Prostate,Stage II,4.38,Never,,Yes,18.0,2017-12-16,Combination Therapy,4.0,28.0,Deceased,Medium
ONC-02455,46.0,Male,Breast,Stage I,0.1,Current,,No,22.1,2020-05-27,Palliative Care,2.0,38.0,Deceased,Low
ONC-01744,72.0,Female,Ovarian,Stage II,1.88,Never,None,Yes,19.1,2017-05-17,Surgery,6.0,16.0,Alive,Medium
ONC-07010,,Male,Colorectal,,0.11,Former,Regular,Yes,26.7,2018-12-14,Chemotherapy,5.0,13.0,Alive,
ONC-01631,61.0,Male,Skin (Melanoma),Stage IV,9.12,Former,Occasional,Yes,25.3,2020-02-26,,3.0,,Alive,
ONC-01717,62.0,Female,Ovarian,Stage III,1.89,Current,Heavy,No,26.2,2018-01-08,Chemotherapy,8.0,4.0,Alive,Medium
ONC-00521,39.0,Female,Lung,Stage IV,3.08,Former,Occasional,No,30.8,2015-02-13,Surgery,9.0,2.0,Alive,High
ONC-03938,73.0,Male,Brain,Stage I,12.91,Never,Heavy,No,15.4,2020-02-18,Palliative Care,6.0,30.0,Alive,High
ONC-07148,55.0,Male,Lung,Stage III,6.11,Never,None,No,27.0,2021-11-06,Immunotherapy,5.0,7.0,Alive,Medium
ONC-06525,60.0,Male,Skin (Melanoma),Stage I,4.62,,Occasional,No,12.0,2021-08-23,Palliative Care,5.0,0.0,Alive,Low
ONC-06113,41.0,Female,Liver,Stage II,0.55,Current,Regular,No,23.8,2018-09-25,Surgery,5.0,33.0,,Low
ONC-03483,66.0,,Colorectal,Stage III,1.72,Former,Regular,No,21.1,2018-10-16,Combination Therapy,,14.0,Alive,Critical
ONC-01659,57.0,Other,Pancreatic,Stage IV,18.58,Never,None,Yes,29.5,2024-04-01,,6.0,20.0,Alive,High
ONC-00326,70.0,Female,Liver,,0.14,Current,Regular,No,25.9,,Surgery,6.0,,Alive,Medium
ONC-03473,60.0,Male,Skin (Melanoma),Stage II,11.67,Former,Heavy,Yes,26.9,2021-02-21,Palliative Care,2.0,17.0,Alive,High
ONC-05709,28.0,Other,Pancreatic,Stage IV,2.77,Former,Regular,No,22.4,2021-12-11,Palliative Care,6.0,,Deceased,Critical
ONC-02476,53.0,Female,Skin (Melanoma),Stage I,5.58,Current,Heavy,No,31.9,2015-04-20,Immunotherapy,8.0,13.0,Alive,Low
ONC-03949,37.0,Male,Liver,Stage III,2.67,Current,Regular,No,32.8,2023-03-19,Combination Therapy,6.0,18.0,Alive,High
ONC-06223,,Other,Lung,Stage I,1.1,Current,Regular,No,17.3,2021-02-06,,12.0,5.0,Deceased,Low
ONC-03935,49.0,Other,Skin (Melanoma),Stage III,0.41,Current,Regular,No,19.3,2016-08-21,Surgery,5.0,2.0,Alive,Critical
ONC-03646,52.0,Male,Skin (Melanoma),Stage IV,0.1,Former,None,No,28.7,2020-05-25,Chemotherapy,8.0,18.0,Alive,Critical
ONC-07154,,Male,Colorectal,Stage IV,5.13,Current,Occasional,No,29.0,2016-06-19,Radiation Therapy,8.0,20.0,Deceased,Critical
ONC-00764,33.0,Female,Colorectal,Stage I,5.79,Former,Heavy,No,22.5,2019-09-25,Palliative Care,7.0,,Deceased,Low
ONC-04704,60.0,Other,Colorectal,Stage II,1.67,Current,Occasional,Yes,22.8,2022-06-02,Combination Therapy,9.0,38.0,Alive,High
ONC-04327,57.0,Other,Lung,Stage IV,15.43,Former,Heavy,Yes,26.5,2024-12-23,Chemotherapy,3.0,36.0,,Critical
ONC-07237,37.0,Female,Skin (Melanoma),Stage II,5.79,Current,Heavy,No,29.9,2016-12-05,Surgery,5.0,30.0,Alive,Medium
ONC-04428,57.0,Other,Blood (Leukemia),Stage III,0.39,Former,Heavy,No,22.9,2016-05-10,Surgery,9.0,6.0,Alive,High
ONC-07202,,Male,Breast,Stage IV,1.0,,Occasional,Yes,26.0,,,10.0,25.0,Deceased,Critical
ONC-05537,53.0,Female,Colorectal,Stage III,0.88,Current,None,No,23.7,2024-11-16,Radiation Therapy,4.0,7.0,Alive,Medium
ONC-06700,40.0,Female,Breast,Stage I,11.19,,None,No,24.5,2022-03-17,Immunotherapy,4.0,53.0,Deceased,Low
ONC-06024,47.0,Female,Breast,Stage IV,,Never,None,Yes,32.3,2017-04-22,Chemotherapy,5.0,8.0,Alive,High
ONC-01092,,Other,Pancreatic,Stage I,3.25,Never,Heavy,No,20.5,2017-03-28,Immunotherapy,6.0,22.0,Alive,Low
ONC-03609,,Female,Pancreatic,Stage IV,10.32,Never,Heavy,Yes,16.5,2023-08-09,Palliative Care,2.0,9.0,,Critical
ONC-01102,42.0,Male,Colorectal,Stage IV,11.97,Current,Heavy,Yes,,2018-11-26,Chemotherapy,4.0,30.0,Deceased,Critical
ONC-05226,58.0,Male,Breast,Stage II,2.03,Former,Heavy,No,21.2,2021-04-27,,7.0,4.0,Alive,Low
ONC-07380,40.0,Male,,Stage III,3.01,Current,Occasional,No,21.8,,Chemotherapy,8.0,7.0,Alive,High
ONC-04558,51.0,Other,Prostate,Stage II,2.29,Never,Occasional,Yes,25.1,2024-08-07,Chemotherapy,8.0,41.0,Deceased,Low
ONC-00959,51.0,Male,Lung,Stage II,3.32,Former,Regular,No,31.2,2020-08-12,Combination Therapy,2.0,2.0,Alive,High
ONC-05759,,Male,Prostate,Stage III,2.58,Current,Regular,No,31.4,2023-08-02,Chemotherapy,5.0,21.0,Deceased,High
ONC-00560,61.0,Female,Breast,Stage IV,2.64,Current,Heavy,,30.5,2023-07-19,,7.0,0.0,Alive,High
ONC-06991,81.0,Female,Prostate,Stage III,1.83,Never,Regular,No,26.6,,Combination Therapy,,0.0,Alive,Medium
ONC-06835,54.0,Other,Breast,Stage III,5.89,Never,,No,23.2,2015-05-04,Chemotherapy,2.0,0.0,Alive,Low
ONC-02755,60.0,Male,Prostate,Stage II,4.06,Former,None,No,16.0,2020-03-15,Combination Therapy,9.0,3.0,Deceased,High
ONC-01520,63.0,Other,Pancreatic,Stage I,19.23,Former,Occasional,No,25.0,2024-07-18,Radiation Therapy,2.0,16.0,Alive,Medium
ONC-06237,69.0,,Liver,,6.72,Never,Regular,Yes,20.4,2024-03-04,Combination Therapy,3.0,90.0,Deceased,
ONC-06464,47.0,Female,Skin (Melanoma),Stage I,1.19,Former,,No,30.7,2019-06-14,Radiation Therapy,6.0,12.0,Alive,High
ONC-06129,51.0,Female,Lung,Stage III,0.89,Never,Heavy,Yes,29.7,2023-01-21,,9.0,32.0,Deceased,Medium
ONC-02485,,Other,Breast,Stage IV,1.2,,,Yes,20.9,2022-03-12,Palliative Care,7.0,29.0,Alive,
ONC-06635,,Male,Lung,Stage II,,Never,,No,35.1,2019-11-29,,2.0,4.0,Alive,Low
ONC-00367,53.0,Female,,Stage II,9.25,Former,Heavy,No,15.4,2017-07-15,Radiation Therapy,2.0,7.0,Alive,Medium
ONC-03902,27.0,Male,Skin (Melanoma),Stage IV,2.5,Never,None,Yes,24.9,2024-12-07,Radiation Therapy,4.0,16.0,Alive,Medium
ONC-06194,48.0,Female,Prostate,Stage IV,4.33,,Occasional,Yes,29.1,2024-08-09,Combination Therapy,7.0,28.0,Alive,Medium
ONC-00600,44.0,Other,Ovarian,Stage I,9.39,Current,Regular,No,34.4,2021-10-29,Radiation Therapy,6.0,1.0,Alive,Low
ONC-01949,43.0,Other,Brain,Stage I,1.0,Never,Heavy,No,25.1,,Combination Therapy,,38.0,Alive,Low
ONC-04166,70.0,Male,Lung,Stage I,5.88,Current,None,No,23.0,2020-06-07,Combination Therapy,5.0,21.0,Alive,Low
ONC-01573,63.0,Female,,Stage I,6.06,Never,Regular,No,24.1,,Palliative Care,6.0,22.0,Alive,Medium
ONC-00809,74.0,Female,Prostate,Stage IV,2.74,Current,Regular,No,14.6,,Palliative Care,3.0,12.0,Alive,Medium
ONC-03233,66.0,Male,Liver,Stage I,3.2,Never,Occasional,Yes,,2020-06-21,Combination Therapy,11.0,28.0,Alive,Medium
ONC-03947,33.0,Other,Liver,Stage IV,4.17,Current,,No,27.2,2020-07-04,Combination Therapy,8.0,66.0,Alive,Low
ONC-00012,52.0,Male,Lung,Stage I,5.96,Current,Occasional,No,,2021-09-08,Surgery,2.0,35.0,Alive,Medium
ONC-02026,84.0,Female,,Stage II,0.5,,Occasional,No,21.8,2016-12-25,Radiation Therapy,,7.0,Deceased,Critical
ONC-06289,76.0,Male,Breast,Stage II,0.24,Never,Occasional,Yes,22.1,2019-06-22,Combination Therapy,7.0,7.0,Alive,Low
ONC-05014,46.0,Female,Skin (Melanoma),,8.5,Current,Heavy,Yes,24.8,2024-05-10,Chemotherapy,4.0,0.0,Alive,High
ONC-04357,86.0,,,,1.25,Former,Occasional,Yes,19.5,2020-11-25,Radiation Therapy,7.0,5.0,Alive,Critical
ONC-05548,57.0,Other,Brain,Stage I,5.36,Former,Regular,No,22.6,2018-01-17,Palliative Care,7.0,3.0,Deceased,Medium
ONC-06784,68.0,Female,Liver,Stage III,5.81,,None,No,25.4,2018-12-15,,4.0,1.0,Alive,Critical
ONC-00177,50.0,Other,,Stage IV,0.23,Former,None,No,25.9,2015-11-20,Immunotherapy,5.0,42.0,Alive,High
ONC-05091,58.0,,Lung,Stage I,3.64,Never,Heavy,Yes,29.0,2021-12-13,Palliative Care,7.0,28.0,Alive,Low
ONC-02489,,Female,,Stage III,0.17,Current,Heavy,Yes,16.3,2022-03-14,Radiation Therapy,3.0,44.0,Alive,Medium
ONC-03887,80.0,Female,Blood (Leukemia),Stage II,3.21,Never,Occasional,Yes,20.4,2016-05-20,Surgery,5.0,0.0,Deceased,Medium
ONC-02570,75.0,Male,Brain,Stage I,1.23,Never,None,Yes,27.4,2023-01-14,,10.0,40.0,Deceased,Low
ONC-07213,70.0,,Colorectal,Stage I,5.52,Current,Regular,Yes,22.0,2019-06-10,Surgery,5.0,5.0,Deceased,High
ONC-03521,58.0,Female,Blood (Leukemia),Stage II,2.58,Former,,,32.7,2019-02-16,Surgery,4.0,13.0,Alive,Medium
ONC-03761,50.0,Male,Colorectal,Stage IV,2.67,Never,Regular,No,27.8,2022-12-12,,,6.0,Alive,High
ONC-07149,78.0,,Skin (Melanoma),Stage II,,Current,None,No,22.7,2022-04-28,,4.0,26.0,Alive,High
ONC-05352,85.0,Female,Breast,Stage IV,1.74,Current,Heavy,No,,2016-11-18,Palliative Care,8.0,6.0,Alive,Critical
ONC-03283,62.0,Other,Prostate,Stage II,0.67,Former,Heavy,,27.3,2016-12-17,Immunotherapy,8.0,44.0,Deceased,High
ONC-01665,63.0,Male,Brain,Stage III,9.27,Never,None,No,31.9,,,7.0,10.0,Alive,Critical
ONC-02192,29.0,Male,Breast,Stage I,0.87,Current,Heavy,No,29.0,2022-02-27,Combination Therapy,,11.0,Alive,
ONC-06898,54.0,Other,Skin (Melanoma),Stage I,1.92,Former,Occasional,Yes,29.2,2017-04-11,Combination Therapy,9.0,1.0,Alive,Low
ONC-06664,57.0,Male,Lung,Stage I,4.97,Former,None,,,2020-07-19,Surgery,5.0,5.0,Alive,Medium
ONC-01901,62.0,,Liver,Stage I,4.85,Former,Occasional,No,26.8,2018-02-12,,6.0,10.0,,Low
ONC-03371,45.0,Female,Ovarian,Stage IV,12.99,Current,Heavy,Yes,18.9,2023-11-30,Chemotherapy,8.0,0.0,Alive,Medium
ONC-06967,66.0,Male,Ovarian,,1.86,Former,,No,26.3,2019-12-16,Chemotherapy,6.0,16.0,Alive,Medium
ONC-05887,44.0,Female,Colorectal,Stage II,11.39,Current,Heavy,No,16.0,2019-12-28,Radiation Therapy,3.0,1.0,Deceased,Medium
ONC-06573,54.0,Male,Lung,Stage I,0.14,Former,,No,30.2,2016-09-05,Surgery,7.0,30.0,Deceased,Medium
ONC-02661,51.0,Other,Colorectal,Stage III,2.95,Former,Heavy,No,15.4,2016-07-30,Chemotherapy,6.0,12.0,Alive,High
ONC-06456,61.0,,Breast,Stage I,4.84,,Heavy,Yes,23.3,2021-02-02,Chemotherapy,5.0,10.0,Alive,Low
ONC-07177,70.0,Male,Lung,Stage III,3.9,Never,None,No,20.7,2019-03-21,Radiation Therapy,,25.0,Deceased,Medium
ONC-04253,73.0,Male,Liver,Stage I,2.5,,Heavy,Yes,22.0,2018-09-30,Surgery,8.0,28.0,Deceased,Low
ONC-06684,75.0,Female,,Stage I,0.26,Never,None,Yes,23.4,,Chemotherapy,12.0,1.0,Alive,Low
ONC-03579,59.0,Male,Breast,Stage I,1.15,,Occasional,Yes,23.0,2024-10-23,Palliative Care,5.0,2.0,Alive,Low
ONC-05557,,Female,Prostate,Stage III,2.13,,Occasional,Yes,23.1,2018-01-31,Surgery,8.0,19.0,Alive,Medium
ONC-02047,45.0,Female,Breast,,0.78,Former,,Yes,33.1,,Chemotherapy,10.0,14.0,Alive,Low
ONC-07435,65.0,Male,Breast,Stage IV,12.41,Never,,Yes,19.1,2021-09-25,Palliative Care,8.0,46.0,Deceased,Critical
ONC-05947,55.0,,Ovarian,Stage II,4.85,,Heavy,Yes,30.9,2020-12-14,Radiation Therapy,8.0,12.0,Deceased,High
ONC-06606,89.0,Other,Ovarian,Stage IV,0.19,Never,Regular,No,30.0,2022-12-02,Surgery,9.0,23.0,Alive,Medium
ONC-02625,,Female,Breast,Stage IV,1.31,Former,,Yes,22.0,,,9.0,1.0,Alive,Low
ONC-03411,54.0,Male,Lung,Stage II,2.01,Former,Occasional,No,26.2,2021-01-19,Surgery,1.0,,Deceased,Medium
ONC-06400,22.0,Female,Liver,Stage III,,Current,Regular,No,24.5,2022-11-25,Combination Therapy,6.0,16.0,Alive,Medium
ONC-07124,76.0,Other,Lung,Stage IV,1.13,Former,Heavy,,31.0,2024-03-23,Combination Therapy,10.0,74.0,Alive,Critical
ONC-06102,79.0,Other,Skin (Melanoma),Stage III,0.44,Former,Regular,No,23.4,2015-01-13,Palliative Care,3.0,39.0,Alive,High
ONC-01186,51.0,Male,Pancreatic,Stage III,0.73,Former,Occasional,,32.4,2022-12-02,Combination Therapy,,25.0,Alive,Low
ONC-01007,61.0,,Lung,Stage I,,Former,Heavy,Yes,22.5,,Radiation Therapy,3.0,20.0,Deceased,Low
ONC-03570,55.0,Other,Brain,Stage I,1.57,Current,Occasional,No,23.2,2020-12-20,Immunotherapy,12.0,20.0,Alive,Medium
ONC-03738,70.0,,Blood (Leukemia),Stage II,9.28,Never,None,No,22.1,2022-07-10,Palliative Care,3.0,,,Low
ONC-04657,63.0,Female,Liver,Stage IV,0.1,Former,None,No,25.8,2018-01-14,Palliative Care,6.0,8.0,Alive,Critical
ONC-06353,83.0,Other,Breast,Stage IV,4.87,Never,Regular,No,26.6,2023-10-07,Immunotherapy,6.0,8.0,Alive,Critical
ONC-05007,89.0,Male,Prostate,Stage I,1.97,Current,,Yes,31.1,,Combination Therapy,5.0,41.0,Deceased,Low
ONC-05408,62.0,Female,Liver,,2.56,,None,,,2020-05-25,Combination Therapy,6.0,2.0,Alive,Critical
ONC-02050,53.0,Other,Colorectal,Stage I,1.67,Current,Heavy,No,29.5,,Surgery,,27.0,Alive,Medium
ONC-04012,76.0,Female,Colorectal,Stage II,11.02,Never,Occasional,No,28.6,2023-04-06,Radiation Therapy,7.0,10.0,Alive,Medium
ONC-03297,73.0,Male,,Stage II,1.1,Never,None,Yes,28.8,2024-12-16,Immunotherapy,6.0,1.0,Alive,Medium
ONC-00270,43.0,Male,Skin (Melanoma),Stage III,1.98,Never,Occasional,No,21.2,2018-02-04,Immunotherapy,4.0,70.0,Alive,Medium
ONC-01994,52.0,Male,,Stage III,2.56,Never,None,Yes,24.5,2023-03-23,,3.0,14.0,Alive,Critical
ONC-00266,61.0,Other,Lung,Stage III,1.77,Current,,No,32.9,2018-07-21,,7.0,2.0,Alive,Medium
ONC-00915,66.0,Female,Breast,Stage IV,5.44,Former,Occasional,No,29.2,2019-10-10,Palliative Care,9.0,22.0,Deceased,Critical
ONC-02279,41.0,Male,Colorectal,Stage III,1.15,Current,Heavy,Yes,22.9,2019-09-10,,8.0,10.0,Alive,High
ONC-02232,67.0,Male,Prostate,,0.87,,None,No,36.7,2017-08-24,Chemotherapy,6.0,25.0,Deceased,High
ONC-07264,61.0,Other,Ovarian,Stage IV,1.91,Never,Regular,No,31.1,2015-09-06,Combination Therapy,9.0,33.0,Deceased,High
ONC-00291,73.0,Female,Blood (Leukemia),Stage IV,3.49,Never,Heavy,,24.8,2017-03-10,Immunotherapy,4.0,13.0,Deceased,Critical
ONC-02913,73.0,Female,Liver,Stage II,4.33,Never,Regular,Yes,31.6,2017-01-08,Chemotherapy,9.0,6.0,Alive,Low
ONC-07211,68.0,Other,Pancreatic,Stage I,0.63,Current,Occasional,No,15.0,2021-05-15,Palliative Care,7.0,38.0,Alive,Medium
ONC-04970,36.0,Other,,Stage II,6.86,Never,Regular,No,31.5,2020-05-17,Chemotherapy,5.0,7.0,Alive,
ONC-02094,51.0,,Breast,Stage I,0.64,,Occasional,Yes,19.6,2016-05-07,Surgery,9.0,3.0,Alive,Low
ONC-06543,,Female,Pancreatic,Stage II,3.8,Never,Occasional,Yes,24.9,2023-09-22,Palliative Care,2.0,7.0,Alive,Medium
ONC-04572,51.0,Male,Lung,Stage III,1.85,Never,Occasional,No,,2017-04-21,Palliative Care,2.0,25.0,Alive,
ONC-01653,55.0,Female,Prostate,Stage I,8.0,Former,Heavy,No,25.8,2020-03-25,Palliative Care,4.0,,,High
ONC-06057,,Female,Breast,Stage I,2.68,Current,None,Yes,19.8,2020-12-09,Immunotherapy,6.0,2.0,Alive,Low
ONC-04142,69.0,Female,Breast,Stage I,4.19,Former,Heavy,Yes,34.3,2023-05-25,Combination Therapy,6.0,17.0,Alive,Medium
ONC-04258,,Male,Blood (Leukemia),Stage I,0.44,Current,Heavy,No,23.8,2024-03-17,Surgery,6.0,0.0,Alive,Low
ONC-03040,89.0,,Prostate,Stage I,1.13,Current,,,28.9,2015-02-07,Radiation Therapy,,,Alive,Medium
ONC-06872,38.0,Female,,Stage I,4.01,,,No,24.5,2015-05-16,,7.0,21.0,Alive,Low
ONC-02678,54.0,Male,Breast,Stage I,0.13,Former,Regular,Yes,23.5,2017-07-04,Combination Therapy,,12.0,Alive,Low
ONC-00289,47.0,Female,Colorectal,Stage III,0.39,Current,Occasional,No,19.7,2019-09-10,Combination Therapy,4.0,4.0,Alive,Medium
ONC-03045,41.0,Male,Liver,Stage IV,5.69,Current,Regular,Yes,27.2,2016-05-31,Palliative Care,5.0,6.0,Deceased,High
ONC-03108,,Female,Ovarian,Stage II,18.38,Former,None,Yes,23.2,2016-03-31,Chemotherapy,,16.0,Alive,Low
ONC-06190,50.0,Female,Brain,Stage I,2.22,,Heavy,No,29.3,2018-12-31,Palliative Care,4.0,58.0,Alive,Low
ONC-06045,,Male,Skin (Melanoma),Stage IV,1.68,Former,Heavy,No,33.9,2021-05-04,,5.0,1.0,Deceased,Critical
ONC-00576,69.0,Male,Ovarian,Stage II,1.6,Current,,,30.9,2015-10-05,Combination Therapy,6.0,0.0,Alive,Medium
ONC-00851,72.0,Female,Blood (Leukemia),Stage I,0.17,Current,Regular,Yes,27.3,2024-09-16,Chemotherapy,4.0,8.0,Deceased,High
ONC-07484,69.0,Male,Blood (Leukemia),Stage III,1.53,Current,None,No,28.4,2021-06-07,Chemotherapy,5.0,3.0,Deceased,High
ONC-03884,65.0,Male,Skin (Melanoma),Stage II,8.62,Former,,No,21.5,2024-02-23,Radiation Therapy,,2.0,Alive,Low
ONC-05008,45.0,Female,Blood (Leukemia),Stage IV,6.92,Never,Regular,Yes,14.5,2023-11-13,,5.0,9.0,Alive,High
ONC-05351,54.0,Female,Brain,Stage IV,0.32,Former,Heavy,No,24.2,2015-11-15,Surgery,2.0,9.0,Alive,Critical
ONC-05930,29.0,Female,Lung,Stage IV,3.82,Current,,No,28.3,2024-03-23,Combination Therapy,10.0,19.0,Alive,High
ONC-01723,57.0,Male,Prostate,Stage II,1.77,Current,Occasional,No,,2020-06-25,Radiation Therapy,8.0,50.0,Alive,Medium
ONC-06230,30.0,Male,Prostate,Stage III,4.21,Never,Heavy,Yes,24.3,2024-05-28,Surgery,6.0,17.0,Deceased,High
ONC-05832,57.0,Female,Brain,Stage IV,2.48,Former,None,Yes,30.2,2022-08-05,Palliative Care,9.0,16.0,Alive,Critical
ONC-05029,51.0,Male,Colorectal,Stage I,0.74,Current,Heavy,Yes,26.7,,Combination Therapy,7.0,0.0,Alive,Medium
ONC-03950,,Female,Brain,Stage IV,0.17,Never,Heavy,Yes,20.1,,Surgery,8.0,17.0,Alive,Critical
ONC-01101,72.0,Male,Ovarian,Stage I,3.32,Current,Heavy,Yes,19.7,,Chemotherapy,11.0,13.0,Deceased,Critical
ONC-01208,37.0,Male,Liver,Stage I,1.06,Current,Occasional,Yes,21.6,2015-11-10,Surgery,5.0,4.0,Alive,Critical
ONC-06392,,Other,Liver,Stage I,5.34,Former,Heavy,Yes,17.8,2024-12-12,Radiation Therapy,1.0,36.0,,Low
ONC-01844,33.0,Male,Colorectal,Stage I,0.34,Former,None,No,27.2,2017-02-03,,7.0,,Deceased,Low
ONC-01849,47.0,Other,Brain,Stage I,0.51,Current,None,Yes,32.1,2020-05-25,Combination Therapy,10.0,6.0,Alive,Medium
ONC-02525,39.0,Male,Pancreatic,Stage I,0.22,Current,Occasional,Yes,28.1,2023-01-15,Radiation Therapy,3.0,40.0,Alive,Low
ONC-03948,69.0,Male,Brain,Stage I,2.56,Never,Occasional,No,26.8,2015-10-27,Chemotherapy,7.0,5.0,Deceased,Medium
ONC-01695,85.0,Female,Prostate,Stage II,0.63,Never,Regular,Yes,21.3,,Surgery,3.0,10.0,,Low
ONC-04182,56.0,Other,Colorectal,Stage III,0.92,Never,Heavy,Yes,17.1,2016-04-24,Combination Therapy,6.0,88.0,Deceased,Critical
ONC-04566,61.0,Other,Blood (Leukemia),Stage III,0.65,,Occasional,,28.2,,Combination Therapy,5.0,53.0,Deceased,
ONC-06370,46.0,Other,Blood (Leukemia),Stage III,0.29,Current,Occasional,No,24.3,,,7.0,6.0,Deceased,High
ONC-03961,78.0,Female,Skin (Melanoma),Stage I,3.72,Current,Heavy,No,26.3,2015-01-29,Radiation Therapy,,4.0,Alive,Medium
ONC-06919,81.0,,,Stage III,5.41,Former,None,Yes,29.5,2018-01-10,Radiation Therapy,4.0,3.0,Alive,Critical
ONC-06476,58.0,Other,Lung,Stage IV,4.28,Never,,,29.2,2023-01-28,,7.0,,Alive,Critical
ONC-00234,72.0,Female,Liver,Stage III,11.84,Former,Heavy,No,,2015-11-25,Palliative Care,6.0,25.0,Deceased,Critical
ONC-06733,50.0,Male,Skin (Melanoma),Stage II,2.26,Current,None,Yes,29.4,2018-03-14,Chemotherapy,4.0,15.0,Alive,Medium
ONC-06620,38.0,Male,,Stage II,3.28,,None,Yes,25.3,2019-01-18,Radiation Therapy,8.0,,Deceased,Medium
ONC-03333,,Female,Blood (Leukemia),Stage III,6.81,,Regular,,27.1,2022-09-24,Immunotherapy,4.0,,Alive,High
ONC-05782,41.0,Female,Ovarian,Stage I,3.66,Former,None,,19.7,2021-02-04,Immunotherapy,4.0,11.0,Alive,Low
ONC-02648,,Male,Skin (Melanoma),Stage I,2.39,Current,Occasional,No,28.4,2018-03-28,Palliative Care,,15.0,Alive,Medium
ONC-04042,61.0,Male,Lung,Stage IV,2.24,Current,Heavy,Yes,27.7,2016-06-30,Immunotherapy,7.0,51.0,Alive,Critical
ONC-06566,67.0,Female,Skin (Melanoma),,,Current,Heavy,Yes,31.0,2023-07-14,Palliative Care,4.0,28.0,Deceased,Medium
ONC-01712,,Female,Liver,Stage I,3.21,Never,Regular,No,30.2,2023-04-24,,7.0,20.0,Alive,Low
ONC-00183,59.0,Male,Skin (Melanoma),Stage II,0.8,Current,Occasional,No,34.1,2020-10-21,Immunotherapy,6.0,37.0,Deceased,Critical
ONC-05085,70.0,,Liver,Stage III,7.57,Current,None,Yes,26.1,2017-09-01,Combination Therapy,5.0,29.0,Deceased,High
ONC-05097,36.0,Male,Colorectal,Stage I,5.26,Current,Heavy,Yes,29.1,2018-01-18,Palliative Care,7.0,7.0,Alive,Medium
ONC-05738,60.0,Female,Ovarian,Stage III,6.84,Former,Heavy,No,31.1,2024-12-11,Radiation Therapy,1.0,8.0,Alive,High
ONC-05453,73.0,Male,Ovarian,Stage II,5.77,Never,Heavy,No,,2020-09-27,Chemotherapy,5.0,,Deceased,Low
ONC-01463,51.0,Female,Blood (Leukemia),Stage I,4.73,Current,Regular,Yes,38.2,2023-01-01,Combination Therapy,8.0,7.0,Alive,High
ONC-00050,63.0,Male,Colorectal,Stage II,0.7,Never,Heavy,,21.3,2020-02-09,Immunotherapy,5.0,7.0,Deceased,Low
ONC-07039,43.0,Other,Breast,Stage IV,13.89,Never,Regular,No,23.9,2018-07-27,Combination Therapy,5.0,46.0,Alive,High
ONC-07174,37.0,Male,Brain,Stage IV,0.14,Former,Regular,No,24.5,2015-04-06,Combination Therapy,,0.0,Deceased,
ONC-06674,72.0,Female,Brain,Stage II,1.04,,Occasional,,19.9,2018-06-02,Palliative Care,9.0,11.0,Deceased,Low
ONC-05355,62.0,Male,Prostate,Stage IV,3.76,Current,Regular,Yes,20.5,2016-06-10,Palliative Care,,18.0,Alive,
ONC-04583,33.0,Female,Prostate,Stage I,8.15,,Heavy,No,33.8,2021-09-29,Palliative Care,9.0,11.0,Alive,Low
ONC-06375,62.0,Other,Skin (Melanoma),Stage IV,15.49,Former,Regular,Yes,27.5,2024-09-01,Chemotherapy,,13.0,,Medium
ONC-06642,64.0,Other,Lung,Stage III,3.82,Current,Occasional,Yes,19.6,2021-11-17,Combination Therapy,7.0,7.0,Alive,Critical
ONC-06005,88.0,Male,Skin (Melanoma),Stage IV,0.53,Never,Heavy,Yes,24.1,2023-12-21,Palliative Care,4.0,6.0,Alive,Critical
ONC-06226,67.0,,Brain,Stage III,0.77,Never,,Yes,29.2,2016-04-28,Palliative Care,4.0,31.0,Alive,Medium
ONC-00107,,Female,Pancreatic,Stage III,7.86,,Heavy,No,27.2,2020-02-15,Radiation Therapy,3.0,4.0,Alive,Critical
ONC-00444,39.0,Female,Colorectal,Stage III,4.29,Never,Heavy,,24.7,2016-04-14,Palliative Care,3.0,13.0,Alive,Medium
ONC-01955,79.0,Other,Liver,Stage I,,Current,Heavy,Yes,28.4,2019-09-22,Radiation Therapy,9.0,27.0,,
ONC-06818,72.0,Other,Skin (Melanoma),Stage III,,Current,Heavy,No,,2019-01-16,Radiation Therapy,6.0,18.0,Alive,Critical
ONC-04743,74.0,Male,Ovarian,Stage IV,,Never,Heavy,Yes,25.2,2017-05-24,Palliative Care,5.0,10.0,Deceased,Critical
ONC-07181,,Male,,Stage III,12.35,Current,Occasional,,28.8,2024-02-08,Chemotherapy,,,Alive,High
ONC-05859,31.0,Male,Prostate,Stage IV,17.26,Never,,,21.2,2018-03-10,Surgery,10.0,11.0,Deceased,Low
ONC-00727,53.0,Female,Prostate,Stage I,2.81,Current,Regular,Yes,29.8,2024-02-29,Immunotherapy,6.0,8.0,Deceased,Low
ONC-02239,65.0,,Skin (Melanoma),Stage II,2.43,Never,Regular,Yes,29.0,2019-07-22,Surgery,,4.0,Deceased,Medium
ONC-05953,41.0,Other,Colorectal,Stage IV,5.31,Current,,Yes,19.2,2024-06-12,Radiation Therapy,5.0,5.0,Alive,Medium
ONC-02331,70.0,Male,Colorectal,Stage III,0.1,Never,Regular,,24.3,2016-10-15,Combination Therapy,4.0,6.0,,
ONC-04126,33.0,Female,Liver,,1.98,,Occasional,No,,2018-11-02,Immunotherapy,11.0,13.0,Alive,Critical
ONC-00170,82.0,Female,Breast,Stage III,5.72,Never,,No,30.8,2015-10-05,Combination Therapy,3.0,5.0,Alive,Medium
ONC-01002,62.0,Female,Liver,,0.75,Former,Occasional,No,,2020-02-12,,4.0,15.0,Deceased,Low
ONC-03253,53.0,Female,Liver,Stage III,2.63,Former,Regular,No,29.7,2020-03-15,Combination Therapy,8.0,18.0,Alive,Low
ONC-02149,,Other,Ovarian,,,Former,Heavy,Yes,27.4,2021-03-24,Immunotherapy,9.0,15.0,Deceased,High
ONC-00198,59.0,Male,Pancreatic,Stage II,0.23,,Heavy,No,31.8,2017-10-13,Chemotherapy,7.0,32.0,Deceased,Low
ONC-04592,,Female,Brain,,9.95,Never,None,No,24.3,2015-03-30,Immunotherapy,5.0,39.0,Deceased,High
ONC-06123,79.0,Other,Brain,Stage II,0.36,Former,Regular,No,17.1,2023-05-17,Surgery,2.0,3.0,Alive,Low
ONC-03794,62.0,Other,Pancreatic,Stage III,6.76,Current,None,No,22.9,2018-08-26,Immunotherapy,8.0,,Alive,Critical
ONC-00648,57.0,Female,Breast,Stage III,2.75,Former,Regular,Yes,23.0,2016-02-03,,11.0,3.0,Alive,Critical
ONC-03036,33.0,Other,Liver,Stage III,,Never,Regular,Yes,23.4,,,9.0,3.0,,
ONC-04141,49.0,Other,Pancreatic,Stage I,3.21,Current,Heavy,No,25.9,2021-09-19,Palliative Care,11.0,5.0,Alive,
ONC-03734,34.0,,,Stage I,10.16,Never,Occasional,No,15.9,,Palliative Care,6.0,35.0,Alive,Medium
ONC-02759,51.0,Male,Brain,,4.23,Current,,Yes,27.3,2019-03-11,Combination Therapy,2.0,0.0,Alive,Low
ONC-00374,83.0,Female,Ovarian,Stage III,4.01,,Heavy,No,21.3,2015-06-03,Chemotherapy,6.0,6.0,Alive,Critical
ONC-04775,70.0,Other,Breast,Stage I,4.04,Former,,No,26.7,,Combination Therapy,,,Alive,Low
ONC-00567,38.0,Other,Breast,Stage IV,4.06,Current,,No,21.8,2016-11-28,Surgery,4.0,53.0,Alive,Critical
ONC-03721,26.0,Male,Colorectal,Stage III,10.42,Current,None,Yes,22.8,2018-05-09,Combination Therapy,4.0,9.0,Alive,Critical
ONC-02896,,Female,Brain,Stage I,1.52,,Occasional,No,28.8,2023-10-10,Radiation Therapy,3.0,9.0,Deceased,High
ONC-04557,59.0,Female,Breast,Stage II,,Current,,,25.1,2022-12-24,Palliative Care,7.0,22.0,Deceased,High
ONC-06029,61.0,Male,Brain,Stage IV,0.61,Former,Occasional,Yes,29.6,2016-07-11,Palliative Care,10.0,20.0,Alive,Critical
ONC-03486,54.0,Male,Lung,Stage IV,5.27,Former,Occasional,No,23.1,2022-05-19,Surgery,6.0,5.0,Deceased,
ONC-01156,99.0,Male,Blood (Leukemia),Stage IV,6.1,Current,Heavy,No,28.4,2018-09-30,Surgery,7.0,12.0,Alive,Medium
ONC-04136,50.0,Male,Colorectal,Stage IV,2.48,,Regular,Yes,30.9,2021-01-08,Radiation Therapy,,28.0,Alive,High
ONC-06579,50.0,,Pancreatic,,5.25,Former,Regular,No,33.6,2018-11-30,Combination Therapy,4.0,25.0,Alive,Medium
ONC-00974,55.0,Male,Ovarian,Stage II,2.49,Current,None,Yes,24.1,2019-11-17,Palliative Care,4.0,13.0,Alive,Low
ONC-03288,73.0,,Breast,Stage IV,,Former,Heavy,,34.0,2016-12-04,Radiation Therapy,6.0,,Alive,Critical
ONC-07152,,Male,Lung,Stage III,1.46,Former,Occasional,Yes,30.3,2019-07-23,Radiation Therapy,8.0,12.0,Alive,Medium
ONC-03628,45.0,Other,Blood (Leukemia),Stage IV,12.95,Former,Heavy,Yes,28.9,2016-10-25,Combination Therapy,7.0,8.0,Deceased,Low
ONC-03639,69.0,Other,Pancreatic,Stage IV,0.25,Former,Heavy,No,33.6,,Combination Therapy,4.0,25.0,Alive,
ONC-05883,54.0,Other,Lung,Stage I,1.89,Never,Occasional,Yes,,2019-12-07,,8.0,3.0,Alive,Low
ONC-05595,50.0,,Prostate,Stage I,5.52,Never,Heavy,Yes,28.2,2023-12-10,Immunotherapy,7.0,1.0,Alive,Medium
ONC-06601,31.0,,Brain,Stage I,0.16,Never,Heavy,No,29.7,2017-08-09,Palliative Care,,12.0,Deceased,Low
ONC-01836,60.0,Female,Ovarian,Stage IV,0.51,Never,Occasional,Yes,24.6,2021-11-26,Immunotherapy,7.0,17.0,Alive,High
ONC-02309,,Female,Ovarian,Stage I,8.74,Current,Heavy,No,21.5,2023-03-20,Combination Therapy,8.0,,Deceased,Low
ONC-01841,,Other,Lung,Stage II,0.49,Never,Regular,No,29.0,2018-01-04,Radiation Therapy,6.0,2.0,Alive,Low
ONC-06180,39.0,Other,Ovarian,Stage I,5.17,,Heavy,Yes,30.5,,Surgery,,9.0,,Low
ONC-04924,77.0,Male,Ovarian,Stage II,2.67,,None,No,25.7,2018-03-18,Immunotherapy,4.0,14.0,Alive,Low
ONC-06032,40.0,Other,Breast,Stage IV,5.56,Current,Occasional,,24.4,2017-11-04,Palliative Care,5.0,4.0,Deceased,High
ONC-02045,80.0,Female,Colorectal,Stage II,4.15,Former,Regular,Yes,25.8,2015-03-26,Surgery,5.0,79.0,Alive,Medium
ONC-04406,76.0,Male,Prostate,,1.99,Current,Heavy,Yes,26.0,2018-03-26,Radiation Therapy,,83.0,Alive,Medium
ONC-04373,72.0,Other,Pancreatic,Stage III,2.51,Never,None,No,24.4,2022-12-13,Palliative Care,7.0,18.0,Alive,
ONC-04733,49.0,,Brain,Stage IV,0.55,,Regular,No,26.7,2022-04-13,Combination Therapy,2.0,,Deceased,Medium
ONC-04751,,Other,Skin (Melanoma),Stage II,,Never,Regular,No,27.6,2022-08-13,Immunotherapy,11.0,25.0,Alive,Low
ONC-04719,88.0,Female,Lung,Stage I,0.48,Current,Heavy,No,16.0,2015-08-18,Radiation Therapy,5.0,3.0,,Low
ONC-05956,59.0,Female,Liver,Stage IV,2.98,Former,None,Yes,24.2,2024-03-21,Surgery,8.0,7.0,Alive,High
ONC-00845,75.0,Male,Lung,Stage II,,Current,Occasional,No,18.4,2016-05-01,Combination Therapy,3.0,12.0,Deceased,Medium
ONC-04490,63.0,Female,Ovarian,Stage III,4.8,Former,Heavy,Yes,34.7,2019-06-05,Chemotherapy,2.0,5.0,Deceased,Low
ONC-02156,67.0,Male,Pancreatic,Stage IV,0.65,Former,Regular,Yes,27.9,2015-06-03,Radiation Therapy,6.0,1.0,,Critical
ONC-00350,68.0,Male,Prostate,,1.01,,Occasional,Yes,24.9,2020-11-26,Immunotherapy,5.0,33.0,Alive,Medium
ONC-06669,63.0,Male,Lung,Stage III,3.73,Never,Occasional,Yes,27.8,2017-10-26,Chemotherapy,,5.0,Alive,Medium
ONC-00785,55.0,Female,Prostate,Stage I,0.46,Never,Heavy,Yes,35.8,2019-02-23,Combination Therapy,,4.0,Alive,Low
ONC-00048,,Female,,Stage III,1.5,Current,,No,25.3,2023-11-26,Palliative Care,9.0,12.0,Alive,High
ONC-06075,51.0,Female,Brain,Stage II,0.1,Current,Occasional,Yes,31.4,2015-02-14,Chemotherapy,6.0,0.0,Deceased,Medium
ONC-06348,67.0,Other,,,1.13,,None,,21.6,2015-06-10,Radiation Therapy,2.0,9.0,,High
ONC-03652,54.0,,Pancreatic,Stage IV,11.66,Current,Heavy,Yes,29.4,2024-03-01,,7.0,9.0,Alive,High
ONC-05752,31.0,Female,Prostate,Stage IV,2.76,Never,None,Yes,23.1,2020-01-16,Unknown,9.0,2.0,Alive,Critical
ONC-06166,65.0,Male,Liver,Stage IV,7.48,Former,Occasional,Yes,23.9,2017-06-11,Immunotherapy,3.0,15.0,Deceased,High
ONC-04499,88.0,Female,Lung,,1.21,Current,Regular,No,32.3,,Surgery,4.0,79.0,Alive,Critical
ONC-04019,57.0,Other,Pancreatic,,0.65,Current,Regular,,16.9,,Surgery,12.0,2.0,Deceased,Critical
ONC-05204,36.0,Male,Brain,Stage II,1.61,Never,Heavy,Yes,26.9,2016-02-11,Palliative Care,6.0,4.0,Alive,Medium
ONC-05251,60.0,Female,,Stage I,5.26,Current,Heavy,Yes,21.9,2016-07-16,Combination Therapy,3.0,77.0,Deceased,Critical
ONC-01440,53.0,Other,Brain,Stage III,4.18,Former,Heavy,No,27.7,2015-08-21,Palliative Care,4.0,4.0,Alive,Medium
ONC-06418,66.0,Female,Skin (Melanoma),Stage IV,0.35,Never,None,Yes,,2022-06-14,Radiation Therapy,9.0,12.0,Alive,Medium
ONC-06098,57.0,Male,Colorectal,Stage II,3.21,Never,Regular,No,,2022-08-19,Combination Therapy,10.0,30.0,Alive,Low
ONC-05086,68.0,Female,Blood (Leukemia),Stage IV,1.47,Never,None,Yes,28.9,,Combination Therapy,,7.0,Alive,High
ONC-01866,,Male,Lung,Stage II,2.3,,None,Yes,17.7,2017-02-18,Surgery,3.0,3.0,Alive,High
ONC-06886,62.0,Other,Brain,Stage IV,3.97,Former,Regular,Yes,29.6,2017-07-15,Surgery,4.0,,Alive,Critical
ONC-04909,,Male,,,7.62,Former,Occasional,,24.7,2020-01-11,Immunotherapy,8.0,25.0,Alive,Low
ONC-05407,58.0,Male,,Stage II,,Former,None,No,27.7,2024-05-05,Palliative Care,7.0,34.0,Alive,Medium
ONC-03196,86.0,Female,Prostate,Stage I,8.67,,Regular,Yes,16.9,,Surgery,,40.0,Alive,Low
ONC-00034,72.0,Other,Ovarian,Stage II,7.35,,,,33.3,2022-09-16,Palliative Care,,23.0,Deceased,Low
ONC-00788,74.0,,Brain,Stage I,4.19,Current,Heavy,No,30.7,2019-06-05,Palliative Care,5.0,6.0,Alive,Low
ONC-00160,,Male,Brain,Stage II,1.08,Former,Regular,Yes,29.6,2019-12-25,Combination Therapy,,,Alive,Medium
ONC-07068,69.0,Female,Breast,,0.52,Current,Occasional,No,29.4,2022-03-31,Surgery,10.0,23.0,Alive,High
ONC-05140,43.0,Male,Lung,Stage III,3.37,Former,Occasional,No,22.7,2024-07-31,Surgery,5.0,6.0,Alive,High
ONC-04578,55.0,Male,Brain,Stage I,,Former,Heavy,Yes,19.3,2016-06-13,Surgery,4.0,18.0,Deceased,Low
ONC-05340,53.0,,Pancreatic,Stage II,5.68,Never,Regular,Yes,27.3,2018-12-03,Palliative Care,8.0,16.0,Alive,Medium
ONC-02628,59.0,Female,Colorectal,Stage III,2.23,Former,Heavy,No,31.5,2024-09-01,Combination Therapy,4.0,22.0,Deceased,Low
ONC-06626,64.0,Other,Brain,Stage I,5.08,Current,None,Yes,29.5,2017-07-02,,6.0,6.0,Alive,Low
ONC-00932,59.0,Male,Prostate,Stage I,2.24,Former,None,No,,2016-11-20,Surgery,,14.0,,Medium
ONC-02405,54.0,Male,,,8.31,Never,None,No,18.0,2017-06-29,Radiation Therapy,4.0,37.0,Alive,Medium
ONC-01686,68.0,Female,Prostate,Stage II,1.51,Former,Occasional,Yes,29.6,2019-09-08,Surgery,7.0,8.0,Deceased,Medium
ONC-01249,76.0,Male,Ovarian,Stage II,2.24,Former,Occasional,No,24.7,2021-05-28,Immunotherapy,,,Deceased,Low
ONC-04856,42.0,Female,Lung,Stage IV,6.98,,Regular,Yes,28.4,2022-11-20,Chemotherapy,4.0,21.0,Deceased,Critical
ONC-00093,53.0,Female,Breast,,,Current,,No,22.0,2016-01-17,Chemotherapy,2.0,6.0,Deceased,Medium
ONC-05272,65.0,Other,Colorectal,Stage IV,2.27,Never,Occasional,Yes,,,Combination Therapy,9.0,4.0,Alive,Critical
ONC-05512,70.0,,Skin (Melanoma),Stage IV,1.12,Current,None,No,26.0,2022-07-08,Surgery,7.0,5.0,Alive,High
ONC-05438,45.0,Other,Prostate,Stage III,5.58,Current,None,Yes,20.2,2020-09-29,Radiation Therapy,8.0,36.0,Alive,Medium
ONC-05569,30.0,Male,Colorectal,Stage I,0.29,Never,None,Yes,26.6,,Immunotherapy,7.0,20.0,Alive,High
ONC-02852,98.0,Male,Brain,Stage IV,,Current,Occasional,No,28.1,2023-04-28,Combination Therapy,5.0,46.0,,High
ONC-02794,54.0,Other,Ovarian,Stage IV,17.92,Current,,Yes,35.0,2019-04-11,Surgery,7.0,23.0,,High
ONC-06044,,Female,Ovarian,,4.51,Never,Heavy,Yes,22.7,2024-05-16,Surgery,7.0,33.0,Deceased,Low
ONC-06424,,Male,,Stage III,2.92,Former,Regular,Yes,30.8,2021-05-10,Combination Therapy,5.0,16.0,Deceased,Critical
ONC-05704,56.0,Female,Liver,Stage IV,0.59,Former,Regular,No,,2024-06-30,Surgery,2.0,14.0,,Critical
ONC-00765,26.0,Male,Colorectal,Stage II,0.33,Former,Regular,Yes,17.2,2022-03-24,Surgery,4.0,22.0,Deceased,Low
ONC-06749,,Other,,Stage I,3.66,,Heavy,No,22.7,2024-09-29,Immunotherapy,12.0,65.0,Alive,Low
ONC-02989,56.0,,,Stage III,,Former,,Yes,19.5,2022-07-28,Immunotherapy,7.0,40.0,Deceased,Critical
ONC-05470,78.0,Female,Brain,Stage I,12.22,,Occasional,Yes,,2020-05-26,Combination Therapy,4.0,1.0,Alive,Medium
ONC-06048,41.0,Other,Colorectal,Stage III,2.35,Former,Regular,Yes,32.3,2019-06-02,Chemotherapy,,27.0,Alive,Low
ONC-04963,62.0,Female,Colorectal,Stage IV,1.82,Current,Heavy,No,30.1,2018-09-28,Surgery,7.0,2.0,Alive,Critical
ONC-02449,65.0,Female,Prostate,Stage I,0.38,Never,Heavy,No,26.7,2024-08-16,,5.0,7.0,,Medium
ONC-01729,48.0,,Skin (Melanoma),Stage IV,0.43,Never,Occasional,No,27.5,,Chemotherapy,5.0,24.0,Deceased,Medium
ONC-00258,,Male,,Stage II,0.48,Former,None,,,2016-01-18,Immunotherapy,0.0,26.0,Alive,Critical
ONC-05041,49.0,Female,Ovarian,Stage II,0.57,Never,None,Yes,32.2,2016-09-22,Immunotherapy,,7.0,Deceased,
ONC-07241,61.0,Other,Liver,Stage I,4.97,Former,Occasional,No,25.2,2015-06-13,Combination Therapy,9.0,58.0,Alive,High
ONC-01220,72.0,Female,Colorectal,,2.25,Current,Regular,,27.0,2017-10-20,Combination Therapy,5.0,24.0,Alive,High
ONC-05404,44.0,Male,Brain,Stage II,0.32,Current,Regular,Yes,29.7,2021-03-10,Immunotherapy,10.0,41.0,Alive,High
ONC-01162,43.0,Male,Prostate,,3.22,,Heavy,No,23.4,2017-04-25,,6.0,22.0,Alive,High
ONC-06639,31.0,Male,Colorectal,,2.55,,None,Yes,18.8,2023-08-16,Radiation Therapy,6.0,11.0,Deceased,High
ONC-00773,,,Blood (Leukemia),,,Former,Heavy,Yes,30.2,2019-05-29,,4.0,8.0,Alive,Low
ONC-06695,59.0,,Skin (Melanoma),Stage IV,4.22,Never,Heavy,No,28.5,2016-07-21,Surgery,,17.0,Deceased,Critical
ONC-05583,,Female,Liver,Stage I,13.48,Current,None,Yes,34.0,2019-04-26,Radiation Therapy,3.0,10.0,Alive,Low
ONC-06346,76.0,Female,Ovarian,Stage III,3.15,Current,None,No,28.3,,Combination Therapy,8.0,14.0,Alive,High
ONC-00313,45.0,Other,Brain,,3.27,Never,Regular,Yes,25.3,2020-10-21,Combination Therapy,10.0,,Alive,High
ONC-04387,63.0,Male,Colorectal,Stage IV,0.1,Former,Occasional,No,15.3,2021-07-06,Palliative Care,3.0,3.0,Alive,High
ONC-04033,50.0,Female,Prostate,Stage II,0.1,Current,Occasional,Yes,24.1,2016-01-08,Palliative Care,6.0,4.0,,Medium
ONC-07358,72.0,,Colorectal,Stage I,4.14,Never,Regular,Yes,32.9,2024-07-05,Combination Therapy,2.0,11.0,Deceased,Low
ONC-04860,63.0,Other,Breast,Stage I,1.2,,Regular,Yes,22.6,2017-07-12,Immunotherapy,5.0,,Deceased,Low
ONC-07281,57.0,Other,Ovarian,,9.92,Never,Heavy,,22.0,2015-08-22,,2.0,60.0,Alive,Medium
ONC-02998,67.0,,Blood (Leukemia),Stage IV,1.1,Never,,Yes,22.9,2019-08-13,Immunotherapy,3.0,37.0,Deceased,High
ONC-04280,46.0,Male,Lung,Stage IV,2.85,Current,Heavy,Yes,30.9,2019-05-05,Radiation Therapy,3.0,16.0,Alive,Critical
ONC-01177,76.0,Female,Lung,Stage III,0.73,Current,,No,27.4,2024-09-10,Surgery,5.0,27.0,Alive,High
ONC-03897,75.0,Female,Breast,Stage IV,8.06,Current,None,No,27.9,2024-01-24,,6.0,6.0,Alive,High
ONC-01350,42.0,Male,Liver,Stage IV,4.33,Former,Regular,No,29.4,2023-08-22,,7.0,49.0,Alive,High
ONC-03776,69.0,Male,Ovarian,Stage I,,Never,Occasional,Yes,33.0,2020-08-08,Palliative Care,8.0,1.0,Alive,Medium
ONC-03117,,Male,Prostate,Stage III,7.12,Current,Heavy,,26.8,2016-05-20,Combination Therapy,,3.0,Alive,Critical
ONC-03517,47.0,,Brain,,1.44,Former,None,Yes,23.5,2017-03-04,Radiation Therapy,5.0,6.0,Alive,High
ONC-01120,39.0,Female,Pancreatic,Stage I,9.04,Former,Regular,No,24.4,,Chemotherapy,,25.0,,
ONC-07175,73.0,Other,Skin (Melanoma),Stage IV,1.1,Former,Regular,Yes,20.5,2024-11-19,Immunotherapy,5.0,16.0,Alive,Critical
ONC-02299,71.0,,Colorectal,Stage I,4.53,Never,None,,18.6,2017-04-16,Combination Therapy,5.0,0.0,Deceased,Medium
ONC-02872,66.0,Other,Prostate,,3.65,Former,Heavy,Yes,26.6,2023-04-13,Immunotherapy,,1.0,Deceased,Medium
ONC-05196,42.0,Female,Liver,Stage I,6.31,Former,,No,29.9,2016-04-20,Radiation Therapy,8.0,32.0,Alive,Medium
ONC-02982,43.0,Male,,,0.1,Former,Regular,Yes,26.7,2015-03-19,Palliative Care,6.0,20.0,Deceased,Medium
ONC-07085,49.0,Female,Ovarian,Stage I,2.43,,Occasional,No,27.9,2022-03-24,Combination Therapy,6.0,22.0,Alive,Low
ONC-00392,60.0,Male,,Stage III,3.63,Current,Regular,Yes,19.3,2022-08-16,Radiation Therapy,5.0,0.0,Alive,Low
ONC-06016,39.0,Female,Prostate,Stage III,5.35,Current,Regular,No,26.9,,,3.0,23.0,Deceased,Critical
ONC-01457,57.0,Other,Pancreatic,Stage IV,2.41,,Occasional,No,32.1,,Combination Therapy,4.0,67.0,Alive,High
ONC-01093,51.0,Female,Blood (Leukemia),Stage III,6.2,,Heavy,Yes,24.8,2018-02-14,Immunotherapy,3.0,,Alive,Critical
ONC-06119,40.0,Female,Brain,Stage II,9.81,Current,Heavy,No,18.0,2016-02-07,,5.0,24.0,Alive,Medium
ONC-03240,34.0,,Brain,Stage II,3.49,Current,,No,27.8,2023-02-22,Immunotherapy,6.0,5.0,Alive,Medium
ONC-05001,30.0,Other,Lung,Stage II,5.42,Current,None,No,21.7,2022-08-15,Chemotherapy,7.0,24.0,Deceased,Medium
ONC-02779,34.0,Female,Colorectal,Stage IV,2.21,Current,Heavy,No,16.7,2023-06-05,Immunotherapy,3.0,35.0,Alive,Critical
ONC-06699,54.0,Other,Ovarian,Stage IV,0.35,Former,Regular,Yes,34.5,2018-04-03,Surgery,8.0,7.0,Alive,High
ONC-04463,73.0,Female,Skin (Melanoma),Stage I,2.54,Former,Regular,No,25.5,2022-08-26,Palliative Care,8.0,18.0,Alive,Low
ONC-04442,60.0,Female,Blood (Leukemia),Stage IV,1.38,Former,Regular,No,27.5,,Immunotherapy,10.0,0.0,Alive,High
ONC-03657,42.0,Other,Skin (Melanoma),Stage III,1.61,Current,Heavy,No,28.4,2021-12-10,Radiation Therapy,6.0,3.0,Deceased,High
ONC-02584,55.0,,Lung,Stage II,0.26,,Occasional,Yes,23.5,2017-03-01,,4.0,21.0,Deceased,Medium
ONC-01254,69.0,Other,Breast,Stage I,0.47,Former,Occasional,Yes,30.6,2017-12-22,Immunotherapy,3.0,0.0,Alive,Low
ONC-03258,26.0,Male,Skin (Melanoma),Stage I,11.61,,Regular,No,27.7,2015-12-19,Radiation Therapy,9.0,3.0,Alive,Low
ONC-01373,69.0,Male,Colorectal,Stage III,9.31,Current,Occasional,Yes,29.3,2022-09-25,Palliative Care,5.0,2.0,Alive,High
ONC-05736,57.0,Male,Skin (Melanoma),Stage II,5.54,Never,,Yes,32.3,2019-03-29,Combination Therapy,7.0,27.0,Deceased,Medium
ONC-00920,46.0,,Ovarian,,3.96,Current,None,Yes,33.7,2018-08-31,,9.0,,Alive,Low
ONC-04308,,Female,,Stage IV,2.27,Current,None,No,16.4,2021-03-19,,,9.0,,Critical
ONC-05700,47.0,Male,Brain,Stage IV,3.35,Current,Heavy,No,27.7,2018-04-15,Immunotherapy,9.0,6.0,Deceased,
ONC-02551,38.0,Male,Lung,Stage IV,0.15,Former,Heavy,No,25.4,,NA,4.0,7.0,Deceased,Critical
ONC-00538,66.0,Other,Pancreatic,Stage II,2.49,Former,Regular,No,29.1,2018-02-01,Combination Therapy,5.0,6.0,Deceased,Medium
ONC-01221,,Female,Brain,,2.86,Former,,No,23.9,2023-10-10,Palliative Care,1.0,3.0,Deceased,Medium
ONC-04272,37.0,Male,Blood (Leukemia),Stage II,3.32,Current,Heavy,Yes,31.8,2020-11-07,Palliative Care,4.0,33.0,Alive,Medium
