patient_id,slide_id,tile_id,image_path,tissue_class,label,split
P00157,S00157_01,T00157_001,stage2_dl\sample_data\images\train\P00157_T00157_001.jpg,benign,1,train
P00157,S00157_01,T00157_002,stage2_dl\sample_data\images\train\P00157_T00157_002.jpg,normal,0,train
P00157,S00157_01,T00157_003,stage2_dl\sample_data\images\train\P00157_T00157_003.jpg,necrotic,4,train
P00157,S00157_01,T00157_004,stage2_dl\sample_data\images\train\P00157_T00157_004.jpg,benign,1,train
P00157,S00157_02,T00157_005,stage2_dl\sample_data\images\train\P00157_T00157_005.jpg,benign,1,train
P00157,S00157_02,T00157_006,stage2_dl\sample_data\images\train\P00157_T00157_006.jpg,normal,0,train
P00157,S00157_02,T00157_007,stage2_dl\sample_data\images\train\P00157_T00157_007.jpg,normal,0,train
P00157,S00157_02,T00157_008,stage2_dl\sample_data\images\train\P00157_T00157_008.jpg,benign,1,train
P00157,S00157_03,T00157_009,stage2_dl\sample_data\images\train\P00157_T00157_009.jpg,normal,0,train
P00157,S00157_03,T00157_010,stage2_dl\sample_data\images\train\P00157_T00157_010.jpg,benign,1,train
P00157,S00157_03,T00157_011,stage2_dl\sample_data\images\train\P00157_T00157_011.jpg,normal,0,train
P00157,S00157_03,T00157_012,stage2_dl\sample_data\images\train\P00157_T00157_012.jpg,normal,0,train
P00507,S00507_01,T00507_001,stage2_dl\sample_data\images\train\P00507_T00507_001.jpg,inflammatory,5,train
P00507,S00507_01,T00507_002,stage2_dl\sample_data\images\train\P00507_T00507_002.jpg,benign,1,train
P00507,S00507_01,T00507_003,stage2_dl\sample_data\images\train\P00507_T00507_003.jpg,benign,1,train
P00507,S00507_01,T00507_004,stage2_dl\sample_data\images\train\P00507_T00507_004.jpg,inflammatory,5,train
P00507,S00507_02,T00507_005,stage2_dl\sample_data\images\train\P00507_T00507_005.jpg,tumor_margin,3,train
P00507,S00507_02,T00507_006,stage2_dl\sample_data\images\train\P00507_T00507_006.jpg,normal,0,train
P00507,S00507_02,T00507_007,stage2_dl\sample_data\images\train\P00507_T00507_007.jpg,normal,0,train
P00507,S00507_02,T00507_008,stage2_dl\sample_data\images\train\P00507_T00507_008.jpg,normal,0,train
P00507,S00507_03,T00507_009,stage2_dl\sample_data\images\train\P00507_T00507_009.jpg,inflammatory,5,train
P00507,S00507_03,T00507_010,stage2_dl\sample_data\images\train\P00507_T00507_010.jpg,normal,0,train
P00507,S00507_03,T00507_011,stage2_dl\sample_data\images\train\P00507_T00507_011.jpg,normal,0,train
P00507,S00507_03,T00507_012,stage2_dl\sample_data\images\train\P00507_T00507_012.jpg,necrotic,4,train
P00507,S00507_04,T00507_013,stage2_dl\sample_data\images\train\P00507_T00507_013.jpg,normal,0,train
P01462,S01462_01,T01462_001,stage2_dl\sample_data\images\train\P01462_T01462_001.jpg,normal,0,train
P01462,S01462_01,T01462_002,stage2_dl\sample_data\images\train\P01462_T01462_002.jpg,benign,1,train
P01462,S01462_01,T01462_003,stage2_dl\sample_data\images\train\P01462_T01462_003.jpg,normal,0,train
P01462,S01462_01,T01462_004,stage2_dl\sample_data\images\train\P01462_T01462_004.jpg,normal,0,train
P01462,S01462_02,T01462_005,stage2_dl\sample_data\images\train\P01462_T01462_005.jpg,normal,0,train
P01462,S01462_02,T01462_006,stage2_dl\sample_data\images\train\P01462_T01462_006.jpg,normal,0,train
P01462,S01462_02,T01462_007,stage2_dl\sample_data\images\train\P01462_T01462_007.jpg,necrotic,4,train
P01462,S01462_02,T01462_008,stage2_dl\sample_data\images\train\P01462_T01462_008.jpg,normal,0,train
P01145,S01145_01,T01145_001,stage2_dl\sample_data\images\train\P01145_T01145_001.jpg,normal,0,train
P01145,S01145_01,T01145_002,stage2_dl\sample_data\images\train\P01145_T01145_002.jpg,benign,1,train
P01145,S01145_01,T01145_003,stage2_dl\sample_data\images\train\P01145_T01145_003.jpg,inflammatory,5,train
P01145,S01145_01,T01145_004,stage2_dl\sample_data\images\train\P01145_T01145_004.jpg,normal,0,train
P01145,S01145_02,T01145_005,stage2_dl\sample_data\images\train\P01145_T01145_005.jpg,tumor_margin,3,train
P01145,S01145_02,T01145_006,stage2_dl\sample_data\images\train\P01145_T01145_006.jpg,benign,1,train
P01321,S01321_01,T01321_001,stage2_dl\sample_data\images\train\P01321_T01321_001.jpg,normal,0,train
P01321,S01321_01,T01321_002,stage2_dl\sample_data\images\train\P01321_T01321_002.jpg,inflammatory,5,train
P01321,S01321_01,T01321_003,stage2_dl\sample_data\images\train\P01321_T01321_003.jpg,benign,1,train
P00282,S00282_01,T00282_001,stage2_dl\sample_data\images\train\P00282_T00282_001.jpg,benign,1,train
P00282,S00282_01,T00282_002,stage2_dl\sample_data\images\train\P00282_T00282_002.jpg,malignant,2,train
P00282,S00282_01,T00282_003,stage2_dl\sample_data\images\train\P00282_T00282_003.jpg,benign,1,train
P00282,S00282_01,T00282_004,stage2_dl\sample_data\images\train\P00282_T00282_004.jpg,tumor_margin,3,train
P00492,S00492_01,T00492_001,stage2_dl\sample_data\images\train\P00492_T00492_001.jpg,malignant,2,train
P00492,S00492_01,T00492_002,stage2_dl\sample_data\images\train\P00492_T00492_002.jpg,necrotic,4,train
P00492,S00492_01,T00492_003,stage2_dl\sample_data\images\train\P00492_T00492_003.jpg,tumor_margin,3,train
P00492,S00492_01,T00492_004,stage2_dl\sample_data\images\train\P00492_T00492_004.jpg,malignant,2,train
P00492,S00492_02,T00492_005,stage2_dl\sample_data\images\train\P00492_T00492_005.jpg,necrotic,4,train
P00492,S00492_02,T00492_006,stage2_dl\sample_data\images\train\P00492_T00492_006.jpg,malignant,2,train
P00492,S00492_02,T00492_007,stage2_dl\sample_data\images\train\P00492_T00492_007.jpg,malignant,2,train
P00492,S00492_02,T00492_008,stage2_dl\sample_data\images\train\P00492_T00492_008.jpg,malignant,2,train
P00492,S00492_03,T00492_009,stage2_dl\sample_data\images\train\P00492_T00492_009.jpg,tumor_margin,3,train
P00148,S00148_01,T00148_001,stage2_dl\sample_data\images\train\P00148_T00148_001.jpg,normal,0,train
P00148,S00148_01,T00148_002,stage2_dl\sample_data\images\train\P00148_T00148_002.jpg,normal,0,train
P00148,S00148_01,T00148_003,stage2_dl\sample_data\images\train\P00148_T00148_003.jpg,benign,1,train
P00148,S00148_01,T00148_004,stage2_dl\sample_data\images\train\P00148_T00148_004.jpg,benign,1,train
P00148,S00148_02,T00148_005,stage2_dl\sample_data\images\train\P00148_T00148_005.jpg,normal,0,train
P00148,S00148_02,T00148_006,stage2_dl\sample_data\images\train\P00148_T00148_006.jpg,inflammatory,5,train
P00148,S00148_02,T00148_007,stage2_dl\sample_data\images\train\P00148_T00148_007.jpg,normal,0,train
P00148,S00148_02,T00148_008,stage2_dl\sample_data\images\train\P00148_T00148_008.jpg,benign,1,train
P00148,S00148_03,T00148_009,stage2_dl\sample_data\images\train\P00148_T00148_009.jpg,normal,0,train
P00148,S00148_03,T00148_010,stage2_dl\sample_data\images\train\P00148_T00148_010.jpg,normal,0,train
P00148,S00148_03,T00148_011,stage2_dl\sample_data\images\train\P00148_T00148_011.jpg,benign,1,train
P01861,S01861_01,T01861_001,stage2_dl\sample_data\images\train\P01861_T01861_001.jpg,normal,0,train
P01861,S01861_01,T01861_002,stage2_dl\sample_data\images\train\P01861_T01861_002.jpg,normal,0,train
P01861,S01861_01,T01861_003,stage2_dl\sample_data\images\train\P01861_T01861_003.jpg,inflammatory,5,train
P01861,S01861_01,T01861_004,stage2_dl\sample_data\images\train\P01861_T01861_004.jpg,normal,0,train
P01861,S01861_02,T01861_005,stage2_dl\sample_data\images\train\P01861_T01861_005.jpg,normal,0,train
P01628,S01628_01,T01628_001,stage2_dl\sample_data\images\train\P01628_T01628_001.jpg,benign,1,train
P01628,S01628_01,T01628_002,stage2_dl\sample_data\images\train\P01628_T01628_002.jpg,normal,0,train
P01628,S01628_01,T01628_003,stage2_dl\sample_data\images\train\P01628_T01628_003.jpg,benign,1,train
P01628,S01628_01,T01628_004,stage2_dl\sample_data\images\train\P01628_T01628_004.jpg,normal,0,train
P01628,S01628_02,T01628_005,stage2_dl\sample_data\images\train\P01628_T01628_005.jpg,benign,1,train
P01628,S01628_02,T01628_006,stage2_dl\sample_data\images\train\P01628_T01628_006.jpg,normal,0,train
P01628,S01628_02,T01628_007,stage2_dl\sample_data\images\train\P01628_T01628_007.jpg,inflammatory,5,train
P01628,S01628_02,T01628_008,stage2_dl\sample_data\images\train\P01628_T01628_008.jpg,normal,0,train
P01628,S01628_03,T01628_009,stage2_dl\sample_data\images\train\P01628_T01628_009.jpg,malignant,2,train
P00026,S00026_01,T00026_001,stage2_dl\sample_data\images\train\P00026_T00026_001.jpg,inflammatory,5,train
P00026,S00026_01,T00026_002,stage2_dl\sample_data\images\train\P00026_T00026_002.jpg,tumor_margin,3,train
P00026,S00026_01,T00026_003,stage2_dl\sample_data\images\train\P00026_T00026_003.jpg,inflammatory,5,train
P00026,S00026_01,T00026_004,stage2_dl\sample_data\images\train\P00026_T00026_004.jpg,tumor_margin,3,train
P00026,S00026_02,T00026_005,stage2_dl\sample_data\images\train\P00026_T00026_005.jpg,tumor_margin,3,train
P00026,S00026_02,T00026_006,stage2_dl\sample_data\images\train\P00026_T00026_006.jpg,tumor_margin,3,train
P00026,S00026_02,T00026_007,stage2_dl\sample_data\images\train\P00026_T00026_007.jpg,tumor_margin,3,train
P00026,S00026_02,T00026_008,stage2_dl\sample_data\images\train\P00026_T00026_008.jpg,malignant,2,train
P01790,S01790_01,T01790_001,stage2_dl\sample_data\images\train\P01790_T01790_001.jpg,inflammatory,5,train
P01790,S01790_01,T01790_002,stage2_dl\sample_data\images\train\P01790_T01790_002.jpg,malignant,2,train
P01790,S01790_01,T01790_003,stage2_dl\sample_data\images\train\P01790_T01790_003.jpg,benign,1,train
P01790,S01790_01,T01790_004,stage2_dl\sample_data\images\train\P01790_T01790_004.jpg,tumor_margin,3,train
P01790,S01790_02,T01790_005,stage2_dl\sample_data\images\train\P01790_T01790_005.jpg,normal,0,train
P01790,S01790_02,T01790_006,stage2_dl\sample_data\images\train\P01790_T01790_006.jpg,normal,0,train
P01790,S01790_02,T01790_007,stage2_dl\sample_data\images\train\P01790_T01790_007.jpg,benign,1,train
P00267,S00267_01,T00267_001,stage2_dl\sample_data\images\train\P00267_T00267_001.jpg,inflammatory,5,train
P00267,S00267_01,T00267_002,stage2_dl\sample_data\images\train\P00267_T00267_002.jpg,inflammatory,5,train
P00267,S00267_01,T00267_003,stage2_dl\sample_data\images\train\P00267_T00267_003.jpg,benign,1,train
P00267,S00267_01,T00267_004,stage2_dl\sample_data\images\train\P00267_T00267_004.jpg,necrotic,4,train
P00267,S00267_02,T00267_005,stage2_dl\sample_data\images\train\P00267_T00267_005.jpg,normal,0,train
P00267,S00267_02,T00267_006,stage2_dl\sample_data\images\train\P00267_T00267_006.jpg,normal,0,train
P00267,S00267_02,T00267_007,stage2_dl\sample_data\images\train\P00267_T00267_007.jpg,necrotic,4,train
P00267,S00267_02,T00267_008,stage2_dl\sample_data\images\train\P00267_T00267_008.jpg,benign,1,train
P00267,S00267_03,T00267_009,stage2_dl\sample_data\images\train\P00267_T00267_009.jpg,necrotic,4,train
P00267,S00267_03,T00267_010,stage2_dl\sample_data\images\train\P00267_T00267_010.jpg,normal,0,train
P01105,S01105_01,T01105_001,stage2_dl\sample_data\images\train\P01105_T01105_001.jpg,normal,0,train
P01105,S01105_01,T01105_002,stage2_dl\sample_data\images\train\P01105_T01105_002.jpg,normal,0,train
P01105,S01105_01,T01105_003,stage2_dl\sample_data\images\train\P01105_T01105_003.jpg,necrotic,4,train
P01105,S01105_01,T01105_004,stage2_dl\sample_data\images\train\P01105_T01105_004.jpg,normal,0,train
P01105,S01105_02,T01105_005,stage2_dl\sample_data\images\train\P01105_T01105_005.jpg,inflammatory,5,train
P01105,S01105_02,T01105_006,stage2_dl\sample_data\images\train\P01105_T01105_006.jpg,normal,0,train
P01105,S01105_02,T01105_007,stage2_dl\sample_data\images\train\P01105_T01105_007.jpg,benign,1,train
P01105,S01105_02,T01105_008,stage2_dl\sample_data\images\train\P01105_T01105_008.jpg,benign,1,train
P01105,S01105_03,T01105_009,stage2_dl\sample_data\images\train\P01105_T01105_009.jpg,benign,1,train
P00764,S00764_01,T00764_001,stage2_dl\sample_data\images\train\P00764_T00764_001.jpg,malignant,2,train
P00764,S00764_01,T00764_002,stage2_dl\sample_data\images\train\P00764_T00764_002.jpg,benign,1,train
P00764,S00764_01,T00764_003,stage2_dl\sample_data\images\train\P00764_T00764_003.jpg,benign,1,train
P00764,S00764_01,T00764_004,stage2_dl\sample_data\images\train\P00764_T00764_004.jpg,malignant,2,train
P00764,S00764_02,T00764_005,stage2_dl\sample_data\images\train\P00764_T00764_005.jpg,normal,0,train
P00764,S00764_02,T00764_006,stage2_dl\sample_data\images\train\P00764_T00764_006.jpg,benign,1,train
P00764,S00764_02,T00764_007,stage2_dl\sample_data\images\train\P00764_T00764_007.jpg,necrotic,4,train
P00523,S00523_01,T00523_001,stage2_dl\sample_data\images\train\P00523_T00523_001.jpg,normal,0,train
P00523,S00523_01,T00523_002,stage2_dl\sample_data\images\train\P00523_T00523_002.jpg,normal,0,train
P00523,S00523_01,T00523_003,stage2_dl\sample_data\images\train\P00523_T00523_003.jpg,benign,1,train
P00523,S00523_01,T00523_004,stage2_dl\sample_data\images\train\P00523_T00523_004.jpg,inflammatory,5,train
P00523,S00523_02,T00523_005,stage2_dl\sample_data\images\train\P00523_T00523_005.jpg,normal,0,train
P00523,S00523_02,T00523_006,stage2_dl\sample_data\images\train\P00523_T00523_006.jpg,normal,0,train
P00523,S00523_02,T00523_007,stage2_dl\sample_data\images\train\P00523_T00523_007.jpg,inflammatory,5,train
P00523,S00523_02,T00523_008,stage2_dl\sample_data\images\train\P00523_T00523_008.jpg,benign,1,train
P00523,S00523_03,T00523_009,stage2_dl\sample_data\images\train\P00523_T00523_009.jpg,normal,0,train
P01837,S01837_01,T01837_001,stage2_dl\sample_data\images\train\P01837_T01837_001.jpg,benign,1,train
P01837,S01837_01,T01837_002,stage2_dl\sample_data\images\train\P01837_T01837_002.jpg,normal,0,train
P01837,S01837_01,T01837_003,stage2_dl\sample_data\images\train\P01837_T01837_003.jpg,normal,0,train
P01837,S01837_01,T01837_004,stage2_dl\sample_data\images\train\P01837_T01837_004.jpg,tumor_margin,3,train
P01837,S01837_02,T01837_005,stage2_dl\sample_data\images\train\P01837_T01837_005.jpg,malignant,2,train
P01837,S01837_02,T01837_006,stage2_dl\sample_data\images\train\P01837_T01837_006.jpg,benign,1,train
P01837,S01837_02,T01837_007,stage2_dl\sample_data\images\train\P01837_T01837_007.jpg,normal,0,train
P01837,S01837_02,T01837_008,stage2_dl\sample_data\images\train\P01837_T01837_008.jpg,benign,1,train
P01837,S01837_03,T01837_009,stage2_dl\sample_data\images\train\P01837_T01837_009.jpg,normal,0,train
P01837,S01837_03,T01837_010,stage2_dl\sample_data\images\train\P01837_T01837_010.jpg,benign,1,train
P01652,S01652_01,T01652_001,stage2_dl\sample_data\images\train\P01652_T01652_001.jpg,benign,1,train
P01652,S01652_01,T01652_002,stage2_dl\sample_data\images\train\P01652_T01652_002.jpg,normal,0,train
P01652,S01652_01,T01652_003,stage2_dl\sample_data\images\train\P01652_T01652_003.jpg,normal,0,train
P01652,S01652_01,T01652_004,stage2_dl\sample_data\images\train\P01652_T01652_004.jpg,normal,0,train
P01652,S01652_02,T01652_005,stage2_dl\sample_data\images\train\P01652_T01652_005.jpg,benign,1,train
P01285,S01285_01,T01285_001,stage2_dl\sample_data\images\train\P01285_T01285_001.jpg,inflammatory,5,train
P01285,S01285_01,T01285_002,stage2_dl\sample_data\images\train\P01285_T01285_002.jpg,normal,0,train
P01285,S01285_01,T01285_003,stage2_dl\sample_data\images\train\P01285_T01285_003.jpg,benign,1,train
P00574,S00574_01,T00574_001,stage2_dl\sample_data\images\train\P00574_T00574_001.jpg,normal,0,train
P00574,S00574_01,T00574_002,stage2_dl\sample_data\images\train\P00574_T00574_002.jpg,normal,0,train
P00574,S00574_01,T00574_003,stage2_dl\sample_data\images\train\P00574_T00574_003.jpg,necrotic,4,train
P00574,S00574_01,T00574_004,stage2_dl\sample_data\images\train\P00574_T00574_004.jpg,benign,1,train
P00574,S00574_02,T00574_005,stage2_dl\sample_data\images\train\P00574_T00574_005.jpg,tumor_margin,3,train
P00574,S00574_02,T00574_006,stage2_dl\sample_data\images\train\P00574_T00574_006.jpg,malignant,2,train
P00574,S00574_02,T00574_007,stage2_dl\sample_data\images\train\P00574_T00574_007.jpg,benign,1,train
P00574,S00574_02,T00574_008,stage2_dl\sample_data\images\train\P00574_T00574_008.jpg,benign,1,train
P00541,S00541_01,T00541_001,stage2_dl\sample_data\images\train\P00541_T00541_001.jpg,tumor_margin,3,train
P00541,S00541_01,T00541_002,stage2_dl\sample_data\images\train\P00541_T00541_002.jpg,normal,0,train
P00541,S00541_01,T00541_003,stage2_dl\sample_data\images\train\P00541_T00541_003.jpg,normal,0,train
P00541,S00541_01,T00541_004,stage2_dl\sample_data\images\train\P00541_T00541_004.jpg,benign,1,train
P00541,S00541_02,T00541_005,stage2_dl\sample_data\images\train\P00541_T00541_005.jpg,benign,1,train
P00541,S00541_02,T00541_006,stage2_dl\sample_data\images\train\P00541_T00541_006.jpg,normal,0,train
P00541,S00541_02,T00541_007,stage2_dl\sample_data\images\train\P00541_T00541_007.jpg,normal,0,train
P00541,S00541_02,T00541_008,stage2_dl\sample_data\images\train\P00541_T00541_008.jpg,inflammatory,5,train
P00541,S00541_03,T00541_009,stage2_dl\sample_data\images\train\P00541_T00541_009.jpg,benign,1,train
P00541,S00541_03,T00541_010,stage2_dl\sample_data\images\train\P00541_T00541_010.jpg,benign,1,train
P00541,S00541_03,T00541_011,stage2_dl\sample_data\images\train\P00541_T00541_011.jpg,benign,1,train
P00541,S00541_03,T00541_012,stage2_dl\sample_data\images\train\P00541_T00541_012.jpg,normal,0,train
P00069,S00069_01,T00069_001,stage2_dl\sample_data\images\train\P00069_T00069_001.jpg,benign,1,train
P00069,S00069_01,T00069_002,stage2_dl\sample_data\images\train\P00069_T00069_002.jpg,benign,1,train
P00069,S00069_01,T00069_003,stage2_dl\sample_data\images\train\P00069_T00069_003.jpg,inflammatory,5,train
P00069,S00069_01,T00069_004,stage2_dl\sample_data\images\train\P00069_T00069_004.jpg,normal,0,train
P00069,S00069_02,T00069_005,stage2_dl\sample_data\images\train\P00069_T00069_005.jpg,inflammatory,5,train
P00069,S00069_02,T00069_006,stage2_dl\sample_data\images\train\P00069_T00069_006.jpg,tumor_margin,3,train
P00069,S00069_02,T00069_007,stage2_dl\sample_data\images\train\P00069_T00069_007.jpg,normal,0,train
P00069,S00069_02,T00069_008,stage2_dl\sample_data\images\train\P00069_T00069_008.jpg,normal,0,train
P00069,S00069_03,T00069_009,stage2_dl\sample_data\images\train\P00069_T00069_009.jpg,benign,1,train
P01601,S01601_01,T01601_001,stage2_dl\sample_data\images\train\P01601_T01601_001.jpg,benign,1,train
P01601,S01601_01,T01601_002,stage2_dl\sample_data\images\train\P01601_T01601_002.jpg,benign,1,train
P01601,S01601_01,T01601_003,stage2_dl\sample_data\images\train\P01601_T01601_003.jpg,inflammatory,5,train
P01601,S01601_01,T01601_004,stage2_dl\sample_data\images\train\P01601_T01601_004.jpg,normal,0,train
P01601,S01601_02,T01601_005,stage2_dl\sample_data\images\train\P01601_T01601_005.jpg,normal,0,train
P01601,S01601_02,T01601_006,stage2_dl\sample_data\images\train\P01601_T01601_006.jpg,normal,0,train
P01601,S01601_02,T01601_007,stage2_dl\sample_data\images\train\P01601_T01601_007.jpg,normal,0,train
P01601,S01601_02,T01601_008,stage2_dl\sample_data\images\train\P01601_T01601_008.jpg,benign,1,train
P01601,S01601_03,T01601_009,stage2_dl\sample_data\images\train\P01601_T01601_009.jpg,normal,0,train
P00611,S00611_01,T00611_001,stage2_dl\sample_data\images\train\P00611_T00611_001.jpg,benign,1,train
P00611,S00611_01,T00611_002,stage2_dl\sample_data\images\train\P00611_T00611_002.jpg,normal,0,train
P01326,S01326_01,T01326_001,stage2_dl\sample_data\images\train\P01326_T01326_001.jpg,normal,0,train
P01326,S01326_01,T01326_002,stage2_dl\sample_data\images\train\P01326_T01326_002.jpg,malignant,2,train
P01326,S01326_01,T01326_003,stage2_dl\sample_data\images\train\P01326_T01326_003.jpg,benign,1,train
P01326,S01326_01,T01326_004,stage2_dl\sample_data\images\train\P01326_T01326_004.jpg,normal,0,train
P01326,S01326_02,T01326_005,stage2_dl\sample_data\images\train\P01326_T01326_005.jpg,benign,1,train
P01326,S01326_02,T01326_006,stage2_dl\sample_data\images\train\P01326_T01326_006.jpg,normal,0,train
P01326,S01326_02,T01326_007,stage2_dl\sample_data\images\train\P01326_T01326_007.jpg,inflammatory,5,train
P01874,S01874_01,T01874_001,stage2_dl\sample_data\images\train\P01874_T01874_001.jpg,tumor_margin,3,train
P01874,S01874_01,T01874_002,stage2_dl\sample_data\images\train\P01874_T01874_002.jpg,tumor_margin,3,train
P01874,S01874_01,T01874_003,stage2_dl\sample_data\images\train\P01874_T01874_003.jpg,inflammatory,5,train
P01874,S01874_01,T01874_004,stage2_dl\sample_data\images\train\P01874_T01874_004.jpg,benign,1,train
P01874,S01874_02,T01874_005,stage2_dl\sample_data\images\train\P01874_T01874_005.jpg,normal,0,train
P01874,S01874_02,T01874_006,stage2_dl\sample_data\images\train\P01874_T01874_006.jpg,normal,0,train
P01874,S01874_02,T01874_007,stage2_dl\sample_data\images\train\P01874_T01874_007.jpg,tumor_margin,3,train
P01874,S01874_02,T01874_008,stage2_dl\sample_data\images\train\P01874_T01874_008.jpg,benign,1,train
P01874,S01874_03,T01874_009,stage2_dl\sample_data\images\train\P01874_T01874_009.jpg,malignant,2,train
P01806,S01806_01,T01806_001,stage2_dl\sample_data\images\train\P01806_T01806_001.jpg,benign,1,train
P01806,S01806_01,T01806_002,stage2_dl\sample_data\images\train\P01806_T01806_002.jpg,inflammatory,5,train
P01806,S01806_01,T01806_003,stage2_dl\sample_data\images\train\P01806_T01806_003.jpg,tumor_margin,3,train
P01806,S01806_01,T01806_004,stage2_dl\sample_data\images\train\P01806_T01806_004.jpg,benign,1,train
P01806,S01806_02,T01806_005,stage2_dl\sample_data\images\train\P01806_T01806_005.jpg,benign,1,train
P01806,S01806_02,T01806_006,stage2_dl\sample_data\images\train\P01806_T01806_006.jpg,benign,1,train
P01806,S01806_02,T01806_007,stage2_dl\sample_data\images\train\P01806_T01806_007.jpg,normal,0,train
P01769,S01769_01,T01769_001,stage2_dl\sample_data\images\train\P01769_T01769_001.jpg,malignant,2,train
P01769,S01769_01,T01769_002,stage2_dl\sample_data\images\train\P01769_T01769_002.jpg,malignant,2,train
P01769,S01769_01,T01769_003,stage2_dl\sample_data\images\train\P01769_T01769_003.jpg,inflammatory,5,train
P01769,S01769_01,T01769_004,stage2_dl\sample_data\images\train\P01769_T01769_004.jpg,inflammatory,5,train
P01769,S01769_02,T01769_005,stage2_dl\sample_data\images\train\P01769_T01769_005.jpg,normal,0,train
P01769,S01769_02,T01769_006,stage2_dl\sample_data\images\train\P01769_T01769_006.jpg,necrotic,4,train
P01769,S01769_02,T01769_007,stage2_dl\sample_data\images\train\P01769_T01769_007.jpg,tumor_margin,3,train
P01769,S01769_02,T01769_008,stage2_dl\sample_data\images\train\P01769_T01769_008.jpg,benign,1,train
P00640,S00640_01,T00640_001,stage2_dl\sample_data\images\train\P00640_T00640_001.jpg,normal,0,train
P00640,S00640_01,T00640_002,stage2_dl\sample_data\images\train\P00640_T00640_002.jpg,inflammatory,5,train
P00640,S00640_01,T00640_003,stage2_dl\sample_data\images\train\P00640_T00640_003.jpg,benign,1,train
P00640,S00640_01,T00640_004,stage2_dl\sample_data\images\train\P00640_T00640_004.jpg,normal,0,train
P00640,S00640_02,T00640_005,stage2_dl\sample_data\images\train\P00640_T00640_005.jpg,normal,0,train
P00640,S00640_02,T00640_006,stage2_dl\sample_data\images\train\P00640_T00640_006.jpg,normal,0,train
P00640,S00640_02,T00640_007,stage2_dl\sample_data\images\train\P00640_T00640_007.jpg,necrotic,4,train
P00640,S00640_02,T00640_008,stage2_dl\sample_data\images\train\P00640_T00640_008.jpg,tumor_margin,3,train
P00640,S00640_03,T00640_009,stage2_dl\sample_data\images\train\P00640_T00640_009.jpg,normal,0,train
P00640,S00640_03,T00640_010,stage2_dl\sample_data\images\train\P00640_T00640_010.jpg,tumor_margin,3,train
P00640,S00640_03,T00640_011,stage2_dl\sample_data\images\train\P00640_T00640_011.jpg,benign,1,train
P00640,S00640_03,T00640_012,stage2_dl\sample_data\images\train\P00640_T00640_012.jpg,malignant,2,train
P00640,S00640_04,T00640_013,stage2_dl\sample_data\images\train\P00640_T00640_013.jpg,inflammatory,5,train
P00640,S00640_04,T00640_014,stage2_dl\sample_data\images\train\P00640_T00640_014.jpg,normal,0,train
P01412,S01412_01,T01412_001,stage2_dl\sample_data\images\train\P01412_T01412_001.jpg,normal,0,train
P01412,S01412_01,T01412_002,stage2_dl\sample_data\images\train\P01412_T01412_002.jpg,inflammatory,5,train
P01412,S01412_01,T01412_003,stage2_dl\sample_data\images\train\P01412_T01412_003.jpg,tumor_margin,3,train
P01412,S01412_01,T01412_004,stage2_dl\sample_data\images\train\P01412_T01412_004.jpg,normal,0,train
P01412,S01412_02,T01412_005,stage2_dl\sample_data\images\train\P01412_T01412_005.jpg,inflammatory,5,train
P01412,S01412_02,T01412_006,stage2_dl\sample_data\images\train\P01412_T01412_006.jpg,normal,0,train
P01412,S01412_02,T01412_007,stage2_dl\sample_data\images\train\P01412_T01412_007.jpg,tumor_margin,3,train
P01412,S01412_02,T01412_008,stage2_dl\sample_data\images\train\P01412_T01412_008.jpg,normal,0,train
P00497,S00497_01,T00497_001,stage2_dl\sample_data\images\train\P00497_T00497_001.jpg,normal,0,train
P00497,S00497_01,T00497_002,stage2_dl\sample_data\images\train\P00497_T00497_002.jpg,necrotic,4,train
P00497,S00497_01,T00497_003,stage2_dl\sample_data\images\train\P00497_T00497_003.jpg,normal,0,train
P00497,S00497_01,T00497_004,stage2_dl\sample_data\images\train\P00497_T00497_004.jpg,normal,0,train
P00497,S00497_02,T00497_005,stage2_dl\sample_data\images\train\P00497_T00497_005.jpg,benign,1,train
P00497,S00497_02,T00497_006,stage2_dl\sample_data\images\train\P00497_T00497_006.jpg,necrotic,4,train
P00497,S00497_02,T00497_007,stage2_dl\sample_data\images\train\P00497_T00497_007.jpg,normal,0,train
P01361,S01361_01,T01361_001,stage2_dl\sample_data\images\train\P01361_T01361_001.jpg,benign,1,train
P01361,S01361_01,T01361_002,stage2_dl\sample_data\images\train\P01361_T01361_002.jpg,inflammatory,5,train
P01361,S01361_01,T01361_003,stage2_dl\sample_data\images\train\P01361_T01361_003.jpg,benign,1,train
P01361,S01361_01,T01361_004,stage2_dl\sample_data\images\train\P01361_T01361_004.jpg,inflammatory,5,train
P01361,S01361_02,T01361_005,stage2_dl\sample_data\images\train\P01361_T01361_005.jpg,benign,1,train
P01361,S01361_02,T01361_006,stage2_dl\sample_data\images\train\P01361_T01361_006.jpg,inflammatory,5,train
P01361,S01361_02,T01361_007,stage2_dl\sample_data\images\train\P01361_T01361_007.jpg,inflammatory,5,train
P00004,S00004_01,T00004_001,stage2_dl\sample_data\images\train\P00004_T00004_001.jpg,benign,1,train
P00004,S00004_01,T00004_002,stage2_dl\sample_data\images\train\P00004_T00004_002.jpg,necrotic,4,train
P00004,S00004_01,T00004_003,stage2_dl\sample_data\images\train\P00004_T00004_003.jpg,malignant,2,train
P00004,S00004_01,T00004_004,stage2_dl\sample_data\images\train\P00004_T00004_004.jpg,malignant,2,train
P00004,S00004_02,T00004_005,stage2_dl\sample_data\images\train\P00004_T00004_005.jpg,benign,1,train
P00004,S00004_02,T00004_006,stage2_dl\sample_data\images\train\P00004_T00004_006.jpg,inflammatory,5,train
P00004,S00004_02,T00004_007,stage2_dl\sample_data\images\train\P00004_T00004_007.jpg,tumor_margin,3,train
P00004,S00004_02,T00004_008,stage2_dl\sample_data\images\train\P00004_T00004_008.jpg,malignant,2,train
P00988,S00988_01,T00988_001,stage2_dl\sample_data\images\train\P00988_T00988_001.jpg,benign,1,train
P00988,S00988_01,T00988_002,stage2_dl\sample_data\images\train\P00988_T00988_002.jpg,normal,0,train
P00988,S00988_01,T00988_003,stage2_dl\sample_data\images\train\P00988_T00988_003.jpg,normal,0,train
P00988,S00988_01,T00988_004,stage2_dl\sample_data\images\train\P00988_T00988_004.jpg,normal,0,train
P00988,S00988_02,T00988_005,stage2_dl\sample_data\images\train\P00988_T00988_005.jpg,benign,1,train
P00988,S00988_02,T00988_006,stage2_dl\sample_data\images\train\P00988_T00988_006.jpg,normal,0,train
P00988,S00988_02,T00988_007,stage2_dl\sample_data\images\train\P00988_T00988_007.jpg,normal,0,train
P00988,S00988_02,T00988_008,stage2_dl\sample_data\images\train\P00988_T00988_008.jpg,normal,0,train
P00988,S00988_03,T00988_009,stage2_dl\sample_data\images\train\P00988_T00988_009.jpg,inflammatory,5,train
P00988,S00988_03,T00988_010,stage2_dl\sample_data\images\train\P00988_T00988_010.jpg,inflammatory,5,train
P00993,S00993_01,T00993_001,stage2_dl\sample_data\images\train\P00993_T00993_001.jpg,benign,1,train
P00993,S00993_01,T00993_002,stage2_dl\sample_data\images\train\P00993_T00993_002.jpg,benign,1,train
P00993,S00993_01,T00993_003,stage2_dl\sample_data\images\train\P00993_T00993_003.jpg,malignant,2,train
P00993,S00993_01,T00993_004,stage2_dl\sample_data\images\train\P00993_T00993_004.jpg,normal,0,train
P00993,S00993_02,T00993_005,stage2_dl\sample_data\images\train\P00993_T00993_005.jpg,necrotic,4,train
P00993,S00993_02,T00993_006,stage2_dl\sample_data\images\train\P00993_T00993_006.jpg,tumor_margin,3,train
P00993,S00993_02,T00993_007,stage2_dl\sample_data\images\train\P00993_T00993_007.jpg,normal,0,train
P00993,S00993_02,T00993_008,stage2_dl\sample_data\images\train\P00993_T00993_008.jpg,benign,1,train
P00317,S00317_01,T00317_001,stage2_dl\sample_data\images\train\P00317_T00317_001.jpg,normal,0,train
P00317,S00317_01,T00317_002,stage2_dl\sample_data\images\train\P00317_T00317_002.jpg,benign,1,train
P00317,S00317_01,T00317_003,stage2_dl\sample_data\images\train\P00317_T00317_003.jpg,normal,0,train
P00317,S00317_01,T00317_004,stage2_dl\sample_data\images\train\P00317_T00317_004.jpg,normal,0,train
P01846,S01846_01,T01846_001,stage2_dl\sample_data\images\train\P01846_T01846_001.jpg,necrotic,4,train
P01846,S01846_01,T01846_002,stage2_dl\sample_data\images\train\P01846_T01846_002.jpg,benign,1,train
P01846,S01846_01,T01846_003,stage2_dl\sample_data\images\train\P01846_T01846_003.jpg,necrotic,4,train
P01846,S01846_01,T01846_004,stage2_dl\sample_data\images\train\P01846_T01846_004.jpg,inflammatory,5,train
P01846,S01846_02,T01846_005,stage2_dl\sample_data\images\train\P01846_T01846_005.jpg,benign,1,train
P01846,S01846_02,T01846_006,stage2_dl\sample_data\images\train\P01846_T01846_006.jpg,benign,1,train
P01846,S01846_02,T01846_007,stage2_dl\sample_data\images\train\P01846_T01846_007.jpg,benign,1,train
P01846,S01846_02,T01846_008,stage2_dl\sample_data\images\train\P01846_T01846_008.jpg,normal,0,train
P01846,S01846_03,T01846_009,stage2_dl\sample_data\images\train\P01846_T01846_009.jpg,benign,1,train
P01846,S01846_03,T01846_010,stage2_dl\sample_data\images\train\P01846_T01846_010.jpg,malignant,2,train
P01846,S01846_03,T01846_011,stage2_dl\sample_data\images\train\P01846_T01846_011.jpg,necrotic,4,train
P01846,S01846_03,T01846_012,stage2_dl\sample_data\images\train\P01846_T01846_012.jpg,malignant,2,train
P01846,S01846_04,T01846_013,stage2_dl\sample_data\images\train\P01846_T01846_013.jpg,inflammatory,5,train
P00817,S00817_01,T00817_001,stage2_dl\sample_data\images\train\P00817_T00817_001.jpg,normal,0,train
P00817,S00817_01,T00817_002,stage2_dl\sample_data\images\train\P00817_T00817_002.jpg,inflammatory,5,train
P00817,S00817_01,T00817_003,stage2_dl\sample_data\images\train\P00817_T00817_003.jpg,benign,1,train
P00817,S00817_01,T00817_004,stage2_dl\sample_data\images\train\P00817_T00817_004.jpg,normal,0,train
P00817,S00817_02,T00817_005,stage2_dl\sample_data\images\train\P00817_T00817_005.jpg,inflammatory,5,train
P00817,S00817_02,T00817_006,stage2_dl\sample_data\images\train\P00817_T00817_006.jpg,normal,0,train
P00817,S00817_02,T00817_007,stage2_dl\sample_data\images\train\P00817_T00817_007.jpg,normal,0,train
P00817,S00817_02,T00817_008,stage2_dl\sample_data\images\train\P00817_T00817_008.jpg,normal,0,train
P00817,S00817_03,T00817_009,stage2_dl\sample_data\images\train\P00817_T00817_009.jpg,necrotic,4,train
P00817,S00817_03,T00817_010,stage2_dl\sample_data\images\train\P00817_T00817_010.jpg,tumor_margin,3,train
P00817,S00817_03,T00817_011,stage2_dl\sample_data\images\train\P00817_T00817_011.jpg,benign,1,train
P00817,S00817_03,T00817_012,stage2_dl\sample_data\images\train\P00817_T00817_012.jpg,benign,1,train
P00570,S00570_01,T00570_001,stage2_dl\sample_data\images\train\P00570_T00570_001.jpg,malignant,2,train
P00570,S00570_01,T00570_002,stage2_dl\sample_data\images\train\P00570_T00570_002.jpg,normal,0,train
P00570,S00570_01,T00570_003,stage2_dl\sample_data\images\train\P00570_T00570_003.jpg,benign,1,train
P00570,S00570_01,T00570_004,stage2_dl\sample_data\images\train\P00570_T00570_004.jpg,inflammatory,5,train
P00570,S00570_02,T00570_005,stage2_dl\sample_data\images\train\P00570_T00570_005.jpg,benign,1,train
P00570,S00570_02,T00570_006,stage2_dl\sample_data\images\train\P00570_T00570_006.jpg,normal,0,train
P00570,S00570_02,T00570_007,stage2_dl\sample_data\images\train\P00570_T00570_007.jpg,necrotic,4,train
P00570,S00570_02,T00570_008,stage2_dl\sample_data\images\train\P00570_T00570_008.jpg,normal,0,train
P00570,S00570_03,T00570_009,stage2_dl\sample_data\images\train\P00570_T00570_009.jpg,normal,0,train
P01360,S01360_01,T01360_001,stage2_dl\sample_data\images\train\P01360_T01360_001.jpg,normal,0,train
P01360,S01360_01,T01360_002,stage2_dl\sample_data\images\train\P01360_T01360_002.jpg,normal,0,train
P01360,S01360_01,T01360_003,stage2_dl\sample_data\images\train\P01360_T01360_003.jpg,normal,0,train
P01360,S01360_01,T01360_004,stage2_dl\sample_data\images\train\P01360_T01360_004.jpg,normal,0,train
P01360,S01360_02,T01360_005,stage2_dl\sample_data\images\train\P01360_T01360_005.jpg,inflammatory,5,train
P01360,S01360_02,T01360_006,stage2_dl\sample_data\images\train\P01360_T01360_006.jpg,normal,0,train
P01360,S01360_02,T01360_007,stage2_dl\sample_data\images\train\P01360_T01360_007.jpg,normal,0,train
P01207,S01207_01,T01207_001,stage2_dl\sample_data\images\train\P01207_T01207_001.jpg,normal,0,train
P01207,S01207_01,T01207_002,stage2_dl\sample_data\images\train\P01207_T01207_002.jpg,normal,0,train
P01207,S01207_01,T01207_003,stage2_dl\sample_data\images\train\P01207_T01207_003.jpg,benign,1,train
P01207,S01207_01,T01207_004,stage2_dl\sample_data\images\train\P01207_T01207_004.jpg,malignant,2,train
P01207,S01207_02,T01207_005,stage2_dl\sample_data\images\train\P01207_T01207_005.jpg,inflammatory,5,train
P01207,S01207_02,T01207_006,stage2_dl\sample_data\images\train\P01207_T01207_006.jpg,normal,0,train
P01207,S01207_02,T01207_007,stage2_dl\sample_data\images\train\P01207_T01207_007.jpg,benign,1,train
P01207,S01207_02,T01207_008,stage2_dl\sample_data\images\train\P01207_T01207_008.jpg,normal,0,train
P01349,S01349_01,T01349_001,stage2_dl\sample_data\images\train\P01349_T01349_001.jpg,malignant,2,train
P01349,S01349_01,T01349_002,stage2_dl\sample_data\images\train\P01349_T01349_002.jpg,malignant,2,train
P01349,S01349_01,T01349_003,stage2_dl\sample_data\images\train\P01349_T01349_003.jpg,malignant,2,train
P01349,S01349_01,T01349_004,stage2_dl\sample_data\images\train\P01349_T01349_004.jpg,benign,1,train
P00187,S00187_01,T00187_001,stage2_dl\sample_data\images\train\P00187_T00187_001.jpg,necrotic,4,train
P00187,S00187_01,T00187_002,stage2_dl\sample_data\images\train\P00187_T00187_002.jpg,necrotic,4,train
P00187,S00187_01,T00187_003,stage2_dl\sample_data\images\train\P00187_T00187_003.jpg,malignant,2,train
P00187,S00187_01,T00187_004,stage2_dl\sample_data\images\train\P00187_T00187_004.jpg,malignant,2,train
P00187,S00187_02,T00187_005,stage2_dl\sample_data\images\train\P00187_T00187_005.jpg,malignant,2,train
P00187,S00187_02,T00187_006,stage2_dl\sample_data\images\train\P00187_T00187_006.jpg,tumor_margin,3,train
P00187,S00187_02,T00187_007,stage2_dl\sample_data\images\train\P00187_T00187_007.jpg,tumor_margin,3,train
P00187,S00187_02,T00187_008,stage2_dl\sample_data\images\train\P00187_T00187_008.jpg,tumor_margin,3,train
P00187,S00187_03,T00187_009,stage2_dl\sample_data\images\train\P00187_T00187_009.jpg,malignant,2,train
P01457,S01457_01,T01457_001,stage2_dl\sample_data\images\train\P01457_T01457_001.jpg,benign,1,train
P01457,S01457_01,T01457_002,stage2_dl\sample_data\images\train\P01457_T01457_002.jpg,normal,0,train
P01457,S01457_01,T01457_003,stage2_dl\sample_data\images\train\P01457_T01457_003.jpg,benign,1,train
P01457,S01457_01,T01457_004,stage2_dl\sample_data\images\train\P01457_T01457_004.jpg,normal,0,train
P01457,S01457_02,T01457_005,stage2_dl\sample_data\images\train\P01457_T01457_005.jpg,normal,0,train
P00196,S00196_01,T00196_001,stage2_dl\sample_data\images\train\P00196_T00196_001.jpg,benign,1,train
P00196,S00196_01,T00196_002,stage2_dl\sample_data\images\train\P00196_T00196_002.jpg,normal,0,train
P00196,S00196_01,T00196_003,stage2_dl\sample_data\images\train\P00196_T00196_003.jpg,normal,0,train
P00196,S00196_01,T00196_004,stage2_dl\sample_data\images\train\P00196_T00196_004.jpg,benign,1,train
P00196,S00196_02,T00196_005,stage2_dl\sample_data\images\train\P00196_T00196_005.jpg,benign,1,train
P00196,S00196_02,T00196_006,stage2_dl\sample_data\images\train\P00196_T00196_006.jpg,inflammatory,5,train
P01666,S01666_01,T01666_001,stage2_dl\sample_data\images\train\P01666_T01666_001.jpg,benign,1,train
P01666,S01666_01,T01666_002,stage2_dl\sample_data\images\train\P01666_T01666_002.jpg,benign,1,train
P01666,S01666_01,T01666_003,stage2_dl\sample_data\images\train\P01666_T01666_003.jpg,tumor_margin,3,train
P01666,S01666_01,T01666_004,stage2_dl\sample_data\images\train\P01666_T01666_004.jpg,normal,0,train
P01666,S01666_02,T01666_005,stage2_dl\sample_data\images\train\P01666_T01666_005.jpg,benign,1,train
P01666,S01666_02,T01666_006,stage2_dl\sample_data\images\train\P01666_T01666_006.jpg,normal,0,train
P01666,S01666_02,T01666_007,stage2_dl\sample_data\images\train\P01666_T01666_007.jpg,benign,1,train
P01666,S01666_02,T01666_008,stage2_dl\sample_data\images\train\P01666_T01666_008.jpg,normal,0,train
P01666,S01666_03,T01666_009,stage2_dl\sample_data\images\train\P01666_T01666_009.jpg,normal,0,train
P01666,S01666_03,T01666_010,stage2_dl\sample_data\images\train\P01666_T01666_010.jpg,normal,0,train
P00700,S00700_01,T00700_001,stage2_dl\sample_data\images\train\P00700_T00700_001.jpg,benign,1,train
P00700,S00700_01,T00700_002,stage2_dl\sample_data\images\train\P00700_T00700_002.jpg,malignant,2,train
P00700,S00700_01,T00700_003,stage2_dl\sample_data\images\train\P00700_T00700_003.jpg,malignant,2,train
P00700,S00700_01,T00700_004,stage2_dl\sample_data\images\train\P00700_T00700_004.jpg,malignant,2,train
P00700,S00700_02,T00700_005,stage2_dl\sample_data\images\train\P00700_T00700_005.jpg,malignant,2,train
P00700,S00700_02,T00700_006,stage2_dl\sample_data\images\train\P00700_T00700_006.jpg,inflammatory,5,train
P00700,S00700_02,T00700_007,stage2_dl\sample_data\images\train\P00700_T00700_007.jpg,malignant,2,train
P00700,S00700_02,T00700_008,stage2_dl\sample_data\images\train\P00700_T00700_008.jpg,tumor_margin,3,train
P00700,S00700_03,T00700_009,stage2_dl\sample_data\images\train\P00700_T00700_009.jpg,tumor_margin,3,train
P00662,S00662_01,T00662_001,stage2_dl\sample_data\images\train\P00662_T00662_001.jpg,normal,0,train
P00662,S00662_01,T00662_002,stage2_dl\sample_data\images\train\P00662_T00662_002.jpg,inflammatory,5,train
P00662,S00662_01,T00662_003,stage2_dl\sample_data\images\train\P00662_T00662_003.jpg,normal,0,train
P00662,S00662_01,T00662_004,stage2_dl\sample_data\images\train\P00662_T00662_004.jpg,normal,0,train
P00662,S00662_02,T00662_005,stage2_dl\sample_data\images\train\P00662_T00662_005.jpg,normal,0,train
P00048,S00048_01,T00048_001,stage2_dl\sample_data\images\train\P00048_T00048_001.jpg,normal,0,train
P00048,S00048_01,T00048_002,stage2_dl\sample_data\images\train\P00048_T00048_002.jpg,normal,0,train
P00048,S00048_01,T00048_003,stage2_dl\sample_data\images\train\P00048_T00048_003.jpg,benign,1,train
P00048,S00048_01,T00048_004,stage2_dl\sample_data\images\train\P00048_T00048_004.jpg,normal,0,train
P00048,S00048_02,T00048_005,stage2_dl\sample_data\images\train\P00048_T00048_005.jpg,inflammatory,5,train
P00048,S00048_02,T00048_006,stage2_dl\sample_data\images\train\P00048_T00048_006.jpg,normal,0,train
P00081,S00081_01,T00081_001,stage2_dl\sample_data\images\train\P00081_T00081_001.jpg,tumor_margin,3,train
P00081,S00081_01,T00081_002,stage2_dl\sample_data\images\train\P00081_T00081_002.jpg,tumor_margin,3,train
P00081,S00081_01,T00081_003,stage2_dl\sample_data\images\train\P00081_T00081_003.jpg,tumor_margin,3,train
P00081,S00081_01,T00081_004,stage2_dl\sample_data\images\train\P00081_T00081_004.jpg,inflammatory,5,train
P00081,S00081_02,T00081_005,stage2_dl\sample_data\images\train\P00081_T00081_005.jpg,tumor_margin,3,train
P00081,S00081_02,T00081_006,stage2_dl\sample_data\images\train\P00081_T00081_006.jpg,malignant,2,train
P00081,S00081_02,T00081_007,stage2_dl\sample_data\images\train\P00081_T00081_007.jpg,tumor_margin,3,train
P00081,S00081_02,T00081_008,stage2_dl\sample_data\images\train\P00081_T00081_008.jpg,normal,0,train
P00081,S00081_03,T00081_009,stage2_dl\sample_data\images\train\P00081_T00081_009.jpg,malignant,2,train
P01040,S01040_01,T01040_001,stage2_dl\sample_data\images\train\P01040_T01040_001.jpg,malignant,2,train
P01040,S01040_01,T01040_002,stage2_dl\sample_data\images\train\P01040_T01040_002.jpg,necrotic,4,train
P01040,S01040_01,T01040_003,stage2_dl\sample_data\images\train\P01040_T01040_003.jpg,benign,1,train
P01040,S01040_01,T01040_004,stage2_dl\sample_data\images\train\P01040_T01040_004.jpg,malignant,2,train
P01040,S01040_02,T01040_005,stage2_dl\sample_data\images\train\P01040_T01040_005.jpg,malignant,2,train
P01040,S01040_02,T01040_006,stage2_dl\sample_data\images\train\P01040_T01040_006.jpg,malignant,2,train
P01040,S01040_02,T01040_007,stage2_dl\sample_data\images\train\P01040_T01040_007.jpg,benign,1,train
P01040,S01040_02,T01040_008,stage2_dl\sample_data\images\train\P01040_T01040_008.jpg,malignant,2,train
P01040,S01040_03,T01040_009,stage2_dl\sample_data\images\train\P01040_T01040_009.jpg,malignant,2,train
P00324,S00324_01,T00324_001,stage2_dl\sample_data\images\train\P00324_T00324_001.jpg,normal,0,train
P00324,S00324_01,T00324_002,stage2_dl\sample_data\images\train\P00324_T00324_002.jpg,benign,1,train
P00324,S00324_01,T00324_003,stage2_dl\sample_data\images\train\P00324_T00324_003.jpg,malignant,2,train
P00324,S00324_01,T00324_004,stage2_dl\sample_data\images\train\P00324_T00324_004.jpg,inflammatory,5,train
P00324,S00324_02,T00324_005,stage2_dl\sample_data\images\train\P00324_T00324_005.jpg,normal,0,train
P00324,S00324_02,T00324_006,stage2_dl\sample_data\images\train\P00324_T00324_006.jpg,malignant,2,train
P01002,S01002_01,T01002_001,stage2_dl\sample_data\images\train\P01002_T01002_001.jpg,benign,1,train
P01002,S01002_01,T01002_002,stage2_dl\sample_data\images\train\P01002_T01002_002.jpg,normal,0,train
P01002,S01002_01,T01002_003,stage2_dl\sample_data\images\train\P01002_T01002_003.jpg,normal,0,train
P01002,S01002_01,T01002_004,stage2_dl\sample_data\images\train\P01002_T01002_004.jpg,normal,0,train
P01002,S01002_02,T01002_005,stage2_dl\sample_data\images\train\P01002_T01002_005.jpg,benign,1,train
P01002,S01002_02,T01002_006,stage2_dl\sample_data\images\train\P01002_T01002_006.jpg,normal,0,train
P01002,S01002_02,T01002_007,stage2_dl\sample_data\images\train\P01002_T01002_007.jpg,inflammatory,5,train
P00772,S00772_01,T00772_001,stage2_dl\sample_data\images\train\P00772_T00772_001.jpg,benign,1,train
P00772,S00772_01,T00772_002,stage2_dl\sample_data\images\train\P00772_T00772_002.jpg,tumor_margin,3,train
P00772,S00772_01,T00772_003,stage2_dl\sample_data\images\train\P00772_T00772_003.jpg,benign,1,train
P00772,S00772_01,T00772_004,stage2_dl\sample_data\images\train\P00772_T00772_004.jpg,tumor_margin,3,train
P01368,S01368_01,T01368_001,stage2_dl\sample_data\images\train\P01368_T01368_001.jpg,benign,1,train
P01368,S01368_01,T01368_002,stage2_dl\sample_data\images\train\P01368_T01368_002.jpg,benign,1,train
P01368,S01368_01,T01368_003,stage2_dl\sample_data\images\train\P01368_T01368_003.jpg,inflammatory,5,train
P01042,S01042_01,T01042_001,stage2_dl\sample_data\images\train\P01042_T01042_001.jpg,benign,1,train
P01042,S01042_01,T01042_002,stage2_dl\sample_data\images\train\P01042_T01042_002.jpg,malignant,2,train
P01042,S01042_01,T01042_003,stage2_dl\sample_data\images\train\P01042_T01042_003.jpg,necrotic,4,train
P01042,S01042_01,T01042_004,stage2_dl\sample_data\images\train\P01042_T01042_004.jpg,benign,1,train
P01042,S01042_02,T01042_005,stage2_dl\sample_data\images\train\P01042_T01042_005.jpg,necrotic,4,train
P01042,S01042_02,T01042_006,stage2_dl\sample_data\images\train\P01042_T01042_006.jpg,benign,1,train
P01042,S01042_02,T01042_007,stage2_dl\sample_data\images\train\P01042_T01042_007.jpg,benign,1,train
P01042,S01042_02,T01042_008,stage2_dl\sample_data\images\train\P01042_T01042_008.jpg,tumor_margin,3,train
P01110,S01110_01,T01110_001,stage2_dl\sample_data\images\train\P01110_T01110_001.jpg,normal,0,train
P01110,S01110_01,T01110_002,stage2_dl\sample_data\images\train\P01110_T01110_002.jpg,normal,0,train
P01110,S01110_01,T01110_003,stage2_dl\sample_data\images\train\P01110_T01110_003.jpg,malignant,2,train
P01110,S01110_01,T01110_004,stage2_dl\sample_data\images\train\P01110_T01110_004.jpg,benign,1,train
P01110,S01110_02,T01110_005,stage2_dl\sample_data\images\train\P01110_T01110_005.jpg,normal,0,train
P01110,S01110_02,T01110_006,stage2_dl\sample_data\images\train\P01110_T01110_006.jpg,necrotic,4,train
P02000,S02000_01,T02000_001,stage2_dl\sample_data\images\train\P02000_T02000_001.jpg,normal,0,train
P02000,S02000_01,T02000_002,stage2_dl\sample_data\images\train\P02000_T02000_002.jpg,normal,0,train
P02000,S02000_01,T02000_003,stage2_dl\sample_data\images\train\P02000_T02000_003.jpg,inflammatory,5,train
P02000,S02000_01,T02000_004,stage2_dl\sample_data\images\train\P02000_T02000_004.jpg,inflammatory,5,train
P02000,S02000_02,T02000_005,stage2_dl\sample_data\images\train\P02000_T02000_005.jpg,normal,0,train
P02000,S02000_02,T02000_006,stage2_dl\sample_data\images\train\P02000_T02000_006.jpg,benign,1,train
P02000,S02000_02,T02000_007,stage2_dl\sample_data\images\train\P02000_T02000_007.jpg,necrotic,4,train
P00970,S00970_01,T00970_001,stage2_dl\sample_data\images\train\P00970_T00970_001.jpg,benign,1,train
P00970,S00970_01,T00970_002,stage2_dl\sample_data\images\train\P00970_T00970_002.jpg,inflammatory,5,train
P00970,S00970_01,T00970_003,stage2_dl\sample_data\images\train\P00970_T00970_003.jpg,normal,0,train
P00970,S00970_01,T00970_004,stage2_dl\sample_data\images\train\P00970_T00970_004.jpg,benign,1,train
P00970,S00970_02,T00970_005,stage2_dl\sample_data\images\train\P00970_T00970_005.jpg,benign,1,train
P00970,S00970_02,T00970_006,stage2_dl\sample_data\images\train\P00970_T00970_006.jpg,benign,1,train
P00865,S00865_01,T00865_001,stage2_dl\sample_data\images\train\P00865_T00865_001.jpg,normal,0,train
P00865,S00865_01,T00865_002,stage2_dl\sample_data\images\train\P00865_T00865_002.jpg,malignant,2,train
P00865,S00865_01,T00865_003,stage2_dl\sample_data\images\train\P00865_T00865_003.jpg,normal,0,train
P00865,S00865_01,T00865_004,stage2_dl\sample_data\images\train\P00865_T00865_004.jpg,benign,1,train
P00865,S00865_02,T00865_005,stage2_dl\sample_data\images\train\P00865_T00865_005.jpg,malignant,2,train
P00865,S00865_02,T00865_006,stage2_dl\sample_data\images\train\P00865_T00865_006.jpg,malignant,2,train
P00865,S00865_02,T00865_007,stage2_dl\sample_data\images\train\P00865_T00865_007.jpg,malignant,2,train
P00865,S00865_02,T00865_008,stage2_dl\sample_data\images\train\P00865_T00865_008.jpg,malignant,2,train
P00760,S00760_01,T00760_001,stage2_dl\sample_data\images\train\P00760_T00760_001.jpg,benign,1,train
P00760,S00760_01,T00760_002,stage2_dl\sample_data\images\train\P00760_T00760_002.jpg,necrotic,4,train
P00760,S00760_01,T00760_003,stage2_dl\sample_data\images\train\P00760_T00760_003.jpg,benign,1,train
P00760,S00760_01,T00760_004,stage2_dl\sample_data\images\train\P00760_T00760_004.jpg,benign,1,train
P00760,S00760_02,T00760_005,stage2_dl\sample_data\images\train\P00760_T00760_005.jpg,benign,1,train
P00760,S00760_02,T00760_006,stage2_dl\sample_data\images\train\P00760_T00760_006.jpg,malignant,2,train
P00198,S00198_01,T00198_001,stage2_dl\sample_data\images\train\P00198_T00198_001.jpg,normal,0,train
P00198,S00198_01,T00198_002,stage2_dl\sample_data\images\train\P00198_T00198_002.jpg,normal,0,train
P00198,S00198_01,T00198_003,stage2_dl\sample_data\images\train\P00198_T00198_003.jpg,inflammatory,5,train
P00198,S00198_01,T00198_004,stage2_dl\sample_data\images\train\P00198_T00198_004.jpg,benign,1,train
P00198,S00198_02,T00198_005,stage2_dl\sample_data\images\train\P00198_T00198_005.jpg,tumor_margin,3,train
P00198,S00198_02,T00198_006,stage2_dl\sample_data\images\train\P00198_T00198_006.jpg,benign,1,train
P00198,S00198_02,T00198_007,stage2_dl\sample_data\images\train\P00198_T00198_007.jpg,benign,1,train
P00547,S00547_01,T00547_001,stage2_dl\sample_data\images\train\P00547_T00547_001.jpg,tumor_margin,3,train
P00547,S00547_01,T00547_002,stage2_dl\sample_data\images\train\P00547_T00547_002.jpg,malignant,2,train
P00547,S00547_01,T00547_003,stage2_dl\sample_data\images\train\P00547_T00547_003.jpg,necrotic,4,train
P00547,S00547_01,T00547_004,stage2_dl\sample_data\images\train\P00547_T00547_004.jpg,normal,0,train
P00547,S00547_02,T00547_005,stage2_dl\sample_data\images\train\P00547_T00547_005.jpg,inflammatory,5,train
P00547,S00547_02,T00547_006,stage2_dl\sample_data\images\train\P00547_T00547_006.jpg,malignant,2,train
P00547,S00547_02,T00547_007,stage2_dl\sample_data\images\train\P00547_T00547_007.jpg,malignant,2,train
P00547,S00547_02,T00547_008,stage2_dl\sample_data\images\train\P00547_T00547_008.jpg,necrotic,4,train
P00547,S00547_03,T00547_009,stage2_dl\sample_data\images\train\P00547_T00547_009.jpg,malignant,2,train
P00547,S00547_03,T00547_010,stage2_dl\sample_data\images\train\P00547_T00547_010.jpg,tumor_margin,3,train
P00547,S00547_03,T00547_011,stage2_dl\sample_data\images\train\P00547_T00547_011.jpg,benign,1,train
P00547,S00547_03,T00547_012,stage2_dl\sample_data\images\train\P00547_T00547_012.jpg,tumor_margin,3,train
P01074,S01074_01,T01074_001,stage2_dl\sample_data\images\train\P01074_T01074_001.jpg,normal,0,train
P01074,S01074_01,T01074_002,stage2_dl\sample_data\images\train\P01074_T01074_002.jpg,normal,0,train
P01074,S01074_01,T01074_003,stage2_dl\sample_data\images\train\P01074_T01074_003.jpg,tumor_margin,3,train
P01074,S01074_01,T01074_004,stage2_dl\sample_data\images\train\P01074_T01074_004.jpg,normal,0,train
P01074,S01074_02,T01074_005,stage2_dl\sample_data\images\train\P01074_T01074_005.jpg,normal,0,train
P01074,S01074_02,T01074_006,stage2_dl\sample_data\images\train\P01074_T01074_006.jpg,normal,0,train
P01074,S01074_02,T01074_007,stage2_dl\sample_data\images\train\P01074_T01074_007.jpg,normal,0,train
P01074,S01074_02,T01074_008,stage2_dl\sample_data\images\train\P01074_T01074_008.jpg,necrotic,4,train
P01074,S01074_03,T01074_009,stage2_dl\sample_data\images\train\P01074_T01074_009.jpg,benign,1,train
P00453,S00453_01,T00453_001,stage2_dl\sample_data\images\train\P00453_T00453_001.jpg,normal,0,train
P00453,S00453_01,T00453_002,stage2_dl\sample_data\images\train\P00453_T00453_002.jpg,tumor_margin,3,train
P00453,S00453_01,T00453_003,stage2_dl\sample_data\images\train\P00453_T00453_003.jpg,normal,0,train
P00453,S00453_01,T00453_004,stage2_dl\sample_data\images\train\P00453_T00453_004.jpg,normal,0,train
P00351,S00351_01,T00351_001,stage2_dl\sample_data\images\train\P00351_T00351_001.jpg,benign,1,train
P00351,S00351_01,T00351_002,stage2_dl\sample_data\images\train\P00351_T00351_002.jpg,normal,0,train
P00351,S00351_01,T00351_003,stage2_dl\sample_data\images\train\P00351_T00351_003.jpg,inflammatory,5,train
P00351,S00351_01,T00351_004,stage2_dl\sample_data\images\train\P00351_T00351_004.jpg,benign,1,train
P00351,S00351_02,T00351_005,stage2_dl\sample_data\images\train\P00351_T00351_005.jpg,benign,1,train
P00351,S00351_02,T00351_006,stage2_dl\sample_data\images\train\P00351_T00351_006.jpg,normal,0,train
P00351,S00351_02,T00351_007,stage2_dl\sample_data\images\train\P00351_T00351_007.jpg,normal,0,train
P00351,S00351_02,T00351_008,stage2_dl\sample_data\images\train\P00351_T00351_008.jpg,normal,0,train
P01664,S01664_01,T01664_001,stage2_dl\sample_data\images\train\P01664_T01664_001.jpg,benign,1,train
P01664,S01664_01,T01664_002,stage2_dl\sample_data\images\train\P01664_T01664_002.jpg,normal,0,train
P01664,S01664_01,T01664_003,stage2_dl\sample_data\images\train\P01664_T01664_003.jpg,normal,0,train
P01664,S01664_01,T01664_004,stage2_dl\sample_data\images\train\P01664_T01664_004.jpg,malignant,2,train
P01664,S01664_02,T01664_005,stage2_dl\sample_data\images\train\P01664_T01664_005.jpg,necrotic,4,train
P01664,S01664_02,T01664_006,stage2_dl\sample_data\images\train\P01664_T01664_006.jpg,normal,0,train
P01664,S01664_02,T01664_007,stage2_dl\sample_data\images\train\P01664_T01664_007.jpg,normal,0,train
P01664,S01664_02,T01664_008,stage2_dl\sample_data\images\train\P01664_T01664_008.jpg,normal,0,train
P01664,S01664_03,T01664_009,stage2_dl\sample_data\images\train\P01664_T01664_009.jpg,benign,1,train
P01664,S01664_03,T01664_010,stage2_dl\sample_data\images\train\P01664_T01664_010.jpg,benign,1,train
P01664,S01664_03,T01664_011,stage2_dl\sample_data\images\train\P01664_T01664_011.jpg,benign,1,train
P01664,S01664_03,T01664_012,stage2_dl\sample_data\images\train\P01664_T01664_012.jpg,normal,0,train
P00279,S00279_01,T00279_001,stage2_dl\sample_data\images\train\P00279_T00279_001.jpg,normal,0,train
P00279,S00279_01,T00279_002,stage2_dl\sample_data\images\train\P00279_T00279_002.jpg,benign,1,train
P00279,S00279_01,T00279_003,stage2_dl\sample_data\images\train\P00279_T00279_003.jpg,tumor_margin,3,train
P00279,S00279_01,T00279_004,stage2_dl\sample_data\images\train\P00279_T00279_004.jpg,malignant,2,train
P00279,S00279_02,T00279_005,stage2_dl\sample_data\images\train\P00279_T00279_005.jpg,necrotic,4,train
P00279,S00279_02,T00279_006,stage2_dl\sample_data\images\train\P00279_T00279_006.jpg,normal,0,train
P00279,S00279_02,T00279_007,stage2_dl\sample_data\images\train\P00279_T00279_007.jpg,tumor_margin,3,train
P00279,S00279_02,T00279_008,stage2_dl\sample_data\images\train\P00279_T00279_008.jpg,normal,0,train
P00279,S00279_03,T00279_009,stage2_dl\sample_data\images\train\P00279_T00279_009.jpg,benign,1,train
P01678,S01678_01,T01678_001,stage2_dl\sample_data\images\train\P01678_T01678_001.jpg,benign,1,train
P01678,S01678_01,T01678_002,stage2_dl\sample_data\images\train\P01678_T01678_002.jpg,benign,1,train
P01678,S01678_01,T01678_003,stage2_dl\sample_data\images\train\P01678_T01678_003.jpg,benign,1,train
P01678,S01678_01,T01678_004,stage2_dl\sample_data\images\train\P01678_T01678_004.jpg,inflammatory,5,train
P01608,S01608_01,T01608_001,stage2_dl\sample_data\images\train\P01608_T01608_001.jpg,benign,1,train
P01608,S01608_01,T01608_002,stage2_dl\sample_data\images\train\P01608_T01608_002.jpg,necrotic,4,train
P01608,S01608_01,T01608_003,stage2_dl\sample_data\images\train\P01608_T01608_003.jpg,normal,0,train
P01608,S01608_01,T01608_004,stage2_dl\sample_data\images\train\P01608_T01608_004.jpg,normal,0,train
P01608,S01608_02,T01608_005,stage2_dl\sample_data\images\train\P01608_T01608_005.jpg,normal,0,train
P01608,S01608_02,T01608_006,stage2_dl\sample_data\images\train\P01608_T01608_006.jpg,benign,1,train
P01608,S01608_02,T01608_007,stage2_dl\sample_data\images\train\P01608_T01608_007.jpg,malignant,2,train
P01017,S01017_01,T01017_001,stage2_dl\sample_data\images\train\P01017_T01017_001.jpg,normal,0,train
P01017,S01017_01,T01017_002,stage2_dl\sample_data\images\train\P01017_T01017_002.jpg,normal,0,train
P01017,S01017_01,T01017_003,stage2_dl\sample_data\images\train\P01017_T01017_003.jpg,normal,0,train
P01017,S01017_01,T01017_004,stage2_dl\sample_data\images\train\P01017_T01017_004.jpg,benign,1,train
P01017,S01017_02,T01017_005,stage2_dl\sample_data\images\train\P01017_T01017_005.jpg,malignant,2,train
P01017,S01017_02,T01017_006,stage2_dl\sample_data\images\train\P01017_T01017_006.jpg,normal,0,train
P01017,S01017_02,T01017_007,stage2_dl\sample_data\images\train\P01017_T01017_007.jpg,normal,0,train
P01017,S01017_02,T01017_008,stage2_dl\sample_data\images\train\P01017_T01017_008.jpg,tumor_margin,3,train
P01017,S01017_03,T01017_009,stage2_dl\sample_data\images\train\P01017_T01017_009.jpg,normal,0,train
P01017,S01017_03,T01017_010,stage2_dl\sample_data\images\train\P01017_T01017_010.jpg,benign,1,train
P00045,S00045_01,T00045_001,stage2_dl\sample_data\images\train\P00045_T00045_001.jpg,benign,1,train
P00045,S00045_01,T00045_002,stage2_dl\sample_data\images\train\P00045_T00045_002.jpg,tumor_margin,3,train
P00045,S00045_01,T00045_003,stage2_dl\sample_data\images\train\P00045_T00045_003.jpg,inflammatory,5,train
P00045,S00045_01,T00045_004,stage2_dl\sample_data\images\train\P00045_T00045_004.jpg,inflammatory,5,train
P01109,S01109_01,T01109_001,stage2_dl\sample_data\images\train\P01109_T01109_001.jpg,inflammatory,5,train
P01109,S01109_01,T01109_002,stage2_dl\sample_data\images\train\P01109_T01109_002.jpg,benign,1,train
P01109,S01109_01,T01109_003,stage2_dl\sample_data\images\train\P01109_T01109_003.jpg,benign,1,train
P01109,S01109_01,T01109_004,stage2_dl\sample_data\images\train\P01109_T01109_004.jpg,benign,1,train
P01109,S01109_02,T01109_005,stage2_dl\sample_data\images\train\P01109_T01109_005.jpg,necrotic,4,train
P01109,S01109_02,T01109_006,stage2_dl\sample_data\images\train\P01109_T01109_006.jpg,normal,0,train
P01109,S01109_02,T01109_007,stage2_dl\sample_data\images\train\P01109_T01109_007.jpg,necrotic,4,train
P01109,S01109_02,T01109_008,stage2_dl\sample_data\images\train\P01109_T01109_008.jpg,inflammatory,5,train
P01109,S01109_03,T01109_009,stage2_dl\sample_data\images\train\P01109_T01109_009.jpg,benign,1,train
P01109,S01109_03,T01109_010,stage2_dl\sample_data\images\train\P01109_T01109_010.jpg,benign,1,train
P00522,S00522_01,T00522_001,stage2_dl\sample_data\images\train\P00522_T00522_001.jpg,benign,1,train
P00522,S00522_01,T00522_002,stage2_dl\sample_data\images\train\P00522_T00522_002.jpg,normal,0,train
P00522,S00522_01,T00522_003,stage2_dl\sample_data\images\train\P00522_T00522_003.jpg,benign,1,train
P00522,S00522_01,T00522_004,stage2_dl\sample_data\images\train\P00522_T00522_004.jpg,benign,1,train
P00522,S00522_02,T00522_005,stage2_dl\sample_data\images\train\P00522_T00522_005.jpg,normal,0,train
P00522,S00522_02,T00522_006,stage2_dl\sample_data\images\train\P00522_T00522_006.jpg,inflammatory,5,train
P00522,S00522_02,T00522_007,stage2_dl\sample_data\images\train\P00522_T00522_007.jpg,normal,0,train
P00978,S00978_01,T00978_001,stage2_dl\sample_data\images\train\P00978_T00978_001.jpg,malignant,2,train
P00978,S00978_01,T00978_002,stage2_dl\sample_data\images\train\P00978_T00978_002.jpg,malignant,2,train
P00978,S00978_01,T00978_003,stage2_dl\sample_data\images\train\P00978_T00978_003.jpg,tumor_margin,3,train
P00978,S00978_01,T00978_004,stage2_dl\sample_data\images\train\P00978_T00978_004.jpg,tumor_margin,3,train
P00978,S00978_02,T00978_005,stage2_dl\sample_data\images\train\P00978_T00978_005.jpg,tumor_margin,3,train
P00978,S00978_02,T00978_006,stage2_dl\sample_data\images\train\P00978_T00978_006.jpg,normal,0,train
P01866,S01866_01,T01866_001,stage2_dl\sample_data\images\train\P01866_T01866_001.jpg,tumor_margin,3,train
P01866,S01866_01,T01866_002,stage2_dl\sample_data\images\train\P01866_T01866_002.jpg,benign,1,train
P01866,S01866_01,T01866_003,stage2_dl\sample_data\images\train\P01866_T01866_003.jpg,necrotic,4,train
P01866,S01866_01,T01866_004,stage2_dl\sample_data\images\train\P01866_T01866_004.jpg,normal,0,train
P01866,S01866_02,T01866_005,stage2_dl\sample_data\images\train\P01866_T01866_005.jpg,inflammatory,5,train
P01866,S01866_02,T01866_006,stage2_dl\sample_data\images\train\P01866_T01866_006.jpg,inflammatory,5,train
P01866,S01866_02,T01866_007,stage2_dl\sample_data\images\train\P01866_T01866_007.jpg,necrotic,4,train
P01866,S01866_02,T01866_008,stage2_dl\sample_data\images\train\P01866_T01866_008.jpg,inflammatory,5,train
P00391,S00391_01,T00391_001,stage2_dl\sample_data\images\train\P00391_T00391_001.jpg,benign,1,train
P00391,S00391_01,T00391_002,stage2_dl\sample_data\images\train\P00391_T00391_002.jpg,tumor_margin,3,train
P00391,S00391_01,T00391_003,stage2_dl\sample_data\images\train\P00391_T00391_003.jpg,normal,0,train
P00391,S00391_01,T00391_004,stage2_dl\sample_data\images\train\P00391_T00391_004.jpg,necrotic,4,train
P00391,S00391_02,T00391_005,stage2_dl\sample_data\images\train\P00391_T00391_005.jpg,normal,0,train
P00391,S00391_02,T00391_006,stage2_dl\sample_data\images\train\P00391_T00391_006.jpg,benign,1,train
P00391,S00391_02,T00391_007,stage2_dl\sample_data\images\train\P00391_T00391_007.jpg,inflammatory,5,train
P00391,S00391_02,T00391_008,stage2_dl\sample_data\images\train\P00391_T00391_008.jpg,tumor_margin,3,train
P00391,S00391_03,T00391_009,stage2_dl\sample_data\images\train\P00391_T00391_009.jpg,normal,0,train
P00391,S00391_03,T00391_010,stage2_dl\sample_data\images\train\P00391_T00391_010.jpg,normal,0,train
P00637,S00637_01,T00637_001,stage2_dl\sample_data\images\train\P00637_T00637_001.jpg,benign,1,train
P00637,S00637_01,T00637_002,stage2_dl\sample_data\images\train\P00637_T00637_002.jpg,malignant,2,train
P00637,S00637_01,T00637_003,stage2_dl\sample_data\images\train\P00637_T00637_003.jpg,benign,1,train
P00637,S00637_01,T00637_004,stage2_dl\sample_data\images\train\P00637_T00637_004.jpg,benign,1,train
P00637,S00637_02,T00637_005,stage2_dl\sample_data\images\train\P00637_T00637_005.jpg,inflammatory,5,train
P00637,S00637_02,T00637_006,stage2_dl\sample_data\images\train\P00637_T00637_006.jpg,normal,0,train
P00637,S00637_02,T00637_007,stage2_dl\sample_data\images\train\P00637_T00637_007.jpg,tumor_margin,3,train
P01445,S01445_01,T01445_001,stage2_dl\sample_data\images\train\P01445_T01445_001.jpg,normal,0,train
P01445,S01445_01,T01445_002,stage2_dl\sample_data\images\train\P01445_T01445_002.jpg,normal,0,train
P01445,S01445_01,T01445_003,stage2_dl\sample_data\images\train\P01445_T01445_003.jpg,benign,1,train
P01445,S01445_01,T01445_004,stage2_dl\sample_data\images\train\P01445_T01445_004.jpg,normal,0,train
P01445,S01445_02,T01445_005,stage2_dl\sample_data\images\train\P01445_T01445_005.jpg,necrotic,4,train
P01445,S01445_02,T01445_006,stage2_dl\sample_data\images\train\P01445_T01445_006.jpg,benign,1,train
P01445,S01445_02,T01445_007,stage2_dl\sample_data\images\train\P01445_T01445_007.jpg,normal,0,train
P01445,S01445_02,T01445_008,stage2_dl\sample_data\images\train\P01445_T01445_008.jpg,benign,1,train
P01445,S01445_03,T01445_009,stage2_dl\sample_data\images\train\P01445_T01445_009.jpg,benign,1,train
P01445,S01445_03,T01445_010,stage2_dl\sample_data\images\train\P01445_T01445_010.jpg,benign,1,train
P01445,S01445_03,T01445_011,stage2_dl\sample_data\images\train\P01445_T01445_011.jpg,benign,1,train
P01445,S01445_03,T01445_012,stage2_dl\sample_data\images\train\P01445_T01445_012.jpg,benign,1,train
P01831,S01831_01,T01831_001,stage2_dl\sample_data\images\train\P01831_T01831_001.jpg,benign,1,train
P01831,S01831_01,T01831_002,stage2_dl\sample_data\images\train\P01831_T01831_002.jpg,benign,1,train
P01831,S01831_01,T01831_003,stage2_dl\sample_data\images\train\P01831_T01831_003.jpg,normal,0,train
P01831,S01831_01,T01831_004,stage2_dl\sample_data\images\train\P01831_T01831_004.jpg,necrotic,4,train
P01831,S01831_02,T01831_005,stage2_dl\sample_data\images\train\P01831_T01831_005.jpg,inflammatory,5,train
P01831,S01831_02,T01831_006,stage2_dl\sample_data\images\train\P01831_T01831_006.jpg,necrotic,4,train
P01831,S01831_02,T01831_007,stage2_dl\sample_data\images\train\P01831_T01831_007.jpg,normal,0,train
P01831,S01831_02,T01831_008,stage2_dl\sample_data\images\train\P01831_T01831_008.jpg,benign,1,train
P01831,S01831_03,T01831_009,stage2_dl\sample_data\images\train\P01831_T01831_009.jpg,benign,1,train
P00518,S00518_01,T00518_001,stage2_dl\sample_data\images\train\P00518_T00518_001.jpg,malignant,2,train
P00518,S00518_01,T00518_002,stage2_dl\sample_data\images\train\P00518_T00518_002.jpg,inflammatory,5,train
P00518,S00518_01,T00518_003,stage2_dl\sample_data\images\train\P00518_T00518_003.jpg,malignant,2,train
P00518,S00518_01,T00518_004,stage2_dl\sample_data\images\train\P00518_T00518_004.jpg,tumor_margin,3,train
P00518,S00518_02,T00518_005,stage2_dl\sample_data\images\train\P00518_T00518_005.jpg,malignant,2,train
P00518,S00518_02,T00518_006,stage2_dl\sample_data\images\train\P00518_T00518_006.jpg,normal,0,train
P00518,S00518_02,T00518_007,stage2_dl\sample_data\images\train\P00518_T00518_007.jpg,normal,0,train
P00518,S00518_02,T00518_008,stage2_dl\sample_data\images\train\P00518_T00518_008.jpg,malignant,2,train
P00518,S00518_03,T00518_009,stage2_dl\sample_data\images\train\P00518_T00518_009.jpg,tumor_margin,3,train
P00518,S00518_03,T00518_010,stage2_dl\sample_data\images\train\P00518_T00518_010.jpg,malignant,2,train
P00518,S00518_03,T00518_011,stage2_dl\sample_data\images\train\P00518_T00518_011.jpg,inflammatory,5,train
P01711,S01711_01,T01711_001,stage2_dl\sample_data\images\train\P01711_T01711_001.jpg,malignant,2,train
P01711,S01711_01,T01711_002,stage2_dl\sample_data\images\train\P01711_T01711_002.jpg,normal,0,train
P01711,S01711_01,T01711_003,stage2_dl\sample_data\images\train\P01711_T01711_003.jpg,normal,0,train
P01711,S01711_01,T01711_004,stage2_dl\sample_data\images\train\P01711_T01711_004.jpg,inflammatory,5,train
P00226,S00226_01,T00226_001,stage2_dl\sample_data\images\train\P00226_T00226_001.jpg,normal,0,train
P00226,S00226_01,T00226_002,stage2_dl\sample_data\images\train\P00226_T00226_002.jpg,inflammatory,5,train
P00226,S00226_01,T00226_003,stage2_dl\sample_data\images\train\P00226_T00226_003.jpg,benign,1,train
P00226,S00226_01,T00226_004,stage2_dl\sample_data\images\train\P00226_T00226_004.jpg,normal,0,train
P00226,S00226_02,T00226_005,stage2_dl\sample_data\images\train\P00226_T00226_005.jpg,inflammatory,5,train
P00226,S00226_02,T00226_006,stage2_dl\sample_data\images\train\P00226_T00226_006.jpg,benign,1,train
P00226,S00226_02,T00226_007,stage2_dl\sample_data\images\train\P00226_T00226_007.jpg,normal,0,train
P00226,S00226_02,T00226_008,stage2_dl\sample_data\images\train\P00226_T00226_008.jpg,benign,1,train
P00226,S00226_03,T00226_009,stage2_dl\sample_data\images\train\P00226_T00226_009.jpg,necrotic,4,train
P00226,S00226_03,T00226_010,stage2_dl\sample_data\images\train\P00226_T00226_010.jpg,benign,1,train
P00226,S00226_03,T00226_011,stage2_dl\sample_data\images\train\P00226_T00226_011.jpg,normal,0,train
P00226,S00226_03,T00226_012,stage2_dl\sample_data\images\train\P00226_T00226_012.jpg,normal,0,train
P00226,S00226_04,T00226_013,stage2_dl\sample_data\images\train\P00226_T00226_013.jpg,benign,1,train
P01244,S01244_01,T01244_001,stage2_dl\sample_data\images\train\P01244_T01244_001.jpg,benign,1,train
P01244,S01244_01,T01244_002,stage2_dl\sample_data\images\train\P01244_T01244_002.jpg,tumor_margin,3,train
P01244,S01244_01,T01244_003,stage2_dl\sample_data\images\train\P01244_T01244_003.jpg,inflammatory,5,train
P01244,S01244_01,T01244_004,stage2_dl\sample_data\images\train\P01244_T01244_004.jpg,benign,1,train
P01244,S01244_02,T01244_005,stage2_dl\sample_data\images\train\P01244_T01244_005.jpg,benign,1,train
P01244,S01244_02,T01244_006,stage2_dl\sample_data\images\train\P01244_T01244_006.jpg,normal,0,train
P01244,S01244_02,T01244_007,stage2_dl\sample_data\images\train\P01244_T01244_007.jpg,inflammatory,5,train
P01244,S01244_02,T01244_008,stage2_dl\sample_data\images\train\P01244_T01244_008.jpg,normal,0,train
P01244,S01244_03,T01244_009,stage2_dl\sample_data\images\train\P01244_T01244_009.jpg,benign,1,train
P01244,S01244_03,T01244_010,stage2_dl\sample_data\images\train\P01244_T01244_010.jpg,benign,1,train
P01244,S01244_03,T01244_011,stage2_dl\sample_data\images\train\P01244_T01244_011.jpg,inflammatory,5,train
P01725,S01725_01,T01725_001,stage2_dl\sample_data\images\train\P01725_T01725_001.jpg,inflammatory,5,train
P01725,S01725_01,T01725_002,stage2_dl\sample_data\images\train\P01725_T01725_002.jpg,inflammatory,5,train
P01725,S01725_01,T01725_003,stage2_dl\sample_data\images\train\P01725_T01725_003.jpg,normal,0,train
P01725,S01725_01,T01725_004,stage2_dl\sample_data\images\train\P01725_T01725_004.jpg,normal,0,train
P01725,S01725_02,T01725_005,stage2_dl\sample_data\images\train\P01725_T01725_005.jpg,normal,0,train
P01725,S01725_02,T01725_006,stage2_dl\sample_data\images\train\P01725_T01725_006.jpg,normal,0,train
P01725,S01725_02,T01725_007,stage2_dl\sample_data\images\train\P01725_T01725_007.jpg,normal,0,train
P01725,S01725_02,T01725_008,stage2_dl\sample_data\images\train\P01725_T01725_008.jpg,benign,1,train
P01725,S01725_03,T01725_009,stage2_dl\sample_data\images\train\P01725_T01725_009.jpg,normal,0,train
P01725,S01725_03,T01725_010,stage2_dl\sample_data\images\train\P01725_T01725_010.jpg,benign,1,train
P01725,S01725_03,T01725_011,stage2_dl\sample_data\images\train\P01725_T01725_011.jpg,malignant,2,train
P00975,S00975_01,T00975_001,stage2_dl\sample_data\images\train\P00975_T00975_001.jpg,normal,0,train
P00975,S00975_01,T00975_002,stage2_dl\sample_data\images\train\P00975_T00975_002.jpg,normal,0,train
P00975,S00975_01,T00975_003,stage2_dl\sample_data\images\train\P00975_T00975_003.jpg,normal,0,train
P00975,S00975_01,T00975_004,stage2_dl\sample_data\images\train\P00975_T00975_004.jpg,benign,1,train
P00975,S00975_02,T00975_005,stage2_dl\sample_data\images\train\P00975_T00975_005.jpg,benign,1,train
P00975,S00975_02,T00975_006,stage2_dl\sample_data\images\train\P00975_T00975_006.jpg,normal,0,train
P00975,S00975_02,T00975_007,stage2_dl\sample_data\images\train\P00975_T00975_007.jpg,tumor_margin,3,train
P00975,S00975_02,T00975_008,stage2_dl\sample_data\images\train\P00975_T00975_008.jpg,inflammatory,5,train
P00975,S00975_03,T00975_009,stage2_dl\sample_data\images\train\P00975_T00975_009.jpg,normal,0,train
P01242,S01242_01,T01242_001,stage2_dl\sample_data\images\train\P01242_T01242_001.jpg,necrotic,4,train
P01242,S01242_01,T01242_002,stage2_dl\sample_data\images\train\P01242_T01242_002.jpg,benign,1,train
P01242,S01242_01,T01242_003,stage2_dl\sample_data\images\train\P01242_T01242_003.jpg,normal,0,train
P01242,S01242_01,T01242_004,stage2_dl\sample_data\images\train\P01242_T01242_004.jpg,normal,0,train
P01242,S01242_02,T01242_005,stage2_dl\sample_data\images\train\P01242_T01242_005.jpg,inflammatory,5,train
P01242,S01242_02,T01242_006,stage2_dl\sample_data\images\train\P01242_T01242_006.jpg,normal,0,train
P01242,S01242_02,T01242_007,stage2_dl\sample_data\images\train\P01242_T01242_007.jpg,malignant,2,train
P00140,S00140_01,T00140_001,stage2_dl\sample_data\images\train\P00140_T00140_001.jpg,necrotic,4,train
P00140,S00140_01,T00140_002,stage2_dl\sample_data\images\train\P00140_T00140_002.jpg,malignant,2,train
P00140,S00140_01,T00140_003,stage2_dl\sample_data\images\train\P00140_T00140_003.jpg,benign,1,train
P00140,S00140_01,T00140_004,stage2_dl\sample_data\images\train\P00140_T00140_004.jpg,malignant,2,train
P01623,S01623_01,T01623_001,stage2_dl\sample_data\images\train\P01623_T01623_001.jpg,malignant,2,train
P01623,S01623_01,T01623_002,stage2_dl\sample_data\images\train\P01623_T01623_002.jpg,normal,0,train
P01623,S01623_01,T01623_003,stage2_dl\sample_data\images\train\P01623_T01623_003.jpg,tumor_margin,3,train
P01623,S01623_01,T01623_004,stage2_dl\sample_data\images\train\P01623_T01623_004.jpg,normal,0,train
P01623,S01623_02,T01623_005,stage2_dl\sample_data\images\train\P01623_T01623_005.jpg,normal,0,train
P01623,S01623_02,T01623_006,stage2_dl\sample_data\images\train\P01623_T01623_006.jpg,normal,0,train
P01623,S01623_02,T01623_007,stage2_dl\sample_data\images\train\P01623_T01623_007.jpg,normal,0,train
P01623,S01623_02,T01623_008,stage2_dl\sample_data\images\train\P01623_T01623_008.jpg,benign,1,train
P00580,S00580_01,T00580_001,stage2_dl\sample_data\images\validation\P00580_T00580_001.jpg,normal,0,validation
P00580,S00580_01,T00580_002,stage2_dl\sample_data\images\validation\P00580_T00580_002.jpg,tumor_margin,3,validation
P00580,S00580_01,T00580_003,stage2_dl\sample_data\images\validation\P00580_T00580_003.jpg,benign,1,validation
P00580,S00580_01,T00580_004,stage2_dl\sample_data\images\validation\P00580_T00580_004.jpg,inflammatory,5,validation
P00580,S00580_02,T00580_005,stage2_dl\sample_data\images\validation\P00580_T00580_005.jpg,inflammatory,5,validation
P00580,S00580_02,T00580_006,stage2_dl\sample_data\images\validation\P00580_T00580_006.jpg,normal,0,validation
P00580,S00580_02,T00580_007,stage2_dl\sample_data\images\validation\P00580_T00580_007.jpg,malignant,2,validation
P00580,S00580_02,T00580_008,stage2_dl\sample_data\images\validation\P00580_T00580_008.jpg,malignant,2,validation
P00580,S00580_03,T00580_009,stage2_dl\sample_data\images\validation\P00580_T00580_009.jpg,tumor_margin,3,validation
P00580,S00580_03,T00580_010,stage2_dl\sample_data\images\validation\P00580_T00580_010.jpg,normal,0,validation
P00580,S00580_03,T00580_011,stage2_dl\sample_data\images\validation\P00580_T00580_011.jpg,inflammatory,5,validation
P00822,S00822_01,T00822_001,stage2_dl\sample_data\images\validation\P00822_T00822_001.jpg,normal,0,validation
P00822,S00822_01,T00822_002,stage2_dl\sample_data\images\validation\P00822_T00822_002.jpg,normal,0,validation
P00822,S00822_01,T00822_003,stage2_dl\sample_data\images\validation\P00822_T00822_003.jpg,benign,1,validation
P00822,S00822_01,T00822_004,stage2_dl\sample_data\images\validation\P00822_T00822_004.jpg,benign,1,validation
P00822,S00822_02,T00822_005,stage2_dl\sample_data\images\validation\P00822_T00822_005.jpg,normal,0,validation
P00822,S00822_02,T00822_006,stage2_dl\sample_data\images\validation\P00822_T00822_006.jpg,inflammatory,5,validation
P00822,S00822_02,T00822_007,stage2_dl\sample_data\images\validation\P00822_T00822_007.jpg,normal,0,validation
P00822,S00822_02,T00822_008,stage2_dl\sample_data\images\validation\P00822_T00822_008.jpg,inflammatory,5,validation
P00822,S00822_03,T00822_009,stage2_dl\sample_data\images\validation\P00822_T00822_009.jpg,benign,1,validation
P00822,S00822_03,T00822_010,stage2_dl\sample_data\images\validation\P00822_T00822_010.jpg,normal,0,validation
P00822,S00822_03,T00822_011,stage2_dl\sample_data\images\validation\P00822_T00822_011.jpg,necrotic,4,validation
P00716,S00716_01,T00716_001,stage2_dl\sample_data\images\validation\P00716_T00716_001.jpg,benign,1,validation
P00716,S00716_01,T00716_002,stage2_dl\sample_data\images\validation\P00716_T00716_002.jpg,normal,0,validation
P00716,S00716_01,T00716_003,stage2_dl\sample_data\images\validation\P00716_T00716_003.jpg,normal,0,validation
P00716,S00716_01,T00716_004,stage2_dl\sample_data\images\validation\P00716_T00716_004.jpg,normal,0,validation
P00716,S00716_02,T00716_005,stage2_dl\sample_data\images\validation\P00716_T00716_005.jpg,inflammatory,5,validation
P00716,S00716_02,T00716_006,stage2_dl\sample_data\images\validation\P00716_T00716_006.jpg,benign,1,validation
P00716,S00716_02,T00716_007,stage2_dl\sample_data\images\validation\P00716_T00716_007.jpg,inflammatory,5,validation
P00716,S00716_02,T00716_008,stage2_dl\sample_data\images\validation\P00716_T00716_008.jpg,normal,0,validation
P00716,S00716_03,T00716_009,stage2_dl\sample_data\images\validation\P00716_T00716_009.jpg,inflammatory,5,validation
P00716,S00716_03,T00716_010,stage2_dl\sample_data\images\validation\P00716_T00716_010.jpg,normal,0,validation
P01993,S01993_01,T01993_001,stage2_dl\sample_data\images\validation\P01993_T01993_001.jpg,normal,0,validation
P01993,S01993_01,T01993_002,stage2_dl\sample_data\images\validation\P01993_T01993_002.jpg,inflammatory,5,validation
P01993,S01993_01,T01993_003,stage2_dl\sample_data\images\validation\P01993_T01993_003.jpg,benign,1,validation
P01993,S01993_01,T01993_004,stage2_dl\sample_data\images\validation\P01993_T01993_004.jpg,necrotic,4,validation
P01993,S01993_02,T01993_005,stage2_dl\sample_data\images\validation\P01993_T01993_005.jpg,inflammatory,5,validation
P01993,S01993_02,T01993_006,stage2_dl\sample_data\images\validation\P01993_T01993_006.jpg,normal,0,validation
P01993,S01993_02,T01993_007,stage2_dl\sample_data\images\validation\P01993_T01993_007.jpg,normal,0,validation
P00271,S00271_01,T00271_001,stage2_dl\sample_data\images\validation\P00271_T00271_001.jpg,normal,0,validation
P00271,S00271_01,T00271_002,stage2_dl\sample_data\images\validation\P00271_T00271_002.jpg,tumor_margin,3,validation
P00271,S00271_01,T00271_003,stage2_dl\sample_data\images\validation\P00271_T00271_003.jpg,normal,0,validation
P00271,S00271_01,T00271_004,stage2_dl\sample_data\images\validation\P00271_T00271_004.jpg,inflammatory,5,validation
P00271,S00271_02,T00271_005,stage2_dl\sample_data\images\validation\P00271_T00271_005.jpg,inflammatory,5,validation
P00271,S00271_02,T00271_006,stage2_dl\sample_data\images\validation\P00271_T00271_006.jpg,benign,1,validation
P00271,S00271_02,T00271_007,stage2_dl\sample_data\images\validation\P00271_T00271_007.jpg,normal,0,validation
P00271,S00271_02,T00271_008,stage2_dl\sample_data\images\validation\P00271_T00271_008.jpg,normal,0,validation
P00271,S00271_03,T00271_009,stage2_dl\sample_data\images\validation\P00271_T00271_009.jpg,benign,1,validation
P00271,S00271_03,T00271_010,stage2_dl\sample_data\images\validation\P00271_T00271_010.jpg,normal,0,validation
P00271,S00271_03,T00271_011,stage2_dl\sample_data\images\validation\P00271_T00271_011.jpg,benign,1,validation
P00271,S00271_03,T00271_012,stage2_dl\sample_data\images\validation\P00271_T00271_012.jpg,normal,0,validation
P00789,S00789_01,T00789_001,stage2_dl\sample_data\images\validation\P00789_T00789_001.jpg,benign,1,validation
P00789,S00789_01,T00789_002,stage2_dl\sample_data\images\validation\P00789_T00789_002.jpg,inflammatory,5,validation
P00789,S00789_01,T00789_003,stage2_dl\sample_data\images\validation\P00789_T00789_003.jpg,malignant,2,validation
P00789,S00789_01,T00789_004,stage2_dl\sample_data\images\validation\P00789_T00789_004.jpg,tumor_margin,3,validation
P00789,S00789_02,T00789_005,stage2_dl\sample_data\images\validation\P00789_T00789_005.jpg,tumor_margin,3,validation
P00789,S00789_02,T00789_006,stage2_dl\sample_data\images\validation\P00789_T00789_006.jpg,tumor_margin,3,validation
P01107,S01107_01,T01107_001,stage2_dl\sample_data\images\validation\P01107_T01107_001.jpg,normal,0,validation
P01107,S01107_01,T01107_002,stage2_dl\sample_data\images\validation\P01107_T01107_002.jpg,normal,0,validation
P01107,S01107_01,T01107_003,stage2_dl\sample_data\images\validation\P01107_T01107_003.jpg,benign,1,validation
P01107,S01107_01,T01107_004,stage2_dl\sample_data\images\validation\P01107_T01107_004.jpg,normal,0,validation
P01107,S01107_02,T01107_005,stage2_dl\sample_data\images\validation\P01107_T01107_005.jpg,benign,1,validation
P01107,S01107_02,T01107_006,stage2_dl\sample_data\images\validation\P01107_T01107_006.jpg,normal,0,validation
P01107,S01107_02,T01107_007,stage2_dl\sample_data\images\validation\P01107_T01107_007.jpg,normal,0,validation
P01107,S01107_02,T01107_008,stage2_dl\sample_data\images\validation\P01107_T01107_008.jpg,normal,0,validation
P01107,S01107_03,T01107_009,stage2_dl\sample_data\images\validation\P01107_T01107_009.jpg,benign,1,validation
P01107,S01107_03,T01107_010,stage2_dl\sample_data\images\validation\P01107_T01107_010.jpg,normal,0,validation
P00863,S00863_01,T00863_001,stage2_dl\sample_data\images\validation\P00863_T00863_001.jpg,normal,0,validation
P00863,S00863_01,T00863_002,stage2_dl\sample_data\images\validation\P00863_T00863_002.jpg,benign,1,validation
P00863,S00863_01,T00863_003,stage2_dl\sample_data\images\validation\P00863_T00863_003.jpg,malignant,2,validation
P00863,S00863_01,T00863_004,stage2_dl\sample_data\images\validation\P00863_T00863_004.jpg,normal,0,validation
P00863,S00863_02,T00863_005,stage2_dl\sample_data\images\validation\P00863_T00863_005.jpg,normal,0,validation
P00863,S00863_02,T00863_006,stage2_dl\sample_data\images\validation\P00863_T00863_006.jpg,normal,0,validation
P01765,S01765_01,T01765_001,stage2_dl\sample_data\images\validation\P01765_T01765_001.jpg,benign,1,validation
P01765,S01765_01,T01765_002,stage2_dl\sample_data\images\validation\P01765_T01765_002.jpg,normal,0,validation
P01765,S01765_01,T01765_003,stage2_dl\sample_data\images\validation\P01765_T01765_003.jpg,inflammatory,5,validation
P01765,S01765_01,T01765_004,stage2_dl\sample_data\images\validation\P01765_T01765_004.jpg,benign,1,validation
P01765,S01765_02,T01765_005,stage2_dl\sample_data\images\validation\P01765_T01765_005.jpg,normal,0,validation
P01765,S01765_02,T01765_006,stage2_dl\sample_data\images\validation\P01765_T01765_006.jpg,normal,0,validation
P01765,S01765_02,T01765_007,stage2_dl\sample_data\images\validation\P01765_T01765_007.jpg,inflammatory,5,validation
P00579,S00579_01,T00579_001,stage2_dl\sample_data\images\validation\P00579_T00579_001.jpg,normal,0,validation
P00579,S00579_01,T00579_002,stage2_dl\sample_data\images\validation\P00579_T00579_002.jpg,tumor_margin,3,validation
P00579,S00579_01,T00579_003,stage2_dl\sample_data\images\validation\P00579_T00579_003.jpg,normal,0,validation
P00099,S00099_01,T00099_001,stage2_dl\sample_data\images\validation\P00099_T00099_001.jpg,benign,1,validation
P00099,S00099_01,T00099_002,stage2_dl\sample_data\images\validation\P00099_T00099_002.jpg,benign,1,validation
P00099,S00099_01,T00099_003,stage2_dl\sample_data\images\validation\P00099_T00099_003.jpg,normal,0,validation
P00099,S00099_01,T00099_004,stage2_dl\sample_data\images\validation\P00099_T00099_004.jpg,normal,0,validation
P00099,S00099_02,T00099_005,stage2_dl\sample_data\images\validation\P00099_T00099_005.jpg,inflammatory,5,validation
P01997,S01997_01,T01997_001,stage2_dl\sample_data\images\validation\P01997_T01997_001.jpg,benign,1,validation
P01997,S01997_01,T01997_002,stage2_dl\sample_data\images\validation\P01997_T01997_002.jpg,normal,0,validation
P01997,S01997_01,T01997_003,stage2_dl\sample_data\images\validation\P01997_T01997_003.jpg,normal,0,validation
P01997,S01997_01,T01997_004,stage2_dl\sample_data\images\validation\P01997_T01997_004.jpg,benign,1,validation
P01997,S01997_02,T01997_005,stage2_dl\sample_data\images\validation\P01997_T01997_005.jpg,necrotic,4,validation
P01997,S01997_02,T01997_006,stage2_dl\sample_data\images\validation\P01997_T01997_006.jpg,inflammatory,5,validation
P01997,S01997_02,T01997_007,stage2_dl\sample_data\images\validation\P01997_T01997_007.jpg,normal,0,validation
P01997,S01997_02,T01997_008,stage2_dl\sample_data\images\validation\P01997_T01997_008.jpg,normal,0,validation
P01997,S01997_03,T01997_009,stage2_dl\sample_data\images\validation\P01997_T01997_009.jpg,normal,0,validation
P01997,S01997_03,T01997_010,stage2_dl\sample_data\images\validation\P01997_T01997_010.jpg,malignant,2,validation
P01997,S01997_03,T01997_011,stage2_dl\sample_data\images\validation\P01997_T01997_011.jpg,malignant,2,validation
P01997,S01997_03,T01997_012,stage2_dl\sample_data\images\validation\P01997_T01997_012.jpg,malignant,2,validation
P01997,S01997_04,T01997_013,stage2_dl\sample_data\images\validation\P01997_T01997_013.jpg,normal,0,validation
P01997,S01997_04,T01997_014,stage2_dl\sample_data\images\validation\P01997_T01997_014.jpg,benign,1,validation
P01997,S01997_04,T01997_015,stage2_dl\sample_data\images\validation\P01997_T01997_015.jpg,normal,0,validation
P00930,S00930_01,T00930_001,stage2_dl\sample_data\images\validation\P00930_T00930_001.jpg,normal,0,validation
P00930,S00930_01,T00930_002,stage2_dl\sample_data\images\validation\P00930_T00930_002.jpg,tumor_margin,3,validation
P00930,S00930_01,T00930_003,stage2_dl\sample_data\images\validation\P00930_T00930_003.jpg,malignant,2,validation
P00930,S00930_01,T00930_004,stage2_dl\sample_data\images\validation\P00930_T00930_004.jpg,inflammatory,5,validation
P00930,S00930_02,T00930_005,stage2_dl\sample_data\images\validation\P00930_T00930_005.jpg,normal,0,validation
P00930,S00930_02,T00930_006,stage2_dl\sample_data\images\validation\P00930_T00930_006.jpg,tumor_margin,3,validation
P00693,S00693_01,T00693_001,stage2_dl\sample_data\images\validation\P00693_T00693_001.jpg,benign,1,validation
P00693,S00693_01,T00693_002,stage2_dl\sample_data\images\validation\P00693_T00693_002.jpg,malignant,2,validation
P00693,S00693_01,T00693_003,stage2_dl\sample_data\images\validation\P00693_T00693_003.jpg,malignant,2,validation
P00693,S00693_01,T00693_004,stage2_dl\sample_data\images\validation\P00693_T00693_004.jpg,malignant,2,validation
P00693,S00693_02,T00693_005,stage2_dl\sample_data\images\validation\P00693_T00693_005.jpg,malignant,2,validation
P00693,S00693_02,T00693_006,stage2_dl\sample_data\images\validation\P00693_T00693_006.jpg,benign,1,validation
P00693,S00693_02,T00693_007,stage2_dl\sample_data\images\validation\P00693_T00693_007.jpg,normal,0,validation
P00693,S00693_02,T00693_008,stage2_dl\sample_data\images\validation\P00693_T00693_008.jpg,malignant,2,validation
P01005,S01005_01,T01005_001,stage2_dl\sample_data\images\validation\P01005_T01005_001.jpg,normal,0,validation
P01005,S01005_01,T01005_002,stage2_dl\sample_data\images\validation\P01005_T01005_002.jpg,malignant,2,validation
P01005,S01005_01,T01005_003,stage2_dl\sample_data\images\validation\P01005_T01005_003.jpg,benign,1,validation
P01005,S01005_01,T01005_004,stage2_dl\sample_data\images\validation\P01005_T01005_004.jpg,benign,1,validation
P01005,S01005_02,T01005_005,stage2_dl\sample_data\images\validation\P01005_T01005_005.jpg,inflammatory,5,validation
P01005,S01005_02,T01005_006,stage2_dl\sample_data\images\validation\P01005_T01005_006.jpg,benign,1,validation
P01005,S01005_02,T01005_007,stage2_dl\sample_data\images\validation\P01005_T01005_007.jpg,normal,0,validation
P01005,S01005_02,T01005_008,stage2_dl\sample_data\images\validation\P01005_T01005_008.jpg,normal,0,validation
P01005,S01005_03,T01005_009,stage2_dl\sample_data\images\validation\P01005_T01005_009.jpg,normal,0,validation
P01005,S01005_03,T01005_010,stage2_dl\sample_data\images\validation\P01005_T01005_010.jpg,normal,0,validation
P01005,S01005_03,T01005_011,stage2_dl\sample_data\images\validation\P01005_T01005_011.jpg,benign,1,validation
P01005,S01005_03,T01005_012,stage2_dl\sample_data\images\validation\P01005_T01005_012.jpg,benign,1,validation
P01005,S01005_04,T01005_013,stage2_dl\sample_data\images\validation\P01005_T01005_013.jpg,normal,0,validation
P01931,S01931_01,T01931_001,stage2_dl\sample_data\images\validation\P01931_T01931_001.jpg,benign,1,validation
P01931,S01931_01,T01931_002,stage2_dl\sample_data\images\validation\P01931_T01931_002.jpg,inflammatory,5,validation
P01931,S01931_01,T01931_003,stage2_dl\sample_data\images\validation\P01931_T01931_003.jpg,benign,1,validation
P01931,S01931_01,T01931_004,stage2_dl\sample_data\images\validation\P01931_T01931_004.jpg,malignant,2,validation
P01931,S01931_02,T01931_005,stage2_dl\sample_data\images\validation\P01931_T01931_005.jpg,inflammatory,5,validation
P01931,S01931_02,T01931_006,stage2_dl\sample_data\images\validation\P01931_T01931_006.jpg,benign,1,validation
P01931,S01931_02,T01931_007,stage2_dl\sample_data\images\validation\P01931_T01931_007.jpg,benign,1,validation
P01931,S01931_02,T01931_008,stage2_dl\sample_data\images\validation\P01931_T01931_008.jpg,benign,1,validation
P01931,S01931_03,T01931_009,stage2_dl\sample_data\images\validation\P01931_T01931_009.jpg,normal,0,validation
P01931,S01931_03,T01931_010,stage2_dl\sample_data\images\validation\P01931_T01931_010.jpg,inflammatory,5,validation
P00044,S00044_01,T00044_001,stage2_dl\sample_data\images\validation\P00044_T00044_001.jpg,tumor_margin,3,validation
P00044,S00044_01,T00044_002,stage2_dl\sample_data\images\validation\P00044_T00044_002.jpg,normal,0,validation
P01683,S01683_01,T01683_001,stage2_dl\sample_data\images\validation\P01683_T01683_001.jpg,benign,1,validation
P01683,S01683_01,T01683_002,stage2_dl\sample_data\images\validation\P01683_T01683_002.jpg,normal,0,validation
P01683,S01683_01,T01683_003,stage2_dl\sample_data\images\validation\P01683_T01683_003.jpg,normal,0,validation
P01683,S01683_01,T01683_004,stage2_dl\sample_data\images\validation\P01683_T01683_004.jpg,benign,1,validation
P01683,S01683_02,T01683_005,stage2_dl\sample_data\images\validation\P01683_T01683_005.jpg,necrotic,4,validation
P01683,S01683_02,T01683_006,stage2_dl\sample_data\images\validation\P01683_T01683_006.jpg,benign,1,validation
P01683,S01683_02,T01683_007,stage2_dl\sample_data\images\validation\P01683_T01683_007.jpg,necrotic,4,validation
P01683,S01683_02,T01683_008,stage2_dl\sample_data\images\validation\P01683_T01683_008.jpg,inflammatory,5,validation
P01344,S01344_01,T01344_001,stage2_dl\sample_data\images\test\P01344_T01344_001.jpg,inflammatory,5,test
P01344,S01344_01,T01344_002,stage2_dl\sample_data\images\test\P01344_T01344_002.jpg,necrotic,4,test
P01344,S01344_01,T01344_003,stage2_dl\sample_data\images\test\P01344_T01344_003.jpg,benign,1,test
P01344,S01344_01,T01344_004,stage2_dl\sample_data\images\test\P01344_T01344_004.jpg,malignant,2,test
P01344,S01344_02,T01344_005,stage2_dl\sample_data\images\test\P01344_T01344_005.jpg,tumor_margin,3,test
P01344,S01344_02,T01344_006,stage2_dl\sample_data\images\test\P01344_T01344_006.jpg,necrotic,4,test
P01344,S01344_02,T01344_007,stage2_dl\sample_data\images\test\P01344_T01344_007.jpg,normal,0,test
P01344,S01344_02,T01344_008,stage2_dl\sample_data\images\test\P01344_T01344_008.jpg,benign,1,test
P01344,S01344_03,T01344_009,stage2_dl\sample_data\images\test\P01344_T01344_009.jpg,normal,0,test
P00450,S00450_01,T00450_001,stage2_dl\sample_data\images\test\P00450_T00450_001.jpg,malignant,2,test
P00450,S00450_01,T00450_002,stage2_dl\sample_data\images\test\P00450_T00450_002.jpg,tumor_margin,3,test
P00450,S00450_01,T00450_003,stage2_dl\sample_data\images\test\P00450_T00450_003.jpg,benign,1,test
P00450,S00450_01,T00450_004,stage2_dl\sample_data\images\test\P00450_T00450_004.jpg,benign,1,test
P00450,S00450_02,T00450_005,stage2_dl\sample_data\images\test\P00450_T00450_005.jpg,malignant,2,test
P00450,S00450_02,T00450_006,stage2_dl\sample_data\images\test\P00450_T00450_006.jpg,necrotic,4,test
P01753,S01753_01,T01753_001,stage2_dl\sample_data\images\test\P01753_T01753_001.jpg,inflammatory,5,test
P01753,S01753_01,T01753_002,stage2_dl\sample_data\images\test\P01753_T01753_002.jpg,tumor_margin,3,test
P01753,S01753_01,T01753_003,stage2_dl\sample_data\images\test\P01753_T01753_003.jpg,necrotic,4,test
P01753,S01753_01,T01753_004,stage2_dl\sample_data\images\test\P01753_T01753_004.jpg,tumor_margin,3,test
P01753,S01753_02,T01753_005,stage2_dl\sample_data\images\test\P01753_T01753_005.jpg,inflammatory,5,test
P01753,S01753_02,T01753_006,stage2_dl\sample_data\images\test\P01753_T01753_006.jpg,tumor_margin,3,test
P00401,S00401_01,T00401_001,stage2_dl\sample_data\images\test\P00401_T00401_001.jpg,benign,1,test
P00401,S00401_01,T00401_002,stage2_dl\sample_data\images\test\P00401_T00401_002.jpg,normal,0,test
P00401,S00401_01,T00401_003,stage2_dl\sample_data\images\test\P00401_T00401_003.jpg,normal,0,test
P00401,S00401_01,T00401_004,stage2_dl\sample_data\images\test\P00401_T00401_004.jpg,normal,0,test
P00401,S00401_02,T00401_005,stage2_dl\sample_data\images\test\P00401_T00401_005.jpg,normal,0,test
P00401,S00401_02,T00401_006,stage2_dl\sample_data\images\test\P00401_T00401_006.jpg,inflammatory,5,test
P01370,S01370_01,T01370_001,stage2_dl\sample_data\images\test\P01370_T01370_001.jpg,malignant,2,test
P01370,S01370_01,T01370_002,stage2_dl\sample_data\images\test\P01370_T01370_002.jpg,malignant,2,test
P01370,S01370_01,T01370_003,stage2_dl\sample_data\images\test\P01370_T01370_003.jpg,inflammatory,5,test
P01370,S01370_01,T01370_004,stage2_dl\sample_data\images\test\P01370_T01370_004.jpg,tumor_margin,3,test
P01370,S01370_02,T01370_005,stage2_dl\sample_data\images\test\P01370_T01370_005.jpg,inflammatory,5,test
P01370,S01370_02,T01370_006,stage2_dl\sample_data\images\test\P01370_T01370_006.jpg,benign,1,test
P00673,S00673_01,T00673_001,stage2_dl\sample_data\images\test\P00673_T00673_001.jpg,benign,1,test
P00673,S00673_01,T00673_002,stage2_dl\sample_data\images\test\P00673_T00673_002.jpg,benign,1,test
P00673,S00673_01,T00673_003,stage2_dl\sample_data\images\test\P00673_T00673_003.jpg,normal,0,test
P00673,S00673_01,T00673_004,stage2_dl\sample_data\images\test\P00673_T00673_004.jpg,benign,1,test
P00673,S00673_02,T00673_005,stage2_dl\sample_data\images\test\P00673_T00673_005.jpg,normal,0,test
P00673,S00673_02,T00673_006,stage2_dl\sample_data\images\test\P00673_T00673_006.jpg,malignant,2,test
P00673,S00673_02,T00673_007,stage2_dl\sample_data\images\test\P00673_T00673_007.jpg,malignant,2,test
P00673,S00673_02,T00673_008,stage2_dl\sample_data\images\test\P00673_T00673_008.jpg,normal,0,test
P00673,S00673_03,T00673_009,stage2_dl\sample_data\images\test\P00673_T00673_009.jpg,inflammatory,5,test
P00673,S00673_03,T00673_010,stage2_dl\sample_data\images\test\P00673_T00673_010.jpg,benign,1,test
P00411,S00411_01,T00411_001,stage2_dl\sample_data\images\test\P00411_T00411_001.jpg,benign,1,test
P00411,S00411_01,T00411_002,stage2_dl\sample_data\images\test\P00411_T00411_002.jpg,necrotic,4,test
P00411,S00411_01,T00411_003,stage2_dl\sample_data\images\test\P00411_T00411_003.jpg,inflammatory,5,test
P00411,S00411_01,T00411_004,stage2_dl\sample_data\images\test\P00411_T00411_004.jpg,benign,1,test
P00411,S00411_02,T00411_005,stage2_dl\sample_data\images\test\P00411_T00411_005.jpg,benign,1,test
P01333,S01333_01,T01333_001,stage2_dl\sample_data\images\test\P01333_T01333_001.jpg,tumor_margin,3,test
P01333,S01333_01,T01333_002,stage2_dl\sample_data\images\test\P01333_T01333_002.jpg,benign,1,test
P01333,S01333_01,T01333_003,stage2_dl\sample_data\images\test\P01333_T01333_003.jpg,malignant,2,test
P01333,S01333_01,T01333_004,stage2_dl\sample_data\images\test\P01333_T01333_004.jpg,malignant,2,test
P01333,S01333_02,T01333_005,stage2_dl\sample_data\images\test\P01333_T01333_005.jpg,malignant,2,test
P01921,S01921_01,T01921_001,stage2_dl\sample_data\images\test\P01921_T01921_001.jpg,normal,0,test
P01921,S01921_01,T01921_002,stage2_dl\sample_data\images\test\P01921_T01921_002.jpg,necrotic,4,test
P01921,S01921_01,T01921_003,stage2_dl\sample_data\images\test\P01921_T01921_003.jpg,benign,1,test
P01921,S01921_01,T01921_004,stage2_dl\sample_data\images\test\P01921_T01921_004.jpg,malignant,2,test
P01921,S01921_02,T01921_005,stage2_dl\sample_data\images\test\P01921_T01921_005.jpg,malignant,2,test
P01921,S01921_02,T01921_006,stage2_dl\sample_data\images\test\P01921_T01921_006.jpg,inflammatory,5,test
P01921,S01921_02,T01921_007,stage2_dl\sample_data\images\test\P01921_T01921_007.jpg,normal,0,test
P01533,S01533_01,T01533_001,stage2_dl\sample_data\images\test\P01533_T01533_001.jpg,benign,1,test
P01533,S01533_01,T01533_002,stage2_dl\sample_data\images\test\P01533_T01533_002.jpg,benign,1,test
P01533,S01533_01,T01533_003,stage2_dl\sample_data\images\test\P01533_T01533_003.jpg,necrotic,4,test
P01533,S01533_01,T01533_004,stage2_dl\sample_data\images\test\P01533_T01533_004.jpg,normal,0,test
P01533,S01533_02,T01533_005,stage2_dl\sample_data\images\test\P01533_T01533_005.jpg,normal,0,test
P00630,S00630_01,T00630_001,stage2_dl\sample_data\images\test\P00630_T00630_001.jpg,tumor_margin,3,test
P00630,S00630_01,T00630_002,stage2_dl\sample_data\images\test\P00630_T00630_002.jpg,benign,1,test
P00630,S00630_01,T00630_003,stage2_dl\sample_data\images\test\P00630_T00630_003.jpg,necrotic,4,test
P00630,S00630_01,T00630_004,stage2_dl\sample_data\images\test\P00630_T00630_004.jpg,benign,1,test
P00630,S00630_02,T00630_005,stage2_dl\sample_data\images\test\P00630_T00630_005.jpg,inflammatory,5,test
P00630,S00630_02,T00630_006,stage2_dl\sample_data\images\test\P00630_T00630_006.jpg,normal,0,test
P01966,S01966_01,T01966_001,stage2_dl\sample_data\images\test\P01966_T01966_001.jpg,inflammatory,5,test
P01966,S01966_01,T01966_002,stage2_dl\sample_data\images\test\P01966_T01966_002.jpg,tumor_margin,3,test
P01966,S01966_01,T01966_003,stage2_dl\sample_data\images\test\P01966_T01966_003.jpg,benign,1,test
P01966,S01966_01,T01966_004,stage2_dl\sample_data\images\test\P01966_T01966_004.jpg,inflammatory,5,test
P01966,S01966_02,T01966_005,stage2_dl\sample_data\images\test\P01966_T01966_005.jpg,necrotic,4,test
P00711,S00711_01,T00711_001,stage2_dl\sample_data\images\test\P00711_T00711_001.jpg,malignant,2,test
P00711,S00711_01,T00711_002,stage2_dl\sample_data\images\test\P00711_T00711_002.jpg,malignant,2,test
P00711,S00711_01,T00711_003,stage2_dl\sample_data\images\test\P00711_T00711_003.jpg,malignant,2,test
P00711,S00711_01,T00711_004,stage2_dl\sample_data\images\test\P00711_T00711_004.jpg,necrotic,4,test
P00711,S00711_02,T00711_005,stage2_dl\sample_data\images\test\P00711_T00711_005.jpg,normal,0,test
P00711,S00711_02,T00711_006,stage2_dl\sample_data\images\test\P00711_T00711_006.jpg,tumor_margin,3,test
P01665,S01665_01,T01665_001,stage2_dl\sample_data\images\test\P01665_T01665_001.jpg,normal,0,test
P01665,S01665_01,T01665_002,stage2_dl\sample_data\images\test\P01665_T01665_002.jpg,normal,0,test
P01665,S01665_01,T01665_003,stage2_dl\sample_data\images\test\P01665_T01665_003.jpg,inflammatory,5,test
P01665,S01665_01,T01665_004,stage2_dl\sample_data\images\test\P01665_T01665_004.jpg,tumor_margin,3,test
P01665,S01665_02,T01665_005,stage2_dl\sample_data\images\test\P01665_T01665_005.jpg,malignant,2,test
P01665,S01665_02,T01665_006,stage2_dl\sample_data\images\test\P01665_T01665_006.jpg,malignant,2,test
P00775,S00775_01,T00775_001,stage2_dl\sample_data\images\test\P00775_T00775_001.jpg,normal,0,test
P00775,S00775_01,T00775_002,stage2_dl\sample_data\images\test\P00775_T00775_002.jpg,benign,1,test
P00775,S00775_01,T00775_003,stage2_dl\sample_data\images\test\P00775_T00775_003.jpg,inflammatory,5,test
P00775,S00775_01,T00775_004,stage2_dl\sample_data\images\test\P00775_T00775_004.jpg,normal,0,test
P00775,S00775_02,T00775_005,stage2_dl\sample_data\images\test\P00775_T00775_005.jpg,benign,1,test
P00775,S00775_02,T00775_006,stage2_dl\sample_data\images\test\P00775_T00775_006.jpg,inflammatory,5,test
P00775,S00775_02,T00775_007,stage2_dl\sample_data\images\test\P00775_T00775_007.jpg,normal,0,test
P00775,S00775_02,T00775_008,stage2_dl\sample_data\images\test\P00775_T00775_008.jpg,benign,1,test
P00775,S00775_03,T00775_009,stage2_dl\sample_data\images\test\P00775_T00775_009.jpg,normal,0,test
P00775,S00775_03,T00775_010,stage2_dl\sample_data\images\test\P00775_T00775_010.jpg,normal,0,test
P00775,S00775_03,T00775_011,stage2_dl\sample_data\images\test\P00775_T00775_011.jpg,normal,0,test
P00775,S00775_03,T00775_012,stage2_dl\sample_data\images\test\P00775_T00775_012.jpg,normal,0,test
P01653,S01653_01,T01653_001,stage2_dl\sample_data\images\test\P01653_T01653_001.jpg,benign,1,test
P01653,S01653_01,T01653_002,stage2_dl\sample_data\images\test\P01653_T01653_002.jpg,benign,1,test
P01653,S01653_01,T01653_003,stage2_dl\sample_data\images\test\P01653_T01653_003.jpg,malignant,2,test
P01653,S01653_01,T01653_004,stage2_dl\sample_data\images\test\P01653_T01653_004.jpg,normal,0,test
P01653,S01653_02,T01653_005,stage2_dl\sample_data\images\test\P01653_T01653_005.jpg,necrotic,4,test
P01653,S01653_02,T01653_006,stage2_dl\sample_data\images\test\P01653_T01653_006.jpg,benign,1,test
P01653,S01653_02,T01653_007,stage2_dl\sample_data\images\test\P01653_T01653_007.jpg,inflammatory,5,test
P01653,S01653_02,T01653_008,stage2_dl\sample_data\images\test\P01653_T01653_008.jpg,inflammatory,5,test
P01653,S01653_03,T01653_009,stage2_dl\sample_data\images\test\P01653_T01653_009.jpg,normal,0,test
P01653,S01653_03,T01653_010,stage2_dl\sample_data\images\test\P01653_T01653_010.jpg,malignant,2,test
P00827,S00827_01,T00827_001,stage2_dl\sample_data\images\test\P00827_T00827_001.jpg,malignant,2,test
P00827,S00827_01,T00827_002,stage2_dl\sample_data\images\test\P00827_T00827_002.jpg,malignant,2,test
P00827,S00827_01,T00827_003,stage2_dl\sample_data\images\test\P00827_T00827_003.jpg,tumor_margin,3,test
P00827,S00827_01,T00827_004,stage2_dl\sample_data\images\test\P00827_T00827_004.jpg,necrotic,4,test
P00827,S00827_02,T00827_005,stage2_dl\sample_data\images\test\P00827_T00827_005.jpg,necrotic,4,test
P00827,S00827_02,T00827_006,stage2_dl\sample_data\images\test\P00827_T00827_006.jpg,necrotic,4,test
P00827,S00827_02,T00827_007,stage2_dl\sample_data\images\test\P00827_T00827_007.jpg,malignant,2,test
P00827,S00827_02,T00827_008,stage2_dl\sample_data\images\test\P00827_T00827_008.jpg,inflammatory,5,test
P00827,S00827_03,T00827_009,stage2_dl\sample_data\images\test\P00827_T00827_009.jpg,malignant,2,test
P00827,S00827_03,T00827_010,stage2_dl\sample_data\images\test\P00827_T00827_010.jpg,malignant,2,test
P00837,S00837_01,T00837_001,stage2_dl\sample_data\images\test\P00837_T00837_001.jpg,normal,0,test
P00837,S00837_01,T00837_002,stage2_dl\sample_data\images\test\P00837_T00837_002.jpg,normal,0,test
P00837,S00837_01,T00837_003,stage2_dl\sample_data\images\test\P00837_T00837_003.jpg,benign,1,test
P00837,S00837_01,T00837_004,stage2_dl\sample_data\images\test\P00837_T00837_004.jpg,tumor_margin,3,test
P00837,S00837_02,T00837_005,stage2_dl\sample_data\images\test\P00837_T00837_005.jpg,benign,1,test
P00434,S00434_01,T00434_001,stage2_dl\sample_data\images\test\P00434_T00434_001.jpg,normal,0,test
P00434,S00434_01,T00434_002,stage2_dl\sample_data\images\test\P00434_T00434_002.jpg,normal,0,test
P00434,S00434_01,T00434_003,stage2_dl\sample_data\images\test\P00434_T00434_003.jpg,inflammatory,5,test
P00434,S00434_01,T00434_004,stage2_dl\sample_data\images\test\P00434_T00434_004.jpg,benign,1,test
P00434,S00434_02,T00434_005,stage2_dl\sample_data\images\test\P00434_T00434_005.jpg,normal,0,test
P00434,S00434_02,T00434_006,stage2_dl\sample_data\images\test\P00434_T00434_006.jpg,benign,1,test
P00434,S00434_02,T00434_007,stage2_dl\sample_data\images\test\P00434_T00434_007.jpg,normal,0,test
P01875,S01875_01,T01875_001,stage2_dl\sample_data\images\test\P01875_T01875_001.jpg,malignant,2,test
P01875,S01875_01,T01875_002,stage2_dl\sample_data\images\test\P01875_T01875_002.jpg,benign,1,test
P01875,S01875_01,T01875_003,stage2_dl\sample_data\images\test\P01875_T01875_003.jpg,malignant,2,test
P01875,S01875_01,T01875_004,stage2_dl\sample_data\images\test\P01875_T01875_004.jpg,normal,0,test
P01875,S01875_02,T01875_005,stage2_dl\sample_data\images\test\P01875_T01875_005.jpg,normal,0,test
P01875,S01875_02,T01875_006,stage2_dl\sample_data\images\test\P01875_T01875_006.jpg,necrotic,4,test
P01875,S01875_02,T01875_007,stage2_dl\sample_data\images\test\P01875_T01875_007.jpg,benign,1,test
P01252,S01252_01,T01252_001,stage2_dl\sample_data\images\test\P01252_T01252_001.jpg,normal,0,test
P01252,S01252_01,T01252_002,stage2_dl\sample_data\images\test\P01252_T01252_002.jpg,normal,0,test
P01252,S01252_01,T01252_003,stage2_dl\sample_data\images\test\P01252_T01252_003.jpg,normal,0,test
P01252,S01252_01,T01252_004,stage2_dl\sample_data\images\test\P01252_T01252_004.jpg,normal,0,test
P01252,S01252_02,T01252_005,stage2_dl\sample_data\images\test\P01252_T01252_005.jpg,inflammatory,5,test
P01252,S01252_02,T01252_006,stage2_dl\sample_data\images\test\P01252_T01252_006.jpg,benign,1,test
P01252,S01252_02,T01252_007,stage2_dl\sample_data\images\test\P01252_T01252_007.jpg,normal,0,test
P01252,S01252_02,T01252_008,stage2_dl\sample_data\images\test\P01252_T01252_008.jpg,normal,0,test
P01252,S01252_03,T01252_009,stage2_dl\sample_data\images\test\P01252_T01252_009.jpg,normal,0,test
P01252,S01252_03,T01252_010,stage2_dl\sample_data\images\test\P01252_T01252_010.jpg,normal,0,test
P01252,S01252_03,T01252_011,stage2_dl\sample_data\images\test\P01252_T01252_011.jpg,benign,1,test
